articulo_con su ID ,nombre_articulo_en_iventario,categoria_segun
97759,10L MAX BUILD TRAY,Digital
97759,10L MAX BUILD TRAY,Impresoras 3d
97759,10L MAX BUILD TRAY,Consumible
97759,10L MAX BUILD TRAY,Impresoras Dlp
85169,1L MAX BUILD PLASTIC TRAY FOR MAX 3D PRINTER,Digital
85169,1L MAX BUILD PLASTIC TRAY FOR MAX 3D PRINTER,Impresoras 3d
85169,1L MAX BUILD PLASTIC TRAY FOR MAX 3D PRINTER,Consumible
85169,1L MAX BUILD PLASTIC TRAY FOR MAX 3D PRINTER,Impresoras Dlp
152040,1L MAX BUILD TRAY ULTRA GLOSS,Consumible
152040,1L MAX BUILD TRAY ULTRA GLOSS,Digital
295121,1L MAX LOW FORCE BUILD TRAY,Digital
295121,1L MAX LOW FORCE BUILD TRAY,Consumible
295121,1L MAX LOW FORCE BUILD TRAY,Impresoras 3d
85169,1L MAX UNIVERSAL BUILD TRAY,Digital
85169,1L MAX UNIVERSAL BUILD TRAY,Consumible
85169,1L MAX UNIVERSAL BUILD TRAY,Impresoras 3d
85169,1L MAX UNIVERSAL BUILD TRAY,Impresoras Dlp
85167,2L MAX BUILD PLASTIC TRAY FOR MAX 3D PRINTER,Digital
85167,2L MAX BUILD PLASTIC TRAY FOR MAX 3D PRINTER,Impresoras Dlp
85167,2L MAX BUILD PLASTIC TRAY FOR MAX 3D PRINTER,Consumible
85167,2L MAX BUILD PLASTIC TRAY FOR MAX 3D PRINTER,Impresoras 3d
295127,2L ULTRA ENDURANCE BUILD TRAY,Digital
295127,2L ULTRA ENDURANCE BUILD TRAY,Consumible
295127,2L ULTRA ENDURANCE BUILD TRAY,Impresoras 3d
295127,2L ULTRA ENDURANCE BUILD TRAY,Impresoras Dlp
117546,3D PRINTER PARTS DC POWER,Digital
117546,3D PRINTER PARTS DC POWER,Impresoras 3d
117546,3D PRINTER PARTS DC POWER,Refaccion
117550,3D PRINTER PARTS DC POWER 72W,Digital
117550,3D PRINTER PARTS DC POWER 72W,Impresoras 3d
117550,3D PRINTER PARTS DC POWER 72W,Refaccion
6569,3D SCANNER I500,Digital
6569,3D SCANNER I500,Escaner Intraoral
6569,3D SCANNER I500,Equipo
89497,5L MAX BUILD TRAY,Digital
89497,5L MAX BUILD TRAY,Impresoras 3d
89497,5L MAX BUILD TRAY,Consumible
89497,5L MAX BUILD TRAY,Impresoras Dlp
102229,98X14MM DISC BLUE SOLID WAX,Digital
102229,98X14MM DISC BLUE SOLID WAX,Discos De Cera
102229,98X14MM DISC BLUE SOLID WAX,Consumible
102229,98X14MM DISC BLUE SOLID WAX,Discos
102233,98X20MM DISC BLUE SOLID WAX,Digital
102233,98X20MM DISC BLUE SOLID WAX,Discos De Cera
102233,98X20MM DISC BLUE SOLID WAX,Discos
102233,98X20MM DISC BLUE SOLID WAX,Consumible
85792,"A AXIS MOTOR INC. ENCODER 4X AND 5X FOR MIKRO 4X, 5X",Digital
85792,"A AXIS MOTOR INC. ENCODER 4X AND 5X FOR MIKRO 4X, 5X",Fresadoras
85792,"A AXIS MOTOR INC. ENCODER 4X AND 5X FOR MIKRO 4X, 5X",Refaccion
85792,"A AXIS MOTOR INCL ENCODER 4X AND 5X FOR MIKRO 4X, 5X, M2",Digital
85792,"A AXIS MOTOR INCL ENCODER 4X AND 5X FOR MIKRO 4X, 5X, M2",Refaccion
85792,"A AXIS MOTOR INCL ENCODER 4X AND 5X FOR MIKRO 4X, 5X, M2",Fresadoras
85797,"A AXIS MOTOR INCL. ENCODER MIKRO IC+CS FOR MIKRO IC, CHAIRSIDE",Digital
85797,"A AXIS MOTOR INCL. ENCODER MIKRO IC+CS FOR MIKRO IC, CHAIRSIDE",Fresadoras
85797,"A AXIS MOTOR INCL. ENCODER MIKRO IC+CS FOR MIKRO IC, CHAIRSIDE",Refaccion
115699,AB - AXIS COMPLETE MATIK INCL. MOTOR AND ENCODER,Refaccion
115699,AB - AXIS COMPLETE MATIK INCL. MOTOR AND ENCODER,Digital
3731,ACCESORIO DE AISLAMIENTO - THERM 3,Digital
3731,ACCESORIO DE AISLAMIENTO - THERM 3,Hornos
3731,ACCESORIO DE AISLAMIENTO - THERM 3,Hornos De Sinterizado
3731,ACCESORIO DE AISLAMIENTO - THERM 3,Refaccion
117469,ACRYLATE RESIN DENTAL MODEL 1 KG,Analogo
117469,ACRYLATE RESIN DENTAL MODEL 1 KG,Resinas De Impresion
117469,ACRYLATE RESIN DENTAL MODEL 1 KG,Consumible
92935,ACRYLATE RESIN IVORY 4K 1KG,Digital
92935,ACRYLATE RESIN IVORY 4K 1KG,Resinas De Impresion
92935,ACRYLATE RESIN IVORY 4K 1KG,Consumible
100517,ACRYLATE RESIN MODEL BROWN,Digital
100517,ACRYLATE RESIN MODEL BROWN,Resinas De Impresion
100517,ACRYLATE RESIN MODEL BROWN,Consumible
100509,ACRYLATE RESIN TR250LV,Digital
100509,ACRYLATE RESIN TR250LV,Resinas De Impresion
100509,ACRYLATE RESIN TR250LV,Consumible
100513,ACRYLATE RESIN TR300,Digital
100513,ACRYLATE RESIN TR300,Resinas De Impresion
100513,ACRYLATE RESIN TR300,Consumible
117473,ACRYLATE RESIN VIOLET 500G,Analogo
117473,ACRYLATE RESIN VIOLET 500G,Resinas De Impresion
117473,ACRYLATE RESIN VIOLET 500G,Consumible
104172,ACRYLINE LIQUID 1000ML,Digital
104172,ACRYLINE LIQUID 1000ML,Resinas De Impresion
104172,ACRYLINE LIQUID 1000ML,Consumible
116816,ACRYLINE LIQUID 100ML,Analogo
116816,ACRYLINE LIQUID 100ML,Acrilico
116816,ACRYLINE LIQUID 100ML,Consumible
116812,ACRYLINE POWDER CLAER 500G,Analogo
116812,ACRYLINE POWDER CLAER 500G,Acrilico
116812,ACRYLINE POWDER CLAER 500G,Consumible
104169,ACRYLINE POWDER CLEAR 1000G,Digital
104169,ACRYLINE POWDER CLEAR 1000G,Resinas De Impresion
104169,ACRYLINE POWDER CLEAR 1000G,Consumible
116793,ACRYLINE POWDER CLEAR 100G,Analogo
116793,ACRYLINE POWDER CLEAR 100G,Acrilico
116793,ACRYLINE POWDER CLEAR 100G,Consumible
116824,ACRYLINE POWDER INTENSE RED 100G,Analogo
116824,ACRYLINE POWDER INTENSE RED 100G,Acrilico
116824,ACRYLINE POWDER INTENSE RED 100G,Consumible
116828,ACRYLINE POWDER INTENSE VIOLET 100G,Analogo
116828,ACRYLINE POWDER INTENSE VIOLET 100G,Acrilico
116828,ACRYLINE POWDER INTENSE VIOLET 100G,Consumible
116804,ACRYLINE POWDER LIGTH PINK 100G,Analogo
116804,ACRYLINE POWDER LIGTH PINK 100G,Acrilico
116804,ACRYLINE POWDER LIGTH PINK 100G,Consumible
116800,ACRYLINE POWDER REGULAR 100G,Analogo
116800,ACRYLINE POWDER REGULAR 100G,Acrilico
116800,ACRYLINE POWDER REGULAR 100G,Consumible
116820,ACRYLINE SHADE GUIDE SET,Analogo
116820,ACRYLINE SHADE GUIDE SET,Acrilico
116820,ACRYLINE SHADE GUIDE SET,Consumible
116808,ACRYLINE STUTTGART COMPOSITION 100G,Analogo
116808,ACRYLINE STUTTGART COMPOSITION 100G,Acrilico
116808,ACRYLINE STUTTGART COMPOSITION 100G,Consumible
293299,ACTUALIZACION SOFTWARE,Software
293299,ACTUALIZACION SOFTWARE,Digital
110719,ACTUALIZACION SOFTWARE MIND AND MATCH,Digital
110719,ACTUALIZACION SOFTWARE MIND AND MATCH,Software
3992,ADAPTADOR GIROFORM PARA VERTEX,Accesorio
3992,ADAPTADOR GIROFORM PARA VERTEX,Analogo
3992,ADAPTADOR GIROFORM PARA VERTEX,Perforadora De Pines
6818,ADAPTADOR LLAVE DINAMOMETRICA,Aditamentos Para Implantes
6818,ADAPTADOR LLAVE DINAMOMETRICA,Accesorio
6818,ADAPTADOR LLAVE DINAMOMETRICA,Analogo
4262,ADDITIONAL ADAPTER CEREC (3 STK.),Accesorio
4262,ADDITIONAL ADAPTER CEREC (3 STK.),Fresadoras
4262,ADDITIONAL ADAPTER CEREC (3 STK.),Digital
111623,AG 2T RELAY DE ENERGIA 220V,Refaccion
111623,AG 2T RELAY DE ENERGIA 220V,Digital
3800,AG BASE DE TRANSFERENCIA SPLITEX INCL MESA,Digital
3800,AG BASE DE TRANSFERENCIA SPLITEX INCL MESA,Accesorio
3800,AG BASE DE TRANSFERENCIA SPLITEX INCL MESA,Articuladores
123746,AG MOTION 2 DNA FULL EQUIP,Digital
123746,AG MOTION 2 DNA FULL EQUIP,Fresadoras
123746,AG MOTION 2 DNA FULL EQUIP,Equipo
123710,AG MOTION 2 DNA PREMIUM PAQUETE,Digital
123710,AG MOTION 2 DNA PREMIUM PAQUETE,Fresadoras
123710,AG MOTION 2 DNA PREMIUM PAQUETE,Equipo
123704,AG MOTION 2 DNA STAND ALONE,Digital
123704,AG MOTION 2 DNA STAND ALONE,Fresadoras
123704,AG MOTION 2 DNA STAND ALONE,Equipo
123815,AG MOTION 3 DNA FULL EQUIP,Digital
123815,AG MOTION 3 DNA FULL EQUIP,Fresadoras
123815,AG MOTION 3 DNA FULL EQUIP,Equipo
123785,AG MOTION 3 DNA PREMIUM,Digital
123785,AG MOTION 3 DNA PREMIUM,Fresadoras
123785,AG MOTION 3 DNA PREMIUM,Equipo
117477,AG MOTION 3 DNA STAND ALONE,Digital
117477,AG MOTION 3 DNA STAND ALONE,Fresadoras
117477,AG MOTION 3 DNA STAND ALONE,Equipo
81219,AGENTE SEPARADOR PICOSEP 30ML,Analogo
81219,AGENTE SEPARADOR PICOSEP 30ML,Consumible
81219,AGENTE SEPARADOR PICOSEP 30ML,Separador Ceramica Yeso
5780,AIDITE CAMEO MILL BLOCS BOX C14 LT B2,Digital
5780,AIDITE CAMEO MILL BLOCS BOX C14 LT B2,Bloques De Disilicato De Litio
5780,AIDITE CAMEO MILL BLOCS BOX C14 LT B2,Consumible
5780,AIDITE CAMEO MILL BLOCS BOX C14 LT B2,Bloques
199223,AKZENT LC CHROMA STAINS CORN-YELLOW 2.5 ML,Analogo
199223,AKZENT LC CHROMA STAINS CORN-YELLOW 2.5 ML,Stains
199223,AKZENT LC CHROMA STAINS CORN-YELLOW 2.5 ML,Consumible
199223,AKZENT LC CHROMA STAINS CORN-YELLOW 2.5 ML,Stains Fotopolimerizables
199232,AKZENT LC CHROMA STAINS DARK-YELLOW 2.5 ML,Analogo
199232,AKZENT LC CHROMA STAINS DARK-YELLOW 2.5 ML,Stains
199232,AKZENT LC CHROMA STAINS DARK-YELLOW 2.5 ML,Consumible
199232,AKZENT LC CHROMA STAINS DARK-YELLOW 2.5 ML,Stains Fotopolimerizables
199198,AKZENT LC CHROMA STAINS GREY-BROWN 2.5 ML,Analogo
199198,AKZENT LC CHROMA STAINS GREY-BROWN 2.5 ML,Stains
199198,AKZENT LC CHROMA STAINS GREY-BROWN 2.5 ML,Consumible
199198,AKZENT LC CHROMA STAINS GREY-BROWN 2.5 ML,Stains Fotopolimerizables
199202,AKZENT LC CHROMA STAINS GREY-RED 2.5 ML,Analogo
199202,AKZENT LC CHROMA STAINS GREY-RED 2.5 ML,Stains
199202,AKZENT LC CHROMA STAINS GREY-RED 2.5 ML,Consumible
199202,AKZENT LC CHROMA STAINS GREY-RED 2.5 ML,Stains Fotopolimerizables
199236,AKZENT LC CHROMA STAINS LIGHT-RED 2.5 ML,Analogo
199236,AKZENT LC CHROMA STAINS LIGHT-RED 2.5 ML,Stains
199236,AKZENT LC CHROMA STAINS LIGHT-RED 2.5 ML,Consumible
199236,AKZENT LC CHROMA STAINS LIGHT-RED 2.5 ML,Stains Fotopolimerizables
199187,AKZENT LC CHROMA STAINS RED-BROWN 2.5 ML,Analogo
199187,AKZENT LC CHROMA STAINS RED-BROWN 2.5 ML,Stains
199187,AKZENT LC CHROMA STAINS RED-BROWN 2.5 ML,Consumible
199187,AKZENT LC CHROMA STAINS RED-BROWN 2.5 ML,Stains Fotopolimerizables
199192,AKZENT LC CHROMA STAINS RED-SUN 2.5 ML,Analogo
199192,AKZENT LC CHROMA STAINS RED-SUN 2.5 ML,Stains
199192,AKZENT LC CHROMA STAINS RED-SUN 2.5 ML,Consumible
199192,AKZENT LC CHROMA STAINS RED-SUN 2.5 ML,Stains Fotopolimerizables
199227,AKZENT LC CHROMA STAINS RED-YELLOW 2.5 ML,Analogo
199227,AKZENT LC CHROMA STAINS RED-YELLOW 2.5 ML,Stains
199227,AKZENT LC CHROMA STAINS RED-YELLOW 2.5 ML,Consumible
199227,AKZENT LC CHROMA STAINS RED-YELLOW 2.5 ML,Stains Fotopolimerizables
199178,AKZENT LC EFFECT STAINS BLACK 2.5 ML,Analogo
199178,AKZENT LC EFFECT STAINS BLACK 2.5 ML,Stains
199178,AKZENT LC EFFECT STAINS BLACK 2.5 ML,Consumible
199178,AKZENT LC EFFECT STAINS BLACK 2.5 ML,Stains Fotopolimerizables
199138,AKZENT LC EFFECT STAINS BLUE 2.5 ML,Analogo
199138,AKZENT LC EFFECT STAINS BLUE 2.5 ML,Stains
199138,AKZENT LC EFFECT STAINS BLUE 2.5 ML,Consumible
199138,AKZENT LC EFFECT STAINS BLUE 2.5 ML,Stains Fotopolimerizables
199033,AKZENT LC EFFECT STAINS CREAM 2.5 ML,Analogo
199033,AKZENT LC EFFECT STAINS CREAM 2.5 ML,Stains
199033,AKZENT LC EFFECT STAINS CREAM 2.5 ML,Consumible
199033,AKZENT LC EFFECT STAINS CREAM 2.5 ML,Stains Fotopolimerizables
199126,AKZENT LC EFFECT STAINS DARK-RED 2.5 ML,Analogo
199126,AKZENT LC EFFECT STAINS DARK-RED 2.5 ML,Stains
199126,AKZENT LC EFFECT STAINS DARK-RED 2.5 ML,Consumible
199126,AKZENT LC EFFECT STAINS DARK-RED 2.5 ML,Stains Fotopolimerizables
199173,AKZENT LC EFFECT STAINS GREY 2.5 ML,Analogo
199173,AKZENT LC EFFECT STAINS GREY 2.5 ML,Stains
199173,AKZENT LC EFFECT STAINS GREY 2.5 ML,Consumible
199173,AKZENT LC EFFECT STAINS GREY 2.5 ML,Stains Fotopolimerizables
199144,AKZENT LC EFFECT STAINS GREY-BLUE 2.5 ML,Analogo
199144,AKZENT LC EFFECT STAINS GREY-BLUE 2.5 ML,Stains
199144,AKZENT LC EFFECT STAINS GREY-BLUE 2.5 ML,Consumible
199144,AKZENT LC EFFECT STAINS GREY-BLUE 2.5 ML,Stains Fotopolimerizables
199088,AKZENT LC EFFECT STAINS KHAKI 2.5 ML,Analogo
199088,AKZENT LC EFFECT STAINS KHAKI 2.5 ML,Stains
199088,AKZENT LC EFFECT STAINS KHAKI 2.5 ML,Consumible
199088,AKZENT LC EFFECT STAINS KHAKI 2.5 ML,Stains Fotopolimerizables
199056,AKZENT LC EFFECT STAINS LEMON 2.5 ML,Analogo
199056,AKZENT LC EFFECT STAINS LEMON 2.5 ML,Stains
199056,AKZENT LC EFFECT STAINS LEMON 2.5 ML,Consumible
199056,AKZENT LC EFFECT STAINS LEMON 2.5 ML,Stains Fotopolimerizables
199078,AKZENT LC EFFECT STAINS ORANGE 2.5 ML,Analogo
199078,AKZENT LC EFFECT STAINS ORANGE 2.5 ML,Stains
199078,AKZENT LC EFFECT STAINS ORANGE 2.5 ML,Consumible
199078,AKZENT LC EFFECT STAINS ORANGE 2.5 ML,Stains Fotopolimerizables
199095,AKZENT LC EFFECT STAINS PINK 2.5 ML,Analogo
199095,AKZENT LC EFFECT STAINS PINK 2.5 ML,Stains
199095,AKZENT LC EFFECT STAINS PINK 2.5 ML,Consumible
199095,AKZENT LC EFFECT STAINS PINK 2.5 ML,Stains Fotopolimerizables
199132,AKZENT LC EFFECT STAINS PURPLE 2.5 ML,Analogo
199132,AKZENT LC EFFECT STAINS PURPLE 2.5 ML,Stains
199132,AKZENT LC EFFECT STAINS PURPLE 2.5 ML,Consumible
199132,AKZENT LC EFFECT STAINS PURPLE 2.5 ML,Stains Fotopolimerizables
199082,AKZENT LC EFFECT STAINS RUSSET 2.5 ML,Analogo
199082,AKZENT LC EFFECT STAINS RUSSET 2.5 ML,Stains
199082,AKZENT LC EFFECT STAINS RUSSET 2.5 ML,Consumible
199082,AKZENT LC EFFECT STAINS RUSSET 2.5 ML,Stains Fotopolimerizables
199062,AKZENT LC EFFECT STAINS SUN 2.5 ML,Analogo
199062,AKZENT LC EFFECT STAINS SUN 2.5 ML,Stains
199062,AKZENT LC EFFECT STAINS SUN 2.5 ML,Consumible
199062,AKZENT LC EFFECT STAINS SUN 2.5 ML,Stains Fotopolimerizables
199020,AKZENT LC EFFECT STAINS WHITE 2.5 ML,Analogo
199020,AKZENT LC EFFECT STAINS WHITE 2.5 ML,Stains
199020,AKZENT LC EFFECT STAINS WHITE 2.5 ML,Stains Fotopolimerizables
199020,AKZENT LC EFFECT STAINS WHITE 2.5 ML,Consumible
198898,AKZENT LC EXPERT KIT,Analogo
198898,AKZENT LC EXPERT KIT,Stains
198898,AKZENT LC EXPERT KIT,Consumible
198898,AKZENT LC EXPERT KIT,Stains Fotopolimerizables
199240,AKZENT LC GLAZE 5 ML,Analogo
199240,AKZENT LC GLAZE 5 ML,Stains
199240,AKZENT LC GLAZE 5 ML,Consumible
199240,AKZENT LC GLAZE 5 ML,Stains Fotopolimerizables
198884,AKZENT LC STANDARD KIT,Analogo
198884,AKZENT LC STANDARD KIT,Stains
198884,AKZENT LC STANDARD KIT,Consumible
198884,AKZENT LC STANDARD KIT,Stains Fotopolimerizables
5492,AKZENT PLUS BODY STAINS BS01 3G,Stains
5492,AKZENT PLUS BODY STAINS BS01 3G,Analogo
5492,AKZENT PLUS BODY STAINS BS01 3G,Stains Para Ceramica
5492,AKZENT PLUS BODY STAINS BS01 3G,Consumible
5495,AKZENT PLUS BODY STAINS BS02 3G,Stains
5495,AKZENT PLUS BODY STAINS BS02 3G,Analogo
5495,AKZENT PLUS BODY STAINS BS02 3G,Stains Para Ceramica
5495,AKZENT PLUS BODY STAINS BS02 3G,Consumible
5498,AKZENT PLUS BODY STAINS BS03 3G,Stains
5498,AKZENT PLUS BODY STAINS BS03 3G,Analogo
5498,AKZENT PLUS BODY STAINS BS03 3G,Stains Para Ceramica
5498,AKZENT PLUS BODY STAINS BS03 3G,Consumible
5501,AKZENT PLUS BODY STAINS BS04 3G,Stains
5501,AKZENT PLUS BODY STAINS BS04 3G,Analogo
5501,AKZENT PLUS BODY STAINS BS04 3G,Stains Para Ceramica
5501,AKZENT PLUS BODY STAINS BS04 3G,Consumible
5504,AKZENT PLUS BODY STAINS BS05 3G,Stains
5504,AKZENT PLUS BODY STAINS BS05 3G,Analogo
5504,AKZENT PLUS BODY STAINS BS05 3G,Stains Para Ceramica
5504,AKZENT PLUS BODY STAINS BS05 3G,Consumible
5507,AKZENT PLUS CHROMA STAINS A 3G,Stains
5507,AKZENT PLUS CHROMA STAINS A 3G,Analogo
5507,AKZENT PLUS CHROMA STAINS A 3G,Stains Para Ceramica
5507,AKZENT PLUS CHROMA STAINS A 3G,Consumible
5510,AKZENT PLUS CHROMA STAINS B 3G,Stains
5510,AKZENT PLUS CHROMA STAINS B 3G,Analogo
5510,AKZENT PLUS CHROMA STAINS B 3G,Stains Para Ceramica
5510,AKZENT PLUS CHROMA STAINS B 3G,Consumible
5513,AKZENT PLUS CHROMA STAINS C 3G,Stains
5513,AKZENT PLUS CHROMA STAINS C 3G,Analogo
5513,AKZENT PLUS CHROMA STAINS C 3G,Stains Para Ceramica
5513,AKZENT PLUS CHROMA STAINS C 3G,Consumible
5516,AKZENT PLUS CHROMA STAINS D 3G,Stains
5516,AKZENT PLUS CHROMA STAINS D 3G,Analogo
5516,AKZENT PLUS CHROMA STAINS D 3G,Stains Para Ceramica
5516,AKZENT PLUS CHROMA STAINS D 3G,Consumible
5519,AKZENT PLUS CHROMA STAINS KIT,Stains
5519,AKZENT PLUS CHROMA STAINS KIT,Analogo
5519,AKZENT PLUS CHROMA STAINS KIT,Stains Para Ceramica
5519,AKZENT PLUS CHROMA STAINS KIT,Consumible
5522,AKZENT PLUS EFFECT STAINS ES01 3G,Stains
5522,AKZENT PLUS EFFECT STAINS ES01 3G,Analogo
5522,AKZENT PLUS EFFECT STAINS ES01 3G,Stains Para Ceramica
5522,AKZENT PLUS EFFECT STAINS ES01 3G,Consumible
5525,AKZENT PLUS EFFECT STAINS ES02 3G,Stains
5525,AKZENT PLUS EFFECT STAINS ES02 3G,Analogo
5525,AKZENT PLUS EFFECT STAINS ES02 3G,Stains Para Ceramica
5525,AKZENT PLUS EFFECT STAINS ES02 3G,Consumible
5528,AKZENT PLUS EFFECT STAINS ES03 3G,Stains
5528,AKZENT PLUS EFFECT STAINS ES03 3G,Analogo
5528,AKZENT PLUS EFFECT STAINS ES03 3G,Stains Para Ceramica
5528,AKZENT PLUS EFFECT STAINS ES03 3G,Consumible
5531,AKZENT PLUS EFFECT STAINS ES04 3G,Stains
5531,AKZENT PLUS EFFECT STAINS ES04 3G,Analogo
5531,AKZENT PLUS EFFECT STAINS ES04 3G,Stains Para Ceramica
5531,AKZENT PLUS EFFECT STAINS ES04 3G,Consumible
5534,AKZENT PLUS EFFECT STAINS ES05 3G,Stains
5534,AKZENT PLUS EFFECT STAINS ES05 3G,Analogo
5534,AKZENT PLUS EFFECT STAINS ES05 3G,Stains Para Ceramica
5534,AKZENT PLUS EFFECT STAINS ES05 3G,Consumible
5537,AKZENT PLUS EFFECT STAINS ES06 3G,Stains
5537,AKZENT PLUS EFFECT STAINS ES06 3G,Analogo
5537,AKZENT PLUS EFFECT STAINS ES06 3G,Stains Para Ceramica
5537,AKZENT PLUS EFFECT STAINS ES06 3G,Consumible
5540,AKZENT PLUS EFFECT STAINS ES07 3G,Stains
5540,AKZENT PLUS EFFECT STAINS ES07 3G,Analogo
5540,AKZENT PLUS EFFECT STAINS ES07 3G,Stains Para Ceramica
5540,AKZENT PLUS EFFECT STAINS ES07 3G,Consumible
5543,AKZENT PLUS EFFECT STAINS ES08 3G,Stains
5543,AKZENT PLUS EFFECT STAINS ES08 3G,Analogo
5543,AKZENT PLUS EFFECT STAINS ES08 3G,Stains Para Ceramica
5543,AKZENT PLUS EFFECT STAINS ES08 3G,Consumible
5546,AKZENT PLUS EFFECT STAINS ES09 3G,Stains
5546,AKZENT PLUS EFFECT STAINS ES09 3G,Analogo
5546,AKZENT PLUS EFFECT STAINS ES09 3G,Stains Para Ceramica
5546,AKZENT PLUS EFFECT STAINS ES09 3G,Consumible
5549,AKZENT PLUS EFFECT STAINS ES10 3G,Stains
5549,AKZENT PLUS EFFECT STAINS ES10 3G,Analogo
5549,AKZENT PLUS EFFECT STAINS ES10 3G,Stains Para Ceramica
5549,AKZENT PLUS EFFECT STAINS ES10 3G,Consumible
5552,AKZENT PLUS EFFECT STAINS ES11 3G,Stains
5552,AKZENT PLUS EFFECT STAINS ES11 3G,Analogo
5552,AKZENT PLUS EFFECT STAINS ES11 3G,Stains Para Ceramica
5552,AKZENT PLUS EFFECT STAINS ES11 3G,Consumible
5555,AKZENT PLUS EFFECT STAINS ES12 3G,Stains
5555,AKZENT PLUS EFFECT STAINS ES12 3G,Analogo
5555,AKZENT PLUS EFFECT STAINS ES12 3G,Stains Para Ceramica
5555,AKZENT PLUS EFFECT STAINS ES12 3G,Consumible
5558,AKZENT PLUS EFFECT STAINS ES13 3G,Stains
5558,AKZENT PLUS EFFECT STAINS ES13 3G,Analogo
5558,AKZENT PLUS EFFECT STAINS ES13 3G,Stains Para Ceramica
5558,AKZENT PLUS EFFECT STAINS ES13 3G,Consumible
5561,AKZENT PLUS EFFECT STAINS ES14 3G,Stains
5561,AKZENT PLUS EFFECT STAINS ES14 3G,Analogo
5561,AKZENT PLUS EFFECT STAINS ES14 3G,Stains Para Ceramica
5561,AKZENT PLUS EFFECT STAINS ES14 3G,Consumible
5564,AKZENT PLUS FINISHING AGENT 5G,Stains
5564,AKZENT PLUS FINISHING AGENT 5G,Analogo
5564,AKZENT PLUS FINISHING AGENT 5G,Stains Para Ceramica
5564,AKZENT PLUS FINISHING AGENT 5G,Consumible
5978,AKZENT PLUS FLUOGLAZE LT 75ML,Stains
5978,AKZENT PLUS FLUOGLAZE LT 75ML,Digital
5978,AKZENT PLUS FLUOGLAZE LT 75ML,Stains Para Ceramica
5978,AKZENT PLUS FLUOGLAZE LT 75ML,Consumible
5567,AKZENT PLUS GLAZE 30G,Stains
5567,AKZENT PLUS GLAZE 30G,Analogo
5567,AKZENT PLUS GLAZE 30G,Stains Para Ceramica
5567,AKZENT PLUS GLAZE 30G,Consumible
5570,AKZENT PLUS GLAZE 5G,Stains
5570,AKZENT PLUS GLAZE 5G,Analogo
5570,AKZENT PLUS GLAZE 5G,Stains Para Ceramica
5570,AKZENT PLUS GLAZE 5G,Consumible
5573,AKZENT PLUS GLAZE LT 5G,Stains
5573,AKZENT PLUS GLAZE LT 5G,Analogo
5573,AKZENT PLUS GLAZE LT 5G,Stains Para Ceramica
5573,AKZENT PLUS GLAZE LT 5G,Consumible
5576,AKZENT PLUS GLAZE LT SPRAY 75ML,Stains
5576,AKZENT PLUS GLAZE LT SPRAY 75ML,Analogo
5576,AKZENT PLUS GLAZE LT SPRAY 75ML,Stains Para Ceramica
5576,AKZENT PLUS GLAZE LT SPRAY 75ML,Consumible
5579,AKZENT PLUS MINI KIT,Stains
5579,AKZENT PLUS MINI KIT,Analogo
5579,AKZENT PLUS MINI KIT,Stains Para Ceramica
5579,AKZENT PLUS MINI KIT,Consumible
5582,AKZENT PLUS POWDER KIT,Stains
5582,AKZENT PLUS POWDER KIT,Analogo
5582,AKZENT PLUS POWDER KIT,Stains Para Ceramica
5582,AKZENT PLUS POWDER KIT,Consumible
5585,AKZENT POWDER FLUID 20ML,Stains
5585,AKZENT POWDER FLUID 20ML,Analogo
5585,AKZENT POWDER FLUID 20ML,Stains Para Ceramica
5585,AKZENT POWDER FLUID 20ML,Consumible
229509,ALEX DRAWER UNIT 36X70 GREY TURQUOISE,Equipo
229532,ALEX STORAGE UNIT 36 X 70 WHITE,Equipo
92947,ALUMINIUM RESIN VAT 6.1,Digital
92947,ALUMINIUM RESIN VAT 6.1,Impresoras 3d
92947,ALUMINIUM RESIN VAT 6.1,Refaccion
5588,"ALUMINUM RESIN VAT SHUF LITE,4K,SONIC,MA",Digital
5588,"ALUMINUM RESIN VAT SHUF LITE,4K,SONIC,MA",Impresoras Lcd
5588,"ALUMINUM RESIN VAT SHUF LITE,4K,SONIC,MA",Refaccion
5588,"ALUMINUM RESIN VAT SHUF LITE,4K,SONIC,MA",Impresoras 3d
5591,"ALUMINUM RESIN VAT SHUUFLE XL, MAKE XL",Digital
5591,"ALUMINUM RESIN VAT SHUUFLE XL, MAKE XL",Impresoras 3d
5591,"ALUMINUM RESIN VAT SHUUFLE XL, MAKE XL",Refaccion
5591,"ALUMINUM RESIN VAT SHUUFLE XL, MAKE XL",Impresoras Lcd
85005,AM JIG MEDIT,Digital
85005,AM JIG MEDIT,Escaner Intraoral
85005,AM JIG MEDIT,Accesorio
96744,AMANN GIRRBACH A SPLINT 98X20 PMMA,Digital
96744,AMANN GIRRBACH A SPLINT 98X20 PMMA,Consumible
96744,AMANN GIRRBACH A SPLINT 98X20 PMMA,Discos
96744,AMANN GIRRBACH A SPLINT 98X20 PMMA,Discos De Pmma
3827,AMANN GIRRBACH ARCO FACIAL ARTEX,Equipo
3827,AMANN GIRRBACH ARCO FACIAL ARTEX,Digital
3827,AMANN GIRRBACH ARCO FACIAL ARTEX,Articuladores
3830,AMANN GIRRBACH ARTEX TYP CP/ CPR,Equipo
3830,AMANN GIRRBACH ARTEX TYP CP/ CPR,Analogo
3830,AMANN GIRRBACH ARTEX TYP CP/ CPR,Articuladores
96744,AMANN GIRRBACH A-SPLINT 98X20,Discos
96744,AMANN GIRRBACH A-SPLINT 98X20,Digital
96744,AMANN GIRRBACH A-SPLINT 98X20,Discos De Pmma
96744,AMANN GIRRBACH A-SPLINT 98X20,Consumible
92543,AMANN GIRRBACH CERAMILL MATCH 2 CAM DONGLE,Digital
92543,AMANN GIRRBACH CERAMILL MATCH 2 CAM DONGLE,Software
4250,"AMANN GIRRBACH DIAMOND RFID 1,0 DM",Consumible
4250,"AMANN GIRRBACH DIAMOND RFID 1,0 DM",Digital
4250,"AMANN GIRRBACH DIAMOND RFID 1,0 DM",Fresas Para Fresadora Diamond Rfid
4250,"AMANN GIRRBACH DIAMOND RFID 1,0 DM",Fresas
4247,AMANN GIRRBACH DIAMOND RFID 1.4 DM,Consumible
4247,AMANN GIRRBACH DIAMOND RFID 1.4 DM,Digital
4247,AMANN GIRRBACH DIAMOND RFID 1.4 DM,Fresas Para Fresadora Diamond Rfid
4247,AMANN GIRRBACH DIAMOND RFID 1.4 DM,Fresas
4244,AMANN GIRRBACH DIAMOND RFID 1.8 DM,Consumible
4244,AMANN GIRRBACH DIAMOND RFID 1.8 DM,Digital
4244,AMANN GIRRBACH DIAMOND RFID 1.8 DM,Fresas Para Fresadora Diamond Rfid
4244,AMANN GIRRBACH DIAMOND RFID 1.8 DM,Fresas
3557,AMANN GIRRBACH GIROFORM PIN DRILL 100-230V,Analogo
3557,AMANN GIRRBACH GIROFORM PIN DRILL 100-230V,Perforadora De Pines
3557,AMANN GIRRBACH GIROFORM PIN DRILL 100-230V,Equipo
3974,AMANN GIRRBACH JUEGO DE INTRODUCCION GIROFORM,Analogo
3974,AMANN GIRRBACH JUEGO DE INTRODUCCION GIROFORM,Perforadora De Pines
3974,AMANN GIRRBACH JUEGO DE INTRODUCCION GIROFORM,Accesorio
96139,AMANN GIRRBACH MIND ULIMATE BUNDLE,Digital
96139,AMANN GIRRBACH MIND ULIMATE BUNDLE,Software
4652,AMANN GIRRBACH MOTION 2 179250NS,Digital
4652,AMANN GIRRBACH MOTION 2 179250NS,Fresadoras
4652,AMANN GIRRBACH MOTION 2 179250NS,Equipo
3524,AMANN GIRRBACH SMARTBOX X2,Analogo
3524,AMANN GIRRBACH SMARTBOX X2,Dosificador
3524,AMANN GIRRBACH SMARTBOX X2,Equipo
96752,AMANN GIRRBACH SMARTMIX X2,Analogo
96752,AMANN GIRRBACH SMARTMIX X2,Mezcladoras Al Vacio
96752,AMANN GIRRBACH SMARTMIX X2,Equipo
11135,AMANN GIRRBACH SOFTWARE,Software
11135,AMANN GIRRBACH SOFTWARE,Digital
4679,AMANN GIRRBACH SPLITEX PLATE SET C-VERSION,Digital
4679,AMANN GIRRBACH SPLITEX PLATE SET C-VERSION,Articuladores
4679,AMANN GIRRBACH SPLITEX PLATE SET C-VERSION,Accesorio
4370,AMANN GIRRBACH ZOLID FX ML 0/A1 98X16 N,Discos
4370,AMANN GIRRBACH ZOLID FX ML 0/A1 98X16 N,Digital
4370,AMANN GIRRBACH ZOLID FX ML 0/A1 98X16 N,Discos De Circonio
4370,AMANN GIRRBACH ZOLID FX ML 0/A1 98X16 N,Consumible
96739,AMANN GIRRBACH ZOLID HT +PS B2 98X16,Discos
96739,AMANN GIRRBACH ZOLID HT +PS B2 98X16,Digital
96739,AMANN GIRRBACH ZOLID HT +PS B2 98X16,Discos De Circonio
96739,AMANN GIRRBACH ZOLID HT +PS B2 98X16,Consumible
96736,AMANN GIRRBACH ZOLID HT+ PS B1 98X16,Discos
96736,AMANN GIRRBACH ZOLID HT+ PS B1 98X16,Digital
96736,AMANN GIRRBACH ZOLID HT+ PS B1 98X16,Discos De Circonio
96736,AMANN GIRRBACH ZOLID HT+ PS B1 98X16,Consumible
5621,AMBER LISI-POZ R10 HT A1,Analogo
5621,AMBER LISI-POZ R10 HT A1,Disilicato De Litio Para Prensar
5621,AMBER LISI-POZ R10 HT A1,Consumible
5624,AMBER LISI-POZ R10 HT A2,Analogo
5624,AMBER LISI-POZ R10 HT A2,Disilicato De Litio Para Prensar
5624,AMBER LISI-POZ R10 HT A2,Consumible
5627,AMBER LISI-POZ R10 HT A3,Analogo
5627,AMBER LISI-POZ R10 HT A3,Disilicato De Litio Para Prensar
5627,AMBER LISI-POZ R10 HT A3,Consumible
5630,AMBER LISI-POZ R10 LT A1,Analogo
5630,AMBER LISI-POZ R10 LT A1,Disilicato De Litio Para Prensar
5630,AMBER LISI-POZ R10 LT A1,Consumible
5633,AMBER LISI-POZ R10 LT A2,Analogo
5633,AMBER LISI-POZ R10 LT A2,Disilicato De Litio Para Prensar
5633,AMBER LISI-POZ R10 LT A2,Consumible
5636,AMBER LISI-POZ R10 LT A3,Analogo
5636,AMBER LISI-POZ R10 LT A3,Disilicato De Litio Para Prensar
5636,AMBER LISI-POZ R10 LT A3,Consumible
5702,AMBER MILL C14 A1,Digital
5702,AMBER MILL C14 A1,Bloques De Disilicato De Litio
5702,AMBER MILL C14 A1,Consumible
5702,AMBER MILL C14 A1,Bloques
5705,AMBER MILL C14 A2,Digital
5705,AMBER MILL C14 A2,Bloques De Disilicato De Litio
5705,AMBER MILL C14 A2,Consumible
5705,AMBER MILL C14 A2,Bloques
5708,AMBER MILL C14 A3,Digital
5708,AMBER MILL C14 A3,Bloques De Disilicato De Litio
5708,AMBER MILL C14 A3,Consumible
5708,AMBER MILL C14 A3,Bloques
5711,AMBER MILL C14 B1,Digital
5711,AMBER MILL C14 B1,Bloques De Disilicato De Litio
5711,AMBER MILL C14 B1,Consumible
5711,AMBER MILL C14 B1,Bloques
5714,AMBER MILL C14 W1,Digital
5714,AMBER MILL C14 W1,Bloques De Disilicato De Litio
5714,AMBER MILL C14 W1,Consumible
5714,AMBER MILL C14 W1,Bloques
5642,AMBER PRESS R10 HT A1,Analogo
5642,AMBER PRESS R10 HT A1,Disilicato De Litio Para Prensar
5642,AMBER PRESS R10 HT A1,Consumible
5645,AMBER PRESS R10 HT A2,Analogo
5645,AMBER PRESS R10 HT A2,Disilicato De Litio Para Prensar
5645,AMBER PRESS R10 HT A2,Consumible
5648,AMBER PRESS R10 HT A3,Analogo
5648,AMBER PRESS R10 HT A3,Disilicato De Litio Para Prensar
5648,AMBER PRESS R10 HT A3,Consumible
5651,AMBER PRESS R10 HT W1,Analogo
5651,AMBER PRESS R10 HT W1,Disilicato De Litio Para Prensar
5651,AMBER PRESS R10 HT W1,Consumible
5717,AMBER PRESS R10 HT W2,Analogo
5717,AMBER PRESS R10 HT W2,Disilicato De Litio Para Prensar
5717,AMBER PRESS R10 HT W2,Consumible
5654,AMBER PRESS R10 LT A1,Analogo
5654,AMBER PRESS R10 LT A1,Disilicato De Litio Para Prensar
5654,AMBER PRESS R10 LT A1,Consumible
5657,AMBER PRESS R10 LT A2,Analogo
5657,AMBER PRESS R10 LT A2,Disilicato De Litio Para Prensar
5657,AMBER PRESS R10 LT A2,Consumible
5660,AMBER PRESS R10 LT A3,Analogo
5660,AMBER PRESS R10 LT A3,Disilicato De Litio Para Prensar
5660,AMBER PRESS R10 LT A3,Consumible
5663,AMBER PRESS R10 LT W1,Analogo
5663,AMBER PRESS R10 LT W1,Disilicato De Litio Para Prensar
5663,AMBER PRESS R10 LT W1,Consumible
5666,AMBER PRESS R10 LT W2,Analogo
5666,AMBER PRESS R10 LT W2,Disilicato De Litio Para Prensar
5666,AMBER PRESS R10 LT W2,Consumible
5669,AMBER SHADE GUIDE HT,Analogo
5669,AMBER SHADE GUIDE HT,Colorimetro
5669,AMBER SHADE GUIDE HT,Consumible
5672,AMBER SHADE GUIDE LT,Analogo
5672,AMBER SHADE GUIDE LT,Colorimetro
5672,AMBER SHADE GUIDE LT,Consumible
5675,AMBER SHADE GUIDE MO,Analogo
5675,AMBER SHADE GUIDE MO,Colorimetro
5675,AMBER SHADE GUIDE MO,Consumible
5594,AMBRIA 0M1 HT S 5 PCS,Analogo
5594,AMBRIA 0M1 HT S 5 PCS,Disilicato De Litio Para Prensar
5594,AMBRIA 0M1 HT S 5 PCS,Consumible
5600,AMBRIA A1 HT S 5 PCS,Analogo
5600,AMBRIA A1 HT S 5 PCS,Disilicato De Litio Para Prensar
5600,AMBRIA A1 HT S 5 PCS,Consumible
5681,AMBRIA A1 T S 5 PCS,Analogo
5681,AMBRIA A1 T S 5 PCS,Disilicato De Litio Para Prensar
5681,AMBRIA A1 T S 5 PCS,Consumible
121257,AMBRIA A2 HT L 3 PCS,Analogo
121257,AMBRIA A2 HT L 3 PCS,Disilicato De Litio Para Prensar
121257,AMBRIA A2 HT L 3 PCS,Consumible
5603,AMBRIA A2 HT S 5 PCS,Analogo
5603,AMBRIA A2 HT S 5 PCS,Disilicato De Litio Para Prensar
5603,AMBRIA A2 HT S 5 PCS,Consumible
5684,AMBRIA A2 T S 5 PCS,Analogo
5684,AMBRIA A2 T S 5 PCS,Disilicato De Litio Para Prensar
5684,AMBRIA A2 T S 5 PCS,Consumible
5606,AMBRIA A3 HT S 5 PCS,Analogo
5606,AMBRIA A3 HT S 5 PCS,Disilicato De Litio Para Prensar
5606,AMBRIA A3 HT S 5 PCS,Consumible
5687,AMBRIA A3 T S 5 PCS,Analogo
5687,AMBRIA A3 T S 5 PCS,Disilicato De Litio Para Prensar
5687,AMBRIA A3 T S 5 PCS,Consumible
5609,AMBRIA B1 HT S 5 PCS,Analogo
5609,AMBRIA B1 HT S 5 PCS,Disilicato De Litio Para Prensar
5609,AMBRIA B1 HT S 5 PCS,Consumible
5690,AMBRIA B1 T S 5 PCS,Analogo
5690,AMBRIA B1 T S 5 PCS,Disilicato De Litio Para Prensar
5690,AMBRIA B1 T S 5 PCS,Consumible
5612,AMBRIA B2 HT S 5 PCS,Analogo
5612,AMBRIA B2 HT S 5 PCS,Disilicato De Litio Para Prensar
5612,AMBRIA B2 HT S 5 PCS,Consumible
5693,AMBRIA B2 T S 5 PCS,Analogo
5693,AMBRIA B2 T S 5 PCS,Disilicato De Litio Para Prensar
5693,AMBRIA B2 T S 5 PCS,Consumible
5615,AMBRIA C2 HT S 5 PCS,Analogo
5615,AMBRIA C2 HT S 5 PCS,Disilicato De Litio Para Prensar
5615,AMBRIA C2 HT S 5 PCS,Consumible
5696,AMBRIA C2 T S 5 PCS,Analogo
5696,AMBRIA C2 T S 5 PCS,Disilicato De Litio Para Prensar
5696,AMBRIA C2 T S 5 PCS,Consumible
5618,AMBRIA D2 HT S 5 PCS,Analogo
5618,AMBRIA D2 HT S 5 PCS,Disilicato De Litio Para Prensar
5618,AMBRIA D2 HT S 5 PCS,Consumible
5699,AMBRIA D2 T S 5 PCS,Analogo
5699,AMBRIA D2 T S 5 PCS,Disilicato De Litio Para Prensar
5699,AMBRIA D2 T S 5 PCS,Consumible
5597,AMBRIA OM3 HT S 5 PCS,Analogo
5597,AMBRIA OM3 HT S 5 PCS,Disilicato De Litio Para Prensar
5597,AMBRIA OM3 HT S 5 PCS,Consumible
5639,AMBRIA PLUNGER,Analogo
5639,AMBRIA PLUNGER,Embolos De Prensado
5639,AMBRIA PLUNGER,Consumible
5678,AMBRIA STARTER KIT VITA,Analogo
5678,AMBRIA STARTER KIT VITA,Disilicato De Litio Para Prensar
5678,AMBRIA STARTER KIT VITA,Consumible
3716,AMMAN GIRRBACH MAP600,Digital
3716,AMMAN GIRRBACH MAP600,Escaner De Mesa
3716,AMMAN GIRRBACH MAP600,Equipo
92543,AMMAN GIRRBACH MATCH 2-CAM-DONGLE,Digital
92543,AMMAN GIRRBACH MATCH 2-CAM-DONGLE,Software
293461,AMMAN GIRRBACH MATCH 2-CAM-DONGLE SNS,Digital
293461,AMMAN GIRRBACH MATCH 2-CAM-DONGLE SNS,Software
117008,ANABLEND PAINT CREAM 3G,Analogo
117008,ANABLEND PAINT CREAM 3G,Resinas
117008,ANABLEND PAINT CREAM 3G,Consumible
6905,"ANALOGO 4,1",Aditamentos Para Implantes
6905,"ANALOGO 4,1",Consumible
6905,"ANALOGO 4,1",Analogo
116630,ANALOGO 4.0,Aditamentos Para Implantes
116630,ANALOGO 4.0,Consumible
116630,ANALOGO 4.0,Analogo
6572,ANALOGO 4.1,Aditamentos Para Implantes
6572,ANALOGO 4.1,Consumible
6827,ANALOGO 4.5,Aditamentos Para Implantes
6827,ANALOGO 4.5,Consumible
6827,ANALOGO 4.5,Analogo
6755,ANALOGO DIGITAL 4.1,Aditamentos Para Implantes
6755,ANALOGO DIGITAL 4.1,Consumible
6755,ANALOGO DIGITAL 4.1,Analogo
6611,ANALOGO DIGITAL MULTIUNIT Ø 4.8,Aditamentos Para Implantes
6611,ANALOGO DIGITAL MULTIUNIT Ø 4.8,Consumible
6611,ANALOGO DIGITAL MULTIUNIT Ø 4.8,Analogo
6749,ANALOGO DIGITAL Ø 3.3,Aditamentos Para Implantes
6749,ANALOGO DIGITAL Ø 3.3,Consumible
6749,ANALOGO DIGITAL Ø 3.3,Analogo
6998,ANALOGO DIGITAL Ø 3.3 IPD/TA-AT-00/3D,Aditamentos Para Implantes
6998,ANALOGO DIGITAL Ø 3.3 IPD/TA-AT-00/3D,Consumible
6998,ANALOGO DIGITAL Ø 3.3 IPD/TA-AT-00/3D,Analogo
6824,ANALOGO DIGITAL Ø 3.5,Aditamentos Para Implantes
6824,ANALOGO DIGITAL Ø 3.5,Consumible
6824,ANALOGO DIGITAL Ø 3.5,Analogo
116649,ANALOGO DIGITAL Ø 4.0,Aditamentos Para Implantes
116649,ANALOGO DIGITAL Ø 4.0,Consumible
116649,ANALOGO DIGITAL Ø 4.0,Analogo
116615,ANALOGO DIGITAL Ø 4.5,Aditamentos Para Implantes
116615,ANALOGO DIGITAL Ø 4.5,Consumible
116615,ANALOGO DIGITAL Ø 4.5,Analogo
7025,ANALOGO DIGITAL SP,Aditamentos Para Implantes
7025,ANALOGO DIGITAL SP,Consumible
7025,ANALOGO DIGITAL SP,Analogo
6608,ANALOGO MULTIUNIT Ø 4.8,Aditamentos Para Implantes
6608,ANALOGO MULTIUNIT Ø 4.8,Consumible
6608,ANALOGO MULTIUNIT Ø 4.8,Analogo
6683,ANALOGO Ø 3,Aditamentos Para Implantes
6683,ANALOGO Ø 3,Consumible
6683,ANALOGO Ø 3,Analogo
6746,ANALOGO Ø 3.3,Aditamentos Para Implantes
6746,ANALOGO Ø 3.3,Consumible
6746,ANALOGO Ø 3.3,Analogo
6995,ANALOGO Ø 3.3 IPD/TA-AT-00,Aditamentos Para Implantes
6995,ANALOGO Ø 3.3 IPD/TA-AT-00,Consumible
6995,ANALOGO Ø 3.3 IPD/TA-AT-00,Analogo
6821,ANALOGO Ø 3.5,Aditamentos Para Implantes
6821,ANALOGO Ø 3.5,Consumible
6821,ANALOGO Ø 3.5,Analogo
6752,ANALOGO Ø 4.1 IPD/DB-AR-00,Aditamentos Para Implantes
6752,ANALOGO Ø 4.1 IPD/DB-AR-00,Consumible
6752,ANALOGO Ø 4.1 IPD/DB-AR-00,Analogo
6650,ANALOGO Ø 4.3,Aditamentos Para Implantes
6650,ANALOGO Ø 4.3,Consumible
6650,ANALOGO Ø 4.3,Analogo
6722,ANALOGO Ø 4.8,Aditamentos Para Implantes
6722,ANALOGO Ø 4.8,Consumible
6722,ANALOGO Ø 4.8,Analogo
7022,ANALOGO SP,Aditamentos Para Implantes
7022,ANALOGO SP,Consumible
7022,ANALOGO SP,Analogo
103908,ANAXBLEND BOND LC 10ML,Analogo
103908,ANAXBLEND BOND LC 10ML,Resinas
103908,ANAXBLEND BOND LC 10ML,Consumible
116960,ANAXBLEND COLORS S BLUE 1G,Analogo
116960,ANAXBLEND COLORS S BLUE 1G,Resinas
116960,ANAXBLEND COLORS S BLUE 1G,Consumible
116966,ANAXBLEND COLORS S BROWN 1G,Analogo
116966,ANAXBLEND COLORS S BROWN 1G,Resinas
116966,ANAXBLEND COLORS S BROWN 1G,Consumible
116970,ANAXBLEND COLORS S CHOCO 1G,Analogo
116970,ANAXBLEND COLORS S CHOCO 1G,Resinas
116970,ANAXBLEND COLORS S CHOCO 1G,Consumible
116946,ANAXBLEND COLORS S CLEAR 1G,Analogo
116946,ANAXBLEND COLORS S CLEAR 1G,Resinas
116946,ANAXBLEND COLORS S CLEAR 1G,Consumible
116956,ANAXBLEND COLORS S ORANGE 1G,Analogo
116956,ANAXBLEND COLORS S ORANGE 1G,Resinas
116956,ANAXBLEND COLORS S ORANGE 1G,Consumible
103923,ANAXBLEND COLORS S SET 8 X 1 G,Analogo
103923,ANAXBLEND COLORS S SET 8 X 1 G,Resinas
103923,ANAXBLEND COLORS S SET 8 X 1 G,Consumible
116949,ANAXBLEND COLORS S WHITE 1G,Analogo
116949,ANAXBLEND COLORS S WHITE 1G,Resinas
116949,ANAXBLEND COLORS S WHITE 1G,Consumible
116952,ANAXBLEND COLORS S YELLOW 1G,Analogo
116952,ANAXBLEND COLORS S YELLOW 1G,Resinas
116952,ANAXBLEND COLORS S YELLOW 1G,Consumible
116929,ANAXBLEND DENTIN A1 PASTE 4G,Analogo
116929,ANAXBLEND DENTIN A1 PASTE 4G,Resinas
116929,ANAXBLEND DENTIN A1 PASTE 4G,Consumible
116840,ANAXBLEND DENTIN A2 FLOW 3G,Analogo
116840,ANAXBLEND DENTIN A2 FLOW 3G,Resinas
116840,ANAXBLEND DENTIN A2 FLOW 3G,Consumible
116937,ANAXBLEND DENTIN A3 PASTE 4G,Analogo
116937,ANAXBLEND DENTIN A3 PASTE 4G,Resinas
116937,ANAXBLEND DENTIN A3 PASTE 4G,Consumible
116832,ANAXBLEND DENTIN AB FLOW 3G,Analogo
116832,ANAXBLEND DENTIN AB FLOW 3G,Resinas
116832,ANAXBLEND DENTIN AB FLOW 3G,Consumible
116929,ANAXBLEND DENTIN D A1 PASTE 4G,Analogo
116929,ANAXBLEND DENTIN D A1 PASTE 4G,Consumible
116929,ANAXBLEND DENTIN D A1 PASTE 4G,Resinas
116933,ANAXBLEND DENTIN D A2 PASTE 4G,Analogo
116933,ANAXBLEND DENTIN D A2 PASTE 4G,Consumible
116933,ANAXBLEND DENTIN D A2 PASTE 4G,Resinas
116840,ANAXBLEND DENTN D A2 FLOW 3G,Analogo
116840,ANAXBLEND DENTN D A2 FLOW 3G,Consumible
116840,ANAXBLEND DENTN D A2 FLOW 3G,Resinas
103918,ANAXBLEND DIVORCE 20 ML,Analogo
103918,ANAXBLEND DIVORCE 20 ML,Resinas
103918,ANAXBLEND DIVORCE 20 ML,Consumible
291471,ANAXBLEND ENAMEL S 59 FLOW 3G,Analogo
291471,ANAXBLEND ENAMEL S 59 FLOW 3G,Consumible
291471,ANAXBLEND ENAMEL S 59 FLOW 3G,Resinas
116851,ANAXBLEND ENAMEL S-57 FLOW 3G,Analogo
116851,ANAXBLEND ENAMEL S-57 FLOW 3G,Resinas
116851,ANAXBLEND ENAMEL S-57 FLOW 3G,Consumible
116907,ANAXBLEND ENAMEL S-57 FLOW BIG BLOCK 20G,Analogo
116907,ANAXBLEND ENAMEL S-57 FLOW BIG BLOCK 20G,Resinas
116907,ANAXBLEND ENAMEL S-57 FLOW BIG BLOCK 20G,Consumible
103926,ANAXBLEND ENAMEL S57 PASTE 4G,Analogo
103926,ANAXBLEND ENAMEL S57 PASTE 4G,Resinas
103926,ANAXBLEND ENAMEL S57 PASTE 4G,Consumible
116895,ANAXBLEND ENAMEL S-58 FLOW 3G,Analogo
116895,ANAXBLEND ENAMEL S-58 FLOW 3G,Resinas
116895,ANAXBLEND ENAMEL S-58 FLOW 3G,Consumible
116911,ANAXBLEND ENAMEL S-58 FLOW BIG BLOCK 20G,Analogo
116911,ANAXBLEND ENAMEL S-58 FLOW BIG BLOCK 20G,Resinas
116911,ANAXBLEND ENAMEL S-58 FLOW BIG BLOCK 20G,Consumible
103941,ANAXBLEND ENAMEL S58 PASTE 4G,Analogo
103941,ANAXBLEND ENAMEL S58 PASTE 4G,Resinas
103941,ANAXBLEND ENAMEL S58 PASTE 4G,Consumible
116847,ANAXBLEND ENAMEL S-AB FLOW 3G,Analogo
116847,ANAXBLEND ENAMEL S-AB FLOW 3G,Resinas
116847,ANAXBLEND ENAMEL S-AB FLOW 3G,Consumible
116847,ANAXBLEND ENAMEL SCHNEIDE S AB FLOW 3G,Analogo
116847,ANAXBLEND ENAMEL SCHNEIDE S AB FLOW 3G,Consumible
116847,ANAXBLEND ENAMEL SCHNEIDE S AB FLOW 3G,Resinas
116899,ANAXBLEND ENAMEL SI-02 YELLOW FLOW 3G,Analogo
116899,ANAXBLEND ENAMEL SI-02 YELLOW FLOW 3G,Resinas
116899,ANAXBLEND ENAMEL SI-02 YELLOW FLOW 3G,Consumible
116903,ANAXBLEND ENAMEL SI-06 ORANGE FLOW 3G,Analogo
116903,ANAXBLEND ENAMEL SI-06 ORANGE FLOW 3G,Resinas
116903,ANAXBLEND ENAMEL SI-06 ORANGE FLOW 3G,Consumible
103881,ANAXBLEND INTRO KIT A2 FLOW,Analogo
103881,ANAXBLEND INTRO KIT A2 FLOW,Resinas
103881,ANAXBLEND INTRO KIT A2 FLOW,Consumible
103891,ANAXBLEND INTRO KIT A2 PASTE,Analogo
103891,ANAXBLEND INTRO KIT A2 PASTE,Resinas
103891,ANAXBLEND INTRO KIT A2 PASTE,Consumible
103884,ANAXBLEND KIT S FLOW,Analogo
103884,ANAXBLEND KIT S FLOW,Resinas
103884,ANAXBLEND KIT S FLOW,Consumible
103894,ANAXBLEND KIT S PASTE,Analogo
103894,ANAXBLEND KIT S PASTE,Resinas
103894,ANAXBLEND KIT S PASTE,Consumible
103888,ANAXBLEND KIT XL FLOW,Analogo
103888,ANAXBLEND KIT XL FLOW,Resinas
103888,ANAXBLEND KIT XL FLOW,Consumible
103897,ANAXBLEND KIT XL PASTE,Analogo
103897,ANAXBLEND KIT XL PASTE,Resinas
103897,ANAXBLEND KIT XL PASTE,Consumible
103915,ANAXBLEND METAL BONDER 5 ML,Analogo
103915,ANAXBLEND METAL BONDER 5 ML,Resinas
103915,ANAXBLEND METAL BONDER 5 ML,Consumible
116973,ANAXBLEND MODEL LC,Analogo
116973,ANAXBLEND MODEL LC,Resinas
116973,ANAXBLEND MODEL LC,Consumible
116940,ANAXBLEND OPAQUER O-A1 3G,Analogo
116940,ANAXBLEND OPAQUER O-A1 3G,Resinas
116940,ANAXBLEND OPAQUER O-A1 3G,Consumible
116943,ANAXBLEND OPAQUER O-A2 3G,Analogo
116943,ANAXBLEND OPAQUER O-A2 3G,Resinas
116943,ANAXBLEND OPAQUER O-A2 3G,Consumible
116943,ANAXBLEND PASTEN OPAQUER O A2 3G,Analogo
116943,ANAXBLEND PASTEN OPAQUER O A2 3G,Consumible
116943,ANAXBLEND PASTEN OPAQUER O A2 3G,Resinas
103900,ANAXBLEND PEKK BLOND 10 ML,Analogo
103900,ANAXBLEND PEKK BLOND 10 ML,Resinas
103900,ANAXBLEND PEKK BLOND 10 ML,Consumible
116917,ANAXBLEND TRANSPA CL-0 CRYSTAL CLEAR FLOW 3G,Analogo
116917,ANAXBLEND TRANSPA CL-0 CRYSTAL CLEAR FLOW 3G,Resinas
116917,ANAXBLEND TRANSPA CL-0 CRYSTAL CLEAR FLOW 3G,Consumible
116925,ANAXBLEND TRANSPA HT-54 YELLOWISH FLOW 3G,Analogo
116925,ANAXBLEND TRANSPA HT-54 YELLOWISH FLOW 3G,Resinas
116925,ANAXBLEND TRANSPA HT-54 YELLOWISH FLOW 3G,Consumible
116921,ANAXBLEND TRANSPA NT TRASLUCENT FLOW 3G,Analogo
116921,ANAXBLEND TRANSPA NT TRASLUCENT FLOW 3G,Resinas
116921,ANAXBLEND TRANSPA NT TRASLUCENT FLOW 3G,Consumible
103912,ANAXBLEND ZIRCON BONDER 5 ML,Analogo
103912,ANAXBLEND ZIRCON BONDER 5 ML,Resinas
103912,ANAXBLEND ZIRCON BONDER 5 ML,Consumible
116933,ANAXBLENDDENTIN A2 PASTE 4G,Analogo
116933,ANAXBLENDDENTIN A2 PASTE 4G,Resinas
116933,ANAXBLENDDENTIN A2 PASTE 4G,Consumible
116963,ANAXBLENT COLORS S KHAKI 1G,Analogo
116963,ANAXBLENT COLORS S KHAKI 1G,Resinas
116963,ANAXBLENT COLORS S KHAKI 1G,Consumible
116836,ANAXBLENT DENTIN A1 FLOW 3G,Analogo
116836,ANAXBLENT DENTIN A1 FLOW 3G,Resinas
116836,ANAXBLENT DENTIN A1 FLOW 3G,Consumible
116844,ANAXBLENT DENTIN A3 FLOW 3G,Analogo
116844,ANAXBLENT DENTIN A3 FLOW 3G,Resinas
116844,ANAXBLENT DENTIN A3 FLOW 3G,Consumible
116979,ANAXGUM GINGIVA FLOW LIGHT PINK 3G,Analogo
116979,ANAXGUM GINGIVA FLOW LIGHT PINK 3G,Resinas
116979,ANAXGUM GINGIVA FLOW LIGHT PINK 3G,Consumible
116982,ANAXGUM GINGIVA FLOW ORANGE PINK 3G,Analogo
116982,ANAXGUM GINGIVA FLOW ORANGE PINK 3G,Resinas
116982,ANAXGUM GINGIVA FLOW ORANGE PINK 3G,Consumible
249165,ANAXGUM GINGIVA FLOW TRANSLUCENT PINK 3G,Analogo
249165,ANAXGUM GINGIVA FLOW TRANSLUCENT PINK 3G,Consumible
249165,ANAXGUM GINGIVA FLOW TRANSLUCENT PINK 3G,Resinas
116998,ANAXGUM GINGIVA PASTE BROWN PINK 4G,Analogo
116998,ANAXGUM GINGIVA PASTE BROWN PINK 4G,Resinas
116998,ANAXGUM GINGIVA PASTE BROWN PINK 4G,Consumible
116985,ANAXGUM GINGIVA PASTE DARK PINK 4G,Analogo
116985,ANAXGUM GINGIVA PASTE DARK PINK 4G,Resinas
116985,ANAXGUM GINGIVA PASTE DARK PINK 4G,Consumible
249173,ANAXGUM GINGIVA PASTE LIGHT PINK 4G,Analogo
249173,ANAXGUM GINGIVA PASTE LIGHT PINK 4G,Consumible
249173,ANAXGUM GINGIVA PASTE LIGHT PINK 4G,Resinas
116992,ANAXGUM GINGIVA PASTE ORANGE PINK 4G,Analogo
116992,ANAXGUM GINGIVA PASTE ORANGE PINK 4G,Resinas
116992,ANAXGUM GINGIVA PASTE ORANGE PINK 4G,Consumible
116995,ANAXGUM GINGIVA PASTE PURPLE PINK 4G,Analogo
116995,ANAXGUM GINGIVA PASTE PURPLE PINK 4G,Resinas
116995,ANAXGUM GINGIVA PASTE PURPLE PINK 4G,Consumible
103944,ANAXGUM KIT S,Analogo
103944,ANAXGUM KIT S,Resinas
103944,ANAXGUM KIT S,Consumible
103947,ANAXGUM KIT XL,Analogo
103947,ANAXGUM KIT XL,Resinas
103947,ANAXGUM KIT XL,Consumible
117011,ANAXGUM PAINT DARK BROWN 3G,Analogo
117011,ANAXGUM PAINT DARK BROWN 3G,Resinas
117011,ANAXGUM PAINT DARK BROWN 3G,Consumible
117002,ANAXGUM PAINT FLOW RED 3G,Analogo
117002,ANAXGUM PAINT FLOW RED 3G,Resinas
117002,ANAXGUM PAINT FLOW RED 3G,Consumible
117005,ANAXGUM PAINT PURPLE 3G,Analogo
117005,ANAXGUM PAINT PURPLE 3G,Resinas
117005,ANAXGUM PAINT PURPLE 3G,Consumible
117016,ANAXGUM PAINT YELLOW 3G,Analogo
117016,ANAXGUM PAINT YELLOW 3G,Resinas
117016,ANAXGUM PAINT YELLOW 3G,Consumible
116976,ANAXGUM PO I 3G,Analogo
116976,ANAXGUM PO I 3G,Resinas
116976,ANAXGUM PO I 3G,Consumible
103953,ANAXPAD BLACK,Analogo
103953,ANAXPAD BLACK,Consumible
122288,ANILLO AISLANTE 27X8X4 MM,Refaccion
122288,ANILLO AISLANTE 27X8X4 MM,Analogo
122296,ANILLO CALMP CON TORNILLO M 3 X 8 MM,Refaccion
122296,ANILLO CALMP CON TORNILLO M 3 X 8 MM,Analogo
122292,ANILLO DE DESCARGA DE SILICONA,Refaccion
122292,ANILLO DE DESCARGA DE SILICONA,Analogo
94090,ANILLO DE FIJACION CON TORNILLOS,Refaccion
94090,ANILLO DE FIJACION CON TORNILLOS,Analogo
95865,ANILLO DE SELLADO EJE A/B MOTION 2/3,Digital
95865,ANILLO DE SELLADO EJE A/B MOTION 2/3,Refaccion
95865,ANILLO DE SELLADO EJE A/B MOTION 2/3,Fresadoras
81483,ANTICIPO DE EQUIPOS MATERIALES INSUMOS,Servicios
81483,ANTICIPO DE EQUIPOS MATERIALES INSUMOS,Analogo
83410,ANTI-MICROBIAL FILTER BAGS (5/BX),Filtros
83410,ANTI-MICROBIAL FILTER BAGS (5/BX),Consumible
83410,ANTI-MICROBIAL FILTER BAGS (5/BX),Analogo
122273,ARANDELA 6.3 MM,Refaccion
122273,ARANDELA 6.3 MM,Analogo
122277,ARANDELA ELÁSTICA DENTADA 4.3 MM,Refaccion
122277,ARANDELA ELÁSTICA DENTADA 4.3 MM,Analogo
3827,ARCO FACIAL ARTEX,Digital
3827,ARCO FACIAL ARTEX,Equipo
3827,ARCO FACIAL ARTEX,Articuladores
3836,ARTEX CR FÜR UNIVERSITÄT INCL. SPLITEX,Analogo
3836,ARTEX CR FÜR UNIVERSITÄT INCL. SPLITEX,Articuladores
3836,ARTEX CR FÜR UNIVERSITÄT INCL. SPLITEX,Equipo
3803,ARTEX I-TERO MODEL ADAPTER,Analogo
3803,ARTEX I-TERO MODEL ADAPTER,Articuladores
3803,ARTEX I-TERO MODEL ADAPTER,Accesorio
3818,"ARTEX QUICKBITE, 10PZA",Analogo
3818,"ARTEX QUICKBITE, 10PZA",Articuladores
3818,"ARTEX QUICKBITE, 10PZA",Consumible
3815,ARTEX TYP BN,Analogo
3815,ARTEX TYP BN,Articuladores
3815,ARTEX TYP BN,Equipo
3806,ARTEX TYP CN,Analogo
3806,ARTEX TYP CN,Articuladores
3806,ARTEX TYP CN,Equipo
3833,ARTEX TYP CR,Equipo
3833,ARTEX TYP CR,Analogo
3833,ARTEX TYP CR,Articuladores
3809,ARTEX TYP CT,Equipo
3809,ARTEX TYP CT,Analogo
3809,ARTEX TYP CT,Articuladores
5150,ARTLINE 3 INSTRUMENTOS PARA MODELAR,Analogo
5150,ARTLINE 3 INSTRUMENTOS PARA MODELAR,Instrumentos Para Encerado
5150,ARTLINE 3 INSTRUMENTOS PARA MODELAR,Consumible
5153,ARTLINE INSTRUMENTO ORO,Analogo
5153,ARTLINE INSTRUMENTO ORO,Instrumentos Para Encerado
5153,ARTLINE INSTRUMENTO ORO,Consumible
5165,ARTLINE JOCHEN PETERS NO.01 PLATA,Analogo
5165,ARTLINE JOCHEN PETERS NO.01 PLATA,Instrumentos Para Encerado
5165,ARTLINE JOCHEN PETERS NO.01 PLATA,Consumible
5168,ARTLINE JOCHEN PETERS NO.02 PLATA,Analogo
5168,ARTLINE JOCHEN PETERS NO.02 PLATA,Instrumentos Para Encerado
5168,ARTLINE JOCHEN PETERS NO.02 PLATA,Consumible
5156,ARTLINE PLUS NO.01 ROJO,Analogo
5156,ARTLINE PLUS NO.01 ROJO,Instrumentos Para Encerado
5156,ARTLINE PLUS NO.01 ROJO,Consumible
5159,ARTLINE PLUS NO.02 VERDE,Analogo
5159,ARTLINE PLUS NO.02 VERDE,Instrumentos Para Encerado
5159,ARTLINE PLUS NO.02 VERDE,Consumible
5162,ARTLINE PLUS NO.03 AMARILLO,Analogo
5162,ARTLINE PLUS NO.03 AMARILLO,Instrumentos Para Encerado
5162,ARTLINE PLUS NO.03 AMARILLO,Consumible
295130,ASIGA FLASH LAMP UV,Digital
295130,ASIGA FLASH LAMP UV,Refaccion
295130,ASIGA FLASH LAMP UV,Impresoras 3d
295130,ASIGA FLASH LAMP UV,Impresoras Dlp
295187,ASIGA FLASH LAMP UV 220V,Digital
295187,ASIGA FLASH LAMP UV 220V,Refaccion
295187,ASIGA FLASH LAMP UV 220V,Impresoras 3d
295187,ASIGA FLASH LAMP UV 220V,Impresoras Dlp
295114,ASIGA ULTRA 50 IMPRESORA 3D,Digital
295114,ASIGA ULTRA 50 IMPRESORA 3D,Equipo
295114,ASIGA ULTRA 50 IMPRESORA 3D,Impresoras 3d
295114,ASIGA ULTRA 50 IMPRESORA 3D,Impresoras Dlp
305097,ASSY CABLE USB 3.0 IO3 PARA I600/I700,Digital
305097,ASSY CABLE USB 3.0 IO3 PARA I600/I700,Refaccion
305097,ASSY CABLE USB 3.0 IO3 PARA I600/I700,Escaner Intraoral
305094,ASSY CABLE USB MAIN IO3 PARA I600/I700,Digital
305094,ASSY CABLE USB MAIN IO3 PARA I600/I700,Refaccion
305094,ASSY CABLE USB MAIN IO3 PARA I600/I700,Escaner Intraoral
3824,AUMENTO 10MM PARA ESPIGA RADIAL,Analogo
3824,AUMENTO 10MM PARA ESPIGA RADIAL,Articuladores
3824,AUMENTO 10MM PARA ESPIGA RADIAL,Accesorio
97818,AUSTROMAT 220,Analogo
97818,AUSTROMAT 220,Hornos
97818,AUSTROMAT 220,Equipo
97818,AUSTROMAT 220,Hornos De Coccion
3497,AUSTROMAT 624,Analogo
3497,AUSTROMAT 624,Hornos
3497,AUSTROMAT 624,Equipo
3497,AUSTROMAT 624,Hornos De Coccion
170481,AUSTROMAT 624I,Analogo
170481,AUSTROMAT 624I,Hornos
170481,AUSTROMAT 624I,Equipo
170481,AUSTROMAT 624I,Hornos De Coccion
3494,AUSTROMAT 654 PRESS I DENT,Analogo
3494,AUSTROMAT 654 PRESS I DENT,Hornos
3494,AUSTROMAT 654 PRESS I DENT,Equipo
3494,AUSTROMAT 654 PRESS I DENT,Hornos De Coccion
4580,AUSTROMAT 654 PRESS I DENT RED,Analogo
4580,AUSTROMAT 654 PRESS I DENT RED,Hornos
4580,AUSTROMAT 654 PRESS I DENT RED,Equipo
4580,AUSTROMAT 654 PRESS I DENT RED,Hornos De Coccion
3506,AUSTROMAT 654I PRESS I DENT 105548,Analogo
3506,AUSTROMAT 654I PRESS I DENT 105548,Hornos
3506,AUSTROMAT 654I PRESS I DENT 105548,Equipo
3506,AUSTROMAT 654I PRESS I DENT 105548,Hornos De Coccion
97813,AUSTROMAT 654I PRESS I DENT GOLDELN EDITION,Analogo
97813,AUSTROMAT 654I PRESS I DENT GOLDELN EDITION,Hornos
97813,AUSTROMAT 654I PRESS I DENT GOLDELN EDITION,Equipo
97813,AUSTROMAT 654I PRESS I DENT GOLDELN EDITION,Hornos De Coccion
3500,AUSTROMAT 664,Analogo
3500,AUSTROMAT 664,Hornos
3500,AUSTROMAT 664,Equipo
3500,AUSTROMAT 664,Hornos De Sinterizado
3509,AUSTROMAT 674I LINE BLACK,Digital
3509,AUSTROMAT 674I LINE BLACK,Hornos
3509,AUSTROMAT 674I LINE BLACK,Equipo
3509,AUSTROMAT 674I LINE BLACK,Hornos De Sinterizado
80883,AUTO SPIN BROCA CONICA,Analogo
80883,AUTO SPIN BROCA CONICA,Refaccion
80889,AUTO SPIN PLACA SECUNDARIA 50PZAS,Analogo
80889,AUTO SPIN PLACA SECUNDARIA 50PZAS,Consumible
295027,AUTOCALIBRATION KIT MATRON,Digital
295027,AUTOCALIBRATION KIT MATRON,Accesorio
295027,AUTOCALIBRATION KIT MATRON,Fresadoras
85800,B AXIS MOTOR INCHL. ENCODER 5X,Digital
85800,B AXIS MOTOR INCHL. ENCODER 5X,Fresadoras
85800,B AXIS MOTOR INCHL. ENCODER 5X,Refaccion
115705,B AXIS MOTOR INCL. ENDOCER MATIK,Refaccion
115705,B AXIS MOTOR INCL. ENDOCER MATIK,Digital
98431,BALL BEARING,Digital
98431,BALL BEARING,Refaccion
98431,BALL BEARING,Impresoras 3d
98510,BALL BEARING S,Digital
98510,BALL BEARING S,Refaccion
98510,BALL BEARING S,Impresoras 3d
98492,BALL BEARING SCHICK,Digital
98492,BALL BEARING SCHICK,Refaccion
98492,BALL BEARING SCHICK,Impresoras 3d
80871,BANDEJAS DE FIBRA FIBERTRAY 10PZ,Analogo
80871,BANDEJAS DE FIBRA FIBERTRAY 10PZ,Accesorio
80871,BANDEJAS DE FIBRA FIBERTRAY 10PZ,Naves De Coccion
89564,BARRA MAXILAR INFERIOR AZUL 4.0 X2.0MM 65G,Analogo
89564,BARRA MAXILAR INFERIOR AZUL 4.0 X2.0MM 65G,Preformas De Cera
89564,BARRA MAXILAR INFERIOR AZUL 4.0 X2.0MM 65G,Refaccion
89561,"BARRA MAXILAR SUPERIOR, AZUL 5.0 X 1.3MM 65G",Analogo
89561,"BARRA MAXILAR SUPERIOR, AZUL 5.0 X 1.3MM 65G",Preformas De Cera
89561,"BARRA MAXILAR SUPERIOR, AZUL 5.0 X 1.3MM 65G",Refaccion
125510,BASE DE SINTERIZADO DE HORNO 6100 MS,Refaccion
125510,BASE DE SINTERIZADO DE HORNO 6100 MS,Analogo
4688,BASE DE TRANSFERENCIA ARTEX C INCL. MESA,Analogo
4688,BASE DE TRANSFERENCIA ARTEX C INCL. MESA,Articuladores
4688,BASE DE TRANSFERENCIA ARTEX C INCL. MESA,Accesorio
11318,BASE SICURY 2P+T 16A. P302M PLANTA VIMAR,Accesorio
11318,BASE SICURY 2P+T 16A. P302M PLANTA VIMAR,Analogo
80598,BASIC MASTER 25-70U/70-250U 100-120V 50/,Analogo
80598,BASIC MASTER 25-70U/70-250U 100-120V 50/,Equipo
80598,BASIC MASTER 25-70U/70-250U 100-120V 50/,Arenadoras
92579,BATTERY FOR D,Refaccion
92579,BATTERY FOR D,Analogo
5726,BC ECOGRAY RESIN FOR MODEL LCD/DLP PRINT,Digital
5726,BC ECOGRAY RESIN FOR MODEL LCD/DLP PRINT,Resinas De Impresion
5726,BC ECOGRAY RESIN FOR MODEL LCD/DLP PRINT,Consumible
5732,BC KMD FORM/SLA/DLP RESIN FOR MODEL PRIN,Digital
5732,BC KMD FORM/SLA/DLP RESIN FOR MODEL PRIN,Resinas De Impresion
5732,BC KMD FORM/SLA/DLP RESIN FOR MODEL PRIN,Consumible
5729,BC KMD LCD/DLP RESIN MODELPRINTERS ACRYL,Digital
5729,BC KMD LCD/DLP RESIN MODELPRINTERS ACRYL,Resinas De Impresion
5729,BC KMD LCD/DLP RESIN MODELPRINTERS ACRYL,Consumible
5735,BC MODEL GRAY RESIN MODEL LCD/DLP PRINTE,Digital
5735,BC MODEL GRAY RESIN MODEL LCD/DLP PRINTE,Resinas De Impresion
5735,BC MODEL GRAY RESIN MODEL LCD/DLP PRINTE,Consumible
5738,BC X10 FORM/SLA/DLP CASTABLE RESIN PRINT,Digital
5738,BC X10 FORM/SLA/DLP CASTABLE RESIN PRINT,Resinas De Impresion
5738,BC X10 FORM/SLA/DLP CASTABLE RESIN PRINT,Consumible
5741,BC X10 LCD/DLP RESIN PRINTERS ACRYLIC FI,Digital
5741,BC X10 LCD/DLP RESIN PRINTERS ACRYLIC FI,Resinas De Impresion
5741,BC X10 LCD/DLP RESIN PRINTERS ACRYLIC FI,Consumible
5744,BC X10 SHARPENIZER CASTABLE RESIN PRINTE,Digital
5744,BC X10 SHARPENIZER CASTABLE RESIN PRINTE,Resinas De Impresion
5744,BC X10 SHARPENIZER CASTABLE RESIN PRINTE,Consumible
116914,BIG BLOCK DISPENSER GUN,Analogo
116914,BIG BLOCK DISPENSER GUN,Pistola Dispensadora
116914,BIG BLOCK DISPENSER GUN,Equipo
80565,BI-PIN CORTO CON MANGUITO 100PZ,Analogo
80565,BI-PIN CORTO CON MANGUITO 100PZ,Consumible
80565,BI-PIN CORTO CON MANGUITO 100PZ,Pines
79962,BISON CEPILLOS DE PULIDO 14MM 25PZ,Analogo
79962,BISON CEPILLOS DE PULIDO 14MM 25PZ,Consumible
79962,BISON CEPILLOS DE PULIDO 14MM 25PZ,Pulidores
3890,BLACK DIAMOND DIAMOND PRE-POLISHING FOR,Analogo
3890,BLACK DIAMOND DIAMOND PRE-POLISHING FOR,Abrasivos
3890,BLACK DIAMOND DIAMOND PRE-POLISHING FOR,Consumible
295036,BLANK HOLDER 98 MATRON,Digital
295036,BLANK HOLDER 98 MATRON,Accesorio
295036,BLANK HOLDER 98 MATRON,Fresadoras
295039,BLANK HOLDER BLOCKS 4X UN MATRON,Digital
295039,BLANK HOLDER BLOCKS 4X UN MATRON,Accesorio
295039,BLANK HOLDER BLOCKS 4X UN MATRON,Fresadoras
121370,BLANK HOLDER BLOCS 3X UN M3,Accesorio
121370,BLANK HOLDER BLOCS 3X UN M3,Digital
252317,BLANK HOLDER BLOCS 9X UN M3,Digital
252317,BLANK HOLDER BLOCS 9X UN M3,Accesorio
112914,BLANK HOLDER C- CLAMP M3,Accesorio
112914,BLANK HOLDER C- CLAMP M3,Digital
112914,BLANK HOLDER C- CLAMP M3,Fresadoras
295033,BLANK HOLDER C CLAMP MATRON,Digital
295033,BLANK HOLDER C CLAMP MATRON,Accesorio
295033,BLANK HOLDER C CLAMP MATRON,Fresadoras
85898,BLANK HOLDER FOR PROGRAMILL PRODUCTION,Accesorio
85898,BLANK HOLDER FOR PROGRAMILL PRODUCTION,Digital
85898,BLANK HOLDER FOR PROGRAMILL PRODUCTION,Fresadoras
295042,BLANK HOLDER METAL MATRON,Digital
295042,BLANK HOLDER METAL MATRON,Accesorio
295042,BLANK HOLDER METAL MATRON,Fresadoras
3689,BLANK SOCKET FOR ROTATION MILLING,Digital
3689,BLANK SOCKET FOR ROTATION MILLING,Fresadoras
3689,BLANK SOCKET FOR ROTATION MILLING,Refaccion
132181,BLOQUEO DE DISTRIBUCIÓN STEAMER X3,Refaccion
132181,BLOQUEO DE DISTRIBUCIÓN STEAMER X3,Digital
4829,BLUE MAKER,Analogo
4829,BLUE MAKER,Insumos De Laboratorio
4829,BLUE MAKER,Consumible
3488,BLUE PLACE HOLDER BOX SPECIAL DIAMETER,Analogo
3488,BLUE PLACE HOLDER BOX SPECIAL DIAMETER,Accesorio
80922,BOLA DE VIBRACION,Analogo
80922,BOLA DE VIBRACION,Consumible
80922,BOLA DE VIBRACION,Insumos De Laboratorio
3572,"BOLAS DE SINTERIZACION 200G, 1MM",Consumible
3572,"BOLAS DE SINTERIZACION 200G, 1MM",Digital
3572,"BOLAS DE SINTERIZACION 200G, 1MM",Hornos
3572,"BOLAS DE SINTERIZACION 200G, 1MM",Hornos De Sinterizado
97238,BOMBA DE ASPIRACIÓN VS250 S,Digital
97238,BOMBA DE ASPIRACIÓN VS250 S,Aspiradoras
97238,BOMBA DE ASPIRACIÓN VS250 S,Equipo
115326,BOMBA DE REFRIGERANTE MIKRO IC/M2I/M2DNA,Digital
115326,BOMBA DE REFRIGERANTE MIKRO IC/M2I/M2DNA,Refaccion
115326,BOMBA DE REFRIGERANTE MIKRO IC/M2I/M2DNA,Fresadoras
115326,BOMBA REFRIGERANTE CS/M2,Digital
115326,BOMBA REFRIGERANTE CS/M2,Refaccion
115326,BOMBA REFRIGERANTE CS/M2,Fresadoras
95115,BOMBA REFRIGERANTE M2,Refaccion
95115,BOMBA REFRIGERANTE M2,Digital
4256,BONDING KIT FOR CERAMIC BLANKS,Consumible
4256,BONDING KIT FOR CERAMIC BLANKS,Analogo
100275,BOTÓN SOLO MOTION,Digital
100275,BOTÓN SOLO MOTION,Fresadoras
100275,BOTÓN SOLO MOTION,Refaccion
3470,BRACKET L PROTECT COMPLETE,Analogo
198928,BRASS DUCT BOLT,Refaccion
198928,BRASS DUCT BOLT,Analogo
80316,BRINELL L PASTA DE PULIDO A ALTO BRILLO,Analogo
80316,BRINELL L PASTA DE PULIDO A ALTO BRILLO,Consumible
80316,BRINELL L PASTA DE PULIDO A ALTO BRILLO,Pasta De Pulido
80361,BROCA ESCALONADA PARA PINS TAMAÑO 2.0 3P,Analogo
80361,BROCA ESCALONADA PARA PINS TAMAÑO 2.0 3P,Refaccion
80361,BROCA ESCALONADA PARA PINS TAMAÑO 2.0 3P,Pines
3764,BRUSH SCOURIG - CRIMP BRASS - ND 5100,Digital
3764,BRUSH SCOURIG - CRIMP BRASS - ND 5100,Impresoras 3d
3764,BRUSH SCOURIG - CRIMP BRASS - ND 5100,Accesorio
3764,BRUSH SCOURIG - CRIMP BRASS - ND 5100,Impresoras Dlp
5885,BRUSH SET (2:4) PINCEL,Analogo
5885,BRUSH SET (2:4) PINCEL,Pinceles
5885,BRUSH SET (2:4) PINCEL,Consumible
4526,BUCH ZAHNFORMEN KNUT MILLER DT/EN-FR/IT,Consumible
98247,BUILDING PLATFORM (SONIC MINI 4K),Digital
98247,BUILDING PLATFORM (SONIC MINI 4K),Impresoras 3d
98247,BUILDING PLATFORM (SONIC MINI 4K),Consumible
98247,BUILDING PLATFORM (SONIC MINI 4K),Impresoras Lcd
100857,BUILDING PLATFORM (SONIC XL 4K),Digital
100857,BUILDING PLATFORM (SONIC XL 4K),Impresoras 3d
100857,BUILDING PLATFORM (SONIC XL 4K),Consumible
100857,BUILDING PLATFORM (SONIC XL 4K),Impresoras Lcd
117528,BUILDING PLATFORM 9.3 (SONIC MIGHTY 4K),Digital
117528,BUILDING PLATFORM 9.3 (SONIC MIGHTY 4K),Impresoras 3d
117528,BUILDING PLATFORM 9.3 (SONIC MIGHTY 4K),Consumible
117528,BUILDING PLATFORM 9.3 (SONIC MIGHTY 4K),Impresoras Lcd
295118,BUNDLED 1L MAX BUILD TRAY,Digital
295118,BUNDLED 1L MAX BUILD TRAY,Consumible
295118,BUNDLED 1L MAX BUILD TRAY,Impresoras 3d
295118,BUNDLED 1L MAX BUILD TRAY,Impresoras Dlp
115709,C AXIS MOTOR INCL. ENCODER MATIK,Refaccion
115709,C AXIS MOTOR INCL. ENCODER MATIK,Digital
3662,CABLE,Digital
3662,CABLE,Fresadoras
3662,CABLE,Refaccion
111500,CABLE DE CONEXIÓN A RED,Refaccion
111500,CABLE DE CONEXIÓN A RED,Digital
111492,CABLE DE CONEXIÓN A RED 110V-IEC C19,Refaccion
111492,CABLE DE CONEXIÓN A RED 110V-IEC C19,Analogo
111496,"CABLE DE RED, 2 M",Refaccion
111496,"CABLE DE RED, 2 M",Analogo
100947,CABLE FOR MIGHTY,Digital
100947,CABLE FOR MIGHTY,Impresoras 3d
100947,CABLE FOR MIGHTY,Refaccion
100947,CABLE FOR MIGHTY,Impresoras Lcd
96081,CABLE SET ELECTRONIC,Refaccion
96081,CABLE SET ELECTRONIC,Analogo
100490,CABLE SONIC XL 4K,Digital
100490,CABLE SONIC XL 4K,Impresoras 3d
100490,CABLE SONIC XL 4K,Refaccion
100490,CABLE SONIC XL 4K,Impresoras Lcd
3665,"CAD/CAM MONITOR 22""",Digital
3665,"CAD/CAM MONITOR 22""",Fresadoras
3665,"CAD/CAM MONITOR 22""",Accesorio
3623,CAD/CAM PC SET PREMIUM,Digital
3623,CAD/CAM PC SET PREMIUM,Equipo De Computo
3623,CAD/CAM PC SET PREMIUM,Equipo
3620,CAD/CAM PC SET STANDARD 179080,Digital
3620,CAD/CAM PC SET STANDARD 179080,Equipo De Computo
3620,CAD/CAM PC SET STANDARD 179080,Equipo
3656,CAD/CAM SYSTEM PC ACCESORIOS,Digital
3656,CAD/CAM SYSTEM PC ACCESORIOS,Fresadoras
3656,CAD/CAM SYSTEM PC ACCESORIOS,Accesorio
4646,CAD/CAM SYSTEM PC SET,Digital
4646,CAD/CAM SYSTEM PC SET,Equipo De Computo
4646,CAD/CAM SYSTEM PC SET,Equipo
3659,CAD/CAM TASTATUR DELL,Digital
3659,CAD/CAM TASTATUR DELL,Fresadoras
3659,CAD/CAM TASTATUR DELL,Accesorio
98474,CAGE CPL.,Digital
98474,CAGE CPL.,Refaccion
98474,CAGE CPL.,Impresoras 3d
14285,CAJA PARA FRESAS,Analogo
14285,CAJA PARA FRESAS,Consumible
14285,CAJA PARA FRESAS,Fresones
6725,CALCINABLE ANTIRROTATIVO DIRECTOL Ø 4.8,Aditamentos Para Implantes
6725,CALCINABLE ANTIRROTATIVO DIRECTOL Ø 4.8,Consumible
6725,CALCINABLE ANTIRROTATIVO DIRECTOL Ø 4.8,Analogo
6842,CALCINABLE ANTIRROTATIVO Ø 3.7,Aditamentos Para Implantes
6842,CALCINABLE ANTIRROTATIVO Ø 3.7,Consumible
6842,CALCINABLE ANTIRROTATIVO Ø 3.7,Analogo
6665,CALCINABLE ANTIRROTATIVO Ø 4.3,Aditamentos Para Implantes
6665,CALCINABLE ANTIRROTATIVO Ø 4.3,Consumible
6665,CALCINABLE ANTIRROTATIVO Ø 4.3,Analogo
6668,CALCINABLE ANTIRROTATIVO Ø 5,Aditamentos Para Implantes
6668,CALCINABLE ANTIRROTATIVO Ø 5,Consumible
6668,CALCINABLE ANTIRROTATIVO Ø 5,Analogo
6734,CALCINABLE ROTATIVO A IMPLANTE Ø 4.8,Aditamentos Para Implantes
6734,CALCINABLE ROTATIVO A IMPLANTE Ø 4.8,Consumible
6734,CALCINABLE ROTATIVO A IMPLANTE Ø 4.8,Analogo
6869,CALCINABLE ROTATIVO Ø 3.5,Aditamentos Para Implantes
6869,CALCINABLE ROTATIVO Ø 3.5,Consumible
6869,CALCINABLE ROTATIVO Ø 3.5,Analogo
6671,CALCINABLE ROTATIVO Ø 4.3,Aditamentos Para Implantes
6671,CALCINABLE ROTATIVO Ø 4.3,Consumible
6671,CALCINABLE ROTATIVO Ø 4.3,Analogo
6632,CALCINABLE ROTATIVO Ø 4.8,Aditamentos Para Implantes
6632,CALCINABLE ROTATIVO Ø 4.8,Consumible
6632,CALCINABLE ROTATIVO Ø 4.8,Analogo
6674,CALCINABLE ROTATIVO Ø 5,Aditamentos Para Implantes
6674,CALCINABLE ROTATIVO Ø 5,Consumible
6674,CALCINABLE ROTATIVO Ø 5,Analogo
104008,CALIBRACIÓN MOTION 2,Servicios
104008,CALIBRACIÓN MOTION 2,Digital
3491,"CALIBRATION SET SIC, BASIC, 664, 674",Analogo
3491,"CALIBRATION SET SIC, BASIC, 664, 674",Hornos
3491,"CALIBRATION SET SIC, BASIC, 664, 674",Refaccion
3491,"CALIBRATION SET SIC, BASIC, 664, 674",Hornos De Sinterizado
3686,CALIBRATION SLEEVE F/ ROTATIONAL MILLING,Digital
3686,CALIBRATION SLEEVE F/ ROTATIONAL MILLING,Fresadoras
3686,CALIBRATION SLEEVE F/ ROTATIONAL MILLING,Refaccion
91778,CAMEO DISILICATE DISPLAY ACG KIT,Analogo
91778,CAMEO DISILICATE DISPLAY ACG KIT,Disilicato De Litio Para Prensar
91778,CAMEO DISILICATE DISPLAY ACG KIT,Consumible
409909,CAMEO MILL BLOCK B40 HT A2,Digital
409909,CAMEO MILL BLOCK B40 HT A2,Consumible
409909,CAMEO MILL BLOCK B40 HT A2,Bloques
409909,CAMEO MILL BLOCK B40 HT A2,Bloques De Disilicato De Litio
86918,CAMEO MILL BLOCS BOX B40 LT A1,Digital
86918,CAMEO MILL BLOCS BOX B40 LT A1,Bloques De Disilicato De Litio
86918,CAMEO MILL BLOCS BOX B40 LT A1,Consumible
86918,CAMEO MILL BLOCS BOX B40 LT A1,Bloques
86923,CAMEO MILL BLOCS BOX B40 LT A2,Digital
86923,CAMEO MILL BLOCS BOX B40 LT A2,Bloques De Disilicato De Litio
86923,CAMEO MILL BLOCS BOX B40 LT A2,Consumible
86923,CAMEO MILL BLOCS BOX B40 LT A2,Bloques
86926,CAMEO MILL BLOCS BOX B40 LT A3,Digital
86926,CAMEO MILL BLOCS BOX B40 LT A3,Bloques De Disilicato De Litio
86926,CAMEO MILL BLOCS BOX B40 LT A3,Consumible
86926,CAMEO MILL BLOCS BOX B40 LT A3,Bloques
5756,CAMEO MILL BLOCS BOX C14 HT A1,Digital
5756,CAMEO MILL BLOCS BOX C14 HT A1,Bloques De Disilicato De Litio
5756,CAMEO MILL BLOCS BOX C14 HT A1,Consumible
5756,CAMEO MILL BLOCS BOX C14 HT A1,Bloques
5759,CAMEO MILL BLOCS BOX C14 HT A2,Digital
5759,CAMEO MILL BLOCS BOX C14 HT A2,Bloques De Disilicato De Litio
5759,CAMEO MILL BLOCS BOX C14 HT A2,Consumible
5759,CAMEO MILL BLOCS BOX C14 HT A2,Bloques
5762,CAMEO MILL BLOCS BOX C14 HT B1,Digital
5762,CAMEO MILL BLOCS BOX C14 HT B1,Bloques De Disilicato De Litio
5762,CAMEO MILL BLOCS BOX C14 HT B1,Consumible
5762,CAMEO MILL BLOCS BOX C14 HT B1,Bloques
96010,CAMEO MILL BLOCS BOX C14 HT BL1/W1,Digital
96010,CAMEO MILL BLOCS BOX C14 HT BL1/W1,Bloques De Disilicato De Litio
96010,CAMEO MILL BLOCS BOX C14 HT BL1/W1,Consumible
96010,CAMEO MILL BLOCS BOX C14 HT BL1/W1,Bloques
218183,CAMEO MILL BLOCS BOX C14 HT BL2,Digital
218183,CAMEO MILL BLOCS BOX C14 HT BL2,Consumible
218183,CAMEO MILL BLOCS BOX C14 HT BL2,Bloques De Disilicato De Litio
218183,CAMEO MILL BLOCS BOX C14 HT BL2,Bloques
5765,CAMEO MILL BLOCS BOX C14 HT BL3/W3,Digital
5765,CAMEO MILL BLOCS BOX C14 HT BL3/W3,Bloques De Disilicato De Litio
5765,CAMEO MILL BLOCS BOX C14 HT BL3/W3,Consumible
5765,CAMEO MILL BLOCS BOX C14 HT BL3/W3,Bloques
218187,CAMEO MILL BLOCS BOX C14 HT BL4,Digital
218187,CAMEO MILL BLOCS BOX C14 HT BL4,Consumible
218187,CAMEO MILL BLOCS BOX C14 HT BL4,Bloques De Disilicato De Litio
218187,CAMEO MILL BLOCS BOX C14 HT BL4,Bloques
5768,CAMEO MILL BLOCS BOX C14 LT A1,Digital
5768,CAMEO MILL BLOCS BOX C14 LT A1,Bloques De Disilicato De Litio
5768,CAMEO MILL BLOCS BOX C14 LT A1,Consumible
5768,CAMEO MILL BLOCS BOX C14 LT A1,Bloques
5771,CAMEO MILL BLOCS BOX C14 LT A2,Digital
5771,CAMEO MILL BLOCS BOX C14 LT A2,Bloques De Disilicato De Litio
5771,CAMEO MILL BLOCS BOX C14 LT A2,Consumible
5771,CAMEO MILL BLOCS BOX C14 LT A2,Bloques
5774,CAMEO MILL BLOCS BOX C14 LT A3,Digital
5774,CAMEO MILL BLOCS BOX C14 LT A3,Bloques De Disilicato De Litio
5774,CAMEO MILL BLOCS BOX C14 LT A3,Consumible
5774,CAMEO MILL BLOCS BOX C14 LT A3,Bloques
5777,CAMEO MILL BLOCS BOX C14 LT B1,Digital
5777,CAMEO MILL BLOCS BOX C14 LT B1,Bloques De Disilicato De Litio
5777,CAMEO MILL BLOCS BOX C14 LT B1,Consumible
5777,CAMEO MILL BLOCS BOX C14 LT B1,Bloques
86619,CAMEO MILL BLOCS BOX C14 LT BL1,Digital
86619,CAMEO MILL BLOCS BOX C14 LT BL1,Bloques De Disilicato De Litio
86619,CAMEO MILL BLOCS BOX C14 LT BL1,Consumible
86619,CAMEO MILL BLOCS BOX C14 LT BL1,Bloques
86616,CAMEO MILL BLOCS BOX C14 LT BL2,Digital
86616,CAMEO MILL BLOCS BOX C14 LT BL2,Bloques De Disilicato De Litio
86616,CAMEO MILL BLOCS BOX C14 LT BL2,Consumible
86616,CAMEO MILL BLOCS BOX C14 LT BL2,Bloques
218179,CAMEO MILL BLOCS BOX C14 LT C1,Digital
218179,CAMEO MILL BLOCS BOX C14 LT C1,Consumible
218179,CAMEO MILL BLOCS BOX C14 LT C1,Bloques De Disilicato De Litio
218179,CAMEO MILL BLOCS BOX C14 LT C1,Bloques
218175,CAMEO MILL BLOCS BOX C14 LT C2,Digital
218175,CAMEO MILL BLOCS BOX C14 LT C2,Consumible
218175,CAMEO MILL BLOCS BOX C14 LT C2,Bloques De Disilicato De Litio
218175,CAMEO MILL BLOCS BOX C14 LT C2,Bloques
218169,CAMEO MILL BLOCS BOX C14 LT D2,Digital
218169,CAMEO MILL BLOCS BOX C14 LT D2,Consumible
218169,CAMEO MILL BLOCS BOX C14 LT D2,Bloques De Disilicato De Litio
218169,CAMEO MILL BLOCS BOX C14 LT D2,Bloques
86965,CAMEO PMMA MULTI T40 A1,Digital
86965,CAMEO PMMA MULTI T40 A1,Bloques De Pmma
86965,CAMEO PMMA MULTI T40 A1,Consumible
86965,CAMEO PMMA MULTI T40 A1,Bloques
86969,CAMEO PMMA MULTI T40 A2,Digital
86969,CAMEO PMMA MULTI T40 A2,Bloques De Pmma
86969,CAMEO PMMA MULTI T40 A2,Consumible
86969,CAMEO PMMA MULTI T40 A2,Bloques
86972,CAMEO PMMA MULTI T40 B1,Digital
86972,CAMEO PMMA MULTI T40 B1,Bloques De Pmma
86972,CAMEO PMMA MULTI T40 B1,Consumible
86972,CAMEO PMMA MULTI T40 B1,Bloques
86975,CAMEO PMMA MULTI T40 BL2/0M2,Digital
86975,CAMEO PMMA MULTI T40 BL2/0M2,Bloques De Pmma
86975,CAMEO PMMA MULTI T40 BL2/0M2,Consumible
86975,CAMEO PMMA MULTI T40 BL2/0M2,Bloques
5813,CAMEO PRESS IN BOX HT BL3/W3,Analogo
5813,CAMEO PRESS IN BOX HT BL3/W3,Disilicato De Litio Para Prensar
5813,CAMEO PRESS IN BOX HT BL3/W3,Consumible
5801,CAMEO PRESS INGOT BOX HT A1,Analogo
5801,CAMEO PRESS INGOT BOX HT A1,Disilicato De Litio Para Prensar
5801,CAMEO PRESS INGOT BOX HT A1,Consumible
5804,CAMEO PRESS INGOT BOX HT A2,Analogo
5804,CAMEO PRESS INGOT BOX HT A2,Disilicato De Litio Para Prensar
5804,CAMEO PRESS INGOT BOX HT A2,Consumible
5807,CAMEO PRESS INGOT BOX HT A3,Analogo
5807,CAMEO PRESS INGOT BOX HT A3,Disilicato De Litio Para Prensar
5807,CAMEO PRESS INGOT BOX HT A3,Consumible
5810,CAMEO PRESS INGOT BOX HT B1,Analogo
5810,CAMEO PRESS INGOT BOX HT B1,Disilicato De Litio Para Prensar
5810,CAMEO PRESS INGOT BOX HT B1,Consumible
91771,CAMEO PRESS INGOT BOX HT B2,Analogo
91771,CAMEO PRESS INGOT BOX HT B2,Disilicato De Litio Para Prensar
91771,CAMEO PRESS INGOT BOX HT B2,Consumible
218191,CAMEO PRESS INGOT BOX HT BL2,Analogo
218191,CAMEO PRESS INGOT BOX HT BL2,Consumible
218191,CAMEO PRESS INGOT BOX HT BL2,Disilicato De Litio Para Prensar
218196,CAMEO PRESS INGOT BOX HT BL4,Analogo
218196,CAMEO PRESS INGOT BOX HT BL4,Consumible
218196,CAMEO PRESS INGOT BOX HT BL4,Disilicato De Litio Para Prensar
5816,CAMEO PRESS INGOT BOX LT A1,Analogo
5816,CAMEO PRESS INGOT BOX LT A1,Disilicato De Litio Para Prensar
5816,CAMEO PRESS INGOT BOX LT A1,Consumible
5819,CAMEO PRESS INGOT BOX LT A2,Analogo
5819,CAMEO PRESS INGOT BOX LT A2,Disilicato De Litio Para Prensar
5819,CAMEO PRESS INGOT BOX LT A2,Consumible
5822,CAMEO PRESS INGOT BOX LT A3,Analogo
5822,CAMEO PRESS INGOT BOX LT A3,Disilicato De Litio Para Prensar
5822,CAMEO PRESS INGOT BOX LT A3,Consumible
83147,CAMEO PRESS INGOT BOX LT B1,Analogo
83147,CAMEO PRESS INGOT BOX LT B1,Disilicato De Litio Para Prensar
83147,CAMEO PRESS INGOT BOX LT B1,Consumible
5825,CAMEO PRESS INGOT BOX LT B2,Analogo
5825,CAMEO PRESS INGOT BOX LT B2,Disilicato De Litio Para Prensar
5825,CAMEO PRESS INGOT BOX LT B2,Consumible
86613,CAMEO PRESS INGOT BOX LT BL1,Digital
86613,CAMEO PRESS INGOT BOX LT BL1,Disilicato De Litio Para Prensar
86613,CAMEO PRESS INGOT BOX LT BL1,Consumible
86610,CAMEO PRESS INGOT BOX LT BL2,Digital
86610,CAMEO PRESS INGOT BOX LT BL2,Disilicato De Litio Para Prensar
86610,CAMEO PRESS INGOT BOX LT BL2,Consumible
84073,CAMEO PRESS INGOT BOX LT C1,Analogo
84073,CAMEO PRESS INGOT BOX LT C1,Disilicato De Litio Para Prensar
84073,CAMEO PRESS INGOT BOX LT C1,Consumible
91765,CAMEO PRESS INGOT BOX LT C2,Analogo
91765,CAMEO PRESS INGOT BOX LT C2,Disilicato De Litio Para Prensar
91765,CAMEO PRESS INGOT BOX LT C2,Consumible
91768,CAMEO PRESS INGOT BOX LT C3,Analogo
91768,CAMEO PRESS INGOT BOX LT C3,Disilicato De Litio Para Prensar
91768,CAMEO PRESS INGOT BOX LT C3,Consumible
304384,CAPACITOR PARA ROTOCAST,Analogo
304384,CAPACITOR PARA ROTOCAST,Refaccion
304384,CAPACITOR PARA ROTOCAST,Centrifuga De Fundicion
122824,CAPACITOR SCHAFFNER RD6127-6-15M0,Refaccion
122824,CAPACITOR SCHAFFNER RD6127-6-15M0,Analogo
3527,"CAPERUZAS PROT. PARA NOFLAME P, 10 PZAS.",Analogo
3527,"CAPERUZAS PROT. PARA NOFLAME P, 10 PZAS.",Enceradoras
3527,"CAPERUZAS PROT. PARA NOFLAME P, 10 PZAS.",Consumible
85534,CAPUCHON ENCODER (5 PZAS),Digital
85534,CAPUCHON ENCODER (5 PZAS),Fresadoras
85534,CAPUCHON ENCODER (5 PZAS),Refaccion
99149,CAPUCHON SPINDLE ST,Digital
99149,CAPUCHON SPINDLE ST,Fresadoras
99149,CAPUCHON SPINDLE ST,Refaccion
4709,CARAMISTA PINCEL NO.0,Analogo
4709,CARAMISTA PINCEL NO.0,Pinceles
4709,CARAMISTA PINCEL NO.0,Consumible
4712,CARAMISTA PINCEL NO.1,Analogo
4712,CARAMISTA PINCEL NO.1,Pinceles
4712,CARAMISTA PINCEL NO.1,Consumible
4700,CARAMISTA PINCEL NO.4,Analogo
4700,CARAMISTA PINCEL NO.4,Pinceles
4700,CARAMISTA PINCEL NO.4,Consumible
4703,CARAMISTA PINCEL NO.6,Analogo
4703,CARAMISTA PINCEL NO.6,Pinceles
4703,CARAMISTA PINCEL NO.6,Consumible
4706,CARAMISTA PINCEL NO.8,Analogo
4706,CARAMISTA PINCEL NO.8,Pinceles
4706,CARAMISTA PINCEL NO.8,Consumible
4715,CARAMISTA PINCEL OPAQUER/BONDER,Analogo
4715,CARAMISTA PINCEL OPAQUER/BONDER,Pinceles
4715,CARAMISTA PINCEL OPAQUER/BONDER,Consumible
4724,CARAMISTA PURE,Analogo
4724,CARAMISTA PURE,Pinceles
4724,CARAMISTA PURE,Consumible
4718,CARAMISTA-N PINCEL NO.6,Analogo
4718,CARAMISTA-N PINCEL NO.6,Pinceles
4718,CARAMISTA-N PINCEL NO.6,Consumible
4721,CARAMISTA-N PINCEL NO.8,Analogo
4721,CARAMISTA-N PINCEL NO.8,Pinceles
4721,CARAMISTA-N PINCEL NO.8,Consumible
121759,CATÁLOGO ROKO GENERAL,Folletos
121763,CATÁLOGO YETI GENERAL,Folletos
297664,CC BLEACH DENTINE BD-A 20G,Analogo
297664,CC BLEACH DENTINE BD-A 20G,Consumible
297664,CC BLEACH DENTINE BD-A 20G,Ceramica De Recubrimiento
297664,CC BLEACH DENTINE BD-A 20G,Metal Ceramica
297667,CC BLEACH DENTINE BD-B 20G,Analogo
297667,CC BLEACH DENTINE BD-B 20G,Consumible
297667,CC BLEACH DENTINE BD-B 20G,Ceramica De Recubrimiento
297667,CC BLEACH DENTINE BD-B 20G,Metal Ceramica
297670,CC BLEACH ENAMEL S-AB 20G,Analogo
297670,CC BLEACH ENAMEL S-AB 20G,Consumible
297670,CC BLEACH ENAMEL S-AB 20G,Ceramica De Recubrimiento
297670,CC BLEACH ENAMEL S-AB 20G,Metal Ceramica
297661,CC BLEACH OPAQUE O-AB 20G,Analogo
297661,CC BLEACH OPAQUE O-AB 20G,Consumible
297661,CC BLEACH OPAQUE O-AB 20G,Ceramica De Recubrimiento
297661,CC BLEACH OPAQUE O-AB 20G,Metal Ceramica
297709,CC CLEAR CL-O 20G,Analogo
297709,CC CLEAR CL-O 20G,Consumible
297709,CC CLEAR CL-O 20G,Ceramica De Recubrimiento
297709,CC CLEAR CL-O 20G,Metal Ceramica
297757,CC CORRECTION POWDER KM 20G,Analogo
297757,CC CORRECTION POWDER KM 20G,Consumible
297757,CC CORRECTION POWDER KM 20G,Ceramica De Recubrimiento
297757,CC CORRECTION POWDER KM 20G,Metal Ceramica
297589,CC DENTINE D-A 3.5 20G,Analogo
297589,CC DENTINE D-A 3.5 20G,Consumible
297589,CC DENTINE D-A 3.5 20G,Ceramica De Recubrimiento
297589,CC DENTINE D-A 3.5 20G,Metal Ceramica
297580,CC DENTINE D-A1 20G,Analogo
297580,CC DENTINE D-A1 20G,Consumible
297580,CC DENTINE D-A1 20G,Ceramica De Recubrimiento
297580,CC DENTINE D-A1 20G,Metal Ceramica
297583,CC DENTINE D-A2 20G,Analogo
297583,CC DENTINE D-A2 20G,Consumible
297583,CC DENTINE D-A2 20G,Ceramica De Recubrimiento
297583,CC DENTINE D-A2 20G,Metal Ceramica
297586,CC DENTINE D-A3 20G,Analogo
297586,CC DENTINE D-A3 20G,Consumible
297586,CC DENTINE D-A3 20G,Ceramica De Recubrimiento
297586,CC DENTINE D-A3 20G,Metal Ceramica
297592,CC DENTINE D-A4 20G,Analogo
297592,CC DENTINE D-A4 20G,Consumible
297592,CC DENTINE D-A4 20G,Ceramica De Recubrimiento
297592,CC DENTINE D-A4 20G,Metal Ceramica
297595,CC DENTINE D-B1 20G,Analogo
297595,CC DENTINE D-B1 20G,Consumible
297595,CC DENTINE D-B1 20G,Ceramica De Recubrimiento
297595,CC DENTINE D-B1 20G,Metal Ceramica
297598,CC DENTINE D-B2 20G,Analogo
297598,CC DENTINE D-B2 20G,Consumible
297598,CC DENTINE D-B2 20G,Ceramica De Recubrimiento
297598,CC DENTINE D-B2 20G,Metal Ceramica
297604,CC DENTINE D-B3 20G,Analogo
297604,CC DENTINE D-B3 20G,Consumible
297604,CC DENTINE D-B3 20G,Ceramica De Recubrimiento
297604,CC DENTINE D-B3 20G,Metal Ceramica
297609,CC DENTINE D-B4 20G,Analogo
297609,CC DENTINE D-B4 20G,Consumible
297609,CC DENTINE D-B4 20G,Ceramica De Recubrimiento
297609,CC DENTINE D-B4 20G,Metal Ceramica
297637,CC DENTINE D-C1 20G,Analogo
297637,CC DENTINE D-C1 20G,Consumible
297637,CC DENTINE D-C1 20G,Ceramica De Recubrimiento
297637,CC DENTINE D-C1 20G,Metal Ceramica
297640,CC DENTINE D-C2 20G,Analogo
297640,CC DENTINE D-C2 20G,Consumible
297640,CC DENTINE D-C2 20G,Ceramica De Recubrimiento
297640,CC DENTINE D-C2 20G,Metal Ceramica
297643,CC DENTINE D-C3 20G,Analogo
297643,CC DENTINE D-C3 20G,Consumible
297643,CC DENTINE D-C3 20G,Ceramica De Recubrimiento
297643,CC DENTINE D-C3 20G,Metal Ceramica
297646,CC DENTINE D-C4 20G,Analogo
297646,CC DENTINE D-C4 20G,Consumible
297646,CC DENTINE D-C4 20G,Ceramica De Recubrimiento
297646,CC DENTINE D-C4 20G,Metal Ceramica
297658,CC DENTINE D-CW CALIFORNIA WHITE 20G,Analogo
297658,CC DENTINE D-CW CALIFORNIA WHITE 20G,Consumible
297658,CC DENTINE D-CW CALIFORNIA WHITE 20G,Ceramica De Recubrimiento
297658,CC DENTINE D-CW CALIFORNIA WHITE 20G,Metal Ceramica
297649,CC DENTINE D-D2 20G,Analogo
297649,CC DENTINE D-D2 20G,Consumible
297649,CC DENTINE D-D2 20G,Ceramica De Recubrimiento
297649,CC DENTINE D-D2 20G,Metal Ceramica
297652,CC DENTINE D-D3 20G,Analogo
297652,CC DENTINE D-D3 20G,Consumible
297652,CC DENTINE D-D3 20G,Ceramica De Recubrimiento
297652,CC DENTINE D-D3 20G,Metal Ceramica
297655,CC DENTINE D-D4 20G,Analogo
297655,CC DENTINE D-D4 20G,Consumible
297655,CC DENTINE D-D4 20G,Ceramica De Recubrimiento
297655,CC DENTINE D-D4 20G,Metal Ceramica
297685,CC EFFECT ENAMEL SI-01 LIGHT YELLOW 20G,Analogo
297685,CC EFFECT ENAMEL SI-01 LIGHT YELLOW 20G,Consumible
297685,CC EFFECT ENAMEL SI-01 LIGHT YELLOW 20G,Ceramica De Recubrimiento
297685,CC EFFECT ENAMEL SI-01 LIGHT YELLOW 20G,Metal Ceramica
297688,CC EFFECT ENAMEL SI-02 MEDIUM YELLOW 20G,Analogo
297688,CC EFFECT ENAMEL SI-02 MEDIUM YELLOW 20G,Consumible
297688,CC EFFECT ENAMEL SI-02 MEDIUM YELLOW 20G,Ceramica De Recubrimiento
297688,CC EFFECT ENAMEL SI-02 MEDIUM YELLOW 20G,Metal Ceramica
297691,CC EFFECT ENAMEL SI-03 HEAVY YELLOW 20G,Analogo
297691,CC EFFECT ENAMEL SI-03 HEAVY YELLOW 20G,Consumible
297691,CC EFFECT ENAMEL SI-03 HEAVY YELLOW 20G,Ceramica De Recubrimiento
297691,CC EFFECT ENAMEL SI-03 HEAVY YELLOW 20G,Metal Ceramica
297694,CC EFFECT ENAMEL SI-04 LIGHT ORANGE 20G,Analogo
297694,CC EFFECT ENAMEL SI-04 LIGHT ORANGE 20G,Consumible
297694,CC EFFECT ENAMEL SI-04 LIGHT ORANGE 20G,Ceramica De Recubrimiento
297694,CC EFFECT ENAMEL SI-04 LIGHT ORANGE 20G,Metal Ceramica
297697,CC EFFECT ENAMEL SI-05 MEDIUM ORANGE 20G,Analogo
297697,CC EFFECT ENAMEL SI-05 MEDIUM ORANGE 20G,Consumible
297697,CC EFFECT ENAMEL SI-05 MEDIUM ORANGE 20G,Ceramica De Recubrimiento
297697,CC EFFECT ENAMEL SI-05 MEDIUM ORANGE 20G,Metal Ceramica
297700,CC EFFECT ENAMEL SI-06 HEAVY ORANGE 20G,Analogo
297700,CC EFFECT ENAMEL SI-06 HEAVY ORANGE 20G,Consumible
297700,CC EFFECT ENAMEL SI-06 HEAVY ORANGE 20G,Ceramica De Recubrimiento
297700,CC EFFECT ENAMEL SI-06 HEAVY ORANGE 20G,Metal Ceramica
297745,CC EFFECT ENAMEL SO-10 BLUE 20G,Analogo
297745,CC EFFECT ENAMEL SO-10 BLUE 20G,Consumible
297745,CC EFFECT ENAMEL SO-10 BLUE 20G,Ceramica De Recubrimiento
297745,CC EFFECT ENAMEL SO-10 BLUE 20G,Metal Ceramica
297748,CC EFFECT ENAMEL SO-11 ORANGE 20G,Analogo
297748,CC EFFECT ENAMEL SO-11 ORANGE 20G,Consumible
297748,CC EFFECT ENAMEL SO-11 ORANGE 20G,Ceramica De Recubrimiento
297748,CC EFFECT ENAMEL SO-11 ORANGE 20G,Metal Ceramica
297673,CC ENAMEL S-057 20G,Analogo
297673,CC ENAMEL S-057 20G,Consumible
297673,CC ENAMEL S-057 20G,Ceramica De Recubrimiento
297673,CC ENAMEL S-057 20G,Metal Ceramica
297676,CC ENAMEL S-058 20G,Analogo
297676,CC ENAMEL S-058 20G,Consumible
297676,CC ENAMEL S-058 20G,Ceramica De Recubrimiento
297676,CC ENAMEL S-058 20G,Metal Ceramica
297679,CC ENAMEL S-059 20G,Analogo
297679,CC ENAMEL S-059 20G,Consumible
297679,CC ENAMEL S-059 20G,Ceramica De Recubrimiento
297679,CC ENAMEL S-059 20G,Metal Ceramica
297682,CC ENAMEL S-060 20G,Analogo
297682,CC ENAMEL S-060 20G,Consumible
297682,CC ENAMEL S-060 20G,Ceramica De Recubrimiento
297682,CC ENAMEL S-060 20G,Metal Ceramica
298155,CC GINGIVA G1 PURPLE 15G,Analogo
298155,CC GINGIVA G1 PURPLE 15G,Consumible
298155,CC GINGIVA G1 PURPLE 15G,Ceramica De Recubrimiento
298155,CC GINGIVA G1 PURPLE 15G,Metal Ceramica
298158,CC GINGIVA G2 DARK PINK 15G,Analogo
298158,CC GINGIVA G2 DARK PINK 15G,Consumible
298158,CC GINGIVA G2 DARK PINK 15G,Ceramica De Recubrimiento
298158,CC GINGIVA G2 DARK PINK 15G,Metal Ceramica
298161,CC GINGIVA G3 LIGHT PINK 15G,Analogo
298161,CC GINGIVA G3 LIGHT PINK 15G,Consumible
298161,CC GINGIVA G3 LIGHT PINK 15G,Ceramica De Recubrimiento
298161,CC GINGIVA G3 LIGHT PINK 15G,Metal Ceramica
298168,CC GINGIVA G4 FLAMINGO 15G,Analogo
298168,CC GINGIVA G4 FLAMINGO 15G,Consumible
298168,CC GINGIVA G4 FLAMINGO 15G,Ceramica De Recubrimiento
298168,CC GINGIVA G4 FLAMINGO 15G,Metal Ceramica
298171,CC GINGIVA G5 ROSE 15G,Analogo
298171,CC GINGIVA G5 ROSE 15G,Consumible
298171,CC GINGIVA G5 ROSE 15G,Ceramica De Recubrimiento
298171,CC GINGIVA G5 ROSE 15G,Metal Ceramica
298174,CC GINGIVA G7 VIOLET 15G,Analogo
298174,CC GINGIVA G7 VIOLET 15G,Consumible
298174,CC GINGIVA G7 VIOLET 15G,Ceramica De Recubrimiento
298174,CC GINGIVA G7 VIOLET 15G,Metal Ceramica
297712,CC GLAZE GL 20G,Analogo
297712,CC GLAZE GL 20G,Consumible
297712,CC GLAZE GL 20G,Ceramica De Recubrimiento
297712,CC GLAZE GL 20G,Metal Ceramica
297501,CC LF CREA ALLOY BOND 8G,Analogo
297501,CC LF CREA ALLOY BOND 8G,Consumible
297501,CC LF CREA ALLOY BOND 8G,Ceramica De Recubrimiento
297501,CC LF CREA ALLOY BOND 8G,Metal Ceramica
298113,CC NECK TRANSPA HT-51 IRIDESCENT 15G,Analogo
298113,CC NECK TRANSPA HT-51 IRIDESCENT 15G,Consumible
298113,CC NECK TRANSPA HT-51 IRIDESCENT 15G,Ceramica De Recubrimiento
298113,CC NECK TRANSPA HT-51 IRIDESCENT 15G,Metal Ceramica
298116,CC NECK TRANSPA HT-52 KHAKI 15G,Analogo
298116,CC NECK TRANSPA HT-52 KHAKI 15G,Consumible
298116,CC NECK TRANSPA HT-52 KHAKI 15G,Ceramica De Recubrimiento
298116,CC NECK TRANSPA HT-52 KHAKI 15G,Metal Ceramica
298119,CC NECK TRANSPA HT-53 SAND 15G,Analogo
298119,CC NECK TRANSPA HT-53 SAND 15G,Consumible
298119,CC NECK TRANSPA HT-53 SAND 15G,Ceramica De Recubrimiento
298119,CC NECK TRANSPA HT-53 SAND 15G,Metal Ceramica
298122,CC NECK TRANSPA HT-54 HONEY 15G,Analogo
298122,CC NECK TRANSPA HT-54 HONEY 15G,Consumible
298122,CC NECK TRANSPA HT-54 HONEY 15G,Ceramica De Recubrimiento
298122,CC NECK TRANSPA HT-54 HONEY 15G,Metal Ceramica
298125,CC NECK TRANSPA HT-55 BORDEAUX 15G,Analogo
298125,CC NECK TRANSPA HT-55 BORDEAUX 15G,Consumible
298125,CC NECK TRANSPA HT-55 BORDEAUX 15G,Ceramica De Recubrimiento
298125,CC NECK TRANSPA HT-55 BORDEAUX 15G,Metal Ceramica
298128,CC NECK TRANSPA HT-56 OCHRE 15G,Analogo
298128,CC NECK TRANSPA HT-56 OCHRE 15G,Consumible
298128,CC NECK TRANSPA HT-56 OCHRE 15G,Ceramica De Recubrimiento
298128,CC NECK TRANSPA HT-56 OCHRE 15G,Metal Ceramica
298107,CC OPAQUE DENTINE OD-32 A2-A3 15G,Analogo
298107,CC OPAQUE DENTINE OD-32 A2-A3 15G,Consumible
298107,CC OPAQUE DENTINE OD-32 A2-A3 15G,Ceramica De Recubrimiento
298107,CC OPAQUE DENTINE OD-32 A2-A3 15G,Metal Ceramica
298110,CC OPAQUE DENTINE OD-37 B4 15G,Analogo
298110,CC OPAQUE DENTINE OD-37 B4 15G,Consumible
298110,CC OPAQUE DENTINE OD-37 B4 15G,Ceramica De Recubrimiento
298110,CC OPAQUE DENTINE OD-37 B4 15G,Metal Ceramica
298131,CC OPAQUE DENTINE OD-A1 15G,Analogo
298131,CC OPAQUE DENTINE OD-A1 15G,Consumible
298131,CC OPAQUE DENTINE OD-A1 15G,Ceramica De Recubrimiento
298131,CC OPAQUE DENTINE OD-A1 15G,Metal Ceramica
298134,CC OPAQUE DENTINE OD-A2 15G,Analogo
298134,CC OPAQUE DENTINE OD-A2 15G,Consumible
298134,CC OPAQUE DENTINE OD-A2 15G,Ceramica De Recubrimiento
298134,CC OPAQUE DENTINE OD-A2 15G,Metal Ceramica
298137,CC OPAQUE DENTINE OD-A3 15G,Analogo
298137,CC OPAQUE DENTINE OD-A3 15G,Consumible
298137,CC OPAQUE DENTINE OD-A3 15G,Ceramica De Recubrimiento
298137,CC OPAQUE DENTINE OD-A3 15G,Metal Ceramica
298140,CC OPAQUE DENTINE OD-A3.5 15G,Analogo
298140,CC OPAQUE DENTINE OD-A3.5 15G,Consumible
298140,CC OPAQUE DENTINE OD-A3.5 15G,Ceramica De Recubrimiento
298140,CC OPAQUE DENTINE OD-A3.5 15G,Metal Ceramica
298143,CC OPAQUE DENTINE OD-B1 15G,Analogo
298143,CC OPAQUE DENTINE OD-B1 15G,Consumible
298143,CC OPAQUE DENTINE OD-B1 15G,Ceramica De Recubrimiento
298143,CC OPAQUE DENTINE OD-B1 15G,Metal Ceramica
298146,CC OPAQUE DENTINE OD-B2 15G,Analogo
298146,CC OPAQUE DENTINE OD-B2 15G,Consumible
298146,CC OPAQUE DENTINE OD-B2 15G,Ceramica De Recubrimiento
298146,CC OPAQUE DENTINE OD-B2 15G,Metal Ceramica
298149,CC OPAQUE DENTINE OD-B3 15G,Analogo
298149,CC OPAQUE DENTINE OD-B3 15G,Consumible
298149,CC OPAQUE DENTINE OD-B3 15G,Ceramica De Recubrimiento
298149,CC OPAQUE DENTINE OD-B3 15G,Metal Ceramica
298152,CC OPAQUE DENTINE OD-C2 15G,Analogo
298152,CC OPAQUE DENTINE OD-C2 15G,Consumible
298152,CC OPAQUE DENTINE OD-C2 15G,Ceramica De Recubrimiento
298152,CC OPAQUE DENTINE OD-C2 15G,Metal Ceramica
297577,CC OPAQUE FOP 20G,Analogo
297577,CC OPAQUE FOP 20G,Consumible
297577,CC OPAQUE FOP 20G,Ceramica De Recubrimiento
297577,CC OPAQUE FOP 20G,Metal Ceramica
297513,CC OPAQUE O-A1 20G,Analogo
297513,CC OPAQUE O-A1 20G,Consumible
297513,CC OPAQUE O-A1 20G,Ceramica De Recubrimiento
297513,CC OPAQUE O-A1 20G,Metal Ceramica
297516,CC OPAQUE O-A2 20G,Analogo
297516,CC OPAQUE O-A2 20G,Consumible
297516,CC OPAQUE O-A2 20G,Ceramica De Recubrimiento
297516,CC OPAQUE O-A2 20G,Metal Ceramica
297519,CC OPAQUE O-A3 20G,Analogo
297519,CC OPAQUE O-A3 20G,Consumible
297519,CC OPAQUE O-A3 20G,Ceramica De Recubrimiento
297519,CC OPAQUE O-A3 20G,Metal Ceramica
297522,CC OPAQUE O-A3.5 20G,Analogo
297522,CC OPAQUE O-A3.5 20G,Consumible
297522,CC OPAQUE O-A3.5 20G,Ceramica De Recubrimiento
297522,CC OPAQUE O-A3.5 20G,Metal Ceramica
297525,CC OPAQUE O-A4 20G,Analogo
297525,CC OPAQUE O-A4 20G,Consumible
297525,CC OPAQUE O-A4 20G,Ceramica De Recubrimiento
297525,CC OPAQUE O-A4 20G,Metal Ceramica
297547,CC OPAQUE O-B1 20G,Analogo
297547,CC OPAQUE O-B1 20G,Consumible
297547,CC OPAQUE O-B1 20G,Ceramica De Recubrimiento
297547,CC OPAQUE O-B1 20G,Metal Ceramica
297550,CC OPAQUE O-B2 20G,Analogo
297550,CC OPAQUE O-B2 20G,Consumible
297550,CC OPAQUE O-B2 20G,Ceramica De Recubrimiento
297550,CC OPAQUE O-B2 20G,Metal Ceramica
297553,CC OPAQUE O-B3 20G,Analogo
297553,CC OPAQUE O-B3 20G,Consumible
297553,CC OPAQUE O-B3 20G,Ceramica De Recubrimiento
297553,CC OPAQUE O-B3 20G,Metal Ceramica
297556,CC OPAQUE O-B4 20G,Analogo
297556,CC OPAQUE O-B4 20G,Consumible
297556,CC OPAQUE O-B4 20G,Ceramica De Recubrimiento
297556,CC OPAQUE O-B4 20G,Metal Ceramica
297559,CC OPAQUE O-C1 20G,Analogo
297559,CC OPAQUE O-C1 20G,Consumible
297559,CC OPAQUE O-C1 20G,Ceramica De Recubrimiento
297559,CC OPAQUE O-C1 20G,Metal Ceramica
297562,CC OPAQUE O-C2 20G,Analogo
297562,CC OPAQUE O-C2 20G,Consumible
297562,CC OPAQUE O-C2 20G,Ceramica De Recubrimiento
297562,CC OPAQUE O-C2 20G,Metal Ceramica
297565,CC OPAQUE O-C3 20G,Analogo
297565,CC OPAQUE O-C3 20G,Consumible
297565,CC OPAQUE O-C3 20G,Ceramica De Recubrimiento
297565,CC OPAQUE O-C3 20G,Metal Ceramica
297568,CC OPAQUE O-C4 20G,Analogo
297568,CC OPAQUE O-C4 20G,Consumible
297568,CC OPAQUE O-C4 20G,Ceramica De Recubrimiento
297568,CC OPAQUE O-C4 20G,Metal Ceramica
297571,CC OPAQUE O-D2 20G,Analogo
297571,CC OPAQUE O-D2 20G,Consumible
297571,CC OPAQUE O-D2 20G,Ceramica De Recubrimiento
297571,CC OPAQUE O-D2 20G,Metal Ceramica
297574,CC OPAQUE O-D3 20G,Analogo
297574,CC OPAQUE O-D3 20G,Consumible
297574,CC OPAQUE O-D3 20G,Ceramica De Recubrimiento
297574,CC OPAQUE O-D3 20G,Metal Ceramica
298507,CC OPAQUE O-D4 20G,Analogo
298507,CC OPAQUE O-D4 20G,Consumible
298507,CC OPAQUE O-D4 20G,Ceramica De Recubrimiento
298507,CC OPAQUE O-D4 20G,Metal Ceramica
297733,CC PEARL ENAMEL PS-0 WHITE 20G,Analogo
297733,CC PEARL ENAMEL PS-0 WHITE 20G,Consumible
297733,CC PEARL ENAMEL PS-0 WHITE 20G,Ceramica De Recubrimiento
297733,CC PEARL ENAMEL PS-0 WHITE 20G,Metal Ceramica
297736,CC PEARL ENAMEL PS-1 BLUE WHITE 20G,Analogo
297736,CC PEARL ENAMEL PS-1 BLUE WHITE 20G,Consumible
297736,CC PEARL ENAMEL PS-1 BLUE WHITE 20G,Ceramica De Recubrimiento
297736,CC PEARL ENAMEL PS-1 BLUE WHITE 20G,Metal Ceramica
297739,CC PEARL ENAMEL PS-2 FLAMINGO 20G,Analogo
297739,CC PEARL ENAMEL PS-2 FLAMINGO 20G,Consumible
297739,CC PEARL ENAMEL PS-2 FLAMINGO 20G,Ceramica De Recubrimiento
297739,CC PEARL ENAMEL PS-2 FLAMINGO 20G,Metal Ceramica
297742,CC PEARL ENAMEL PS-3 ORANGE 20G,Analogo
297742,CC PEARL ENAMEL PS-3 ORANGE 20G,Consumible
297742,CC PEARL ENAMEL PS-3 ORANGE 20G,Ceramica De Recubrimiento
297742,CC PEARL ENAMEL PS-3 ORANGE 20G,Metal Ceramica
298077,CC SHOULDER SP-21 NEUTRAL 15G,Analogo
298077,CC SHOULDER SP-21 NEUTRAL 15G,Consumible
298077,CC SHOULDER SP-21 NEUTRAL 15G,Ceramica De Recubrimiento
298077,CC SHOULDER SP-21 NEUTRAL 15G,Metal Ceramica
298080,CC SHOULDER SP-22 FLAMINGO 15G,Analogo
298080,CC SHOULDER SP-22 FLAMINGO 15G,Consumible
298080,CC SHOULDER SP-22 FLAMINGO 15G,Ceramica De Recubrimiento
298080,CC SHOULDER SP-22 FLAMINGO 15G,Metal Ceramica
298083,CC SHOULDER SP-23 SAND 15G,Analogo
298083,CC SHOULDER SP-23 SAND 15G,Consumible
298083,CC SHOULDER SP-23 SAND 15G,Ceramica De Recubrimiento
298083,CC SHOULDER SP-23 SAND 15G,Metal Ceramica
298086,CC SHOULDER SP-24 GOLD 15G,Analogo
298086,CC SHOULDER SP-24 GOLD 15G,Consumible
298086,CC SHOULDER SP-24 GOLD 15G,Ceramica De Recubrimiento
298086,CC SHOULDER SP-24 GOLD 15G,Metal Ceramica
298089,CC SHOULDER SP-25 RED BROWN 15G,Analogo
298089,CC SHOULDER SP-25 RED BROWN 15G,Consumible
298089,CC SHOULDER SP-25 RED BROWN 15G,Ceramica De Recubrimiento
298089,CC SHOULDER SP-25 RED BROWN 15G,Metal Ceramica
298092,CC SHOULDER SP-26 YELLOW GRAY 15G,Analogo
298092,CC SHOULDER SP-26 YELLOW GRAY 15G,Consumible
298092,CC SHOULDER SP-26 YELLOW GRAY 15G,Ceramica De Recubrimiento
298092,CC SHOULDER SP-26 YELLOW GRAY 15G,Metal Ceramica
298095,CC SHOULDER SP-27 IVORY 15G,Analogo
298095,CC SHOULDER SP-27 IVORY 15G,Consumible
298095,CC SHOULDER SP-27 IVORY 15G,Ceramica De Recubrimiento
298095,CC SHOULDER SP-27 IVORY 15G,Metal Ceramica
298098,CC SHOULDER SP-28 OPAC YELLOW 15G,Analogo
298098,CC SHOULDER SP-28 OPAC YELLOW 15G,Consumible
298098,CC SHOULDER SP-28 OPAC YELLOW 15G,Ceramica De Recubrimiento
298098,CC SHOULDER SP-28 OPAC YELLOW 15G,Metal Ceramica
298101,CC SHOULDER SP-29 HONEY 15G,Analogo
298101,CC SHOULDER SP-29 HONEY 15G,Consumible
298101,CC SHOULDER SP-29 HONEY 15G,Ceramica De Recubrimiento
298101,CC SHOULDER SP-29 HONEY 15G,Metal Ceramica
298104,CC SHOULDER SP-G GINGIVA 15G,Analogo
298104,CC SHOULDER SP-G GINGIVA 15G,Consumible
298104,CC SHOULDER SP-G GINGIVA 15G,Ceramica De Recubrimiento
298104,CC SHOULDER SP-G GINGIVA 15G,Metal Ceramica
297754,CC TRANSPA GELLER MIX 20G,Analogo
297754,CC TRANSPA GELLER MIX 20G,Consumible
297754,CC TRANSPA GELLER MIX 20G,Ceramica De Recubrimiento
297754,CC TRANSPA GELLER MIX 20G,Metal Ceramica
297706,CC TRANSPA NT NEUTRAL 20G,Analogo
297706,CC TRANSPA NT NEUTRAL 20G,Consumible
297706,CC TRANSPA NT NEUTRAL 20G,Ceramica De Recubrimiento
297706,CC TRANSPA NT NEUTRAL 20G,Metal Ceramica
297715,CC TRANSPA OT OPAL 20G,Analogo
297715,CC TRANSPA OT OPAL 20G,Consumible
297715,CC TRANSPA OT OPAL 20G,Ceramica De Recubrimiento
297715,CC TRANSPA OT OPAL 20G,Metal Ceramica
297751,CC TRANSPA OT+ 20G,Analogo
297751,CC TRANSPA OT+ 20G,Consumible
297751,CC TRANSPA OT+ 20G,Ceramica De Recubrimiento
297751,CC TRANSPA OT+ 20G,Metal Ceramica
297718,CC TRANSPA TI-1 BLUE 20G,Analogo
297718,CC TRANSPA TI-1 BLUE 20G,Consumible
297718,CC TRANSPA TI-1 BLUE 20G,Ceramica De Recubrimiento
297718,CC TRANSPA TI-1 BLUE 20G,Metal Ceramica
297721,CC TRANSPA TI-2 WHITE 20G,Analogo
297721,CC TRANSPA TI-2 WHITE 20G,Consumible
297721,CC TRANSPA TI-2 WHITE 20G,Ceramica De Recubrimiento
297721,CC TRANSPA TI-2 WHITE 20G,Metal Ceramica
297724,CC TRANSPA TI-3 PINK 20G,Analogo
297724,CC TRANSPA TI-3 PINK 20G,Consumible
297724,CC TRANSPA TI-3 PINK 20G,Ceramica De Recubrimiento
297724,CC TRANSPA TI-3 PINK 20G,Metal Ceramica
297727,CC TRANSPA TI-4 YELLOW 20G,Analogo
297727,CC TRANSPA TI-4 YELLOW 20G,Consumible
297727,CC TRANSPA TI-4 YELLOW 20G,Ceramica De Recubrimiento
297727,CC TRANSPA TI-4 YELLOW 20G,Metal Ceramica
297730,CC TRANSPA TI-5 GRAY 20G,Analogo
297730,CC TRANSPA TI-5 GRAY 20G,Consumible
297730,CC TRANSPA TI-5 GRAY 20G,Ceramica De Recubrimiento
297730,CC TRANSPA TI-5 GRAY 20G,Metal Ceramica
297703,CC WINDOW UC 20G,Analogo
297703,CC WINDOW UC 20G,Consumible
297703,CC WINDOW UC 20G,Ceramica De Recubrimiento
297703,CC WINDOW UC 20G,Metal Ceramica
100280,CEAMILL WAX WHITE 98X14 N,Discos
100280,CEAMILL WAX WHITE 98X14 N,Digital
100280,CEAMILL WAX WHITE 98X14 N,Discos De Cera
100280,CEAMILL WAX WHITE 98X14 N,Consumible
11129,CENTRIFUGA ODLEWNIA INDUKCYJNA ROTOCAST / CASTING M,Equipo
11129,CENTRIFUGA ODLEWNIA INDUKCYJNA ROTOCAST / CASTING M,Analogo
81186,CEP. DE CERDAS DE ALAMBRE DE PLATA 19MM,Analogo
81186,CEP. DE CERDAS DE ALAMBRE DE PLATA 19MM,Consumible
81186,CEP. DE CERDAS DE ALAMBRE DE PLATA 19MM,Pulidores
80784,CEPILLOS DE CERDAS DE CABRA 12PZAS,Analogo
80784,CEPILLOS DE CERDAS DE CABRA 12PZAS,Consumible
80784,CEPILLOS DE CERDAS DE CABRA 12PZAS,Pulidores
4853,CERA MUY DURA FRESA ROJA,Analogo
4853,CERA MUY DURA FRESA ROJA,Preformas De Cera
4853,CERA MUY DURA FRESA ROJA,Consumible
4847,CERA P. EL REGISTRO OCLUSAL DURA 2 MM,Analogo
4847,CERA P. EL REGISTRO OCLUSAL DURA 2 MM,Preformas De Cera
4847,CERA P. EL REGISTRO OCLUSAL DURA 2 MM,Consumible
4850,CERA PARA MORDIDAS PREF SEMIDURA VERDE,Analogo
4850,CERA PARA MORDIDAS PREF SEMIDURA VERDE,Preformas De Cera
4850,CERA PARA MORDIDAS PREF SEMIDURA VERDE,Consumible
4856,CERA PARA MORDIDAS PREF SEMIDURA VERDE 616-0100,Analogo
4856,CERA PARA MORDIDAS PREF SEMIDURA VERDE 616-0100,Preformas De Cera
4856,CERA PARA MORDIDAS PREF SEMIDURA VERDE 616-0100,Consumible
85214,CERAMIC HOLDING PIN SET,Analogo
85214,CERAMIC HOLDING PIN SET,Pines
85214,CERAMIC HOLDING PIN SET,Consumible
234145,CERAMILL 600+,Digital
234145,CERAMILL 600+,Equipo
234145,CERAMILL 600+,Escaner De Mesa
309427,CERAMILL AIR STREAM FILTER SET,Digital
309427,CERAMILL AIR STREAM FILTER SET,Refaccion
309427,CERAMILL AIR STREAM FILTER SET,Fresadoras
3584,CERAMILL AIRSTREAM,Digital
3584,CERAMILL AIRSTREAM,Fresadoras
3584,CERAMILL AIRSTREAM,Equipo
100209,CERAMILL AIRSTREAM ADAPTADOR SUCCIÓN,Digital
100209,CERAMILL AIRSTREAM ADAPTADOR SUCCIÓN,Fresadoras
100209,CERAMILL AIRSTREAM ADAPTADOR SUCCIÓN,Accesorio
3590,CERAMILL AIRSTREAM MICROFILTRO (1),Digital
3590,CERAMILL AIRSTREAM MICROFILTRO (1),Fresadoras
3590,CERAMILL AIRSTREAM MICROFILTRO (1),Consumible
3587,"CERAMILL AIRTREAM, FILTRO DE PAPEL (10)",Digital
3587,"CERAMILL AIRTREAM, FILTRO DE PAPEL (10)",Fresadoras
3587,"CERAMILL AIRTREAM, FILTRO DE PAPEL (10)",Consumible
3614,CERAMILL ARGOTHERM 2 INCL. ARGOVENT,Digital
3614,CERAMILL ARGOTHERM 2 INCL. ARGOVENT,Hornos
3614,CERAMILL ARGOTHERM 2 INCL. ARGOVENT,Equipo
3614,CERAMILL ARGOTHERM 2 INCL. ARGOVENT,Hornos De Sinterizado
3605,CERAMILL ARGOVENT,Digital
3605,CERAMILL ARGOVENT,Hornos
3605,CERAMILL ARGOVENT,Accesorio
3605,CERAMILL ARGOVENT,Hornos De Sinterizado
103358,CERAMILL ARGOVENT 2,Digital
103358,CERAMILL ARGOVENT 2,Hornos
103358,CERAMILL ARGOVENT 2,Accesorio
103358,CERAMILL ARGOVENT 2,Hornos De Sinterizado
4280,CERAMILL A-SPLINT 71X20,Discos
4280,CERAMILL A-SPLINT 71X20,Discos De Pmma
4280,CERAMILL A-SPLINT 71X20,Consumible
4280,CERAMILL A-SPLINT 71X20,Digital
4265,CERAMILL A-TEMP ML 0/A1 71X16,Discos
4265,CERAMILL A-TEMP ML 0/A1 71X16,Discos De Pmma
4265,CERAMILL A-TEMP ML 0/A1 71X16,Consumible
4265,CERAMILL A-TEMP ML 0/A1 71X16,Digital
4268,CERAMILL A-TEMP ML 0/A1 71X20,Discos
4268,CERAMILL A-TEMP ML 0/A1 71X20,Discos De Pmma
4268,CERAMILL A-TEMP ML 0/A1 71X20,Consumible
4268,CERAMILL A-TEMP ML 0/A1 71X20,Digital
154488,CERAMILL A-TEMP ML 0/A1 98X14 PMMA,Digital
154488,CERAMILL A-TEMP ML 0/A1 98X14 PMMA,Discos De Pmma
154488,CERAMILL A-TEMP ML 0/A1 98X14 PMMA,Consumible
154488,CERAMILL A-TEMP ML 0/A1 98X14 PMMA,Discos
154497,CERAMILL A-TEMP ML 0/A1 98X16 PMMA,Digital
154497,CERAMILL A-TEMP ML 0/A1 98X16 PMMA,Discos De Pmma
154497,CERAMILL A-TEMP ML 0/A1 98X16 PMMA,Consumible
154497,CERAMILL A-TEMP ML 0/A1 98X16 PMMA,Discos
154503,CERAMILL A-TEMP ML 0/A1 98X20 PMMA,Digital
154503,CERAMILL A-TEMP ML 0/A1 98X20 PMMA,Discos De Pmma
154503,CERAMILL A-TEMP ML 0/A1 98X20 PMMA,Consumible
154503,CERAMILL A-TEMP ML 0/A1 98X20 PMMA,Discos
4274,CERAMILL A-TEMP ML A2/A3,Discos
4274,CERAMILL A-TEMP ML A2/A3,Discos De Pmma
4274,CERAMILL A-TEMP ML A2/A3,Consumible
4274,CERAMILL A-TEMP ML A2/A3,Digital
4271,CERAMILL A-TEMP ML A2/A3 71X16,Discos
4271,CERAMILL A-TEMP ML A2/A3 71X16,Discos De Pmma
4271,CERAMILL A-TEMP ML A2/A3 71X16,Consumible
4271,CERAMILL A-TEMP ML A2/A3 71X16,Digital
4277,CERAMILL A-TEMP ML B2/B3 71X16,Discos
4277,CERAMILL A-TEMP ML B2/B3 71X16,Discos De Pmma
4277,CERAMILL A-TEMP ML B2/B3 71X16,Consumible
4277,CERAMILL A-TEMP ML B2/B3 71X16,Digital
154517,CERAMILL A-TEMP ML C1/C2 98X14 PMMA,Digital
154517,CERAMILL A-TEMP ML C1/C2 98X14 PMMA,Discos De Pmma
154517,CERAMILL A-TEMP ML C1/C2 98X14 PMMA,Consumible
154517,CERAMILL A-TEMP ML C1/C2 98X14 PMMA,Discos
295018,CERAMILL CART MATRON,Digital
295018,CERAMILL CART MATRON,Accesorio
295018,CERAMILL CART MATRON,Fresadoras
85814,CERAMILL CLEANSTREAM,Digital
85814,CERAMILL CLEANSTREAM,Fresadoras
85814,CERAMILL CLEANSTREAM,Accesorio
3599,CERAMILL COOLANT (1L),Digital
3599,CERAMILL COOLANT (1L),Fresadoras
3599,CERAMILL COOLANT (1L),Consumible
295015,CERAMILL COOLANTFLOW MATRON,Digital
295015,CERAMILL COOLANTFLOW MATRON,Accesorio
295015,CERAMILL COOLANTFLOW MATRON,Fresadoras
3596,CERAMILL COOLSTREAM CART,Digital
3596,CERAMILL COOLSTREAM CART,Fresadoras
3596,CERAMILL COOLSTREAM CART,Accesorio
3593,CERAMILL COOLSTREAM WATER TANK,Digital
3593,CERAMILL COOLSTREAM WATER TANK,Fresadoras
3593,CERAMILL COOLSTREAM WATER TANK,Accesorio
4154,CERAMILL DIMMER LIQUID REFILL,Digital
4154,CERAMILL DIMMER LIQUID REFILL,Stains Para Circonio
4154,CERAMILL DIMMER LIQUID REFILL,Consumible
4154,CERAMILL DIMMER LIQUID REFILL,Stains
3626,CERAMILL FIXATOR,Analogo
3626,CERAMILL FIXATOR,Articuladores
3626,CERAMILL FIXATOR,Accesorio
4112,CERAMILL GLAZE,Digital
4112,CERAMILL GLAZE,Stains Para Circonio
4112,CERAMILL GLAZE,Consumible
4112,CERAMILL GLAZE,Stains
4142,CERAMILL LIQUID A1,Consumible
4142,CERAMILL LIQUID A1,Digital
4142,CERAMILL LIQUID A1,Stains Para Circonio
4142,CERAMILL LIQUID A1,Stains
4145,CERAMILL LIQUID A2,Digital
4145,CERAMILL LIQUID A2,Stains Para Circonio
4145,CERAMILL LIQUID A2,Consumible
4145,CERAMILL LIQUID A2,Stains
4148,CERAMILL LIQUID A3,Consumible
4148,CERAMILL LIQUID A3,Digital
4148,CERAMILL LIQUID A3,Stains Para Circonio
4148,CERAMILL LIQUID A3,Stains
4151,CERAMILL LIQUID B1,Consumible
4151,CERAMILL LIQUID B1,Digital
4151,CERAMILL LIQUID B1,Stains Para Circonio
4151,CERAMILL LIQUID B1,Stains
94096,CERAMILL LIQUID B2,Consumible
94096,CERAMILL LIQUID B2,Digital
94096,CERAMILL LIQUID B2,Stains Para Circonio
94096,CERAMILL LIQUID B2,Stains
4166,"CERAMILL LIQUID BRUSH, SIZE 1 (4 PCS.)",Digital
4166,"CERAMILL LIQUID BRUSH, SIZE 1 (4 PCS.)",Pinceles Para Circonio
4166,"CERAMILL LIQUID BRUSH, SIZE 1 (4 PCS.)",Consumible
94104,CERAMILL LIQUID C2,Digital
94104,CERAMILL LIQUID C2,Stains Para Circonio
94104,CERAMILL LIQUID C2,Consumible
94104,CERAMILL LIQUID C2,Stains
4163,CERAMILL LIQUID CL GR,Digital
4163,CERAMILL LIQUID CL GR,Stains Para Circonio
4163,CERAMILL LIQUID CL GR,Consumible
4163,CERAMILL LIQUID CL GR,Stains
4160,CERAMILL LIQUID CL OR,Digital
4160,CERAMILL LIQUID CL OR,Stains Para Circonio
4160,CERAMILL LIQUID CL OR,Consumible
4160,CERAMILL LIQUID CL OR,Stains
94101,CERAMILL LIQUID D2,Consumible
94101,CERAMILL LIQUID D2,Digital
94101,CERAMILL LIQUID D2,Stains Para Circonio
94101,CERAMILL LIQUID D2,Stains
4169,CERAMILL LIQUID EYE JUEGO COMPL. 4X25ML,Digital
4169,CERAMILL LIQUID EYE JUEGO COMPL. 4X25ML,Stains Para Circonio
4169,CERAMILL LIQUID EYE JUEGO COMPL. 4X25ML,Consumible
4169,CERAMILL LIQUID EYE JUEGO COMPL. 4X25ML,Stains
4286,CERAMILL LIQUID FX A1,Stains Para Circonio
4286,CERAMILL LIQUID FX A1,Consumible
4286,CERAMILL LIQUID FX A1,Digital
4286,CERAMILL LIQUID FX A1,Stains
4289,CERAMILL LIQUID FX A2,Stains Para Circonio
4289,CERAMILL LIQUID FX A2,Consumible
4289,CERAMILL LIQUID FX A2,Digital
4289,CERAMILL LIQUID FX A2,Stains
4292,CERAMILL LIQUID FX A3,Stains Para Circonio
4292,CERAMILL LIQUID FX A3,Consumible
4292,CERAMILL LIQUID FX A3,Digital
4292,CERAMILL LIQUID FX A3,Stains
4295,CERAMILL LIQUID FX B1,Stains Para Circonio
4295,CERAMILL LIQUID FX B1,Consumible
4295,CERAMILL LIQUID FX B1,Digital
4295,CERAMILL LIQUID FX B1,Stains
4298,CERAMILL LIQUID FX B2,Stains Para Circonio
4298,CERAMILL LIQUID FX B2,Consumible
4298,CERAMILL LIQUID FX B2,Digital
4298,CERAMILL LIQUID FX B2,Stains
4322,CERAMILL LIQUID FX BL,Stains Para Circonio
4322,CERAMILL LIQUID FX BL,Consumible
4322,CERAMILL LIQUID FX BL,Digital
4322,CERAMILL LIQUID FX BL,Stains
4301,CERAMILL LIQUID FX C2,Stains Para Circonio
4301,CERAMILL LIQUID FX C2,Consumible
4301,CERAMILL LIQUID FX C2,Digital
4301,CERAMILL LIQUID FX C2,Stains
4304,CERAMILL LIQUID FX D3,Stains Para Circonio
4304,CERAMILL LIQUID FX D3,Consumible
4304,CERAMILL LIQUID FX D3,Digital
4304,CERAMILL LIQUID FX D3,Stains
4316,CERAMILL LIQUID FX GIN,Stains Para Circonio
4316,CERAMILL LIQUID FX GIN,Consumible
4316,CERAMILL LIQUID FX GIN,Digital
4316,CERAMILL LIQUID FX GIN,Stains
4310,CERAMILL LIQUID FX GR,Stains Para Circonio
4310,CERAMILL LIQUID FX GR,Consumible
4310,CERAMILL LIQUID FX GR,Digital
4310,CERAMILL LIQUID FX GR,Stains
4307,CERAMILL LIQUID FX OR,Stains Para Circonio
4307,CERAMILL LIQUID FX OR,Consumible
4307,CERAMILL LIQUID FX OR,Digital
4307,CERAMILL LIQUID FX OR,Stains
4313,CERAMILL LIQUID FX RO,Stains Para Circonio
4313,CERAMILL LIQUID FX RO,Consumible
4313,CERAMILL LIQUID FX RO,Digital
4313,CERAMILL LIQUID FX RO,Stains
4283,CERAMILL LIQUID FX SET,Stains Para Circonio
4283,CERAMILL LIQUID FX SET,Consumible
4283,CERAMILL LIQUID FX SET,Digital
4283,CERAMILL LIQUID FX SET,Stains
4319,CERAMILL LIQUID FX VIO,Stains Para Circonio
4319,CERAMILL LIQUID FX VIO,Consumible
4319,CERAMILL LIQUID FX VIO,Digital
4319,CERAMILL LIQUID FX VIO,Stains
4178,CERAMILL LIQUID GR NEW FORMULA,Consumible
4178,CERAMILL LIQUID GR NEW FORMULA,Digital
4178,CERAMILL LIQUID GR NEW FORMULA,Stains Para Circonio
4178,CERAMILL LIQUID GR NEW FORMULA,Stains
4175,CERAMILL LIQUID OR NEW FORMULA,Consumible
4175,CERAMILL LIQUID OR NEW FORMULA,Digital
4175,CERAMILL LIQUID OR NEW FORMULA,Stains Para Circonio
4175,CERAMILL LIQUID OR NEW FORMULA,Stains
4157,CERAMILL LIQUID SET UPDATE,Digital
4157,CERAMILL LIQUID SET UPDATE,Stains Para Circonio
4157,CERAMILL LIQUID SET UPDATE,Consumible
4157,CERAMILL LIQUID SET UPDATE,Stains
4172,CERAMILL LIQUID VIO NEW FORMULA,Digital
4172,CERAMILL LIQUID VIO NEW FORMULA,Stains Para Circonio
4172,CERAMILL LIQUID VIO NEW FORMULA,Consumible
4172,CERAMILL LIQUID VIO NEW FORMULA,Stains
4640,CERAMILL MAP 200+,Digital
4640,CERAMILL MAP 200+,Escaner De Mesa
4640,CERAMILL MAP 200+,Equipo
4643,CERAMILL MAP400+,Digital
4643,CERAMILL MAP400+,Escaner De Mesa
4643,CERAMILL MAP400+,Equipo
4022,CERAMILL MARKER,Consumible
4022,CERAMILL MARKER,Digital
4022,CERAMILL MARKER,Insumos De Laboratorio
85811,CERAMILL MATIK,Digital
85811,CERAMILL MATIK,Fresadoras
85811,CERAMILL MATIK,Equipo
295009,CERAMILL MATRON,Digital
295009,CERAMILL MATRON,Equipo
295009,CERAMILL MATRON,Fresadoras
307925,CERAMILL MATRON SNAPMAG,Digital
307925,CERAMILL MATRON SNAPMAG,Refaccion
307925,CERAMILL MATRON SNAPMAG,Fresas
3650,CERAMILL M-BARS,Digital
3650,CERAMILL M-BARS,Software
3629,CERAMILL M-GIN,Digital
3629,CERAMILL M-GIN,Software
96145,CERAMILL MIKRO (4X),Digital
96145,CERAMILL MIKRO (4X),Fresadoras
96145,CERAMILL MIKRO (4X),Equipo
4658,CERAMILL MIKRO (5X),Digital
4658,CERAMILL MIKRO (5X),Fresadoras
4658,CERAMILL MIKRO (5X),Equipo
3632,CERAMILL MIND,Digital
3632,CERAMILL MIND,Software
90285,CERAMILL MIND + MATCH 2,Digital
90285,CERAMILL MIND + MATCH 2,Software
3635,CERAMILL MIND ARTEX CR,Digital
3635,CERAMILL MIND ARTEX CR,Software
189551,CERAMILL MIND DRS,Digital
189551,CERAMILL MIND DRS,Software
3653,CERAMILL MIND MODELL-SOFTWARE,Digital
3653,CERAMILL MIND MODELL-SOFTWARE,Software
286936,CERAMILL MIND TRUSMILE,Digital
286936,CERAMILL MIND TRUSMILE,Software
286936,CERAMILL MIND TRUSMILE,Fresadoras
3719,CERAMILL MINDFORMS 2.0 BY KNUT MILLER,Digital
3719,CERAMILL MINDFORMS 2.0 BY KNUT MILLER,Software
96626,CERAMILL MINDSERVE 4TB,Software
96626,CERAMILL MINDSERVE 4TB,Digital
96626,CERAMILL MINDSERVE 4TB,Fresadoras
4649,CERAMILL MOTION 2,Digital
4649,CERAMILL MOTION 2,Fresadoras
4649,CERAMILL MOTION 2,Equipo
100264,CERAMILL MOTION 2 DRY,Digital
100264,CERAMILL MOTION 2 DRY,Fresadoras
100264,CERAMILL MOTION 2 DRY,Equipo
186862,CERAMILL MOTION 3,Digital
186862,CERAMILL MOTION 3,Fresadoras
186862,CERAMILL MOTION 3,Equipo
103775,CERAMILL MOTION 3 -DRY,Digital
103775,CERAMILL MOTION 3 -DRY,Fresadoras
103775,CERAMILL MOTION 3 -DRY,Equipo
180080,CERAMILL MOTION DRS,Digital
180080,CERAMILL MOTION DRS,Fresadoras
180080,CERAMILL MOTION DRS,Equipo
3722,CERAMILL M-PASS,Digital
3722,CERAMILL M-PASS,Software
3638,CERAMILL M-PLANT (UPGRADE CERAMILL MIND),Digital
3638,CERAMILL M-PLANT (UPGRADE CERAMILL MIND),Software
286941,CERAMILL M-SMILE,Digital
286941,CERAMILL M-SMILE,Software
286941,CERAMILL M-SMILE,Fresadoras
4130,CERAMILL PEEK 71 L (20MM),Digital
4130,CERAMILL PEEK 71 L (20MM),Discos De Peek
4130,CERAMILL PEEK 71 L (20MM),Consumible
4130,CERAMILL PEEK 71 L (20MM),Discos
4139,CERAMILL PEEK NATURAL 71X20,Digital
4139,CERAMILL PEEK NATURAL 71X20,Discos De Peek
4139,CERAMILL PEEK NATURAL 71X20,Consumible
4139,CERAMILL PEEK NATURAL 71X20,Discos
180313,CERAMILL PEEK NATURAL 98X20,Digital
180313,CERAMILL PEEK NATURAL 98X20,Discos De Peek
180313,CERAMILL PEEK NATURAL 98X20,Consumible
180313,CERAMILL PEEK NATURAL 98X20,Discos
4076,CERAMILL PMMA 71 L,Digital
4076,CERAMILL PMMA 71 L,Discos De Pmma
4076,CERAMILL PMMA 71 L,Consumible
4076,CERAMILL PMMA 71 L,Discos
4082,CERAMILL PMMA 71 XS (13MM),Digital
4082,CERAMILL PMMA 71 XS (13MM),Consumible
124146,CERAMILL SG ORANGE,Digital
124146,CERAMILL SG ORANGE,Consumible
124146,CERAMILL SG ORANGE,Resinas De Impresion
4997,CERAMILL SINTRON 71 (16 MM),Digital
4997,CERAMILL SINTRON 71 (16 MM),Discos De Metal
4997,CERAMILL SINTRON 71 (16 MM),Consumible
4997,CERAMILL SINTRON 71 (16 MM),Discos
5003,CERAMILL SINTRON 71 L (20 MM),Digital
5003,CERAMILL SINTRON 71 L (20 MM),Discos De Metal
5003,CERAMILL SINTRON 71 L (20 MM),Consumible
5003,CERAMILL SINTRON 71 L (20 MM),Discos
5000,CERAMILL SINTRON 71 M (18 MM),Digital
5000,CERAMILL SINTRON 71 M (18 MM),Discos De Metal
5000,CERAMILL SINTRON 71 M (18 MM),Consumible
5000,CERAMILL SINTRON 71 M (18 MM),Discos
4994,CERAMILL SINTRON 71 S (14MM),Digital
4994,CERAMILL SINTRON 71 S (14MM),Discos De Metal
4994,CERAMILL SINTRON 71 S (14MM),Consumible
4994,CERAMILL SINTRON 71 S (14MM),Discos
4991,CERAMILL SINTRON 71 XS (12 MM),Discos
4991,CERAMILL SINTRON 71 XS (12 MM),Digital
4991,CERAMILL SINTRON 71 XS (12 MM),Discos De Metal
4991,CERAMILL SINTRON 71 XS (12 MM),Consumible
4988,CERAMILL SINTRON 71 XXS (10 MM),Discos
4988,CERAMILL SINTRON 71 XXS (10 MM),Digital
4988,CERAMILL SINTRON 71 XXS (10 MM),Discos De Metal
4988,CERAMILL SINTRON 71 XXS (10 MM),Consumible
132143,CERAMILL SINTRON 98 X 14 N,Consumible
132143,CERAMILL SINTRON 98 X 14 N,Digital
132143,CERAMILL SINTRON 98 X 14 N,Discos De Metal
132143,CERAMILL SINTRON 98 X 14 N,Discos
132153,CERAMILL SINTRON 98 X 16 N,Discos
132153,CERAMILL SINTRON 98 X 16 N,Digital
132153,CERAMILL SINTRON 98 X 16 N,Discos De Metal
132153,CERAMILL SINTRON 98 X 16 N,Consumible
132157,CERAMILL SINTRON 98 X 18 N,Digital
132157,CERAMILL SINTRON 98 X 18 N,Discos De Metal
132157,CERAMILL SINTRON 98 X 18 N,Consumible
132157,CERAMILL SINTRON 98 X 18 N,Discos
293320,CERAMILL SINTRON 98X14 F,Digital
293320,CERAMILL SINTRON 98X14 F,Consumible
293320,CERAMILL SINTRON 98X14 F,Discos
293320,CERAMILL SINTRON 98X14 F,Discos De Metal
4088,CERAMILL SPLINTEC 71 L (20 MM),Digital
4088,CERAMILL SPLINTEC 71 L (20 MM),Discos De Pmma
4088,CERAMILL SPLINTEC 71 L (20 MM),Consumible
4088,CERAMILL SPLINTEC 71 L (20 MM),Discos
4136,CERAMILL SPLINTEC STANDARD 71 L,Digital
4136,CERAMILL SPLINTEC STANDARD 71 L,Discos De Pmma
4136,CERAMILL SPLINTEC STANDARD 71 L,Consumible
4136,CERAMILL SPLINTEC STANDARD 71 L,Discos
4133,CERAMILL SPLINTEC STANDARD 71 XS,Digital
4133,CERAMILL SPLINTEC STANDARD 71 XS,Discos De Pmma
4133,CERAMILL SPLINTEC STANDARD 71 XS,Consumible
4133,CERAMILL SPLINTEC STANDARD 71 XS,Discos
4109,CERAMILL STAIN & GLAZE KIT UPDATE,Digital
4109,CERAMILL STAIN & GLAZE KIT UPDATE,Stains Para Circonio
4109,CERAMILL STAIN & GLAZE KIT UPDATE,Consumible
4109,CERAMILL STAIN & GLAZE KIT UPDATE,Stains
295012,CERAMILL TANK MATRON,Digital
295012,CERAMILL TANK MATRON,Accesorio
295012,CERAMILL TANK MATRON,Fresadoras
4097,CERAMILL TEMP LIGHT 71 L (20MM),Digital
4097,CERAMILL TEMP LIGHT 71 L (20MM),Discos De Pmma
4097,CERAMILL TEMP LIGHT 71 L (20MM),Consumible
4097,CERAMILL TEMP LIGHT 71 L (20MM),Discos
4091,CERAMILL TEMP LIGHT 71 XS (13MM),Digital
4091,CERAMILL TEMP LIGHT 71 XS (13MM),Discos De Pmma
4091,CERAMILL TEMP LIGHT 71 XS (13MM),Consumible
4091,CERAMILL TEMP LIGHT 71 XS (13MM),Discos
4100,CERAMILL TEMP MIDDLE 71 L (20MM),Digital
4100,CERAMILL TEMP MIDDLE 71 L (20MM),Discos De Pmma
4100,CERAMILL TEMP MIDDLE 71 L (20MM),Consumible
4100,CERAMILL TEMP MIDDLE 71 L (20MM),Discos
4094,CERAMILL TEMP MIDDLE 71 XS (13MM),Digital
4094,CERAMILL TEMP MIDDLE 71 XS (13MM),Discos De Pmma
4094,CERAMILL TEMP MIDDLE 71 XS (13MM),Consumible
4094,CERAMILL TEMP MIDDLE 71 XS (13MM),Discos
4121,CERAMILL TEMP MULTILAYER A1/A2 71 L,Digital
4121,CERAMILL TEMP MULTILAYER A1/A2 71 L,Discos De Pmma
4121,CERAMILL TEMP MULTILAYER A1/A2 71 L,Consumible
4121,CERAMILL TEMP MULTILAYER A1/A2 71 L,Discos
4115,CERAMILL TEMP MULTILAYER A1/A2 71 XS,Digital
4115,CERAMILL TEMP MULTILAYER A1/A2 71 XS,Discos De Pmma
4115,CERAMILL TEMP MULTILAYER A1/A2 71 XS,Consumible
4115,CERAMILL TEMP MULTILAYER A1/A2 71 XS,Discos
4124,CERAMILL TEMP MULTILAYER A3 71 L,Digital
4124,CERAMILL TEMP MULTILAYER A3 71 L,Discos De Pmma
4124,CERAMILL TEMP MULTILAYER A3 71 L,Consumible
4124,CERAMILL TEMP MULTILAYER A3 71 L,Discos
4118,CERAMILL TEMP MULTILAYER A3 71 XS,Digital
4118,CERAMILL TEMP MULTILAYER A3 71 XS,Discos De Pmma
4118,CERAMILL TEMP MULTILAYER A3 71 XS,Consumible
4118,CERAMILL TEMP MULTILAYER A3 71 XS,Discos
4127,CERAMILL TEMP MULTILAYER B1/B2 71 L,Digital
4127,CERAMILL TEMP MULTILAYER B1/B2 71 L,Discos De Pmma
4127,CERAMILL TEMP MULTILAYER B1/B2 71 L,Consumible
4127,CERAMILL TEMP MULTILAYER B1/B2 71 L,Discos
4070,CERAMILL TEST 71 L,Discos
4070,CERAMILL TEST 71 L,Digital
4070,CERAMILL TEST 71 L,Discos De Calibracion
4070,CERAMILL TEST 71 L,Consumible
99530,CERAMILL TEST 98X20,Discos
99530,CERAMILL TEST 98X20,Digital
99530,CERAMILL TEST 98X20,Discos De Calibracion
99530,CERAMILL TEST 98X20,Consumible
3575,CERAMILL THERM 3,Digital
3575,CERAMILL THERM 3,Hornos
3575,CERAMILL THERM 3,Equipo
3575,CERAMILL THERM 3,Hornos De Sinterizado
189559,CERAMILL THERM DRS,Digital
189559,CERAMILL THERM DRS,Hornos
189559,CERAMILL THERM DRS,Equipo
189559,CERAMILL THERM DRS,Hornos De Sinterizado
4073,CERAMILL WAX 71 L,Digital
4073,CERAMILL WAX 71 L,Discos De Cera
4073,CERAMILL WAX 71 L,Consumible
4073,CERAMILL WAX 71 L,Discos
4079,CERAMILL WAX 71 XS (13MM),Discos
4079,CERAMILL WAX 71 XS (13MM),Digital
4079,CERAMILL WAX 71 XS (13MM),Discos De Cera
4079,CERAMILL WAX 71 XS (13MM),Consumible
4085,CERAMILL WAX WHITE 71 XS,Digital
4085,CERAMILL WAX WHITE 71 XS,Discos De Cera
4085,CERAMILL WAX WHITE 71 XS,Consumible
4085,CERAMILL WAX WHITE 71 XS,Discos
4058,CERAMILL ZI 71 (16MM),Digital
4058,CERAMILL ZI 71 (16MM),Discos De Circonio
4058,CERAMILL ZI 71 (16MM),Consumible
4058,CERAMILL ZI 71 (16MM),Discos
4064,CERAMILL ZI 71 M (18MM),Digital
4064,CERAMILL ZI 71 M (18MM),Discos De Circonio
4064,CERAMILL ZI 71 M (18MM),Consumible
4064,CERAMILL ZI 71 M (18MM),Discos
4055,CERAMILL ZI 71 S BLANK (14MM),Discos
4055,CERAMILL ZI 71 S BLANK (14MM),Digital
4055,CERAMILL ZI 71 S BLANK (14MM),Discos De Circonio
4055,CERAMILL ZI 71 S BLANK (14MM),Consumible
4052,CERAMILL ZI 71 XS (12MM),Digital
4052,CERAMILL ZI 71 XS (12MM),Discos De Circonio
4052,CERAMILL ZI 71 XS (12MM),Consumible
4052,CERAMILL ZI 71 XS (12MM),Discos
4067,CERAMILL ZI 71L (20MM),Digital
4067,CERAMILL ZI 71L (20MM),Discos De Circonio
4067,CERAMILL ZI 71L (20MM),Consumible
4067,CERAMILL ZI 71L (20MM),Discos
4061,CERAMILL ZI 71XL (25MM),Digital
4061,CERAMILL ZI 71XL (25MM),Discos De Circonio
4061,CERAMILL ZI 71XL (25MM),Consumible
4061,CERAMILL ZI 71XL (25MM),Discos
100284,CERAMILL ZI 98X14 N 1PZA,Discos
100284,CERAMILL ZI 98X14 N 1PZA,Digital
100284,CERAMILL ZI 98X14 N 1PZA,Discos De Circonio
100284,CERAMILL ZI 98X14 N 1PZA,Consumible
103771,CERAMILL ZI 98X18 N,Discos
103771,CERAMILL ZI 98X18 N,Digital
103771,CERAMILL ZI 98X18 N,Discos De Circonio
103771,CERAMILL ZI 98X18 N,Consumible
4049,CERAMILL ZOLID 71 (16MM),Digital
4049,CERAMILL ZOLID 71 (16MM),Discos De Circonio
4049,CERAMILL ZOLID 71 (16MM),Consumible
4049,CERAMILL ZOLID 71 (16MM),Discos
4046,CERAMILL ZOLID 71 S (14MM),Digital
4046,CERAMILL ZOLID 71 S (14MM),Discos De Circonio
4046,CERAMILL ZOLID 71 S (14MM),Consumible
4043,CERAMILL ZOLID 71 XS BLANK (12MM),Digital
4043,CERAMILL ZOLID 71 XS BLANK (12MM),Discos De Circonio
4043,CERAMILL ZOLID 71 XS BLANK (12MM),Consumible
4043,CERAMILL ZOLID 71 XS BLANK (12MM),Discos
4034,CERAMILL ZOLID FX 71,Discos
4034,CERAMILL ZOLID FX 71,Digital
4034,CERAMILL ZOLID FX 71,Discos De Circonio
4034,CERAMILL ZOLID FX 71,Consumible
4037,CERAMILL ZOLID FX 71 M ZRO2,Digital
4037,CERAMILL ZOLID FX 71 M ZRO2,Discos De Circonio
4037,CERAMILL ZOLID FX 71 M ZRO2,Consumible
4037,CERAMILL ZOLID FX 71 M ZRO2,Discos
4031,CERAMILL ZOLID FX 71 S,Digital
4031,CERAMILL ZOLID FX 71 S,Discos De Circonio
4031,CERAMILL ZOLID FX 71 S,Consumible
4031,CERAMILL ZOLID FX 71 S,Discos
4040,CERAMILL ZOLID FX 71 XL,Digital
4040,CERAMILL ZOLID FX 71 XL,Discos De Circonio
4040,CERAMILL ZOLID FX 71 XL,Consumible
4040,CERAMILL ZOLID FX 71 XL,Discos
4028,CERAMILL ZOLID FX 71 XS,Digital
4028,CERAMILL ZOLID FX 71 XS,Discos De Circonio
4028,CERAMILL ZOLID FX 71 XS,Consumible
4028,CERAMILL ZOLID FX 71 XS,Discos
4328,CERAMILL ZOLID FX ML 0/A1 71 (16MM),Digital
4328,CERAMILL ZOLID FX ML 0/A1 71 (16MM),Discos De Circonio
4328,CERAMILL ZOLID FX ML 0/A1 71 (16MM),Consumible
4328,CERAMILL ZOLID FX ML 0/A1 71 (16MM),Discos
4331,CERAMILL ZOLID FX ML 0/A1 71 L (20MM),Digital
4331,CERAMILL ZOLID FX ML 0/A1 71 L (20MM),Discos De Circonio
4331,CERAMILL ZOLID FX ML 0/A1 71 L (20MM),Consumible
4331,CERAMILL ZOLID FX ML 0/A1 71 L (20MM),Discos
4325,CERAMILL ZOLID FX ML 0/A1 71 S (14MM) ZR,Digital
4325,CERAMILL ZOLID FX ML 0/A1 71 S (14MM) ZR,Discos De Circonio
4325,CERAMILL ZOLID FX ML 0/A1 71 S (14MM) ZR,Consumible
4325,CERAMILL ZOLID FX ML 0/A1 71 S (14MM) ZR,Discos
4379,CERAMILL ZOLID FX ML 0/A1 B40 UN 3PCS,Digital
4379,CERAMILL ZOLID FX ML 0/A1 B40 UN 3PCS,Bloques De Circonio
4379,CERAMILL ZOLID FX ML 0/A1 B40 UN 3PCS,Consumible
4379,CERAMILL ZOLID FX ML 0/A1 B40 UN 3PCS,Bloques
4376,CERAMILL ZOLID FX ML 0/A1 C20 UN 3PCS,Digital
4376,CERAMILL ZOLID FX ML 0/A1 C20 UN 3PCS,Bloques De Circonio
4376,CERAMILL ZOLID FX ML 0/A1 C20 UN 3PCS,Consumible
4376,CERAMILL ZOLID FX ML 0/A1 C20 UN 3PCS,Bloques
4349,CERAMILL ZOLID FX ML 0/B1 71 (16MM),Discos
4349,CERAMILL ZOLID FX ML 0/B1 71 (16MM),Digital
4349,CERAMILL ZOLID FX ML 0/B1 71 (16MM),Discos De Circonio
4349,CERAMILL ZOLID FX ML 0/B1 71 (16MM),Consumible
4352,CERAMILL ZOLID FX ML 0/B1 71 L (20MM),Digital
4352,CERAMILL ZOLID FX ML 0/B1 71 L (20MM),Discos De Circonio
4352,CERAMILL ZOLID FX ML 0/B1 71 L (20MM),Consumible
4352,CERAMILL ZOLID FX ML 0/B1 71 L (20MM),Discos
4346,CERAMILL ZOLID FX ML 0/B1 71 S (14MM),Digital
4346,CERAMILL ZOLID FX ML 0/B1 71 S (14MM),Discos De Circonio
4346,CERAMILL ZOLID FX ML 0/B1 71 S (14MM),Consumible
4346,CERAMILL ZOLID FX ML 0/B1 71 S (14MM),Discos
288446,CERAMILL ZOLID FX ML 0/B1 98X16 F,Digital
288446,CERAMILL ZOLID FX ML 0/B1 98X16 F,Consumible
288446,CERAMILL ZOLID FX ML 0/B1 98X16 F,Discos De Circonio
288446,CERAMILL ZOLID FX ML 0/B1 98X16 F,Discos
92448,CERAMILL ZOLID FX ML 0/B1 98X16 N,Discos
92448,CERAMILL ZOLID FX ML 0/B1 98X16 N,Digital
92448,CERAMILL ZOLID FX ML 0/B1 98X16 N,Discos De Circonio
92448,CERAMILL ZOLID FX ML 0/B1 98X16 N,Consumible
4391,CERAMILL ZOLID FX ML 0/B1 B40 UN 3PCS.,Digital
4391,CERAMILL ZOLID FX ML 0/B1 B40 UN 3PCS.,Bloques De Circonio
4391,CERAMILL ZOLID FX ML 0/B1 B40 UN 3PCS.,Consumible
4391,CERAMILL ZOLID FX ML 0/B1 B40 UN 3PCS.,Bloques
4388,CERAMILL ZOLID FX ML 0/B1 C20 UN 3PCS.,Digital
4388,CERAMILL ZOLID FX ML 0/B1 C20 UN 3PCS.,Bloques De Circonio
4388,CERAMILL ZOLID FX ML 0/B1 C20 UN 3PCS.,Consumible
4388,CERAMILL ZOLID FX ML 0/B1 C20 UN 3PCS.,Bloques
4337,CERAMILL ZOLID FX ML A2/A3 71 (16MM),Digital
4337,CERAMILL ZOLID FX ML A2/A3 71 (16MM),Discos De Circonio
4337,CERAMILL ZOLID FX ML A2/A3 71 (16MM),Consumible
4337,CERAMILL ZOLID FX ML A2/A3 71 (16MM),Discos
4340,CERAMILL ZOLID FX ML A2/A3 71 L (20MM),Digital
4340,CERAMILL ZOLID FX ML A2/A3 71 L (20MM),Discos De Circonio
4340,CERAMILL ZOLID FX ML A2/A3 71 L (20MM),Consumible
4340,CERAMILL ZOLID FX ML A2/A3 71 L (20MM),Discos
4334,CERAMILL ZOLID FX ML A2/A3 71 S (14MM) Z,Digital
4334,CERAMILL ZOLID FX ML A2/A3 71 S (14MM) Z,Discos De Circonio
4334,CERAMILL ZOLID FX ML A2/A3 71 S (14MM) Z,Consumible
4334,CERAMILL ZOLID FX ML A2/A3 71 S (14MM) Z,Discos
288443,CERAMILL ZOLID FX ML A2/A3 98X16 F,Digital
288443,CERAMILL ZOLID FX ML A2/A3 98X16 F,Consumible
288443,CERAMILL ZOLID FX ML A2/A3 98X16 F,Discos De Circonio
288443,CERAMILL ZOLID FX ML A2/A3 98X16 F,Discos
4373,CERAMILL ZOLID FX ML A2/A3 98X16 N,Discos
4373,CERAMILL ZOLID FX ML A2/A3 98X16 N,Digital
4373,CERAMILL ZOLID FX ML A2/A3 98X16 N,Discos De Circonio
4373,CERAMILL ZOLID FX ML A2/A3 98X16 N,Consumible
4385,CERAMILL ZOLID FX ML A2/A3 B40 UN 3PCS,Digital
4385,CERAMILL ZOLID FX ML A2/A3 B40 UN 3PCS,Bloques De Circonio
4385,CERAMILL ZOLID FX ML A2/A3 B40 UN 3PCS,Consumible
4385,CERAMILL ZOLID FX ML A2/A3 B40 UN 3PCS,Bloques
4382,CERAMILL ZOLID FX ML A2/A3 C20 UN 3PCS.,Digital
4382,CERAMILL ZOLID FX ML A2/A3 C20 UN 3PCS.,Bloques De Circonio
4382,CERAMILL ZOLID FX ML A2/A3 C20 UN 3PCS.,Consumible
4382,CERAMILL ZOLID FX ML A2/A3 C20 UN 3PCS.,Bloques
4343,"CERAMILL ZOLID FX ML A3,5/A4 71 (16MM)",Digital
4343,"CERAMILL ZOLID FX ML A3,5/A4 71 (16MM)",Discos De Circonio
4343,"CERAMILL ZOLID FX ML A3,5/A4 71 (16MM)",Consumible
4343,"CERAMILL ZOLID FX ML A3,5/A4 71 (16MM)",Discos
4397,CERAMILL ZOLID FX ML B2/B3 B40 UN 3PCS.,Digital
4397,CERAMILL ZOLID FX ML B2/B3 B40 UN 3PCS.,Bloques De Circonio
4397,CERAMILL ZOLID FX ML B2/B3 B40 UN 3PCS.,Consumible
4397,CERAMILL ZOLID FX ML B2/B3 B40 UN 3PCS.,Bloques
4394,CERAMILL ZOLID FX ML B2/B3 C20 UN 3PCS.,Digital
4394,CERAMILL ZOLID FX ML B2/B3 C20 UN 3PCS.,Bloques De Circonio
4394,CERAMILL ZOLID FX ML B2/B3 C20 UN 3PCS.,Consumible
4394,CERAMILL ZOLID FX ML B2/B3 C20 UN 3PCS.,Bloques
115651,CERAMILL ZOLID FX ML C1 / C2 98X16 NZRO2,Discos
115651,CERAMILL ZOLID FX ML C1 / C2 98X16 NZRO2,Digital
115651,CERAMILL ZOLID FX ML C1 / C2 98X16 NZRO2,Discos De Circonio
115651,CERAMILL ZOLID FX ML C1 / C2 98X16 NZRO2,Consumible
4361,CERAMILL ZOLID FX ML C1/C2 71 (16MM),Discos
4361,CERAMILL ZOLID FX ML C1/C2 71 (16MM),Digital
4361,CERAMILL ZOLID FX ML C1/C2 71 (16MM),Discos De Circonio
4361,CERAMILL ZOLID FX ML C1/C2 71 (16MM),Consumible
4364,CERAMILL ZOLID FX ML C3/C4 71 (16MM),Digital
4364,CERAMILL ZOLID FX ML C3/C4 71 (16MM),Discos De Circonio
4364,CERAMILL ZOLID FX ML C3/C4 71 (16MM),Consumible
4364,CERAMILL ZOLID FX ML C3/C4 71 (16MM),Discos
115655,CERAMILL ZOLID FX ML D2 / D3 98X16 NZRO2,Discos
115655,CERAMILL ZOLID FX ML D2 / D3 98X16 NZRO2,Digital
115655,CERAMILL ZOLID FX ML D2 / D3 98X16 NZRO2,Discos De Circonio
115655,CERAMILL ZOLID FX ML D2 / D3 98X16 NZRO2,Consumible
4367,CERAMILL ZOLID FX ML D2/D3 71 16MM ZRO2,Digital
4367,CERAMILL ZOLID FX ML D2/D3 71 16MM ZRO2,Discos De Circonio
4367,CERAMILL ZOLID FX ML D2/D3 71 16MM ZRO2,Consumible
4367,CERAMILL ZOLID FX ML D2/D3 71 16MM ZRO2,Discos
288453,CERAMILL ZOLID FX ML D2/D3 98X16 F,Discos De Circonio
288453,CERAMILL ZOLID FX ML D2/D3 98X16 F,Discos
288453,CERAMILL ZOLID FX ML D2/D3 98X16 F,Consumible
288453,CERAMILL ZOLID FX ML D2/D3 98X16 F,Digital
4442,CERAMILL ZOLID HT + PS A1 71X20 ZRO2,Discos
4442,CERAMILL ZOLID HT + PS A1 71X20 ZRO2,Discos De Circonio
4442,CERAMILL ZOLID HT + PS A1 71X20 ZRO2,Consumible
4442,CERAMILL ZOLID HT + PS A1 71X20 ZRO2,Digital
96148,CERAMILL ZOLID HT + WHITE 98X25,Discos
96148,CERAMILL ZOLID HT + WHITE 98X25,Digital
96148,CERAMILL ZOLID HT + WHITE 98X25,Discos De Circonio
96148,CERAMILL ZOLID HT + WHITE 98X25,Consumible
4439,CERAMILL ZOLID HT+ PS A1 71X16,Digital
4439,CERAMILL ZOLID HT+ PS A1 71X16,Discos De Circonio
4439,CERAMILL ZOLID HT+ PS A1 71X16,Consumible
4439,CERAMILL ZOLID HT+ PS A1 71X16,Discos
4445,CERAMILL ZOLID HT+ PS A2 71X16,Digital
4445,CERAMILL ZOLID HT+ PS A2 71X16,Discos De Circonio
4445,CERAMILL ZOLID HT+ PS A2 71X16,Consumible
4445,CERAMILL ZOLID HT+ PS A2 71X16,Discos
92439,CERAMILL ZOLID HT+ PS A2 71X20,Discos
92439,CERAMILL ZOLID HT+ PS A2 71X20,Digital
92439,CERAMILL ZOLID HT+ PS A2 71X20,Discos De Circonio
92439,CERAMILL ZOLID HT+ PS A2 71X20,Consumible
4448,CERAMILL ZOLID HT+ PS A3 71X16,Digital
4448,CERAMILL ZOLID HT+ PS A3 71X16,Discos De Circonio
4448,CERAMILL ZOLID HT+ PS A3 71X16,Consumible
4448,CERAMILL ZOLID HT+ PS A3 71X16,Discos
99511,CERAMILL ZOLID HT+ PS A3 98X16 ZRO2,Discos
99511,CERAMILL ZOLID HT+ PS A3 98X16 ZRO2,Digital
99511,CERAMILL ZOLID HT+ PS A3 98X16 ZRO2,Discos De Circonio
99511,CERAMILL ZOLID HT+ PS A3 98X16 ZRO2,Consumible
4451,CERAMILL ZOLID HT+ PS B1 71X16,Digital
4451,CERAMILL ZOLID HT+ PS B1 71X16,Discos De Circonio
4451,CERAMILL ZOLID HT+ PS B1 71X16,Consumible
4451,CERAMILL ZOLID HT+ PS B1 71X16,Discos
4454,CERAMILL ZOLID HT+ PS B2 71X16,Digital
4454,CERAMILL ZOLID HT+ PS B2 71X16,Discos De Circonio
4454,CERAMILL ZOLID HT+ PS B2 71X16,Consumible
4454,CERAMILL ZOLID HT+ PS B2 71X16,Discos
4424,CERAMILL ZOLID HT+ WHITE 71X20,Digital
4424,CERAMILL ZOLID HT+ WHITE 71X20,Discos De Circonio
4424,CERAMILL ZOLID HT+ WHITE 71X20,Consumible
4424,CERAMILL ZOLID HT+ WHITE 71X20,Discos
89491,CERAMILL ZOLID HT+ WHITE 98X20,Discos
89491,CERAMILL ZOLID HT+ WHITE 98X20,Discos De Circonio
89491,CERAMILL ZOLID HT+ WHITE 98X20,Digital
89491,CERAMILL ZOLID HT+ WHITE 98X20,Consumible
96733,CERAMILL ZOLID HT+PS A1 98X14,Digital
96733,CERAMILL ZOLID HT+PS A1 98X14,Discos De Circonio
96733,CERAMILL ZOLID HT+PS A1 98X14,Discos
96733,CERAMILL ZOLID HT+PS A1 98X14,Consumible
97157,CERAMILL ZOLID HT+PS A1 98X16,Discos
97157,CERAMILL ZOLID HT+PS A1 98X16,Digital
97157,CERAMILL ZOLID HT+PS A1 98X16,Discos De Circonio
97157,CERAMILL ZOLID HT+PS A1 98X16,Consumible
97160,CERAMILL ZOLID HT+PS A2 98X14,Discos
97160,CERAMILL ZOLID HT+PS A2 98X14,Digital
97160,CERAMILL ZOLID HT+PS A2 98X14,Discos De Circonio
97160,CERAMILL ZOLID HT+PS A2 98X14,Consumible
97164,CERAMILL ZOLID HT+PS A2 98X16,Discos
97164,CERAMILL ZOLID HT+PS A2 98X16,Digital
97164,CERAMILL ZOLID HT+PS A2 98X16,Discos De Circonio
97164,CERAMILL ZOLID HT+PS A2 98X16,Consumible
97167,CERAMILL ZOLID HT+WHITE 98X12,Discos
97167,CERAMILL ZOLID HT+WHITE 98X12,Digital
97167,CERAMILL ZOLID HT+WHITE 98X12,Discos De Circonio
97167,CERAMILL ZOLID HT+WHITE 98X12,Consumible
4103,CERAMILL ZOLID PRESHADE 1 71 (16MM) ZRO2,Digital
4103,CERAMILL ZOLID PRESHADE 1 71 (16MM) ZRO2,Discos De Circonio
4103,CERAMILL ZOLID PRESHADE 1 71 (16MM) ZRO2,Consumible
4103,CERAMILL ZOLID PRESHADE 1 71 (16MM) ZRO2,Discos
4106,CERAMILL ZOLID PRESHADE 2 71 (16MM),Digital
4106,CERAMILL ZOLID PRESHADE 2 71 (16MM),Discos De Circonio
4106,CERAMILL ZOLID PRESHADE 2 71 (16MM),Consumible
4106,CERAMILL ZOLID PRESHADE 2 71 (16MM),Discos
154507,CERAMILLL A-TEMP ML A2/A3 98X14 PMMA,Digital
154507,CERAMILLL A-TEMP ML A2/A3 98X14 PMMA,Discos De Pmma
154507,CERAMILLL A-TEMP ML A2/A3 98X14 PMMA,Consumible
154507,CERAMILLL A-TEMP ML A2/A3 98X14 PMMA,Discos
4406,CERAMOMIX ZIRCONIA SPATULA POWERED BY MP,Digital
4406,CERAMOMIX ZIRCONIA SPATULA POWERED BY MP,Pinceles Para Circonio
4406,CERAMOMIX ZIRCONIA SPATULA POWERED BY MP,Consumible
11321,CHASIS 3 MODULOS 14613 PLANA VIMAR,Refaccion
11321,CHASIS 3 MODULOS 14613 PLANA VIMAR,Analogo
98446,"CHUCK 2, 35MM",Digital
98446,"CHUCK 2, 35MM",Refaccion
98446,"CHUCK 2, 35MM",Impresoras 3d
295072,CHUCK 3MM MATRON,Digital
295072,CHUCK 3MM MATRON,Refaccion
295072,CHUCK 3MM MATRON,Fresadoras
98438,CIRCLIP,Digital
98438,CIRCLIP,Refaccion
98438,CIRCLIP,Impresoras 3d
198981,CLAMP RING WITH HEXAGONAL SCREW M3X8 MM,Accesorio
198981,CLAMP RING WITH HEXAGONAL SCREW M3X8 MM,Digital
5750,CLEAR D LCD/DLP CASTABLE RESIN LCD/DLP,Digital
5750,CLEAR D LCD/DLP CASTABLE RESIN LCD/DLP,Resinas De Impresion
5750,CLEAR D LCD/DLP CASTABLE RESIN LCD/DLP,Consumible
5753,CLEAR D SLA/DLP CASTABLE RESIN LCD/DLP,Digital
5753,CLEAR D SLA/DLP CASTABLE RESIN LCD/DLP,Resinas De Impresion
5753,CLEAR D SLA/DLP CASTABLE RESIN LCD/DLP,Consumible
4775,CLEAR SPACER 18ML,Analogo
4775,CLEAR SPACER 18ML,Espaciador
4775,CLEAR SPACER 18ML,Consumible
4772,CLEAR SPACER 3ML,Analogo
4772,CLEAR SPACER 3ML,Espaciador
4772,CLEAR SPACER 3ML,Consumible
4766,CLEAR SPACER ROJO 3 ML,Analogo
4766,CLEAR SPACER ROJO 3 ML,Espaciador
4766,CLEAR SPACER ROJO 3 ML,Consumible
4691,"CLINÓMETRO ""LABORATORIO""",Analogo
4691,"CLINÓMETRO ""LABORATORIO""",Articuladores
4691,"CLINÓMETRO ""LABORATORIO""",Accesorio
3839,"CLINÓMETRO ""OPERATORY""",Analogo
3839,"CLINÓMETRO ""OPERATORY""",Articuladores
3839,"CLINÓMETRO ""OPERATORY""",Accesorio
81204,COBRA DE 25ΜM. BLANCO 5 KG,Analogo
81204,COBRA DE 25ΜM. BLANCO 5 KG,Consumible
81204,COBRA DE 25ΜM. BLANCO 5 KG,Insumos De Laboratorio
81210,COBRA DE 250UM BLANCO 5KG,Analogo
81210,COBRA DE 250UM BLANCO 5KG,Consumible
81210,COBRA DE 250UM BLANCO 5KG,Insumos De Laboratorio
81207,COBRA OXIDO DE ALUMINIO 250UM BLANCO 12.,Analogo
81207,COBRA OXIDO DE ALUMINIO 250UM BLANCO 12.,Consumible
81207,COBRA OXIDO DE ALUMINIO 250UM BLANCO 12.,Insumos De Laboratorio
4769,COLOR SPACER ROJO 18ML,Analogo
4769,COLOR SPACER ROJO 18ML,Espaciador
4769,COLOR SPACER ROJO 18ML,Consumible
5786,COLORIMETRO 3D MASTER,Colorimetro
5786,COLORIMETRO 3D MASTER,Analogo
5786,COLORIMETRO 3D MASTER,Consumible
5789,COLORIMETRO BLEACHEDGUIDE 3D MASTER,Colorimetro
5789,COLORIMETRO BLEACHEDGUIDE 3D MASTER,Analogo
5789,COLORIMETRO BLEACHEDGUIDE 3D MASTER,Consumible
5792,COLORIMETRO CLASICO A1-D4,Colorimetro
5792,COLORIMETRO CLASICO A1-D4,Analogo
5792,COLORIMETRO CLASICO A1-D4,Consumible
5795,COLORIMETRO CLASICO A1-D4 BLEACHED SHADE,Colorimetro
5795,COLORIMETRO CLASICO A1-D4 BLEACHED SHADE,Analogo
5795,COLORIMETRO CLASICO A1-D4 BLEACHED SHADE,Consumible
5798,COLORIMETRO LINEARGUIDE 3D MASTER,Colorimetro
5798,COLORIMETRO LINEARGUIDE 3D MASTER,Analogo
5798,COLORIMETRO LINEARGUIDE 3D MASTER,Consumible
96939,COMPACT CYLINDER,Analogo
96939,COMPACT CYLINDER,Refaccion
81297,COMPAS DE CALIBRE STANDARD,Analogo
81297,COMPAS DE CALIBRE STANDARD,Consumible
81297,COMPAS DE CALIBRE STANDARD,Insumos De Laboratorio
4763,COMPRESOR DUO TANDEM CON 2 CABEZAS,Analogo
4763,COMPRESOR DUO TANDEM CON 2 CABEZAS,Compresores
4763,COMPRESOR DUO TANDEM CON 2 CABEZAS,Accesorio
97247,COMPRESOR QUATRRO TANDEM CON 2 SECADORES,Digital
97247,COMPRESOR QUATRRO TANDEM CON 2 SECADORES,Compresores
97247,COMPRESOR QUATRRO TANDEM CON 2 SECADORES,Equipo
98441,COMPRESSION DISC,Digital
98441,COMPRESSION DISC,Refaccion
98441,COMPRESSION DISC,Impresoras 3d
305788,"COMPUTADORA GAMER CON TECLADO, MOUSE Y MONITOR",Digital
305788,"COMPUTADORA GAMER CON TECLADO, MOUSE Y MONITOR",Equipo
305788,"COMPUTADORA GAMER CON TECLADO, MOUSE Y MONITOR",Equipo De Computo
98235,COMPUTADORA PORTATIL,Digital
98235,COMPUTADORA PORTATIL,Equipo De Computo
98235,COMPUTADORA PORTATIL,Equipo
151687,CONGRESO DIGITAL DAY GENERAL PASS,Boletos
151687,CONGRESO DIGITAL DAY GENERAL PASS,Servicios
151782,CONGRESO DIGITAL DAY GENERAL UNIVERSITY PASS,Servicios
151741,CONGRESO DIGITAL DAY VIP PASS,Servicios
3536,CONJUNTO DE EMPAQUETADURAS PARA TAPA,Digital
3536,CONJUNTO DE EMPAQUETADURAS PARA TAPA,Refaccion
3536,CONJUNTO DE EMPAQUETADURAS PARA TAPA,Fresadoras
120359,CONNECTING CABLE 100-125 V,Hornos
120359,CONNECTING CABLE 100-125 V,Refaccion
120359,CONNECTING CABLE 100-125 V,Analogo
120363,CONNECTING CABLE EU / CEE7/7,Hornos
120363,CONNECTING CABLE EU / CEE7/7,Refaccion
120363,CONNECTING CABLE EU / CEE7/7,Analogo
4661,CONSEQUENT 1.7MM,Digital
4661,CONSEQUENT 1.7MM,Hilo De Cera
4661,CONSEQUENT 1.7MM,Consumible
4664,CONSEQUENT 2 MM,Analogo
4664,CONSEQUENT 2 MM,Hilo De Cera
4664,CONSEQUENT 2 MM,Consumible
4667,CONSEQUENT 4.4X2.3MM,Analogo
4667,CONSEQUENT 4.4X2.3MM,Hilo De Cera
4667,CONSEQUENT 4.4X2.3MM,Consumible
122833,CONTAC WIRE POWER TO ELEMENT WITH CLIP,Refaccion
89927,CONTACT E DUO ESTACION DE DESPERTADOR,Analogo
89927,CONTACT E DUO ESTACION DE DESPERTADOR,Enceradoras
89927,CONTACT E DUO ESTACION DE DESPERTADOR,Equipo
122829,CONTACT WIRE ELEMENT WITH CLIP,Refaccion
3794,CONTRA PLACA SPLITEX PREMIUM (10PZAS),Analogo
3794,CONTRA PLACA SPLITEX PREMIUM (10PZAS),Articuladores
3794,CONTRA PLACA SPLITEX PREMIUM (10PZAS),Consumible
3797,CONTRA-PLACA SPLITEX CLASSIC PLACAS DE R,Analogo
3797,CONTRA-PLACA SPLITEX CLASSIC PLACAS DE R,Articuladores
3797,CONTRA-PLACA SPLITEX CLASSIC PLACAS DE R,Consumible
85700,CONTROL DE SPINDLE MOTION 2,Digital
85700,CONTROL DE SPINDLE MOTION 2,Fresadoras
85700,CONTROL DE SPINDLE MOTION 2,Refaccion
85697,CONTROL M2I DNA GENERATION,Digital
85697,CONTROL M2I DNA GENERATION,Fresadoras
85697,CONTROL M2I DNA GENERATION,Refaccion
96075,CONTROL MODULE,Refaccion
96075,CONTROL MODULE,Analogo
87069,CONTROLLER BLACK 624I/654I/664I/674I,Analogo
87069,CONTROLLER BLACK 624I/654I/664I/674I,Hornos
87069,CONTROLLER BLACK 624I/654I/664I/674I,Refaccion
4637,COOLING LIQUID,Consumible
4637,COOLING LIQUID,Digital
4637,COOLING LIQUID,Refrigerante Para Fresadoras
93902,COPING DE IIMPRESION DE CUBETA ABIERTA Ø 3.0,Aditamentos Para Implantes
93902,COPING DE IIMPRESION DE CUBETA ABIERTA Ø 3.0,Consumible
93902,COPING DE IIMPRESION DE CUBETA ABIERTA Ø 3.0,Analogo
198941,"COPPER SEALING WASHER R1/8"" (10X16X1)",Refaccion
198941,"COPPER SEALING WASHER R1/8"" (10X16X1)",Digital
176853,"COPPER SEALING WASHER, R 1/8",Refaccion
176853,"COPPER SEALING WASHER, R 1/8",Analogo
98478,COVER DISC,Digital
98478,COVER DISC,Refaccion
98478,COVER DISC,Impresoras 3d
121218,CPU GABINETE SYSTEM G,Digital
121218,CPU GABINETE SYSTEM G,Equipo De Computo
121218,CPU GABINETE SYSTEM G,Equipo
91717,CPU-PLATINE 100V-230V,Analogo
91717,CPU-PLATINE 100V-230V,Equipo De Computo
91717,CPU-PLATINE 100V-230V,Equipo
5828,CR3A LCD/DLP CASTABLE RESIN LCD/DLP PRIN,Digital
5828,CR3A LCD/DLP CASTABLE RESIN LCD/DLP PRIN,Resinas De Impresion
5828,CR3A LCD/DLP CASTABLE RESIN LCD/DLP PRIN,Consumible
4514,CRAMILL GREEN STATE FINISHING KIT,Analogo
4514,CRAMILL GREEN STATE FINISHING KIT,Fresones
4514,CRAMILL GREEN STATE FINISHING KIT,Consumible
297510,CREATION GLASS PLATE,Analogo
297510,CREATION GLASS PLATE,Consumible
297510,CREATION GLASS PLATE,Ceramica De Recubrimiento
125354,CREATION SET DE CERAS,Analogo
125354,CREATION SET DE CERAS,Ceras De Modelado
125354,CREATION SET DE CERAS,Consumible
85226,CROWN FORCEPS,Analogo
85226,CROWN FORCEPS,Insumos De Laboratorio
85226,CROWN FORCEPS,Consumible
85715,CS CUBIERTA DEL EJE A CON SENSOR 2.5MM,Digital
85715,CS CUBIERTA DEL EJE A CON SENSOR 2.5MM,Fresadoras
85715,CS CUBIERTA DEL EJE A CON SENSOR 2.5MM,Refaccion
85746,CUBIERTAS DEL EJE X,Digital
85746,CUBIERTAS DEL EJE X,Fresadoras
85746,CUBIERTAS DEL EJE X,Refaccion
85749,CUBIERTAS DEL EJE Y,Digital
85749,CUBIERTAS DEL EJE Y,Fresadoras
85749,CUBIERTAS DEL EJE Y,Refaccion
297622,CUBOS DE CERAMICA,Analogo
297622,CUBOS DE CERAMICA,Consumible
103351,CUENTAS SINTERIZ SINTRON ARGOVENT2 150G,Digital
103351,CUENTAS SINTERIZ SINTRON ARGOVENT2 150G,Hornos
103351,CUENTAS SINTERIZ SINTRON ARGOVENT2 150G,Consumible
103351,CUENTAS SINTERIZ SINTRON ARGOVENT2 150G,Hornos De Sinterizado
85557,CURSO DE CAPACITACION DE LABORATORIO DENTAL,Servicios
85557,CURSO DE CAPACITACION DE LABORATORIO DENTAL,Analogo
116672,CUSTOM INTERFACE ANTIRROTATIVA Ø 4.0 GH 2.0,Aditamentos Para Implantes
116672,CUSTOM INTERFACE ANTIRROTATIVA Ø 4.0 GH 2.0,Consumible
116672,CUSTOM INTERFACE ANTIRROTATIVA Ø 4.0 GH 2.0,Analogo
116676,CUSTOM INTERFACE ROTATIVA Ø 4.0 GH 1.0,Aditamentos Para Implantes
116676,CUSTOM INTERFACE ROTATIVA Ø 4.0 GH 1.0,Consumible
116676,CUSTOM INTERFACE ROTATIVA Ø 4.0 GH 1.0,Analogo
116680,CUSTOM INTERFACE ROTATIVA Ø 4.0 GH 2.0,Aditamentos Para Implantes
116680,CUSTOM INTERFACE ROTATIVA Ø 4.0 GH 2.0,Consumible
116680,CUSTOM INTERFACE ROTATIVA Ø 4.0 GH 2.0,Analogo
93923,CUSTOM INTERFASE ANTIRROTATIVA Ø 3.0 H 0.8,Aditamentos Para Implantes
93923,CUSTOM INTERFASE ANTIRROTATIVA Ø 3.0 H 0.8,Consumible
93923,CUSTOM INTERFASE ANTIRROTATIVA Ø 3.0 H 0.8,Analogo
93899,CUSTOM INTERFASE ANTIRROTATIVA Ø 3.0 H 2.5,Aditamentos Para Implantes
93899,CUSTOM INTERFASE ANTIRROTATIVA Ø 3.0 H 2.5,Consumible
93899,CUSTOM INTERFASE ANTIRROTATIVA Ø 3.0 H 2.5,Analogo
93926,CUSTOM INTERFASE ANTIRROTATIVA Ø 3.0H 1.5,Aditamentos Para Implantes
93926,CUSTOM INTERFASE ANTIRROTATIVA Ø 3.0H 1.5,Consumible
93926,CUSTOM INTERFASE ANTIRROTATIVA Ø 3.0H 1.5,Analogo
93911,CUSTOM INTERFASE ANTIRROTATIVA Ø 3.5 H 0.5,Aditamentos Para Implantes
93911,CUSTOM INTERFASE ANTIRROTATIVA Ø 3.5 H 0.5,Analogo
93911,CUSTOM INTERFASE ANTIRROTATIVA Ø 3.5 H 0.5,Consumible
93914,CUSTOM INTERFASE ANTIRROTATIVA Ø 4.0 H 0.5,Aditamentos Para Implantes
93914,CUSTOM INTERFASE ANTIRROTATIVA Ø 4.0 H 0.5,Analogo
93914,CUSTOM INTERFASE ANTIRROTATIVA Ø 4.0 H 0.5,Consumible
93908,CUSTOM INTERFASE ANTIRROTATIVA S2 H 1.5,Aditamentos Para Implantes
93908,CUSTOM INTERFASE ANTIRROTATIVA S2 H 1.5,Analogo
93917,CUSTOM INTERFASE ROTATIVA S2 H 1.5,Aditamentos Para Implantes
93917,CUSTOM INTERFASE ROTATIVA S2 H 1.5,Consumible
93917,CUSTOM INTERFASE ROTATIVA S2 H 1.5,Analogo
89712,D54017 SILENCIADOR BOMBA VITA,Analogo
89712,D54017 SILENCIADOR BOMBA VITA,Hornos
89712,D54017 SILENCIADOR BOMBA VITA,Accesorio
3869,DEBUBBLIZER & WAX PATTERN CLEANER SURFAC,Analogo
3869,DEBUBBLIZER & WAX PATTERN CLEANER SURFAC,Desburbujador
3869,DEBUBBLIZER & WAX PATTERN CLEANER SURFAC,Consumible
3503,DEKEMA AUSTROMAT 674 BASIC,Digital
3503,DEKEMA AUSTROMAT 674 BASIC,Hornos
3503,DEKEMA AUSTROMAT 674 BASIC,Equipo
3503,DEKEMA AUSTROMAT 674 BASIC,Hornos De Sinterizado
111315,DENTA CAST 1KG BOTTLE,Digital
111315,DENTA CAST 1KG BOTTLE,Resinas De Impresion
111315,DENTA CAST 1KG BOTTLE,Consumible
152036,DENTA TOOTH A1 1KG BOTTLE,Digital
152036,DENTA TOOTH A1 1KG BOTTLE,Resinas De Impresion
152036,DENTA TOOTH A1 1KG BOTTLE,Consumible
111319,DENTA TOOTH A1 500G BOTTLE,Digital
111319,DENTA TOOTH A1 500G BOTTLE,Resinas De Impresion
111319,DENTA TOOTH A1 500G BOTTLE,Consumible
97756,DENTABASE N1 1KG BOTTLE,Digital
97756,DENTABASE N1 1KG BOTTLE,Resinas De Impresion
97756,DENTABASE N1 1KG BOTTLE,Consumible
141601,DENTACAD EDUCATIONAL FLEX UNIVERSIDADES,Software
95537,DENTAFORM 1KG BOTTLE RESIN,Digital
95537,DENTAFORM 1KG BOTTLE RESIN,Resinas De Impresion
95537,DENTAFORM 1KG BOTTLE RESIN,Consumible
97765,DENTAGUIDE 1KG BOTTLE,Digital
97765,DENTAGUIDE 1KG BOTTLE,Resinas De Impresion
97765,DENTAGUIDE 1KG BOTTLE,Consumible
97753,DENTAGUM 500G BOTTLE,Digital
97753,DENTAGUM 500G BOTTLE,Resinas De Impresion
97753,DENTAGUM 500G BOTTLE,Consumible
190929,DENTAL CAD FLEX,Digital
190929,DENTAL CAD FLEX,Software
111364,DENTAL CAD PERPETUAL,Digital
111364,DENTAL CAD PERPETUAL,Software
84076,DENTAL GRINDING AND POLISHING BURS,Analogo
84076,DENTAL GRINDING AND POLISHING BURS,Fresones
84076,DENTAL GRINDING AND POLISHING BURS,Consumible
8465,DENTAL LAB POLISHERS KUSA,Analogo
8465,DENTAL LAB POLISHERS KUSA,Pulidores
8465,DENTAL LAB POLISHERS KUSA,Consumible
294847,DENTAL ORTHO MODEL GRAY 1KG,Digital
294847,DENTAL ORTHO MODEL GRAY 1KG,Consumible
294847,DENTAL ORTHO MODEL GRAY 1KG,Resinas De Impresion
292624,DENTALCAD EDUCATIONAL FLEX EXOPLAN UNIVERSIDADES,Software
292624,DENTALCAD EDUCATIONAL FLEX EXOPLAN UNIVERSIDADES,Digital
141601,DENTALCAD EDUCATIONAL FLEX UNIVERSIDADES,Digital
190929,DENTALCAD FLEX,Digital
190929,DENTALCAD FLEX,Software
111364,DENTALCAD PERPETUAL,Digital
111364,DENTALCAD PERPETUAL,Software
95540,DENTAMODEL 1KG BOTTLE RESIN,Digital
95540,DENTAMODEL 1KG BOTTLE RESIN,Resinas De Impresion
95540,DENTAMODEL 1KG BOTTLE RESIN,Consumible
102032,"DESARROLLO DE POLITICAS U OBJETIVOS EMPRESARIALES (CONSULTORÍA EN POLITICAS U OBJETIVOS EMPRESARIALES, VIATICOS PAGADOS A EMPLEADOS)",Analogo
102032,"DESARROLLO DE POLITICAS U OBJETIVOS EMPRESARIALES (CONSULTORÍA EN POLITICAS U OBJETIVOS EMPRESARIALES, VIATICOS PAGADOS A EMPLEADOS)",Servicios
89961,DETON HILO DE CERA 250G 2.5MM,Analogo
89961,DETON HILO DE CERA 250G 2.5MM,Hilo De Cera
89961,DETON HILO DE CERA 250G 2.5MM,Consumible
89964,DETON HILO DE CERA AZUL 250G 3.0MM,Analogo
89964,DETON HILO DE CERA AZUL 250G 3.0MM,Hilo De Cera
89964,DETON HILO DE CERA AZUL 250G 3.0MM,Consumible
89967,DETON HILO DE CERA AZUL 250G 3.5MM,Analogo
89967,DETON HILO DE CERA AZUL 250G 3.5MM,Hilo De Cera
89967,DETON HILO DE CERA AZUL 250G 3.5MM,Consumible
80514,DIA FINISH L RUEDA 12MM DURA 12PCS,Analogo
80514,DIA FINISH L RUEDA 12MM DURA 12PCS,Consumible
80517,DIA FINISH L RUEDA 12MM DUREZA MEDIA 12PCS,Analogo
80517,DIA FINISH L RUEDA 12MM DUREZA MEDIA 12PCS,Consumible
86242,DIAGNOSTIC WAX STAR SET,Consumible
86242,DIAGNOSTIC WAX STAR SET,Analogo
4229,DIAMOND 0.4 FARBRING ORANGE,Digital
4229,DIAMOND 0.4 FARBRING ORANGE,Fresas Para Fresadora Diamond Rfid
4229,DIAMOND 0.4 FARBRING ORANGE,Consumible
4229,DIAMOND 0.4 FARBRING ORANGE,Fresas
4226,DIAMOND 1.0 S 1.0MM,Digital
4226,DIAMOND 1.0 S 1.0MM,Fresas Para Fresadora Diamond Rfid
4226,DIAMOND 1.0 S 1.0MM,Consumible
4226,DIAMOND 1.0 S 1.0MM,Fresas
3782,DIAMOND 1.4,Digital
3782,DIAMOND 1.4,Fresas
3782,DIAMOND 1.4,Consumible
4223,DIAMOND 1.4 FARBRING ORANGE,Consumible
4223,DIAMOND 1.4 FARBRING ORANGE,Digital
4223,DIAMOND 1.4 FARBRING ORANGE,Fresas Para Fresadora Diamond Rfid
4223,DIAMOND 1.4 FARBRING ORANGE,Fresas
3785,DIAMOND 1.8,Digital
3785,DIAMOND 1.8,Fresas
3785,DIAMOND 1.8,Consumible
4220,DIAMOND 1.8 FARBRING ORANGE,Digital
4220,DIAMOND 1.8 FARBRING ORANGE,Fresas Para Fresadora Diamond Rfid
4220,DIAMOND 1.8 FARBRING ORANGE,Consumible
4220,DIAMOND 1.8 FARBRING ORANGE,Fresas
8462,DIAMOND DISCS KUSA,Consumible
8462,DIAMOND DISCS KUSA,Analogo
4670,DIAMOND SAW BLADE,Analogo
4670,DIAMOND SAW BLADE,Disco De Corte
4670,DIAMOND SAW BLADE,Consumible
3887,DIASTAR POLIERPASTE,Analogo
3887,DIASTAR POLIERPASTE,Abrasivos
3887,DIASTAR POLIERPASTE,Consumible
95865,DICHTRING A / B ACHSE M2,Digital
95865,DICHTRING A / B ACHSE M2,Refaccion
95865,DICHTRING A / B ACHSE M2,Fresadoras
100965,DIE CUT BLACK STICKERS FOR 5.5,Digital
100965,DIE CUT BLACK STICKERS FOR 5.5,Impresoras 3d
100965,DIE CUT BLACK STICKERS FOR 5.5,Refaccion
4814,DIE HARDENER 18 ML,Analogo
4814,DIE HARDENER 18 ML,Endurecedor
4814,DIE HARDENER 18 ML,Consumible
4817,DIE HARDENER 250 ML,Analogo
4817,DIE HARDENER 250 ML,Endurecedor
4817,DIE HARDENER 250 ML,Consumible
4781,DIE SPACER AMARILLO 18 ML,Analogo
4781,DIE SPACER AMARILLO 18 ML,Espaciador
4781,DIE SPACER AMARILLO 18 ML,Consumible
4778,DIE SPACER AMARILLO 3 ML,Analogo
4778,DIE SPACER AMARILLO 3 ML,Espaciador
4778,DIE SPACER AMARILLO 3 ML,Consumible
4787,DIE SPACER ARGENTEO 18 ML,Analogo
4787,DIE SPACER ARGENTEO 18 ML,Espaciador
4787,DIE SPACER ARGENTEO 18 ML,Consumible
4784,DIE SPACER ARGENTEO 3 ML,Analogo
4784,DIE SPACER ARGENTEO 3 ML,Espaciador
4784,DIE SPACER ARGENTEO 3 ML,Consumible
4793,DIE SPACER AZUL 18 ML,Analogo
4793,DIE SPACER AZUL 18 ML,Espaciador
4793,DIE SPACER AZUL 18 ML,Consumible
3845,DIE SPACER BLUE CONSISTENCY OF 10ΜM 25ML,Analogo
3845,DIE SPACER BLUE CONSISTENCY OF 10ΜM 25ML,Espaciador
3845,DIE SPACER BLUE CONSISTENCY OF 10ΜM 25ML,Consumible
3854,DIE SPACER CLEAR CONSISTENCY OF 4ΜM 25ML,Analogo
3854,DIE SPACER CLEAR CONSISTENCY OF 4ΜM 25ML,Espaciador
3854,DIE SPACER CLEAR CONSISTENCY OF 4ΜM 25ML,Consumible
4796,DIE SPACER DENTIN 3 ML,Analogo
4796,DIE SPACER DENTIN 3 ML,Espaciador
4796,DIE SPACER DENTIN 3 ML,Consumible
4799,DIE SPACER DENTINA 18 ML,Analogo
4799,DIE SPACER DENTINA 18 ML,Espaciador
4799,DIE SPACER DENTINA 18 ML,Consumible
3851,DIE SPACER HARDENER CONSISTENCY OF 8 ΜM,Analogo
3851,DIE SPACER HARDENER CONSISTENCY OF 8 ΜM,Espaciador
3851,DIE SPACER HARDENER CONSISTENCY OF 8 ΜM,Consumible
4790,DIE SPACER ORO 18 ML,Analogo
4790,DIE SPACER ORO 18 ML,Espaciador
4790,DIE SPACER ORO 18 ML,Consumible
3848,DIE SPACER THINNER CONSISTENCY OF 4ΜM 25,Analogo
3848,DIE SPACER THINNER CONSISTENCY OF 4ΜM 25,Espaciador
3848,DIE SPACER THINNER CONSISTENCY OF 4ΜM 25,Consumible
80829,DIE:MASTER DUO ENDURECEDOR,Analogo
80829,DIE:MASTER DUO ENDURECEDOR,Consumible
80829,DIE:MASTER DUO ENDURECEDOR,Espaciador
80832,DIE:MASTER GOLD BARNIZ PARA MUÑONES,Analogo
80832,DIE:MASTER GOLD BARNIZ PARA MUÑONES,Consumible
80832,DIE:MASTER GOLD BARNIZ PARA MUÑONES,Espaciador
80844,DIE:MASTER GRAY BARNIZ PARA MUÑONES,Analogo
80844,DIE:MASTER GRAY BARNIZ PARA MUÑONES,Consumible
80844,DIE:MASTER GRAY BARNIZ PARA MUÑONES,Barniz
80841,DIE:MASTER RED BARNIZ PARA MUÑONES,Analogo
80841,DIE:MASTER RED BARNIZ PARA MUÑONES,Consumible
80820,DIE:MASTER SET BLUE JUEGO BARNIZ P MUÑON,Analogo
80820,DIE:MASTER SET BLUE JUEGO BARNIZ P MUÑON,Consumible
80817,DIE:MASTER SET GOLD/SILVER JUEGO BARNIZ,Analogo
80817,DIE:MASTER SET GOLD/SILVER JUEGO BARNIZ,Consumible
80817,DIE:MASTER SET GOLD/SILVER JUEGO BARNIZ,Espaciador
80823,DIE:MASTER SET RED JUEGO BARNIZ P. MUÑON,Analogo
80823,DIE:MASTER SET RED JUEGO BARNIZ P. MUÑON,Consumible
80835,DIE:MASTER SILVER BARNIZ PARA MUÑONES,Analogo
80835,DIE:MASTER SILVER BARNIZ PARA MUÑONES,Consumible
80835,DIE:MASTER SILVER BARNIZ PARA MUÑONES,Espaciador
80826,DIE:MASTER THINNER DILUYENTE,Analogo
80826,DIE:MASTER THINNER DILUYENTE,Consumible
80826,DIE:MASTER THINNER DILUYENTE,Espaciador
4832,DIGISCAN SPRAY 300 ML,Analogo
4832,DIGISCAN SPRAY 300 ML,Insumos De Laboratorio
4832,DIGISCAN SPRAY 300 ML,Consumible
89917,DIPPY EASY 115V,Analogo
89917,DIPPY EASY 115V,Enceradoras
89917,DIPPY EASY 115V,Equipo
121744,DÍPTICO HORNOS VITA,Folletos
98462,DISC,Digital
98462,DISC,Refaccion
98462,DISC,Impresoras 3d
309634,DISCO CERAMILL SINTRON 98X 10 F COCRMO 98X10 F,Digital
309634,DISCO CERAMILL SINTRON 98X 10 F COCRMO 98X10 F,Consumible
309634,DISCO CERAMILL SINTRON 98X 10 F COCRMO 98X10 F,Discos
309634,DISCO CERAMILL SINTRON 98X 10 F COCRMO 98X10 F,Discos De Metal
309640,DISCO CERAMILL SINTRON 98X 16 F COCRMO 98X16 F,Digital
309640,DISCO CERAMILL SINTRON 98X 16 F COCRMO 98X16 F,Consumible
309640,DISCO CERAMILL SINTRON 98X 16 F COCRMO 98X16 F,Discos
309640,DISCO CERAMILL SINTRON 98X 16 F COCRMO 98X16 F,Discos De Metal
309643,DISCO CERAMILL SINTRON 98X 18 F COCRMO 98X18 F,Digital
309643,DISCO CERAMILL SINTRON 98X 18 F COCRMO 98X18 F,Consumible
309643,DISCO CERAMILL SINTRON 98X 18 F COCRMO 98X18 F,Discos
309643,DISCO CERAMILL SINTRON 98X 18 F COCRMO 98X18 F,Discos De Metal
309646,DISCO CERAMILL SINTRON 98X 20 F COCRMO 98X20 F,Digital
309646,DISCO CERAMILL SINTRON 98X 20 F COCRMO 98X20 F,Consumible
309646,DISCO CERAMILL SINTRON 98X 20 F COCRMO 98X20 F,Discos
309646,DISCO CERAMILL SINTRON 98X 20 F COCRMO 98X20 F,Discos De Metal
309649,DISCO CERAMILL SINTRON 98X 25 F COCRMO 98X25 F,Digital
309649,DISCO CERAMILL SINTRON 98X 25 F COCRMO 98X25 F,Consumible
309649,DISCO CERAMILL SINTRON 98X 25 F COCRMO 98X25 F,Discos
309649,DISCO CERAMILL SINTRON 98X 25 F COCRMO 98X25 F,Discos De Metal
303757,DISCO CERAMILL ZOLID FX ML 0/A1 98 X 16 F,Digital
303757,DISCO CERAMILL ZOLID FX ML 0/A1 98 X 16 F,Consumible
303757,DISCO CERAMILL ZOLID FX ML 0/A1 98 X 16 F,Discos
303757,DISCO CERAMILL ZOLID FX ML 0/A1 98 X 16 F,Discos De Circonio
303751,DISCO GEN X B1 98 X 18 F ZRO2,Digital
303751,DISCO GEN X B1 98 X 18 F ZRO2,Consumible
303751,DISCO GEN X B1 98 X 18 F ZRO2,Discos
303751,DISCO GEN X B1 98 X 18 F ZRO2,Discos De Circonio
303760,DISCO ZOLID BION A1 98 X 16 F ZRO2,Digital
303760,DISCO ZOLID BION A1 98 X 16 F ZRO2,Consumible
303760,DISCO ZOLID BION A1 98 X 16 F ZRO2,Discos
303760,DISCO ZOLID BION A1 98 X 16 F ZRO2,Discos De Circonio
307915,DISCO ZOLID GEN X A1 98 X 20 F ZRO2,Digital
307915,DISCO ZOLID GEN X A1 98 X 20 F ZRO2,Consumible
307915,DISCO ZOLID GEN X A1 98 X 20 F ZRO2,Discos
307915,DISCO ZOLID GEN X A1 98 X 20 F ZRO2,Discos De Circonio
303754,DISCO ZOLID GEN X A2 98 X 14 F ZRO2,Digital
303754,DISCO ZOLID GEN X A2 98 X 14 F ZRO2,Consumible
303754,DISCO ZOLID GEN X A2 98 X 14 F ZRO2,Discos
303754,DISCO ZOLID GEN X A2 98 X 14 F ZRO2,Discos De Circonio
303748,DISCO ZOLID GEN X B1 98 X 20 F ZRO2,Digital
303748,DISCO ZOLID GEN X B1 98 X 20 F ZRO2,Consumible
303748,DISCO ZOLID GEN X B1 98 X 20 F ZRO2,Discos
303748,DISCO ZOLID GEN X B1 98 X 20 F ZRO2,Discos De Circonio
309628,DISCO ZOLID GEN-X B1 98X16 F ZRO2,Digital
309628,DISCO ZOLID GEN-X B1 98X16 F ZRO2,Consumible
309628,DISCO ZOLID GEN-X B1 98X16 F ZRO2,Discos
309628,DISCO ZOLID GEN-X B1 98X16 F ZRO2,Discos De Circonio
80781,DISCOS DE ALGODON 22MM 12PZ,Analogo
80781,DISCOS DE ALGODON 22MM 12PZ,Consumible
80781,DISCOS DE ALGODON 22MM 12PZ,Pulidores
79965,DISCOS DE BORDE CORT. P. CERAM. + METAL.,Analogo
79965,DISCOS DE BORDE CORT. P. CERAM. + METAL.,Consumible
80052,DISCOS DE BORDE CORTANTE 24X0.6MM 100PZ,Analogo
80052,DISCOS DE BORDE CORTANTE 24X0.6MM 100PZ,Consumible
80052,DISCOS DE BORDE CORTANTE 24X0.6MM 100PZ,Pulidores
297616,DISCOS DE CIRCONIO,Digital
297616,DISCOS DE CIRCONIO,Consumible
297616,DISCOS DE CIRCONIO,Discos
297616,DISCOS DE CIRCONIO,Discos De Circonio
99648,DISCOS DE RETENCIÓN M3 CLASSIC,Consumible
99648,DISCOS DE RETENCIÓN M3 CLASSIC,Digital
103950,DISPENSER GUN,Analogo
103950,DISPENSER GUN,Pistola Dispensadora
103950,DISPENSER GUN,Consumible
111607,DISPOSABLE PLUNGERS Ø 13 MM SET 50 PCS,Analogo
111607,DISPOSABLE PLUNGERS Ø 13 MM SET 50 PCS,Insumos De Laboratorio
111607,DISPOSABLE PLUNGERS Ø 13 MM SET 50 PCS,Consumible
4472,DOUBLESTAR 2 X 1.2KG,Analogo
4472,DOUBLESTAR 2 X 1.2KG,Duplicadores
4472,DOUBLESTAR 2 X 1.2KG,Consumible
3857,DOWEL PINS SIZE #1 WITHOUT PLUG-IN NEED,Analogo
3857,DOWEL PINS SIZE #1 WITHOUT PLUG-IN NEED,Insumos De Laboratorio
3857,DOWEL PINS SIZE #1 WITHOUT PLUG-IN NEED,Consumible
85218,DOWEL PINS SIZE #2 WITHOUT GUIDE PLUG,Analogo
85218,DOWEL PINS SIZE #2 WITHOUT GUIDE PLUG,Pines
85218,DOWEL PINS SIZE #2 WITHOUT GUIDE PLUG,Consumible
98486,DRIVER,Digital
98486,DRIVER,Refaccion
98486,DRIVER,Impresoras 3d
89955,DUO DIP CERA DE INMERSION GRANULAD NARANJA 80G,Analogo
89955,DUO DIP CERA DE INMERSION GRANULAD NARANJA 80G,Ceras De Inmersion
89955,DUO DIP CERA DE INMERSION GRANULAD NARANJA 80G,Consumible
4757,DUO WAXER NT 115V,Analogo
4757,DUO WAXER NT 115V,Enceradoras
4757,DUO WAXER NT 115V,Equipo
4964,DURON HILO DE CERA VERDE DURO 250G 2.5MM,Analogo
4964,DURON HILO DE CERA VERDE DURO 250G 2.5MM,Hilo De Cera
4964,DURON HILO DE CERA VERDE DURO 250G 2.5MM,Consumible
4961,DURON HILO DE CERA VERDE DURO 250G 2MM,Analogo
4961,DURON HILO DE CERA VERDE DURO 250G 2MM,Hilo De Cera
4961,DURON HILO DE CERA VERDE DURO 250G 2MM,Consumible
4970,DURON HILO DE CERA VERDE DURO 250G 3.5MM,Analogo
4970,DURON HILO DE CERA VERDE DURO 250G 3.5MM,Hilo De Cera
4970,DURON HILO DE CERA VERDE DURO 250G 3.5MM,Consumible
4967,DURON HILO DE CERA VERDE DURO 250G 3MM,Analogo
4967,DURON HILO DE CERA VERDE DURO 250G 3MM,Hilo De Cera
4967,DURON HILO DE CERA VERDE DURO 250G 3MM,Consumible
4973,DURON HILO DE CERA VERDE DURO 250G 4MM,Analogo
4973,DURON HILO DE CERA VERDE DURO 250G 4MM,Hilo De Cera
4973,DURON HILO DE CERA VERDE DURO 250G 4MM,Consumible
4571,DÜRR DENTAL COMPRESOR DUO 110V CON UNIDAD DE SECADO,Digital
4571,DÜRR DENTAL COMPRESOR DUO 110V CON UNIDAD DE SECADO,Compresores
4571,DÜRR DENTAL COMPRESOR DUO 110V CON UNIDAD DE SECADO,Equipo
3482,DYNAMIC FOOT CONTROL,Analogo
3482,DYNAMIC FOOT CONTROL,Micromotores
3482,DYNAMIC FOOT CONTROL,Refaccion
305334,DYNAMIC FOOT CONTROL,Analogo
305334,DYNAMIC FOOT CONTROL,Consumible
305334,DYNAMIC FOOT CONTROL,Micromotores
80307,DYNEX BRILLANT DISCO DE CORTE 0.8X20MM,Analogo
80307,DYNEX BRILLANT DISCO DE CORTE 0.8X20MM,Consumible
80307,DYNEX BRILLANT DISCO DE CORTE 0.8X20MM,Disco De Corte
80304,DYNEX BRILLANT DISCOS BORDE CORTANTE 0.2,Analogo
80304,DYNEX BRILLANT DISCOS BORDE CORTANTE 0.2,Consumible
80304,DYNEX BRILLANT DISCOS BORDE CORTANTE 0.2,Disco De Corte
80298,DYNEX DISCO DE CORTE 0.4X22MM,Analogo
80298,DYNEX DISCO DE CORTE 0.4X22MM,Consumible
80298,DYNEX DISCO DE CORTE 0.4X22MM,Disco De Corte
80292,DYNEX DISCO DE CORTE 0.5X26MM,Analogo
80292,DYNEX DISCO DE CORTE 0.5X26MM,Consumible
80292,DYNEX DISCO DE CORTE 0.5X26MM,Disco De Corte
80283,DYNEX DISCO DE CORTE 0.7X26MM,Analogo
80283,DYNEX DISCO DE CORTE 0.7X26MM,Consumible
80283,DYNEX DISCO DE CORTE 0.7X26MM,Disco De Corte
80289,DYNEX DISCOS DE BORDE CORTANTE 40X0.5MM,Analogo
80289,DYNEX DISCOS DE BORDE CORTANTE 40X0.5MM,Consumible
80289,DYNEX DISCOS DE BORDE CORTANTE 40X0.5MM,Disco De Corte
89924,EASY WAXER 115V,Analogo
89924,EASY WAXER 115V,Enceradoras
89924,EASY WAXER 115V,Equipo
4760,EASY WAXER DUO 115V,Analogo
4760,EASY WAXER DUO 115V,Enceradoras
4760,EASY WAXER DUO 115V,Equipo
102717,EASYSHADE V 100-230V,Digital
102717,EASYSHADE V 100-230V,Equipo
4979,ELASTO-DIP CERA DE INMERSIÓN AZUL 150G,Analogo
4979,ELASTO-DIP CERA DE INMERSIÓN AZUL 150G,Ceras De Inmersion
4979,ELASTO-DIP CERA DE INMERSIÓN AZUL 150G,Consumible
4985,"ELASTO-DIP, ROJA, 150G",Analogo
4985,"ELASTO-DIP, ROJA, 150G",Ceras De Inmersion
4985,"ELASTO-DIP, ROJA, 150G",Consumible
4982,"ELASTO-DIP, ROSADA, 150G",Analogo
4982,"ELASTO-DIP, ROSADA, 150G",Ceras De Inmersion
4982,"ELASTO-DIP, ROSADA, 150G",Consumible
87371,ELCOR PIASEK 110/150 UM 5KG / ALUMINIUM OXIDE,Analogo
87371,ELCOR PIASEK 110/150 UM 5KG / ALUMINIUM OXIDE,Arenas
87371,ELCOR PIASEK 110/150 UM 5KG / ALUMINIUM OXIDE,Consumible
5888,ELCOR PIASEK 110/150UM 5KG,Analogo
5888,ELCOR PIASEK 110/150UM 5KG,Arenas
5888,ELCOR PIASEK 110/150UM 5KG,Consumible
87363,ELCOR PIASEK 250 UM 5KG,Analogo
87363,ELCOR PIASEK 250 UM 5KG,Consumible
87363,ELCOR PIASEK 250 UM 5KG,Arenas
5891,ELCOR PIASEK 250UM 5 KG / ALUMINIU OXIDE,Analogo
5891,ELCOR PIASEK 250UM 5 KG / ALUMINIU OXIDE,Arenas
87368,ELCOR PIASEK 50 UM 5KG,Analogo
87368,ELCOR PIASEK 50 UM 5KG,Arenas
5894,ELCOR PIASEK 50UM 5 KG / ALUMINIUM OXIDE,Analogo
5894,ELCOR PIASEK 50UM 5 KG / ALUMINIUM OXIDE,Arenas
5894,ELCOR PIASEK 50UM 5 KG / ALUMINIUM OXIDE,Consumible
93500,ELECTRIC 220 COMPLETE,Analogo
93500,ELECTRIC 220 COMPLETE,Hornos
93500,ELECTRIC 220 COMPLETE,Refaccion
119845,ELEMENTO CALEFACTOR KANTHAL,Hornos
119845,ELEMENTO CALEFACTOR KANTHAL,Refaccion
119845,ELEMENTO CALEFACTOR KANTHAL,Analogo
85786,"ELEMENTO CALEFACTOR T3, AT2,4 PIEZA",Hornos
85786,"ELEMENTO CALEFACTOR T3, AT2,4 PIEZA",Refaccion
85786,"ELEMENTO CALEFACTOR T3, AT2,4 PIEZA",Analogo
4625,EMBUDOS COLADO BLANCO PLÁSTICO,Analogo
4625,EMBUDOS COLADO BLANCO PLÁSTICO,Instrumentos Para Encerado
4625,EMBUDOS COLADO BLANCO PLÁSTICO,Consumible
5897,ENAMIC 0M1 HT EM10,Digital
5897,ENAMIC 0M1 HT EM10,Bloques De Ceramica Hibrida
5897,ENAMIC 0M1 HT EM10,Consumible
5897,ENAMIC 0M1 HT EM10,Bloques
5900,ENAMIC 0M1 HT EM14,Digital
5900,ENAMIC 0M1 HT EM14,Bloques De Ceramica Hibrida
5900,ENAMIC 0M1 HT EM14,Consumible
5900,ENAMIC 0M1 HT EM14,Bloques
5903,ENAMIC 0M1 T EM14,Digital
5903,ENAMIC 0M1 T EM14,Bloques De Ceramica Hibrida
5903,ENAMIC 0M1 T EM14,Consumible
5903,ENAMIC 0M1 T EM14,Bloques
5906,ENAMIC 1M1 HT EM10,Digital
5906,ENAMIC 1M1 HT EM10,Bloques De Ceramica Hibrida
5906,ENAMIC 1M1 HT EM10,Consumible
5906,ENAMIC 1M1 HT EM10,Bloques
5909,ENAMIC 1M1 HT EM14,Digital
5909,ENAMIC 1M1 HT EM14,Bloques De Ceramica Hibrida
5909,ENAMIC 1M1 HT EM14,Consumible
5909,ENAMIC 1M1 HT EM14,Bloques
198681,ENAMIC 1M1 HT EMC16,Digital
198681,ENAMIC 1M1 HT EMC16,Bloques De Ceramica Hibrida
198681,ENAMIC 1M1 HT EMC16,Consumible
198681,ENAMIC 1M1 HT EMC16,Bloques
198651,ENAMIC 1M1 ST EM14,Digital
198651,ENAMIC 1M1 ST EM14,Bloques De Ceramica Hibrida
198651,ENAMIC 1M1 ST EM14,Consumible
198651,ENAMIC 1M1 ST EM14,Bloques
5912,ENAMIC 1M1 T EM14,Digital
5912,ENAMIC 1M1 T EM14,Bloques De Ceramica Hibrida
5912,ENAMIC 1M1 T EM14,Consumible
5912,ENAMIC 1M1 T EM14,Bloques
5915,ENAMIC 1M2 HT EM10,Digital
5915,ENAMIC 1M2 HT EM10,Bloques De Ceramica Hibrida
5915,ENAMIC 1M2 HT EM10,Consumible
5915,ENAMIC 1M2 HT EM10,Bloques
5918,ENAMIC 1M2 HT EM14,Digital
5918,ENAMIC 1M2 HT EM14,Bloques De Ceramica Hibrida
5918,ENAMIC 1M2 HT EM14,Consumible
5918,ENAMIC 1M2 HT EM14,Bloques
198677,ENAMIC 1M2 HT EMC16,Digital
198677,ENAMIC 1M2 HT EMC16,Bloques De Ceramica Hibrida
198677,ENAMIC 1M2 HT EMC16,Consumible
198677,ENAMIC 1M2 HT EMC16,Bloques
198647,ENAMIC 1M2 ST EM14,Digital
198647,ENAMIC 1M2 ST EM14,Bloques De Ceramica Hibrida
198647,ENAMIC 1M2 ST EM14,Consumible
198647,ENAMIC 1M2 ST EM14,Bloques
5921,ENAMIC 1M2 T EM14,Digital
5921,ENAMIC 1M2 T EM14,Bloques De Ceramica Hibrida
5921,ENAMIC 1M2 T EM14,Consumible
5921,ENAMIC 1M2 T EM14,Bloques
5924,ENAMIC 2M1 HT EM14,Digital
5924,ENAMIC 2M1 HT EM14,Bloques De Ceramica Hibrida
5924,ENAMIC 2M1 HT EM14,Consumible
5924,ENAMIC 2M1 HT EM14,Bloques
198661,ENAMIC 2M1 T EM14,Digital
198661,ENAMIC 2M1 T EM14,Bloques De Ceramica Hibrida
198661,ENAMIC 2M1 T EM14,Consumible
198661,ENAMIC 2M1 T EM14,Bloques
5927,ENAMIC 2M2 HT EM10,Digital
5927,ENAMIC 2M2 HT EM10,Bloques De Ceramica Hibrida
5927,ENAMIC 2M2 HT EM10,Consumible
5927,ENAMIC 2M2 HT EM10,Bloques
5930,ENAMIC 2M2 HT EM14,Digital
5930,ENAMIC 2M2 HT EM14,Bloques De Ceramica Hibrida
5930,ENAMIC 2M2 HT EM14,Consumible
5930,ENAMIC 2M2 HT EM14,Bloques
198671,ENAMIC 2M2 HT EMC16,Digital
198671,ENAMIC 2M2 HT EMC16,Bloques De Ceramica Hibrida
198671,ENAMIC 2M2 HT EMC16,Consumible
198671,ENAMIC 2M2 HT EMC16,Bloques
198641,ENAMIC 2M2 ST EM14,Digital
198641,ENAMIC 2M2 ST EM14,Bloques De Ceramica Hibrida
198641,ENAMIC 2M2 ST EM14,Consumible
198641,ENAMIC 2M2 ST EM14,Bloques
5933,ENAMIC 2M2 T EM14,Digital
5933,ENAMIC 2M2 T EM14,Bloques De Ceramica Hibrida
5933,ENAMIC 2M2 T EM14,Consumible
5933,ENAMIC 2M2 T EM14,Bloques
5936,ENAMIC 3M1 HT EM14,Digital
5936,ENAMIC 3M1 HT EM14,Bloques De Ceramica Hibrida
5936,ENAMIC 3M1 HT EM14,Consumible
5936,ENAMIC 3M1 HT EM14,Bloques
5939,ENAMIC 3M2 HT EM10,Digital
5939,ENAMIC 3M2 HT EM10,Bloques De Ceramica Hibrida
5939,ENAMIC 3M2 HT EM10,Consumible
5939,ENAMIC 3M2 HT EM10,Bloques
5942,ENAMIC 3M2 HT EM14,Digital
5942,ENAMIC 3M2 HT EM14,Bloques De Ceramica Hibrida
5942,ENAMIC 3M2 HT EM14,Consumible
5942,ENAMIC 3M2 HT EM14,Bloques
198655,ENAMIC 3M2 ST EM14,Digital
198655,ENAMIC 3M2 ST EM14,Bloques De Ceramica Hibrida
198655,ENAMIC 3M2 ST EM14,Consumible
198655,ENAMIC 3M2 ST EM14,Bloques
5945,ENAMIC 3M2 T EM14,Digital
5945,ENAMIC 3M2 T EM14,Bloques De Ceramica Hibrida
5945,ENAMIC 3M2 T EM14,Consumible
5945,ENAMIC 3M2 T EM14,Bloques
5948,ENAMIC 3M3 HT EM14,Digital
5948,ENAMIC 3M3 HT EM14,Bloques De Ceramica Hibrida
5948,ENAMIC 3M3 HT EM14,Consumible
5948,ENAMIC 3M3 HT EM14,Bloques
5951,ENAMIC 4M2 HT EM14,Digital
5951,ENAMIC 4M2 HT EM14,Bloques De Ceramica Hibrida
5951,ENAMIC 4M2 HT EM14,Consumible
5951,ENAMIC 4M2 HT EM14,Bloques
5954,ENAMIC 4M2 T EM14,Digital
5954,ENAMIC 4M2 T EM14,Bloques De Ceramica Hibrida
5954,ENAMIC 4M2 T EM14,Consumible
5954,ENAMIC 4M2 T EM14,Bloques
5957,ENAMIC GLAZE 20ML,Digital
5957,ENAMIC GLAZE 20ML,Stains Para Composite
5957,ENAMIC GLAZE 20ML,Consumible
5957,ENAMIC GLAZE 20ML,Stains
5960,ENAMIC STAIN 1 WHITE 2G,Digital
5960,ENAMIC STAIN 1 WHITE 2G,Stains Para Composite
5960,ENAMIC STAIN 1 WHITE 2G,Consumible
5960,ENAMIC STAIN 1 WHITE 2G,Stains
5963,ENAMIC STAIN 4 KHAKI 2G,Digital
5963,ENAMIC STAIN 4 KHAKI 2G,Stains Para Composite
5963,ENAMIC STAIN 4 KHAKI 2G,Consumible
5963,ENAMIC STAIN 4 KHAKI 2G,Stains
5966,ENAMIC STAIN 5 BLUE 2G,Digital
5966,ENAMIC STAIN 5 BLUE 2G,Stains Para Composite
5966,ENAMIC STAIN 5 BLUE 2G,Consumible
5966,ENAMIC STAIN 5 BLUE 2G,Stains
5969,ENAMIC STAIN 6 BLACK 2G,Digital
5969,ENAMIC STAIN 6 BLACK 2G,Stains Para Composite
5969,ENAMIC STAIN 6 BLACK 2G,Consumible
5969,ENAMIC STAIN 6 BLACK 2G,Stains
3707,ENCODER WEDL5541-B06 FOR STEPPER MOTOR,Digital
3707,ENCODER WEDL5541-B06 FOR STEPPER MOTOR,Fresadoras
3707,ENCODER WEDL5541-B06 FOR STEPPER MOTOR,Refaccion
81393,ERGO WAX INSTRUMENTO DE MODELADO NO 1,Analogo
81393,ERGO WAX INSTRUMENTO DE MODELADO NO 1,Consumible
81393,ERGO WAX INSTRUMENTO DE MODELADO NO 1,Insumos De Laboratorio
81390,ERGO WAX INSTRUMENTO DE MODELADO NO 2,Analogo
81390,ERGO WAX INSTRUMENTO DE MODELADO NO 2,Consumible
81390,ERGO WAX INSTRUMENTO DE MODELADO NO 2,Ceras De Modelado
81384,ERGO WAX INSTRUMENTO DE MODELADO NO 4,Analogo
81384,ERGO WAX INSTRUMENTO DE MODELADO NO 4,Consumible
81384,ERGO WAX INSTRUMENTO DE MODELADO NO 4,Ceras De Modelado
81381,ERGO WAX INSTRUMENTO DE MODELADO NO 5,Analogo
81381,ERGO WAX INSTRUMENTO DE MODELADO NO 5,Consumible
81381,ERGO WAX INSTRUMENTO DE MODELADO NO 5,Ceras De Modelado
301581,ESCANER AORALSCAN SHINING + IMPRESORA PHROZEN MINI 8KS,Equipo
301581,ESCANER AORALSCAN SHINING + IMPRESORA PHROZEN MINI 8KS,Digital
4685,"ESPIGA INDIVIDUAL, VERS. C",Analogo
4685,"ESPIGA INDIVIDUAL, VERS. C",Articuladores
4685,"ESPIGA INDIVIDUAL, VERS. C",Accesorio
114075,ESTACION DE SERVICIO/SOPORTE TIPO CARRO PARA PROYECTOR,Accesorio
229656,ESTACION DE TRABAJO FLUJO DIGITAL Y DISEÑO CAD,Digital
229656,ESTACION DE TRABAJO FLUJO DIGITAL Y DISEÑO CAD,Equipo
229656,ESTACION DE TRABAJO FLUJO DIGITAL Y DISEÑO CAD,Equipo De Computo
98458,FELP,Digital
98458,FELP,Refaccion
98458,FELP,Impresoras 3d
117511,FEP FILM 310 MM X 220 MM (MIGHTY 8K),Digital
117511,FEP FILM 310 MM X 220 MM (MIGHTY 8K),Impresoras 3d
117511,FEP FILM 310 MM X 220 MM (MIGHTY 8K),Consumible
117511,FEP FILM 310 MM X 220 MM (MIGHTY 8K),Impresoras Lcd
5972,FEP FILM A4 SIZE 290MM X 210 MM,Digital
5972,FEP FILM A4 SIZE 290MM X 210 MM,Fep
5972,FEP FILM A4 SIZE 290MM X 210 MM,Consumible
85216,FIBRE TRAY 5 PIECES,Analogo
85216,FIBRE TRAY 5 PIECES,Naves De Coccion
85216,FIBRE TRAY 5 PIECES,Consumible
180258,FILTER BAGS YELLOW (2/BX),Filtros
180258,FILTER BAGS YELLOW (2/BX),Accesorio
180258,FILTER BAGS YELLOW (2/BX),Analogo
83407,FILTER BAGS YELLOW F205(5/BX),Filtros
83407,FILTER BAGS YELLOW F205(5/BX),Consumible
83407,FILTER BAGS YELLOW F205(5/BX),Analogo
3752,"FILTER, CARBON - ND 5100",Digital
3752,"FILTER, CARBON - ND 5100",Impresoras 3d
3752,"FILTER, CARBON - ND 5100",Refaccion
3752,"FILTER, CARBON - ND 5100",Impresoras Dlp
3755,"FILTER, INTAKE - ND 5100",Digital
3755,"FILTER, INTAKE - ND 5100",Impresoras 3d
3755,"FILTER, INTAKE - ND 5100",Refaccion
3755,"FILTER, INTAKE - ND 5100",Impresoras Lcd
95118,FILTRO DE RECAMBIO 5 PZAS SMARTMIX X2,Refaccion
95118,FILTRO DE RECAMBIO 5 PZAS SMARTMIX X2,Analogo
197405,FILTRO DE RESIDUOS PARA MATIK,Digital
197405,FILTRO DE RESIDUOS PARA MATIK,Filtros
197405,FILTRO DE RESIDUOS PARA MATIK,Refaccion
83277,FILTRO FINE SILENT COMPACT/SILENT COMPAC,Filtros
83277,FILTRO FINE SILENT COMPACT/SILENT COMPAC,Consumible
83277,FILTRO FINE SILENT COMPACT/SILENT COMPAC,Analogo
89451,FILTRO H+HEPA SILENT TS,Filtros
89451,FILTRO H+HEPA SILENT TS,Consumible
89451,FILTRO H+HEPA SILENT TS,Analogo
4805,FINALE LIQ ALISAR CERA 18 ML,Analogo
4805,FINALE LIQ ALISAR CERA 18 ML,Espaciador
4805,FINALE LIQ ALISAR CERA 18 ML,Consumible
4802,FINALE PARA ALISAR CERA 3 ML,Analogo
4802,FINALE PARA ALISAR CERA 3 ML,Espaciador
4802,FINALE PARA ALISAR CERA 3 ML,Consumible
121247,FIRING MUFFLE 110V,Hornos
121247,FIRING MUFFLE 110V,Refaccion
121247,FIRING MUFFLE 110V,Analogo
5975,FIRING PASTE 3X12G,Analogo
5975,FIRING PASTE 3X12G,Pasta Para Soporte
5975,FIRING PASTE 3X12G,Consumible
92570,FIRING TABLE PLATE HYBRID 100 PSIC BASIC 674 (I),Digital
92570,FIRING TABLE PLATE HYBRID 100 PSIC BASIC 674 (I),Hornos
92570,FIRING TABLE PLATE HYBRID 100 PSIC BASIC 674 (I),Refaccion
92570,FIRING TABLE PLATE HYBRID 100 PSIC BASIC 674 (I),Hornos De Sinterizado
92567,"FIRING TABLE PLATE HYBRID 100, 28MM 674(I)",Digital
92567,"FIRING TABLE PLATE HYBRID 100, 28MM 674(I)",Hornos
92567,"FIRING TABLE PLATE HYBRID 100, 28MM 674(I)",Refaccion
92567,"FIRING TABLE PLATE HYBRID 100, 28MM 674(I)",Hornos De Sinterizado
87059,FIRING TABLE PRESS-I-DENT PLAIN,Analogo
87059,FIRING TABLE PRESS-I-DENT PLAIN,Hornos
87059,FIRING TABLE PRESS-I-DENT PLAIN,Refaccion
87077,FIRING TABLE PRESS-I-DENT PLAIN 105706,Analogo
87077,FIRING TABLE PRESS-I-DENT PLAIN 105706,Hornos
87077,FIRING TABLE PRESS-I-DENT PLAIN 105706,Refaccion
120367,"FIRING TABLE RING Ø100, 36 MM BASIC/674(I)",Hornos
120367,"FIRING TABLE RING Ø100, 36 MM BASIC/674(I)",Refaccion
120367,"FIRING TABLE RING Ø100, 36 MM BASIC/674(I)",Analogo
120367,"FIRING TABLE RING Ø100, 36 MM BASIC/674(I)",Hornos De Sinterizado
92558,FIRING TABLE STANDARD,Analogo
92558,FIRING TABLE STANDARD,Hornos
92558,FIRING TABLE STANDARD,Refaccion
87062,"FIRING TABLE, PLATE 65MM, 664",Analogo
87062,"FIRING TABLE, PLATE 65MM, 664",Hornos
87062,"FIRING TABLE, PLATE 65MM, 664",Refaccion
87062,"FIRING TABLE, PLATE 65MM, 664",Hornos De Sinterizado
87066,"FIRING TABLE, RING 65, 28MM 664",Analogo
87066,"FIRING TABLE, RING 65, 28MM 664",Hornos
87066,"FIRING TABLE, RING 65, 28MM 664",Refaccion
111095,FIRING TRAY,Analogo
111095,FIRING TRAY,Naves De Coccion
111095,FIRING TRAY,Consumible
83862,FIRING TRAY G 2 TRAYS (52 HOLES) 20 PINS,Analogo
83862,FIRING TRAY G 2 TRAYS (52 HOLES) 20 PINS,Naves De Coccion
83862,FIRING TRAY G 2 TRAYS (52 HOLES) 20 PINS,Consumible
4520,"FISSIRENFRASE 4-KANT, 2 PZAS",Analogo
4520,"FISSIRENFRASE 4-KANT, 2 PZAS",Fresones
4520,"FISSIRENFRASE 4-KANT, 2 PZAS",Consumible
125358,FIX FIRING PASTE JERINQUILLA 12 ML (1 PZA),Refaccion
125358,FIX FIRING PASTE JERINQUILLA 12 ML (1 PZA),Analogo
3602,FLASCHENDRUCKMINDERER US ARGOTHERM,Digital
3602,FLASCHENDRUCKMINDERER US ARGOTHERM,Hornos
3602,FLASCHENDRUCKMINDERER US ARGOTHERM,Accesorio
3602,FLASCHENDRUCKMINDERER US ARGOTHERM,Hornos De Sinterizado
3611,FLOAT SINTERING DISK,Digital
3611,FLOAT SINTERING DISK,Hornos
3611,FLOAT SINTERING DISK,Consumible
295111,FLOAT SINTERIZACION DISCO 2,Digital
295111,FLOAT SINTERIZACION DISCO 2,Discos
295111,FLOAT SINTERIZACION DISCO 2,Discos De Calibracion
295111,FLOAT SINTERIZACION DISCO 2,Consumible
198932,FOIL CABLE,Refaccion
198932,FOIL CABLE,Analogo
121716,FOLLETO AKZENT,Folletos
121644,FOLLETO CADCAM 2022,Folletos
121644,FOLLETO CADCAM 2022,Analogo
121751,FOLLETO ENAMIC VARIOS,Folletos
121651,FOLLETO ESCANEO 2022,Folletos
121657,FOLLETO FLUJO DIGITAL 2020,Folletos
121648,FOLLETO IMPRESIÓN 2022,Folletos
121733,FOLLETO LINGOFORM,Folletos
121729,FOLLETO MATERIALES CADCAM,Folletos
121687,FOLLETO V60 - ILINE,Folletos
121724,FOLLETO VM LC,Folletos
121699,FOLLETO VM13,Folletos
121695,FOLLETO VM9,Folletos
121654,FOLLETOS CLÁSICOS 2022,Folletos
121748,FOLLETOS ENAMIC KITS,Folletos
121708,FOLLLETO VMK,Folletos
4859,FOOT SWITCH ON/OFF,Analogo
4859,FOOT SWITCH ON/OFF,Micromotores
4859,FOOT SWITCH ON/OFF,Refaccion
155139,FORCE ENCODER COMPLETE 354 / 654,Refaccion
155139,FORCE ENCODER COMPLETE 354 / 654,Analogo
6080,FRESA DE CARBURO,Analogo
6080,FRESA DE CARBURO,Fresones De Carburo
6080,FRESA DE CARBURO,Consumible
6080,FRESA DE CARBURO,Fresones
6083,FRESA DE CARBURO H2.104.014,Analogo
6083,FRESA DE CARBURO H2.104.014,Fresones De Carburo
6083,FRESA DE CARBURO H2.104.014,Consumible
6083,FRESA DE CARBURO H2.104.014,Fresones
6299,FRESA DE CARBURO H379.104.023,Analogo
6299,FRESA DE CARBURO H379.104.023,Fresones De Carburo
6299,FRESA DE CARBURO H379.104.023,Consumible
6299,FRESA DE CARBURO H379.104.023,Fresones
6374,FRESA DE CARBURO P. LAB.,Analogo
6374,FRESA DE CARBURO P. LAB.,Fresones De Carburo
6374,FRESA DE CARBURO P. LAB.,Consumible
6374,FRESA DE CARBURO P. LAB.,Fresones
303775,FRESA ROTO RFID BROWN 1.0 DM,Digital
303775,FRESA ROTO RFID BROWN 1.0 DM,Consumible
16372813,FRESA DE PMMA 0.6,Fresas
303772,FRESA ROTO RFID BROWN 1.5 DM,Digital
303772,FRESA ROTO RFID BROWN 1.5 DM,Consumible
16372815,FRESA DE PMMA 1.0 16MM,Fresas
303787,FRESA ROTO RFID BROWN 1.5 SM DM 1.5,Digital
303787,FRESA ROTO RFID BROWN 1.5 SM DM 1.5,Consumible
16522102,FRESA DE PMMA 1.0 20MM,Fresas
303784,FRESA ROTO RFID BROWN 1.5 TS DM,Digital
303784,FRESA ROTO RFID BROWN 1.5 TS DM,Consumible
16372820,FRESA DE PMMA 1.5,Fresas
303769,FRESA ROTO RFID BROWN 2.0,Digital
303769,FRESA ROTO RFID BROWN 2.0,Consumible
16372818,FRESA DE PMMA 2.0 16MM,Fresas
303766,FRESA ROTO RFID BROWN 2.5 DM,Digital
303766,FRESA ROTO RFID BROWN 2.5 DM,Consumible
16522104,FRESA DE PMMA 2.0 25MM,Fresas
303763,FRESA ROTO RFID BROWN 3.0 DM,Digital
303763,FRESA ROTO RFID BROWN 3.0 DM,Consumible
16372822,FRESA DE PMMA 3.0,Fresas
303781,FRESA ROTO RFID BROWN F 1.2 EM DM,Digital
303781,FRESA ROTO RFID BROWN F 1.2 EM DM,Consumible
303775,FRESA ROTO RFID BROWN 1.0 DM,Fresas
303778,FRESA ROTO RFID BROWN R 1.2 EM DM,Digital
303778,FRESA ROTO RFID BROWN R 1.2 EM DM,Consumible
303772,FRESA ROTO RFID BROWN 1.5 DM,Fresas
303796,FRESA ROTO RFID GREEN 1.0 DM,Digital
303796,FRESA ROTO RFID GREEN 1.0 DM,Consumible
303787,FRESA ROTO RFID BROWN 1.5 SM DM 1.5,Fresas
303793,FRESA ROTO RFID GREEN 1.5 DM,Digital
303793,FRESA ROTO RFID GREEN 1.5 DM,Consumible
303784,FRESA ROTO RFID BROWN 1.5 TS DM,Fresas
303790,FRESA ROTO RFID GREEN 2.5 DM,Digital
303790,FRESA ROTO RFID GREEN 2.5 DM,Consumible
303769,FRESA ROTO RFID BROWN 2.0,Fresas
4655,FRESADORA CERAMILL MIKRO (4X),Digital
4655,FRESADORA CERAMILL MIKRO (4X),Fresadoras
4655,FRESADORA CERAMILL MIKRO (4X),Equipo
297624,FRESAS AG,Digital
297624,FRESAS AG,Consumible
303766,FRESA ROTO RFID BROWN 2.5 DM,Fresas
5981,FRESAS DE CARBURO,Analogo
5981,FRESAS DE CARBURO,Fresones De Carburo
5981,FRESAS DE CARBURO,Consumible
5981,FRESAS DE CARBURO,Fresones
5984,FRESAS DE CARBURO H031RS.104.012,Analogo
5984,FRESAS DE CARBURO H031RS.104.012,Fresones De Carburo
5984,FRESAS DE CARBURO H031RS.104.012,Consumible
5984,FRESAS DE CARBURO H031RS.104.012,Fresones
6068,FRESAS DE CARBURO H1S.104.010,Analogo
6068,FRESAS DE CARBURO H1S.104.010,Fresones De Carburo
6068,FRESAS DE CARBURO H1S.104.010,Consumible
6068,FRESAS DE CARBURO H1S.104.010,Fresones
6071,FRESAS DE CARBURO H1S.104.014,Analogo
6071,FRESAS DE CARBURO H1S.104.014,Fresones De Carburo
6071,FRESAS DE CARBURO H1S.104.014,Consumible
6071,FRESAS DE CARBURO H1S.104.014,Fresones
6074,FRESAS DE CARBURO H1S.104.018,Analogo
6074,FRESAS DE CARBURO H1S.104.018,Fresones De Carburo
6074,FRESAS DE CARBURO H1S.104.018,Consumible
6074,FRESAS DE CARBURO H1S.104.018,Fresones
6077,FRESAS DE CARBURO H1S.104.023,Analogo
6077,FRESAS DE CARBURO H1S.104.023,Fresones De Carburo
6077,FRESAS DE CARBURO H1S.104.023,Consumible
6077,FRESAS DE CARBURO H1S.104.023,Fresones
6086,FRESAS DE CARBURO H23L.104.009,Analogo
6086,FRESAS DE CARBURO H23L.104.009,Fresones De Carburo
6086,FRESAS DE CARBURO H23L.104.009,Consumible
6086,FRESAS DE CARBURO H23L.104.009,Fresones
6089,FRESAS DE CARBURO H23L.104.010,Analogo
6089,FRESAS DE CARBURO H23L.104.010,Fresones De Carburo
6089,FRESAS DE CARBURO H23L.104.010,Consumible
6089,FRESAS DE CARBURO H23L.104.010,Fresones
6092,FRESAS DE CARBURO H23L.104.012,Analogo
6092,FRESAS DE CARBURO H23L.104.012,Fresones De Carburo
6092,FRESAS DE CARBURO H23L.104.012,Consumible
6092,FRESAS DE CARBURO H23L.104.012,Fresones
6095,FRESAS DE CARBURO H23R.104.010,Analogo
6095,FRESAS DE CARBURO H23R.104.010,Fresones De Carburo
6095,FRESAS DE CARBURO H23R.104.010,Consumible
6095,FRESAS DE CARBURO H23R.104.010,Fresones
6098,FRESAS DE CARBURO H23R.104.012,Analogo
6098,FRESAS DE CARBURO H23R.104.012,Fresones De Carburo
6098,FRESAS DE CARBURO H23R.104.012,Consumible
6098,FRESAS DE CARBURO H23R.104.012,Fresones
6101,FRESAS DE CARBURO H23RS.104.008,Analogo
6101,FRESAS DE CARBURO H23RS.104.008,Fresones De Carburo
6101,FRESAS DE CARBURO H23RS.104.008,Consumible
6101,FRESAS DE CARBURO H23RS.104.008,Fresones
6104,FRESAS DE CARBURO H23RS.104.009,Analogo
6104,FRESAS DE CARBURO H23RS.104.009,Fresones De Carburo
6104,FRESAS DE CARBURO H23RS.104.009,Consumible
6104,FRESAS DE CARBURO H23RS.104.009,Fresones
6107,FRESAS DE CARBURO H23RS.104.010,Analogo
6107,FRESAS DE CARBURO H23RS.104.010,Fresones De Carburo
6107,FRESAS DE CARBURO H23RS.104.010,Consumible
6107,FRESAS DE CARBURO H23RS.104.010,Fresones
6110,FRESAS DE CARBURO H246.104.009,Analogo
6110,FRESAS DE CARBURO H246.104.009,Fresones De Carburo
6110,FRESAS DE CARBURO H246.104.009,Consumible
6110,FRESAS DE CARBURO H246.104.009,Fresones
6182,FRESAS DE CARBURO H283.104.012,Analogo
6182,FRESAS DE CARBURO H283.104.012,Fresones De Carburo
6182,FRESAS DE CARBURO H283.104.012,Consumible
6182,FRESAS DE CARBURO H283.104.012,Fresones
86288,FRESAS DE CARBURO H283.204.012,Analogo
86288,FRESAS DE CARBURO H283.204.012,Fresones De Carburo
86288,FRESAS DE CARBURO H283.204.012,Consumible
86288,FRESAS DE CARBURO H283.204.012,Fresones
6185,FRESAS DE CARBURO H283EF.104.012,Analogo
6185,FRESAS DE CARBURO H283EF.104.012,Fresones De Carburo
6185,FRESAS DE CARBURO H283EF.104.012,Consumible
6185,FRESAS DE CARBURO H283EF.104.012,Fresones
6191,FRESAS DE CARBURO H30.104.006,Analogo
6191,FRESAS DE CARBURO H30.104.006,Fresones De Carburo
6191,FRESAS DE CARBURO H30.104.006,Consumible
6191,FRESAS DE CARBURO H30.104.006,Fresones
6194,FRESAS DE CARBURO H30.104.008,Analogo
6194,FRESAS DE CARBURO H30.104.008,Fresones De Carburo
6194,FRESAS DE CARBURO H30.104.008,Consumible
6194,FRESAS DE CARBURO H30.104.008,Fresones
6197,FRESAS DE CARBURO H30.104.009,Analogo
6197,FRESAS DE CARBURO H30.104.009,Fresones De Carburo
6197,FRESAS DE CARBURO H30.104.009,Consumible
6197,FRESAS DE CARBURO H30.104.009,Fresones
6200,FRESAS DE CARBURO H30.104.010,Analogo
6200,FRESAS DE CARBURO H30.104.010,Fresones De Carburo
6200,FRESAS DE CARBURO H30.104.010,Consumible
6200,FRESAS DE CARBURO H30.104.010,Fresones
6203,FRESAS DE CARBURO H30.104.012,Analogo
6203,FRESAS DE CARBURO H30.104.012,Fresones De Carburo
6203,FRESAS DE CARBURO H30.104.012,Consumible
6203,FRESAS DE CARBURO H30.104.012,Fresones
6206,FRESAS DE CARBURO H30.104.014,Analogo
6206,FRESAS DE CARBURO H30.104.014,Fresones De Carburo
6206,FRESAS DE CARBURO H30.104.014,Consumible
6206,FRESAS DE CARBURO H30.104.014,Fresones
6209,FRESAS DE CARBURO H30.104.016,Analogo
6209,FRESAS DE CARBURO H30.104.016,Fresones De Carburo
6209,FRESAS DE CARBURO H30.104.016,Consumible
6209,FRESAS DE CARBURO H30.104.016,Fresones
6212,FRESAS DE CARBURO H31.104.008,Analogo
6212,FRESAS DE CARBURO H31.104.008,Fresones De Carburo
6212,FRESAS DE CARBURO H31.104.008,Consumible
6212,FRESAS DE CARBURO H31.104.008,Fresones
6215,FRESAS DE CARBURO H31.104.010,Analogo
6215,FRESAS DE CARBURO H31.104.010,Fresones De Carburo
6215,FRESAS DE CARBURO H31.104.010,Consumible
6215,FRESAS DE CARBURO H31.104.010,Fresones
6218,FRESAS DE CARBURO H31.104.012,Analogo
6218,FRESAS DE CARBURO H31.104.012,Fresones De Carburo
6218,FRESAS DE CARBURO H31.104.012,Consumible
6218,FRESAS DE CARBURO H31.104.012,Fresones
6221,FRESAS DE CARBURO H31.104.014,Analogo
6221,FRESAS DE CARBURO H31.104.014,Fresones De Carburo
6221,FRESAS DE CARBURO H31.104.014,Consumible
6221,FRESAS DE CARBURO H31.104.014,Fresones
6224,FRESAS DE CARBURO H31.104.016,Analogo
6224,FRESAS DE CARBURO H31.104.016,Fresones De Carburo
6224,FRESAS DE CARBURO H31.104.016,Consumible
6224,FRESAS DE CARBURO H31.104.016,Fresones
6227,FRESAS DE CARBURO H31.104.018,Analogo
6227,FRESAS DE CARBURO H31.104.018,Fresones De Carburo
6227,FRESAS DE CARBURO H31.104.018,Consumible
6227,FRESAS DE CARBURO H31.104.018,Fresones
6230,FRESAS DE CARBURO H33.104.009,Analogo
6230,FRESAS DE CARBURO H33.104.009,Fresones De Carburo
6230,FRESAS DE CARBURO H33.104.009,Consumible
6230,FRESAS DE CARBURO H33.104.009,Fresones
6233,FRESAS DE CARBURO H33.104.010,Analogo
6233,FRESAS DE CARBURO H33.104.010,Fresones De Carburo
6233,FRESAS DE CARBURO H33.104.010,Consumible
6233,FRESAS DE CARBURO H33.104.010,Fresones
6236,FRESAS DE CARBURO H33.104.012,Analogo
6236,FRESAS DE CARBURO H33.104.012,Fresones De Carburo
6236,FRESAS DE CARBURO H33.104.012,Consumible
6236,FRESAS DE CARBURO H33.104.012,Fresones
6239,FRESAS DE CARBURO H33.104.016,Analogo
6239,FRESAS DE CARBURO H33.104.016,Fresones De Carburo
6239,FRESAS DE CARBURO H33.104.016,Consumible
6239,FRESAS DE CARBURO H33.104.016,Fresones
6242,FRESAS DE CARBURO H33.104.021,Analogo
6242,FRESAS DE CARBURO H33.104.021,Fresones De Carburo
6242,FRESAS DE CARBURO H33.104.021,Consumible
6242,FRESAS DE CARBURO H33.104.021,Fresones
6245,FRESAS DE CARBURO H33FRS.104.009,Analogo
6245,FRESAS DE CARBURO H33FRS.104.009,Fresones De Carburo
6245,FRESAS DE CARBURO H33FRS.104.009,Consumible
6245,FRESAS DE CARBURO H33FRS.104.009,Fresones
6248,FRESAS DE CARBURO H33FRS.104.010,Analogo
6248,FRESAS DE CARBURO H33FRS.104.010,Fresones De Carburo
6248,FRESAS DE CARBURO H33FRS.104.010,Consumible
6248,FRESAS DE CARBURO H33FRS.104.010,Fresones
6251,FRESAS DE CARBURO H33L.104.010,Analogo
6251,FRESAS DE CARBURO H33L.104.010,Fresones De Carburo
6251,FRESAS DE CARBURO H33L.104.010,Consumible
6251,FRESAS DE CARBURO H33L.104.010,Fresones
6254,FRESAS DE CARBURO H33L.104.012,Analogo
6254,FRESAS DE CARBURO H33L.104.012,Fresones De Carburo
6254,FRESAS DE CARBURO H33L.104.012,Consumible
6254,FRESAS DE CARBURO H33L.104.012,Fresones
6257,FRESAS DE CARBURO H33L.104.016,Analogo
6257,FRESAS DE CARBURO H33L.104.016,Fresones De Carburo
6257,FRESAS DE CARBURO H33L.104.016,Consumible
6257,FRESAS DE CARBURO H33L.104.016,Fresones
6260,FRESAS DE CARBURO H33L.104.021,Analogo
6260,FRESAS DE CARBURO H33L.104.021,Fresones De Carburo
6260,FRESAS DE CARBURO H33L.104.021,Consumible
6260,FRESAS DE CARBURO H33L.104.021,Fresones
6263,FRESAS DE CARBURO H33R.104.010,Analogo
6263,FRESAS DE CARBURO H33R.104.010,Fresones De Carburo
6263,FRESAS DE CARBURO H33R.104.010,Consumible
6263,FRESAS DE CARBURO H33R.104.010,Fresones
6266,FRESAS DE CARBURO H33R.104.012,Analogo
6266,FRESAS DE CARBURO H33R.104.012,Fresones De Carburo
6266,FRESAS DE CARBURO H33R.104.012,Consumible
6266,FRESAS DE CARBURO H33R.104.012,Fresones
6269,FRESAS DE CARBURO H349.104.005,Analogo
6269,FRESAS DE CARBURO H349.104.005,Fresones De Carburo
6269,FRESAS DE CARBURO H349.104.005,Consumible
6269,FRESAS DE CARBURO H349.104.005,Fresones
6296,FRESAS DE CARBURO H379.104.014,Analogo
6296,FRESAS DE CARBURO H379.104.014,Fresones De Carburo
6296,FRESAS DE CARBURO H379.104.014,Consumible
6296,FRESAS DE CARBURO H379.104.014,Fresones
6302,FRESAS DE CARBURO H41.104.023,Analogo
6302,FRESAS DE CARBURO H41.104.023,Fresones De Carburo
6302,FRESAS DE CARBURO H41.104.023,Consumible
6302,FRESAS DE CARBURO H41.104.023,Fresones
6308,FRESAS DE CARBURO H71.104.004,Analogo
6308,FRESAS DE CARBURO H71.104.004,Fresones De Carburo
6308,FRESAS DE CARBURO H71.104.004,Consumible
6308,FRESAS DE CARBURO H71.104.004,Fresones
6314,FRESAS DE CARBURO H71.104.006,Analogo
6314,FRESAS DE CARBURO H71.104.006,Fresones De Carburo
6314,FRESAS DE CARBURO H71.104.006,Consumible
6314,FRESAS DE CARBURO H71.104.006,Fresones
6317,FRESAS DE CARBURO H71.104.007,Analogo
6317,FRESAS DE CARBURO H71.104.007,Fresones De Carburo
6317,FRESAS DE CARBURO H71.104.007,Consumible
6317,FRESAS DE CARBURO H71.104.007,Fresones
6320,FRESAS DE CARBURO H71.104.008,Analogo
6320,FRESAS DE CARBURO H71.104.008,Fresones De Carburo
6320,FRESAS DE CARBURO H71.104.008,Consumible
6320,FRESAS DE CARBURO H71.104.008,Fresones
6323,FRESAS DE CARBURO H71.104.009,Analogo
6323,FRESAS DE CARBURO H71.104.009,Fresones De Carburo
6323,FRESAS DE CARBURO H71.104.009,Consumible
6323,FRESAS DE CARBURO H71.104.009,Fresones
6326,FRESAS DE CARBURO H71.104.010,Analogo
6326,FRESAS DE CARBURO H71.104.010,Fresones De Carburo
6326,FRESAS DE CARBURO H71.104.010,Consumible
6326,FRESAS DE CARBURO H71.104.010,Fresones
6329,FRESAS DE CARBURO H71.104.012,Analogo
6329,FRESAS DE CARBURO H71.104.012,Fresones De Carburo
6329,FRESAS DE CARBURO H71.104.012,Consumible
6329,FRESAS DE CARBURO H71.104.012,Fresones
6332,FRESAS DE CARBURO H71.104.014,Analogo
6332,FRESAS DE CARBURO H71.104.014,Fresones De Carburo
6332,FRESAS DE CARBURO H71.104.014,Consumible
6332,FRESAS DE CARBURO H71.104.014,Fresones
6335,FRESAS DE CARBURO H71.104.016,Analogo
6335,FRESAS DE CARBURO H71.104.016,Fresones De Carburo
6335,FRESAS DE CARBURO H71.104.016,Consumible
6335,FRESAS DE CARBURO H71.104.016,Fresones
6338,FRESAS DE CARBURO H71.104.018,Analogo
6338,FRESAS DE CARBURO H71.104.018,Fresones De Carburo
6338,FRESAS DE CARBURO H71.104.018,Consumible
6338,FRESAS DE CARBURO H71.104.018,Fresones
6341,FRESAS DE CARBURO H71.104.021,Analogo
6341,FRESAS DE CARBURO H71.104.021,Fresones De Carburo
6341,FRESAS DE CARBURO H71.104.021,Consumible
6341,FRESAS DE CARBURO H71.104.021,Fresones
6344,FRESAS DE CARBURO H71.104.023,Analogo
6344,FRESAS DE CARBURO H71.104.023,Fresones De Carburo
6344,FRESAS DE CARBURO H71.104.023,Consumible
6344,FRESAS DE CARBURO H71.104.023,Fresones
6347,FRESAS DE CARBURO H71.104.027,Analogo
6347,FRESAS DE CARBURO H71.104.027,Fresones De Carburo
6347,FRESAS DE CARBURO H71.104.027,Consumible
6347,FRESAS DE CARBURO H71.104.027,Fresones
6497,FRESAS DE CARBURO H97.104.010,Analogo
6497,FRESAS DE CARBURO H97.104.010,Fresones De Carburo
6497,FRESAS DE CARBURO H97.104.010,Consumible
6497,FRESAS DE CARBURO H97.104.010,Fresones
6500,FRESAS DE CARBURO H97.314.010,Analogo
6500,FRESAS DE CARBURO H97.314.010,Fresones De Carburo
6500,FRESAS DE CARBURO H97.314.010,Consumible
6500,FRESAS DE CARBURO H97.314.010,Fresones
6503,FRESAS DE CARBURO H97A.314.011,Analogo
6503,FRESAS DE CARBURO H97A.314.011,Fresones De Carburo
6503,FRESAS DE CARBURO H97A.314.011,Consumible
6503,FRESAS DE CARBURO H97A.314.011,Fresones
6506,FRESAS DE CARBURO H97B.314.011,Analogo
6506,FRESAS DE CARBURO H97B.314.011,Fresones De Carburo
6506,FRESAS DE CARBURO H97B.314.011,Consumible
6506,FRESAS DE CARBURO H97B.314.011,Fresones
6509,FRESAS DE CARBURO H97BZ.314.011,Analogo
6509,FRESAS DE CARBURO H97BZ.314.011,Fresones De Carburo
6509,FRESAS DE CARBURO H97BZ.314.011,Consumible
6509,FRESAS DE CARBURO H97BZ.314.011,Fresones
6164,FRESAS DE CARBURO P. LAB,Analogo
6164,FRESAS DE CARBURO P. LAB,Fresones De Carburo
6164,FRESAS DE CARBURO P. LAB,Consumible
6164,FRESAS DE CARBURO P. LAB,Fresones
5987,FRESAS DE CARBURO P. LAB.,Analogo
5987,FRESAS DE CARBURO P. LAB.,Fresones De Carburo
5987,FRESAS DE CARBURO P. LAB.,Consumible
5987,FRESAS DE CARBURO P. LAB.,Fresones
5990,FRESAS DE CARBURO P. LAB. H129E.104.023,Analogo
5990,FRESAS DE CARBURO P. LAB. H129E.104.023,Fresones De Carburo
5990,FRESAS DE CARBURO P. LAB. H129E.104.023,Consumible
5990,FRESAS DE CARBURO P. LAB. H129E.104.023,Fresones
5993,FRESAS DE CARBURO P. LAB. H129FSQ.104.023,Analogo
5993,FRESAS DE CARBURO P. LAB. H129FSQ.104.023,Fresones De Carburo
5993,FRESAS DE CARBURO P. LAB. H129FSQ.104.023,Consumible
5993,FRESAS DE CARBURO P. LAB. H129FSQ.104.023,Fresones
5996,FRESAS DE CARBURO P. LAB. H129GTI.104.023,Analogo
5996,FRESAS DE CARBURO P. LAB. H129GTI.104.023,Fresones De Carburo
5996,FRESAS DE CARBURO P. LAB. H129GTI.104.023,Consumible
5996,FRESAS DE CARBURO P. LAB. H129GTI.104.023,Fresones
5999,FRESAS DE CARBURO P. LAB. H129NE.104.023,Analogo
5999,FRESAS DE CARBURO P. LAB. H129NE.104.023,Fresones De Carburo
5999,FRESAS DE CARBURO P. LAB. H129NE.104.023,Consumible
5999,FRESAS DE CARBURO P. LAB. H129NE.104.023,Fresones
6002,FRESAS DE CARBURO P. LAB. H129NEF.104.023,Analogo
6002,FRESAS DE CARBURO P. LAB. H129NEF.104.023,Fresones De Carburo
6002,FRESAS DE CARBURO P. LAB. H129NEF.104.023,Consumible
6002,FRESAS DE CARBURO P. LAB. H129NEF.104.023,Fresones
6005,FRESAS DE CARBURO P. LAB. H129NEX.104.023,Analogo
6005,FRESAS DE CARBURO P. LAB. H129NEX.104.023,Fresones De Carburo
6005,FRESAS DE CARBURO P. LAB. H129NEX.104.023,Consumible
6005,FRESAS DE CARBURO P. LAB. H129NEX.104.023,Fresones
6008,FRESAS DE CARBURO P. LAB. H129UK.104.023,Analogo
6008,FRESAS DE CARBURO P. LAB. H129UK.104.023,Fresones De Carburo
6008,FRESAS DE CARBURO P. LAB. H129UK.104.023,Consumible
6008,FRESAS DE CARBURO P. LAB. H129UK.104.023,Fresones
6011,FRESAS DE CARBURO P. LAB. H129UM.104.023,Analogo
6011,FRESAS DE CARBURO P. LAB. H129UM.104.023,Fresones De Carburo
6011,FRESAS DE CARBURO P. LAB. H129UM.104.023,Consumible
6011,FRESAS DE CARBURO P. LAB. H129UM.104.023,Fresones
6014,FRESAS DE CARBURO P. LAB. H136GTI.104.016,Analogo
6014,FRESAS DE CARBURO P. LAB. H136GTI.104.016,Fresones De Carburo
6014,FRESAS DE CARBURO P. LAB. H136GTI.104.016,Consumible
6014,FRESAS DE CARBURO P. LAB. H136GTI.104.016,Fresones
6017,FRESAS DE CARBURO P. LAB. H138EF.104.018,Analogo
6017,FRESAS DE CARBURO P. LAB. H138EF.104.018,Fresones De Carburo
6017,FRESAS DE CARBURO P. LAB. H138EF.104.018,Consumible
6017,FRESAS DE CARBURO P. LAB. H138EF.104.018,Fresones
6020,FRESAS DE CARBURO P. LAB. H138EF.104.023,Analogo
6020,FRESAS DE CARBURO P. LAB. H138EF.104.023,Fresones De Carburo
6020,FRESAS DE CARBURO P. LAB. H138EF.104.023,Consumible
6020,FRESAS DE CARBURO P. LAB. H138EF.104.023,Fresones
6023,FRESAS DE CARBURO P. LAB. H138FSQ.104.023,Analogo
6023,FRESAS DE CARBURO P. LAB. H138FSQ.104.023,Fresones De Carburo
6023,FRESAS DE CARBURO P. LAB. H138FSQ.104.023,Consumible
6023,FRESAS DE CARBURO P. LAB. H138FSQ.104.023,Fresones
6026,FRESAS DE CARBURO P. LAB. H138GTI.104.023,Analogo
6026,FRESAS DE CARBURO P. LAB. H138GTI.104.023,Fresones De Carburo
6026,FRESAS DE CARBURO P. LAB. H138GTI.104.023,Consumible
6026,FRESAS DE CARBURO P. LAB. H138GTI.104.023,Fresones
6029,FRESAS DE CARBURO P. LAB. H138NE.104.023,Analogo
6029,FRESAS DE CARBURO P. LAB. H138NE.104.023,Fresones De Carburo
6029,FRESAS DE CARBURO P. LAB. H138NE.104.023,Consumible
6029,FRESAS DE CARBURO P. LAB. H138NE.104.023,Fresones
6032,FRESAS DE CARBURO P. LAB. H138NEF.104.023,Analogo
6032,FRESAS DE CARBURO P. LAB. H138NEF.104.023,Fresones De Carburo
6032,FRESAS DE CARBURO P. LAB. H138NEF.104.023,Consumible
6032,FRESAS DE CARBURO P. LAB. H138NEF.104.023,Fresones
6035,FRESAS DE CARBURO P. LAB. H138NEX.104.023,Analogo
6035,FRESAS DE CARBURO P. LAB. H138NEX.104.023,Fresones De Carburo
6035,FRESAS DE CARBURO P. LAB. H138NEX.104.023,Consumible
6035,FRESAS DE CARBURO P. LAB. H138NEX.104.023,Fresones
6038,FRESAS DE CARBURO P. LAB. H138UK.104.023,Analogo
6038,FRESAS DE CARBURO P. LAB. H138UK.104.023,Fresones De Carburo
6038,FRESAS DE CARBURO P. LAB. H138UK.104.023,Consumible
6038,FRESAS DE CARBURO P. LAB. H138UK.104.023,Fresones
6041,FRESAS DE CARBURO P. LAB. H138UM.104.023,Analogo
6041,FRESAS DE CARBURO P. LAB. H138UM.104.023,Fresones De Carburo
6041,FRESAS DE CARBURO P. LAB. H138UM.104.023,Consumible
6041,FRESAS DE CARBURO P. LAB. H138UM.104.023,Fresones
6044,FRESAS DE CARBURO P. LAB. H139DF.104.023,Analogo
6044,FRESAS DE CARBURO P. LAB. H139DF.104.023,Fresones De Carburo
6044,FRESAS DE CARBURO P. LAB. H139DF.104.023,Consumible
6044,FRESAS DE CARBURO P. LAB. H139DF.104.023,Fresones
6047,FRESAS DE CARBURO P. LAB. H139E.104.023,Analogo
6047,FRESAS DE CARBURO P. LAB. H139E.104.023,Fresones De Carburo
6047,FRESAS DE CARBURO P. LAB. H139E.104.023,Consumible
6047,FRESAS DE CARBURO P. LAB. H139E.104.023,Fresones
6050,FRESAS DE CARBURO P. LAB. H139FSQ.104.023,Analogo
6050,FRESAS DE CARBURO P. LAB. H139FSQ.104.023,Fresones De Carburo
6050,FRESAS DE CARBURO P. LAB. H139FSQ.104.023,Consumible
6050,FRESAS DE CARBURO P. LAB. H139FSQ.104.023,Fresones
6053,FRESAS DE CARBURO P. LAB. H139GTI.104.023,Analogo
6053,FRESAS DE CARBURO P. LAB. H139GTI.104.023,Fresones De Carburo
6053,FRESAS DE CARBURO P. LAB. H139GTI.104.023,Consumible
6053,FRESAS DE CARBURO P. LAB. H139GTI.104.023,Fresones
6056,FRESAS DE CARBURO P. LAB. H139NE.104.023,Analogo
6056,FRESAS DE CARBURO P. LAB. H139NE.104.023,Fresones De Carburo
6056,FRESAS DE CARBURO P. LAB. H139NE.104.023,Consumible
6056,FRESAS DE CARBURO P. LAB. H139NE.104.023,Fresones
6059,FRESAS DE CARBURO P. LAB. H139NEF.104.023,Analogo
6059,FRESAS DE CARBURO P. LAB. H139NEF.104.023,Fresones De Carburo
6059,FRESAS DE CARBURO P. LAB. H139NEF.104.023,Consumible
6059,FRESAS DE CARBURO P. LAB. H139NEF.104.023,Fresones
6062,FRESAS DE CARBURO P. LAB. H139UK.104.023,Analogo
6062,FRESAS DE CARBURO P. LAB. H139UK.104.023,Fresones De Carburo
6062,FRESAS DE CARBURO P. LAB. H139UK.104.023,Consumible
6062,FRESAS DE CARBURO P. LAB. H139UK.104.023,Fresones
6065,FRESAS DE CARBURO P. LAB. H139UM.104.023,Analogo
6065,FRESAS DE CARBURO P. LAB. H139UM.104.023,Fresones De Carburo
6065,FRESAS DE CARBURO P. LAB. H139UM.104.023,Consumible
6065,FRESAS DE CARBURO P. LAB. H139UM.104.023,Fresones
6113,FRESAS DE CARBURO P. LAB. H250E.104.040,Analogo
6113,FRESAS DE CARBURO P. LAB. H250E.104.040,Fresones De Carburo
6113,FRESAS DE CARBURO P. LAB. H250E.104.040,Consumible
6113,FRESAS DE CARBURO P. LAB. H250E.104.040,Fresones
6116,FRESAS DE CARBURO P. LAB. H250NEF.104.040,Analogo
6116,FRESAS DE CARBURO P. LAB. H250NEF.104.040,Fresones De Carburo
6116,FRESAS DE CARBURO P. LAB. H250NEF.104.040,Consumible
6116,FRESAS DE CARBURO P. LAB. H250NEF.104.040,Fresones
6119,FRESAS DE CARBURO P. LAB. H250UM.104.040,Analogo
6119,FRESAS DE CARBURO P. LAB. H250UM.104.040,Fresones De Carburo
6119,FRESAS DE CARBURO P. LAB. H250UM.104.040,Consumible
6119,FRESAS DE CARBURO P. LAB. H250UM.104.040,Fresones
6122,FRESAS DE CARBURO P. LAB. H251ACR.104.060,Analogo
6122,FRESAS DE CARBURO P. LAB. H251ACR.104.060,Fresones De Carburo
6122,FRESAS DE CARBURO P. LAB. H251ACR.104.060,Consumible
6122,FRESAS DE CARBURO P. LAB. H251ACR.104.060,Fresones
6125,FRESAS DE CARBURO P. LAB. H251E.104.060,Analogo
6125,FRESAS DE CARBURO P. LAB. H251E.104.060,Fresones De Carburo
6125,FRESAS DE CARBURO P. LAB. H251E.104.060,Consumible
6125,FRESAS DE CARBURO P. LAB. H251E.104.060,Fresones
6128,FRESAS DE CARBURO P. LAB. H251EA.104.060,Analogo
6128,FRESAS DE CARBURO P. LAB. H251EA.104.060,Fresones De Carburo
6128,FRESAS DE CARBURO P. LAB. H251EA.104.060,Consumible
6128,FRESAS DE CARBURO P. LAB. H251EA.104.060,Fresones
6131,FRESAS DE CARBURO P. LAB. H251EF.104.060,Analogo
6131,FRESAS DE CARBURO P. LAB. H251EF.104.060,Fresones De Carburo
6131,FRESAS DE CARBURO P. LAB. H251EF.104.060,Consumible
6131,FRESAS DE CARBURO P. LAB. H251EF.104.060,Fresones
6134,FRESAS DE CARBURO P. LAB. H251EQ.104.060,Analogo
6134,FRESAS DE CARBURO P. LAB. H251EQ.104.060,Fresones De Carburo
6134,FRESAS DE CARBURO P. LAB. H251EQ.104.060,Consumible
6134,FRESAS DE CARBURO P. LAB. H251EQ.104.060,Fresones
6137,FRESAS DE CARBURO P. LAB. H251FSQ.104.060,Analogo
6137,FRESAS DE CARBURO P. LAB. H251FSQ.104.060,Fresones De Carburo
6137,FRESAS DE CARBURO P. LAB. H251FSQ.104.060,Consumible
6137,FRESAS DE CARBURO P. LAB. H251FSQ.104.060,Fresones
6140,FRESAS DE CARBURO P. LAB. H251GEA.104.060,Analogo
6140,FRESAS DE CARBURO P. LAB. H251GEA.104.060,Fresones De Carburo
6140,FRESAS DE CARBURO P. LAB. H251GEA.104.060,Consumible
6140,FRESAS DE CARBURO P. LAB. H251GEA.104.060,Fresones
6143,FRESAS DE CARBURO P. LAB. H251GSQ.104.060,Analogo
6143,FRESAS DE CARBURO P. LAB. H251GSQ.104.060,Fresones De Carburo
6143,FRESAS DE CARBURO P. LAB. H251GSQ.104.060,Consumible
6143,FRESAS DE CARBURO P. LAB. H251GSQ.104.060,Fresones
6146,FRESAS DE CARBURO P. LAB. H251GTI.104.060,Analogo
6146,FRESAS DE CARBURO P. LAB. H251GTI.104.060,Fresones De Carburo
6146,FRESAS DE CARBURO P. LAB. H251GTI.104.060,Consumible
6146,FRESAS DE CARBURO P. LAB. H251GTI.104.060,Fresones
6149,FRESAS DE CARBURO P. LAB. H251NE.104.060,Analogo
6149,FRESAS DE CARBURO P. LAB. H251NE.104.060,Fresones De Carburo
6149,FRESAS DE CARBURO P. LAB. H251NE.104.060,Consumible
6149,FRESAS DE CARBURO P. LAB. H251NE.104.060,Fresones
6152,FRESAS DE CARBURO P. LAB. H251NEX.104.060,Analogo
6152,FRESAS DE CARBURO P. LAB. H251NEX.104.060,Fresones De Carburo
6152,FRESAS DE CARBURO P. LAB. H251NEX.104.060,Consumible
6152,FRESAS DE CARBURO P. LAB. H251NEX.104.060,Fresones
6155,FRESAS DE CARBURO P. LAB. H251UM.104.040,Analogo
6155,FRESAS DE CARBURO P. LAB. H251UM.104.040,Fresones De Carburo
6155,FRESAS DE CARBURO P. LAB. H251UM.104.040,Consumible
6155,FRESAS DE CARBURO P. LAB. H251UM.104.040,Fresones
6158,FRESAS DE CARBURO P. LAB. H251UM.104.060,Analogo
6158,FRESAS DE CARBURO P. LAB. H251UM.104.060,Fresones De Carburo
6158,FRESAS DE CARBURO P. LAB. H251UM.104.060,Consumible
6158,FRESAS DE CARBURO P. LAB. H251UM.104.060,Fresones
6161,FRESAS DE CARBURO P. LAB. H257EF.104.023,Analogo
6161,FRESAS DE CARBURO P. LAB. H257EF.104.023,Fresones De Carburo
6161,FRESAS DE CARBURO P. LAB. H257EF.104.023,Consumible
6161,FRESAS DE CARBURO P. LAB. H257EF.104.023,Fresones
6167,FRESAS DE CARBURO P. LAB. H257RUM.104.023,Analogo
6167,FRESAS DE CARBURO P. LAB. H257RUM.104.023,Fresones De Carburo
6167,FRESAS DE CARBURO P. LAB. H257RUM.104.023,Consumible
6167,FRESAS DE CARBURO P. LAB. H257RUM.104.023,Fresones
6170,FRESAS DE CARBURO P. LAB. H261EF.104.023,Analogo
6170,FRESAS DE CARBURO P. LAB. H261EF.104.023,Fresones De Carburo
6170,FRESAS DE CARBURO P. LAB. H261EF.104.023,Consumible
6170,FRESAS DE CARBURO P. LAB. H261EF.104.023,Fresones
6173,FRESAS DE CARBURO P. LAB. H261FSQ.104.023,Analogo
6173,FRESAS DE CARBURO P. LAB. H261FSQ.104.023,Fresones De Carburo
6173,FRESAS DE CARBURO P. LAB. H261FSQ.104.023,Consumible
6173,FRESAS DE CARBURO P. LAB. H261FSQ.104.023,Fresones
6176,FRESAS DE CARBURO P. LAB. H261GSQ.104.023,Analogo
6176,FRESAS DE CARBURO P. LAB. H261GSQ.104.023,Fresones De Carburo
6176,FRESAS DE CARBURO P. LAB. H261GSQ.104.023,Consumible
6176,FRESAS DE CARBURO P. LAB. H261GSQ.104.023,Fresones
6179,FRESAS DE CARBURO P. LAB. H261UM.104.023,Analogo
6179,FRESAS DE CARBURO P. LAB. H261UM.104.023,Fresones De Carburo
6179,FRESAS DE CARBURO P. LAB. H261UM.104.023,Consumible
6179,FRESAS DE CARBURO P. LAB. H261UM.104.023,Fresones
6188,FRESAS DE CARBURO P. LAB. H295EF.104.023,Analogo
6188,FRESAS DE CARBURO P. LAB. H295EF.104.023,Fresones De Carburo
6188,FRESAS DE CARBURO P. LAB. H295EF.104.023,Consumible
6188,FRESAS DE CARBURO P. LAB. H295EF.104.023,Fresones
6272,FRESAS DE CARBURO P. LAB. H351EF.104.040,Analogo
6272,FRESAS DE CARBURO P. LAB. H351EF.104.040,Fresones De Carburo
6272,FRESAS DE CARBURO P. LAB. H351EF.104.040,Consumible
6272,FRESAS DE CARBURO P. LAB. H351EF.104.040,Fresones
6275,FRESAS DE CARBURO P. LAB. H351EF.104.060,Analogo
6275,FRESAS DE CARBURO P. LAB. H351EF.104.060,Fresones De Carburo
6275,FRESAS DE CARBURO P. LAB. H351EF.104.060,Consumible
6275,FRESAS DE CARBURO P. LAB. H351EF.104.060,Fresones
6278,FRESAS DE CARBURO P. LAB. H351FSQ.104.060,Analogo
6278,FRESAS DE CARBURO P. LAB. H351FSQ.104.060,Fresones De Carburo
6278,FRESAS DE CARBURO P. LAB. H351FSQ.104.060,Consumible
6278,FRESAS DE CARBURO P. LAB. H351FSQ.104.060,Fresones
6281,FRESAS DE CARBURO P. LAB. H351GE.104.060,Analogo
6281,FRESAS DE CARBURO P. LAB. H351GE.104.060,Fresones De Carburo
6281,FRESAS DE CARBURO P. LAB. H351GE.104.060,Consumible
6281,FRESAS DE CARBURO P. LAB. H351GE.104.060,Fresones
6284,FRESAS DE CARBURO P. LAB. H351GE.104.070,Analogo
6284,FRESAS DE CARBURO P. LAB. H351GE.104.070,Fresones De Carburo
6284,FRESAS DE CARBURO P. LAB. H351GE.104.070,Consumible
6284,FRESAS DE CARBURO P. LAB. H351GE.104.070,Fresones
6287,FRESAS DE CARBURO P. LAB. H351GSQ.104.060,Analogo
6287,FRESAS DE CARBURO P. LAB. H351GSQ.104.060,Fresones De Carburo
6287,FRESAS DE CARBURO P. LAB. H351GSQ.104.060,Consumible
6287,FRESAS DE CARBURO P. LAB. H351GSQ.104.060,Fresones
6290,FRESAS DE CARBURO P. LAB. H364RE.104.015,Analogo
6290,FRESAS DE CARBURO P. LAB. H364RE.104.015,Fresones De Carburo
6290,FRESAS DE CARBURO P. LAB. H364RE.104.015,Consumible
6290,FRESAS DE CARBURO P. LAB. H364RE.104.015,Fresones
6293,FRESAS DE CARBURO P. LAB. H364RE.104.023,Analogo
6293,FRESAS DE CARBURO P. LAB. H364RE.104.023,Fresones De Carburo
6293,FRESAS DE CARBURO P. LAB. H364RE.104.023,Consumible
6293,FRESAS DE CARBURO P. LAB. H364RE.104.023,Fresones
6350,FRESAS DE CARBURO P. LAB. H71.104.050,Analogo
6350,FRESAS DE CARBURO P. LAB. H71.104.050,Fresones De Carburo
6350,FRESAS DE CARBURO P. LAB. H71.104.050,Consumible
6350,FRESAS DE CARBURO P. LAB. H71.104.050,Fresones
6353,FRESAS DE CARBURO P. LAB. H71E.104.010,Analogo
6353,FRESAS DE CARBURO P. LAB. H71E.104.010,Fresones De Carburo
6353,FRESAS DE CARBURO P. LAB. H71E.104.010,Consumible
6353,FRESAS DE CARBURO P. LAB. H71E.104.010,Fresones
6356,FRESAS DE CARBURO P. LAB. H71E.104.014,Analogo
6356,FRESAS DE CARBURO P. LAB. H71E.104.014,Fresones De Carburo
6356,FRESAS DE CARBURO P. LAB. H71E.104.014,Consumible
6356,FRESAS DE CARBURO P. LAB. H71E.104.014,Fresones
6359,FRESAS DE CARBURO P. LAB. H71E.104.018,Analogo
6359,FRESAS DE CARBURO P. LAB. H71E.104.018,Fresones De Carburo
6359,FRESAS DE CARBURO P. LAB. H71E.104.018,Consumible
6359,FRESAS DE CARBURO P. LAB. H71E.104.018,Fresones
6362,FRESAS DE CARBURO P. LAB. H72E.104.060,Analogo
6362,FRESAS DE CARBURO P. LAB. H72E.104.060,Fresones De Carburo
6362,FRESAS DE CARBURO P. LAB. H72E.104.060,Consumible
6362,FRESAS DE CARBURO P. LAB. H72E.104.060,Fresones
6365,FRESAS DE CARBURO P. LAB. H72SGFA.104.070,Analogo
6365,FRESAS DE CARBURO P. LAB. H72SGFA.104.070,Fresones De Carburo
6365,FRESAS DE CARBURO P. LAB. H72SGFA.104.070,Consumible
6365,FRESAS DE CARBURO P. LAB. H72SGFA.104.070,Fresones
6368,FRESAS DE CARBURO P. LAB. H73E.104.012,Analogo
6368,FRESAS DE CARBURO P. LAB. H73E.104.012,Fresones De Carburo
6368,FRESAS DE CARBURO P. LAB. H73E.104.012,Consumible
6368,FRESAS DE CARBURO P. LAB. H73E.104.012,Fresones
6371,FRESAS DE CARBURO P. LAB. H73E.104.023,Analogo
6371,FRESAS DE CARBURO P. LAB. H73E.104.023,Fresones De Carburo
6371,FRESAS DE CARBURO P. LAB. H73E.104.023,Consumible
6371,FRESAS DE CARBURO P. LAB. H73E.104.023,Fresones
6377,FRESAS DE CARBURO P. LAB. H73E.104.060,Analogo
6377,FRESAS DE CARBURO P. LAB. H73E.104.060,Fresones De Carburo
6377,FRESAS DE CARBURO P. LAB. H73E.104.060,Consumible
6377,FRESAS DE CARBURO P. LAB. H73E.104.060,Fresones
6380,FRESAS DE CARBURO P. LAB. H73NE.104.014,Analogo
6380,FRESAS DE CARBURO P. LAB. H73NE.104.014,Fresones De Carburo
6380,FRESAS DE CARBURO P. LAB. H73NE.104.014,Consumible
6380,FRESAS DE CARBURO P. LAB. H73NE.104.014,Fresones
6383,FRESAS DE CARBURO P. LAB. H73UM.104.014,Analogo
6383,FRESAS DE CARBURO P. LAB. H73UM.104.014,Fresones De Carburo
6383,FRESAS DE CARBURO P. LAB. H73UM.104.014,Consumible
6383,FRESAS DE CARBURO P. LAB. H73UM.104.014,Fresones
6386,FRESAS DE CARBURO P. LAB. H77ACR.104.060,Analogo
6386,FRESAS DE CARBURO P. LAB. H77ACR.104.060,Fresones De Carburo
6386,FRESAS DE CARBURO P. LAB. H77ACR.104.060,Consumible
6386,FRESAS DE CARBURO P. LAB. H77ACR.104.060,Fresones
6389,FRESAS DE CARBURO P. LAB. H77E.104.023,Analogo
6389,FRESAS DE CARBURO P. LAB. H77E.104.023,Fresones De Carburo
6389,FRESAS DE CARBURO P. LAB. H77E.104.023,Consumible
6389,FRESAS DE CARBURO P. LAB. H77E.104.023,Fresones
6392,FRESAS DE CARBURO P. LAB. H77E.104.029,Analogo
6392,FRESAS DE CARBURO P. LAB. H77E.104.029,Fresones De Carburo
6392,FRESAS DE CARBURO P. LAB. H77E.104.029,Consumible
6392,FRESAS DE CARBURO P. LAB. H77E.104.029,Fresones
6395,FRESAS DE CARBURO P. LAB. H77E.104.040,Analogo
6395,FRESAS DE CARBURO P. LAB. H77E.104.040,Fresones De Carburo
6395,FRESAS DE CARBURO P. LAB. H77E.104.040,Consumible
6395,FRESAS DE CARBURO P. LAB. H77E.104.040,Fresones
6398,FRESAS DE CARBURO P. LAB. H77E.104.060,Analogo
6398,FRESAS DE CARBURO P. LAB. H77E.104.060,Fresones De Carburo
6398,FRESAS DE CARBURO P. LAB. H77E.104.060,Consumible
6398,FRESAS DE CARBURO P. LAB. H77E.104.060,Fresones
6401,FRESAS DE CARBURO P. LAB. H77EF.104.023,Analogo
6401,FRESAS DE CARBURO P. LAB. H77EF.104.023,Fresones De Carburo
6401,FRESAS DE CARBURO P. LAB. H77EF.104.023,Consumible
6401,FRESAS DE CARBURO P. LAB. H77EF.104.023,Fresones
6404,FRESAS DE CARBURO P. LAB. H77FSQ.104.023,Analogo
6404,FRESAS DE CARBURO P. LAB. H77FSQ.104.023,Fresones De Carburo
6404,FRESAS DE CARBURO P. LAB. H77FSQ.104.023,Consumible
6404,FRESAS DE CARBURO P. LAB. H77FSQ.104.023,Fresones
6407,FRESAS DE CARBURO P. LAB. H77GSQ.104.040,Analogo
6407,FRESAS DE CARBURO P. LAB. H77GSQ.104.040,Fresones De Carburo
6407,FRESAS DE CARBURO P. LAB. H77GSQ.104.040,Consumible
6407,FRESAS DE CARBURO P. LAB. H77GSQ.104.040,Fresones
6410,FRESAS DE CARBURO P. LAB. H77NE.104.023,Analogo
6410,FRESAS DE CARBURO P. LAB. H77NE.104.023,Fresones De Carburo
6410,FRESAS DE CARBURO P. LAB. H77NE.104.023,Consumible
6410,FRESAS DE CARBURO P. LAB. H77NE.104.023,Fresones
6413,FRESAS DE CARBURO P. LAB. H77UK.104.023,Analogo
6413,FRESAS DE CARBURO P. LAB. H77UK.104.023,Fresones De Carburo
6413,FRESAS DE CARBURO P. LAB. H77UK.104.023,Consumible
6413,FRESAS DE CARBURO P. LAB. H77UK.104.023,Fresones
6416,FRESAS DE CARBURO P. LAB. H77UM.104.023,Analogo
6416,FRESAS DE CARBURO P. LAB. H77UM.104.023,Fresones De Carburo
6416,FRESAS DE CARBURO P. LAB. H77UM.104.023,Consumible
6416,FRESAS DE CARBURO P. LAB. H77UM.104.023,Fresones
6419,FRESAS DE CARBURO P. LAB. H79ACR.104.040,Analogo
6419,FRESAS DE CARBURO P. LAB. H79ACR.104.040,Fresones De Carburo
6419,FRESAS DE CARBURO P. LAB. H79ACR.104.040,Consumible
6419,FRESAS DE CARBURO P. LAB. H79ACR.104.040,Fresones
6422,FRESAS DE CARBURO P. LAB. H79DF.104.040,Analogo
6422,FRESAS DE CARBURO P. LAB. H79DF.104.040,Fresones De Carburo
6422,FRESAS DE CARBURO P. LAB. H79DF.104.040,Consumible
6422,FRESAS DE CARBURO P. LAB. H79DF.104.040,Fresones
6425,FRESAS DE CARBURO P. LAB. H79E.104.031,Analogo
6425,FRESAS DE CARBURO P. LAB. H79E.104.031,Fresones De Carburo
6425,FRESAS DE CARBURO P. LAB. H79E.104.031,Consumible
6425,FRESAS DE CARBURO P. LAB. H79E.104.031,Fresones
6428,FRESAS DE CARBURO P. LAB. H79E.104.040,Analogo
6428,FRESAS DE CARBURO P. LAB. H79E.104.040,Fresones De Carburo
6428,FRESAS DE CARBURO P. LAB. H79E.104.040,Consumible
6428,FRESAS DE CARBURO P. LAB. H79E.104.040,Fresones
6431,FRESAS DE CARBURO P. LAB. H79EA.104.040,Analogo
6431,FRESAS DE CARBURO P. LAB. H79EA.104.040,Fresones De Carburo
6431,FRESAS DE CARBURO P. LAB. H79EA.104.040,Consumible
6431,FRESAS DE CARBURO P. LAB. H79EA.104.040,Fresones
6434,FRESAS DE CARBURO P. LAB. H79EA.104.050,Analogo
6434,FRESAS DE CARBURO P. LAB. H79EA.104.050,Fresones De Carburo
6434,FRESAS DE CARBURO P. LAB. H79EA.104.050,Consumible
6434,FRESAS DE CARBURO P. LAB. H79EA.104.050,Fresones
6437,FRESAS DE CARBURO P. LAB. H79EC.104.040,Analogo
6437,FRESAS DE CARBURO P. LAB. H79EC.104.040,Fresones De Carburo
6437,FRESAS DE CARBURO P. LAB. H79EC.104.040,Consumible
6437,FRESAS DE CARBURO P. LAB. H79EC.104.040,Fresones
6440,FRESAS DE CARBURO P. LAB. H79EF.104.031,Analogo
6440,FRESAS DE CARBURO P. LAB. H79EF.104.031,Fresones De Carburo
6440,FRESAS DE CARBURO P. LAB. H79EF.104.031,Consumible
6440,FRESAS DE CARBURO P. LAB. H79EF.104.031,Fresones
6443,FRESAS DE CARBURO P. LAB. H79EF.104.040,Analogo
6443,FRESAS DE CARBURO P. LAB. H79EF.104.040,Fresones De Carburo
6443,FRESAS DE CARBURO P. LAB. H79EF.104.040,Consumible
6443,FRESAS DE CARBURO P. LAB. H79EF.104.040,Fresones
6446,FRESAS DE CARBURO P. LAB. H79FSQ.104.031,Analogo
6446,FRESAS DE CARBURO P. LAB. H79FSQ.104.031,Fresones De Carburo
6446,FRESAS DE CARBURO P. LAB. H79FSQ.104.031,Consumible
6446,FRESAS DE CARBURO P. LAB. H79FSQ.104.031,Fresones
6449,FRESAS DE CARBURO P. LAB. H79FSQ.104.040,Analogo
6449,FRESAS DE CARBURO P. LAB. H79FSQ.104.040,Fresones De Carburo
6449,FRESAS DE CARBURO P. LAB. H79FSQ.104.040,Consumible
6449,FRESAS DE CARBURO P. LAB. H79FSQ.104.040,Fresones
6452,FRESAS DE CARBURO P. LAB. H79FSQ.104.070,Analogo
6452,FRESAS DE CARBURO P. LAB. H79FSQ.104.070,Fresones De Carburo
6452,FRESAS DE CARBURO P. LAB. H79FSQ.104.070,Consumible
6452,FRESAS DE CARBURO P. LAB. H79FSQ.104.070,Fresones
6455,FRESAS DE CARBURO P. LAB. H79GE.104.070,Analogo
6455,FRESAS DE CARBURO P. LAB. H79GE.104.070,Fresones De Carburo
6455,FRESAS DE CARBURO P. LAB. H79GE.104.070,Consumible
6455,FRESAS DE CARBURO P. LAB. H79GE.104.070,Fresones
6458,FRESAS DE CARBURO P. LAB. H79GSQ.104.040,Analogo
6458,FRESAS DE CARBURO P. LAB. H79GSQ.104.040,Fresones De Carburo
6458,FRESAS DE CARBURO P. LAB. H79GSQ.104.040,Consumible
6458,FRESAS DE CARBURO P. LAB. H79GSQ.104.040,Fresones
6461,FRESAS DE CARBURO P. LAB. H79GSQ.104.070,Analogo
6461,FRESAS DE CARBURO P. LAB. H79GSQ.104.070,Fresones De Carburo
6461,FRESAS DE CARBURO P. LAB. H79GSQ.104.070,Consumible
6461,FRESAS DE CARBURO P. LAB. H79GSQ.104.070,Fresones
6464,FRESAS DE CARBURO P. LAB. H79GTI.104.040,Analogo
6464,FRESAS DE CARBURO P. LAB. H79GTI.104.040,Fresones De Carburo
6464,FRESAS DE CARBURO P. LAB. H79GTI.104.040,Consumible
6464,FRESAS DE CARBURO P. LAB. H79GTI.104.040,Fresones
6467,FRESAS DE CARBURO P. LAB. H79NE.104.040,Analogo
6467,FRESAS DE CARBURO P. LAB. H79NE.104.040,Fresones De Carburo
6467,FRESAS DE CARBURO P. LAB. H79NE.104.040,Consumible
6467,FRESAS DE CARBURO P. LAB. H79NE.104.040,Fresones
6470,FRESAS DE CARBURO P. LAB. H79NEF.104.040,Analogo
6470,FRESAS DE CARBURO P. LAB. H79NEF.104.040,Fresones De Carburo
6470,FRESAS DE CARBURO P. LAB. H79NEF.104.040,Consumible
6470,FRESAS DE CARBURO P. LAB. H79NEF.104.040,Fresones
6473,FRESAS DE CARBURO P. LAB. H79NEX.104.040,Analogo
6473,FRESAS DE CARBURO P. LAB. H79NEX.104.040,Fresones De Carburo
6473,FRESAS DE CARBURO P. LAB. H79NEX.104.040,Consumible
6473,FRESAS DE CARBURO P. LAB. H79NEX.104.040,Fresones
6476,FRESAS DE CARBURO P. LAB. H79SGE.104.050,Analogo
6476,FRESAS DE CARBURO P. LAB. H79SGE.104.050,Fresones De Carburo
6476,FRESAS DE CARBURO P. LAB. H79SGE.104.050,Consumible
6476,FRESAS DE CARBURO P. LAB. H79SGE.104.050,Fresones
6479,FRESAS DE CARBURO P. LAB. H79SGE.104.070,Analogo
6479,FRESAS DE CARBURO P. LAB. H79SGE.104.070,Fresones De Carburo
6479,FRESAS DE CARBURO P. LAB. H79SGE.104.070,Consumible
6479,FRESAS DE CARBURO P. LAB. H79SGE.104.070,Fresones
6482,FRESAS DE CARBURO P. LAB. H79SGEA.104.070,Analogo
6482,FRESAS DE CARBURO P. LAB. H79SGEA.104.070,Fresones De Carburo
6482,FRESAS DE CARBURO P. LAB. H79SGEA.104.070,Consumible
6482,FRESAS DE CARBURO P. LAB. H79SGEA.104.070,Fresones
6485,FRESAS DE CARBURO P. LAB. H79SGFA.104.070,Analogo
6485,FRESAS DE CARBURO P. LAB. H79SGFA.104.070,Fresones De Carburo
6485,FRESAS DE CARBURO P. LAB. H79SGFA.104.070,Consumible
6485,FRESAS DE CARBURO P. LAB. H79SGFA.104.070,Fresones
6488,FRESAS DE CARBURO P. LAB. H79UK.104.040,Analogo
6488,FRESAS DE CARBURO P. LAB. H79UK.104.040,Fresones De Carburo
6488,FRESAS DE CARBURO P. LAB. H79UK.104.040,Consumible
6488,FRESAS DE CARBURO P. LAB. H79UK.104.040,Fresones
6491,FRESAS DE CARBURO P. LAB. H79UM.104.040,Analogo
6491,FRESAS DE CARBURO P. LAB. H79UM.104.040,Fresones De Carburo
6491,FRESAS DE CARBURO P. LAB. H79UM.104.040,Consumible
6491,FRESAS DE CARBURO P. LAB. H79UM.104.040,Fresones
6494,FRESAS DE CARBURO P. LAB. H89NE.104.040,Analogo
6494,FRESAS DE CARBURO P. LAB. H89NE.104.040,Fresones De Carburo
6494,FRESAS DE CARBURO P. LAB. H89NE.104.040,Consumible
6494,FRESAS DE CARBURO P. LAB. H89NE.104.040,Fresones
6512,FRESAS DE CARBURO P. LAB. H98.104.040,Analogo
6512,FRESAS DE CARBURO P. LAB. H98.104.040,Fresones De Carburo
6512,FRESAS DE CARBURO P. LAB. H98.104.040,Consumible
6512,FRESAS DE CARBURO P. LAB. H98.104.040,Fresones
6515,FRESAS DE CARBURO P. LAB. H98.104.070,Analogo
6515,FRESAS DE CARBURO P. LAB. H98.104.070,Fresones De Carburo
6515,FRESAS DE CARBURO P. LAB. H98.104.070,Consumible
6515,FRESAS DE CARBURO P. LAB. H98.104.070,Fresones
6305,FRESAS DE CARBUROS,Analogo
6305,FRESAS DE CARBUROS,Fresones De Carburo
6305,FRESAS DE CARBUROS,Consumible
6305,FRESAS DE CARBUROS,Fresones
6311,FRESAS DE CARBUROS H71.104.005,Analogo
6311,FRESAS DE CARBUROS H71.104.005,Fresones De Carburo
6311,FRESAS DE CARBUROS H71.104.005,Consumible
6311,FRESAS DE CARBUROS H71.104.005,Fresones
3458,FRESERO,Analogo
3458,FRESERO,Consumible
7046,FRESON DE CERAMICA,Analogo
7046,FRESON DE CERAMICA,Fresones Para Acrilico
7046,FRESON DE CERAMICA,Consumible
7046,FRESON DE CERAMICA,Fresones
7049,FRESON DE CERAMICA K251EQ.104.060,Analogo
7049,FRESON DE CERAMICA K251EQ.104.060,Fresones Para Acrilico
7049,FRESON DE CERAMICA K251EQ.104.060,Consumible
7049,FRESON DE CERAMICA K251EQ.104.060,Fresones
7052,FRESON DE CERAMICA K251GSQ.104.060,Analogo
7052,FRESON DE CERAMICA K251GSQ.104.060,Fresones Para Acrilico
7052,FRESON DE CERAMICA K251GSQ.104.060,Consumible
7052,FRESON DE CERAMICA K251GSQ.104.060,Fresones
7055,FRESON DE CERAMICA K251GSQ.104.080,Analogo
7055,FRESON DE CERAMICA K251GSQ.104.080,Fresones Para Acrilico
7055,FRESON DE CERAMICA K251GSQ.104.080,Consumible
7055,FRESON DE CERAMICA K251GSQ.104.080,Fresones
7058,FRESON DE CERAMICA K261GSQ.104.023,Analogo
7058,FRESON DE CERAMICA K261GSQ.104.023,Fresones Para Acrilico
7058,FRESON DE CERAMICA K261GSQ.104.023,Consumible
7058,FRESON DE CERAMICA K261GSQ.104.023,Fresones
7064,FRESON DE CERAMICA K79ACR.104.040,Analogo
7064,FRESON DE CERAMICA K79ACR.104.040,Fresones Para Acrilico
7064,FRESON DE CERAMICA K79ACR.104.040,Consumible
7064,FRESON DE CERAMICA K79ACR.104.040,Fresones
7067,FRESON DE CERAMICA K79GSQ.104.040,Analogo
7067,FRESON DE CERAMICA K79GSQ.104.040,Fresones Para Acrilico
7067,FRESON DE CERAMICA K79GSQ.104.040,Consumible
7067,FRESON DE CERAMICA K79GSQ.104.040,Fresones
85706,FUELLE MOTION 2,Digital
85706,FUELLE MOTION 2,Fresadoras
85706,FUELLE MOTION 2,Refaccion
268815,GABINETE PARA ESCANER MEDICO DENTAL,Digital
268815,GABINETE PARA ESCANER MEDICO DENTAL,Equipo
268815,GABINETE PARA ESCANER MEDICO DENTAL,Escaner Intraoral
4595,GANCHOS ANILLOS CURV CERA VERDE 10 TABLI,Analogo
4595,GANCHOS ANILLOS CURV CERA VERDE 10 TABLI,Preformas De Cera
4595,GANCHOS ANILLOS CURV CERA VERDE 10 TABLI,Consumible
4598,GANCHOS ANILLOS RECTOS CERA VERDE 10 TAB,Analogo
4598,GANCHOS ANILLOS RECTOS CERA VERDE 10 TAB,Preformas De Cera
4598,GANCHOS ANILLOS RECTOS CERA VERDE 10 TAB,Consumible
4592,GANCHOS BONYHARD GDE CERA VERDE 10 TABLI,Analogo
4592,GANCHOS BONYHARD GDE CERA VERDE 10 TABLI,Preformas De Cera
4592,GANCHOS BONYHARD GDE CERA VERDE 10 TABLI,Consumible
4589,GANCHOS BONYHARD PEQ CERA VERDE 10 TABLI,Analogo
4589,GANCHOS BONYHARD PEQ CERA VERDE 10 TABLI,Preformas De Cera
4589,GANCHOS BONYHARD PEQ CERA VERDE 10 TABLI,Consumible
4583,GANCHOS P PREMOLARES CERA VERDE 10 TABL,Analogo
4583,GANCHOS P PREMOLARES CERA VERDE 10 TABL,Preformas De Cera
4583,GANCHOS P PREMOLARES CERA VERDE 10 TABL,Consumible
4586,GANCHOS PARA MOLARES CERA VERDE 10 TABL,Analogo
4586,GANCHOS PARA MOLARES CERA VERDE 10 TABL,Preformas De Cera
4586,GANCHOS PARA MOLARES CERA VERDE 10 TABL,Consumible
305579,GARANTIA,Servicios
304885,GARANTIA EXTENDIDA,Servicios
3734,GAS COMPRESSION SPRING ARGOTH / THERM 3,Digital
3734,GAS COMPRESSION SPRING ARGOTH / THERM 3,Hornos
3734,GAS COMPRESSION SPRING ARGOTH / THERM 3,Refaccion
3734,GAS COMPRESSION SPRING ARGOTH / THERM 3,Hornos De Sinterizado
99143,GAS PRESSURE SPRING MOTION 2,Digital
99143,GAS PRESSURE SPRING MOTION 2,Refaccion
99143,GAS PRESSURE SPRING MOTION 2,Fresadoras
104915,GASTOS ADMINISTRATIVOS,Servicios
93506,GEARBOX COMPLETE 654 I,Analogo
93506,GEARBOX COMPLETE 654 I,Hornos
93506,GEARBOX COMPLETE 654 I,Refaccion
93506,GEARBOX COMPLETE 654 I,Hornos De Coccion
81099,GENIUS RECAMBIO TAMAÑO 4 2PZAS,Analogo
81099,GENIUS RECAMBIO TAMAÑO 4 2PZAS,Consumible
81099,GENIUS RECAMBIO TAMAÑO 4 2PZAS,Pinceles
80424,GEO AVANTGARDE UNIVERSAL MENTA OPACA,Analogo
80424,GEO AVANTGARDE UNIVERSAL MENTA OPACA,Consumible
80424,GEO AVANTGARDE UNIVERSAL MENTA OPACA,Ceras De Modelado
80448,GEO CERA CERVICAL ROJA TRANSPARENTE,Analogo
80448,GEO CERA CERVICAL ROJA TRANSPARENTE,Consumible
80448,GEO CERA CERVICAL ROJA TRANSPARENTE,Ceras De Modelado
80451,GEO CERA DE FRESADO AZUL OPACA,Analogo
80451,GEO CERA DE FRESADO AZUL OPACA,Consumible
80451,GEO CERA DE FRESADO AZUL OPACA,Ceras De Modelado
80124,GEO CERA PARA COL GRUESAM GRA 0.40MM 15T,Analogo
80124,GEO CERA PARA COL GRUESAM GRA 0.40MM 15T,Consumible
80124,GEO CERA PARA COL GRUESAM GRA 0.40MM 15T,Ceras De Modelado
80130,GEO CERA PARA COL. GRUESAM. GRAN. 0.30M,Analogo
80130,GEO CERA PARA COL. GRUESAM. GRAN. 0.30M,Consumible
80130,GEO CERA PARA COL. GRUESAM. GRAN. 0.30M,Cera Para Colado
80133,GEO CERA PARA COLADO FIN. GRAN. 0.60MM 1,Analogo
80133,GEO CERA PARA COLADO FIN. GRAN. 0.60MM 1,Consumible
80133,GEO CERA PARA COLADO FIN. GRAN. 0.60MM 1,Ceras De Modelado
80148,GEO CERA PARA COLADO LISA 0.60MM 15TA,Analogo
80148,GEO CERA PARA COLADO LISA 0.60MM 15TA,Consumible
80148,GEO CERA PARA COLADO LISA 0.60MM 15TA,Ceras De Modelado
80109,GEO CERA PARA COLADO VENOSA 0.40MM 15TA,Analogo
80109,GEO CERA PARA COLADO VENOSA 0.40MM 15TA,Consumible
80106,GEO CERA PARA COLADO VENOSA 0.50MM 15TA,Analogo
80106,GEO CERA PARA COLADO VENOSA 0.50MM 15TA,Consumible
80106,GEO CERA PARA COLADO VENOSA 0.50MM 15TA,Ceras De Modelado
80112,GEO CERA PARA COLADO. VENOSA. 0.35MM 15,Analogo
80112,GEO CERA PARA COLADO. VENOSA. 0.35MM 15,Consumible
80112,GEO CERA PARA COLADO. VENOSA. 0.35MM 15,Ceras De Modelado
80412,GEO CLASSIC MENTA OPACA,Analogo
80412,GEO CLASSIC MENTA OPACA,Consumible
80412,GEO CLASSIC MENTA OPACA,Ceras De Modelado
80400,GEO CLASSIC MENTA TRANSPARENTE,Analogo
80400,GEO CLASSIC MENTA TRANSPARENTE,Consumible
80400,GEO CLASSIC MENTA TRANSPARENTE,Ceras
80463,GEO CROWAX CERA CERVICAL Y DE BASE ROJA,Analogo
80463,GEO CROWAX CERA CERVICAL Y DE BASE ROJA,Consumible
80463,GEO CROWAX CERA CERVICAL Y DE BASE ROJA,Ceras De Modelado
80244,GEO EXPERT DENTIN (OPAQUE) A. BRUGUERA,Analogo
80244,GEO EXPERT DENTIN (OPAQUE) A. BRUGUERA,Ceras De Modelado
80244,GEO EXPERT DENTIN (OPAQUE) A. BRUGUERA,Consumible
80238,GEO EXPERT ENAMEL (TRANSPARENT) A. BRUGU,Analogo
80238,GEO EXPERT ENAMEL (TRANSPARENT) A. BRUGU,Ceras De Modelado
80238,GEO EXPERT ENAMEL (TRANSPARENT) A. BRUGU,Consumible
80202,GEO EXPERT FUNCTIONAL WAX BLUE-OPAQUE 40,Analogo
80202,GEO EXPERT FUNCTIONAL WAX BLUE-OPAQUE 40,Consumible
80202,GEO EXPERT FUNCTIONAL WAX BLUE-OPAQUE 40,Ceras De Modelado
80205,GEO EXPERT FUNCTIONAL WAX GREEN-OPAQUE 4,Analogo
80205,GEO EXPERT FUNCTIONAL WAX GREEN-OPAQUE 4,Consumible
80205,GEO EXPERT FUNCTIONAL WAX GREEN-OPAQUE 4,Ceras De Modelado
80196,GEO EXPERT FUNCTIONAL WAX GREY-OPAQUE 40,Analogo
80196,GEO EXPERT FUNCTIONAL WAX GREY-OPAQUE 40,Consumible
80196,GEO EXPERT FUNCTIONAL WAX GREY-OPAQUE 40,Ceras De Modelado
80199,GEO EXPERT FUNCTIONAL WAX YELLOW-OPAQUE,Analogo
80199,GEO EXPERT FUNCTIONAL WAX YELLOW-OPAQUE,Consumible
80199,GEO EXPERT FUNCTIONAL WAX YELLOW-OPAQUE,Ceras De Modelado
80232,GEO EXPERT SCULPTURE (OPAQUE) A. BRUGUER,Analogo
80232,GEO EXPERT SCULPTURE (OPAQUE) A. BRUGUER,Ceras De Modelado
80232,GEO EXPERT SCULPTURE (OPAQUE) A. BRUGUER,Consumible
80226,GEO EXPERT TRANSLUCENT (TRANSPARENT) A.,Analogo
80226,GEO EXPERT TRANSLUCENT (TRANSPARENT) A.,Ceras De Modelado
80226,GEO EXPERT TRANSLUCENT (TRANSPARENT) A.,Consumible
80247,GEO EXPERT WAX SET A. BRUGUERA ESPAÑOL,Analogo
80247,GEO EXPERT WAX SET A. BRUGUERA ESPAÑOL,Consumible
80247,GEO EXPERT WAX SET A. BRUGUERA ESPAÑOL,Ceras
79995,GEO GANCHOS ANULARES RECTOS 10PL,Analogo
79995,GEO GANCHOS ANULARES RECTOS 10PL,Consumible
79995,GEO GANCHOS ANULARES RECTOS 10PL,Ceras De Modelado
79977,GEO GANCHOS BONYHARD 10PL,Analogo
79977,GEO GANCHOS BONYHARD 10PL,Consumible
79977,GEO GANCHOS BONYHARD 10PL,Ceras De Modelado
80184,GEO GANCHOS CIRCUL. RECTOS AUTOADHES 10P,Analogo
80184,GEO GANCHOS CIRCUL. RECTOS AUTOADHES 10P,Consumible
79992,GEO GANCHOS CIRCULARES 10PL,Analogo
79992,GEO GANCHOS CIRCULARES 10PL,Consumible
79992,GEO GANCHOS CIRCULARES 10PL,Ceras De Modelado
79998,GEO GANCHOS DE MOLARES 10PL,Analogo
79998,GEO GANCHOS DE MOLARES 10PL,Consumible
79998,GEO GANCHOS DE MOLARES 10PL,Insumos De Laboratorio
80001,GEO GANCHOS DE PREMOLARES 10PL,Analogo
80001,GEO GANCHOS DE PREMOLARES 10PL,Consumible
80001,GEO GANCHOS DE PREMOLARES 10PL,Ceras De Modelado
80190,GEO GANCHOS DE PREMOLARES AUTOADHESIVOS,Analogo
80190,GEO GANCHOS DE PREMOLARES AUTOADHESIVOS,Consumible
80010,GEO HILO DE CERA DUREZA MEDIA AZUL 4.0MM,Analogo
80010,GEO HILO DE CERA DUREZA MEDIA AZUL 4.0MM,Consumible
80010,GEO HILO DE CERA DUREZA MEDIA AZUL 4.0MM,Hilo De Cera
80007,GEO HILO DE CERA DUREZA MEDIA AZUL 5.0MM,Analogo
80007,GEO HILO DE CERA DUREZA MEDIA AZUL 5.0MM,Consumible
80007,GEO HILO DE CERA DUREZA MEDIA AZUL 5.0MM,Hilo De Cera
80433,GEO JUEGO BASICO,Analogo
80433,GEO JUEGO BASICO,Consumible
80433,GEO JUEGO BASICO,Ceras De Modelado
80391,GEO NATURAL,Analogo
80391,GEO NATURAL,Consumible
80391,GEO NATURAL,Ceras De Modelado
79974,GEO REJILLAS DE CERA DIAGONALES 70X70MM,Analogo
79974,GEO REJILLAS DE CERA DIAGONALES 70X70MM,Consumible
79989,GEO RETENCIONES DE CERA 10PL,Analogo
79989,GEO RETENCIONES DE CERA 10PL,Consumible
79989,GEO RETENCIONES DE CERA 10PL,Ceras De Modelado
80172,GEO RETENCIONES DE CERA AUTOADHESIV 20,Analogo
80172,GEO RETENCIONES DE CERA AUTOADHESIV 20,Consumible
80169,GEO RETENCIONES DE CERA AUTOADHESIVA 20,Analogo
80169,GEO RETENCIONES DE CERA AUTOADHESIVA 20,Consumible
80169,GEO RETENCIONES DE CERA AUTOADHESIVA 20,Ceras De Modelado
80175,GEO RETENCIONES DE CERA AUTOADHESIVAS 20,Analogo
80175,GEO RETENCIONES DE CERA AUTOADHESIVAS 20,Consumible
80175,GEO RETENCIONES DE CERA AUTOADHESIVAS 20,Ceras De Modelado
80073,GEO RETENCIONES PERFOR AL TRESBOLILO 40P,Analogo
80073,GEO RETENCIONES PERFOR AL TRESBOLILO 40P,Consumible
80073,GEO RETENCIONES PERFOR AL TRESBOLILO 40P,Ceras De Modelado
80070,GEO RETENEDORES. BASE DE PROTESIS 40 PZ,Analogo
80070,GEO RETENEDORES. BASE DE PROTESIS 40 PZ,Consumible
80070,GEO RETENEDORES. BASE DE PROTESIS 40 PZ,Ceras De Modelado
80250,GEO SURTIDO DE CERA PARA COLADO,Analogo
80250,GEO SURTIDO DE CERA PARA COLADO,Consumible
80460,GEO-DIP CERA DE INMERSION AMARILLA 200G,Analogo
80460,GEO-DIP CERA DE INMERSION AMARILLA 200G,Consumible
80460,GEO-DIP CERA DE INMERSION AMARILLA 200G,Ceras De Inmersion
80379,GEO-PONTICS PREFORMAS DE CERA 12-22 20PZ,Analogo
80379,GEO-PONTICS PREFORMAS DE CERA 12-22 20PZ,Consumible
80379,GEO-PONTICS PREFORMAS DE CERA 12-22 20PZ,Ceras De Modelado
80382,GEO-PONTICS PREFORMAS DE CERA 14-17 20PZ,Analogo
80382,GEO-PONTICS PREFORMAS DE CERA 14-17 20PZ,Consumible
80382,GEO-PONTICS PREFORMAS DE CERA 14-17 20PZ,Preformas De Cera
80376,GEO-PONTICS PREFORMAS DE CERA 24-27,Analogo
80376,GEO-PONTICS PREFORMAS DE CERA 24-27,Consumible
80376,GEO-PONTICS PREFORMAS DE CERA 24-27,Ceras De Modelado
80367,GEO-PONTICS PREFORMAS DE CERA 47-44 20PZ,Analogo
80367,GEO-PONTICS PREFORMAS DE CERA 47-44 20PZ,Consumible
80367,GEO-PONTICS PREFORMAS DE CERA 47-44 20PZ,Ceras De Modelado
4481,GINGISTAR A (AUTOMIX) A-SILICONE FOR THE,Analogo
4481,GINGISTAR A (AUTOMIX) A-SILICONE FOR THE,Siliconas
4481,GINGISTAR A (AUTOMIX) A-SILICONE FOR THE,Consumible
4004,GIROCKO GREY/ 1 X 4KG,Analogo
4004,GIROCKO GREY/ 1 X 4KG,Perforadora De Pines
4004,GIROCKO GREY/ 1 X 4KG,Accesorio
4001,GIRODUR BLANCO,Analogo
4001,GIRODUR BLANCO,Perforadora De Pines
4001,GIRODUR BLANCO,Consumible
3977,"GIROFORM CLASSIC L, 100 PCS.",Consumible
3977,"GIROFORM CLASSIC L, 100 PCS.",Analogo
3977,"GIROFORM CLASSIC L, 100 PCS.",Perforadora De Pines
3569,GIROFORM IMPRESSION CARRIER,Analogo
3569,GIROFORM IMPRESSION CARRIER,Perforadora De Pines
3569,GIROFORM IMPRESSION CARRIER,Accesorio
3959,"GIROFORM PINS, 1000 PCS.",Consumible
3959,"GIROFORM PINS, 1000 PCS.",Analogo
3959,"GIROFORM PINS, 1000 PCS.",Perforadora De Pines
3962,"GIROFORM PINS, 10000 PCS.",Analogo
3962,"GIROFORM PINS, 10000 PCS.",Perforadora De Pines
3962,"GIROFORM PINS, 10000 PCS.",Consumible
3980,"GIROFORM SEC. PLATE L, 50 PCS. W. MAG.",Analogo
3980,"GIROFORM SEC. PLATE L, 50 PCS. W. MAG.",Perforadora De Pines
3980,"GIROFORM SEC. PLATE L, 50 PCS. W. MAG.",Consumible
3563,GIROFORM TUNGSTEN CARBIDE BURR,Analogo
3563,GIROFORM TUNGSTEN CARBIDE BURR,Perforadora De Pines
3563,GIROFORM TUNGSTEN CARBIDE BURR,Refaccion
3998,"GIROSTONE PASTELL, 20KG",Analogo
3998,"GIROSTONE PASTELL, 20KG",Perforadora De Pines
3998,"GIROSTONE PASTELL, 20KG",Consumible
140803,GRIP SLEEVE REPLACMENT (Q BASIC),Analogo
140803,GRIP SLEEVE REPLACMENT (Q BASIC),Refaccion
140803,GRIP SLEEVE REPLACMENT (Q BASIC),Micromotores
99143,GS PRESSURE SPRING,Digital
99143,GS PRESSURE SPRING,Refaccion
6944,GUÍA CORTE INTERFASE N0 H 3.5 MM,Aditamentos Para Implantes
6944,GUÍA CORTE INTERFASE N0 H 3.5 MM,Consumible
6944,GUÍA CORTE INTERFASE N0 H 3.5 MM,Analogo
6947,GUÍA CORTE INTERFASE N0 H 5.0 MM,Aditamentos Para Implantes
6947,GUÍA CORTE INTERFASE N0 H 5.0 MM,Consumible
6947,GUÍA CORTE INTERFASE N0 H 5.0 MM,Analogo
6950,GUÍA CORTE INTERFASE N0 H 6.5 MM,Aditamentos Para Implantes
6950,GUÍA CORTE INTERFASE N0 H 6.5 MM,Consumible
6950,GUÍA CORTE INTERFASE N0 H 6.5 MM,Analogo
6953,GUÍA CORTE INTERFASE R0 H 3.5 MM,Aditamentos Para Implantes
6953,GUÍA CORTE INTERFASE R0 H 3.5 MM,Consumible
6953,GUÍA CORTE INTERFASE R0 H 3.5 MM,Analogo
6956,GUÍA CORTE INTERFASE R0 H 5.0 MM,Aditamentos Para Implantes
6956,GUÍA CORTE INTERFASE R0 H 5.0 MM,Consumible
6956,GUÍA CORTE INTERFASE R0 H 5.0 MM,Analogo
6959,GUÍA CORTE INTERFASE R0 H 6.5 MM,Aditamentos Para Implantes
6959,GUÍA CORTE INTERFASE R0 H 6.5 MM,Consumible
6959,GUÍA CORTE INTERFASE R0 H 6.5 MM,Analogo
6962,GUÍA CORTE INTERFASE W0 H 3.5 MM,Aditamentos Para Implantes
6962,GUÍA CORTE INTERFASE W0 H 3.5 MM,Consumible
6962,GUÍA CORTE INTERFASE W0 H 3.5 MM,Analogo
6965,GUÍA CORTE INTERFASE W0 H 5.0 MM,Aditamentos Para Implantes
6965,GUÍA CORTE INTERFASE W0 H 5.0 MM,Consumible
6965,GUÍA CORTE INTERFASE W0 H 5.0 MM,Analogo
6968,GUÍA CORTE INTERFASE W0 H 6.5 MM,Aditamentos Para Implantes
6968,GUÍA CORTE INTERFASE W0 H 6.5 MM,Consumible
6968,GUÍA CORTE INTERFASE W0 H 6.5 MM,Analogo
99643,GUIA INCISAL CON AGUJA DE INCISIÓN,Consumible
99643,GUIA INCISAL CON AGUJA DE INCISIÓN,Digital
305248,HANDPIECE AXLE CPL,Refaccion
3473,HANDPIECE WITH CABLE(Q BASIC),Analogo
3473,HANDPIECE WITH CABLE(Q BASIC),Micromotores
3473,HANDPIECE WITH CABLE(Q BASIC),Refaccion
100833,HDMI CABLE,Digital
100833,HDMI CABLE,Impresoras 3d
100833,HDMI CABLE,Refaccion
121251,HEATING ELEMENT FOR VITA ZYRCOMAT,Hornos
121251,HEATING ELEMENT FOR VITA ZYRCOMAT,Refaccion
121251,HEATING ELEMENT FOR VITA ZYRCOMAT,Analogo
121251,HEATING ELEMENT FOR VITA ZYRCOMAT,Hornos De Sinterizado
92561,HEATING MUFFLE 11 OHM 115V,Analogo
92561,HEATING MUFFLE 11 OHM 115V,Hornos
92561,HEATING MUFFLE 11 OHM 115V,Refaccion
93486,"HEATING MUFFLE, LARGE KIT",Analogo
93486,"HEATING MUFFLE, LARGE KIT",Hornos
93486,"HEATING MUFFLE, LARGE KIT",Refaccion
98939,HEIZKÖRPER MIT SCHRAUBEN SET 664 (BIS NR K004),Servicios
98939,HEIZKÖRPER MIT SCHRAUBEN SET 664 (BIS NR K004),Analogo
98027,"HEPA FILTER, JETSTREAM",Analogo
98027,"HEPA FILTER, JETSTREAM",Filtros
98027,"HEPA FILTER, JETSTREAM",Consumible
121269,HEXAGON SREW M6X20 DIN 933,Accesorio
121269,HEXAGON SREW M6X20 DIN 933,Analogo
110938,HIGH-TEMPERATURE FIRING TRAY,Analogo
110938,HIGH-TEMPERATURE FIRING TRAY,Naves De Coccion
110938,HIGH-TEMPERATURE FIRING TRAY,Consumible
80712,HOJA LANCEOLADA PARA WAXLECTRIC,Analogo
80712,HOJA LANCEOLADA PARA WAXLECTRIC,Consumible
122837,HOLDER FOR HEATING ELEMENT (DOUBBLE),Refaccion
122837,HOLDER FOR HEATING ELEMENT (DOUBBLE),Analogo
85208,HOLDING PIN SET,Analogo
85208,HOLDING PIN SET,Pines
85208,HOLDING PIN SET,Consumible
86280,HORNO 6000MP 110V,Analogo
86280,HORNO 6000MP 110V,Hornos
86280,HORNO 6000MP 110V,Equipo
86280,HORNO 6000MP 110V,Hornos De Prensado
300906,HORNO AUSTROMAT 624,Analogo
300906,HORNO AUSTROMAT 624,Hornos
300906,HORNO AUSTROMAT 624,Hornos De Coccion
94440,HORNO KDF PARA DESCENCERAR 07PL-M100,Analogo
94440,HORNO KDF PARA DESCENCERAR 07PL-M100,Hornos
94440,HORNO KDF PARA DESCENCERAR 07PL-M100,Equipo
94440,HORNO KDF PARA DESCENCERAR 07PL-M100,Hornos De Desencerado
198723,HORNO V60I LINE PLUS 110V,Analogo
198723,HORNO V60I LINE PLUS 110V,Hornos
198723,HORNO V60I LINE PLUS 110V,Equipo
198723,HORNO V60I LINE PLUS 110V,Hornos De Coccion
90218,HORNO ZYRCOMAT 6100 MS,Analogo
90218,HORNO ZYRCOMAT 6100 MS,Hornos
90218,HORNO ZYRCOMAT 6100 MS,Equipo
90218,HORNO ZYRCOMAT 6100 MS,Hornos De Sinterizado
212037,HU TABLILLA ZAHN4ALL ANTERIOR INFERIOR L10 COLOR A1,Analogo
212037,HU TABLILLA ZAHN4ALL ANTERIOR INFERIOR L10 COLOR A1,Consumible
212037,HU TABLILLA ZAHN4ALL ANTERIOR INFERIOR L10 COLOR A1,Dientes
212037,HU TABLILLA ZAHN4ALL ANTERIOR INFERIOR L10 COLOR A1,Anterior Inferior
212153,HU TABLILLA ZAHN4ALL ANTERIOR INFERIOR L10 COLOR A2,Analogo
212153,HU TABLILLA ZAHN4ALL ANTERIOR INFERIOR L10 COLOR A2,Consumible
212153,HU TABLILLA ZAHN4ALL ANTERIOR INFERIOR L10 COLOR A2,Dientes
212153,HU TABLILLA ZAHN4ALL ANTERIOR INFERIOR L10 COLOR A2,Anterior Inferior
212260,HU TABLILLA ZAHN4ALL ANTERIOR INFERIOR L10 COLOR A3,Analogo
212260,HU TABLILLA ZAHN4ALL ANTERIOR INFERIOR L10 COLOR A3,Consumible
212260,HU TABLILLA ZAHN4ALL ANTERIOR INFERIOR L10 COLOR A3,Dientes
212260,HU TABLILLA ZAHN4ALL ANTERIOR INFERIOR L10 COLOR A3,Anterior Inferior
212368,HU TABLILLA ZAHN4ALL ANTERIOR INFERIOR L10 COLOR A3.5,Analogo
212368,HU TABLILLA ZAHN4ALL ANTERIOR INFERIOR L10 COLOR A3.5,Consumible
212368,HU TABLILLA ZAHN4ALL ANTERIOR INFERIOR L10 COLOR A3.5,Dientes
212368,HU TABLILLA ZAHN4ALL ANTERIOR INFERIOR L10 COLOR A3.5,Anterior Inferior
212931,HU TABLILLA ZAHN4ALL ANTERIOR INFERIOR L10 COLOR B2,Analogo
212931,HU TABLILLA ZAHN4ALL ANTERIOR INFERIOR L10 COLOR B2,Consumible
212931,HU TABLILLA ZAHN4ALL ANTERIOR INFERIOR L10 COLOR B2,Dientes
212931,HU TABLILLA ZAHN4ALL ANTERIOR INFERIOR L10 COLOR B2,Anterior Inferior
213019,HU TABLILLA ZAHN4ALL ANTERIOR INFERIOR L10 COLOR B3,Analogo
213019,HU TABLILLA ZAHN4ALL ANTERIOR INFERIOR L10 COLOR B3,Consumible
213019,HU TABLILLA ZAHN4ALL ANTERIOR INFERIOR L10 COLOR B3,Dientes
213019,HU TABLILLA ZAHN4ALL ANTERIOR INFERIOR L10 COLOR B3,Anterior Inferior
212017,HU TABLILLA ZAHN4ALL ANTERIOR INFERIOR L2 COLOR A1,Analogo
212017,HU TABLILLA ZAHN4ALL ANTERIOR INFERIOR L2 COLOR A1,Consumible
212017,HU TABLILLA ZAHN4ALL ANTERIOR INFERIOR L2 COLOR A1,Dientes
212017,HU TABLILLA ZAHN4ALL ANTERIOR INFERIOR L2 COLOR A1,Anterior Inferior
212136,HU TABLILLA ZAHN4ALL ANTERIOR INFERIOR L2 COLOR A2,Analogo
212136,HU TABLILLA ZAHN4ALL ANTERIOR INFERIOR L2 COLOR A2,Consumible
212136,HU TABLILLA ZAHN4ALL ANTERIOR INFERIOR L2 COLOR A2,Dientes
212136,HU TABLILLA ZAHN4ALL ANTERIOR INFERIOR L2 COLOR A2,Anterior Inferior
212238,HU TABLILLA ZAHN4ALL ANTERIOR INFERIOR L2 COLOR A3,Analogo
212238,HU TABLILLA ZAHN4ALL ANTERIOR INFERIOR L2 COLOR A3,Consumible
212238,HU TABLILLA ZAHN4ALL ANTERIOR INFERIOR L2 COLOR A3,Dientes
212238,HU TABLILLA ZAHN4ALL ANTERIOR INFERIOR L2 COLOR A3,Anterior Inferior
212338,HU TABLILLA ZAHN4ALL ANTERIOR INFERIOR L2 COLOR A3.5,Analogo
212338,HU TABLILLA ZAHN4ALL ANTERIOR INFERIOR L2 COLOR A3.5,Consumible
212338,HU TABLILLA ZAHN4ALL ANTERIOR INFERIOR L2 COLOR A3.5,Dientes
212338,HU TABLILLA ZAHN4ALL ANTERIOR INFERIOR L2 COLOR A3.5,Anterior Inferior
212551,HU TABLILLA ZAHN4ALL ANTERIOR INFERIOR L2 COLOR B2,Analogo
212551,HU TABLILLA ZAHN4ALL ANTERIOR INFERIOR L2 COLOR B2,Consumible
212551,HU TABLILLA ZAHN4ALL ANTERIOR INFERIOR L2 COLOR B2,Dientes
212551,HU TABLILLA ZAHN4ALL ANTERIOR INFERIOR L2 COLOR B2,Anterior Inferior
213003,HU TABLILLA ZAHN4ALL ANTERIOR INFERIOR L2 COLOR B3,Analogo
213003,HU TABLILLA ZAHN4ALL ANTERIOR INFERIOR L2 COLOR B3,Consumible
213003,HU TABLILLA ZAHN4ALL ANTERIOR INFERIOR L2 COLOR B3,Dientes
213003,HU TABLILLA ZAHN4ALL ANTERIOR INFERIOR L2 COLOR B3,Anterior Inferior
212024,HU TABLILLA ZAHN4ALL ANTERIOR INFERIOR L4 COLOR A1,Analogo
212024,HU TABLILLA ZAHN4ALL ANTERIOR INFERIOR L4 COLOR A1,Consumible
212024,HU TABLILLA ZAHN4ALL ANTERIOR INFERIOR L4 COLOR A1,Dientes
212024,HU TABLILLA ZAHN4ALL ANTERIOR INFERIOR L4 COLOR A1,Anterior Inferior
212140,HU TABLILLA ZAHN4ALL ANTERIOR INFERIOR L4 COLOR A2,Analogo
212140,HU TABLILLA ZAHN4ALL ANTERIOR INFERIOR L4 COLOR A2,Consumible
212140,HU TABLILLA ZAHN4ALL ANTERIOR INFERIOR L4 COLOR A2,Dientes
212140,HU TABLILLA ZAHN4ALL ANTERIOR INFERIOR L4 COLOR A2,Anterior Inferior
212248,HU TABLILLA ZAHN4ALL ANTERIOR INFERIOR L4 COLOR A3,Analogo
212248,HU TABLILLA ZAHN4ALL ANTERIOR INFERIOR L4 COLOR A3,Consumible
212248,HU TABLILLA ZAHN4ALL ANTERIOR INFERIOR L4 COLOR A3,Dientes
212248,HU TABLILLA ZAHN4ALL ANTERIOR INFERIOR L4 COLOR A3,Anterior Inferior
212344,HU TABLILLA ZAHN4ALL ANTERIOR INFERIOR L4 COLOR A3.5,Analogo
212344,HU TABLILLA ZAHN4ALL ANTERIOR INFERIOR L4 COLOR A3.5,Consumible
212344,HU TABLILLA ZAHN4ALL ANTERIOR INFERIOR L4 COLOR A3.5,Dientes
212344,HU TABLILLA ZAHN4ALL ANTERIOR INFERIOR L4 COLOR A3.5,Anterior Inferior
212555,HU TABLILLA ZAHN4ALL ANTERIOR INFERIOR L4 COLOR B2,Analogo
212555,HU TABLILLA ZAHN4ALL ANTERIOR INFERIOR L4 COLOR B2,Consumible
212555,HU TABLILLA ZAHN4ALL ANTERIOR INFERIOR L4 COLOR B2,Dientes
212555,HU TABLILLA ZAHN4ALL ANTERIOR INFERIOR L4 COLOR B2,Anterior Inferior
213007,HU TABLILLA ZAHN4ALL ANTERIOR INFERIOR L4 COLOR B3,Analogo
213007,HU TABLILLA ZAHN4ALL ANTERIOR INFERIOR L4 COLOR B3,Consumible
213007,HU TABLILLA ZAHN4ALL ANTERIOR INFERIOR L4 COLOR B3,Dientes
213007,HU TABLILLA ZAHN4ALL ANTERIOR INFERIOR L4 COLOR B3,Anterior Inferior
212028,HU TABLILLA ZAHN4ALL ANTERIOR INFERIOR L6 COLOR A1,Analogo
212028,HU TABLILLA ZAHN4ALL ANTERIOR INFERIOR L6 COLOR A1,Consumible
212028,HU TABLILLA ZAHN4ALL ANTERIOR INFERIOR L6 COLOR A1,Dientes
212028,HU TABLILLA ZAHN4ALL ANTERIOR INFERIOR L6 COLOR A1,Anterior Inferior
212144,HU TABLILLA ZAHN4ALL ANTERIOR INFERIOR L6 COLOR A2,Analogo
212144,HU TABLILLA ZAHN4ALL ANTERIOR INFERIOR L6 COLOR A2,Consumible
212144,HU TABLILLA ZAHN4ALL ANTERIOR INFERIOR L6 COLOR A2,Dientes
212144,HU TABLILLA ZAHN4ALL ANTERIOR INFERIOR L6 COLOR A2,Anterior Inferior
212252,HU TABLILLA ZAHN4ALL ANTERIOR INFERIOR L6 COLOR A3,Analogo
212252,HU TABLILLA ZAHN4ALL ANTERIOR INFERIOR L6 COLOR A3,Consumible
212252,HU TABLILLA ZAHN4ALL ANTERIOR INFERIOR L6 COLOR A3,Dientes
212252,HU TABLILLA ZAHN4ALL ANTERIOR INFERIOR L6 COLOR A3,Anterior Inferior
212359,HU TABLILLA ZAHN4ALL ANTERIOR INFERIOR L6 COLOR A3.5,Analogo
212359,HU TABLILLA ZAHN4ALL ANTERIOR INFERIOR L6 COLOR A3.5,Consumible
212359,HU TABLILLA ZAHN4ALL ANTERIOR INFERIOR L6 COLOR A3.5,Dientes
212359,HU TABLILLA ZAHN4ALL ANTERIOR INFERIOR L6 COLOR A3.5,Anterior Inferior
212558,HU TABLILLA ZAHN4ALL ANTERIOR INFERIOR L6 COLOR B2,Analogo
212558,HU TABLILLA ZAHN4ALL ANTERIOR INFERIOR L6 COLOR B2,Consumible
212558,HU TABLILLA ZAHN4ALL ANTERIOR INFERIOR L6 COLOR B2,Dientes
212558,HU TABLILLA ZAHN4ALL ANTERIOR INFERIOR L6 COLOR B2,Anterior Inferior
213011,HU TABLILLA ZAHN4ALL ANTERIOR INFERIOR L6 COLOR B3,Analogo
213011,HU TABLILLA ZAHN4ALL ANTERIOR INFERIOR L6 COLOR B3,Consumible
213011,HU TABLILLA ZAHN4ALL ANTERIOR INFERIOR L6 COLOR B3,Dientes
213011,HU TABLILLA ZAHN4ALL ANTERIOR INFERIOR L6 COLOR B3,Anterior Inferior
212032,HU TABLILLA ZAHN4ALL ANTERIOR INFERIOR L8 COLOR A1,Analogo
212032,HU TABLILLA ZAHN4ALL ANTERIOR INFERIOR L8 COLOR A1,Consumible
212032,HU TABLILLA ZAHN4ALL ANTERIOR INFERIOR L8 COLOR A1,Dientes
212032,HU TABLILLA ZAHN4ALL ANTERIOR INFERIOR L8 COLOR A1,Anterior Inferior
212149,HU TABLILLA ZAHN4ALL ANTERIOR INFERIOR L8 COLOR A2,Analogo
212149,HU TABLILLA ZAHN4ALL ANTERIOR INFERIOR L8 COLOR A2,Consumible
212149,HU TABLILLA ZAHN4ALL ANTERIOR INFERIOR L8 COLOR A2,Dientes
212149,HU TABLILLA ZAHN4ALL ANTERIOR INFERIOR L8 COLOR A2,Anterior Inferior
212256,HU TABLILLA ZAHN4ALL ANTERIOR INFERIOR L8 COLOR A3,Analogo
212256,HU TABLILLA ZAHN4ALL ANTERIOR INFERIOR L8 COLOR A3,Consumible
212256,HU TABLILLA ZAHN4ALL ANTERIOR INFERIOR L8 COLOR A3,Dientes
212256,HU TABLILLA ZAHN4ALL ANTERIOR INFERIOR L8 COLOR A3,Anterior Inferior
212364,HU TABLILLA ZAHN4ALL ANTERIOR INFERIOR L8 COLOR A3.5,Analogo
212364,HU TABLILLA ZAHN4ALL ANTERIOR INFERIOR L8 COLOR A3.5,Consumible
212364,HU TABLILLA ZAHN4ALL ANTERIOR INFERIOR L8 COLOR A3.5,Dientes
212364,HU TABLILLA ZAHN4ALL ANTERIOR INFERIOR L8 COLOR A3.5,Anterior Inferior
212927,HU TABLILLA ZAHN4ALL ANTERIOR INFERIOR L8 COLOR B2,Analogo
212927,HU TABLILLA ZAHN4ALL ANTERIOR INFERIOR L8 COLOR B2,Consumible
212927,HU TABLILLA ZAHN4ALL ANTERIOR INFERIOR L8 COLOR B2,Dientes
212927,HU TABLILLA ZAHN4ALL ANTERIOR INFERIOR L8 COLOR B2,Anterior Inferior
213015,HU TABLILLA ZAHN4ALL ANTERIOR INFERIOR L8 COLOR B3,Analogo
213015,HU TABLILLA ZAHN4ALL ANTERIOR INFERIOR L8 COLOR B3,Consumible
213015,HU TABLILLA ZAHN4ALL ANTERIOR INFERIOR L8 COLOR B3,Dientes
213015,HU TABLILLA ZAHN4ALL ANTERIOR INFERIOR L8 COLOR B3,Anterior Inferior
212191,HU TABLILLA ZAHN4ALL ANTERIOR INFERIOR S2 COLOR A3,Analogo
212191,HU TABLILLA ZAHN4ALL ANTERIOR INFERIOR S2 COLOR A3,Consumible
212191,HU TABLILLA ZAHN4ALL ANTERIOR INFERIOR S2 COLOR A3,Dientes
212191,HU TABLILLA ZAHN4ALL ANTERIOR INFERIOR S2 COLOR A3,Anterior Inferior
212334,HU TABLILLA ZAHN4ALL ANTERIOR INFERIOR T10 COLOR A3.5,Analogo
212334,HU TABLILLA ZAHN4ALL ANTERIOR INFERIOR T10 COLOR A3.5,Consumible
212334,HU TABLILLA ZAHN4ALL ANTERIOR INFERIOR T10 COLOR A3.5,Dientes
212334,HU TABLILLA ZAHN4ALL ANTERIOR INFERIOR T10 COLOR A3.5,Anterior Inferior
211967,HU TABLILLA ZAHN4ALL ANTERIOR SUPERIOR S2 COLOR A1,Analogo
211967,HU TABLILLA ZAHN4ALL ANTERIOR SUPERIOR S2 COLOR A1,Consumible
211967,HU TABLILLA ZAHN4ALL ANTERIOR SUPERIOR S2 COLOR A1,Dientes
211967,HU TABLILLA ZAHN4ALL ANTERIOR SUPERIOR S2 COLOR A1,Anterior Superior
212079,HU TABLILLA ZAHN4ALL ANTERIOR SUPERIOR S2 COLOR A2,Analogo
212079,HU TABLILLA ZAHN4ALL ANTERIOR SUPERIOR S2 COLOR A2,Consumible
212079,HU TABLILLA ZAHN4ALL ANTERIOR SUPERIOR S2 COLOR A2,Dientes
212079,HU TABLILLA ZAHN4ALL ANTERIOR SUPERIOR S2 COLOR A2,Anterior Superior
212299,HU TABLILLA ZAHN4ALL ANTERIOR SUPERIOR S2 COLOR A3.5,Analogo
212299,HU TABLILLA ZAHN4ALL ANTERIOR SUPERIOR S2 COLOR A3.5,Consumible
212299,HU TABLILLA ZAHN4ALL ANTERIOR SUPERIOR S2 COLOR A3.5,Dientes
212299,HU TABLILLA ZAHN4ALL ANTERIOR SUPERIOR S2 COLOR A3.5,Anterior Superior
212418,HU TABLILLA ZAHN4ALL ANTERIOR SUPERIOR S2 COLOR B2,Analogo
212418,HU TABLILLA ZAHN4ALL ANTERIOR SUPERIOR S2 COLOR B2,Consumible
212418,HU TABLILLA ZAHN4ALL ANTERIOR SUPERIOR S2 COLOR B2,Dientes
212418,HU TABLILLA ZAHN4ALL ANTERIOR SUPERIOR S2 COLOR B2,Anterior Superior
212967,HU TABLILLA ZAHN4ALL ANTERIOR SUPERIOR S2 COLOR B3,Analogo
212967,HU TABLILLA ZAHN4ALL ANTERIOR SUPERIOR S2 COLOR B3,Consumible
212967,HU TABLILLA ZAHN4ALL ANTERIOR SUPERIOR S2 COLOR B3,Dientes
212967,HU TABLILLA ZAHN4ALL ANTERIOR SUPERIOR S2 COLOR B3,Anterior Superior
211984,HU TABLILLA ZAHN4ALL ANTERIOR SUPERIOR S4 COLOR A1,Analogo
211984,HU TABLILLA ZAHN4ALL ANTERIOR SUPERIOR S4 COLOR A1,Consumible
211984,HU TABLILLA ZAHN4ALL ANTERIOR SUPERIOR S4 COLOR A1,Dientes
211984,HU TABLILLA ZAHN4ALL ANTERIOR SUPERIOR S4 COLOR A1,Anterior Superior
212083,HU TABLILLA ZAHN4ALL ANTERIOR SUPERIOR S4 COLOR A2,Analogo
212083,HU TABLILLA ZAHN4ALL ANTERIOR SUPERIOR S4 COLOR A2,Consumible
212083,HU TABLILLA ZAHN4ALL ANTERIOR SUPERIOR S4 COLOR A2,Dientes
212083,HU TABLILLA ZAHN4ALL ANTERIOR SUPERIOR S4 COLOR A2,Anterior Superior
212195,HU TABLILLA ZAHN4ALL ANTERIOR SUPERIOR S4 COLOR A3,Analogo
212195,HU TABLILLA ZAHN4ALL ANTERIOR SUPERIOR S4 COLOR A3,Consumible
212195,HU TABLILLA ZAHN4ALL ANTERIOR SUPERIOR S4 COLOR A3,Dientes
212195,HU TABLILLA ZAHN4ALL ANTERIOR SUPERIOR S4 COLOR A3,Anterior Superior
212304,HU TABLILLA ZAHN4ALL ANTERIOR SUPERIOR S4 COLOR A3.5,Analogo
212304,HU TABLILLA ZAHN4ALL ANTERIOR SUPERIOR S4 COLOR A3.5,Consumible
212304,HU TABLILLA ZAHN4ALL ANTERIOR SUPERIOR S4 COLOR A3.5,Dientes
212304,HU TABLILLA ZAHN4ALL ANTERIOR SUPERIOR S4 COLOR A3.5,Anterior Superior
212514,HU TABLILLA ZAHN4ALL ANTERIOR SUPERIOR S4 COLOR B2,Analogo
212514,HU TABLILLA ZAHN4ALL ANTERIOR SUPERIOR S4 COLOR B2,Consumible
212514,HU TABLILLA ZAHN4ALL ANTERIOR SUPERIOR S4 COLOR B2,Dientes
212514,HU TABLILLA ZAHN4ALL ANTERIOR SUPERIOR S4 COLOR B2,Anterior Superior
212971,HU TABLILLA ZAHN4ALL ANTERIOR SUPERIOR S4 COLOR B3,Analogo
212971,HU TABLILLA ZAHN4ALL ANTERIOR SUPERIOR S4 COLOR B3,Consumible
212971,HU TABLILLA ZAHN4ALL ANTERIOR SUPERIOR S4 COLOR B3,Dientes
212971,HU TABLILLA ZAHN4ALL ANTERIOR SUPERIOR S4 COLOR B3,Anterior Superior
211989,HU TABLILLA ZAHN4ALL ANTERIOR SUPERIOR S6 COLOR A1,Analogo
211989,HU TABLILLA ZAHN4ALL ANTERIOR SUPERIOR S6 COLOR A1,Consumible
211989,HU TABLILLA ZAHN4ALL ANTERIOR SUPERIOR S6 COLOR A1,Dientes
211989,HU TABLILLA ZAHN4ALL ANTERIOR SUPERIOR S6 COLOR A1,Anterior Superior
212087,HU TABLILLA ZAHN4ALL ANTERIOR SUPERIOR S6 COLOR A2,Analogo
212087,HU TABLILLA ZAHN4ALL ANTERIOR SUPERIOR S6 COLOR A2,Consumible
212087,HU TABLILLA ZAHN4ALL ANTERIOR SUPERIOR S6 COLOR A2,Dientes
212087,HU TABLILLA ZAHN4ALL ANTERIOR SUPERIOR S6 COLOR A2,Anterior Superior
212202,HU TABLILLA ZAHN4ALL ANTERIOR SUPERIOR S6 COLOR A3,Analogo
212202,HU TABLILLA ZAHN4ALL ANTERIOR SUPERIOR S6 COLOR A3,Consumible
212202,HU TABLILLA ZAHN4ALL ANTERIOR SUPERIOR S6 COLOR A3,Dientes
212202,HU TABLILLA ZAHN4ALL ANTERIOR SUPERIOR S6 COLOR A3,Anterior Superior
212308,HU TABLILLA ZAHN4ALL ANTERIOR SUPERIOR S6 COLOR A3.5,Analogo
212308,HU TABLILLA ZAHN4ALL ANTERIOR SUPERIOR S6 COLOR A3.5,Consumible
212308,HU TABLILLA ZAHN4ALL ANTERIOR SUPERIOR S6 COLOR A3.5,Dientes
212308,HU TABLILLA ZAHN4ALL ANTERIOR SUPERIOR S6 COLOR A3.5,Anterior Superior
212519,HU TABLILLA ZAHN4ALL ANTERIOR SUPERIOR S6 COLOR B2,Analogo
212519,HU TABLILLA ZAHN4ALL ANTERIOR SUPERIOR S6 COLOR B2,Consumible
212519,HU TABLILLA ZAHN4ALL ANTERIOR SUPERIOR S6 COLOR B2,Dientes
212519,HU TABLILLA ZAHN4ALL ANTERIOR SUPERIOR S6 COLOR B2,Anterior Superior
212975,HU TABLILLA ZAHN4ALL ANTERIOR SUPERIOR S6 COLOR B3,Analogo
212975,HU TABLILLA ZAHN4ALL ANTERIOR SUPERIOR S6 COLOR B3,Consumible
212975,HU TABLILLA ZAHN4ALL ANTERIOR SUPERIOR S6 COLOR B3,Dientes
212975,HU TABLILLA ZAHN4ALL ANTERIOR SUPERIOR S6 COLOR B3,Anterior Superior
211993,HU TABLILLA ZAHN4ALL ANTERIOR SUPERIOR S8 COLOR A1,Analogo
211993,HU TABLILLA ZAHN4ALL ANTERIOR SUPERIOR S8 COLOR A1,Consumible
211993,HU TABLILLA ZAHN4ALL ANTERIOR SUPERIOR S8 COLOR A1,Dientes
211993,HU TABLILLA ZAHN4ALL ANTERIOR SUPERIOR S8 COLOR A1,Anterior Superior
212111,HU TABLILLA ZAHN4ALL ANTERIOR SUPERIOR S8 COLOR A2,Analogo
212111,HU TABLILLA ZAHN4ALL ANTERIOR SUPERIOR S8 COLOR A2,Consumible
212111,HU TABLILLA ZAHN4ALL ANTERIOR SUPERIOR S8 COLOR A2,Dientes
212111,HU TABLILLA ZAHN4ALL ANTERIOR SUPERIOR S8 COLOR A2,Anterior Superior
212206,HU TABLILLA ZAHN4ALL ANTERIOR SUPERIOR S8 COLOR A3,Analogo
212206,HU TABLILLA ZAHN4ALL ANTERIOR SUPERIOR S8 COLOR A3,Consumible
212206,HU TABLILLA ZAHN4ALL ANTERIOR SUPERIOR S8 COLOR A3,Dientes
212206,HU TABLILLA ZAHN4ALL ANTERIOR SUPERIOR S8 COLOR A3,Anterior Superior
212312,HU TABLILLA ZAHN4ALL ANTERIOR SUPERIOR S8 COLOR A3.5,Analogo
212312,HU TABLILLA ZAHN4ALL ANTERIOR SUPERIOR S8 COLOR A3.5,Consumible
212312,HU TABLILLA ZAHN4ALL ANTERIOR SUPERIOR S8 COLOR A3.5,Dientes
212312,HU TABLILLA ZAHN4ALL ANTERIOR SUPERIOR S8 COLOR A3.5,Anterior Superior
212525,HU TABLILLA ZAHN4ALL ANTERIOR SUPERIOR S8 COLOR B2,Analogo
212525,HU TABLILLA ZAHN4ALL ANTERIOR SUPERIOR S8 COLOR B2,Consumible
212525,HU TABLILLA ZAHN4ALL ANTERIOR SUPERIOR S8 COLOR B2,Dientes
212525,HU TABLILLA ZAHN4ALL ANTERIOR SUPERIOR S8 COLOR B2,Anterior Superior
212979,HU TABLILLA ZAHN4ALL ANTERIOR SUPERIOR S8 COLOR B3,Analogo
212979,HU TABLILLA ZAHN4ALL ANTERIOR SUPERIOR S8 COLOR B3,Consumible
212979,HU TABLILLA ZAHN4ALL ANTERIOR SUPERIOR S8 COLOR B3,Dientes
212979,HU TABLILLA ZAHN4ALL ANTERIOR SUPERIOR S8 COLOR B3,Anterior Superior
212013,HU TABLILLA ZAHN4ALL ANTERIOR SUPERIOR T10 COLOR A1,Analogo
212013,HU TABLILLA ZAHN4ALL ANTERIOR SUPERIOR T10 COLOR A1,Consumible
212013,HU TABLILLA ZAHN4ALL ANTERIOR SUPERIOR T10 COLOR A1,Dientes
212013,HU TABLILLA ZAHN4ALL ANTERIOR SUPERIOR T10 COLOR A1,Anterior Superior
212132,HU TABLILLA ZAHN4ALL ANTERIOR SUPERIOR T10 COLOR A2,Analogo
212132,HU TABLILLA ZAHN4ALL ANTERIOR SUPERIOR T10 COLOR A2,Consumible
212132,HU TABLILLA ZAHN4ALL ANTERIOR SUPERIOR T10 COLOR A2,Dientes
212132,HU TABLILLA ZAHN4ALL ANTERIOR SUPERIOR T10 COLOR A2,Anterior Superior
212234,HU TABLILLA ZAHN4ALL ANTERIOR SUPERIOR T10 COLOR A3,Analogo
212234,HU TABLILLA ZAHN4ALL ANTERIOR SUPERIOR T10 COLOR A3,Consumible
212234,HU TABLILLA ZAHN4ALL ANTERIOR SUPERIOR T10 COLOR A3,Dientes
212234,HU TABLILLA ZAHN4ALL ANTERIOR SUPERIOR T10 COLOR A3,Anterior Superior
212547,HU TABLILLA ZAHN4ALL ANTERIOR SUPERIOR T10 COLOR B2,Analogo
212547,HU TABLILLA ZAHN4ALL ANTERIOR SUPERIOR T10 COLOR B2,Consumible
212547,HU TABLILLA ZAHN4ALL ANTERIOR SUPERIOR T10 COLOR B2,Dientes
212547,HU TABLILLA ZAHN4ALL ANTERIOR SUPERIOR T10 COLOR B2,Anterior Superior
212999,HU TABLILLA ZAHN4ALL ANTERIOR SUPERIOR T10 COLOR B3,Analogo
212999,HU TABLILLA ZAHN4ALL ANTERIOR SUPERIOR T10 COLOR B3,Consumible
212999,HU TABLILLA ZAHN4ALL ANTERIOR SUPERIOR T10 COLOR B3,Dientes
212999,HU TABLILLA ZAHN4ALL ANTERIOR SUPERIOR T10 COLOR B3,Anterior Superior
211997,HU TABLILLA ZAHN4ALL ANTERIOR SUPERIOR T2 COLOR A1,Analogo
211997,HU TABLILLA ZAHN4ALL ANTERIOR SUPERIOR T2 COLOR A1,Consumible
211997,HU TABLILLA ZAHN4ALL ANTERIOR SUPERIOR T2 COLOR A1,Dientes
211997,HU TABLILLA ZAHN4ALL ANTERIOR SUPERIOR T2 COLOR A1,Anterior Superior
212115,HU TABLILLA ZAHN4ALL ANTERIOR SUPERIOR T2 COLOR A2,Analogo
212115,HU TABLILLA ZAHN4ALL ANTERIOR SUPERIOR T2 COLOR A2,Consumible
212115,HU TABLILLA ZAHN4ALL ANTERIOR SUPERIOR T2 COLOR A2,Dientes
212115,HU TABLILLA ZAHN4ALL ANTERIOR SUPERIOR T2 COLOR A2,Anterior Superior
212212,HU TABLILLA ZAHN4ALL ANTERIOR SUPERIOR T2 COLOR A3,Analogo
212212,HU TABLILLA ZAHN4ALL ANTERIOR SUPERIOR T2 COLOR A3,Consumible
212212,HU TABLILLA ZAHN4ALL ANTERIOR SUPERIOR T2 COLOR A3,Dientes
212212,HU TABLILLA ZAHN4ALL ANTERIOR SUPERIOR T2 COLOR A3,Anterior Superior
212316,HU TABLILLA ZAHN4ALL ANTERIOR SUPERIOR T2 COLOR A3.5,Analogo
212316,HU TABLILLA ZAHN4ALL ANTERIOR SUPERIOR T2 COLOR A3.5,Consumible
212316,HU TABLILLA ZAHN4ALL ANTERIOR SUPERIOR T2 COLOR A3.5,Dientes
212316,HU TABLILLA ZAHN4ALL ANTERIOR SUPERIOR T2 COLOR A3.5,Anterior Superior
212531,HU TABLILLA ZAHN4ALL ANTERIOR SUPERIOR T2 COLOR B2,Analogo
212531,HU TABLILLA ZAHN4ALL ANTERIOR SUPERIOR T2 COLOR B2,Consumible
212531,HU TABLILLA ZAHN4ALL ANTERIOR SUPERIOR T2 COLOR B2,Dientes
212531,HU TABLILLA ZAHN4ALL ANTERIOR SUPERIOR T2 COLOR B2,Anterior Superior
212983,HU TABLILLA ZAHN4ALL ANTERIOR SUPERIOR T2 COLOR B3,Analogo
212983,HU TABLILLA ZAHN4ALL ANTERIOR SUPERIOR T2 COLOR B3,Consumible
212983,HU TABLILLA ZAHN4ALL ANTERIOR SUPERIOR T2 COLOR B3,Dientes
212983,HU TABLILLA ZAHN4ALL ANTERIOR SUPERIOR T2 COLOR B3,Anterior Superior
212001,HU TABLILLA ZAHN4ALL ANTERIOR SUPERIOR T4 COLOR A1,Analogo
212001,HU TABLILLA ZAHN4ALL ANTERIOR SUPERIOR T4 COLOR A1,Consumible
212001,HU TABLILLA ZAHN4ALL ANTERIOR SUPERIOR T4 COLOR A1,Dientes
212001,HU TABLILLA ZAHN4ALL ANTERIOR SUPERIOR T4 COLOR A1,Anterior Superior
212120,HU TABLILLA ZAHN4ALL ANTERIOR SUPERIOR T4 COLOR A2,Analogo
212120,HU TABLILLA ZAHN4ALL ANTERIOR SUPERIOR T4 COLOR A2,Consumible
212120,HU TABLILLA ZAHN4ALL ANTERIOR SUPERIOR T4 COLOR A2,Dientes
212120,HU TABLILLA ZAHN4ALL ANTERIOR SUPERIOR T4 COLOR A2,Anterior Superior
212220,HU TABLILLA ZAHN4ALL ANTERIOR SUPERIOR T4 COLOR A3,Analogo
212220,HU TABLILLA ZAHN4ALL ANTERIOR SUPERIOR T4 COLOR A3,Consumible
212220,HU TABLILLA ZAHN4ALL ANTERIOR SUPERIOR T4 COLOR A3,Dientes
212220,HU TABLILLA ZAHN4ALL ANTERIOR SUPERIOR T4 COLOR A3,Anterior Superior
212320,HU TABLILLA ZAHN4ALL ANTERIOR SUPERIOR T4 COLOR A3.5,Analogo
212320,HU TABLILLA ZAHN4ALL ANTERIOR SUPERIOR T4 COLOR A3.5,Consumible
212320,HU TABLILLA ZAHN4ALL ANTERIOR SUPERIOR T4 COLOR A3.5,Dientes
212320,HU TABLILLA ZAHN4ALL ANTERIOR SUPERIOR T4 COLOR A3.5,Anterior Superior
212535,HU TABLILLA ZAHN4ALL ANTERIOR SUPERIOR T4 COLOR B2,Analogo
212535,HU TABLILLA ZAHN4ALL ANTERIOR SUPERIOR T4 COLOR B2,Consumible
212535,HU TABLILLA ZAHN4ALL ANTERIOR SUPERIOR T4 COLOR B2,Dientes
212535,HU TABLILLA ZAHN4ALL ANTERIOR SUPERIOR T4 COLOR B2,Anterior Superior
212987,HU TABLILLA ZAHN4ALL ANTERIOR SUPERIOR T4 COLOR B3,Analogo
212987,HU TABLILLA ZAHN4ALL ANTERIOR SUPERIOR T4 COLOR B3,Consumible
212987,HU TABLILLA ZAHN4ALL ANTERIOR SUPERIOR T4 COLOR B3,Dientes
212987,HU TABLILLA ZAHN4ALL ANTERIOR SUPERIOR T4 COLOR B3,Anterior Superior
212005,HU TABLILLA ZAHN4ALL ANTERIOR SUPERIOR T6 COLOR A1,Analogo
212005,HU TABLILLA ZAHN4ALL ANTERIOR SUPERIOR T6 COLOR A1,Consumible
212005,HU TABLILLA ZAHN4ALL ANTERIOR SUPERIOR T6 COLOR A1,Dientes
212005,HU TABLILLA ZAHN4ALL ANTERIOR SUPERIOR T6 COLOR A1,Anterior Superior
212124,HU TABLILLA ZAHN4ALL ANTERIOR SUPERIOR T6 COLOR A2,Analogo
212124,HU TABLILLA ZAHN4ALL ANTERIOR SUPERIOR T6 COLOR A2,Consumible
212124,HU TABLILLA ZAHN4ALL ANTERIOR SUPERIOR T6 COLOR A2,Dientes
212124,HU TABLILLA ZAHN4ALL ANTERIOR SUPERIOR T6 COLOR A2,Anterior Superior
212225,HU TABLILLA ZAHN4ALL ANTERIOR SUPERIOR T6 COLOR A3,Analogo
212225,HU TABLILLA ZAHN4ALL ANTERIOR SUPERIOR T6 COLOR A3,Consumible
212225,HU TABLILLA ZAHN4ALL ANTERIOR SUPERIOR T6 COLOR A3,Dientes
212225,HU TABLILLA ZAHN4ALL ANTERIOR SUPERIOR T6 COLOR A3,Anterior Superior
212324,HU TABLILLA ZAHN4ALL ANTERIOR SUPERIOR T6 COLOR A3.5,Analogo
212324,HU TABLILLA ZAHN4ALL ANTERIOR SUPERIOR T6 COLOR A3.5,Consumible
212324,HU TABLILLA ZAHN4ALL ANTERIOR SUPERIOR T6 COLOR A3.5,Dientes
212324,HU TABLILLA ZAHN4ALL ANTERIOR SUPERIOR T6 COLOR A3.5,Anterior Superior
212539,HU TABLILLA ZAHN4ALL ANTERIOR SUPERIOR T6 COLOR B2,Analogo
212539,HU TABLILLA ZAHN4ALL ANTERIOR SUPERIOR T6 COLOR B2,Consumible
212539,HU TABLILLA ZAHN4ALL ANTERIOR SUPERIOR T6 COLOR B2,Dientes
212539,HU TABLILLA ZAHN4ALL ANTERIOR SUPERIOR T6 COLOR B2,Anterior Superior
212991,HU TABLILLA ZAHN4ALL ANTERIOR SUPERIOR T6 COLOR B3,Analogo
212991,HU TABLILLA ZAHN4ALL ANTERIOR SUPERIOR T6 COLOR B3,Consumible
212991,HU TABLILLA ZAHN4ALL ANTERIOR SUPERIOR T6 COLOR B3,Dientes
212991,HU TABLILLA ZAHN4ALL ANTERIOR SUPERIOR T6 COLOR B3,Anterior Superior
212009,HU TABLILLA ZAHN4ALL ANTERIOR SUPERIOR T8 COLOR A1,Analogo
212009,HU TABLILLA ZAHN4ALL ANTERIOR SUPERIOR T8 COLOR A1,Consumible
212009,HU TABLILLA ZAHN4ALL ANTERIOR SUPERIOR T8 COLOR A1,Dientes
212009,HU TABLILLA ZAHN4ALL ANTERIOR SUPERIOR T8 COLOR A1,Anterior Superior
212128,HU TABLILLA ZAHN4ALL ANTERIOR SUPERIOR T8 COLOR A2,Analogo
212128,HU TABLILLA ZAHN4ALL ANTERIOR SUPERIOR T8 COLOR A2,Consumible
212128,HU TABLILLA ZAHN4ALL ANTERIOR SUPERIOR T8 COLOR A2,Dientes
212128,HU TABLILLA ZAHN4ALL ANTERIOR SUPERIOR T8 COLOR A2,Anterior Superior
212230,HU TABLILLA ZAHN4ALL ANTERIOR SUPERIOR T8 COLOR A3,Analogo
212230,HU TABLILLA ZAHN4ALL ANTERIOR SUPERIOR T8 COLOR A3,Consumible
212230,HU TABLILLA ZAHN4ALL ANTERIOR SUPERIOR T8 COLOR A3,Dientes
212230,HU TABLILLA ZAHN4ALL ANTERIOR SUPERIOR T8 COLOR A3,Anterior Superior
212328,HU TABLILLA ZAHN4ALL ANTERIOR SUPERIOR T8 COLOR A3.5,Analogo
212328,HU TABLILLA ZAHN4ALL ANTERIOR SUPERIOR T8 COLOR A3.5,Consumible
212328,HU TABLILLA ZAHN4ALL ANTERIOR SUPERIOR T8 COLOR A3.5,Dientes
212328,HU TABLILLA ZAHN4ALL ANTERIOR SUPERIOR T8 COLOR A3.5,Anterior Superior
212543,HU TABLILLA ZAHN4ALL ANTERIOR SUPERIOR T8 COLOR B2,Analogo
212543,HU TABLILLA ZAHN4ALL ANTERIOR SUPERIOR T8 COLOR B2,Consumible
212543,HU TABLILLA ZAHN4ALL ANTERIOR SUPERIOR T8 COLOR B2,Dientes
212543,HU TABLILLA ZAHN4ALL ANTERIOR SUPERIOR T8 COLOR B2,Anterior Superior
212995,HU TABLILLA ZAHN4ALL ANTERIOR SUPERIOR T8 COLOR B3,Analogo
212995,HU TABLILLA ZAHN4ALL ANTERIOR SUPERIOR T8 COLOR B3,Consumible
212995,HU TABLILLA ZAHN4ALL ANTERIOR SUPERIOR T8 COLOR B3,Dientes
212995,HU TABLILLA ZAHN4ALL ANTERIOR SUPERIOR T8 COLOR B3,Anterior Superior
212045,HU TABLILLA ZAHN4ALL POSTERIOR INFERIOR 30 COLOR A1,Analogo
212045,HU TABLILLA ZAHN4ALL POSTERIOR INFERIOR 30 COLOR A1,Consumible
212045,HU TABLILLA ZAHN4ALL POSTERIOR INFERIOR 30 COLOR A1,Dientes
212045,HU TABLILLA ZAHN4ALL POSTERIOR INFERIOR 30 COLOR A1,Posterior Inferior
212161,HU TABLILLA ZAHN4ALL POSTERIOR INFERIOR 30 COLOR A2,Analogo
212161,HU TABLILLA ZAHN4ALL POSTERIOR INFERIOR 30 COLOR A2,Consumible
212161,HU TABLILLA ZAHN4ALL POSTERIOR INFERIOR 30 COLOR A2,Dientes
212161,HU TABLILLA ZAHN4ALL POSTERIOR INFERIOR 30 COLOR A2,Posterior Inferior
212268,HU TABLILLA ZAHN4ALL POSTERIOR INFERIOR 30 COLOR A3,Analogo
212268,HU TABLILLA ZAHN4ALL POSTERIOR INFERIOR 30 COLOR A3,Consumible
212268,HU TABLILLA ZAHN4ALL POSTERIOR INFERIOR 30 COLOR A3,Dientes
212268,HU TABLILLA ZAHN4ALL POSTERIOR INFERIOR 30 COLOR A3,Posterior Inferior
212377,HU TABLILLA ZAHN4ALL POSTERIOR INFERIOR 30 COLOR A3.5,Analogo
212377,HU TABLILLA ZAHN4ALL POSTERIOR INFERIOR 30 COLOR A3.5,Consumible
212377,HU TABLILLA ZAHN4ALL POSTERIOR INFERIOR 30 COLOR A3.5,Dientes
212377,HU TABLILLA ZAHN4ALL POSTERIOR INFERIOR 30 COLOR A3.5,Posterior Inferior
212939,HU TABLILLA ZAHN4ALL POSTERIOR INFERIOR 30 COLOR B2,Analogo
212939,HU TABLILLA ZAHN4ALL POSTERIOR INFERIOR 30 COLOR B2,Consumible
212939,HU TABLILLA ZAHN4ALL POSTERIOR INFERIOR 30 COLOR B2,Dientes
212939,HU TABLILLA ZAHN4ALL POSTERIOR INFERIOR 30 COLOR B2,Posterior Inferior
213027,HU TABLILLA ZAHN4ALL POSTERIOR INFERIOR 30 COLOR B3,Analogo
213027,HU TABLILLA ZAHN4ALL POSTERIOR INFERIOR 30 COLOR B3,Consumible
213027,HU TABLILLA ZAHN4ALL POSTERIOR INFERIOR 30 COLOR B3,Dientes
213027,HU TABLILLA ZAHN4ALL POSTERIOR INFERIOR 30 COLOR B3,Posterior Inferior
212055,HU TABLILLA ZAHN4ALL POSTERIOR INFERIOR 32 COLOR A1,Analogo
212055,HU TABLILLA ZAHN4ALL POSTERIOR INFERIOR 32 COLOR A1,Consumible
212055,HU TABLILLA ZAHN4ALL POSTERIOR INFERIOR 32 COLOR A1,Dientes
212055,HU TABLILLA ZAHN4ALL POSTERIOR INFERIOR 32 COLOR A1,Posterior Inferior
212169,HU TABLILLA ZAHN4ALL POSTERIOR INFERIOR 32 COLOR A2,Analogo
212169,HU TABLILLA ZAHN4ALL POSTERIOR INFERIOR 32 COLOR A2,Consumible
212169,HU TABLILLA ZAHN4ALL POSTERIOR INFERIOR 32 COLOR A2,Dientes
212169,HU TABLILLA ZAHN4ALL POSTERIOR INFERIOR 32 COLOR A2,Posterior Inferior
212280,HU TABLILLA ZAHN4ALL POSTERIOR INFERIOR 32 COLOR A3,Analogo
212280,HU TABLILLA ZAHN4ALL POSTERIOR INFERIOR 32 COLOR A3,Consumible
212280,HU TABLILLA ZAHN4ALL POSTERIOR INFERIOR 32 COLOR A3,Dientes
212280,HU TABLILLA ZAHN4ALL POSTERIOR INFERIOR 32 COLOR A3,Posterior Inferior
212392,HU TABLILLA ZAHN4ALL POSTERIOR INFERIOR 32 COLOR A3.5,Analogo
212392,HU TABLILLA ZAHN4ALL POSTERIOR INFERIOR 32 COLOR A3.5,Consumible
212392,HU TABLILLA ZAHN4ALL POSTERIOR INFERIOR 32 COLOR A3.5,Dientes
212392,HU TABLILLA ZAHN4ALL POSTERIOR INFERIOR 32 COLOR A3.5,Posterior Inferior
212947,HU TABLILLA ZAHN4ALL POSTERIOR INFERIOR 32 COLOR B2,Analogo
212947,HU TABLILLA ZAHN4ALL POSTERIOR INFERIOR 32 COLOR B2,Consumible
212947,HU TABLILLA ZAHN4ALL POSTERIOR INFERIOR 32 COLOR B2,Dientes
212947,HU TABLILLA ZAHN4ALL POSTERIOR INFERIOR 32 COLOR B2,Posterior Inferior
213037,HU TABLILLA ZAHN4ALL POSTERIOR INFERIOR 32 COLOR B3,Analogo
213037,HU TABLILLA ZAHN4ALL POSTERIOR INFERIOR 32 COLOR B3,Consumible
213037,HU TABLILLA ZAHN4ALL POSTERIOR INFERIOR 32 COLOR B3,Dientes
213037,HU TABLILLA ZAHN4ALL POSTERIOR INFERIOR 32 COLOR B3,Posterior Inferior
212064,HU TABLILLA ZAHN4ALL POSTERIOR INFERIOR 34 COLOR A1,Analogo
212064,HU TABLILLA ZAHN4ALL POSTERIOR INFERIOR 34 COLOR A1,Consumible
212064,HU TABLILLA ZAHN4ALL POSTERIOR INFERIOR 34 COLOR A1,Dientes
212064,HU TABLILLA ZAHN4ALL POSTERIOR INFERIOR 34 COLOR A1,Posterior Inferior
212179,HU TABLILLA ZAHN4ALL POSTERIOR INFERIOR 34 COLOR A2,Analogo
212179,HU TABLILLA ZAHN4ALL POSTERIOR INFERIOR 34 COLOR A2,Consumible
212179,HU TABLILLA ZAHN4ALL POSTERIOR INFERIOR 34 COLOR A2,Dientes
212179,HU TABLILLA ZAHN4ALL POSTERIOR INFERIOR 34 COLOR A2,Posterior Inferior
212288,HU TABLILLA ZAHN4ALL POSTERIOR INFERIOR 34 COLOR A3,Analogo
212288,HU TABLILLA ZAHN4ALL POSTERIOR INFERIOR 34 COLOR A3,Consumible
212288,HU TABLILLA ZAHN4ALL POSTERIOR INFERIOR 34 COLOR A3,Dientes
212288,HU TABLILLA ZAHN4ALL POSTERIOR INFERIOR 34 COLOR A3,Posterior Inferior
212404,HU TABLILLA ZAHN4ALL POSTERIOR INFERIOR 34 COLOR A3.5,Analogo
212404,HU TABLILLA ZAHN4ALL POSTERIOR INFERIOR 34 COLOR A3.5,Consumible
212404,HU TABLILLA ZAHN4ALL POSTERIOR INFERIOR 34 COLOR A3.5,Dientes
212404,HU TABLILLA ZAHN4ALL POSTERIOR INFERIOR 34 COLOR A3.5,Posterior Inferior
212955,HU TABLILLA ZAHN4ALL POSTERIOR INFERIOR 34 COLOR B2,Analogo
212955,HU TABLILLA ZAHN4ALL POSTERIOR INFERIOR 34 COLOR B2,Consumible
212955,HU TABLILLA ZAHN4ALL POSTERIOR INFERIOR 34 COLOR B2,Dientes
212955,HU TABLILLA ZAHN4ALL POSTERIOR INFERIOR 34 COLOR B2,Posterior Inferior
213047,HU TABLILLA ZAHN4ALL POSTERIOR INFERIOR 34 COLOR B3,Analogo
213047,HU TABLILLA ZAHN4ALL POSTERIOR INFERIOR 34 COLOR B3,Consumible
213047,HU TABLILLA ZAHN4ALL POSTERIOR INFERIOR 34 COLOR B3,Dientes
213047,HU TABLILLA ZAHN4ALL POSTERIOR INFERIOR 34 COLOR B3,Posterior Inferior
212075,HU TABLILLA ZAHN4ALL POSTERIOR INFERIOR 36M COLOR A1,Analogo
212075,HU TABLILLA ZAHN4ALL POSTERIOR INFERIOR 36M COLOR A1,Consumible
212075,HU TABLILLA ZAHN4ALL POSTERIOR INFERIOR 36M COLOR A1,Dientes
212075,HU TABLILLA ZAHN4ALL POSTERIOR INFERIOR 36M COLOR A1,Posterior Inferior
212187,HU TABLILLA ZAHN4ALL POSTERIOR INFERIOR 36M COLOR A2,Analogo
212187,HU TABLILLA ZAHN4ALL POSTERIOR INFERIOR 36M COLOR A2,Consumible
212187,HU TABLILLA ZAHN4ALL POSTERIOR INFERIOR 36M COLOR A2,Dientes
212187,HU TABLILLA ZAHN4ALL POSTERIOR INFERIOR 36M COLOR A2,Posterior Inferior
212296,HU TABLILLA ZAHN4ALL POSTERIOR INFERIOR 36M COLOR A3,Analogo
212296,HU TABLILLA ZAHN4ALL POSTERIOR INFERIOR 36M COLOR A3,Consumible
212296,HU TABLILLA ZAHN4ALL POSTERIOR INFERIOR 36M COLOR A3,Dientes
212296,HU TABLILLA ZAHN4ALL POSTERIOR INFERIOR 36M COLOR A3,Posterior Inferior
212412,HU TABLILLA ZAHN4ALL POSTERIOR INFERIOR 36M COLOR A3.5,Analogo
212412,HU TABLILLA ZAHN4ALL POSTERIOR INFERIOR 36M COLOR A3.5,Consumible
212412,HU TABLILLA ZAHN4ALL POSTERIOR INFERIOR 36M COLOR A3.5,Dientes
212412,HU TABLILLA ZAHN4ALL POSTERIOR INFERIOR 36M COLOR A3.5,Posterior Inferior
212963,HU TABLILLA ZAHN4ALL POSTERIOR INFERIOR 36M COLOR B2,Analogo
212963,HU TABLILLA ZAHN4ALL POSTERIOR INFERIOR 36M COLOR B2,Consumible
212963,HU TABLILLA ZAHN4ALL POSTERIOR INFERIOR 36M COLOR B2,Dientes
212963,HU TABLILLA ZAHN4ALL POSTERIOR INFERIOR 36M COLOR B2,Posterior Inferior
213055,HU TABLILLA ZAHN4ALL POSTERIOR INFERIOR 36M COLOR B3,Analogo
213055,HU TABLILLA ZAHN4ALL POSTERIOR INFERIOR 36M COLOR B3,Consumible
213055,HU TABLILLA ZAHN4ALL POSTERIOR INFERIOR 36M COLOR B3,Dientes
213055,HU TABLILLA ZAHN4ALL POSTERIOR INFERIOR 36M COLOR B3,Posterior Inferior
212041,HU TABLILLA ZAHN4ALL POSTERIOR SUPERIOR 30 COLOR A1,Analogo
212041,HU TABLILLA ZAHN4ALL POSTERIOR SUPERIOR 30 COLOR A1,Consumible
212041,HU TABLILLA ZAHN4ALL POSTERIOR SUPERIOR 30 COLOR A1,Dientes
212041,HU TABLILLA ZAHN4ALL POSTERIOR SUPERIOR 30 COLOR A1,Posterior Superior
212157,HU TABLILLA ZAHN4ALL POSTERIOR SUPERIOR 30 COLOR A2,Analogo
212157,HU TABLILLA ZAHN4ALL POSTERIOR SUPERIOR 30 COLOR A2,Consumible
212157,HU TABLILLA ZAHN4ALL POSTERIOR SUPERIOR 30 COLOR A2,Dientes
212157,HU TABLILLA ZAHN4ALL POSTERIOR SUPERIOR 30 COLOR A2,Posterior Superior
212264,HU TABLILLA ZAHN4ALL POSTERIOR SUPERIOR 30 COLOR A3,Analogo
212264,HU TABLILLA ZAHN4ALL POSTERIOR SUPERIOR 30 COLOR A3,Consumible
212264,HU TABLILLA ZAHN4ALL POSTERIOR SUPERIOR 30 COLOR A3,Dientes
212264,HU TABLILLA ZAHN4ALL POSTERIOR SUPERIOR 30 COLOR A3,Posterior Superior
212374,HU TABLILLA ZAHN4ALL POSTERIOR SUPERIOR 30 COLOR A3.5,Analogo
212374,HU TABLILLA ZAHN4ALL POSTERIOR SUPERIOR 30 COLOR A3.5,Consumible
212374,HU TABLILLA ZAHN4ALL POSTERIOR SUPERIOR 30 COLOR A3.5,Dientes
212374,HU TABLILLA ZAHN4ALL POSTERIOR SUPERIOR 30 COLOR A3.5,Posterior Superior
212935,HU TABLILLA ZAHN4ALL POSTERIOR SUPERIOR 30 COLOR B2,Analogo
212935,HU TABLILLA ZAHN4ALL POSTERIOR SUPERIOR 30 COLOR B2,Consumible
212935,HU TABLILLA ZAHN4ALL POSTERIOR SUPERIOR 30 COLOR B2,Dientes
212935,HU TABLILLA ZAHN4ALL POSTERIOR SUPERIOR 30 COLOR B2,Posterior Superior
213023,HU TABLILLA ZAHN4ALL POSTERIOR SUPERIOR 30 COLOR B3,Analogo
213023,HU TABLILLA ZAHN4ALL POSTERIOR SUPERIOR 30 COLOR B3,Consumible
213023,HU TABLILLA ZAHN4ALL POSTERIOR SUPERIOR 30 COLOR B3,Dientes
213023,HU TABLILLA ZAHN4ALL POSTERIOR SUPERIOR 30 COLOR B3,Posterior Superior
212049,HU TABLILLA ZAHN4ALL POSTERIOR SUPERIOR 32 COLOR A1,Analogo
212049,HU TABLILLA ZAHN4ALL POSTERIOR SUPERIOR 32 COLOR A1,Consumible
212049,HU TABLILLA ZAHN4ALL POSTERIOR SUPERIOR 32 COLOR A1,Dientes
212049,HU TABLILLA ZAHN4ALL POSTERIOR SUPERIOR 32 COLOR A1,Posterior Superior
212165,HU TABLILLA ZAHN4ALL POSTERIOR SUPERIOR 32 COLOR A2,Analogo
212165,HU TABLILLA ZAHN4ALL POSTERIOR SUPERIOR 32 COLOR A2,Consumible
212165,HU TABLILLA ZAHN4ALL POSTERIOR SUPERIOR 32 COLOR A2,Dientes
212165,HU TABLILLA ZAHN4ALL POSTERIOR SUPERIOR 32 COLOR A2,Posterior Superior
212273,HU TABLILLA ZAHN4ALL POSTERIOR SUPERIOR 32 COLOR A3,Analogo
212273,HU TABLILLA ZAHN4ALL POSTERIOR SUPERIOR 32 COLOR A3,Consumible
212273,HU TABLILLA ZAHN4ALL POSTERIOR SUPERIOR 32 COLOR A3,Dientes
212273,HU TABLILLA ZAHN4ALL POSTERIOR SUPERIOR 32 COLOR A3,Posterior Superior
212384,HU TABLILLA ZAHN4ALL POSTERIOR SUPERIOR 32 COLOR A3.5,Analogo
212384,HU TABLILLA ZAHN4ALL POSTERIOR SUPERIOR 32 COLOR A3.5,Consumible
212384,HU TABLILLA ZAHN4ALL POSTERIOR SUPERIOR 32 COLOR A3.5,Dientes
212384,HU TABLILLA ZAHN4ALL POSTERIOR SUPERIOR 32 COLOR A3.5,Posterior Superior
212943,HU TABLILLA ZAHN4ALL POSTERIOR SUPERIOR 32 COLOR B2,Analogo
212943,HU TABLILLA ZAHN4ALL POSTERIOR SUPERIOR 32 COLOR B2,Consumible
212943,HU TABLILLA ZAHN4ALL POSTERIOR SUPERIOR 32 COLOR B2,Dientes
212943,HU TABLILLA ZAHN4ALL POSTERIOR SUPERIOR 32 COLOR B2,Posterior Superior
213031,HU TABLILLA ZAHN4ALL POSTERIOR SUPERIOR 32 COLOR B3,Analogo
213031,HU TABLILLA ZAHN4ALL POSTERIOR SUPERIOR 32 COLOR B3,Consumible
213031,HU TABLILLA ZAHN4ALL POSTERIOR SUPERIOR 32 COLOR B3,Dientes
213031,HU TABLILLA ZAHN4ALL POSTERIOR SUPERIOR 32 COLOR B3,Posterior Superior
212059,HU TABLILLA ZAHN4ALL POSTERIOR SUPERIOR 34 COLOR A1,Analogo
212059,HU TABLILLA ZAHN4ALL POSTERIOR SUPERIOR 34 COLOR A1,Consumible
212059,HU TABLILLA ZAHN4ALL POSTERIOR SUPERIOR 34 COLOR A1,Dientes
212059,HU TABLILLA ZAHN4ALL POSTERIOR SUPERIOR 34 COLOR A1,Posterior Superior
212174,HU TABLILLA ZAHN4ALL POSTERIOR SUPERIOR 34 COLOR A2,Analogo
212174,HU TABLILLA ZAHN4ALL POSTERIOR SUPERIOR 34 COLOR A2,Consumible
212174,HU TABLILLA ZAHN4ALL POSTERIOR SUPERIOR 34 COLOR A2,Dientes
212174,HU TABLILLA ZAHN4ALL POSTERIOR SUPERIOR 34 COLOR A2,Posterior Superior
212284,HU TABLILLA ZAHN4ALL POSTERIOR SUPERIOR 34 COLOR A3,Analogo
212284,HU TABLILLA ZAHN4ALL POSTERIOR SUPERIOR 34 COLOR A3,Consumible
212284,HU TABLILLA ZAHN4ALL POSTERIOR SUPERIOR 34 COLOR A3,Dientes
212284,HU TABLILLA ZAHN4ALL POSTERIOR SUPERIOR 34 COLOR A3,Posterior Superior
212400,HU TABLILLA ZAHN4ALL POSTERIOR SUPERIOR 34 COLOR A3.5,Analogo
212400,HU TABLILLA ZAHN4ALL POSTERIOR SUPERIOR 34 COLOR A3.5,Consumible
212400,HU TABLILLA ZAHN4ALL POSTERIOR SUPERIOR 34 COLOR A3.5,Dientes
212400,HU TABLILLA ZAHN4ALL POSTERIOR SUPERIOR 34 COLOR A3.5,Posterior Superior
212951,HU TABLILLA ZAHN4ALL POSTERIOR SUPERIOR 34 COLOR B2,Analogo
212951,HU TABLILLA ZAHN4ALL POSTERIOR SUPERIOR 34 COLOR B2,Consumible
212951,HU TABLILLA ZAHN4ALL POSTERIOR SUPERIOR 34 COLOR B2,Dientes
212951,HU TABLILLA ZAHN4ALL POSTERIOR SUPERIOR 34 COLOR B2,Posterior Superior
213042,HU TABLILLA ZAHN4ALL POSTERIOR SUPERIOR 34 COLOR B3,Analogo
213042,HU TABLILLA ZAHN4ALL POSTERIOR SUPERIOR 34 COLOR B3,Consumible
213042,HU TABLILLA ZAHN4ALL POSTERIOR SUPERIOR 34 COLOR B3,Dientes
213042,HU TABLILLA ZAHN4ALL POSTERIOR SUPERIOR 34 COLOR B3,Posterior Superior
212070,HU TABLILLA ZAHN4ALL POSTERIOR SUPERIOR 36M COLOR A1,Analogo
212070,HU TABLILLA ZAHN4ALL POSTERIOR SUPERIOR 36M COLOR A1,Consumible
212070,HU TABLILLA ZAHN4ALL POSTERIOR SUPERIOR 36M COLOR A1,Dientes
212070,HU TABLILLA ZAHN4ALL POSTERIOR SUPERIOR 36M COLOR A1,Posterior Superior
212183,HU TABLILLA ZAHN4ALL POSTERIOR SUPERIOR 36M COLOR A2,Analogo
212183,HU TABLILLA ZAHN4ALL POSTERIOR SUPERIOR 36M COLOR A2,Consumible
212183,HU TABLILLA ZAHN4ALL POSTERIOR SUPERIOR 36M COLOR A2,Dientes
212183,HU TABLILLA ZAHN4ALL POSTERIOR SUPERIOR 36M COLOR A2,Posterior Superior
212292,HU TABLILLA ZAHN4ALL POSTERIOR SUPERIOR 36M COLOR A3,Analogo
212292,HU TABLILLA ZAHN4ALL POSTERIOR SUPERIOR 36M COLOR A3,Consumible
212292,HU TABLILLA ZAHN4ALL POSTERIOR SUPERIOR 36M COLOR A3,Dientes
212292,HU TABLILLA ZAHN4ALL POSTERIOR SUPERIOR 36M COLOR A3,Posterior Superior
212408,HU TABLILLA ZAHN4ALL POSTERIOR SUPERIOR 36M COLOR A3.5,Analogo
212408,HU TABLILLA ZAHN4ALL POSTERIOR SUPERIOR 36M COLOR A3.5,Consumible
212408,HU TABLILLA ZAHN4ALL POSTERIOR SUPERIOR 36M COLOR A3.5,Dientes
212408,HU TABLILLA ZAHN4ALL POSTERIOR SUPERIOR 36M COLOR A3.5,Posterior Superior
212959,HU TABLILLA ZAHN4ALL POSTERIOR SUPERIOR 36M COLOR B2,Analogo
212959,HU TABLILLA ZAHN4ALL POSTERIOR SUPERIOR 36M COLOR B2,Consumible
212959,HU TABLILLA ZAHN4ALL POSTERIOR SUPERIOR 36M COLOR B2,Dientes
212959,HU TABLILLA ZAHN4ALL POSTERIOR SUPERIOR 36M COLOR B2,Posterior Superior
213051,HU TABLILLA ZAHN4ALL POSTERIOR SUPERIOR 36M COLOR B3,Analogo
213051,HU TABLILLA ZAHN4ALL POSTERIOR SUPERIOR 36M COLOR B3,Consumible
213051,HU TABLILLA ZAHN4ALL POSTERIOR SUPERIOR 36M COLOR B3,Dientes
213051,HU TABLILLA ZAHN4ALL POSTERIOR SUPERIOR 36M COLOR B3,Posterior Superior
92698,HUAWEI PC SISTEM HUAW,Digital
92698,HUAWEI PC SISTEM HUAW,Equipo De Computo
92698,HUAWEI PC SISTEM HUAW,Equipo
86959,I500 REUSABLE TIPS,Digital
86959,I500 REUSABLE TIPS,Escaner Intraoral
86959,I500 REUSABLE TIPS,Consumible
95842,I700 REUSABLE TIPS,Digital
95842,I700 REUSABLE TIPS,Escaner Intraoral
95842,I700 REUSABLE TIPS,Consumible
232248,IMANES 6 PZAS,Digital
232248,IMANES 6 PZAS,Refaccion
6518,IMPRESORA CERAMILL NEXT DENT,Digital
6518,IMPRESORA CERAMILL NEXT DENT,Impresoras Dlp
6518,IMPRESORA CERAMILL NEXT DENT,Equipo
6518,IMPRESORA CERAMILL NEXT DENT,Impresoras 3d
297773,IN NOVA NEO FLUID 25ML,Analogo
297773,IN NOVA NEO FLUID 25ML,Consumible
297773,IN NOVA NEO FLUID 25ML,Ceramica De Recubrimiento
297770,IN NOVA NEO INN-CRL CRACKLINER 3G,Analogo
297770,IN NOVA NEO INN-CRL CRACKLINER 3G,Consumible
297770,IN NOVA NEO INN-CRL CRACKLINER 3G,Ceramica De Recubrimiento
297766,IN NOVA NEO INN-IL ILLUSION 3G,Analogo
297766,IN NOVA NEO INN-IL ILLUSION 3G,Consumible
297766,IN NOVA NEO INN-IL ILLUSION 3G,Ceramica De Recubrimiento
297760,IN NOVA NEO KIT 36G,Analogo
297760,IN NOVA NEO KIT 36G,Consumible
297760,IN NOVA NEO KIT 36G,Ceramica De Recubrimiento
98569,INSET ENGINEERS WRENCH SW 20,Digital
98569,INSET ENGINEERS WRENCH SW 20,Refaccion
98569,INSET ENGINEERS WRENCH SW 20,Impresoras 3d
104005,INSTALACIÓN SPINDLE,Servicios
121720,INSTRUCTIVO AKZENT,Folletos
121739,INSTRUCTIVO PHYSIODENS + VITAPAN,Folletos
121704,INSTRUCTIVO VM13,Folletos
121712,INSTRUCTIVO VMK,Folletos
3452,INSTRUMENTOS ACERO,Analogo
3452,INSTRUMENTOS ACERO,Consumible
4694,INSTRUMENTOS ACERO 305.104.050,Analogo
4694,INSTRUMENTOS ACERO 305.104.050,Fresones De Acero
4694,INSTRUMENTOS ACERO 305.104.050,Consumible
4694,INSTRUMENTOS ACERO 305.104.050,Fresones
4697,INSTRUMENTOS ACERO 305.104.080,Analogo
4697,INSTRUMENTOS ACERO 305.104.080,Fresones De Acero
4697,INSTRUMENTOS ACERO 305.104.080,Consumible
4697,INSTRUMENTOS ACERO 305.104.080,Fresones
3455,INSTRUMENTOS ACERO 329.104,Analogo
3455,INSTRUMENTOS ACERO 329.104,Consumible
5480,INSTRUMENTOS ACERO 9957R.104.100,Analogo
5480,INSTRUMENTOS ACERO 9957R.104.100,Fresones De Acero
5480,INSTRUMENTOS ACERO 9957R.104.100,Consumible
5480,INSTRUMENTOS ACERO 9957R.104.100,Fresones
4727,INSTRUMENTOS DE ACERO,Analogo
4727,INSTRUMENTOS DE ACERO,Fresones
4727,INSTRUMENTOS DE ACERO,Consumible
4730,INSTRUMENTOS DE ACERO 326.104.030,Analogo
4730,INSTRUMENTOS DE ACERO 326.104.030,Fresones
4730,INSTRUMENTOS DE ACERO 326.104.030,Consumible
4730,INSTRUMENTOS DE ACERO 326.104.030,Fresones De Acero
4976,INSTRUMENTOS DE ACEROS,Analogo
4976,INSTRUMENTOS DE ACEROS,Consumible
4733,INSTRUMENTOS DIAMANTADOS,Analogo
4733,INSTRUMENTOS DIAMANTADOS,Fresones Diamantados
4733,INSTRUMENTOS DIAMANTADOS,Consumible
4733,INSTRUMENTOS DIAMANTADOS,Fresones
4736,INSTRUMENTOS DIAMANTADOS 379.104.014,Analogo
4736,INSTRUMENTOS DIAMANTADOS 379.104.014,Fresones Diamantados
4736,INSTRUMENTOS DIAMANTADOS 379.104.014,Consumible
4736,INSTRUMENTOS DIAMANTADOS 379.104.014,Fresones
4739,INSTRUMENTOS DIAMANTADOS 379.104.023,Analogo
4739,INSTRUMENTOS DIAMANTADOS 379.104.023,Fresones Diamantados
4739,INSTRUMENTOS DIAMANTADOS 379.104.023,Consumible
4739,INSTRUMENTOS DIAMANTADOS 379.104.023,Fresones
4742,INSTRUMENTOS DIAMANTADOS 390.104.016,Analogo
4742,INSTRUMENTOS DIAMANTADOS 390.104.016,Fresones Diamantados
4742,INSTRUMENTOS DIAMANTADOS 390.104.016,Consumible
4742,INSTRUMENTOS DIAMANTADOS 390.104.016,Fresones
4862,INSTRUMENTOS DIAMANTADOS 6801.104.029,Analogo
4862,INSTRUMENTOS DIAMANTADOS 6801.104.029,Fresones Diamantados
4862,INSTRUMENTOS DIAMANTADOS 6801.104.029,Consumible
4862,INSTRUMENTOS DIAMANTADOS 6801.104.029,Fresones
4865,INSTRUMENTOS DIAMANTADOS 6911HF.104.220,Analogo
4865,INSTRUMENTOS DIAMANTADOS 6911HF.104.220,Fresones Diamantados
4865,INSTRUMENTOS DIAMANTADOS 6911HF.104.220,Consumible
4865,INSTRUMENTOS DIAMANTADOS 6911HF.104.220,Fresones
4868,INSTRUMENTOS DIAMANTADOS 6924.104.180,Analogo
4868,INSTRUMENTOS DIAMANTADOS 6924.104.180,Fresones Diamantados
4868,INSTRUMENTOS DIAMANTADOS 6924.104.180,Consumible
4868,INSTRUMENTOS DIAMANTADOS 6924.104.180,Fresones
4871,INSTRUMENTOS DIAMANTADOS 6924.104.220,Analogo
4871,INSTRUMENTOS DIAMANTADOS 6924.104.220,Fresones Diamantados
4871,INSTRUMENTOS DIAMANTADOS 6924.104.220,Consumible
4871,INSTRUMENTOS DIAMANTADOS 6924.104.220,Fresones
4874,INSTRUMENTOS DIAMANTADOS 6924.104.300,Analogo
4874,INSTRUMENTOS DIAMANTADOS 6924.104.300,Fresones Diamantados
4874,INSTRUMENTOS DIAMANTADOS 6924.104.300,Consumible
4874,INSTRUMENTOS DIAMANTADOS 6924.104.300,Fresones
4877,INSTRUMENTOS DIAMANTADOS 6924.104.400,Analogo
4877,INSTRUMENTOS DIAMANTADOS 6924.104.400,Fresones Diamantados
4877,INSTRUMENTOS DIAMANTADOS 6924.104.400,Consumible
4877,INSTRUMENTOS DIAMANTADOS 6924.104.400,Fresones
4880,INSTRUMENTOS DIAMANTADOS 6942.104.200,Analogo
4880,INSTRUMENTOS DIAMANTADOS 6942.104.200,Fresones Diamantados
4880,INSTRUMENTOS DIAMANTADOS 6942.104.200,Consumible
4880,INSTRUMENTOS DIAMANTADOS 6942.104.200,Fresones
5006,INSTRUMENTOS DIAMANTADOS 801.104.009,Analogo
5006,INSTRUMENTOS DIAMANTADOS 801.104.009,Fresones Diamantados
5006,INSTRUMENTOS DIAMANTADOS 801.104.009,Consumible
5006,INSTRUMENTOS DIAMANTADOS 801.104.009,Fresones
5009,INSTRUMENTOS DIAMANTADOS 801.104.010,Analogo
5009,INSTRUMENTOS DIAMANTADOS 801.104.010,Fresones Diamantados
5009,INSTRUMENTOS DIAMANTADOS 801.104.010,Consumible
5009,INSTRUMENTOS DIAMANTADOS 801.104.010,Fresones
5012,INSTRUMENTOS DIAMANTADOS 801.104.012,Analogo
5012,INSTRUMENTOS DIAMANTADOS 801.104.012,Fresones Diamantados
5012,INSTRUMENTOS DIAMANTADOS 801.104.012,Consumible
5012,INSTRUMENTOS DIAMANTADOS 801.104.012,Fresones
5015,INSTRUMENTOS DIAMANTADOS 801.104.014,Analogo
5015,INSTRUMENTOS DIAMANTADOS 801.104.014,Fresones Diamantados
5015,INSTRUMENTOS DIAMANTADOS 801.104.014,Consumible
5015,INSTRUMENTOS DIAMANTADOS 801.104.014,Fresones
5018,INSTRUMENTOS DIAMANTADOS 801.104.016,Analogo
5018,INSTRUMENTOS DIAMANTADOS 801.104.016,Fresones Diamantados
5018,INSTRUMENTOS DIAMANTADOS 801.104.016,Consumible
5018,INSTRUMENTOS DIAMANTADOS 801.104.016,Fresones
5021,INSTRUMENTOS DIAMANTADOS 801.104.018,Analogo
5021,INSTRUMENTOS DIAMANTADOS 801.104.018,Fresones Diamantados
5021,INSTRUMENTOS DIAMANTADOS 801.104.018,Consumible
5021,INSTRUMENTOS DIAMANTADOS 801.104.018,Fresones
5024,INSTRUMENTOS DIAMANTADOS 801.104.023,Analogo
5024,INSTRUMENTOS DIAMANTADOS 801.104.023,Fresones Diamantados
5024,INSTRUMENTOS DIAMANTADOS 801.104.023,Consumible
5024,INSTRUMENTOS DIAMANTADOS 801.104.023,Fresones
5027,INSTRUMENTOS DIAMANTADOS 801.104.029,Analogo
5027,INSTRUMENTOS DIAMANTADOS 801.104.029,Fresones Diamantados
5027,INSTRUMENTOS DIAMANTADOS 801.104.029,Consumible
5027,INSTRUMENTOS DIAMANTADOS 801.104.029,Fresones
5030,INSTRUMENTOS DIAMANTADOS 801.104.035,Analogo
5030,INSTRUMENTOS DIAMANTADOS 801.104.035,Fresones Diamantados
5030,INSTRUMENTOS DIAMANTADOS 801.104.035,Consumible
5030,INSTRUMENTOS DIAMANTADOS 801.104.035,Fresones
5033,INSTRUMENTOS DIAMANTADOS 801.104.050,Analogo
5033,INSTRUMENTOS DIAMANTADOS 801.104.050,Fresones Diamantados
5033,INSTRUMENTOS DIAMANTADOS 801.104.050,Consumible
5033,INSTRUMENTOS DIAMANTADOS 801.104.050,Fresones
5036,INSTRUMENTOS DIAMANTADOS 805.104.012,Analogo
5036,INSTRUMENTOS DIAMANTADOS 805.104.012,Fresones Diamantados
5036,INSTRUMENTOS DIAMANTADOS 805.104.012,Consumible
5036,INSTRUMENTOS DIAMANTADOS 805.104.012,Fresones
5039,INSTRUMENTOS DIAMANTADOS 805.104.014,Analogo
5039,INSTRUMENTOS DIAMANTADOS 805.104.014,Fresones Diamantados
5039,INSTRUMENTOS DIAMANTADOS 805.104.014,Consumible
5039,INSTRUMENTOS DIAMANTADOS 805.104.014,Fresones
5042,INSTRUMENTOS DIAMANTADOS 805.104.016,Analogo
5042,INSTRUMENTOS DIAMANTADOS 805.104.016,Fresones Diamantados
5042,INSTRUMENTOS DIAMANTADOS 805.104.016,Consumible
5042,INSTRUMENTOS DIAMANTADOS 805.104.016,Fresones
5045,INSTRUMENTOS DIAMANTADOS 805.104.018,Analogo
5045,INSTRUMENTOS DIAMANTADOS 805.104.018,Fresones Diamantados
5045,INSTRUMENTOS DIAMANTADOS 805.104.018,Consumible
5045,INSTRUMENTOS DIAMANTADOS 805.104.018,Fresones
5048,INSTRUMENTOS DIAMANTADOS 805.104.021,Analogo
5048,INSTRUMENTOS DIAMANTADOS 805.104.021,Fresones Diamantados
5048,INSTRUMENTOS DIAMANTADOS 805.104.021,Consumible
5048,INSTRUMENTOS DIAMANTADOS 805.104.021,Fresones
5051,INSTRUMENTOS DIAMANTADOS 805.104.023,Analogo
5051,INSTRUMENTOS DIAMANTADOS 805.104.023,Fresones Diamantados
5051,INSTRUMENTOS DIAMANTADOS 805.104.023,Consumible
5051,INSTRUMENTOS DIAMANTADOS 805.104.023,Fresones
5054,INSTRUMENTOS DIAMANTADOS 805.104.027,Analogo
5054,INSTRUMENTOS DIAMANTADOS 805.104.027,Fresones Diamantados
5054,INSTRUMENTOS DIAMANTADOS 805.104.027,Consumible
5054,INSTRUMENTOS DIAMANTADOS 805.104.027,Fresones
5057,INSTRUMENTOS DIAMANTADOS 805.104.042,Analogo
5057,INSTRUMENTOS DIAMANTADOS 805.104.042,Fresones Diamantados
5057,INSTRUMENTOS DIAMANTADOS 805.104.042,Consumible
5057,INSTRUMENTOS DIAMANTADOS 805.104.042,Fresones
5060,INSTRUMENTOS DIAMANTADOS 805A.104.023,Analogo
5060,INSTRUMENTOS DIAMANTADOS 805A.104.023,Fresones Diamantados
5060,INSTRUMENTOS DIAMANTADOS 805A.104.023,Consumible
5060,INSTRUMENTOS DIAMANTADOS 805A.104.023,Fresones
5063,INSTRUMENTOS DIAMANTADOS 807.104.016,Analogo
5063,INSTRUMENTOS DIAMANTADOS 807.104.016,Fresones Diamantados
5063,INSTRUMENTOS DIAMANTADOS 807.104.016,Consumible
5063,INSTRUMENTOS DIAMANTADOS 807.104.016,Fresones
5066,INSTRUMENTOS DIAMANTADOS 807.104.018,Analogo
5066,INSTRUMENTOS DIAMANTADOS 807.104.018,Fresones Diamantados
5066,INSTRUMENTOS DIAMANTADOS 807.104.018,Consumible
5066,INSTRUMENTOS DIAMANTADOS 807.104.018,Fresones
5069,INSTRUMENTOS DIAMANTADOS 807.104.023,Analogo
5069,INSTRUMENTOS DIAMANTADOS 807.104.023,Fresones Diamantados
5069,INSTRUMENTOS DIAMANTADOS 807.104.023,Consumible
5069,INSTRUMENTOS DIAMANTADOS 807.104.023,Fresones
5072,INSTRUMENTOS DIAMANTADOS 812.104.055,Analogo
5072,INSTRUMENTOS DIAMANTADOS 812.104.055,Fresones Diamantados
5072,INSTRUMENTOS DIAMANTADOS 812.104.055,Consumible
5072,INSTRUMENTOS DIAMANTADOS 812.104.055,Fresones
5075,INSTRUMENTOS DIAMANTADOS 825.104.023,Analogo
5075,INSTRUMENTOS DIAMANTADOS 825.104.023,Fresones Diamantados
5075,INSTRUMENTOS DIAMANTADOS 825.104.023,Consumible
5075,INSTRUMENTOS DIAMANTADOS 825.104.023,Fresones
5078,INSTRUMENTOS DIAMANTADOS 825.104.050,Analogo
5078,INSTRUMENTOS DIAMANTADOS 825.104.050,Fresones Diamantados
5078,INSTRUMENTOS DIAMANTADOS 825.104.050,Consumible
5078,INSTRUMENTOS DIAMANTADOS 825.104.050,Fresones
5081,INSTRUMENTOS DIAMANTADOS 825.104.060,Analogo
5081,INSTRUMENTOS DIAMANTADOS 825.104.060,Fresones Diamantados
5081,INSTRUMENTOS DIAMANTADOS 825.104.060,Consumible
5081,INSTRUMENTOS DIAMANTADOS 825.104.060,Fresones
5084,INSTRUMENTOS DIAMANTADOS 836.104.012,Analogo
5084,INSTRUMENTOS DIAMANTADOS 836.104.012,Fresones Diamantados
5084,INSTRUMENTOS DIAMANTADOS 836.104.012,Consumible
5084,INSTRUMENTOS DIAMANTADOS 836.104.012,Fresones
5087,INSTRUMENTOS DIAMANTADOS 836.104.014,Analogo
5087,INSTRUMENTOS DIAMANTADOS 836.104.014,Fresones Diamantados
5087,INSTRUMENTOS DIAMANTADOS 836.104.014,Consumible
5087,INSTRUMENTOS DIAMANTADOS 836.104.014,Fresones
5090,INSTRUMENTOS DIAMANTADOS 836.104.027,Analogo
5090,INSTRUMENTOS DIAMANTADOS 836.104.027,Fresones Diamantados
5090,INSTRUMENTOS DIAMANTADOS 836.104.027,Consumible
5090,INSTRUMENTOS DIAMANTADOS 836.104.027,Fresones
5093,INSTRUMENTOS DIAMANTADOS 836.104.055,Analogo
5093,INSTRUMENTOS DIAMANTADOS 836.104.055,Fresones Diamantados
5093,INSTRUMENTOS DIAMANTADOS 836.104.055,Consumible
5093,INSTRUMENTOS DIAMANTADOS 836.104.055,Fresones
5096,INSTRUMENTOS DIAMANTADOS 837.104.014,Analogo
5096,INSTRUMENTOS DIAMANTADOS 837.104.014,Fresones Diamantados
5096,INSTRUMENTOS DIAMANTADOS 837.104.014,Consumible
5096,INSTRUMENTOS DIAMANTADOS 837.104.014,Fresones
5099,INSTRUMENTOS DIAMANTADOS 837.104.016,Analogo
5099,INSTRUMENTOS DIAMANTADOS 837.104.016,Fresones Diamantados
5099,INSTRUMENTOS DIAMANTADOS 837.104.016,Consumible
5099,INSTRUMENTOS DIAMANTADOS 837.104.016,Fresones
5102,INSTRUMENTOS DIAMANTADOS 842.104.018,Analogo
5102,INSTRUMENTOS DIAMANTADOS 842.104.018,Fresones Diamantados
5102,INSTRUMENTOS DIAMANTADOS 842.104.018,Consumible
5102,INSTRUMENTOS DIAMANTADOS 842.104.018,Fresones
5105,INSTRUMENTOS DIAMANTADOS 842R.104.018,Analogo
5105,INSTRUMENTOS DIAMANTADOS 842R.104.018,Fresones Diamantados
5105,INSTRUMENTOS DIAMANTADOS 842R.104.018,Consumible
5105,INSTRUMENTOS DIAMANTADOS 842R.104.018,Fresones
5108,INSTRUMENTOS DIAMANTADOS 846.104.025,Analogo
5108,INSTRUMENTOS DIAMANTADOS 846.104.025,Fresones Diamantados
5108,INSTRUMENTOS DIAMANTADOS 846.104.025,Consumible
5108,INSTRUMENTOS DIAMANTADOS 846.104.025,Fresones
5111,INSTRUMENTOS DIAMANTADOS 847.104.014,Analogo
5111,INSTRUMENTOS DIAMANTADOS 847.104.014,Fresones Diamantados
5111,INSTRUMENTOS DIAMANTADOS 847.104.014,Consumible
5111,INSTRUMENTOS DIAMANTADOS 847.104.014,Fresones
5114,INSTRUMENTOS DIAMANTADOS 847.104.018,Analogo
5114,INSTRUMENTOS DIAMANTADOS 847.104.018,Fresones Diamantados
5114,INSTRUMENTOS DIAMANTADOS 847.104.018,Consumible
5114,INSTRUMENTOS DIAMANTADOS 847.104.018,Fresones
5117,INSTRUMENTOS DIAMANTADOS 847.104.033,Analogo
5117,INSTRUMENTOS DIAMANTADOS 847.104.033,Fresones Diamantados
5117,INSTRUMENTOS DIAMANTADOS 847.104.033,Consumible
5117,INSTRUMENTOS DIAMANTADOS 847.104.033,Fresones
5120,INSTRUMENTOS DIAMANTADOS 847.104.040,Analogo
5120,INSTRUMENTOS DIAMANTADOS 847.104.040,Fresones Diamantados
5120,INSTRUMENTOS DIAMANTADOS 847.104.040,Consumible
5120,INSTRUMENTOS DIAMANTADOS 847.104.040,Fresones
5126,INSTRUMENTOS DIAMANTADOS 848.104.016,Analogo
5126,INSTRUMENTOS DIAMANTADOS 848.104.016,Fresones Diamantados
5126,INSTRUMENTOS DIAMANTADOS 848.104.016,Consumible
5126,INSTRUMENTOS DIAMANTADOS 848.104.016,Fresones
5129,INSTRUMENTOS DIAMANTADOS 848.104.018,Analogo
5129,INSTRUMENTOS DIAMANTADOS 848.104.018,Fresones Diamantados
5129,INSTRUMENTOS DIAMANTADOS 848.104.018,Consumible
5129,INSTRUMENTOS DIAMANTADOS 848.104.018,Fresones
5135,INSTRUMENTOS DIAMANTADOS 849.104.009,Analogo
5135,INSTRUMENTOS DIAMANTADOS 849.104.009,Fresones Diamantados
5135,INSTRUMENTOS DIAMANTADOS 849.104.009,Consumible
5135,INSTRUMENTOS DIAMANTADOS 849.104.009,Fresones
5138,INSTRUMENTOS DIAMANTADOS 849.104.010,Analogo
5138,INSTRUMENTOS DIAMANTADOS 849.104.010,Fresones Diamantados
5138,INSTRUMENTOS DIAMANTADOS 849.104.010,Consumible
5138,INSTRUMENTOS DIAMANTADOS 849.104.010,Fresones
5141,INSTRUMENTOS DIAMANTADOS 850.104.016,Analogo
5141,INSTRUMENTOS DIAMANTADOS 850.104.016,Fresones Diamantados
5141,INSTRUMENTOS DIAMANTADOS 850.104.016,Consumible
5141,INSTRUMENTOS DIAMANTADOS 850.104.016,Fresones
5144,INSTRUMENTOS DIAMANTADOS 850.104.023,Analogo
5144,INSTRUMENTOS DIAMANTADOS 850.104.023,Fresones Diamantados
5144,INSTRUMENTOS DIAMANTADOS 850.104.023,Consumible
5144,INSTRUMENTOS DIAMANTADOS 850.104.023,Fresones
5147,INSTRUMENTOS DIAMANTADOS 850.104.025,Analogo
5147,INSTRUMENTOS DIAMANTADOS 850.104.025,Fresones Diamantados
5147,INSTRUMENTOS DIAMANTADOS 850.104.025,Consumible
5147,INSTRUMENTOS DIAMANTADOS 850.104.025,Fresones
5174,INSTRUMENTOS DIAMANTADOS 855.104.025,Analogo
5174,INSTRUMENTOS DIAMANTADOS 855.104.025,Fresones Diamantados
5174,INSTRUMENTOS DIAMANTADOS 855.104.025,Consumible
5174,INSTRUMENTOS DIAMANTADOS 855.104.025,Fresones
5177,INSTRUMENTOS DIAMANTADOS 856.104.033,Analogo
5177,INSTRUMENTOS DIAMANTADOS 856.104.033,Fresones Diamantados
5177,INSTRUMENTOS DIAMANTADOS 856.104.033,Consumible
5177,INSTRUMENTOS DIAMANTADOS 856.104.033,Fresones
5180,INSTRUMENTOS DIAMANTADOS 856.104.040,Analogo
5180,INSTRUMENTOS DIAMANTADOS 856.104.040,Fresones Diamantados
5180,INSTRUMENTOS DIAMANTADOS 856.104.040,Consumible
5180,INSTRUMENTOS DIAMANTADOS 856.104.040,Fresones
5186,INSTRUMENTOS DIAMANTADOS 858.104.014,Analogo
5186,INSTRUMENTOS DIAMANTADOS 858.104.014,Fresones Diamantados
5186,INSTRUMENTOS DIAMANTADOS 858.104.014,Consumible
5186,INSTRUMENTOS DIAMANTADOS 858.104.014,Fresones
5189,INSTRUMENTOS DIAMANTADOS 859.104.010,Analogo
5189,INSTRUMENTOS DIAMANTADOS 859.104.010,Fresones Diamantados
5189,INSTRUMENTOS DIAMANTADOS 859.104.010,Consumible
5189,INSTRUMENTOS DIAMANTADOS 859.104.010,Fresones
5192,INSTRUMENTOS DIAMANTADOS 859.104.018,Analogo
5192,INSTRUMENTOS DIAMANTADOS 859.104.018,Fresones Diamantados
5192,INSTRUMENTOS DIAMANTADOS 859.104.018,Consumible
5192,INSTRUMENTOS DIAMANTADOS 859.104.018,Fresones
5195,INSTRUMENTOS DIAMANTADOS 860.104.012,Analogo
5195,INSTRUMENTOS DIAMANTADOS 860.104.012,Fresones Diamantados
5195,INSTRUMENTOS DIAMANTADOS 860.104.012,Consumible
5195,INSTRUMENTOS DIAMANTADOS 860.104.012,Fresones
5198,INSTRUMENTOS DIAMANTADOS 860.104.016,Analogo
5198,INSTRUMENTOS DIAMANTADOS 860.104.016,Fresones Diamantados
5198,INSTRUMENTOS DIAMANTADOS 860.104.016,Consumible
5198,INSTRUMENTOS DIAMANTADOS 860.104.016,Fresones
5201,INSTRUMENTOS DIAMANTADOS 862.104.014,Analogo
5201,INSTRUMENTOS DIAMANTADOS 862.104.014,Fresones Diamantados
5201,INSTRUMENTOS DIAMANTADOS 862.104.014,Consumible
5201,INSTRUMENTOS DIAMANTADOS 862.104.014,Fresones
5204,INSTRUMENTOS DIAMANTADOS 862.104.018,Analogo
5204,INSTRUMENTOS DIAMANTADOS 862.104.018,Fresones Diamantados
5204,INSTRUMENTOS DIAMANTADOS 862.104.018,Consumible
5204,INSTRUMENTOS DIAMANTADOS 862.104.018,Fresones
5207,INSTRUMENTOS DIAMANTADOS 863.104.012,Analogo
5207,INSTRUMENTOS DIAMANTADOS 863.104.012,Fresones Diamantados
5207,INSTRUMENTOS DIAMANTADOS 863.104.012,Consumible
5207,INSTRUMENTOS DIAMANTADOS 863.104.012,Fresones
5210,INSTRUMENTOS DIAMANTADOS 863.104.016,Analogo
5210,INSTRUMENTOS DIAMANTADOS 863.104.016,Fresones Diamantados
5210,INSTRUMENTOS DIAMANTADOS 863.104.016,Consumible
5210,INSTRUMENTOS DIAMANTADOS 863.104.016,Fresones
5213,INSTRUMENTOS DIAMANTADOS 863.104.025,Analogo
5213,INSTRUMENTOS DIAMANTADOS 863.104.025,Fresones Diamantados
5213,INSTRUMENTOS DIAMANTADOS 863.104.025,Consumible
5213,INSTRUMENTOS DIAMANTADOS 863.104.025,Fresones
5216,INSTRUMENTOS DIAMANTADOS 880.104.014,Analogo
5216,INSTRUMENTOS DIAMANTADOS 880.104.014,Fresones Diamantados
5216,INSTRUMENTOS DIAMANTADOS 880.104.014,Consumible
5216,INSTRUMENTOS DIAMANTADOS 880.104.014,Fresones
5219,INSTRUMENTOS DIAMANTADOS 880.104.018,Analogo
5219,INSTRUMENTOS DIAMANTADOS 880.104.018,Fresones Diamantados
5219,INSTRUMENTOS DIAMANTADOS 880.104.018,Consumible
5219,INSTRUMENTOS DIAMANTADOS 880.104.018,Fresones
5222,INSTRUMENTOS DIAMANTADOS 880.104.023,Analogo
5222,INSTRUMENTOS DIAMANTADOS 880.104.023,Fresones Diamantados
5222,INSTRUMENTOS DIAMANTADOS 880.104.023,Consumible
5222,INSTRUMENTOS DIAMANTADOS 880.104.023,Fresones
5225,INSTRUMENTOS DIAMANTADOS 880.104.027,Analogo
5225,INSTRUMENTOS DIAMANTADOS 880.104.027,Fresones Diamantados
5225,INSTRUMENTOS DIAMANTADOS 880.104.027,Consumible
5225,INSTRUMENTOS DIAMANTADOS 880.104.027,Fresones
5243,INSTRUMENTOS DIAMANTADOS 892.104.025,Analogo
5243,INSTRUMENTOS DIAMANTADOS 892.104.025,Fresones Diamantados
5243,INSTRUMENTOS DIAMANTADOS 892.104.025,Consumible
5243,INSTRUMENTOS DIAMANTADOS 892.104.025,Fresones
5246,INSTRUMENTOS DIAMANTADOS 902.104.130,Analogo
5246,INSTRUMENTOS DIAMANTADOS 902.104.130,Fresones Diamantados
5246,INSTRUMENTOS DIAMANTADOS 902.104.130,Consumible
5246,INSTRUMENTOS DIAMANTADOS 902.104.130,Fresones
5249,INSTRUMENTOS DIAMANTADOS 909.104.065,Analogo
5249,INSTRUMENTOS DIAMANTADOS 909.104.065,Fresones Diamantados
5249,INSTRUMENTOS DIAMANTADOS 909.104.065,Consumible
5249,INSTRUMENTOS DIAMANTADOS 909.104.065,Fresones
5252,INSTRUMENTOS DIAMANTADOS 911H.104.220,Analogo
5252,INSTRUMENTOS DIAMANTADOS 911H.104.220,Fresones Diamantados
5252,INSTRUMENTOS DIAMANTADOS 911H.104.220,Consumible
5252,INSTRUMENTOS DIAMANTADOS 911H.104.220,Fresones
5255,INSTRUMENTOS DIAMANTADOS 911HF.104.220,Analogo
5255,INSTRUMENTOS DIAMANTADOS 911HF.104.220,Fresones Diamantados
5255,INSTRUMENTOS DIAMANTADOS 911HF.104.220,Consumible
5255,INSTRUMENTOS DIAMANTADOS 911HF.104.220,Fresones
5258,INSTRUMENTOS DIAMANTADOS 911HH.104.220,Analogo
5258,INSTRUMENTOS DIAMANTADOS 911HH.104.220,Fresones Diamantados
5258,INSTRUMENTOS DIAMANTADOS 911HH.104.220,Consumible
5258,INSTRUMENTOS DIAMANTADOS 911HH.104.220,Fresones
5261,INSTRUMENTOS DIAMANTADOS 911HK.104.220,Analogo
5261,INSTRUMENTOS DIAMANTADOS 911HK.104.220,Fresones Diamantados
5261,INSTRUMENTOS DIAMANTADOS 911HK.104.220,Consumible
5261,INSTRUMENTOS DIAMANTADOS 911HK.104.220,Fresones
5264,INSTRUMENTOS DIAMANTADOS 911HV.104.220,Analogo
5264,INSTRUMENTOS DIAMANTADOS 911HV.104.220,Fresones Diamantados
5264,INSTRUMENTOS DIAMANTADOS 911HV.104.220,Consumible
5264,INSTRUMENTOS DIAMANTADOS 911HV.104.220,Fresones
5267,INSTRUMENTOS DIAMANTADOS 924XC.104.400,Analogo
5267,INSTRUMENTOS DIAMANTADOS 924XC.104.400,Fresones Diamantados
5267,INSTRUMENTOS DIAMANTADOS 924XC.104.400,Consumible
5267,INSTRUMENTOS DIAMANTADOS 924XC.104.400,Fresones
5270,INSTRUMENTOS DIAMANTADOS 934.104.100,Analogo
5270,INSTRUMENTOS DIAMANTADOS 934.104.100,Fresones Diamantados
5270,INSTRUMENTOS DIAMANTADOS 934.104.100,Consumible
5270,INSTRUMENTOS DIAMANTADOS 934.104.100,Fresones
5273,INSTRUMENTOS DIAMANTADOS 934.104.180,Analogo
5273,INSTRUMENTOS DIAMANTADOS 934.104.180,Fresones Diamantados
5273,INSTRUMENTOS DIAMANTADOS 934.104.180,Consumible
5273,INSTRUMENTOS DIAMANTADOS 934.104.180,Fresones
5276,INSTRUMENTOS DIAMANTADOS 934.104.220,Analogo
5276,INSTRUMENTOS DIAMANTADOS 934.104.220,Fresones Diamantados
5276,INSTRUMENTOS DIAMANTADOS 934.104.220,Consumible
5276,INSTRUMENTOS DIAMANTADOS 934.104.220,Fresones
5279,INSTRUMENTOS DIAMANTADOS 936.104.220,Analogo
5279,INSTRUMENTOS DIAMANTADOS 936.104.220,Fresones Diamantados
5279,INSTRUMENTOS DIAMANTADOS 936.104.220,Consumible
5279,INSTRUMENTOS DIAMANTADOS 936.104.220,Fresones
5324,INSTRUMENTOS DIAMANTADOS 942.104.200,Analogo
5324,INSTRUMENTOS DIAMANTADOS 942.104.200,Fresones Diamantados
5324,INSTRUMENTOS DIAMANTADOS 942.104.200,Consumible
5324,INSTRUMENTOS DIAMANTADOS 942.104.200,Fresones
5327,INSTRUMENTOS DIAMANTADOS 942.104.220,Analogo
5327,INSTRUMENTOS DIAMANTADOS 942.104.220,Fresones Diamantados
5327,INSTRUMENTOS DIAMANTADOS 942.104.220,Consumible
5327,INSTRUMENTOS DIAMANTADOS 942.104.220,Fresones
5345,INSTRUMENTOS DIAMANTADOS 946.104.220,Analogo
5345,INSTRUMENTOS DIAMANTADOS 946.104.220,Fresones Diamantados
5345,INSTRUMENTOS DIAMANTADOS 946.104.220,Consumible
5345,INSTRUMENTOS DIAMANTADOS 946.104.220,Fresones
5456,INSTRUMENTOS DIAMANTADOS 983.104.220,Analogo
5456,INSTRUMENTOS DIAMANTADOS 983.104.220,Fresones Diamantados
5456,INSTRUMENTOS DIAMANTADOS 983.104.220,Consumible
5456,INSTRUMENTOS DIAMANTADOS 983.104.220,Fresones
5462,INSTRUMENTOS DIAMANTADOS 984.104.220,Analogo
5462,INSTRUMENTOS DIAMANTADOS 984.104.220,Fresones Diamantados
5462,INSTRUMENTOS DIAMANTADOS 984.104.220,Consumible
5462,INSTRUMENTOS DIAMANTADOS 984.104.220,Fresones
5474,INSTRUMENTOS DIAMANTADOS 987P.104.400,Analogo
5474,INSTRUMENTOS DIAMANTADOS 987P.104.400,Fresones Diamantados
5474,INSTRUMENTOS DIAMANTADOS 987P.104.400,Consumible
5474,INSTRUMENTOS DIAMANTADOS 987P.104.400,Fresones
5477,INSTRUMENTOS DIAMANTADOS 987P.104.480,Analogo
5477,INSTRUMENTOS DIAMANTADOS 987P.104.480,Fresones Diamantados
5477,INSTRUMENTOS DIAMANTADOS 987P.104.480,Consumible
5477,INSTRUMENTOS DIAMANTADOS 987P.104.480,Fresones
5840,INSTRUMENTOS DIAMANTADOS DCB1.104.025,Analogo
5840,INSTRUMENTOS DIAMANTADOS DCB1.104.025,Fresones Diamantados
5840,INSTRUMENTOS DIAMANTADOS DCB1.104.025,Consumible
5840,INSTRUMENTOS DIAMANTADOS DCB1.104.025,Fresones
5846,INSTRUMENTOS DIAMANTADOS DCB2.104.048,Analogo
5846,INSTRUMENTOS DIAMANTADOS DCB2.104.048,Fresones Diamantados
5846,INSTRUMENTOS DIAMANTADOS DCB2.104.048,Consumible
5846,INSTRUMENTOS DIAMANTADOS DCB2.104.048,Fresones
5849,INSTRUMENTOS DIAMANTADOS DCB2.104.065,Analogo
5849,INSTRUMENTOS DIAMANTADOS DCB2.104.065,Fresones Diamantados
5849,INSTRUMENTOS DIAMANTADOS DCB2.104.065,Consumible
5849,INSTRUMENTOS DIAMANTADOS DCB2.104.065,Fresones
5852,INSTRUMENTOS DIAMANTADOS DCB2C.104.065,Analogo
5852,INSTRUMENTOS DIAMANTADOS DCB2C.104.065,Fresones Diamantados
5852,INSTRUMENTOS DIAMANTADOS DCB2C.104.065,Consumible
5852,INSTRUMENTOS DIAMANTADOS DCB2C.104.065,Fresones
94502,INSTRUMENTOS DIAMANTADOS DCB2CA.104.065,Analogo
94502,INSTRUMENTOS DIAMANTADOS DCB2CA.104.065,Fresones Diamantados
94502,INSTRUMENTOS DIAMANTADOS DCB2CA.104.065,Consumible
94502,INSTRUMENTOS DIAMANTADOS DCB2CA.104.065,Fresones
94499,INSTRUMENTOS DIAMANTADOS DCB2MA.104.048,Analogo
94499,INSTRUMENTOS DIAMANTADOS DCB2MA.104.048,Fresones Diamantados
94499,INSTRUMENTOS DIAMANTADOS DCB2MA.104.048,Consumible
94499,INSTRUMENTOS DIAMANTADOS DCB2MA.104.048,Fresones
5855,INSTRUMENTOS DIAMANTADOS DCB3.104.040,Analogo
5855,INSTRUMENTOS DIAMANTADOS DCB3.104.040,Fresones Diamantados
5855,INSTRUMENTOS DIAMANTADOS DCB3.104.040,Consumible
5855,INSTRUMENTOS DIAMANTADOS DCB3.104.040,Fresones
5858,INSTRUMENTOS DIAMANTADOS DCB3C.104.040,Analogo
5858,INSTRUMENTOS DIAMANTADOS DCB3C.104.040,Fresones Diamantados
5858,INSTRUMENTOS DIAMANTADOS DCB3C.104.040,Consumible
5858,INSTRUMENTOS DIAMANTADOS DCB3C.104.040,Fresones
5861,INSTRUMENTOS DIAMANTADOS DCB3CA.104.040,Analogo
5861,INSTRUMENTOS DIAMANTADOS DCB3CA.104.040,Fresones Diamantados
5861,INSTRUMENTOS DIAMANTADOS DCB3CA.104.040,Consumible
5861,INSTRUMENTOS DIAMANTADOS DCB3CA.104.040,Fresones
5864,INSTRUMENTOS DIAMANTADOS DCB4.104.120,Analogo
5864,INSTRUMENTOS DIAMANTADOS DCB4.104.120,Fresones Diamantados
5864,INSTRUMENTOS DIAMANTADOS DCB4.104.120,Consumible
5864,INSTRUMENTOS DIAMANTADOS DCB4.104.120,Fresones
5867,INSTRUMENTOS DIAMANTADOS DCB4C.104.120,Analogo
5867,INSTRUMENTOS DIAMANTADOS DCB4C.104.120,Fresones Diamantados
5867,INSTRUMENTOS DIAMANTADOS DCB4C.104.120,Consumible
5867,INSTRUMENTOS DIAMANTADOS DCB4C.104.120,Fresones
94505,INSTRUMENTOS DIAMANTADOS DCB4CA.104.120,Analogo
94505,INSTRUMENTOS DIAMANTADOS DCB4CA.104.120,Fresones Diamantados
94505,INSTRUMENTOS DIAMANTADOS DCB4CA.104.120,Consumible
94505,INSTRUMENTOS DIAMANTADOS DCB4CA.104.120,Fresones
5870,INSTRUMENTOS DIAMANTADOS DCB5.104.220,Analogo
5870,INSTRUMENTOS DIAMANTADOS DCB5.104.220,Fresones Diamantados
5870,INSTRUMENTOS DIAMANTADOS DCB5.104.220,Consumible
5870,INSTRUMENTOS DIAMANTADOS DCB5.104.220,Fresones
5873,INSTRUMENTOS DIAMANTADOS DCB6.104.120,Analogo
5873,INSTRUMENTOS DIAMANTADOS DCB6.104.120,Fresones Diamantados
5873,INSTRUMENTOS DIAMANTADOS DCB6.104.120,Consumible
5873,INSTRUMENTOS DIAMANTADOS DCB6.104.120,Fresones
5876,INSTRUMENTOS DIAMANTADOS DCB7C.104.220,Analogo
5876,INSTRUMENTOS DIAMANTADOS DCB7C.104.220,Fresones Diamantados
5876,INSTRUMENTOS DIAMANTADOS DCB7C.104.220,Consumible
5876,INSTRUMENTOS DIAMANTADOS DCB7C.104.220,Fresones
94508,INSTRUMENTOS DIAMANTADOS DCB7CA.104.220,Analogo
94508,INSTRUMENTOS DIAMANTADOS DCB7CA.104.220,Fresones Diamantados
94508,INSTRUMENTOS DIAMANTADOS DCB7CA.104.220,Consumible
94508,INSTRUMENTOS DIAMANTADOS DCB7CA.104.220,Fresones
7061,INSTRUMENTOS DIAMANTADOS K6974.104.220,Analogo
7061,INSTRUMENTOS DIAMANTADOS K6974.104.220,Fresones Diamantados
7061,INSTRUMENTOS DIAMANTADOS K6974.104.220,Consumible
7061,INSTRUMENTOS DIAMANTADOS K6974.104.220,Fresones
198986,INSULATION JACKET,Refaccion
155119,INSUTATION TABLE 674(I) COMPLETE,Refaccion
155119,INSUTATION TABLE 674(I) COMPLETE,Analogo
14291,INSYN FC GLAZE PASTE 4G,Analogo
14291,INSYN FC GLAZE PASTE 4G,Consumible
14291,INSYN FC GLAZE PASTE 4G,Ceramica Liquida
14288,INSYNC ZR GLAZE LIQUID 25 ML,Analogo
14288,INSYNC ZR GLAZE LIQUID 25 ML,Consumible
14288,INSYNC ZR GLAZE LIQUID 25 ML,Ceramica Liquida
298038,INTERES,Servicios
6854,INTERFACE ROTATIVA Ø 3.5 GH 1.5MM,Aditamentos Para Implantes
6854,INTERFACE ROTATIVA Ø 3.5 GH 1.5MM,Consumible
6854,INTERFACE ROTATIVA Ø 3.5 GH 1.5MM,Analogo
6764,INTERFASE ANTIRROTATIVA Ø 3.3 H 0.5MM 3D,Aditamentos Para Implantes
6764,INTERFASE ANTIRROTATIVA Ø 3.3 H 0.5MM 3D,Consumible
6764,INTERFASE ANTIRROTATIVA Ø 3.3 H 0.5MM 3D,Analogo
7004,INTERFASE ANTIRROTATIVA Ø 3.3 H 0.5MM 3D IPD/TA-IT-00/3D,Aditamentos Para Implantes
7004,INTERFASE ANTIRROTATIVA Ø 3.3 H 0.5MM 3D IPD/TA-IT-00/3D,Consumible
7004,INTERFASE ANTIRROTATIVA Ø 3.3 H 0.5MM 3D IPD/TA-IT-00/3D,Analogo
6770,INTERFASE ANTIRROTATIVA Ø 3.3 H 1.5MM 3D,Aditamentos Para Implantes
6770,INTERFASE ANTIRROTATIVA Ø 3.3 H 1.5MM 3D,Consumible
6770,INTERFASE ANTIRROTATIVA Ø 3.3 H 1.5MM 3D,Analogo
7007,INTERFASE ANTIRROTATIVA Ø 3.3 H 1.5MM 3D IPD/TA-IT-02/3D,Aditamentos Para Implantes
7007,INTERFASE ANTIRROTATIVA Ø 3.3 H 1.5MM 3D IPD/TA-IT-02/3D,Consumible
7007,INTERFASE ANTIRROTATIVA Ø 3.3 H 1.5MM 3D IPD/TA-IT-02/3D,Analogo
6845,INTERFASE ANTIRROTATIVA Ø 3.5 H 0.5 MM 3,Aditamentos Para Implantes
6845,INTERFASE ANTIRROTATIVA Ø 3.5 H 0.5 MM 3,Consumible
6845,INTERFASE ANTIRROTATIVA Ø 3.5 H 0.5 MM 3,Analogo
6851,INTERFASE ANTIRROTATIVA Ø 3.5 H 1.5 MM 3,Aditamentos Para Implantes
6851,INTERFASE ANTIRROTATIVA Ø 3.5 H 1.5 MM 3,Consumible
6851,INTERFASE ANTIRROTATIVA Ø 3.5 H 1.5 MM 3,Analogo
6857,INTERFASE ANTIRROTATIVA Ø 3.5 H 2.5MM 3D,Aditamentos Para Implantes
6857,INTERFASE ANTIRROTATIVA Ø 3.5 H 2.5MM 3D,Consumible
6857,INTERFASE ANTIRROTATIVA Ø 3.5 H 2.5MM 3D,Analogo
6776,INTERFASE ANTIRROTATIVA Ø 4.1 H 1.5 MM 3,Aditamentos Para Implantes
6776,INTERFASE ANTIRROTATIVA Ø 4.1 H 1.5 MM 3,Consumible
6776,INTERFASE ANTIRROTATIVA Ø 4.1 H 1.5 MM 3,Analogo
6590,INTERFASE ANTIRROTATIVA Ø 4.1 H 1.5MM 3D,Aditamentos Para Implantes
6590,INTERFASE ANTIRROTATIVA Ø 4.1 H 1.5MM 3D,Consumible
6593,INTERFASE ANTIRROTATIVA Ø 4.1 H 2.5MM 3D,Aditamentos Para Implantes
6593,INTERFASE ANTIRROTATIVA Ø 4.1 H 2.5MM 3D,Consumible
6593,INTERFASE ANTIRROTATIVA Ø 4.1 H 2.5MM 3D,Analogo
6782,INTERFASE ANTIRROTATIVA Ø 4.1 H 2.5MM 3D IPD/DB-IR-04/3D,Aditamentos Para Implantes
6782,INTERFASE ANTIRROTATIVA Ø 4.1 H 2.5MM 3D IPD/DB-IR-04/3D,Consumible
6782,INTERFASE ANTIRROTATIVA Ø 4.1 H 2.5MM 3D IPD/DB-IR-04/3D,Analogo
6908,INTERFASE ANTIRROTATIVA Ø 4.1 H0.5 MM 3D,Aditamentos Para Implantes
6908,INTERFASE ANTIRROTATIVA Ø 4.1 H0.5 MM 3D,Consumible
6908,INTERFASE ANTIRROTATIVA Ø 4.1 H0.5 MM 3D,Analogo
6914,INTERFASE ANTIRROTATIVA Ø 4.1 H1.5 MM 3D,Aditamentos Para Implantes
6914,INTERFASE ANTIRROTATIVA Ø 4.1 H1.5 MM 3D,Consumible
6914,INTERFASE ANTIRROTATIVA Ø 4.1 H1.5 MM 3D,Analogo
6920,INTERFASE ANTIRROTATIVA Ø 4.1 H2.5 MM 3D,Aditamentos Para Implantes
6920,INTERFASE ANTIRROTATIVA Ø 4.1 H2.5 MM 3D,Consumible
6920,INTERFASE ANTIRROTATIVA Ø 4.1 H2.5 MM 3D,Analogo
6860,INTERFASE ANTIRROTATIVA Ø 4.5 H 0.5 MM 3,Aditamentos Para Implantes
6860,INTERFASE ANTIRROTATIVA Ø 4.5 H 0.5 MM 3,Consumible
6860,INTERFASE ANTIRROTATIVA Ø 4.5 H 0.5 MM 3,Analogo
6863,INTERFASE ANTIRROTATIVA Ø 4.5 H 1.5MM 3D,Aditamentos Para Implantes
6863,INTERFASE ANTIRROTATIVA Ø 4.5 H 1.5MM 3D,Consumible
6863,INTERFASE ANTIRROTATIVA Ø 4.5 H 1.5MM 3D,Analogo
6728,INTERFASE ANTIRROTATIVA Ø 4.8 H 0.8 MM 3,Aditamentos Para Implantes
6728,INTERFASE ANTIRROTATIVA Ø 4.8 H 0.8 MM 3,Consumible
6728,INTERFASE ANTIRROTATIVA Ø 4.8 H 0.8 MM 3,Analogo
6587,INTERFASE ANTIRROTATIVA Ø4.1 H 0.5MM 3D,Aditamentos Para Implantes
6587,INTERFASE ANTIRROTATIVA Ø4.1 H 0.5MM 3D,Consumible
6587,INTERFASE ANTIRROTATIVA Ø4.1 H 0.5MM 3D,Analogo
7028,INTERFASE ANTIRROTATIVA SP H 0.5MM 3D,Aditamentos Para Implantes
7028,INTERFASE ANTIRROTATIVA SP H 0.5MM 3D,Consumible
7028,INTERFASE ANTIRROTATIVA SP H 0.5MM 3D,Analogo
7031,INTERFASE ANTIRROTATIVA SP H 1.5MM 3D,Aditamentos Para Implantes
7031,INTERFASE ANTIRROTATIVA SP H 1.5MM 3D,Consumible
7031,INTERFASE ANTIRROTATIVA SP H 1.5MM 3D,Analogo
6626,INTERFASE ROTATIVA MULTIUNIT Ø 4.8 H 0.2,Aditamentos Para Implantes
6626,INTERFASE ROTATIVA MULTIUNIT Ø 4.8 H 0.2,Consumible
6626,INTERFASE ROTATIVA MULTIUNIT Ø 4.8 H 0.2,Analogo
6767,INTERFASE ROTATIVA Ø 3.3 H 0.5MM 3D,Aditamentos Para Implantes
6767,INTERFASE ROTATIVA Ø 3.3 H 0.5MM 3D,Consumible
6767,INTERFASE ROTATIVA Ø 3.3 H 0.5MM 3D,Analogo
6773,INTERFASE ROTATIVA Ø 3.3 H 1.5MM 3D,Aditamentos Para Implantes
6773,INTERFASE ROTATIVA Ø 3.3 H 1.5MM 3D,Consumible
6773,INTERFASE ROTATIVA Ø 3.3 H 1.5MM 3D,Analogo
6848,INTERFASE ROTATIVA Ø 3.5 H 0.5 MM 3D,Aditamentos Para Implantes
6848,INTERFASE ROTATIVA Ø 3.5 H 0.5 MM 3D,Consumible
6848,INTERFASE ROTATIVA Ø 3.5 H 0.5 MM 3D,Analogo
6911,INTERFASE ROTATIVA Ø 4.1 H 0.5 MM 3D,Aditamentos Para Implantes
6911,INTERFASE ROTATIVA Ø 4.1 H 0.5 MM 3D,Consumible
6911,INTERFASE ROTATIVA Ø 4.1 H 0.5 MM 3D,Analogo
6917,INTERFASE ROTATIVA Ø 4.1 H 1.5 MM 3D,Aditamentos Para Implantes
6917,INTERFASE ROTATIVA Ø 4.1 H 1.5 MM 3D,Consumible
6917,INTERFASE ROTATIVA Ø 4.1 H 1.5 MM 3D,Analogo
6779,INTERFASE ROTATIVA Ø 4.1 H 1.5MM 3D,Aditamentos Para Implantes
6779,INTERFASE ROTATIVA Ø 4.1 H 1.5MM 3D,Consumible
6779,INTERFASE ROTATIVA Ø 4.1 H 1.5MM 3D,Analogo
6923,INTERFASE ROTATIVA Ø 4.1 H 2.5 MM 3D,Aditamentos Para Implantes
6923,INTERFASE ROTATIVA Ø 4.1 H 2.5 MM 3D,Consumible
6923,INTERFASE ROTATIVA Ø 4.1 H 2.5 MM 3D,Analogo
6785,INTERFASE ROTATIVA Ø 4.1 H 2.5MM 3D,Aditamentos Para Implantes
6785,INTERFASE ROTATIVA Ø 4.1 H 2.5MM 3D,Consumible
6785,INTERFASE ROTATIVA Ø 4.1 H 2.5MM 3D,Analogo
86466,INTERFASE ROTATIVA Ø 4.5 H 0.5 MM 3D,Aditamentos Para Implantes
86466,INTERFASE ROTATIVA Ø 4.5 H 0.5 MM 3D,Consumible
86466,INTERFASE ROTATIVA Ø 4.5 H 0.5 MM 3D,Analogo
6866,INTERFASE ROTATIVA Ø 4.5 H 1.5MM 3D,Aditamentos Para Implantes
6866,INTERFASE ROTATIVA Ø 4.5 H 1.5MM 3D,Consumible
6866,INTERFASE ROTATIVA Ø 4.5 H 1.5MM 3D,Analogo
6731,INTERFASE ROTATIVA Ø 4.8 H 0.8 MM 3D,Aditamentos Para Implantes
6731,INTERFASE ROTATIVA Ø 4.8 H 0.8 MM 3D,Consumible
6731,INTERFASE ROTATIVA Ø 4.8 H 0.8 MM 3D,Analogo
7019,INTERFASE ROTATIVA SP H 1.5MM 3D,Aditamentos Para Implantes
7019,INTERFASE ROTATIVA SP H 1.5MM 3D,Consumible
7019,INTERFASE ROTATIVA SP H 1.5MM 3D,Analogo
7034,INTERFASE ROTATIVA SP H 1.5MM 3D IPD/TB-IR-03/3D,Aditamentos Para Implantes
7034,INTERFASE ROTATIVA SP H 1.5MM 3D IPD/TB-IR-03/3D,Consumible
7034,INTERFASE ROTATIVA SP H 1.5MM 3D IPD/TB-IR-03/3D,Analogo
6563,INTERNO FLUID 20 ML,Analogo
6563,INTERNO FLUID 20 ML,Stains Para Ceramica
6563,INTERNO FLUID 20 ML,Consumible
6563,INTERNO FLUID 20 ML,Stains
6566,INTERNO KIT,Analogo
6566,INTERNO KIT,Stains Para Ceramica
6566,INTERNO KIT,Consumible
6566,INTERNO KIT,Stains
6521,INTERNO POWDER 01 3G,Analogo
6521,INTERNO POWDER 01 3G,Stains Para Ceramica
6521,INTERNO POWDER 01 3G,Consumible
6521,INTERNO POWDER 01 3G,Stains
6524,INTERNO POWDER 02 3G,Analogo
6524,INTERNO POWDER 02 3G,Stains Para Ceramica
6524,INTERNO POWDER 02 3G,Consumible
6524,INTERNO POWDER 02 3G,Stains
6527,INTERNO POWDER 03 3G,Analogo
6527,INTERNO POWDER 03 3G,Stains Para Ceramica
6527,INTERNO POWDER 03 3G,Consumible
6527,INTERNO POWDER 03 3G,Stains
6530,INTERNO POWDER 04 3G,Analogo
6530,INTERNO POWDER 04 3G,Stains Para Ceramica
6530,INTERNO POWDER 04 3G,Consumible
6530,INTERNO POWDER 04 3G,Stains
6533,INTERNO POWDER 05 3G,Analogo
6533,INTERNO POWDER 05 3G,Stains Para Ceramica
6533,INTERNO POWDER 05 3G,Consumible
6533,INTERNO POWDER 05 3G,Stains
6536,INTERNO POWDER 06 3G,Analogo
6536,INTERNO POWDER 06 3G,Stains Para Ceramica
6536,INTERNO POWDER 06 3G,Consumible
6536,INTERNO POWDER 06 3G,Stains
6539,INTERNO POWDER 07 3G,Analogo
6539,INTERNO POWDER 07 3G,Stains Para Ceramica
6539,INTERNO POWDER 07 3G,Consumible
6539,INTERNO POWDER 07 3G,Stains
6542,INTERNO POWDER 08 3G,Analogo
6542,INTERNO POWDER 08 3G,Stains Para Ceramica
6542,INTERNO POWDER 08 3G,Consumible
6542,INTERNO POWDER 08 3G,Stains
6545,INTERNO POWDER 09 3G,Analogo
6545,INTERNO POWDER 09 3G,Stains Para Ceramica
6545,INTERNO POWDER 09 3G,Consumible
6545,INTERNO POWDER 09 3G,Stains
6548,INTERNO POWDER 10 3G,Analogo
6548,INTERNO POWDER 10 3G,Stains Para Ceramica
6548,INTERNO POWDER 10 3G,Consumible
6548,INTERNO POWDER 10 3G,Stains
6551,INTERNO POWDER 11 3G,Analogo
6551,INTERNO POWDER 11 3G,Stains Para Ceramica
6551,INTERNO POWDER 11 3G,Consumible
6551,INTERNO POWDER 11 3G,Stains
6554,INTERNO POWDER 12 3G,Analogo
6554,INTERNO POWDER 12 3G,Stains Para Ceramica
6554,INTERNO POWDER 12 3G,Consumible
6554,INTERNO POWDER 12 3G,Stains
6557,INTERNO POWDER 13 3G,Analogo
6557,INTERNO POWDER 13 3G,Stains Para Ceramica
6557,INTERNO POWDER 13 3G,Consumible
6557,INTERNO POWDER 13 3G,Stains
6560,INTERNO POWDER 14 3G,Analogo
6560,INTERNO POWDER 14 3G,Stains Para Ceramica
6560,INTERNO POWDER 14 3G,Consumible
6560,INTERNO POWDER 14 3G,Stains
97903,INTRA ORAL SCANNER I700 WIRELESS,Digital
97903,INTRA ORAL SCANNER I700 WIRELESS,Escaner Intraoral
97903,INTRA ORAL SCANNER I700 WIRELESS,Equipo
89637,INTRAORAL CAMERA SYSTEM,Equipo
89637,INTRAORAL CAMERA SYSTEM,Digital
4835,INTRUMENTOS DIAMANTADOS,Analogo
4835,INTRUMENTOS DIAMANTADOS,Fresones Diamantados
4835,INTRUMENTOS DIAMANTADOS,Consumible
4835,INTRUMENTOS DIAMANTADOS,Fresones
4838,INTRUMENTOS DIAMANTADOS 5850A.104.023,Analogo
4838,INTRUMENTOS DIAMANTADOS 5850A.104.023,Fresones Diamantados
4838,INTRUMENTOS DIAMANTADOS 5850A.104.023,Consumible
4838,INTRUMENTOS DIAMANTADOS 5850A.104.023,Fresones
5123,INTRUMENTOS DIAMANTADOS 847.104.050,Analogo
5123,INTRUMENTOS DIAMANTADOS 847.104.050,Fresones Diamantados
5123,INTRUMENTOS DIAMANTADOS 847.104.050,Consumible
5123,INTRUMENTOS DIAMANTADOS 847.104.050,Fresones
5132,INTRUMENTOS DIAMANTADOS 848.104.023,Analogo
5132,INTRUMENTOS DIAMANTADOS 848.104.023,Fresones Diamantados
5132,INTRUMENTOS DIAMANTADOS 848.104.023,Consumible
5132,INTRUMENTOS DIAMANTADOS 848.104.023,Fresones
5171,INTRUMENTOS DIAMANTADOS 852.104.012,Analogo
5171,INTRUMENTOS DIAMANTADOS 852.104.012,Fresones Diamantados
5171,INTRUMENTOS DIAMANTADOS 852.104.012,Consumible
5171,INTRUMENTOS DIAMANTADOS 852.104.012,Fresones
5183,INTRUMENTOS DIAMANTADOS 856.104.050,Analogo
5183,INTRUMENTOS DIAMANTADOS 856.104.050,Fresones Diamantados
5183,INTRUMENTOS DIAMANTADOS 856.104.050,Consumible
5183,INTRUMENTOS DIAMANTADOS 856.104.050,Fresones
5240,INTRUMENTOS DIAMANTADOS 892.104.020,Analogo
5240,INTRUMENTOS DIAMANTADOS 892.104.020,Fresones Diamantados
5240,INTRUMENTOS DIAMANTADOS 892.104.020,Consumible
5240,INTRUMENTOS DIAMANTADOS 892.104.020,Fresones
5333,INTRUMENTOS DIAMANTADOS 943.104.100,Analogo
5333,INTRUMENTOS DIAMANTADOS 943.104.100,Fresones Diamantados
5333,INTRUMENTOS DIAMANTADOS 943.104.100,Consumible
5333,INTRUMENTOS DIAMANTADOS 943.104.100,Fresones
5834,INTRUMENTOS DIAMANTADOS D2014.104.180,Analogo
5834,INTRUMENTOS DIAMANTADOS D2014.104.180,Fresones Diamantados
5834,INTRUMENTOS DIAMANTADOS D2014.104.180,Consumible
5834,INTRUMENTOS DIAMANTADOS D2014.104.180,Fresones
5837,INTRUMENTOS DIAMANTADOS D2014.104.220,Analogo
5837,INTRUMENTOS DIAMANTADOS D2014.104.220,Fresones Diamantados
5837,INTRUMENTOS DIAMANTADOS D2014.104.220,Consumible
5837,INTRUMENTOS DIAMANTADOS D2014.104.220,Fresones
5843,INTRUMENTOS DIAMANTADOS DCB1CA.104.025,Analogo
5843,INTRUMENTOS DIAMANTADOS DCB1CA.104.025,Fresones Diamantados
5843,INTRUMENTOS DIAMANTADOS DCB1CA.104.025,Consumible
5843,INTRUMENTOS DIAMANTADOS DCB1CA.104.025,Fresones
5879,INTRUMENTOS DIAMANTADOS DCB8CA.104.035,Analogo
5879,INTRUMENTOS DIAMANTADOS DCB8CA.104.035,Fresones Diamantados
5879,INTRUMENTOS DIAMANTADOS DCB8CA.104.035,Consumible
5879,INTRUMENTOS DIAMANTADOS DCB8CA.104.035,Fresones
5882,INTRUMENTOS DIAMANTADOS DCB9CA.104.050,Analogo
5882,INTRUMENTOS DIAMANTADOS DCB9CA.104.050,Fresones Diamantados
5882,INTRUMENTOS DIAMANTADOS DCB9CA.104.050,Consumible
5882,INTRUMENTOS DIAMANTADOS DCB9CA.104.050,Fresones
116525,INVESTMENT RING TRIXPRESS SET,Refaccion
116525,INVESTMENT RING TRIXPRESS SET,Analogo
4883,IQ COMPACT ASHFREE AZUL 45G,Analogo
4883,IQ COMPACT ASHFREE AZUL 45G,Ceras De Modelado
4883,IQ COMPACT ASHFREE AZUL 45G,Consumible
4910,IQ COMPACT ASHFREE CERA AMARILLA 45 G,Analogo
4910,IQ COMPACT ASHFREE CERA AMARILLA 45 G,Ceras De Modelado
4910,IQ COMPACT ASHFREE CERA AMARILLA 45 G,Consumible
4892,IQ COMPACT ASHFREE CERA BEIGE 45 G,Analogo
4892,IQ COMPACT ASHFREE CERA BEIGE 45 G,Ceras De Modelado
4892,IQ COMPACT ASHFREE CERA BEIGE 45 G,Consumible
4907,IQ COMPACT ASHFREE CERA GRIS 45G,Analogo
4907,IQ COMPACT ASHFREE CERA GRIS 45G,Ceras De Modelado
4907,IQ COMPACT ASHFREE CERA GRIS 45G,Consumible
4931,IQ COMPACT ASHFREE CERA NEGRA 45 G,Analogo
4931,IQ COMPACT ASHFREE CERA NEGRA 45 G,Ceras De Modelado
4931,IQ COMPACT ASHFREE CERA NEGRA 45 G,Consumible
89946,IQ COMPACT ASHFREE CERA PARA MODELAR BLANCO 45G,Analogo
89946,IQ COMPACT ASHFREE CERA PARA MODELAR BLANCO 45G,Ceras De Modelado
89946,IQ COMPACT ASHFREE CERA PARA MODELAR BLANCO 45G,Consumible
4898,IQ COMPACT ASHFREE CERA VERDE,Analogo
4898,IQ COMPACT ASHFREE CERA VERDE,Ceras De Modelado
4898,IQ COMPACT ASHFREE CERA VERDE,Consumible
4913,IQ COMPACT CERA BLANCA 8G,Analogo
4913,IQ COMPACT CERA BLANCA 8G,Ceras De Modelado
4913,IQ COMPACT CERA BLANCA 8G,Consumible
4895,IQ COMPACT OPAQUE CERA BEIGE 45G,Analogo
4895,IQ COMPACT OPAQUE CERA BEIGE 45G,Ceras De Modelado
4895,IQ COMPACT OPAQUE CERA BEIGE 45G,Consumible
4577,IQ KIT DE CERAS OPAQUE 6 CERAS 8G,Analogo
4577,IQ KIT DE CERAS OPAQUE 6 CERAS 8G,Ceras De Modelado
4577,IQ KIT DE CERAS OPAQUE 6 CERAS 8G,Consumible
93489,IRIN CHAMBER PRESS-I-DENT,Analogo
93489,IRIN CHAMBER PRESS-I-DENT,Hornos
93489,IRIN CHAMBER PRESS-I-DENT,Refaccion
4820,ISO QUICK,Analogo
4820,ISO QUICK,Espaciador
4820,ISO QUICK,Consumible
4841,ISO STEAM LÍQUIDO AISLANTE 3 ML,Analogo
4841,ISO STEAM LÍQUIDO AISLANTE 3 ML,Espaciador
4841,ISO STEAM LÍQUIDO AISLANTE 3 ML,Consumible
85220,ISOGIPS CLASSIC 1000ML,Analogo
85220,ISOGIPS CLASSIC 1000ML,Insumos De Laboratorio
85220,ISOGIPS CLASSIC 1000ML,Consumible
3725,ISOLATION THERM 3 DOOR,Digital
3725,ISOLATION THERM 3 DOOR,Hornos
3725,ISOLATION THERM 3 DOOR,Refaccion
3725,ISOLATION THERM 3 DOOR,Hornos De Sinterizado
3866,"ISOSIL SILICONE SPRAY, MULTI-PURPOSE IN",Analogo
3866,"ISOSIL SILICONE SPRAY, MULTI-PURPOSE IN",Insumos De Laboratorio
3866,"ISOSIL SILICONE SPRAY, MULTI-PURPOSE IN",Consumible
3860,ISOWACHS 25ML,Analogo
3860,ISOWACHS 25ML,Espaciador
3860,ISOWACHS 25ML,Consumible
3863,ISOWACHS PLUS 100 ML,Analogo
3863,ISOWACHS PLUS 100 ML,Espaciador
3863,ISOWACHS PLUS 100 ML,Consumible
83421,IVAC 2.B COMPACT 120V,Digital
83421,IVAC 2.B COMPACT 120V,Aspiradoras
83421,IVAC 2.B COMPACT 120V,Equipo
83424,IVAC 2.B TWIN INFINITY 120V,Digital
83424,IVAC 2.B TWIN INFINITY 120V,Aspiradoras
83424,IVAC 2.B TWIN INFINITY 120V,Equipo
90430,IVAC 2.C COMPACT 230V,Digital
90430,IVAC 2.C COMPACT 230V,Aspiradoras
90430,IVAC 2.C COMPACT 230V,Software
85538,JAEGER SPINDLE 100K SHF,Digital
85538,JAEGER SPINDLE 100K SHF,Fresadoras
85538,JAEGER SPINDLE 100K SHF,Refaccion
85536,JAEGER SPINDLE M2I,Digital
85536,JAEGER SPINDLE M2I,Fresadoras
85536,JAEGER SPINDLE M2I,Refaccion
82369,JAEGER SPINDLE MOTION,Digital
82369,JAEGER SPINDLE MOTION,Fresadoras
82369,JAEGER SPINDLE MOTION,Refaccion
87161,JENSEN MIYO GINGIVAL FINISHING SYSTEM KIT,Analogo
87161,JENSEN MIYO GINGIVAL FINISHING SYSTEM KIT,Ceramica Liquida
87161,JENSEN MIYO GINGIVAL FINISHING SYSTEM KIT,Consumible
123198,JETSTREAM CONTROL PANEL ISERIES,Refaccion
123198,JETSTREAM CONTROL PANEL ISERIES,Analogo
83415,JETSTREAM INFINITY 2STATION 120V,Digital
83415,JETSTREAM INFINITY 2STATION 120V,Aspiradoras
83415,JETSTREAM INFINITY 2STATION 120V,Equipo
113632,JETSTREAM WIDE 120V,Digital
113632,JETSTREAM WIDE 120V,Aspiradoras
113632,JETSTREAM WIDE 120V,Equipo
123190,JS CADCAM DUST COLLECTOR,Aspiradoras
123190,JS CADCAM DUST COLLECTOR,Equipo
123190,JS CADCAM DUST COLLECTOR,Analogo
81081,JUEGO BASIC LINE,Analogo
81081,JUEGO BASIC LINE,Consumible
81081,JUEGO BASIC LINE,Pinceles
81285,JUEGO DE INSTRUMENTOS STANDARD,Analogo
81285,JUEGO DE INSTRUMENTOS STANDARD,Consumible
81285,JUEGO DE INSTRUMENTOS STANDARD,Instrumentos Para Encerado
3791,JUEGO DE PLACAS MADRE SPLITEX. 3PARTES,Analogo
3791,JUEGO DE PLACAS MADRE SPLITEX. 3PARTES,Articuladores
3791,JUEGO DE PLACAS MADRE SPLITEX. 3PARTES,Accesorio
4679,JUEGO DE PLACAS SPLITEX VERSION C,Digital
4679,JUEGO DE PLACAS SPLITEX VERSION C,Accesorio
4679,JUEGO DE PLACAS SPLITEX VERSION C,Articuladores
80646,JUEGO DE SACOS DE POLVOS SILENT 5 PZS,Analogo
80646,JUEGO DE SACOS DE POLVOS SILENT 5 PZS,Consumible
80646,JUEGO DE SACOS DE POLVOS SILENT 5 PZS,Insumos De Laboratorio
85783,JUEGO DE TORNILLO 98,Digital
85783,JUEGO DE TORNILLO 98,Fresadoras
85783,JUEGO DE TORNILLO 98,Refaccion
85783,JUEGO DE TORNILLOS 98,Digital
85783,JUEGO DE TORNILLOS 98,Refaccion
85783,JUEGO DE TORNILLOS 98,Fresadoras
85694,JUEGO DE TORNILLOS CERAMILL MOTION 2,Digital
85694,JUEGO DE TORNILLOS CERAMILL MOTION 2,Fresadoras
85694,JUEGO DE TORNILLOS CERAMILL MOTION 2,Refaccion
109702,JUEGO FILTRO AIRE DE ESCAPE,Filtros
109702,JUEGO FILTRO AIRE DE ESCAPE,Consumible
109702,JUEGO FILTRO AIRE DE ESCAPE,Analogo
89573,K2 BONDER B 5G,K2
89573,K2 BONDER B 5G,Analogo
89579,K2 CILINDRO EN SILICONA PEQUEÑO 100G+ ZOCALO COMPLETO,Consumible
89579,K2 CILINDRO EN SILICONA PEQUEÑO 100G+ ZOCALO COMPLETO,Analogo
89570,K2 PASTA DE GLASEADO GL 5G,K2
89570,K2 PASTA DE GLASEADO GL 5G,Analogo
89576,K2 PISTON PEQUEÑO 2G 5PZ,Consumible
89576,K2 PISTON PEQUEÑO 2G 5PZ,Analogo
111506,K2 REVESTIMIENTO PARA CERAMICA PRESS UNIVERSAL 50 X 100G + LIQUIDO,Analogo
111506,K2 REVESTIMIENTO PARA CERAMICA PRESS UNIVERSAL 50 X 100G + LIQUIDO,Investimento
111506,K2 REVESTIMIENTO PARA CERAMICA PRESS UNIVERSAL 50 X 100G + LIQUIDO,Consumible
85003,KAS SET ARTICULADOR,Digital
85003,KAS SET ARTICULADOR,Escaner Intraoral
85003,KAS SET ARTICULADOR,Accesorio
248217,KIT AG MOTION 3 EQUIPOS CONSUMIBLES,Digital
248217,KIT AG MOTION 3 EQUIPOS CONSUMIBLES,Equipo
248217,KIT AG MOTION 3 EQUIPOS CONSUMIBLES,Fresadoras
304369,KIT ARIA + I600,Digital
304369,KIT ARIA + I600,Equipo
304369,KIT ARIA + I600,Escaner Intraoral
304366,KIT ARIA + I700,Digital
304366,KIT ARIA + I700,Equipo
304366,KIT ARIA + I700,Escaner Intraoral
142210,KIT ARTEX TYP CR,Analogo
142210,KIT ARTEX TYP CR,Articuladores
142210,KIT ARTEX TYP CR,Equipo
290316,KIT ARTEX TYP CT,Digital
290316,KIT ARTEX TYP CT,Equipo
290316,KIT ARTEX TYP CT,Articuladores
85703,KIT DE SELLADO MOTION 2,Digital
85703,KIT DE SELLADO MOTION 2,Fresadoras
85703,KIT DE SELLADO MOTION 2,Refaccion
302455,KIT EQUIPOS FRESADORAS,Digital
302455,KIT EQUIPOS FRESADORAS,Equipo
302455,KIT EQUIPOS FRESADORAS,Fresadoras
302455,KIT EQUIPOS Y CONSUMIBLES,Digital
302455,KIT EQUIPOS Y CONSUMIBLES,Varios
307859,KIT ESCANER AORALSCAN SHINING + IMPRESORA PHROZEN MINI 8KS,Digital
307859,KIT ESCANER AORALSCAN SHINING + IMPRESORA PHROZEN MINI 8KS,Equipo
307859,KIT ESCANER AORALSCAN SHINING + IMPRESORA PHROZEN MINI 8KS,Escaner Intraoral
119470,KIT I600,Digital
119470,KIT I600,Equipo
119470,KIT I600,Escaner Intraoral
288290,KIT I700 CAD,Digital
288290,KIT I700 CAD,Equipo
288290,KIT I700 CAD,Escaner Intraoral
288290,KIT I700 CAD PARA SISTEMA AMANN GIRRBACH,Digital
288290,KIT I700 CAD PARA SISTEMA AMANN GIRRBACH,Equipo
288290,KIT I700 CAD PARA SISTEMA AMANN GIRRBACH,Escaner Intraoral
212472,KIT I700 DESIGN,Digital
212472,KIT I700 DESIGN,Equipo
212472,KIT I700 DESIGN,Escaner Intraoral
212427,KIT I700 DESIGN & PRINT,Digital
212427,KIT I700 DESIGN & PRINT,Equipo
212427,KIT I700 DESIGN & PRINT,Escaner Intraoral
122183,KIT KOMET ACRILICOS,Analogo
122183,KIT KOMET ACRILICOS,Kits De Fresones
122183,KIT KOMET ACRILICOS,Consumible
122183,KIT KOMET ACRILICOS,Fresones
122179,KIT KOMET CERAMICAS,Analogo
122179,KIT KOMET CERAMICAS,Kits De Fresones
122179,KIT KOMET CERAMICAS,Consumible
122179,KIT KOMET CERAMICAS,Fresones
121998,KIT KOMET GERARDO B,Analogo
121998,KIT KOMET GERARDO B,Kits De Fresones
121998,KIT KOMET GERARDO B,Consumible
121998,KIT KOMET GERARDO B,Fresones
121989,KIT KOMET HUGO SL,Analogo
121989,KIT KOMET HUGO SL,Kits De Fresones
121989,KIT KOMET HUGO SL,Consumible
121989,KIT KOMET HUGO SL,Fresones
122187,KIT KOMET METALES,Analogo
122187,KIT KOMET METALES,Kits De Fresones
122187,KIT KOMET METALES,Consumible
122187,KIT KOMET METALES,Fresones
122002,KIT KOMET PUBLICIDAD,Analogo
122002,KIT KOMET PUBLICIDAD,Kits De Fresones
122002,KIT KOMET PUBLICIDAD,Consumible
122002,KIT KOMET PUBLICIDAD,Fresones
122174,KIT KOMET UNIVERSALES,Analogo
122174,KIT KOMET UNIVERSALES,Kits De Fresones
122174,KIT KOMET UNIVERSALES,Consumible
122174,KIT KOMET UNIVERSALES,Fresones
122305,KIT KOMET YESOS,Digital
122305,KIT KOMET YESOS,Kits Komet
122305,KIT KOMET YESOS,Consumible
6980,KIT MANGO LABORATORIO CON PUNTAS 32 MM,Aditamentos Para Implantes
6980,KIT MANGO LABORATORIO CON PUNTAS 32 MM,Consumible
6980,KIT MANGO LABORATORIO CON PUNTAS 32 MM,Analogo
117292,KIT MATIK,Digital
117292,KIT MATIK,Fresadoras
117292,KIT MATIK,Equipo
302309,KIT MATRON,Digital
302309,KIT MATRON,Equipo
302309,KIT MATRON,Fresadoras
295143,KIT MAX UV,Digital
295143,KIT MAX UV,Equipo
295143,KIT MAX UV,Impresoras 3d
295143,KIT MAX UV,Impresoras Dlp
297821,KIT PHROZEN SONIC MIGHTY 14K REVO,Digital
297821,KIT PHROZEN SONIC MIGHTY 14K REVO,Equipo
297821,KIT PHROZEN SONIC MIGHTY 14K REVO,Impresoras 3d
297821,KIT PHROZEN SONIC MIGHTY 14K REVO,Impresoras Lcd
298919,KIT PHROZEN SONIC MIGHTY 4K,Digital
298919,KIT PHROZEN SONIC MIGHTY 4K,Equipo
298919,KIT PHROZEN SONIC MIGHTY 4K,Impresoras 3d
298919,KIT PHROZEN SONIC MIGHTY 4K,Impresoras Lcd
298922,KIT PHROZEN SONIC MINI 8K S,Digital
298922,KIT PHROZEN SONIC MINI 8K S,Equipo
298922,KIT PHROZEN SONIC MINI 8K S,Impresoras 3d
298922,KIT PHROZEN SONIC MINI 8K S,Impresoras Lcd
117305,KIT PINCELES,Analogo
117305,KIT PINCELES,Pinceles
117305,KIT PINCELES,Consumible
212464,KIT PRINT,Digital
212464,KIT PRINT,Equipo
212464,KIT PRINT,Impresoras 3d
305201,KIT Q3 BASIC INCLUYE 10715 - 9400/3 - 9440,Analogo
305201,KIT Q3 BASIC INCLUYE 10715 - 9400/3 - 9440,Equipo
305201,KIT Q3 BASIC INCLUYE 10715 - 9400/3 - 9440,Micromotores
295136,KIT ULTRA 50,Digital
295136,KIT ULTRA 50,Equipo
295136,KIT ULTRA 50,Impresoras 3d
295136,KIT ULTRA 50,Impresoras Dlp
208659,KIT V60 I-LINE PLUS,Analogo
208659,KIT V60 I-LINE PLUS,Equipo
208659,KIT V60 I-LINE PLUS,Hornos
208659,KIT V60 I-LINE PLUS,Hornos De Coccion
285644,KIT VITA 6000MP,Analogo
285644,KIT VITA 6000MP,Hornos
285644,KIT VITA 6000MP,Equipo
285644,KIT VITA 6000MP,Hornos De Prensado
289422,KIT ZYRCOMAT 6100MS,Hornos
289422,KIT ZYRCOMAT 6100MS,Equipo
289422,KIT ZYRCOMAT 6100MS,Analogo
289422,KIT ZYRCOMAT 6100MS,Hornos De Sinterizado
3467,L PROTECT,Analogo
229536,LAGKAPTEN TBL TP 140X60 GREY TURQUOISE,Equipo
114072,LAPTOP G,Digital
114072,LAPTOP G,Equipo
114072,LAPTOP G,Equipo De Computo
81378,LAY:ART CRYSTAL LOSETA DE MEZCLA,Analogo
81378,LAY:ART CRYSTAL LOSETA DE MEZCLA,Consumible
81378,LAY:ART CRYSTAL LOSETA DE MEZCLA,Mezcladoras Al Vacio
100975,LCD DRIVER BOARD SET FOR MIGHTY,Digital
100975,LCD DRIVER BOARD SET FOR MIGHTY,Impresoras 3d
100975,LCD DRIVER BOARD SET FOR MIGHTY,Refaccion
100975,LCD DRIVER BOARD SET FOR MIGHTY,Impresoras Lcd
100917,LCD DRIVER BOARD SET FOR S4KP,Digital
100917,LCD DRIVER BOARD SET FOR S4KP,Impresoras 3d
100917,LCD DRIVER BOARD SET FOR S4KP,Refaccion
100917,LCD DRIVER BOARD SET FOR S4KP,Impresoras Lcd
100924,LCD DRIVER BOARD SET FOR S4KP ADAPTOR,Digital
100924,LCD DRIVER BOARD SET FOR S4KP ADAPTOR,Impresoras 3d
100924,LCD DRIVER BOARD SET FOR S4KP ADAPTOR,Refaccion
100924,LCD DRIVER BOARD SET FOR S4KP ADAPTOR,Impresoras Lcd
100941,LCD DRIVER BOARD SET FOR SONIC MINI 4K,Digital
100941,LCD DRIVER BOARD SET FOR SONIC MINI 4K,Impresoras 3d
100941,LCD DRIVER BOARD SET FOR SONIC MINI 4K,Refaccion
100941,LCD DRIVER BOARD SET FOR SONIC MINI 4K,Impresoras Lcd
117540,LCD DRIVER BOARD SET SONIC XL 4K 2022,Digital
117540,LCD DRIVER BOARD SET SONIC XL 4K 2022,Impresoras 3d
117540,LCD DRIVER BOARD SET SONIC XL 4K 2022,Refaccion
117540,LCD DRIVER BOARD SET SONIC XL 4K 2022,Impresoras Lcd
209489,LCD FOR SXL4K2020,Digital
209489,LCD FOR SXL4K2020,Refaccion
209489,LCD FOR SXL4K2020,Impresoras 3d
100900,LCD FRAME TAPE DIE CUT BLACK STICKERS FOR 6.1,Digital
100900,LCD FRAME TAPE DIE CUT BLACK STICKERS FOR 6.1,Impresoras 3d
100900,LCD FRAME TAPE DIE CUT BLACK STICKERS FOR 6.1,Refaccion
100900,LCD FRAME TAPE DIE CUT BLACK STICKERS FOR 6.1,Impresoras Lcd
100452,LCD FRAME TAPE DIE CUT BLACK STICKERS FOR 9.3,Digital
100452,LCD FRAME TAPE DIE CUT BLACK STICKERS FOR 9.3,Refaccion
100452,LCD FRAME TAPE DIE CUT BLACK STICKERS FOR 9.3,Impresoras 3d
100452,LCD FRAME TAPE DIE CUT BLACK STICKERS FOR 9.3,Impresoras Lcd
117514,LCD FRAME TAPE SONIC MIGHTY 8K,Digital
117514,LCD FRAME TAPE SONIC MIGHTY 8K,Impresoras 3d
117514,LCD FRAME TAPE SONIC MIGHTY 8K,Refaccion
117514,LCD FRAME TAPE SONIC MIGHTY 8K,Impresoras Lcd
117501,LED LAMPS SET (SONIC 4K 2022),Digital
117501,LED LAMPS SET (SONIC 4K 2022),Impresoras 3d
117501,LED LAMPS SET (SONIC 4K 2022),Refaccion
117501,LED LAMPS SET (SONIC 4K 2022),Impresoras Lcd
100480,LED LAMPS SET (SONIC XL 4K 2022),Digital
100480,LED LAMPS SET (SONIC XL 4K 2022),Impresoras 3d
100480,LED LAMPS SET (SONIC XL 4K 2022),Refaccion
100480,LED LAMPS SET (SONIC XL 4K 2022),Impresoras Lcd
101036,LED LAMPS SET (SONIC XL 4K),Digital
101036,LED LAMPS SET (SONIC XL 4K),Impresoras 3d
101036,LED LAMPS SET (SONIC XL 4K),Refaccion
101036,LED LAMPS SET (SONIC XL 4K),Impresoras Lcd
100979,LED LAMPS SET MIGHTY 4K,Digital
100979,LED LAMPS SET MIGHTY 4K,Impresoras 3d
100979,LED LAMPS SET MIGHTY 4K,Refaccion
100979,LED LAMPS SET MIGHTY 4K,Impresoras Lcd
100954,LED LAMPS SET SONIC MINI 4K,Digital
100954,LED LAMPS SET SONIC MINI 4K,Impresoras 3d
100954,LED LAMPS SET SONIC MINI 4K,Refaccion
100954,LED LAMPS SET SONIC MINI 4K,Impresoras Lcd
100881,LICENSE DONGLE,Digital
100881,LICENSE DONGLE,Software
93503,LIFT SEAT ARM INCL LIFT SEAT AUSTROMAT 220,Analogo
93503,LIFT SEAT ARM INCL LIFT SEAT AUSTROMAT 220,Hornos
93503,LIFT SEAT ARM INCL LIFT SEAT AUSTROMAT 220,Refaccion
93503,LIFT SEAT ARM INCL LIFT SEAT AUSTROMAT 220,Hornos De Coccion
94252,LINGOFORM 21L INFERIOR 0M3,Dientes
94252,LINGOFORM 21L INFERIOR 0M3,Consumible
94252,LINGOFORM 21L INFERIOR 0M3,Analogo
94252,LINGOFORM 21L INFERIOR 0M3,Posterior Inferior
94260,LINGOFORM 21L INFERIOR 1M1,Analogo
94260,LINGOFORM 21L INFERIOR 1M1,Dientes
94260,LINGOFORM 21L INFERIOR 1M1,Consumible
94260,LINGOFORM 21L INFERIOR 1M1,Posterior Inferior
86515,LINGOFORM 21L INFERIOR 1M2,Posterior Inferior
86515,LINGOFORM 21L INFERIOR 1M2,Analogo
86515,LINGOFORM 21L INFERIOR 1M2,Dientes
86515,LINGOFORM 21L INFERIOR 1M2,Consumible
104718,LINGOFORM 21L INFERIOR 2M1,Analogo
104718,LINGOFORM 21L INFERIOR 2M1,Dientes
104718,LINGOFORM 21L INFERIOR 2M1,Consumible
104718,LINGOFORM 21L INFERIOR 2M1,Posterior Inferior
82644,LINGOFORM 21L INFERIOR 2M2,Posterior Inferior
82644,LINGOFORM 21L INFERIOR 2M2,Analogo
82644,LINGOFORM 21L INFERIOR 2M2,Dientes
82644,LINGOFORM 21L INFERIOR 2M2,Consumible
123825,LINGOFORM 21L INFERIOR 3R2.5,Analogo
123825,LINGOFORM 21L INFERIOR 3R2.5,Dientes
123825,LINGOFORM 21L INFERIOR 3R2.5,Consumible
123825,LINGOFORM 21L INFERIOR 3R2.5,Posterior Inferior
123803,LINGOFORM 21L INFERIOR 4M2,Analogo
123803,LINGOFORM 21L INFERIOR 4M2,Dientes
123803,LINGOFORM 21L INFERIOR 4M2,Consumible
123803,LINGOFORM 21L INFERIOR 4M2,Posterior Inferior
7070,LINGOFORM 21L INFERIOR A1,Posterior Inferior
7070,LINGOFORM 21L INFERIOR A1,Analogo
7070,LINGOFORM 21L INFERIOR A1,Dientes
7070,LINGOFORM 21L INFERIOR A1,Consumible
7073,LINGOFORM 21L INFERIOR A2,Posterior Inferior
7073,LINGOFORM 21L INFERIOR A2,Analogo
7073,LINGOFORM 21L INFERIOR A2,Dientes
7073,LINGOFORM 21L INFERIOR A2,Consumible
7076,LINGOFORM 21L INFERIOR A3,Posterior Inferior
7076,LINGOFORM 21L INFERIOR A3,Analogo
7076,LINGOFORM 21L INFERIOR A3,Dientes
7076,LINGOFORM 21L INFERIOR A3,Consumible
94250,LINGOFORM 21L SUPERIOR 0M3,Dientes
94250,LINGOFORM 21L SUPERIOR 0M3,Consumible
94250,LINGOFORM 21L SUPERIOR 0M3,Analogo
94250,LINGOFORM 21L SUPERIOR 0M3,Posterior Superior
94258,LINGOFORM 21L SUPERIOR 1M1,Analogo
94258,LINGOFORM 21L SUPERIOR 1M1,Dientes
94258,LINGOFORM 21L SUPERIOR 1M1,Consumible
94258,LINGOFORM 21L SUPERIOR 1M1,Posterior Superior
86512,LINGOFORM 21L SUPERIOR 1M2,Posterior Superior
86512,LINGOFORM 21L SUPERIOR 1M2,Analogo
86512,LINGOFORM 21L SUPERIOR 1M2,Dientes
86512,LINGOFORM 21L SUPERIOR 1M2,Consumible
104714,LINGOFORM 21L SUPERIOR 2M1,Analogo
104714,LINGOFORM 21L SUPERIOR 2M1,Dientes
104714,LINGOFORM 21L SUPERIOR 2M1,Consumible
104714,LINGOFORM 21L SUPERIOR 2M1,Posterior Superior
7079,LINGOFORM 21L SUPERIOR 3R2.5,Posterior Superior
7079,LINGOFORM 21L SUPERIOR 3R2.5,Analogo
7079,LINGOFORM 21L SUPERIOR 3R2.5,Dientes
7079,LINGOFORM 21L SUPERIOR 3R2.5,Consumible
123807,LINGOFORM 21L SUPERIOR 4M2,Analogo
123807,LINGOFORM 21L SUPERIOR 4M2,Dientes
123807,LINGOFORM 21L SUPERIOR 4M2,Consumible
123807,LINGOFORM 21L SUPERIOR 4M2,Posterior Superior
7082,LINGOFORM 21L SUPERIOR A1,Posterior Superior
7082,LINGOFORM 21L SUPERIOR A1,Analogo
7082,LINGOFORM 21L SUPERIOR A1,Dientes
7082,LINGOFORM 21L SUPERIOR A1,Consumible
7085,LINGOFORM 21L SUPERIOR A2,Posterior Superior
7085,LINGOFORM 21L SUPERIOR A2,Analogo
7085,LINGOFORM 21L SUPERIOR A2,Dientes
7085,LINGOFORM 21L SUPERIOR A2,Consumible
7088,LINGOFORM 21L SUPERIOR A3,Posterior Superior
7088,LINGOFORM 21L SUPERIOR A3,Analogo
7088,LINGOFORM 21L SUPERIOR A3,Dientes
7088,LINGOFORM 21L SUPERIOR A3,Consumible
94256,LINGOFORM 22L INFERIOR 0M3,Analogo
94256,LINGOFORM 22L INFERIOR 0M3,Dientes
94256,LINGOFORM 22L INFERIOR 0M3,Consumible
94256,LINGOFORM 22L INFERIOR 0M3,Posterior Inferior
94266,LINGOFORM 22L INFERIOR 1M1,Analogo
94266,LINGOFORM 22L INFERIOR 1M1,Dientes
94266,LINGOFORM 22L INFERIOR 1M1,Consumible
94266,LINGOFORM 22L INFERIOR 1M1,Posterior Inferior
7091,LINGOFORM 22L INFERIOR 1M2,Posterior Inferior
7091,LINGOFORM 22L INFERIOR 1M2,Analogo
7091,LINGOFORM 22L INFERIOR 1M2,Dientes
7091,LINGOFORM 22L INFERIOR 1M2,Consumible
7094,LINGOFORM 22L INFERIOR 2M1,Posterior Inferior
7094,LINGOFORM 22L INFERIOR 2M1,Analogo
7094,LINGOFORM 22L INFERIOR 2M1,Dientes
7094,LINGOFORM 22L INFERIOR 2M1,Consumible
7097,LINGOFORM 22L INFERIOR 2M2,Posterior Inferior
7097,LINGOFORM 22L INFERIOR 2M2,Analogo
7097,LINGOFORM 22L INFERIOR 2M2,Dientes
7097,LINGOFORM 22L INFERIOR 2M2,Consumible
7100,LINGOFORM 22L INFERIOR 3M2,Posterior Inferior
7100,LINGOFORM 22L INFERIOR 3M2,Analogo
7100,LINGOFORM 22L INFERIOR 3M2,Dientes
7100,LINGOFORM 22L INFERIOR 3M2,Consumible
7103,LINGOFORM 22L INFERIOR 3R2.5,Posterior Inferior
7103,LINGOFORM 22L INFERIOR 3R2.5,Analogo
7103,LINGOFORM 22L INFERIOR 3R2.5,Dientes
7103,LINGOFORM 22L INFERIOR 3R2.5,Consumible
123795,LINGOFORM 22L INFERIOR 4M2,Analogo
123795,LINGOFORM 22L INFERIOR 4M2,Dientes
123795,LINGOFORM 22L INFERIOR 4M2,Consumible
123795,LINGOFORM 22L INFERIOR 4M2,Posterior Inferior
7106,LINGOFORM 22L INFERIOR A1,Posterior Inferior
7106,LINGOFORM 22L INFERIOR A1,Analogo
7106,LINGOFORM 22L INFERIOR A1,Dientes
7106,LINGOFORM 22L INFERIOR A1,Consumible
7109,LINGOFORM 22L INFERIOR A2,Posterior Inferior
7109,LINGOFORM 22L INFERIOR A2,Analogo
7109,LINGOFORM 22L INFERIOR A2,Dientes
7109,LINGOFORM 22L INFERIOR A2,Consumible
7112,LINGOFORM 22L INFERIOR A3,Posterior Inferior
7112,LINGOFORM 22L INFERIOR A3,Analogo
7112,LINGOFORM 22L INFERIOR A3,Dientes
7112,LINGOFORM 22L INFERIOR A3,Consumible
94254,LINGOFORM 22L SUPERIOR 0M3,Analogo
94254,LINGOFORM 22L SUPERIOR 0M3,Dientes
94254,LINGOFORM 22L SUPERIOR 0M3,Consumible
94254,LINGOFORM 22L SUPERIOR 0M3,Posterior Superior
94262,LINGOFORM 22L SUPERIOR 1M1,Analogo
94262,LINGOFORM 22L SUPERIOR 1M1,Dientes
94262,LINGOFORM 22L SUPERIOR 1M1,Consumible
94262,LINGOFORM 22L SUPERIOR 1M1,Posterior Superior
7115,LINGOFORM 22L SUPERIOR 1M2,Posterior Superior
7115,LINGOFORM 22L SUPERIOR 1M2,Analogo
7115,LINGOFORM 22L SUPERIOR 1M2,Dientes
7115,LINGOFORM 22L SUPERIOR 1M2,Consumible
123780,LINGOFORM 22L SUPERIOR 2M1,Analogo
123780,LINGOFORM 22L SUPERIOR 2M1,Dientes
123780,LINGOFORM 22L SUPERIOR 2M1,Consumible
123780,LINGOFORM 22L SUPERIOR 2M1,Posterior Superior
7118,LINGOFORM 22L SUPERIOR 2M2,Posterior Superior
7118,LINGOFORM 22L SUPERIOR 2M2,Analogo
7118,LINGOFORM 22L SUPERIOR 2M2,Dientes
7118,LINGOFORM 22L SUPERIOR 2M2,Consumible
7121,LINGOFORM 22L SUPERIOR 3R2.5,Posterior Superior
7121,LINGOFORM 22L SUPERIOR 3R2.5,Analogo
7121,LINGOFORM 22L SUPERIOR 3R2.5,Dientes
7121,LINGOFORM 22L SUPERIOR 3R2.5,Consumible
123799,LINGOFORM 22L SUPERIOR 4M2,Analogo
123799,LINGOFORM 22L SUPERIOR 4M2,Dientes
123799,LINGOFORM 22L SUPERIOR 4M2,Consumible
123799,LINGOFORM 22L SUPERIOR 4M2,Posterior Superior
7124,LINGOFORM 22L SUPERIOR A1,Posterior Superior
7124,LINGOFORM 22L SUPERIOR A1,Analogo
7124,LINGOFORM 22L SUPERIOR A1,Dientes
7124,LINGOFORM 22L SUPERIOR A1,Consumible
7127,LINGOFORM 22L SUPERIOR A2,Posterior Superior
7127,LINGOFORM 22L SUPERIOR A2,Analogo
7127,LINGOFORM 22L SUPERIOR A2,Dientes
7127,LINGOFORM 22L SUPERIOR A2,Consumible
7133,LINGOFORM 23L INFERIOR 0M3,Posterior Inferior
7133,LINGOFORM 23L INFERIOR 0M3,Analogo
7133,LINGOFORM 23L INFERIOR 0M3,Dientes
7133,LINGOFORM 23L INFERIOR 0M3,Consumible
94282,LINGOFORM 23L INFERIOR 1M1,Analogo
94282,LINGOFORM 23L INFERIOR 1M1,Dientes
94282,LINGOFORM 23L INFERIOR 1M1,Consumible
94282,LINGOFORM 23L INFERIOR 1M1,Posterior Inferior
7136,LINGOFORM 23L INFERIOR 1M2,Posterior Inferior
7136,LINGOFORM 23L INFERIOR 1M2,Analogo
7136,LINGOFORM 23L INFERIOR 1M2,Dientes
7136,LINGOFORM 23L INFERIOR 1M2,Consumible
123833,LINGOFORM 23L INFERIOR 2M1,Analogo
123833,LINGOFORM 23L INFERIOR 2M1,Dientes
123833,LINGOFORM 23L INFERIOR 2M1,Consumible
123833,LINGOFORM 23L INFERIOR 2M1,Posterior Inferior
92260,LINGOFORM 23L INFERIOR 3M2,Analogo
92260,LINGOFORM 23L INFERIOR 3M2,Dientes
92260,LINGOFORM 23L INFERIOR 3M2,Consumible
92260,LINGOFORM 23L INFERIOR 3M2,Posterior Inferior
123817,LINGOFORM 23L INFERIOR 3R2.5,Analogo
123817,LINGOFORM 23L INFERIOR 3R2.5,Dientes
123817,LINGOFORM 23L INFERIOR 3R2.5,Consumible
123817,LINGOFORM 23L INFERIOR 3R2.5,Posterior Inferior
7139,LINGOFORM 23L INFERIOR 4M2,Posterior Inferior
7139,LINGOFORM 23L INFERIOR 4M2,Analogo
7139,LINGOFORM 23L INFERIOR 4M2,Dientes
7139,LINGOFORM 23L INFERIOR 4M2,Consumible
7142,LINGOFORM 23L INFERIOR A1,Posterior Inferior
7142,LINGOFORM 23L INFERIOR A1,Analogo
7142,LINGOFORM 23L INFERIOR A1,Dientes
7142,LINGOFORM 23L INFERIOR A1,Consumible
7145,LINGOFORM 23L INFERIOR A2,Posterior Inferior
7145,LINGOFORM 23L INFERIOR A2,Analogo
7145,LINGOFORM 23L INFERIOR A2,Dientes
7145,LINGOFORM 23L INFERIOR A2,Consumible
7148,LINGOFORM 23L INFERIOR A3,Posterior Inferior
7148,LINGOFORM 23L INFERIOR A3,Analogo
7148,LINGOFORM 23L INFERIOR A3,Dientes
7148,LINGOFORM 23L INFERIOR A3,Consumible
7151,LINGOFORM 23L SUPERIOR 0M3,Posterior Superior
7151,LINGOFORM 23L SUPERIOR 0M3,Analogo
7151,LINGOFORM 23L SUPERIOR 0M3,Dientes
7151,LINGOFORM 23L SUPERIOR 0M3,Consumible
94280,LINGOFORM 23L SUPERIOR 1M1,Analogo
94280,LINGOFORM 23L SUPERIOR 1M1,Dientes
94280,LINGOFORM 23L SUPERIOR 1M1,Consumible
94280,LINGOFORM 23L SUPERIOR 1M1,Posterior Superior
7154,LINGOFORM 23L SUPERIOR 1M2,Posterior Superior
7154,LINGOFORM 23L SUPERIOR 1M2,Analogo
7154,LINGOFORM 23L SUPERIOR 1M2,Dientes
7154,LINGOFORM 23L SUPERIOR 1M2,Consumible
123837,LINGOFORM 23L SUPERIOR 2M1,Analogo
123837,LINGOFORM 23L SUPERIOR 2M1,Dientes
123837,LINGOFORM 23L SUPERIOR 2M1,Consumible
123837,LINGOFORM 23L SUPERIOR 2M1,Posterior Superior
123821,LINGOFORM 23L SUPERIOR 3R2.5,Analogo
123821,LINGOFORM 23L SUPERIOR 3R2.5,Dientes
123821,LINGOFORM 23L SUPERIOR 3R2.5,Consumible
123821,LINGOFORM 23L SUPERIOR 3R2.5,Posterior Superior
123790,LINGOFORM 23L SUPERIOR 4M2,Analogo
123790,LINGOFORM 23L SUPERIOR 4M2,Dientes
123790,LINGOFORM 23L SUPERIOR 4M2,Consumible
123790,LINGOFORM 23L SUPERIOR 4M2,Posterior Superior
7157,LINGOFORM 23L SUPERIOR A1,Posterior Superior
7157,LINGOFORM 23L SUPERIOR A1,Analogo
7157,LINGOFORM 23L SUPERIOR A1,Dientes
7157,LINGOFORM 23L SUPERIOR A1,Consumible
7160,LINGOFORM 23L SUPERIOR A2,Posterior Superior
7160,LINGOFORM 23L SUPERIOR A2,Analogo
7160,LINGOFORM 23L SUPERIOR A2,Dientes
7160,LINGOFORM 23L SUPERIOR A2,Consumible
7163,LINGOFORM 23L SUPERIOR A3,Posterior Superior
7163,LINGOFORM 23L SUPERIOR A3,Analogo
7163,LINGOFORM 23L SUPERIOR A3,Dientes
7163,LINGOFORM 23L SUPERIOR A3,Consumible
7166,LINGOFORM 24L INFERIOR 0M3,Analogo
7166,LINGOFORM 24L INFERIOR 0M3,Dientes
7166,LINGOFORM 24L INFERIOR 0M3,Consumible
7166,LINGOFORM 24L INFERIOR 0M3,Posterior Inferior
94289,LINGOFORM 24L INFERIOR 1M1,Analogo
94289,LINGOFORM 24L INFERIOR 1M1,Dientes
94289,LINGOFORM 24L INFERIOR 1M1,Consumible
94289,LINGOFORM 24L INFERIOR 1M1,Posterior Inferior
94308,LINGOFORM 24L INFERIOR 1M2,Analogo
94308,LINGOFORM 24L INFERIOR 1M2,Dientes
94308,LINGOFORM 24L INFERIOR 1M2,Consumible
94308,LINGOFORM 24L INFERIOR 1M2,Posterior Inferior
7169,LINGOFORM 24L INFERIOR 2M1,Analogo
7169,LINGOFORM 24L INFERIOR 2M1,Dientes
7169,LINGOFORM 24L INFERIOR 2M1,Consumible
7169,LINGOFORM 24L INFERIOR 2M1,Posterior Inferior
123829,LINGOFORM 24L INFERIOR 3M2,Analogo
123829,LINGOFORM 24L INFERIOR 3M2,Dientes
123829,LINGOFORM 24L INFERIOR 3M2,Consumible
123829,LINGOFORM 24L INFERIOR 3M2,Posterior Inferior
123811,LINGOFORM 24L INFERIOR 3R2.5,Analogo
123811,LINGOFORM 24L INFERIOR 3R2.5,Dientes
123811,LINGOFORM 24L INFERIOR 3R2.5,Consumible
123811,LINGOFORM 24L INFERIOR 3R2.5,Posterior Inferior
123777,LINGOFORM 24L INFERIOR 4M2,Analogo
123777,LINGOFORM 24L INFERIOR 4M2,Dientes
123777,LINGOFORM 24L INFERIOR 4M2,Consumible
123777,LINGOFORM 24L INFERIOR 4M2,Posterior Inferior
7172,LINGOFORM 24L INFERIOR A1,Analogo
7172,LINGOFORM 24L INFERIOR A1,Dientes
7172,LINGOFORM 24L INFERIOR A1,Consumible
7172,LINGOFORM 24L INFERIOR A1,Posterior Inferior
7175,LINGOFORM 24L INFERIOR A2,Analogo
7175,LINGOFORM 24L INFERIOR A2,Dientes
7175,LINGOFORM 24L INFERIOR A2,Consumible
7175,LINGOFORM 24L INFERIOR A2,Posterior Inferior
7178,LINGOFORM 24L INFERIOR A3,Analogo
7178,LINGOFORM 24L INFERIOR A3,Dientes
7178,LINGOFORM 24L INFERIOR A3,Consumible
7178,LINGOFORM 24L INFERIOR A3,Posterior Inferior
7181,LINGOFORM 24L SUPERIOR 0M3,Analogo
7181,LINGOFORM 24L SUPERIOR 0M3,Dientes
7181,LINGOFORM 24L SUPERIOR 0M3,Consumible
7181,LINGOFORM 24L SUPERIOR 0M3,Posterior Superior
94287,LINGOFORM 24L SUPERIOR 1M1,Analogo
94287,LINGOFORM 24L SUPERIOR 1M1,Dientes
94287,LINGOFORM 24L SUPERIOR 1M1,Consumible
94287,LINGOFORM 24L SUPERIOR 1M1,Posterior Superior
94305,LINGOFORM 24L SUPERIOR 1M2,Analogo
94305,LINGOFORM 24L SUPERIOR 1M2,Dientes
94305,LINGOFORM 24L SUPERIOR 1M2,Consumible
94305,LINGOFORM 24L SUPERIOR 1M2,Posterior Superior
7184,LINGOFORM 24L SUPERIOR 2M1,Analogo
7184,LINGOFORM 24L SUPERIOR 2M1,Dientes
7184,LINGOFORM 24L SUPERIOR 2M1,Consumible
7184,LINGOFORM 24L SUPERIOR 2M1,Posterior Superior
7187,LINGOFORM 24L SUPERIOR 3R2.5,Analogo
7187,LINGOFORM 24L SUPERIOR 3R2.5,Dientes
7187,LINGOFORM 24L SUPERIOR 3R2.5,Consumible
7187,LINGOFORM 24L SUPERIOR 3R2.5,Posterior Superior
123784,LINGOFORM 24L SUPERIOR 4M2,Analogo
123784,LINGOFORM 24L SUPERIOR 4M2,Dientes
123784,LINGOFORM 24L SUPERIOR 4M2,Consumible
123784,LINGOFORM 24L SUPERIOR 4M2,Posterior Superior
7190,LINGOFORM 24L SUPERIOR A1,Analogo
7190,LINGOFORM 24L SUPERIOR A1,Dientes
7190,LINGOFORM 24L SUPERIOR A1,Consumible
7190,LINGOFORM 24L SUPERIOR A1,Posterior Superior
7193,LINGOFORM 24L SUPERIOR A2,Analogo
7193,LINGOFORM 24L SUPERIOR A2,Dientes
7193,LINGOFORM 24L SUPERIOR A2,Consumible
7193,LINGOFORM 24L SUPERIOR A2,Posterior Superior
7196,LINGOFORM 24L SUPERIOR A3,Analogo
7196,LINGOFORM 24L SUPERIOR A3,Dientes
7196,LINGOFORM 24L SUPERIOR A3,Consumible
7196,LINGOFORM 24L SUPERIOR A3,Posterior Superior
7130,LINGOFORN 22L SUPERIOR A3,Posterior Superior
7130,LINGOFORN 22L SUPERIOR A3,Analogo
7130,LINGOFORN 22L SUPERIOR A3,Dientes
7130,LINGOFORN 22L SUPERIOR A3,Consumible
179032,LÍQUIDO REFRIGERANTE V-FLUID 1 LITRO,Digital
179032,LÍQUIDO REFRIGERANTE V-FLUID 1 LITRO,Fresadoras
179032,LÍQUIDO REFRIGERANTE V-FLUID 1 LITRO,Consumible
6815,LLAVE DINAMOMETRICA,Aditamentos Para Implantes
6815,LLAVE DINAMOMETRICA,Consumible
6815,LLAVE DINAMOMETRICA,Analogo
6941,LLAVE TPA 25MM,Aditamentos Para Implantes
6941,LLAVE TPA 25MM,Consumible
6941,LLAVE TPA 25MM,Analogo
298363,LS PEARL ENAMEL PS-0 20G,Analogo
298363,LS PEARL ENAMEL PS-0 20G,Consumible
298363,LS PEARL ENAMEL PS-0 20G,Ceramica De Recubrimiento
298363,LS PEARL ENAMEL PS-0 20G,Ceramica Para Disilicato De Litio
298325,LS BLEACH DENTINE BD-A 20G,Analogo
298325,LS BLEACH DENTINE BD-A 20G,Consumible
298325,LS BLEACH DENTINE BD-A 20G,Ceramica De Recubrimiento
298325,LS BLEACH DENTINE BD-A 20G,Ceramica Para Disilicato De Litio
298328,LS BLEACH DENTINE BD-B 20G,Analogo
298328,LS BLEACH DENTINE BD-B 20G,Consumible
298328,LS BLEACH DENTINE BD-B 20G,Ceramica De Recubrimiento
298328,LS BLEACH DENTINE BD-B 20G,Ceramica Para Disilicato De Litio
298331,LS BLEACH DENTINE BD-B0 20G,Analogo
298331,LS BLEACH DENTINE BD-B0 20G,Consumible
298331,LS BLEACH DENTINE BD-B0 20G,Ceramica De Recubrimiento
298331,LS BLEACH DENTINE BD-B0 20G,Ceramica Para Disilicato De Litio
298322,LS CLEAR CL-O 20G,Analogo
298322,LS CLEAR CL-O 20G,Consumible
298322,LS CLEAR CL-O 20G,Ceramica De Recubrimiento
298322,LS CLEAR CL-O 20G,Ceramica Para Disilicato De Litio
298262,LS DENTINE D-A1 20G,Analogo
298262,LS DENTINE D-A1 20G,Consumible
298262,LS DENTINE D-A1 20G,Ceramica De Recubrimiento
298262,LS DENTINE D-A1 20G,Ceramica Para Disilicato De Litio
298265,LS DENTINE D-A2 20G,Analogo
298265,LS DENTINE D-A2 20G,Consumible
298265,LS DENTINE D-A2 20G,Ceramica De Recubrimiento
298265,LS DENTINE D-A2 20G,Ceramica Para Disilicato De Litio
298268,LS DENTINE D-A3 20G,Analogo
298268,LS DENTINE D-A3 20G,Consumible
298268,LS DENTINE D-A3 20G,Ceramica De Recubrimiento
298268,LS DENTINE D-A3 20G,Ceramica Para Disilicato De Litio
298271,LS DENTINE D-A3.5 20G,Analogo
298271,LS DENTINE D-A3.5 20G,Consumible
298271,LS DENTINE D-A3.5 20G,Ceramica De Recubrimiento
298271,LS DENTINE D-A3.5 20G,Ceramica Para Disilicato De Litio
298274,LS DENTINE D-A4 20G,Analogo
298274,LS DENTINE D-A4 20G,Consumible
298274,LS DENTINE D-A4 20G,Ceramica De Recubrimiento
298274,LS DENTINE D-A4 20G,Ceramica Para Disilicato De Litio
298277,LS DENTINE D-B1 20G,Analogo
298277,LS DENTINE D-B1 20G,Consumible
298277,LS DENTINE D-B1 20G,Ceramica De Recubrimiento
298277,LS DENTINE D-B1 20G,Ceramica Para Disilicato De Litio
298280,LS DENTINE D-B2 20G,Analogo
298280,LS DENTINE D-B2 20G,Consumible
298280,LS DENTINE D-B2 20G,Ceramica De Recubrimiento
298280,LS DENTINE D-B2 20G,Ceramica Para Disilicato De Litio
298283,LS DENTINE D-B3 20G,Analogo
298283,LS DENTINE D-B3 20G,Consumible
298283,LS DENTINE D-B3 20G,Ceramica De Recubrimiento
298283,LS DENTINE D-B3 20G,Ceramica Para Disilicato De Litio
298286,LS DENTINE D-B4 20G,Analogo
298286,LS DENTINE D-B4 20G,Consumible
298286,LS DENTINE D-B4 20G,Ceramica De Recubrimiento
298286,LS DENTINE D-B4 20G,Ceramica Para Disilicato De Litio
298289,LS DENTINE D-C1 20G,Analogo
298289,LS DENTINE D-C1 20G,Consumible
298289,LS DENTINE D-C1 20G,Ceramica De Recubrimiento
298289,LS DENTINE D-C1 20G,Ceramica Para Disilicato De Litio
298292,LS DENTINE D-C2 20G,Analogo
298292,LS DENTINE D-C2 20G,Consumible
298292,LS DENTINE D-C2 20G,Ceramica De Recubrimiento
298292,LS DENTINE D-C2 20G,Ceramica Para Disilicato De Litio
298295,LS DENTINE D-C3 20G,Analogo
298295,LS DENTINE D-C3 20G,Consumible
298295,LS DENTINE D-C3 20G,Ceramica De Recubrimiento
298295,LS DENTINE D-C3 20G,Ceramica Para Disilicato De Litio
298298,LS DENTINE D-C4 20G,Analogo
298298,LS DENTINE D-C4 20G,Consumible
298298,LS DENTINE D-C4 20G,Ceramica De Recubrimiento
298298,LS DENTINE D-C4 20G,Ceramica Para Disilicato De Litio
298301,LS DENTINE D-D2 20G,Analogo
298301,LS DENTINE D-D2 20G,Consumible
298301,LS DENTINE D-D2 20G,Ceramica De Recubrimiento
298301,LS DENTINE D-D2 20G,Ceramica Para Disilicato De Litio
298304,LS DENTINE D-D3 20G,Analogo
298304,LS DENTINE D-D3 20G,Consumible
298304,LS DENTINE D-D3 20G,Ceramica De Recubrimiento
298304,LS DENTINE D-D3 20G,Ceramica Para Disilicato De Litio
298307,LS DENTINE D-D4 20G,Analogo
298307,LS DENTINE D-D4 20G,Consumible
298307,LS DENTINE D-D4 20G,Ceramica De Recubrimiento
298307,LS DENTINE D-D4 20G,Ceramica Para Disilicato De Litio
298366,LS EFFECT ENAMEL SI-02 20G,Analogo
298366,LS EFFECT ENAMEL SI-02 20G,Consumible
298366,LS EFFECT ENAMEL SI-02 20G,Ceramica De Recubrimiento
298366,LS EFFECT ENAMEL SI-02 20G,Ceramica Para Disilicato De Litio
298369,LS EFFECT ENAMEL SI-04 20G,Analogo
298369,LS EFFECT ENAMEL SI-04 20G,Consumible
298369,LS EFFECT ENAMEL SI-04 20G,Ceramica De Recubrimiento
298369,LS EFFECT ENAMEL SI-04 20G,Ceramica Para Disilicato De Litio
298372,LS EFFECT ENAMEL SO-10 20G,Analogo
298372,LS EFFECT ENAMEL SO-10 20G,Consumible
298372,LS EFFECT ENAMEL SO-10 20G,Ceramica De Recubrimiento
298372,LS EFFECT ENAMEL SO-10 20G,Ceramica Para Disilicato De Litio
298335,LS ENAMEL BLEACH S-AB 20G,Analogo
298335,LS ENAMEL BLEACH S-AB 20G,Consumible
298335,LS ENAMEL BLEACH S-AB 20G,Ceramica De Recubrimiento
298335,LS ENAMEL BLEACH S-AB 20G,Ceramica Para Disilicato De Litio
298310,LS ENAMEL E-57 20G,Analogo
298310,LS ENAMEL E-57 20G,Consumible
298310,LS ENAMEL E-57 20G,Ceramica De Recubrimiento
298310,LS ENAMEL E-57 20G,Ceramica Para Disilicato De Litio
298313,LS ENAMEL E-58 20G,Analogo
298313,LS ENAMEL E-58 20G,Consumible
298313,LS ENAMEL E-58 20G,Ceramica De Recubrimiento
298313,LS ENAMEL E-58 20G,Ceramica Para Disilicato De Litio
298316,LS ENAMEL E-59 20G,Analogo
298316,LS ENAMEL E-59 20G,Consumible
298316,LS ENAMEL E-59 20G,Ceramica De Recubrimiento
298316,LS ENAMEL E-59 20G,Ceramica Para Disilicato De Litio
298319,LS ENAMEL E-60 20G,Analogo
298319,LS ENAMEL E-60 20G,Consumible
298319,LS ENAMEL E-60 20G,Ceramica De Recubrimiento
298319,LS ENAMEL E-60 20G,Ceramica Para Disilicato De Litio
298396,LS KIT,Analogo
298396,LS KIT,Consumible
298396,LS KIT,Ceramica De Recubrimiento
298396,LS KIT,Ceramica Para Disilicato De Litio
298384,LS MAKE IN MI-61 15G,Analogo
298384,LS MAKE IN MI-61 15G,Consumible
298384,LS MAKE IN MI-61 15G,Ceramica De Recubrimiento
298384,LS MAKE IN MI-61 15G,Ceramica Para Disilicato De Litio
298387,LS MAKE IN MI-63 15G,Analogo
298387,LS MAKE IN MI-63 15G,Consumible
298387,LS MAKE IN MI-63 15G,Ceramica De Recubrimiento
298387,LS MAKE IN MI-63 15G,Ceramica Para Disilicato De Litio
298375,LS OPAQUE DENTINE OD-32 15G,Analogo
298375,LS OPAQUE DENTINE OD-32 15G,Consumible
298375,LS OPAQUE DENTINE OD-32 15G,Ceramica De Recubrimiento
298375,LS OPAQUE DENTINE OD-32 15G,Ceramica Para Disilicato De Litio
298378,LS OPAQUE DENTINE OD-37 15G,Analogo
298378,LS OPAQUE DENTINE OD-37 15G,Consumible
298378,LS OPAQUE DENTINE OD-37 15G,Ceramica De Recubrimiento
298378,LS OPAQUE DENTINE OD-37 15G,Ceramica Para Disilicato De Litio
298381,LS OPAQUE DENTINE OD-41 15G,Analogo
298381,LS OPAQUE DENTINE OD-41 15G,Consumible
298381,LS OPAQUE DENTINE OD-41 15G,Ceramica De Recubrimiento
298381,LS OPAQUE DENTINE OD-41 15G,Ceramica Para Disilicato De Litio
298424,LS PRESS HT-1 5X3G,Analogo
298424,LS PRESS HT-1 5X3G,Consumible
298424,LS PRESS HT-1 5X3G,Disilicato De Litio Para Prensar
298427,LS PRESS HT-2 5X3G,Analogo
298427,LS PRESS HT-2 5X3G,Consumible
298427,LS PRESS HT-2 5X3G,Disilicato De Litio Para Prensar
298430,LS PRESS HT-B00 5X3G,Analogo
298430,LS PRESS HT-B00 5X3G,Consumible
298430,LS PRESS HT-B00 5X3G,Disilicato De Litio Para Prensar
298433,LS PRESS LT-A1 5X3G,Analogo
298433,LS PRESS LT-A1 5X3G,Consumible
298433,LS PRESS LT-A1 5X3G,Disilicato De Litio Para Prensar
298436,LS PRESS LT-A2 5X3G,Analogo
298436,LS PRESS LT-A2 5X3G,Consumible
298436,LS PRESS LT-A2 5X3G,Disilicato De Litio Para Prensar
298439,LS PRESS LT-A3 5X3G,Analogo
298439,LS PRESS LT-A3 5X3G,Consumible
298439,LS PRESS LT-A3 5X3G,Disilicato De Litio Para Prensar
298445,LS PRESS LT-B0 5X3G,Analogo
298445,LS PRESS LT-B0 5X3G,Consumible
298445,LS PRESS LT-B0 5X3G,Disilicato De Litio Para Prensar
298448,LS PRESS LT-B00 5X3G,Analogo
298448,LS PRESS LT-B00 5X3G,Consumible
298448,LS PRESS LT-B00 5X3G,Disilicato De Litio Para Prensar
298442,LS PRESS LT-B1 5X3G,Analogo
298442,LS PRESS LT-B1 5X3G,Consumible
298442,LS PRESS LT-B1 5X3G,Disilicato De Litio Para Prensar
298399,LS PRESS MO-0 5X3G,Analogo
298399,LS PRESS MO-0 5X3G,Consumible
298399,LS PRESS MO-0 5X3G,Disilicato De Litio Para Prensar
298409,LS PRESS MT-A1 5X3G,Analogo
298409,LS PRESS MT-A1 5X3G,Consumible
298409,LS PRESS MT-A1 5X3G,Disilicato De Litio Para Prensar
298412,LS PRESS MT-A2 5X3G,Analogo
298412,LS PRESS MT-A2 5X3G,Consumible
298412,LS PRESS MT-A2 5X3G,Disilicato De Litio Para Prensar
298415,LS PRESS MT-A3 5X3G,Analogo
298415,LS PRESS MT-A3 5X3G,Consumible
298415,LS PRESS MT-A3 5X3G,Disilicato De Litio Para Prensar
298406,LS PRESS MT-B0 5X3G,Analogo
298406,LS PRESS MT-B0 5X3G,Consumible
298406,LS PRESS MT-B0 5X3G,Disilicato De Litio Para Prensar
298402,LS PRESS MT-B00 5X3G,Analogo
298402,LS PRESS MT-B00 5X3G,Consumible
298402,LS PRESS MT-B00 5X3G,Disilicato De Litio Para Prensar
298418,LS PRESS MT-B1 5X3G,Analogo
298418,LS PRESS MT-B1 5X3G,Consumible
298418,LS PRESS MT-B1 5X3G,Disilicato De Litio Para Prensar
298421,LS PRESS MT-B2 5X3G,Analogo
298421,LS PRESS MT-B2 5X3G,Consumible
298421,LS PRESS MT-B2 5X3G,Disilicato De Litio Para Prensar
298393,LS TRANSPA GELLER MIX 20G,Analogo
298393,LS TRANSPA GELLER MIX 20G,Consumible
298393,LS TRANSPA GELLER MIX 20G,Ceramica De Recubrimiento
298393,LS TRANSPA GELLER MIX 20G,Ceramica Para Disilicato De Litio
298339,LS TRANSPA NT 20G,Analogo
298339,LS TRANSPA NT 20G,Consumible
298339,LS TRANSPA NT 20G,Ceramica De Recubrimiento
298339,LS TRANSPA NT 20G,Ceramica Para Disilicato De Litio
298344,LS TRANSPA OT 20G,Analogo
298344,LS TRANSPA OT 20G,Consumible
298344,LS TRANSPA OT 20G,Ceramica De Recubrimiento
298344,LS TRANSPA OT 20G,Ceramica Para Disilicato De Litio
298390,LS TRANSPA OT+ 20G,Analogo
298390,LS TRANSPA OT+ 20G,Consumible
298390,LS TRANSPA OT+ 20G,Ceramica De Recubrimiento
298390,LS TRANSPA OT+ 20G,Ceramica Para Disilicato De Litio
298347,LS TRANSPA TI-01 20G,Analogo
298347,LS TRANSPA TI-01 20G,Consumible
298347,LS TRANSPA TI-01 20G,Ceramica De Recubrimiento
298347,LS TRANSPA TI-01 20G,Ceramica Para Disilicato De Litio
298351,LS TRANSPA TI-02 20G,Analogo
298351,LS TRANSPA TI-02 20G,Consumible
298351,LS TRANSPA TI-02 20G,Ceramica De Recubrimiento
298351,LS TRANSPA TI-02 20G,Ceramica Para Disilicato De Litio
298354,LS TRANSPA TI-03 20G,Analogo
298354,LS TRANSPA TI-03 20G,Consumible
298354,LS TRANSPA TI-03 20G,Ceramica De Recubrimiento
298354,LS TRANSPA TI-03 20G,Ceramica Para Disilicato De Litio
298357,LS TRANSPA TI-04 20G,Analogo
298357,LS TRANSPA TI-04 20G,Consumible
298357,LS TRANSPA TI-04 20G,Ceramica De Recubrimiento
298357,LS TRANSPA TI-04 20G,Ceramica Para Disilicato De Litio
298360,LS TRANSPA TI-05 20G,Analogo
298360,LS TRANSPA TI-05 20G,Consumible
298360,LS TRANSPA TI-05 20G,Ceramica De Recubrimiento
298360,LS TRANSPA TI-05 20G,Ceramica Para Disilicato De Litio
7433,LUMEX AC CUT BACK KIT,Analogo
7433,LUMEX AC CUT BACK KIT,Ceramica De Recubrimiento
7433,LUMEX AC CUT BACK KIT,Consumible
7406,LUMEX AC GINGIVA KIT,Analogo
7406,LUMEX AC GINGIVA KIT,Ceramica De Recubrimiento
7406,LUMEX AC GINGIVA KIT,Consumible
7334,LUMEX AC STANDARD KIT,Analogo
7334,LUMEX AC STANDARD KIT,Ceramica De Recubrimiento
7334,LUMEX AC STANDARD KIT,Consumible
7331,LUMEX AC STARTER KIT,Analogo
7331,LUMEX AC STARTER KIT,Ceramica De Recubrimiento
7331,LUMEX AC STARTER KIT,Consumible
7199,LUMEX CHROMA INTENSE ALMOND 12 G,Analogo
7199,LUMEX CHROMA INTENSE ALMOND 12 G,Ceramica De Recubrimiento
7199,LUMEX CHROMA INTENSE ALMOND 12 G,Consumible
7202,LUMEX CHROMA INTENSE HAZELNUT 12 G,Analogo
7202,LUMEX CHROMA INTENSE HAZELNUT 12 G,Ceramica De Recubrimiento
7202,LUMEX CHROMA INTENSE HAZELNUT 12 G,Consumible
7205,LUMEX CHROMA INTENSE IVORY 12 G,Analogo
7205,LUMEX CHROMA INTENSE IVORY 12 G,Ceramica De Recubrimiento
7205,LUMEX CHROMA INTENSE IVORY 12 G,Consumible
7208,LUMEX CORRECTIVE DESERT 12 G,Analogo
7208,LUMEX CORRECTIVE DESERT 12 G,Ceramica De Recubrimiento
7208,LUMEX CORRECTIVE DESERT 12 G,Consumible
7211,"LUMEX CORRECTIVE, NEUTRAL, 12 GR",Analogo
7211,"LUMEX CORRECTIVE, NEUTRAL, 12 GR",Ceramica De Recubrimiento
7211,"LUMEX CORRECTIVE, NEUTRAL, 12 GR",Consumible
7262,"LUMEX DENTINE MODIFIER, BROWN, 12 G",Analogo
7262,"LUMEX DENTINE MODIFIER, BROWN, 12 G",Ceramica De Recubrimiento
7262,"LUMEX DENTINE MODIFIER, BROWN, 12 G",Consumible
7265,"LUMEX DENTINE MODIFIER, CARAMEL, 12 G",Analogo
7265,"LUMEX DENTINE MODIFIER, CARAMEL, 12 G",Ceramica De Recubrimiento
7265,"LUMEX DENTINE MODIFIER, CARAMEL, 12 G",Consumible
7268,"LUMEX DENTINE MODIFIER, CLOUDY-WHITE, 12",Analogo
7268,"LUMEX DENTINE MODIFIER, CLOUDY-WHITE, 12",Ceramica De Recubrimiento
7268,"LUMEX DENTINE MODIFIER, CLOUDY-WHITE, 12",Consumible
7271,"LUMEX DENTINE MODIFIER, COPPER, 12 G",Analogo
7271,"LUMEX DENTINE MODIFIER, COPPER, 12 G",Ceramica De Recubrimiento
7271,"LUMEX DENTINE MODIFIER, COPPER, 12 G",Consumible
7274,"LUMEX DENTINE MODIFIER, HONEY, 12 G",Analogo
7274,"LUMEX DENTINE MODIFIER, HONEY, 12 G",Ceramica De Recubrimiento
7274,"LUMEX DENTINE MODIFIER, HONEY, 12 G",Consumible
7214,"LUMEX DENTINE, A1, 12 G",Analogo
7214,"LUMEX DENTINE, A1, 12 G",Ceramica De Recubrimiento
7214,"LUMEX DENTINE, A1, 12 G",Consumible
7217,"LUMEX DENTINE, A2, 12 G",Analogo
7217,"LUMEX DENTINE, A2, 12 G",Ceramica De Recubrimiento
7217,"LUMEX DENTINE, A2, 12 G",Consumible
7223,"LUMEX DENTINE, A3, 12 G",Analogo
7223,"LUMEX DENTINE, A3, 12 G",Ceramica De Recubrimiento
7223,"LUMEX DENTINE, A3, 12 G",Consumible
7220,"LUMEX DENTINE, A3.5, 12 G",Analogo
7220,"LUMEX DENTINE, A3.5, 12 G",Ceramica De Recubrimiento
7220,"LUMEX DENTINE, A3.5, 12 G",Consumible
7226,"LUMEX DENTINE, A4, 12 G",Analogo
7226,"LUMEX DENTINE, A4, 12 G",Ceramica De Recubrimiento
7226,"LUMEX DENTINE, A4, 12 G",Consumible
7229,"LUMEX DENTINE, B1, 12 G",Analogo
7229,"LUMEX DENTINE, B1, 12 G",Ceramica De Recubrimiento
7229,"LUMEX DENTINE, B1, 12 G",Consumible
7232,"LUMEX DENTINE, B2, 12 G",Analogo
7232,"LUMEX DENTINE, B2, 12 G",Ceramica De Recubrimiento
7232,"LUMEX DENTINE, B2, 12 G",Consumible
7235,"LUMEX DENTINE, B3, 12 G",Analogo
7235,"LUMEX DENTINE, B3, 12 G",Ceramica De Recubrimiento
7235,"LUMEX DENTINE, B3, 12 G",Consumible
7238,"LUMEX DENTINE, B4, 12 G",Analogo
7238,"LUMEX DENTINE, B4, 12 G",Ceramica De Recubrimiento
7238,"LUMEX DENTINE, B4, 12 G",Consumible
7241,"LUMEX DENTINE, C1, 12 G",Analogo
7241,"LUMEX DENTINE, C1, 12 G",Ceramica De Recubrimiento
7241,"LUMEX DENTINE, C1, 12 G",Consumible
7244,"LUMEX DENTINE, C2, 12 G",Analogo
7244,"LUMEX DENTINE, C2, 12 G",Ceramica De Recubrimiento
7244,"LUMEX DENTINE, C2, 12 G",Consumible
7247,"LUMEX DENTINE, C3, 12 G",Analogo
7247,"LUMEX DENTINE, C3, 12 G",Ceramica De Recubrimiento
7247,"LUMEX DENTINE, C3, 12 G",Consumible
7250,"LUMEX DENTINE, C4, 12 G",Analogo
7250,"LUMEX DENTINE, C4, 12 G",Ceramica De Recubrimiento
7250,"LUMEX DENTINE, C4, 12 G",Consumible
7253,"LUMEX DENTINE, D2, 12 G",Analogo
7253,"LUMEX DENTINE, D2, 12 G",Ceramica De Recubrimiento
7253,"LUMEX DENTINE, D2, 12 G",Consumible
7256,"LUMEX DENTINE, D3, 12 G",Analogo
7256,"LUMEX DENTINE, D3, 12 G",Ceramica De Recubrimiento
7256,"LUMEX DENTINE, D3, 12 G",Consumible
7259,"LUMEX DENTINE, D4, 12 G",Analogo
7259,"LUMEX DENTINE, D4, 12 G",Ceramica De Recubrimiento
7259,"LUMEX DENTINE, D4, 12 G",Consumible
7277,"LUMEX ENAMEL, CLEAR, 12 G",Analogo
7277,"LUMEX ENAMEL, CLEAR, 12 G",Ceramica De Recubrimiento
7277,"LUMEX ENAMEL, CLEAR, 12 G",Consumible
7280,"LUMEX ENAMEL, FOG, 12 G",Analogo
7280,"LUMEX ENAMEL, FOG, 12 G",Ceramica De Recubrimiento
7280,"LUMEX ENAMEL, FOG, 12 G",Consumible
7283,"LUMEX ENAMEL, INTENSE, 12 G",Analogo
7283,"LUMEX ENAMEL, INTENSE, 12 G",Ceramica De Recubrimiento
7283,"LUMEX ENAMEL, INTENSE, 12 G",Consumible
7286,"LUMEX ENAMEL, LIGHT, 12 G",Analogo
7286,"LUMEX ENAMEL, LIGHT, 12 G",Ceramica De Recubrimiento
7286,"LUMEX ENAMEL, LIGHT, 12 G",Consumible
7289,"LUMEX ENAMEL, MEDIUM, 12 G",Analogo
7289,"LUMEX ENAMEL, MEDIUM, 12 G",Ceramica De Recubrimiento
7289,"LUMEX ENAMEL, MEDIUM, 12 G",Consumible
7298,"LUMEX FLUO INTENSE, ARCTIC-WHITE, 12 G",Analogo
7298,"LUMEX FLUO INTENSE, ARCTIC-WHITE, 12 G",Ceramica De Recubrimiento
7298,"LUMEX FLUO INTENSE, ARCTIC-WHITE, 12 G",Consumible
7292,"LUMEX FLUO INTENSE, CAPPUCCINO, 12 G",Analogo
7292,"LUMEX FLUO INTENSE, CAPPUCCINO, 12 G",Ceramica De Recubrimiento
7292,"LUMEX FLUO INTENSE, CAPPUCCINO, 12 G",Consumible
7295,"LUMEX FLUO INTENSE, CREAM, 12 G",Analogo
7295,"LUMEX FLUO INTENSE, CREAM, 12 G",Ceramica De Recubrimiento
7295,"LUMEX FLUO INTENSE, CREAM, 12 G",Consumible
7301,"LUMEX FLUO INTENSE, SAND, 12 G",Analogo
7301,"LUMEX FLUO INTENSE, SAND, 12 G",Ceramica De Recubrimiento
7301,"LUMEX FLUO INTENSE, SAND, 12 G",Consumible
7304,"LUMEX FLUO INTENSE, SESAME, 12 G",Analogo
7304,"LUMEX FLUO INTENSE, SESAME, 12 G",Ceramica De Recubrimiento
7304,"LUMEX FLUO INTENSE, SESAME, 12 G",Consumible
7307,LUMEX GINGIVA DARK-RED 12G,Analogo
7307,LUMEX GINGIVA DARK-RED 12G,Ceramica De Recubrimiento
7307,LUMEX GINGIVA DARK-RED 12G,Consumible
7310,LUMEX GINGIVA DEEP-RED 12G,Analogo
7310,LUMEX GINGIVA DEEP-RED 12G,Ceramica De Recubrimiento
7310,LUMEX GINGIVA DEEP-RED 12G,Consumible
7313,LUMEX GINGIVA GRAPEFRUIT 12G,Analogo
7313,LUMEX GINGIVA GRAPEFRUIT 12G,Ceramica De Recubrimiento
7313,LUMEX GINGIVA GRAPEFRUIT 12G,Consumible
7316,LUMEX GINGIVA LIGHT-ROSE 12G,Analogo
7316,LUMEX GINGIVA LIGHT-ROSE 12G,Ceramica De Recubrimiento
7316,LUMEX GINGIVA LIGHT-ROSE 12G,Consumible
7319,LUMEX GINGIVA NECTARINE 12G,Analogo
7319,LUMEX GINGIVA NECTARINE 12G,Ceramica De Recubrimiento
7319,LUMEX GINGIVA NECTARINE 12G,Consumible
7322,LUMEX GINGIVA PALE-PAPILLA 12G,Analogo
7322,LUMEX GINGIVA PALE-PAPILLA 12G,Ceramica De Recubrimiento
7322,LUMEX GINGIVA PALE-PAPILLA 12G,Consumible
7325,LUMEX GINGIVA PURPLE 12G,Analogo
7325,LUMEX GINGIVA PURPLE 12G,Ceramica De Recubrimiento
7325,LUMEX GINGIVA PURPLE 12G,Consumible
7328,LUMEX GINGIVA ROSEWOOD 12G,Analogo
7328,LUMEX GINGIVA ROSEWOOD 12G,Ceramica De Recubrimiento
7328,LUMEX GINGIVA ROSEWOOD 12G,Consumible
7337,"LUMEX MAMELON, HONEY-MELON, 12 G",Analogo
7337,"LUMEX MAMELON, HONEY-MELON, 12 G",Ceramica De Recubrimiento
7337,"LUMEX MAMELON, HONEY-MELON, 12 G",Consumible
7343,"LUMEX MAMELON, SAFFRON, 12 G",Analogo
7343,"LUMEX MAMELON, SAFFRON, 12 G",Ceramica De Recubrimiento
7343,"LUMEX MAMELON, SAFFRON, 12 G",Consumible
7340,"LUMEX MODELLING LIQUID, 50 ML",Liquidos
7340,"LUMEX MODELLING LIQUID, 50 ML",Analogo
7340,"LUMEX MODELLING LIQUID, 50 ML",Liquidos Para Ceramica
7340,"LUMEX MODELLING LIQUID, 50 ML",Consumible
7394,"LUMEX OPAL TRANSLUCENT, OPAL-AZURE, 12 G",Analogo
7394,"LUMEX OPAL TRANSLUCENT, OPAL-AZURE, 12 G",Ceramica De Recubrimiento
7394,"LUMEX OPAL TRANSLUCENT, OPAL-AZURE, 12 G",Consumible
7397,"LUMEX OPAL TRANSLUCENT, OPAL-NEUTRAL, 12",Analogo
7397,"LUMEX OPAL TRANSLUCENT, OPAL-NEUTRAL, 12",Ceramica De Recubrimiento
7397,"LUMEX OPAL TRANSLUCENT, OPAL-NEUTRAL, 12",Consumible
7400,"LUMEX OPAL TRANSLUCENT, OPAL-SKY, 12G",Analogo
7400,"LUMEX OPAL TRANSLUCENT, OPAL-SKY, 12G",Ceramica De Recubrimiento
7400,"LUMEX OPAL TRANSLUCENT, OPAL-SKY, 12G",Consumible
7346,LUMEX OPAQUE DENTINE A1 12 G,Analogo
7346,LUMEX OPAQUE DENTINE A1 12 G,Ceramica De Recubrimiento
7346,LUMEX OPAQUE DENTINE A1 12 G,Consumible
7349,"LUMEX OPAQUE DENTINE, A2, 12 G",Analogo
7349,"LUMEX OPAQUE DENTINE, A2, 12 G",Ceramica De Recubrimiento
7349,"LUMEX OPAQUE DENTINE, A2, 12 G",Consumible
7355,"LUMEX OPAQUE DENTINE, A3, 12 G",Analogo
7355,"LUMEX OPAQUE DENTINE, A3, 12 G",Ceramica De Recubrimiento
7355,"LUMEX OPAQUE DENTINE, A3, 12 G",Consumible
7352,"LUMEX OPAQUE DENTINE, A3.5, 12 G",Analogo
7352,"LUMEX OPAQUE DENTINE, A3.5, 12 G",Ceramica De Recubrimiento
7352,"LUMEX OPAQUE DENTINE, A3.5, 12 G",Consumible
7358,"LUMEX OPAQUE DENTINE, A4, 12 G",Analogo
7358,"LUMEX OPAQUE DENTINE, A4, 12 G",Ceramica De Recubrimiento
7358,"LUMEX OPAQUE DENTINE, A4, 12 G",Consumible
7361,"LUMEX OPAQUE DENTINE, B1, 12 G",Analogo
7361,"LUMEX OPAQUE DENTINE, B1, 12 G",Ceramica De Recubrimiento
7361,"LUMEX OPAQUE DENTINE, B1, 12 G",Consumible
7364,"LUMEX OPAQUE DENTINE, B2, 12 G",Analogo
7364,"LUMEX OPAQUE DENTINE, B2, 12 G",Ceramica De Recubrimiento
7364,"LUMEX OPAQUE DENTINE, B2, 12 G",Consumible
7367,"LUMEX OPAQUE DENTINE, B3, 12 G",Analogo
7367,"LUMEX OPAQUE DENTINE, B3, 12 G",Ceramica De Recubrimiento
7367,"LUMEX OPAQUE DENTINE, B3, 12 G",Consumible
7370,"LUMEX OPAQUE DENTINE, B4, 12 G",Analogo
7370,"LUMEX OPAQUE DENTINE, B4, 12 G",Ceramica De Recubrimiento
7370,"LUMEX OPAQUE DENTINE, B4, 12 G",Consumible
7373,"LUMEX OPAQUE DENTINE, C1, 12 G",Analogo
7373,"LUMEX OPAQUE DENTINE, C1, 12 G",Ceramica De Recubrimiento
7373,"LUMEX OPAQUE DENTINE, C1, 12 G",Consumible
7376,"LUMEX OPAQUE DENTINE, C2, 12 G",Analogo
7376,"LUMEX OPAQUE DENTINE, C2, 12 G",Ceramica De Recubrimiento
7376,"LUMEX OPAQUE DENTINE, C2, 12 G",Consumible
7379,"LUMEX OPAQUE DENTINE, C3, 12 G",Analogo
7379,"LUMEX OPAQUE DENTINE, C3, 12 G",Ceramica De Recubrimiento
7379,"LUMEX OPAQUE DENTINE, C3, 12 G",Consumible
7382,"LUMEX OPAQUE DENTINE, C4, 12 G",Analogo
7382,"LUMEX OPAQUE DENTINE, C4, 12 G",Ceramica De Recubrimiento
7382,"LUMEX OPAQUE DENTINE, C4, 12 G",Consumible
7385,"LUMEX OPAQUE DENTINE, D2, 12 G",Analogo
7385,"LUMEX OPAQUE DENTINE, D2, 12 G",Ceramica De Recubrimiento
7385,"LUMEX OPAQUE DENTINE, D2, 12 G",Consumible
7388,"LUMEX OPAQUE DENTINE, D3, 12 G",Analogo
7388,"LUMEX OPAQUE DENTINE, D3, 12 G",Ceramica De Recubrimiento
7388,"LUMEX OPAQUE DENTINE, D3, 12 G",Consumible
7391,"LUMEX OPAQUE DENTINE, D4, 12 G",Analogo
7391,"LUMEX OPAQUE DENTINE, D4, 12 G",Ceramica De Recubrimiento
7391,"LUMEX OPAQUE DENTINE, D4, 12 G",Consumible
7403,"LUMEX PEARL, SHELL, 12 G",Analogo
7403,"LUMEX PEARL, SHELL, 12 G",Ceramica De Recubrimiento
7403,"LUMEX PEARL, SHELL, 12 G",Consumible
7409,"LUMEX TRANSLUCENT, DEEP-BLUE, 12G",Analogo
7409,"LUMEX TRANSLUCENT, DEEP-BLUE, 12G",Ceramica De Recubrimiento
7409,"LUMEX TRANSLUCENT, DEEP-BLUE, 12G",Consumible
7412,"LUMEX TRANSLUCENT, FOGGY-GREY, 12 G",Analogo
7412,"LUMEX TRANSLUCENT, FOGGY-GREY, 12 G",Ceramica De Recubrimiento
7412,"LUMEX TRANSLUCENT, FOGGY-GREY, 12 G",Consumible
7415,"LUMEX TRANSLUCENT, LIGHT-BLONDE, 12 G",Analogo
7415,"LUMEX TRANSLUCENT, LIGHT-BLONDE, 12 G",Ceramica De Recubrimiento
7415,"LUMEX TRANSLUCENT, LIGHT-BLONDE, 12 G",Consumible
7418,"LUMEX TRANSLUCENT, MISTY-ROSE, 12 G",Analogo
7418,"LUMEX TRANSLUCENT, MISTY-ROSE, 12 G",Ceramica De Recubrimiento
7418,"LUMEX TRANSLUCENT, MISTY-ROSE, 12 G",Consumible
7421,"LUMEX TRANSLUCENT, SMOKY-WHITE, 12G",Analogo
7421,"LUMEX TRANSLUCENT, SMOKY-WHITE, 12G",Ceramica De Recubrimiento
7421,"LUMEX TRANSLUCENT, SMOKY-WHITE, 12G",Consumible
7427,"LUMEX TRANSLUCENT, SUN-INTENSE, 12G",Analogo
7427,"LUMEX TRANSLUCENT, SUN-INTENSE, 12G",Ceramica De Recubrimiento
7427,"LUMEX TRANSLUCENT, SUN-INTENSE, 12G",Consumible
7424,"LUMEX TRANSLUCENT, SUNLIGHT, 12 G",Analogo
7424,"LUMEX TRANSLUCENT, SUNLIGHT, 12 G",Ceramica De Recubrimiento
7424,"LUMEX TRANSLUCENT, SUNLIGHT, 12 G",Consumible
7430,"LUMEX TRANSLUCENT, WATERDROP, 12G",Analogo
7430,"LUMEX TRANSLUCENT, WATERDROP, 12G",Ceramica De Recubrimiento
7430,"LUMEX TRANSLUCENT, WATERDROP, 12G",Consumible
297976,MAGIC COLOUR DENTIN SHADE DS-A 3G,Analogo
297976,MAGIC COLOUR DENTIN SHADE DS-A 3G,Consumible
297976,MAGIC COLOUR DENTIN SHADE DS-A 3G,Ceramica Liquida
297979,MAGIC COLOUR DENTIN SHADE DS-B 3G,Analogo
297979,MAGIC COLOUR DENTIN SHADE DS-B 3G,Consumible
297979,MAGIC COLOUR DENTIN SHADE DS-B 3G,Ceramica Liquida
297982,MAGIC COLOUR DENTIN SHADE DS-C 3G,Analogo
297982,MAGIC COLOUR DENTIN SHADE DS-C 3G,Consumible
297982,MAGIC COLOUR DENTIN SHADE DS-C 3G,Ceramica Liquida
297985,MAGIC COLOUR DENTIN SHADE DS-D 3G,Analogo
297985,MAGIC COLOUR DENTIN SHADE DS-D 3G,Consumible
297985,MAGIC COLOUR DENTIN SHADE DS-D 3G,Ceramica Liquida
297994,MAGIC COLOUR GINGIVA SHADE 1 RASPBERRY 3G,Analogo
297994,MAGIC COLOUR GINGIVA SHADE 1 RASPBERRY 3G,Consumible
297994,MAGIC COLOUR GINGIVA SHADE 1 RASPBERRY 3G,Ceramica Liquida
297997,MAGIC COLOUR GINGIVA SHADE 2 SALMON RED 3G,Analogo
297997,MAGIC COLOUR GINGIVA SHADE 2 SALMON RED 3G,Consumible
297997,MAGIC COLOUR GINGIVA SHADE 2 SALMON RED 3G,Ceramica Liquida
298000,MAGIC COLOUR GINGIVA SHADE 3 RED VIOLET 3G,Analogo
298000,MAGIC COLOUR GINGIVA SHADE 3 RED VIOLET 3G,Consumible
298000,MAGIC COLOUR GINGIVA SHADE 3 RED VIOLET 3G,Ceramica Liquida
298003,MAGIC COLOUR GLAZE 3G,Analogo
298003,MAGIC COLOUR GLAZE 3G,Consumible
298003,MAGIC COLOUR GLAZE 3G,Ceramica Liquida
298068,MAGIC COLOUR GLAZE FLUO 10G,Analogo
298068,MAGIC COLOUR GLAZE FLUO 10G,Consumible
298068,MAGIC COLOUR GLAZE FLUO 10G,Ceramica Liquida
298006,MAGIC COLOUR GLAZE FLUO 3G,Analogo
298006,MAGIC COLOUR GLAZE FLUO 3G,Consumible
298006,MAGIC COLOUR GLAZE FLUO 3G,Ceramica Liquida
298071,MAGIC COLOUR LIQUID GL 25ML,Analogo
298071,MAGIC COLOUR LIQUID GL 25ML,Consumible
298071,MAGIC COLOUR LIQUID GL 25ML,Ceramica Liquida
297988,MAGIC COLOUR MAKE IN MI-61 3G,Analogo
297988,MAGIC COLOUR MAKE IN MI-61 3G,Consumible
297988,MAGIC COLOUR MAKE IN MI-61 3G,Ceramica Liquida
297991,MAGIC COLOUR MAKE IN MI-63 3G,Analogo
297991,MAGIC COLOUR MAKE IN MI-63 3G,Consumible
297991,MAGIC COLOUR MAKE IN MI-63 3G,Ceramica Liquida
297776,MAGIC COLOUR PROFESSIONAL KIT 78G,Analogo
297776,MAGIC COLOUR PROFESSIONAL KIT 78G,Consumible
297776,MAGIC COLOUR PROFESSIONAL KIT 78G,Ceramica Liquida
298074,MAGIC COLOUR SPECIAL LIQUID ML 25ML,Analogo
298074,MAGIC COLOUR SPECIAL LIQUID ML 25ML,Consumible
298074,MAGIC COLOUR SPECIAL LIQUID ML 25ML,Ceramica Liquida
297779,MAGIC COLOUR STARTER KIT LS 73G,Analogo
297779,MAGIC COLOUR STARTER KIT LS 73G,Consumible
297779,MAGIC COLOUR STARTER KIT LS 73G,Ceramica Liquida
298009,MAGIC COLOURS HIGHLIGHT 1 WHITE 3G,Analogo
298009,MAGIC COLOURS HIGHLIGHT 1 WHITE 3G,Consumible
298009,MAGIC COLOURS HIGHLIGHT 1 WHITE 3G,Ceramica Liquida
298050,MAGIC COLOURS HIGHLIGHT 10 RED 3G,Analogo
298050,MAGIC COLOURS HIGHLIGHT 10 RED 3G,Consumible
298050,MAGIC COLOURS HIGHLIGHT 10 RED 3G,Ceramica Liquida
298053,MAGIC COLOURS HIGHLIGHT 11 DOVE BLUE 3G,Analogo
298053,MAGIC COLOURS HIGHLIGHT 11 DOVE BLUE 3G,Consumible
298053,MAGIC COLOURS HIGHLIGHT 11 DOVE BLUE 3G,Ceramica Liquida
298056,MAGIC COLOURS HIGHLIGHT 12 GRAY 3G,Analogo
298056,MAGIC COLOURS HIGHLIGHT 12 GRAY 3G,Consumible
298056,MAGIC COLOURS HIGHLIGHT 12 GRAY 3G,Ceramica Liquida
298059,MAGIC COLOURS HIGHLIGHT 13 DEEP BLUE 3G,Analogo
298059,MAGIC COLOURS HIGHLIGHT 13 DEEP BLUE 3G,Consumible
298059,MAGIC COLOURS HIGHLIGHT 13 DEEP BLUE 3G,Ceramica Liquida
298062,MAGIC COLOURS HIGHLIGHT 14 FISSURE 3G,Analogo
298062,MAGIC COLOURS HIGHLIGHT 14 FISSURE 3G,Consumible
298062,MAGIC COLOURS HIGHLIGHT 14 FISSURE 3G,Ceramica Liquida
298065,MAGIC COLOURS HIGHLIGHT 15 ILLUSION 3G,Analogo
298065,MAGIC COLOURS HIGHLIGHT 15 ILLUSION 3G,Consumible
298065,MAGIC COLOURS HIGHLIGHT 15 ILLUSION 3G,Ceramica Liquida
298012,MAGIC COLOURS HIGHLIGHT 2 EGGSHELL 3G,Analogo
298012,MAGIC COLOURS HIGHLIGHT 2 EGGSHELL 3G,Consumible
298012,MAGIC COLOURS HIGHLIGHT 2 EGGSHELL 3G,Ceramica Liquida
298015,MAGIC COLOURS HIGHLIGHT 3 LEMON YELLOW 3G,Analogo
298015,MAGIC COLOURS HIGHLIGHT 3 LEMON YELLOW 3G,Consumible
298015,MAGIC COLOURS HIGHLIGHT 3 LEMON YELLOW 3G,Ceramica Liquida
298018,MAGIC COLOURS HIGHLIGHT 4 MANDARINE 3G,Analogo
298018,MAGIC COLOURS HIGHLIGHT 4 MANDARINE 3G,Consumible
298018,MAGIC COLOURS HIGHLIGHT 4 MANDARINE 3G,Ceramica Liquida
298021,MAGIC COLOURS HIGHLIGHT 5 FLAMINGO 3G,Analogo
298021,MAGIC COLOURS HIGHLIGHT 5 FLAMINGO 3G,Consumible
298021,MAGIC COLOURS HIGHLIGHT 5 FLAMINGO 3G,Ceramica Liquida
298024,MAGIC COLOURS HIGHLIGHT 6 APRICOT 3G,Analogo
298024,MAGIC COLOURS HIGHLIGHT 6 APRICOT 3G,Consumible
298024,MAGIC COLOURS HIGHLIGHT 6 APRICOT 3G,Ceramica Liquida
298031,MAGIC COLOURS HIGHLIGHT 7 LIGHT BROWN 3G,Analogo
298031,MAGIC COLOURS HIGHLIGHT 7 LIGHT BROWN 3G,Consumible
298031,MAGIC COLOURS HIGHLIGHT 7 LIGHT BROWN 3G,Ceramica Liquida
298044,MAGIC COLOURS HIGHLIGHT 8 MEDIUM BROWN 3G,Analogo
298044,MAGIC COLOURS HIGHLIGHT 8 MEDIUM BROWN 3G,Consumible
298044,MAGIC COLOURS HIGHLIGHT 8 MEDIUM BROWN 3G,Ceramica Liquida
298047,MAGIC COLOURS HIGHLIGHT 9 OLIVE 3G,Analogo
298047,MAGIC COLOURS HIGHLIGHT 9 OLIVE 3G,Consumible
298047,MAGIC COLOURS HIGHLIGHT 9 OLIVE 3G,Ceramica Liquida
117507,MAINBOARD MIGHTY 4K,Digital
117507,MAINBOARD MIGHTY 4K,Impresoras 3d
117507,MAINBOARD MIGHTY 4K,Refaccion
117507,MAINBOARD MIGHTY 4K,Impresoras Lcd
100960,MAINBOARD MINI 4K,Digital
100960,MAINBOARD MINI 4K,Impresoras 3d
100960,MAINBOARD MINI 4K,Refaccion
100960,MAINBOARD MINI 4K,Impresoras Lcd
100983,MAINBOARD SONIC 4K 2022,Digital
100983,MAINBOARD SONIC 4K 2022,Impresoras 3d
100983,MAINBOARD SONIC 4K 2022,Refaccion
100983,MAINBOARD SONIC 4K 2022,Impresoras Lcd
100987,MAINBOARD SONIC XL 4K 2022,Digital
100987,MAINBOARD SONIC XL 4K 2022,Impresoras 3d
100987,MAINBOARD SONIC XL 4K 2022,Refaccion
100987,MAINBOARD SONIC XL 4K 2022,Impresoras Lcd
198936,MAINS SWITCH,Refaccion
198936,MAINS SWITCH,Analogo
297507,MAKE UP MIXING PLATE,Analogo
297507,MAKE UP MIXING PLATE,Consumible
297507,MAKE UP MIXING PLATE,Ceramica Liquida
3821,MALETIN ARTEX,Analogo
3821,MALETIN ARTEX,Articuladores
3821,MALETIN ARTEX,Accesorio
111008,MANEJO DE DEUDA.,Servicios
6989,MANGO PARA LABORATORIO,Aditamentos Para Implantes
6989,MANGO PARA LABORATORIO,Consumible
6989,MANGO PARA LABORATORIO,Analogo
122284,MANGUITO PASAMUROS CERÁMICO,Refaccion
122284,MANGUITO PASAMUROS CERÁMICO,Analogo
141942,MANIPULO CON CABLE,Refaccion
141942,MANIPULO CON CABLE,Digital
111626,MANO DE OBRA Y VIA,Servicios
7568,MARK II A3C I 10,Digital
7568,MARK II A3C I 10,Bloques De Feldespato
7568,MARK II A3C I 10,Consumible
7568,MARK II A3C I 10,Bloques
7436,MARK II 0M1C I12,Digital
7436,MARK II 0M1C I12,Bloques De Feldespato
7436,MARK II 0M1C I12,Consumible
7436,MARK II 0M1C I12,Bloques
7439,MARK II 0M1C I14,Digital
7439,MARK II 0M1C I14,Bloques De Feldespato
7439,MARK II 0M1C I14,Consumible
7439,MARK II 0M1C I14,Bloques
7442,MARK II 1M1C I10,Digital
7442,MARK II 1M1C I10,Bloques De Feldespato
7442,MARK II 1M1C I10,Consumible
7442,MARK II 1M1C I10,Bloques
7445,MARK II 1M1C I12,Digital
7445,MARK II 1M1C I12,Bloques De Feldespato
7445,MARK II 1M1C I12,Consumible
7445,MARK II 1M1C I12,Bloques
7448,MARK II 1M1C I14,Digital
7448,MARK II 1M1C I14,Bloques De Feldespato
7448,MARK II 1M1C I14,Consumible
7448,MARK II 1M1C I14,Bloques
7451,MARK II 1M1C I8,Digital
7451,MARK II 1M1C I8,Bloques De Feldespato
7451,MARK II 1M1C I8,Consumible
7451,MARK II 1M1C I8,Bloques
7454,MARK II 1M2C I10,Digital
7454,MARK II 1M2C I10,Bloques De Feldespato
7454,MARK II 1M2C I10,Consumible
7454,MARK II 1M2C I10,Bloques
7457,MARK II 1M2C I12,Digital
7457,MARK II 1M2C I12,Bloques De Feldespato
7457,MARK II 1M2C I12,Consumible
7457,MARK II 1M2C I12,Bloques
7460,MARK II 1M2C I14,Digital
7460,MARK II 1M2C I14,Bloques De Feldespato
7460,MARK II 1M2C I14,Consumible
7460,MARK II 1M2C I14,Bloques
7463,MARK II 1M2C I8,Digital
7463,MARK II 1M2C I8,Bloques De Feldespato
7463,MARK II 1M2C I8,Consumible
7463,MARK II 1M2C I8,Bloques
7466,MARK II 2M1C I10,Digital
7466,MARK II 2M1C I10,Bloques De Feldespato
7466,MARK II 2M1C I10,Consumible
7466,MARK II 2M1C I10,Bloques
7469,MARK II 2M1C I12,Digital
7469,MARK II 2M1C I12,Bloques De Feldespato
7469,MARK II 2M1C I12,Consumible
7469,MARK II 2M1C I12,Bloques
7472,MARK II 2M1C I14,Digital
7472,MARK II 2M1C I14,Bloques De Feldespato
7472,MARK II 2M1C I14,Consumible
7472,MARK II 2M1C I14,Bloques
7475,MARK II 2M1C I8,Digital
7475,MARK II 2M1C I8,Bloques De Feldespato
7475,MARK II 2M1C I8,Consumible
7475,MARK II 2M1C I8,Bloques
7478,MARK II 2M2C I10,Digital
7478,MARK II 2M2C I10,Bloques De Feldespato
7478,MARK II 2M2C I10,Consumible
7478,MARK II 2M2C I10,Bloques
7481,MARK II 2M2C I12,Digital
7481,MARK II 2M2C I12,Bloques De Feldespato
7481,MARK II 2M2C I12,Consumible
7481,MARK II 2M2C I12,Bloques
7484,MARK II 2M2C I14,Digital
7484,MARK II 2M2C I14,Bloques De Feldespato
7484,MARK II 2M2C I14,Consumible
7484,MARK II 2M2C I14,Bloques
7487,MARK II 2M2C I8,Digital
7487,MARK II 2M2C I8,Bloques De Feldespato
7487,MARK II 2M2C I8,Consumible
7487,MARK II 2M2C I8,Bloques
7490,MARK II 2M3C I10,Digital
7490,MARK II 2M3C I10,Bloques De Feldespato
7490,MARK II 2M3C I10,Consumible
7490,MARK II 2M3C I10,Bloques
7493,MARK II 2M3C I12,Digital
7493,MARK II 2M3C I12,Bloques De Feldespato
7493,MARK II 2M3C I12,Consumible
7493,MARK II 2M3C I12,Bloques
7496,MARK II 2M3C I14,Digital
7496,MARK II 2M3C I14,Bloques De Feldespato
7496,MARK II 2M3C I14,Consumible
7496,MARK II 2M3C I14,Bloques
7499,MARK II 2M3C I8,Digital
7499,MARK II 2M3C I8,Bloques De Feldespato
7499,MARK II 2M3C I8,Consumible
7499,MARK II 2M3C I8,Bloques
7502,MARK II 3M1C I10,Digital
7502,MARK II 3M1C I10,Bloques De Feldespato
7502,MARK II 3M1C I10,Consumible
7502,MARK II 3M1C I10,Bloques
7505,MARK II 3M1C I12,Digital
7505,MARK II 3M1C I12,Bloques De Feldespato
7505,MARK II 3M1C I12,Consumible
7505,MARK II 3M1C I12,Bloques
7508,MARK II 3M1C I14,Digital
7508,MARK II 3M1C I14,Bloques De Feldespato
7508,MARK II 3M1C I14,Consumible
7508,MARK II 3M1C I14,Bloques
7511,MARK II 3M1C I8,Digital
7511,MARK II 3M1C I8,Bloques De Feldespato
7511,MARK II 3M1C I8,Consumible
7511,MARK II 3M1C I8,Bloques
7514,MARK II 3M2C I10,Digital
7514,MARK II 3M2C I10,Bloques De Feldespato
7514,MARK II 3M2C I10,Consumible
7514,MARK II 3M2C I10,Bloques
7517,MARK II 3M2C I12,Digital
7517,MARK II 3M2C I12,Bloques De Feldespato
7517,MARK II 3M2C I12,Consumible
7517,MARK II 3M2C I12,Bloques
7520,MARK II 3M2C I14,Digital
7520,MARK II 3M2C I14,Bloques De Feldespato
7520,MARK II 3M2C I14,Consumible
7520,MARK II 3M2C I14,Bloques
7523,MARK II 3M2C I8,Digital
7523,MARK II 3M2C I8,Bloques De Feldespato
7523,MARK II 3M2C I8,Consumible
7523,MARK II 3M2C I8,Bloques
7526,MARK II 3M3C I10,Digital
7526,MARK II 3M3C I10,Bloques De Feldespato
7526,MARK II 3M3C I10,Consumible
7526,MARK II 3M3C I10,Bloques
7529,MARK II 3M3C I12,Digital
7529,MARK II 3M3C I12,Bloques De Feldespato
7529,MARK II 3M3C I12,Consumible
7529,MARK II 3M3C I12,Bloques
7532,MARK II 3M3C I14,Digital
7532,MARK II 3M3C I14,Bloques De Feldespato
7532,MARK II 3M3C I14,Consumible
7532,MARK II 3M3C I14,Bloques
7535,MARK II 3M3C I8,Digital
7535,MARK II 3M3C I8,Bloques De Feldespato
7535,MARK II 3M3C I8,Consumible
7535,MARK II 3M3C I8,Bloques
7538,MARK II 4M2C I10,Digital
7538,MARK II 4M2C I10,Bloques De Feldespato
7538,MARK II 4M2C I10,Consumible
7538,MARK II 4M2C I10,Bloques
7541,MARK II 4M2C I12,Digital
7541,MARK II 4M2C I12,Bloques De Feldespato
7541,MARK II 4M2C I12,Consumible
7541,MARK II 4M2C I12,Bloques
7544,MARK II 4M2C I14,Digital
7544,MARK II 4M2C I14,Bloques De Feldespato
7544,MARK II 4M2C I14,Consumible
7544,MARK II 4M2C I14,Bloques
7547,MARK II 4M2C I8,Digital
7547,MARK II 4M2C I8,Bloques De Feldespato
7547,MARK II 4M2C I8,Consumible
7547,MARK II 4M2C I8,Bloques
7550,MARK II A1C I12,Digital
7550,MARK II A1C I12,Bloques De Feldespato
7550,MARK II A1C I12,Consumible
7550,MARK II A1C I12,Bloques
7553,MARK II A1C I14,Digital
7553,MARK II A1C I14,Bloques De Feldespato
7553,MARK II A1C I14,Consumible
7553,MARK II A1C I14,Bloques
7556,MARK II A2C I12,Digital
7556,MARK II A2C I12,Bloques De Feldespato
7556,MARK II A2C I12,Consumible
7556,MARK II A2C I12,Bloques
7559,MARK II A2C I14,Digital
7559,MARK II A2C I14,Bloques De Feldespato
7559,MARK II A2C I14,Consumible
7559,MARK II A2C I14,Bloques
7562,MARK II A3.5C I12,Digital
7562,MARK II A3.5C I12,Bloques De Feldespato
7562,MARK II A3.5C I12,Consumible
7562,MARK II A3.5C I12,Bloques
7565,MARK II A3.5C I14,Digital
7565,MARK II A3.5C I14,Bloques De Feldespato
7565,MARK II A3.5C I14,Consumible
7565,MARK II A3.5C I14,Bloques
7571,MARK II A3C I12,Digital
7571,MARK II A3C I12,Bloques De Feldespato
7571,MARK II A3C I12,Consumible
7571,MARK II A3C I12,Bloques
7574,MARK II A3C I14,Digital
7574,MARK II A3C I14,Bloques De Feldespato
7574,MARK II A3C I14,Consumible
7574,MARK II A3C I14,Bloques
7577,MARK II B2C I12,Digital
7577,MARK II B2C I12,Bloques De Feldespato
7577,MARK II B2C I12,Consumible
7577,MARK II B2C I12,Bloques
7580,MARK II B2C I14,Digital
7580,MARK II B2C I14,Bloques De Feldespato
7580,MARK II B2C I14,Consumible
7580,MARK II B2C I14,Bloques
7583,MARK II B3C I12,Digital
7583,MARK II B3C I12,Bloques De Feldespato
7583,MARK II B3C I12,Consumible
7583,MARK II B3C I12,Bloques
7586,MARK II B3C I14,Digital
7586,MARK II B3C I14,Bloques De Feldespato
7586,MARK II B3C I14,Consumible
7586,MARK II B3C I14,Bloques
7589,MARK II C2C I12,Digital
7589,MARK II C2C I12,Bloques De Feldespato
7589,MARK II C2C I12,Consumible
7589,MARK II C2C I12,Bloques
7592,MARK II C2C I14,Digital
7592,MARK II C2C I14,Bloques De Feldespato
7592,MARK II C2C I14,Consumible
7592,MARK II C2C I14,Bloques
7595,MARK II C3C I12,Digital
7595,MARK II C3C I12,Bloques De Feldespato
7595,MARK II C3C I12,Consumible
7595,MARK II C3C I12,Bloques
7598,MARK II C3C I14,Digital
7598,MARK II C3C I14,Bloques De Feldespato
7598,MARK II C3C I14,Consumible
7598,MARK II C3C I14,Bloques
4958,MASTER DIP CERA DE INM GRAN NARANJA 100G,Analogo
4958,MASTER DIP CERA DE INM GRAN NARANJA 100G,Ceras De Inmersion
4958,MASTER DIP CERA DE INM GRAN NARANJA 100G,Consumible
89958,"MASTER DIP CERA DE INMERSION GRANULADA, ELASTICO DURO 100G",Analogo
89958,"MASTER DIP CERA DE INMERSION GRANULADA, ELASTICO DURO 100G",Ceras De Inmersion
89958,"MASTER DIP CERA DE INMERSION GRANULADA, ELASTICO DURO 100G",Consumible
117019,MATIX CAST 22 A+ B CLEAR 2KG PACKAGE,Analogo
117019,MATIX CAST 22 A+ B CLEAR 2KG PACKAGE,Matriz De Duplicado
117019,MATIX CAST 22 A+ B CLEAR 2KG PACKAGE,Consumible
117022,MATRIX CAST 26 A + BORANGE 2KG PACKAGE,Analogo
117022,MATRIX CAST 26 A + BORANGE 2KG PACKAGE,Matriz De Duplicado
117022,MATRIX CAST 26 A + BORANGE 2KG PACKAGE,Consumible
117035,MATRIX FLOW 56 VIOLET 2 X 50ML CARTRIDGE,Analogo
117035,MATRIX FLOW 56 VIOLET 2 X 50ML CARTRIDGE,Matriz De Duplicado
117035,MATRIX FLOW 56 VIOLET 2 X 50ML CARTRIDGE,Consumible
117029,MATRIX FLOW 70 CLEAR 2 X 50ML CARTRIDGE,Analogo
117029,MATRIX FLOW 70 CLEAR 2 X 50ML CARTRIDGE,Matriz Transparente
117029,MATRIX FLOW 70 CLEAR 2 X 50ML CARTRIDGE,Consumible
117032,MATRIX FLOW 70 GINGIVA PINK 2 X 50 ML,Analogo
117032,MATRIX FLOW 70 GINGIVA PINK 2 X 50 ML,Matriz De Duplicado
117032,MATRIX FLOW 70 GINGIVA PINK 2 X 50 ML,Consumible
117025,MATRIX FORM 60 A + B 1KG PACKAGE,Analogo
117025,MATRIX FORM 60 A + B 1KG PACKAGE,Matriz De Duplicado
117025,MATRIX FORM 60 A + B 1KG PACKAGE,Consumible
249178,MATRIX FORM 70 A + B 10KG PACKAGE,Analogo
249178,MATRIX FORM 70 A + B 10KG PACKAGE,Consumible
249178,MATRIX FORM 70 A + B 10KG PACKAGE,Matriz De Duplicado
85161,MAX UV 3D PRINTER,Digital
85161,MAX UV 3D PRINTER,Impresoras Dlp
85161,MAX UV 3D PRINTER,Equipo
85161,MAX UV 3D PRINTER,Impresoras 3d
85161,MAX UV IMPRESORA 3D 110-220V,Digital
85161,MAX UV IMPRESORA 3D 110-220V,Equipo
85161,MAX UV IMPRESORA 3D 110-220V,Impresoras 3d
85161,MAX UV IMPRESORA 3D 110-220V,Impresoras Dlp
85165,MAX/PICO BUIL TRAY STORAGE CASE,Digital
85165,MAX/PICO BUIL TRAY STORAGE CASE,Impresoras Dlp
85165,MAX/PICO BUIL TRAY STORAGE CASE,Refaccion
85165,MAX/PICO BUIL TRAY STORAGE CASE,Impresoras 3d
95112,MEDIDOR DE LONGITUD HERRAMIENTA M2,Refaccion
95112,MEDIDOR DE LONGITUD HERRAMIENTA M2,Analogo
162863,MEDIT I600 FULL PACK,Digital
162863,MEDIT I600 FULL PACK,Escaner Intraoral
162863,MEDIT I600 FULL PACK,Equipo
84025,MEDIT INTRA ORAL SCANNER I700,Digital
84025,MEDIT INTRA ORAL SCANNER I700,Escaner Intraoral
84025,MEDIT INTRA ORAL SCANNER I700,Equipo
103803,MEDIT SCANNER I600,Digital
103803,MEDIT SCANNER I600,Escaner Intraoral
103803,MEDIT SCANNER I600,Equipo
132192,MESA AISLANTE THERM S,Refaccion
132192,MESA AISLANTE THERM S,Digital
85803,MESA REDONDA (ENCODER B14),Digital
85803,MESA REDONDA (ENCODER B14),Fresadoras
85803,MESA REDONDA (ENCODER B14),Refaccion
7601,MFT L33 0M3,Anterior Inferior
7601,MFT L33 0M3,Analogo
7601,MFT L33 0M3,Dientes
7601,MFT L33 0M3,Consumible
7604,MFT L33 1M1,Anterior Inferior
7604,MFT L33 1M1,Analogo
7604,MFT L33 1M1,Dientes
7604,MFT L33 1M1,Consumible
7607,MFT L33 2L1.5,Anterior Inferior
7607,MFT L33 2L1.5,Analogo
7607,MFT L33 2L1.5,Dientes
7607,MFT L33 2L1.5,Consumible
7610,MFT L33 2M1,Anterior Inferior
7610,MFT L33 2M1,Analogo
7610,MFT L33 2M1,Dientes
7610,MFT L33 2M1,Consumible
7613,MFT L33 2M2,Anterior Inferior
7613,MFT L33 2M2,Analogo
7613,MFT L33 2M2,Dientes
7613,MFT L33 2M2,Consumible
7616,MFT L33 3L1.5,Anterior Inferior
7616,MFT L33 3L1.5,Analogo
7616,MFT L33 3L1.5,Dientes
7616,MFT L33 3L1.5,Consumible
7619,MFT L33 3L2.5,Anterior Inferior
7619,MFT L33 3L2.5,Analogo
7619,MFT L33 3L2.5,Dientes
7619,MFT L33 3L2.5,Consumible
7622,MFT L33 3M2,Anterior Inferior
7622,MFT L33 3M2,Analogo
7622,MFT L33 3M2,Dientes
7622,MFT L33 3M2,Consumible
7625,MFT L33 3R2.5,Anterior Inferior
7625,MFT L33 3R2.5,Analogo
7625,MFT L33 3R2.5,Dientes
7625,MFT L33 3R2.5,Consumible
7628,MFT L33 4M2,Anterior Inferior
7628,MFT L33 4M2,Analogo
7628,MFT L33 4M2,Dientes
7628,MFT L33 4M2,Consumible
7631,MFT L34 0M3,Anterior Inferior
7631,MFT L34 0M3,Analogo
7631,MFT L34 0M3,Dientes
7631,MFT L34 0M3,Consumible
7634,MFT L34 1M1,Anterior Inferior
7634,MFT L34 1M1,Analogo
7634,MFT L34 1M1,Dientes
7634,MFT L34 1M1,Consumible
7637,MFT L34 2L1.5,Anterior Inferior
7637,MFT L34 2L1.5,Analogo
7637,MFT L34 2L1.5,Dientes
7637,MFT L34 2L1.5,Consumible
7640,MFT L34 2M1,Anterior Inferior
7640,MFT L34 2M1,Analogo
7640,MFT L34 2M1,Dientes
7640,MFT L34 2M1,Consumible
7643,MFT L34 2M2,Anterior Inferior
7643,MFT L34 2M2,Analogo
7643,MFT L34 2M2,Dientes
7643,MFT L34 2M2,Consumible
7646,MFT L34 3L1.5,Anterior Inferior
7646,MFT L34 3L1.5,Analogo
7646,MFT L34 3L1.5,Dientes
7646,MFT L34 3L1.5,Consumible
7649,MFT L34 3L2.5,Anterior Inferior
7649,MFT L34 3L2.5,Analogo
7649,MFT L34 3L2.5,Dientes
7649,MFT L34 3L2.5,Consumible
7652,MFT L34 3M2,Anterior Inferior
7652,MFT L34 3M2,Analogo
7652,MFT L34 3M2,Dientes
7652,MFT L34 3M2,Consumible
7655,MFT L34 3R2.5,Anterior Inferior
7655,MFT L34 3R2.5,Analogo
7655,MFT L34 3R2.5,Dientes
7655,MFT L34 3R2.5,Consumible
7658,MFT L34 4M2,Anterior Inferior
7658,MFT L34 4M2,Analogo
7658,MFT L34 4M2,Dientes
7658,MFT L34 4M2,Consumible
7661,MFT L37 0M3,Anterior Inferior
7661,MFT L37 0M3,Analogo
7661,MFT L37 0M3,Dientes
7661,MFT L37 0M3,Consumible
7664,MFT L37 1M1,Anterior Inferior
7664,MFT L37 1M1,Analogo
7664,MFT L37 1M1,Dientes
7664,MFT L37 1M1,Consumible
7667,MFT L37 2L1.5,Anterior Inferior
7667,MFT L37 2L1.5,Analogo
7667,MFT L37 2L1.5,Dientes
7667,MFT L37 2L1.5,Consumible
7670,MFT L37 2M1,Anterior Inferior
7670,MFT L37 2M1,Analogo
7670,MFT L37 2M1,Dientes
7670,MFT L37 2M1,Consumible
7673,MFT L37 2M2,Anterior Inferior
7673,MFT L37 2M2,Analogo
7673,MFT L37 2M2,Dientes
7673,MFT L37 2M2,Consumible
7676,MFT L37 3L1.5,Anterior Inferior
7676,MFT L37 3L1.5,Analogo
7676,MFT L37 3L1.5,Dientes
7676,MFT L37 3L1.5,Consumible
7679,MFT L37 3L2.5,Anterior Inferior
7679,MFT L37 3L2.5,Analogo
7679,MFT L37 3L2.5,Dientes
7679,MFT L37 3L2.5,Consumible
7682,MFT L37 3M2,Anterior Inferior
7682,MFT L37 3M2,Analogo
7682,MFT L37 3M2,Dientes
7682,MFT L37 3M2,Consumible
7685,MFT L37 3R2.5,Anterior Inferior
7685,MFT L37 3R2.5,Analogo
7685,MFT L37 3R2.5,Dientes
7685,MFT L37 3R2.5,Consumible
7688,MFT L37 4M2,Anterior Inferior
7688,MFT L37 4M2,Analogo
7688,MFT L37 4M2,Dientes
7688,MFT L37 4M2,Consumible
7691,MFT L37LN 0M3,Anterior Inferior
7691,MFT L37LN 0M3,Analogo
7691,MFT L37LN 0M3,Dientes
7691,MFT L37LN 0M3,Consumible
7694,MFT L37LN 1M1,Anterior Inferior
7694,MFT L37LN 1M1,Analogo
7694,MFT L37LN 1M1,Dientes
7694,MFT L37LN 1M1,Consumible
7697,MFT L37LN 2L1.5,Anterior Inferior
7697,MFT L37LN 2L1.5,Analogo
7697,MFT L37LN 2L1.5,Dientes
7697,MFT L37LN 2L1.5,Consumible
7700,MFT L37LN 2M1,Anterior Inferior
7700,MFT L37LN 2M1,Analogo
7700,MFT L37LN 2M1,Dientes
7700,MFT L37LN 2M1,Consumible
7703,MFT L37LN 2M2,Anterior Inferior
7703,MFT L37LN 2M2,Analogo
7703,MFT L37LN 2M2,Dientes
7703,MFT L37LN 2M2,Consumible
7706,MFT L37LN 3L1.5,Anterior Inferior
7706,MFT L37LN 3L1.5,Analogo
7706,MFT L37LN 3L1.5,Dientes
7706,MFT L37LN 3L1.5,Consumible
7709,MFT L37LN 3L2.5,Anterior Inferior
7709,MFT L37LN 3L2.5,Analogo
7709,MFT L37LN 3L2.5,Dientes
7709,MFT L37LN 3L2.5,Consumible
7712,MFT L37LN 3M2,Anterior Inferior
7712,MFT L37LN 3M2,Analogo
7712,MFT L37LN 3M2,Dientes
7712,MFT L37LN 3M2,Consumible
7715,MFT L37LN 3R2.5,Anterior Inferior
7715,MFT L37LN 3R2.5,Analogo
7715,MFT L37LN 3R2.5,Dientes
7715,MFT L37LN 3R2.5,Consumible
7718,MFT L37LN 4M2,Anterior Inferior
7718,MFT L37LN 4M2,Analogo
7718,MFT L37LN 4M2,Dientes
7718,MFT L37LN 4M2,Consumible
7721,MFT L40 0M3,Anterior Inferior
7721,MFT L40 0M3,Analogo
7721,MFT L40 0M3,Dientes
7721,MFT L40 0M3,Consumible
7724,MFT L40 1M1,Anterior Inferior
7724,MFT L40 1M1,Analogo
7724,MFT L40 1M1,Dientes
7724,MFT L40 1M1,Consumible
7727,MFT L40 2L1.5,Anterior Inferior
7727,MFT L40 2L1.5,Analogo
7727,MFT L40 2L1.5,Dientes
7727,MFT L40 2L1.5,Consumible
7730,MFT L40 2M1,Anterior Inferior
7730,MFT L40 2M1,Analogo
7730,MFT L40 2M1,Dientes
7730,MFT L40 2M1,Consumible
7733,MFT L40 2M2,Anterior Inferior
7733,MFT L40 2M2,Analogo
7733,MFT L40 2M2,Dientes
7733,MFT L40 2M2,Consumible
7736,MFT L40 3L1.5,Anterior Inferior
7736,MFT L40 3L1.5,Analogo
7736,MFT L40 3L1.5,Dientes
7736,MFT L40 3L1.5,Consumible
7739,MFT L40 3L2.5,Anterior Inferior
7739,MFT L40 3L2.5,Analogo
7739,MFT L40 3L2.5,Dientes
7739,MFT L40 3L2.5,Consumible
7742,MFT L40 3M2,Anterior Inferior
7742,MFT L40 3M2,Analogo
7742,MFT L40 3M2,Dientes
7742,MFT L40 3M2,Consumible
7745,MFT L40 3R2.5,Anterior Inferior
7745,MFT L40 3R2.5,Analogo
7745,MFT L40 3R2.5,Dientes
7745,MFT L40 3R2.5,Consumible
7748,MFT L40 4M2,Anterior Inferior
7748,MFT L40 4M2,Analogo
7748,MFT L40 4M2,Dientes
7748,MFT L40 4M2,Consumible
7751,MFT O40 0M3,Anterior Superior
7751,MFT O40 0M3,Analogo
7751,MFT O40 0M3,Dientes
7751,MFT O40 0M3,Consumible
7754,MFT O40 1M1,Anterior Superior
7754,MFT O40 1M1,Analogo
7754,MFT O40 1M1,Dientes
7754,MFT O40 1M1,Consumible
7757,MFT O40 2L1.5,Anterior Superior
7757,MFT O40 2L1.5,Analogo
7757,MFT O40 2L1.5,Dientes
7757,MFT O40 2L1.5,Consumible
7760,MFT O40 2M1,Anterior Superior
7760,MFT O40 2M1,Analogo
7760,MFT O40 2M1,Dientes
7760,MFT O40 2M1,Consumible
7763,MFT O40 2M2,Anterior Superior
7763,MFT O40 2M2,Analogo
7763,MFT O40 2M2,Dientes
7763,MFT O40 2M2,Consumible
7766,MFT O40 3L1.5,Anterior Superior
7766,MFT O40 3L1.5,Analogo
7766,MFT O40 3L1.5,Dientes
7766,MFT O40 3L1.5,Consumible
7769,MFT O40 3L2.5,Anterior Superior
7769,MFT O40 3L2.5,Analogo
7769,MFT O40 3L2.5,Dientes
7769,MFT O40 3L2.5,Consumible
7772,MFT O40 3M2,Anterior Superior
7772,MFT O40 3M2,Analogo
7772,MFT O40 3M2,Dientes
7772,MFT O40 3M2,Consumible
7775,MFT O40 3R2.5,Anterior Superior
7775,MFT O40 3R2.5,Analogo
7775,MFT O40 3R2.5,Dientes
7775,MFT O40 3R2.5,Consumible
7778,MFT O40 4M2,Anterior Superior
7778,MFT O40 4M2,Analogo
7778,MFT O40 4M2,Dientes
7778,MFT O40 4M2,Consumible
7781,MFT O44 0M3,Anterior Superior
7781,MFT O44 0M3,Analogo
7781,MFT O44 0M3,Dientes
7781,MFT O44 0M3,Consumible
7784,MFT O44 1M1,Anterior Superior
7784,MFT O44 1M1,Analogo
7784,MFT O44 1M1,Dientes
7784,MFT O44 1M1,Consumible
7787,MFT O44 2L1.5,Anterior Superior
7787,MFT O44 2L1.5,Analogo
7787,MFT O44 2L1.5,Dientes
7787,MFT O44 2L1.5,Consumible
7790,MFT O44 2M1,Anterior Superior
7790,MFT O44 2M1,Analogo
7790,MFT O44 2M1,Dientes
7790,MFT O44 2M1,Consumible
7793,MFT O44 2M2,Anterior Superior
7793,MFT O44 2M2,Analogo
7793,MFT O44 2M2,Dientes
7793,MFT O44 2M2,Consumible
7796,MFT O44 3L1.5,Anterior Superior
7796,MFT O44 3L1.5,Analogo
7796,MFT O44 3L1.5,Dientes
7796,MFT O44 3L1.5,Consumible
7799,MFT O44 3L2.5,Anterior Superior
7799,MFT O44 3L2.5,Analogo
7799,MFT O44 3L2.5,Dientes
7799,MFT O44 3L2.5,Consumible
7802,MFT O44 3M2,Anterior Superior
7802,MFT O44 3M2,Analogo
7802,MFT O44 3M2,Dientes
7802,MFT O44 3M2,Consumible
7805,MFT O44 3R2.5,Anterior Superior
7805,MFT O44 3R2.5,Analogo
7805,MFT O44 3R2.5,Dientes
7805,MFT O44 3R2.5,Consumible
7808,MFT O44 4M2,Anterior Superior
7808,MFT O44 4M2,Analogo
7808,MFT O44 4M2,Dientes
7808,MFT O44 4M2,Consumible
7811,MFT O49 0M3,Anterior Superior
7811,MFT O49 0M3,Analogo
7811,MFT O49 0M3,Dientes
7811,MFT O49 0M3,Consumible
7814,MFT O49 1M1,Anterior Superior
7814,MFT O49 1M1,Analogo
7814,MFT O49 1M1,Dientes
7814,MFT O49 1M1,Consumible
7817,MFT O49 2L1.5,Anterior Superior
7817,MFT O49 2L1.5,Analogo
7817,MFT O49 2L1.5,Dientes
7817,MFT O49 2L1.5,Consumible
7820,MFT O49 2M1,Anterior Superior
7820,MFT O49 2M1,Analogo
7820,MFT O49 2M1,Dientes
7820,MFT O49 2M1,Consumible
7823,MFT O49 2M2,Anterior Superior
7823,MFT O49 2M2,Analogo
7823,MFT O49 2M2,Dientes
7823,MFT O49 2M2,Consumible
7826,MFT O49 3L1.5,Anterior Superior
7826,MFT O49 3L1.5,Analogo
7826,MFT O49 3L1.5,Dientes
7826,MFT O49 3L1.5,Consumible
7829,MFT O49 3L2.5,Anterior Superior
7829,MFT O49 3L2.5,Analogo
7829,MFT O49 3L2.5,Dientes
7829,MFT O49 3L2.5,Consumible
7832,MFT O49 3M2,Anterior Superior
7832,MFT O49 3M2,Analogo
7832,MFT O49 3M2,Dientes
7832,MFT O49 3M2,Consumible
7835,MFT O49 3R2.5,Anterior Superior
7835,MFT O49 3R2.5,Analogo
7835,MFT O49 3R2.5,Dientes
7835,MFT O49 3R2.5,Consumible
7838,MFT O49 4M2,Anterior Superior
7838,MFT O49 4M2,Analogo
7838,MFT O49 4M2,Dientes
7838,MFT O49 4M2,Consumible
7841,MFT PL29 0M3,Posterior Inferior
7841,MFT PL29 0M3,Analogo
7841,MFT PL29 0M3,Dientes
7841,MFT PL29 0M3,Consumible
7844,MFT PL29 1M1,Posterior Inferior
7844,MFT PL29 1M1,Analogo
7844,MFT PL29 1M1,Dientes
7844,MFT PL29 1M1,Consumible
7847,MFT PL29 2L1.5,Posterior Inferior
7847,MFT PL29 2L1.5,Analogo
7847,MFT PL29 2L1.5,Dientes
7847,MFT PL29 2L1.5,Consumible
7850,MFT PL29 2M1,Posterior Inferior
7850,MFT PL29 2M1,Analogo
7850,MFT PL29 2M1,Dientes
7850,MFT PL29 2M1,Consumible
7853,MFT PL29 2M2,Posterior Inferior
7853,MFT PL29 2M2,Analogo
7853,MFT PL29 2M2,Dientes
7853,MFT PL29 2M2,Consumible
7856,MFT PL29 3L1.5,Posterior Inferior
7856,MFT PL29 3L1.5,Analogo
7856,MFT PL29 3L1.5,Dientes
7856,MFT PL29 3L1.5,Consumible
7859,MFT PL29 3L2.5,Posterior Inferior
7859,MFT PL29 3L2.5,Analogo
7859,MFT PL29 3L2.5,Dientes
7859,MFT PL29 3L2.5,Consumible
7862,MFT PL29 3M2,Posterior Inferior
7862,MFT PL29 3M2,Analogo
7862,MFT PL29 3M2,Dientes
7862,MFT PL29 3M2,Consumible
7865,MFT PL29 3R2.5,Posterior Inferior
7865,MFT PL29 3R2.5,Analogo
7865,MFT PL29 3R2.5,Dientes
7865,MFT PL29 3R2.5,Consumible
7868,MFT PL29 4M2,Posterior Inferior
7868,MFT PL29 4M2,Analogo
7868,MFT PL29 4M2,Dientes
7868,MFT PL29 4M2,Consumible
7871,MFT PL31 0M3,Posterior Inferior
7871,MFT PL31 0M3,Analogo
7871,MFT PL31 0M3,Dientes
7871,MFT PL31 0M3,Consumible
7874,MFT PL31 1M1,Posterior Inferior
7874,MFT PL31 1M1,Analogo
7874,MFT PL31 1M1,Dientes
7874,MFT PL31 1M1,Consumible
7877,MFT PL31 2L1.5,Posterior Inferior
7877,MFT PL31 2L1.5,Analogo
7877,MFT PL31 2L1.5,Dientes
7877,MFT PL31 2L1.5,Consumible
7880,MFT PL31 2M1,Posterior Inferior
7880,MFT PL31 2M1,Analogo
7880,MFT PL31 2M1,Dientes
7880,MFT PL31 2M1,Consumible
7883,MFT PL31 2M2,Posterior Inferior
7883,MFT PL31 2M2,Analogo
7883,MFT PL31 2M2,Dientes
7883,MFT PL31 2M2,Consumible
7886,MFT PL31 3L1.5,Posterior Inferior
7886,MFT PL31 3L1.5,Analogo
7886,MFT PL31 3L1.5,Dientes
7886,MFT PL31 3L1.5,Consumible
7889,MFT PL31 3L2.5,Posterior Inferior
7889,MFT PL31 3L2.5,Analogo
7889,MFT PL31 3L2.5,Dientes
7889,MFT PL31 3L2.5,Consumible
7892,MFT PL31 3M2,Posterior Inferior
7892,MFT PL31 3M2,Analogo
7892,MFT PL31 3M2,Dientes
7892,MFT PL31 3M2,Consumible
7895,MFT PL31 3R2.5,Posterior Inferior
7895,MFT PL31 3R2.5,Analogo
7895,MFT PL31 3R2.5,Dientes
7895,MFT PL31 3R2.5,Consumible
7898,MFT PL31 4M2,Posterior Inferior
7898,MFT PL31 4M2,Analogo
7898,MFT PL31 4M2,Dientes
7898,MFT PL31 4M2,Consumible
7901,MFT PL33 0M3,Posterior Inferior
7901,MFT PL33 0M3,Analogo
7901,MFT PL33 0M3,Dientes
7901,MFT PL33 0M3,Consumible
7904,MFT PL33 1M1,Posterior Inferior
7904,MFT PL33 1M1,Analogo
7904,MFT PL33 1M1,Dientes
7904,MFT PL33 1M1,Consumible
7907,MFT PL33 2L1.5,Posterior Inferior
7907,MFT PL33 2L1.5,Analogo
7907,MFT PL33 2L1.5,Dientes
7907,MFT PL33 2L1.5,Consumible
7910,MFT PL33 2M1,Posterior Inferior
7910,MFT PL33 2M1,Analogo
7910,MFT PL33 2M1,Dientes
7910,MFT PL33 2M1,Consumible
7913,MFT PL33 2M2,Posterior Inferior
7913,MFT PL33 2M2,Analogo
7913,MFT PL33 2M2,Dientes
7913,MFT PL33 2M2,Consumible
7916,MFT PL33 3L1.5,Posterior Inferior
7916,MFT PL33 3L1.5,Analogo
7916,MFT PL33 3L1.5,Dientes
7916,MFT PL33 3L1.5,Consumible
7919,MFT PL33 3L2.5,Posterior Inferior
7919,MFT PL33 3L2.5,Analogo
7919,MFT PL33 3L2.5,Dientes
7919,MFT PL33 3L2.5,Consumible
7922,MFT PL33 3M2,Posterior Inferior
7922,MFT PL33 3M2,Analogo
7922,MFT PL33 3M2,Dientes
7922,MFT PL33 3M2,Consumible
7925,MFT PL33 3R2.5,Posterior Inferior
7925,MFT PL33 3R2.5,Analogo
7925,MFT PL33 3R2.5,Dientes
7925,MFT PL33 3R2.5,Consumible
7928,MFT PL33 4M2,Posterior Inferior
7928,MFT PL33 4M2,Analogo
7928,MFT PL33 4M2,Dientes
7928,MFT PL33 4M2,Consumible
7931,MFT PU29 0M3,Posterior Superior
7931,MFT PU29 0M3,Analogo
7931,MFT PU29 0M3,Dientes
7931,MFT PU29 0M3,Consumible
7934,MFT PU29 1M1,Posterior Superior
7934,MFT PU29 1M1,Analogo
7934,MFT PU29 1M1,Dientes
7934,MFT PU29 1M1,Consumible
7937,MFT PU29 2L1.5,Posterior Superior
7937,MFT PU29 2L1.5,Analogo
7937,MFT PU29 2L1.5,Dientes
7937,MFT PU29 2L1.5,Consumible
7940,MFT PU29 2M1,Posterior Superior
7940,MFT PU29 2M1,Analogo
7940,MFT PU29 2M1,Dientes
7940,MFT PU29 2M1,Consumible
7943,MFT PU29 2M2,Posterior Superior
7943,MFT PU29 2M2,Analogo
7943,MFT PU29 2M2,Dientes
7943,MFT PU29 2M2,Consumible
7946,MFT PU29 3L1.5,Posterior Superior
7946,MFT PU29 3L1.5,Analogo
7946,MFT PU29 3L1.5,Dientes
7946,MFT PU29 3L1.5,Consumible
7949,MFT PU29 3L2.5,Posterior Superior
7949,MFT PU29 3L2.5,Analogo
7949,MFT PU29 3L2.5,Dientes
7949,MFT PU29 3L2.5,Consumible
7952,MFT PU29 3M2,Posterior Superior
7952,MFT PU29 3M2,Analogo
7952,MFT PU29 3M2,Dientes
7952,MFT PU29 3M2,Consumible
7955,MFT PU29 3R2.5,Posterior Superior
7955,MFT PU29 3R2.5,Analogo
7955,MFT PU29 3R2.5,Dientes
7955,MFT PU29 3R2.5,Consumible
7958,MFT PU29 4M2,Posterior Superior
7958,MFT PU29 4M2,Analogo
7958,MFT PU29 4M2,Dientes
7958,MFT PU29 4M2,Consumible
7961,MFT PU31 0M3,Posterior Superior
7961,MFT PU31 0M3,Analogo
7961,MFT PU31 0M3,Dientes
7961,MFT PU31 0M3,Consumible
7964,MFT PU31 1M1,Posterior Superior
7964,MFT PU31 1M1,Analogo
7964,MFT PU31 1M1,Dientes
7964,MFT PU31 1M1,Consumible
7967,MFT PU31 2L1.5,Posterior Superior
7967,MFT PU31 2L1.5,Analogo
7967,MFT PU31 2L1.5,Dientes
7967,MFT PU31 2L1.5,Consumible
7970,MFT PU31 2M1,Posterior Superior
7970,MFT PU31 2M1,Analogo
7970,MFT PU31 2M1,Dientes
7970,MFT PU31 2M1,Consumible
7973,MFT PU31 2M2,Posterior Superior
7973,MFT PU31 2M2,Analogo
7973,MFT PU31 2M2,Dientes
7973,MFT PU31 2M2,Consumible
7976,MFT PU31 3L1.5,Posterior Superior
7976,MFT PU31 3L1.5,Analogo
7976,MFT PU31 3L1.5,Dientes
7976,MFT PU31 3L1.5,Consumible
7979,MFT PU31 3L2.5,Posterior Superior
7979,MFT PU31 3L2.5,Analogo
7979,MFT PU31 3L2.5,Dientes
7979,MFT PU31 3L2.5,Consumible
7982,MFT PU31 3M2,Posterior Superior
7982,MFT PU31 3M2,Analogo
7982,MFT PU31 3M2,Dientes
7982,MFT PU31 3M2,Consumible
7985,MFT PU31 3R2.5,Posterior Superior
7985,MFT PU31 3R2.5,Analogo
7985,MFT PU31 3R2.5,Dientes
7985,MFT PU31 3R2.5,Consumible
7988,MFT PU31 4M2,Posterior Superior
7988,MFT PU31 4M2,Analogo
7988,MFT PU31 4M2,Dientes
7988,MFT PU31 4M2,Consumible
7991,MFT PU33 0M3,Posterior Superior
7991,MFT PU33 0M3,Analogo
7991,MFT PU33 0M3,Dientes
7991,MFT PU33 0M3,Consumible
7994,MFT PU33 1M1,Posterior Superior
7994,MFT PU33 1M1,Analogo
7994,MFT PU33 1M1,Dientes
7994,MFT PU33 1M1,Consumible
7997,MFT PU33 2L1.5,Posterior Superior
7997,MFT PU33 2L1.5,Analogo
7997,MFT PU33 2L1.5,Dientes
7997,MFT PU33 2L1.5,Consumible
8000,MFT PU33 2M1,Posterior Superior
8000,MFT PU33 2M1,Analogo
8000,MFT PU33 2M1,Dientes
8000,MFT PU33 2M1,Consumible
8003,MFT PU33 2M2,Posterior Superior
8003,MFT PU33 2M2,Analogo
8003,MFT PU33 2M2,Dientes
8003,MFT PU33 2M2,Consumible
8006,MFT PU33 3L1.5,Posterior Superior
8006,MFT PU33 3L1.5,Analogo
8006,MFT PU33 3L1.5,Dientes
8006,MFT PU33 3L1.5,Consumible
8009,MFT PU33 3L2.5,Posterior Superior
8009,MFT PU33 3L2.5,Analogo
8009,MFT PU33 3L2.5,Dientes
8009,MFT PU33 3L2.5,Consumible
8012,MFT PU33 3M2,Posterior Superior
8012,MFT PU33 3M2,Analogo
8012,MFT PU33 3M2,Dientes
8012,MFT PU33 3M2,Consumible
8015,MFT PU33 3R2.5,Posterior Superior
8015,MFT PU33 3R2.5,Analogo
8015,MFT PU33 3R2.5,Dientes
8015,MFT PU33 3R2.5,Consumible
8018,MFT PU33 4M2,Posterior Superior
8018,MFT PU33 4M2,Analogo
8018,MFT PU33 4M2,Dientes
8018,MFT PU33 4M2,Consumible
8021,MFT R42 0M3,Anterior Superior
8021,MFT R42 0M3,Analogo
8021,MFT R42 0M3,Dientes
8021,MFT R42 0M3,Consumible
8024,MFT R42 1M1,Anterior Superior
8024,MFT R42 1M1,Analogo
8024,MFT R42 1M1,Dientes
8024,MFT R42 1M1,Consumible
8027,MFT R42 2L1.5,Anterior Superior
8027,MFT R42 2L1.5,Analogo
8027,MFT R42 2L1.5,Dientes
8027,MFT R42 2L1.5,Consumible
8030,MFT R42 2M1,Anterior Superior
8030,MFT R42 2M1,Analogo
8030,MFT R42 2M1,Dientes
8030,MFT R42 2M1,Consumible
8033,MFT R42 2M2,Anterior Superior
8033,MFT R42 2M2,Analogo
8033,MFT R42 2M2,Dientes
8033,MFT R42 2M2,Consumible
8036,MFT R42 3L1.5,Anterior Superior
8036,MFT R42 3L1.5,Analogo
8036,MFT R42 3L1.5,Dientes
8036,MFT R42 3L1.5,Consumible
8039,MFT R42 3L2.5,Anterior Superior
8039,MFT R42 3L2.5,Analogo
8039,MFT R42 3L2.5,Dientes
8039,MFT R42 3L2.5,Consumible
8042,MFT R42 3M2,Anterior Superior
8042,MFT R42 3M2,Analogo
8042,MFT R42 3M2,Dientes
8042,MFT R42 3M2,Consumible
8045,MFT R42 3R2.5,Anterior Superior
8045,MFT R42 3R2.5,Analogo
8045,MFT R42 3R2.5,Dientes
8045,MFT R42 3R2.5,Consumible
8048,MFT R42 4M2,Anterior Superior
8048,MFT R42 4M2,Analogo
8048,MFT R42 4M2,Dientes
8048,MFT R42 4M2,Consumible
8051,MFT R45 0M3,Anterior Superior
8051,MFT R45 0M3,Analogo
8051,MFT R45 0M3,Dientes
8051,MFT R45 0M3,Consumible
8054,MFT R45 1M1,Anterior Superior
8054,MFT R45 1M1,Analogo
8054,MFT R45 1M1,Dientes
8054,MFT R45 1M1,Consumible
8057,MFT R45 2L1.5,Anterior Superior
8057,MFT R45 2L1.5,Analogo
8057,MFT R45 2L1.5,Dientes
8057,MFT R45 2L1.5,Consumible
8060,MFT R45 2M1,Anterior Superior
8060,MFT R45 2M1,Analogo
8060,MFT R45 2M1,Dientes
8060,MFT R45 2M1,Consumible
8063,MFT R45 2M2,Anterior Superior
8063,MFT R45 2M2,Analogo
8063,MFT R45 2M2,Dientes
8063,MFT R45 2M2,Consumible
8066,MFT R45 3L1.5,Anterior Superior
8066,MFT R45 3L1.5,Analogo
8066,MFT R45 3L1.5,Dientes
8066,MFT R45 3L1.5,Consumible
8069,MFT R45 3L2.5,Anterior Superior
8069,MFT R45 3L2.5,Analogo
8069,MFT R45 3L2.5,Dientes
8069,MFT R45 3L2.5,Consumible
8072,MFT R45 3M2,Anterior Superior
8072,MFT R45 3M2,Analogo
8072,MFT R45 3M2,Dientes
8072,MFT R45 3M2,Consumible
8075,MFT R45 3R2.5,Anterior Superior
8075,MFT R45 3R2.5,Analogo
8075,MFT R45 3R2.5,Dientes
8075,MFT R45 3R2.5,Consumible
8078,MFT R45 4M2,Anterior Superior
8078,MFT R45 4M2,Analogo
8078,MFT R45 4M2,Dientes
8078,MFT R45 4M2,Consumible
8081,MFT R47 0M3,Anterior Superior
8081,MFT R47 0M3,Analogo
8081,MFT R47 0M3,Dientes
8081,MFT R47 0M3,Consumible
8084,MFT R47 1M1,Anterior Superior
8084,MFT R47 1M1,Analogo
8084,MFT R47 1M1,Dientes
8084,MFT R47 1M1,Consumible
8087,MFT R47 2L1.5,Anterior Superior
8087,MFT R47 2L1.5,Analogo
8087,MFT R47 2L1.5,Dientes
8087,MFT R47 2L1.5,Consumible
8090,MFT R47 2M1,Anterior Superior
8090,MFT R47 2M1,Analogo
8090,MFT R47 2M1,Dientes
8090,MFT R47 2M1,Consumible
8093,MFT R47 2M2,Anterior Superior
8093,MFT R47 2M2,Analogo
8093,MFT R47 2M2,Dientes
8093,MFT R47 2M2,Consumible
8096,MFT R47 3L1.5,Anterior Superior
8096,MFT R47 3L1.5,Analogo
8096,MFT R47 3L1.5,Dientes
8096,MFT R47 3L1.5,Consumible
8099,MFT R47 3L2.5,Anterior Superior
8099,MFT R47 3L2.5,Analogo
8099,MFT R47 3L2.5,Dientes
8099,MFT R47 3L2.5,Consumible
8102,MFT R47 3M2,Anterior Superior
8102,MFT R47 3M2,Analogo
8102,MFT R47 3M2,Dientes
8102,MFT R47 3M2,Consumible
8105,MFT R47 3R2.5,Anterior Superior
8105,MFT R47 3R2.5,Analogo
8105,MFT R47 3R2.5,Dientes
8105,MFT R47 3R2.5,Consumible
8108,MFT R47 4M2,Anterior Superior
8108,MFT R47 4M2,Analogo
8108,MFT R47 4M2,Dientes
8108,MFT R47 4M2,Consumible
8111,MFT S47 0M3,Anterior Superior
8111,MFT S47 0M3,Analogo
8111,MFT S47 0M3,Dientes
8111,MFT S47 0M3,Consumible
8114,MFT S47 1M1,Anterior Superior
8114,MFT S47 1M1,Analogo
8114,MFT S47 1M1,Dientes
8114,MFT S47 1M1,Consumible
8117,MFT S47 2L1.5,Anterior Superior
8117,MFT S47 2L1.5,Analogo
8117,MFT S47 2L1.5,Dientes
8117,MFT S47 2L1.5,Consumible
8120,MFT S47 2M1,Anterior Superior
8120,MFT S47 2M1,Analogo
8120,MFT S47 2M1,Dientes
8120,MFT S47 2M1,Consumible
8123,MFT S47 2M2,Anterior Superior
8123,MFT S47 2M2,Analogo
8123,MFT S47 2M2,Dientes
8123,MFT S47 2M2,Consumible
8126,MFT S47 3L1.5,Anterior Superior
8126,MFT S47 3L1.5,Analogo
8126,MFT S47 3L1.5,Dientes
8126,MFT S47 3L1.5,Consumible
8129,MFT S47 3L2.5,Anterior Superior
8129,MFT S47 3L2.5,Analogo
8129,MFT S47 3L2.5,Dientes
8129,MFT S47 3L2.5,Consumible
8132,MFT S47 3M2,Anterior Superior
8132,MFT S47 3M2,Analogo
8132,MFT S47 3M2,Dientes
8132,MFT S47 3M2,Consumible
8135,MFT S47 3R2.5,Anterior Superior
8135,MFT S47 3R2.5,Analogo
8135,MFT S47 3R2.5,Dientes
8135,MFT S47 3R2.5,Consumible
8138,MFT S47 4M2,Anterior Superior
8138,MFT S47 4M2,Analogo
8138,MFT S47 4M2,Dientes
8138,MFT S47 4M2,Consumible
8141,MFT S50 0M3,Anterior Superior
8141,MFT S50 0M3,Analogo
8141,MFT S50 0M3,Dientes
8141,MFT S50 0M3,Consumible
8144,MFT S50 1M1,Anterior Superior
8144,MFT S50 1M1,Analogo
8144,MFT S50 1M1,Dientes
8144,MFT S50 1M1,Consumible
8147,MFT S50 2L1.5,Anterior Superior
8147,MFT S50 2L1.5,Analogo
8147,MFT S50 2L1.5,Dientes
8147,MFT S50 2L1.5,Consumible
8150,MFT S50 2M1,Anterior Superior
8150,MFT S50 2M1,Analogo
8150,MFT S50 2M1,Dientes
8150,MFT S50 2M1,Consumible
8153,MFT S50 2M2,Anterior Superior
8153,MFT S50 2M2,Analogo
8153,MFT S50 2M2,Dientes
8153,MFT S50 2M2,Consumible
8156,MFT S50 3L1.5,Anterior Superior
8156,MFT S50 3L1.5,Analogo
8156,MFT S50 3L1.5,Dientes
8156,MFT S50 3L1.5,Consumible
8159,MFT S50 3L2.5,Anterior Superior
8159,MFT S50 3L2.5,Analogo
8159,MFT S50 3L2.5,Dientes
8159,MFT S50 3L2.5,Consumible
8162,MFT S50 3M2,Anterior Superior
8162,MFT S50 3M2,Analogo
8162,MFT S50 3M2,Dientes
8162,MFT S50 3M2,Consumible
8165,MFT S50 3R2.5,Anterior Superior
8165,MFT S50 3R2.5,Analogo
8165,MFT S50 3R2.5,Dientes
8165,MFT S50 3R2.5,Consumible
8168,MFT S50 4M2,Anterior Superior
8168,MFT S50 4M2,Analogo
8168,MFT S50 4M2,Dientes
8168,MFT S50 4M2,Consumible
8171,MFT T41 0M3,Anterior Superior
8171,MFT T41 0M3,Analogo
8171,MFT T41 0M3,Dientes
8171,MFT T41 0M3,Consumible
8174,MFT T41 1M1,Anterior Superior
8174,MFT T41 1M1,Analogo
8174,MFT T41 1M1,Dientes
8174,MFT T41 1M1,Consumible
8177,MFT T41 2L1.5,Anterior Superior
8177,MFT T41 2L1.5,Analogo
8177,MFT T41 2L1.5,Dientes
8177,MFT T41 2L1.5,Consumible
8180,MFT T41 2M1,Anterior Superior
8180,MFT T41 2M1,Analogo
8180,MFT T41 2M1,Dientes
8180,MFT T41 2M1,Consumible
8183,MFT T41 2M2,Anterior Superior
8183,MFT T41 2M2,Analogo
8183,MFT T41 2M2,Dientes
8183,MFT T41 2M2,Consumible
8186,MFT T41 3L1.5,Anterior Superior
8186,MFT T41 3L1.5,Analogo
8186,MFT T41 3L1.5,Dientes
8186,MFT T41 3L1.5,Consumible
8189,MFT T41 3L2.5,Anterior Superior
8189,MFT T41 3L2.5,Analogo
8189,MFT T41 3L2.5,Dientes
8189,MFT T41 3L2.5,Consumible
8192,MFT T41 3M2,Anterior Superior
8192,MFT T41 3M2,Analogo
8192,MFT T41 3M2,Dientes
8192,MFT T41 3M2,Consumible
8195,MFT T41 3R2.5,Anterior Superior
8195,MFT T41 3R2.5,Analogo
8195,MFT T41 3R2.5,Dientes
8195,MFT T41 3R2.5,Consumible
8198,MFT T41 4M2,Anterior Superior
8198,MFT T41 4M2,Analogo
8198,MFT T41 4M2,Dientes
8198,MFT T41 4M2,Consumible
8201,MFT T43 0M3,Anterior Superior
8201,MFT T43 0M3,Analogo
8201,MFT T43 0M3,Dientes
8201,MFT T43 0M3,Consumible
8204,MFT T43 1M1,Anterior Superior
8204,MFT T43 1M1,Analogo
8204,MFT T43 1M1,Dientes
8204,MFT T43 1M1,Consumible
8207,MFT T43 2L1.5,Anterior Superior
8207,MFT T43 2L1.5,Analogo
8207,MFT T43 2L1.5,Dientes
8207,MFT T43 2L1.5,Consumible
8210,MFT T43 2M1,Anterior Superior
8210,MFT T43 2M1,Analogo
8210,MFT T43 2M1,Dientes
8210,MFT T43 2M1,Consumible
8213,MFT T43 2M2,Anterior Superior
8213,MFT T43 2M2,Analogo
8213,MFT T43 2M2,Dientes
8213,MFT T43 2M2,Consumible
8216,MFT T43 3L1.5,Anterior Superior
8216,MFT T43 3L1.5,Analogo
8216,MFT T43 3L1.5,Dientes
8216,MFT T43 3L1.5,Consumible
8219,MFT T43 3L2.5,Anterior Superior
8219,MFT T43 3L2.5,Analogo
8219,MFT T43 3L2.5,Dientes
8219,MFT T43 3L2.5,Consumible
8222,MFT T43 3M2,Anterior Superior
8222,MFT T43 3M2,Analogo
8222,MFT T43 3M2,Dientes
8222,MFT T43 3M2,Consumible
8225,MFT T43 3R2.5,Anterior Superior
8225,MFT T43 3R2.5,Analogo
8225,MFT T43 3R2.5,Dientes
8225,MFT T43 3R2.5,Consumible
8228,MFT T43 4M2,Anterior Superior
8228,MFT T43 4M2,Analogo
8228,MFT T43 4M2,Dientes
8228,MFT T43 4M2,Consumible
8231,MFT T46 0M3,Anterior Superior
8231,MFT T46 0M3,Analogo
8231,MFT T46 0M3,Dientes
8231,MFT T46 0M3,Consumible
8234,MFT T46 1M1,Anterior Superior
8234,MFT T46 1M1,Analogo
8234,MFT T46 1M1,Dientes
8234,MFT T46 1M1,Consumible
8237,MFT T46 2L1.5,Anterior Superior
8237,MFT T46 2L1.5,Analogo
8237,MFT T46 2L1.5,Dientes
8237,MFT T46 2L1.5,Consumible
8240,MFT T46 2M1,Anterior Superior
8240,MFT T46 2M1,Analogo
8240,MFT T46 2M1,Dientes
8240,MFT T46 2M1,Consumible
8243,MFT T46 2M2,Anterior Superior
8243,MFT T46 2M2,Analogo
8243,MFT T46 2M2,Dientes
8243,MFT T46 2M2,Consumible
8246,MFT T46 3L1.5,Anterior Superior
8246,MFT T46 3L1.5,Analogo
8246,MFT T46 3L1.5,Dientes
8246,MFT T46 3L1.5,Consumible
8249,MFT T46 3L2.5,Anterior Superior
8249,MFT T46 3L2.5,Analogo
8249,MFT T46 3L2.5,Dientes
8249,MFT T46 3L2.5,Consumible
8252,MFT T46 3M2,Anterior Superior
8252,MFT T46 3M2,Analogo
8252,MFT T46 3M2,Dientes
8252,MFT T46 3M2,Consumible
8255,MFT T46 3R2.5,Anterior Superior
8255,MFT T46 3R2.5,Analogo
8255,MFT T46 3R2.5,Dientes
8255,MFT T46 3R2.5,Consumible
8258,MFT T46 4M2,Anterior Superior
8258,MFT T46 4M2,Analogo
8258,MFT T46 4M2,Dientes
8258,MFT T46 4M2,Consumible
8261,MFT T49 0M3,Anterior Superior
8261,MFT T49 0M3,Analogo
8261,MFT T49 0M3,Dientes
8261,MFT T49 0M3,Consumible
8264,MFT T49 1M1,Anterior Superior
8264,MFT T49 1M1,Analogo
8264,MFT T49 1M1,Dientes
8264,MFT T49 1M1,Consumible
8267,MFT T49 2L1.5,Anterior Superior
8267,MFT T49 2L1.5,Analogo
8267,MFT T49 2L1.5,Dientes
8267,MFT T49 2L1.5,Consumible
8270,MFT T49 2M1,Anterior Superior
8270,MFT T49 2M1,Analogo
8270,MFT T49 2M1,Dientes
8270,MFT T49 2M1,Consumible
8273,MFT T49 2M2,Anterior Superior
8273,MFT T49 2M2,Analogo
8273,MFT T49 2M2,Dientes
8273,MFT T49 2M2,Consumible
8276,MFT T49 3L1.5,Anterior Superior
8276,MFT T49 3L1.5,Analogo
8276,MFT T49 3L1.5,Dientes
8276,MFT T49 3L1.5,Consumible
8279,MFT T49 3L2.5,Anterior Superior
8279,MFT T49 3L2.5,Analogo
8279,MFT T49 3L2.5,Dientes
8279,MFT T49 3L2.5,Consumible
8282,MFT T49 3M2,Anterior Superior
8282,MFT T49 3M2,Analogo
8282,MFT T49 3M2,Dientes
8282,MFT T49 3M2,Consumible
8285,MFT T49 3R2.5,Anterior Superior
8285,MFT T49 3R2.5,Analogo
8285,MFT T49 3R2.5,Dientes
8285,MFT T49 3R2.5,Consumible
8288,MFT T49 4M2,Anterior Superior
8288,MFT T49 4M2,Analogo
8288,MFT T49 4M2,Dientes
8288,MFT T49 4M2,Consumible
292787,MICRA DISC 98X25 MM BL1,Digital
292787,MICRA DISC 98X25 MM BL1,Consumible
292787,MICRA DISC 98X25 MM BL1,Discos De Circonio
292787,MICRA DISC 98X25 MM BL1,Discos
292790,MICRA DISC 98X30 MM BL2,Digital
292790,MICRA DISC 98X30 MM BL2,Consumible
292790,MICRA DISC 98X30 MM BL2,Discos De Circonio
292790,MICRA DISC 98X30 MM BL2,Discos
11297,MIESZADLO PROZ. TWIST ECO / VACUUM MIXER,Equipo
11297,MIESZADLO PROZ. TWIST ECO / VACUUM MIXER,Analogo
11297,MIESZADLO PROZ. TWIST ECO / VACUUM MIXER,Mezcladoras Al Vacio
11303,MIESZADLO PROZ. TWIST PRO / VACUUM MIXER,Analogo
11303,MIESZADLO PROZ. TWIST PRO / VACUUM MIXER,Mezcladoras Al Vacio
11300,MIESZADLO PRÓZ.TWIST MAX / VACUUM MIXER,Analogo
11300,MIESZADLO PRÓZ.TWIST MAX / VACUUM MIXER,Mezcladoras Al Vacio
85808,MIKRO 5X DNA FRENTE,Digital
85808,MIKRO 5X DNA FRENTE,Fresadoras
85808,MIKRO 5X DNA FRENTE,Refaccion
80979,MILLO PRO 120 V 60HZ,Analogo
80979,MILLO PRO 120 V 60HZ,Equipo
80979,MILLO PRO 120 V 60HZ,Centradora
3644,MIND,Digital
3644,MIND,Software
141601,MIND & MATCH,Digital
141601,MIND & MATCH,Software
116781,MIXING TIPS BLUE 4:1 PACK OF 50 (16990002),Analogo
116781,MIXING TIPS BLUE 4:1 PACK OF 50 (16990002),Acrilico
116781,MIXING TIPS BLUE 4:1 PACK OF 50 (16990002),Consumible
8321,MIYO AUTUMN SPRING FLUOR PASTE 4G,Analogo
8321,MIYO AUTUMN SPRING FLUOR PASTE 4G,Ceramica Liquida
8321,MIYO AUTUMN SPRING FLUOR PASTE 4G,Consumible
8291,MIYO BRUSH KIT,Analogo
8291,MIYO BRUSH KIT,Pinceles
8291,MIYO BRUSH KIT,Consumible
8426,MIYO ESTHETIC FINISHING SYSTEM KIT,Analogo
8426,MIYO ESTHETIC FINISHING SYSTEM KIT,Ceramica Liquida
8426,MIYO ESTHETIC FINISHING SYSTEM KIT,Consumible
8303,MIYO FISSURE FLUOR POWDER 4G,Analogo
8303,MIYO FISSURE FLUOR POWDER 4G,Ceramica Liquida
8303,MIYO FISSURE FLUOR POWDER 4G,Consumible
8420,MIYO GINGIVAL CARNATION 4G,Analogo
8420,MIYO GINGIVAL CARNATION 4G,Ceramica Liquida
8420,MIYO GINGIVAL CARNATION 4G,Consumible
8366,MIYO GINGIVAL CRIMSON PASTE 4G,Analogo
8366,MIYO GINGIVAL CRIMSON PASTE 4G,Ceramica Liquida
8366,MIYO GINGIVAL CRIMSON PASTE 4G,Consumible
8429,MIYO GINGIVAL ESTHETIC SYSTEM KIT,Analogo
8429,MIYO GINGIVAL ESTHETIC SYSTEM KIT,Ceramica Liquida
8429,MIYO GINGIVAL ESTHETIC SYSTEM KIT,Consumible
8363,MIYO GINGIVAL FLAMINGO PASTE 4G,Analogo
8363,MIYO GINGIVAL FLAMINGO PASTE 4G,Ceramica Liquida
8363,MIYO GINGIVAL FLAMINGO PASTE 4G,Consumible
8294,MIYO GINGIVAL GLAZE PASTE NO FLOUR 4G,Analogo
8294,MIYO GINGIVAL GLAZE PASTE NO FLOUR 4G,Ceramica Liquida
8294,MIYO GINGIVAL GLAZE PASTE NO FLOUR 4G,Consumible
8375,MIYO GINGIVAL MERLOT PASTE 4G,Analogo
8375,MIYO GINGIVAL MERLOT PASTE 4G,Ceramica Liquida
8375,MIYO GINGIVAL MERLOT PASTE 4G,Consumible
8372,MIYO GINGIVAL PLUM PASTE 4G,Analogo
8372,MIYO GINGIVAL PLUM PASTE 4G,Ceramica Liquida
8372,MIYO GINGIVAL PLUM PASTE 4G,Consumible
8411,MIYO GINGIVAL SABLE PASTE 4G,Analogo
8411,MIYO GINGIVAL SABLE PASTE 4G,Ceramica Liquida
8411,MIYO GINGIVAL SABLE PASTE 4G,Consumible
8387,MIYO GINGIVAL SALMON PASTE 4G,Analogo
8387,MIYO GINGIVAL SALMON PASTE 4G,Ceramica Liquida
8387,MIYO GINGIVAL SALMON PASTE 4G,Consumible
8378,MIYO GINGIVAL SORBET PASTE 4G,Analogo
8378,MIYO GINGIVAL SORBET PASTE 4G,Ceramica Liquida
8378,MIYO GINGIVAL SORBET PASTE 4G,Consumible
8396,MIYO GINGIVAL STRUCTURE FROST PASTE 4G,Analogo
8396,MIYO GINGIVAL STRUCTURE FROST PASTE 4G,Ceramica Liquida
8396,MIYO GINGIVAL STRUCTURE FROST PASTE 4G,Consumible
8390,MIYO GINGIVAL STRUCTURE ORCHID PASTE 4G,Analogo
8390,MIYO GINGIVAL STRUCTURE ORCHID PASTE 4G,Ceramica Liquida
8390,MIYO GINGIVAL STRUCTURE ORCHID PASTE 4G,Consumible
8393,MIYO GINGIVAL STRUCTURE ROUGE PASTE 4G,Analogo
8393,MIYO GINGIVAL STRUCTURE ROUGE PASTE 4G,Ceramica Liquida
8393,MIYO GINGIVAL STRUCTURE ROUGE PASTE 4G,Consumible
8414,MIYO GINGIVAL THISTLE PASTE 4G,Analogo
8414,MIYO GINGIVAL THISTLE PASTE 4G,Ceramica Liquida
8414,MIYO GINGIVAL THISTLE PASTE 4G,Consumible
8384,MIYO GINGIVAL TRANS COPPER PASTE 4G,Analogo
8384,MIYO GINGIVAL TRANS COPPER PASTE 4G,Ceramica Liquida
8384,MIYO GINGIVAL TRANS COPPER PASTE 4G,Consumible
8369,MIYO GINGIVAL TRANS MIDNIGHT PASTE 4G,Analogo
8369,MIYO GINGIVAL TRANS MIDNIGHT PASTE 4G,Ceramica Liquida
8369,MIYO GINGIVAL TRANS MIDNIGHT PASTE 4G,Consumible
8381,MIYO GINGIVAL TRANS RASPBERRY PASTE 4G,Analogo
8381,MIYO GINGIVAL TRANS RASPBERRY PASTE 4G,Ceramica Liquida
8381,MIYO GINGIVAL TRANS RASPBERRY PASTE 4G,Consumible
8423,MIYO GINGIVAL VENULE 4G,Analogo
8423,MIYO GINGIVAL VENULE 4G,Ceramica Liquida
8423,MIYO GINGIVAL VENULE 4G,Consumible
8318,MIYO HALO SPRIN FLUOR PASTE 4G,Analogo
8318,MIYO HALO SPRIN FLUOR PASTE 4G,Ceramica Liquida
8318,MIYO HALO SPRIN FLUOR PASTE 4G,Consumible
87155,MIYO HIGH FUSING STRUCTURE ENAMEL PASTE 4G,Analogo
87155,MIYO HIGH FUSING STRUCTURE ENAMEL PASTE 4G,Ceramica Liquida
87155,MIYO HIGH FUSING STRUCTURE ENAMEL PASTE 4G,Consumible
87158,MIYO HIGH FUSING STRUCTURE WINDOW PASTE 4G,Analogo
87158,MIYO HIGH FUSING STRUCTURE WINDOW PASTE 4G,Ceramica Liquida
87158,MIYO HIGH FUSING STRUCTURE WINDOW PASTE 4G,Consumible
8300,MIYO LINEN FLUOR PASTE 4G,Analogo
8300,MIYO LINEN FLUOR PASTE 4G,Ceramica Liquida
8300,MIYO LINEN FLUOR PASTE 4G,Consumible
8327,MIYO MAMELON CORAL FLUOR PASTE 4G,Analogo
8327,MIYO MAMELON CORAL FLUOR PASTE 4G,Ceramica Liquida
8327,MIYO MAMELON CORAL FLUOR PASTE 4G,Consumible
8330,MIYO MAMELON PUMPKIN FLUOR PASTE 4G,Analogo
8330,MIYO MAMELON PUMPKIN FLUOR PASTE 4G,Ceramica Liquida
8330,MIYO MAMELON PUMPKIN FLUOR PASTE 4G,Consumible
8324,MIYO MAMELON WHEAT FLUOR PASTE 4G,Analogo
8324,MIYO MAMELON WHEAT FLUOR PASTE 4G,Ceramica Liquida
8324,MIYO MAMELON WHEAT FLUOR PASTE 4G,Consumible
8297,MIYO SNOW FLUOR PASTE 4G,Analogo
8297,MIYO SNOW FLUOR PASTE 4G,Ceramica Liquida
8297,MIYO SNOW FLUOR PASTE 4G,Consumible
86186,MIYO STRUCTURE BLUSH FLUOR PASTE 4G,Analogo
86186,MIYO STRUCTURE BLUSH FLUOR PASTE 4G,Ceramica Liquida
86186,MIYO STRUCTURE BLUSH FLUOR PASTE 4G,Consumible
8339,MIYO STRUCTURE ENAMEL FLUOR PASTE 4G,Analogo
8339,MIYO STRUCTURE ENAMEL FLUOR PASTE 4G,Ceramica Liquida
8339,MIYO STRUCTURE ENAMEL FLUOR PASTE 4G,Consumible
8342,MIYO STRUCTURE GHOST FLUOR PASTE 4G,Analogo
8342,MIYO STRUCTURE GHOST FLUOR PASTE 4G,Ceramica Liquida
8342,MIYO STRUCTURE GHOST FLUOR PASTE 4G,Consumible
8336,MIYO STRUCTURE ICE FLUOR PASTE 4G,Analogo
8336,MIYO STRUCTURE ICE FLUOR PASTE 4G,Ceramica Liquida
8336,MIYO STRUCTURE ICE FLUOR PASTE 4G,Consumible
8333,MIYO STRUCTURE WINDOW FLUOR PASTE 4G,Analogo
8333,MIYO STRUCTURE WINDOW FLUOR PASTE 4G,Ceramica Liquida
8333,MIYO STRUCTURE WINDOW FLUOR PASTE 4G,Consumible
8315,MIYO TRANS CLEMENTINE FLUOR PASTE 4G,Analogo
8315,MIYO TRANS CLEMENTINE FLUOR PASTE 4G,Ceramica Liquida
8315,MIYO TRANS CLEMENTINE FLUOR PASTE 4G,Consumible
8402,MIYO TRANS COBALT FLUOR PASTE 4G,Analogo
8402,MIYO TRANS COBALT FLUOR PASTE 4G,Ceramica Liquida
8402,MIYO TRANS COBALT FLUOR PASTE 4G,Consumible
87152,MIYO TRANS GARNET PASTE 4G,Analogo
87152,MIYO TRANS GARNET PASTE 4G,Ceramica Liquida
87152,MIYO TRANS GARNET PASTE 4G,Consumible
8309,MIYO TRANS LOTUS FLUOR PASTE 4G,Analogo
8309,MIYO TRANS LOTUS FLUOR PASTE 4G,Ceramica Liquida
8309,MIYO TRANS LOTUS FLUOR PASTE 4G,Consumible
8348,MIYO TRANS LUMIN FLUOR PASTE 4G,Analogo
8348,MIYO TRANS LUMIN FLUOR PASTE 4G,Ceramica Liquida
8348,MIYO TRANS LUMIN FLUOR PASTE 4G,Consumible
8408,MIYO TRANS LUMIN PLUS FLUOR PASTE 4G,Analogo
8408,MIYO TRANS LUMIN PLUS FLUOR PASTE 4G,Ceramica Liquida
8408,MIYO TRANS LUMIN PLUS FLUOR PASTE 4G,Consumible
8399,MIYO TRANS SAGE FLUOR PASTE 4G,Analogo
8399,MIYO TRANS SAGE FLUOR PASTE 4G,Ceramica Liquida
8399,MIYO TRANS SAGE FLUOR PASTE 4G,Consumible
8351,MIYO TRANS SHADE A FLUOR PASTE 4G,Analogo
8351,MIYO TRANS SHADE A FLUOR PASTE 4G,Ceramica Liquida
8351,MIYO TRANS SHADE A FLUOR PASTE 4G,Consumible
8354,MIYO TRANS SHADE B FLUOR PASTE 4G,Analogo
8354,MIYO TRANS SHADE B FLUOR PASTE 4G,Ceramica Liquida
8354,MIYO TRANS SHADE B FLUOR PASTE 4G,Consumible
8357,MIYO TRANS SHADE C FLUOR PASTE 4G,Analogo
8357,MIYO TRANS SHADE C FLUOR PASTE 4G,Ceramica Liquida
8357,MIYO TRANS SHADE C FLUOR PASTE 4G,Consumible
8360,MIYO TRANS SHADE D FLUOR PASTE 4G,Analogo
8360,MIYO TRANS SHADE D FLUOR PASTE 4G,Ceramica Liquida
8360,MIYO TRANS SHADE D FLUOR PASTE 4G,Consumible
8405,MIYO TRANS SLATE FLUOR PASTE 4G,Analogo
8405,MIYO TRANS SLATE FLUOR PASTE 4G,Ceramica Liquida
8405,MIYO TRANS SLATE FLUOR PASTE 4G,Consumible
8345,MIYO TRANS SMOKE FLUOR PASTE 4G,Analogo
8345,MIYO TRANS SMOKE FLUOR PASTE 4G,Ceramica Liquida
8345,MIYO TRANS SMOKE FLUOR PASTE 4G,Consumible
8306,MIYO TRANS STORM FLUOR PASTE 4G,Analogo
8306,MIYO TRANS STORM FLUOR PASTE 4G,Ceramica Liquida
8306,MIYO TRANS STORM FLUOR PASTE 4G,Consumible
8312,MIYO TRANS STRAW FLUOR PASTE 4G,Analogo
8312,MIYO TRANS STRAW FLUOR PASTE 4G,Ceramica Liquida
8312,MIYO TRANS STRAW FLUOR PASTE 4G,Consumible
8417,MIYO TRANS SUNFLOWER 4G,Analogo
8417,MIYO TRANS SUNFLOWER 4G,Ceramica Liquida
8417,MIYO TRANS SUNFLOWER 4G,Consumible
116797,MOCK UP DIRECT DENTIN FLOW A1 2G,Analogo
116797,MOCK UP DIRECT DENTIN FLOW A1 2G,Resina Visacrilica
116797,MOCK UP DIRECT DENTIN FLOW A1 2G,Consumible
103873,MOCK UP SET A1,Analogo
103873,MOCK UP SET A1,Resina Visacrilica
103873,MOCK UP SET A1,Consumible
103877,MOCK UP SET A2,Analogo
103877,MOCK UP SET A2,Consumible
103877,MOCK UP SET A2,Resina Visacrilica
103865,MOCK-UP DIRECT KIT FLOW,Analogo
103865,MOCK-UP DIRECT KIT FLOW,Resina Visacrilica
103865,MOCK-UP DIRECT KIT FLOW,Consumible
103868,MOCK-UP DIRECT KIT PASTE,Analogo
103868,MOCK-UP DIRECT KIT PASTE,Resina Visacrilica
103868,MOCK-UP DIRECT KIT PASTE,Consumible
103873,MOCK-UP SET A1,Analogo
103873,MOCK-UP SET A1,Resina Visacrilica
103873,MOCK-UP SET A1,Consumible
103877,MOCK-UP SET A2,Analogo
103877,MOCK-UP SET A2,Resina Visacrilica
103877,MOCK-UP SET A2,Consumible
247524,MODEL CREATOR PARA LICENCIA FLEX,Digital
247524,MODEL CREATOR PARA LICENCIA FLEX,Software
247524,MODEL CREATOR PARA LICENCIA FLEX,Fresadoras
140707,MODEL TABLE STAINLESS STEEL,Refaccion
140707,MODEL TABLE STAINLESS STEEL,Analogo
3878,MODELCAST S (50X400G),Analogo
3878,MODELCAST S (50X400G),Investimento
3878,MODELCAST S (50X400G),Consumible
3881,MODELCAST S LIQUID 1000ML,Analogo
3881,MODELCAST S LIQUID 1000ML,Investimento
3881,MODELCAST S LIQUID 1000ML,Consumible
3884,MODELCAST S LIQUID 5000ML,Analogo
3884,MODELCAST S LIQUID 5000ML,Investimento
3884,MODELCAST S LIQUID 5000ML,Consumible
297492,MODELIING LIQUID LOW FUSING ML L 50ML,Analogo
297492,MODELIING LIQUID LOW FUSING ML L 50ML,Consumible
297492,MODELIING LIQUID LOW FUSING ML L 50ML,Liquidos Para Ceramica
8441,"MODELLING FLUID (NARANJA, VMK) 250ML",Liquidos
8441,"MODELLING FLUID (NARANJA, VMK) 250ML",Analogo
8441,"MODELLING FLUID (NARANJA, VMK) 250ML",Liquidos Para Ceramica
8441,"MODELLING FLUID (NARANJA, VMK) 250ML",Consumible
8444,"MODELLING FLUID (NARANJA, VMK) 50ML",Liquidos
8444,"MODELLING FLUID (NARANJA, VMK) 50ML",Analogo
8444,"MODELLING FLUID (NARANJA, VMK) 50ML",Liquidos Para Ceramica
8444,"MODELLING FLUID (NARANJA, VMK) 50ML",Consumible
8435,MODELLING FLUID RS (ROSA) 250ML,Liquidos
8435,MODELLING FLUID RS (ROSA) 250ML,Analogo
8435,MODELLING FLUID RS (ROSA) 250ML,Liquidos Para Ceramica
8435,MODELLING FLUID RS (ROSA) 250ML,Consumible
8438,MODELLING FLUID RS (ROSA) 50ML,Liquidos
8438,MODELLING FLUID RS (ROSA) 50ML,Analogo
8438,MODELLING FLUID RS (ROSA) 50ML,Liquidos Para Ceramica
8438,MODELLING FLUID RS (ROSA) 50ML,Consumible
297489,MODELLING LIQUID HIGH FUSING ML H 50ML,Analogo
297489,MODELLING LIQUID HIGH FUSING ML H 50ML,Consumible
297489,MODELLING LIQUID HIGH FUSING ML H 50ML,Liquidos Para Ceramica
3545,MODELSTAR S COCR MODEL CASTING ALLOY NI- 1000G,Analogo
3545,MODELSTAR S COCR MODEL CASTING ALLOY NI- 1000G,Metales
3545,MODELSTAR S COCR MODEL CASTING ALLOY NI- 1000G,Consumible
3548,"MODELSTAR S COCR MODEL CASTING ALLOY, NI 250G",Analogo
3548,"MODELSTAR S COCR MODEL CASTING ALLOY, NI 250G",Metales
3548,"MODELSTAR S COCR MODEL CASTING ALLOY, NI 250G",Consumible
8432,MODISOL SEP PEN CERAMIC GAINST PLASTER,Analogo
8432,MODISOL SEP PEN CERAMIC GAINST PLASTER,Separador Ceramica Yeso
8432,MODISOL SEP PEN CERAMIC GAINST PLASTER,Consumible
97588,MODULO LECTOR DE MEMORIA SD,Refaccion
97588,MODULO LECTOR DE MEMORIA SD,Digital
85192,MOGUCERA C DISC 10MM,Digital
85192,MOGUCERA C DISC 10MM,Discos De Metal
85192,MOGUCERA C DISC 10MM,Consumible
85192,MOGUCERA C DISC 10MM,Discos
85194,MOGUCERA C DISC 12MM,Digital
85194,MOGUCERA C DISC 12MM,Discos De Metal
85194,MOGUCERA C DISC 12MM,Consumible
85194,MOGUCERA C DISC 12MM,Discos
85196,MOGUCERA C DISC 13.5MM,Digital
85196,MOGUCERA C DISC 13.5MM,Discos De Metal
85196,MOGUCERA C DISC 13.5MM,Consumible
85196,MOGUCERA C DISC 13.5MM,Discos
85198,MOGUCERA C DISC 16MM,Digital
85198,MOGUCERA C DISC 16MM,Discos De Metal
85198,MOGUCERA C DISC 16MM,Consumible
85198,MOGUCERA C DISC 16MM,Discos
89898,MOGUCERA N MUESTRA,Analogo
89898,MOGUCERA N MUESTRA,Metales
89898,MOGUCERA N MUESTRA,Consumible
3554,"MOGUCERA N NICR 1KG, BE-FREE 1",Analogo
3554,"MOGUCERA N NICR 1KG, BE-FREE 1",Metales
3554,"MOGUCERA N NICR 1KG, BE-FREE 1",Consumible
297504,MOISTURING FLUID 25ML,Analogo
297504,MOISTURING FLUID 25ML,Consumible
297504,MOISTURING FLUID 25ML,Liquidos Para Ceramica
304363,MONITOR PARA EQUIPO NS,Digital
304363,MONITOR PARA EQUIPO NS,Software
143651,MONITOR PARA PC,Digital
143651,MONITOR PARA PC,Equipo De Computo
143651,MONITOR PARA PC,Equipo
4682,MONTAGESCHLÜSEEL FÜR MAGNETTÖPFE C-VERSI,Analogo
4682,MONTAGESCHLÜSEEL FÜR MAGNETTÖPFE C-VERSI,Articuladores
4682,MONTAGESCHLÜSEEL FÜR MAGNETTÖPFE C-VERSI,Accesorio
141923,MOSTRAR PCB SMARTBOX X2,Refaccion
141923,MOSTRAR PCB SMARTBOX X2,Digital
117090,MOTION 2 DNA FRENTE 5MM,Analogo
117090,MOTION 2 DNA FRENTE 5MM,Fresadoras
117090,MOTION 2 DNA FRENTE 5MM,Refaccion
195333,MOTION DRS HOLDER,Digital
195333,MOTION DRS HOLDER,Fresadoras
195333,MOTION DRS HOLDER,Accesorio
100853,MOTOR FOR 3D PRINTER,Digital
100853,MOTOR FOR 3D PRINTER,Impresoras 3d
100853,MOTOR FOR 3D PRINTER,Refaccion
89932,MUESTRA SOLIDUS 80,Consumible
89932,MUESTRA SOLIDUS 80,Analogo
89949,MUESTRA THOWAX CERA STICK-ON PINK NEON,Analogo
89949,MUESTRA THOWAX CERA STICK-ON PINK NEON,Ceras De Modelado
89949,MUESTRA THOWAX CERA STICK-ON PINK NEON,Consumible
89558,MUESTRAS ESQUELETICA,Analogo
89558,MUESTRAS ESQUELETICA,Preformas De Cera
89558,MUESTRAS ESQUELETICA,Refaccion
3971,MUFLA DE DUPLICAR GIROFORM,Analogo
3971,MUFLA DE DUPLICAR GIROFORM,Perforadora De Pines
3971,MUFLA DE DUPLICAR GIROFORM,Accesorio
3692,MULTIBLOCKHALTER 12FACH M2 (5X),Digital
3692,MULTIBLOCKHALTER 12FACH M2 (5X),Fresadoras
3692,MULTIBLOCKHALTER 12FACH M2 (5X),Refaccion
5453,MULTIFLEX HOJAS DE SIERRA .18X3MM 12 PZ,Analogo
5453,MULTIFLEX HOJAS DE SIERRA .18X3MM 12 PZ,Insumos De Laboratorio
5453,MULTIFLEX HOJAS DE SIERRA .18X3MM 12 PZ,Consumible
5447,MULTIFLEX HOJAS DE SIERRA .25X3MM 12 PZ,Analogo
5447,MULTIFLEX HOJAS DE SIERRA .25X3MM 12 PZ,Insumos De Laboratorio
5447,MULTIFLEX HOJAS DE SIERRA .25X3MM 12 PZ,Consumible
5450,MULTIFLEX HOJAS DE SIERRA .25X3MM 144 PZ,Analogo
5450,MULTIFLEX HOJAS DE SIERRA .25X3MM 144 PZ,Insumos De Laboratorio
5450,MULTIFLEX HOJAS DE SIERRA .25X3MM 144 PZ,Consumible
4916,NAWAX CERA ARENA 8G,Analogo
4916,NAWAX CERA ARENA 8G,Ceras De Modelado
4916,NAWAX CERA ARENA 8G,Consumible
4919,NAWAX CERA GRIS CLARO 8G,Analogo
4919,NAWAX CERA GRIS CLARO 8G,Ceras De Modelado
4919,NAWAX CERA GRIS CLARO 8G,Consumible
4922,NAWAX COMPACT CERA ALBARICOQUE 45G,Analogo
4922,NAWAX COMPACT CERA ALBARICOQUE 45G,Ceras De Modelado
4922,NAWAX COMPACT CERA ALBARICOQUE 45G,Consumible
103845,NEW OUTLINE INTRO KIT,Analogo
103845,NEW OUTLINE INTRO KIT,Consumible
103845,NEW OUTLINE INTRO KIT,Acrilico
3740,NEXTDENT 5100 AG,Digital
3740,NEXTDENT 5100 AG,Impresoras 3d
3740,NEXTDENT 5100 AG,Equipo
3740,NEXTDENT 5100 AG,Impresoras Dlp
83952,NEXTDENT C&B MFH / BL,Digital
83952,NEXTDENT C&B MFH / BL,Resinas De Impresion
83952,NEXTDENT C&B MFH / BL,Consumible
83948,NEXTDENT C&B MFH / N1,Digital
83948,NEXTDENT C&B MFH / N1,Resinas De Impresion
83948,NEXTDENT C&B MFH / N1,Consumible
83950,NEXTDENT C&B MFH / N1.5,Digital
83950,NEXTDENT C&B MFH / N1.5,Resinas De Impresion
83950,NEXTDENT C&B MFH / N1.5,Consumible
83944,NEXTDENT CAST / PURPLE,Digital
83944,NEXTDENT CAST / PURPLE,Resinas De Impresion
83944,NEXTDENT CAST / PURPLE,Consumible
298928,NEXTDENT FOR CERAMILL,Digital
298928,NEXTDENT FOR CERAMILL,Impresoras 3d
298928,NEXTDENT FOR CERAMILL,Equipo
99564,NEXTDENT GINGIVA MASK,Digital
99564,NEXTDENT GINGIVA MASK,Resinas De Impresion
99564,NEXTDENT GINGIVA MASK,Consumible
3773,NEXTDENT LC-3D PRINT BOX - AG,Digital
3773,NEXTDENT LC-3D PRINT BOX - AG,Fotocurado
3773,NEXTDENT LC-3D PRINT BOX - AG,Equipo
3776,NEXTDENT LC-3DMIXER- AG,Digital
3776,NEXTDENT LC-3DMIXER- AG,Impresoras 3d
3776,NEXTDENT LC-3DMIXER- AG,Equipo
3776,NEXTDENT LC-3DMIXER- AG,Impresoras Dlp
83958,NEXTDENT MODEL 2.0 / GREY,Digital
83958,NEXTDENT MODEL 2.0 / GREY,Resinas De Impresion
83958,NEXTDENT MODEL 2.0 / GREY,Consumible
83954,NEXTDENT MODEL 2.0 / PEACH,Digital
83954,NEXTDENT MODEL 2.0 / PEACH,Resinas De Impresion
83954,NEXTDENT MODEL 2.0 / PEACH,Consumible
83956,NEXTDENT MODEL 2.0 / WHITE,Digital
83956,NEXTDENT MODEL 2.0 / WHITE,Resinas De Impresion
83956,NEXTDENT MODEL 2.0 / WHITE,Consumible
87306,NEXTDENT ORTHO IBT,Digital
87306,NEXTDENT ORTHO IBT,Resinas De Impresion
87306,NEXTDENT ORTHO IBT,Consumible
83960,NEXTDENT ORTHO RIGID,Digital
83960,NEXTDENT ORTHO RIGID,Resinas De Impresion
83960,NEXTDENT ORTHO RIGID,Consumible
97260,NO PLAST SPLITEX,Analogo
97260,NO PLAST SPLITEX,Perforadora De Pines
97260,NO PLAST SPLITEX,Accesorio
3515,NO USAR 220,Analogo
3515,NO USAR 220,Consumible
3476,NO UTILIZAR,Analogo
3530,NOFLAME PLUS,Analogo
3530,NOFLAME PLUS,Enceradoras
3530,NOFLAME PLUS,Equipo
80595,NOUSAR BASIC ECO,Analogo
80595,NOUSAR BASIC ECO,Consumible
8468,NP BOND PASTE 5G,Analogo
8468,NP BOND PASTE 5G,Consumible
8468,NP BOND PASTE 5G,Pasta Para Soporte
198916,NUT M5 DIN 934-8,Refaccion
198916,NUT M5 DIN 934-8,Digital
198974,NUT R 1/8 INCH,Refaccion
198974,NUT R 1/8 INCH,Analogo
98470,O - RING,Digital
98470,O - RING,Refaccion
98470,O - RING,Impresoras 3d
80850,OCCLUTEC ROJO 75ML,Analogo
80850,OCCLUTEC ROJO 75ML,Consumible
80850,OCCLUTEC ROJO 75ML,Insumos De Laboratorio
80853,OCCLUTEC VERDE 75ML,Analogo
80853,OCCLUTEC VERDE 75ML,Consumible
80853,OCCLUTEC VERDE 75ML,Insumos De Laboratorio
80313,OPAL L PASTA DE PULIDO A ALTO BRILLO 35G,Analogo
80313,OPAL L PASTA DE PULIDO A ALTO BRILLO 35G,Consumible
80313,OPAL L PASTA DE PULIDO A ALTO BRILLO 35G,Insumos De Laboratorio
8477,"OPAQUE FLUID (AMARILLO, VMK) 250ML",Analogo
8477,"OPAQUE FLUID (AMARILLO, VMK) 250ML",Liquidos Para Ceramica
8477,"OPAQUE FLUID (AMARILLO, VMK) 250ML",Consumible
8480,"OPAQUE FLUID (AMARILLO, VMK) 50ML",Analogo
8480,"OPAQUE FLUID (AMARILLO, VMK) 50ML",Liquidos Para Ceramica
8480,"OPAQUE FLUID (AMARILLO, VMK) 50ML",Consumible
297495,OPAQUE LIQUID HIGH FUSING OL H 25ML,Analogo
297495,OPAQUE LIQUID HIGH FUSING OL H 25ML,Consumible
297495,OPAQUE LIQUID HIGH FUSING OL H 25ML,Liquidos Para Ceramica
100906,OPTICAL GLASS 6.1,Digital
100906,OPTICAL GLASS 6.1,Impresoras 3d
100906,OPTICAL GLASS 6.1,Refaccion
100473,OPTICAL GLASS 9.3,Digital
100473,OPTICAL GLASS 9.3,Impresoras 3d
100473,OPTICAL GLASS 9.3,Refaccion
4400,OPTIMUN SPRING MASTER KIT SIZE 6,Digital
4400,OPTIMUN SPRING MASTER KIT SIZE 6,Pinceles Para Circonio
4400,OPTIMUN SPRING MASTER KIT SIZE 6,Consumible
93495,O-RING SEAT 354 / 654 I 28X1.78,Analogo
93495,O-RING SEAT 354 / 654 I 28X1.78,Hornos
93495,O-RING SEAT 354 / 654 I 28X1.78,Refaccion
85222,O-SPRAY 75ML BLUE,Analogo
85222,O-SPRAY 75ML BLUE,Insumos De Laboratorio
85222,O-SPRAY 75ML BLUE,Consumible
85224,O-SPRAY 75ML RED,Analogo
85224,O-SPRAY 75ML RED,Insumos De Laboratorio
85224,O-SPRAY 75ML RED,Consumible
103861,OUTLINE BONDING FLUID 10 ML,Analogo
103861,OUTLINE BONDING FLUID 10 ML,Acrilico
103861,OUTLINE BONDING FLUID 10 ML,Consumible
116700,OUTLINE DENTIN A1 100G,Analogo
116700,OUTLINE DENTIN A1 100G,Acrilico
116700,OUTLINE DENTIN A1 100G,Consumible
116710,OUTLINE DENTIN A2 100G,Analogo
116710,OUTLINE DENTIN A2 100G,Acrilico
116710,OUTLINE DENTIN A2 100G,Consumible
116714,OUTLINE DENTIN A3 100G,Analogo
116714,OUTLINE DENTIN A3 100G,Acrilico
116714,OUTLINE DENTIN A3 100G,Consumible
116694,OUTLINE DENTIN AB (BLEACH) F 100G,Analogo
116694,OUTLINE DENTIN AB (BLEACH) F 100G,Acrilico
116694,OUTLINE DENTIN AB (BLEACH) F 100G,Consumible
116719,OUTLINE DENTIN B1 100G,Analogo
116719,OUTLINE DENTIN B1 100G,Acrilico
116719,OUTLINE DENTIN B1 100G,Consumible
116731,OUTLINE INCISAL LOW VALUE 100G,Analogo
116731,OUTLINE INCISAL LOW VALUE 100G,Acrilico
116731,OUTLINE INCISAL LOW VALUE 100G,Consumible
116727,OUTLINE INCISAL MEDIUM VALUE 100G,Analogo
116727,OUTLINE INCISAL MEDIUM VALUE 100G,Acrilico
116727,OUTLINE INCISAL MEDIUM VALUE 100G,Consumible
103845,OUTLINE INTRO KIT,Analogo
103845,OUTLINE INTRO KIT,Acrilico
103845,OUTLINE INTRO KIT,Consumible
116735,OUTLINE LIQUID 100ML,Analogo
116735,OUTLINE LIQUID 100ML,Acrilico
116735,OUTLINE LIQUID 100ML,Consumible
116739,OUTLINE LIQUID 250ML,Analogo
116739,OUTLINE LIQUID 250ML,Acrilico
116739,OUTLINE LIQUID 250ML,Consumible
103858,OUTLINE SKIN GLAZE 10 ML,Analogo
103858,OUTLINE SKIN GLAZE 10 ML,Acrilico
103858,OUTLINE SKIN GLAZE 10 ML,Consumible
103855,OUTLINE SKIN PRIMER 10 ML,Analogo
103855,OUTLINE SKIN PRIMER 10 ML,Acrilico
103855,OUTLINE SKIN PRIMER 10 ML,Consumible
103852,OUTLINE STARTER KIT XL,Analogo
103852,OUTLINE STARTER KIT XL,Acrilico
103852,OUTLINE STARTER KIT XL,Consumible
103848,OUTLINE STARTER KIT-S,Analogo
103848,OUTLINE STARTER KIT-S,Acrilico
103848,OUTLINE STARTER KIT-S,Consumible
116723,OUTLINE TRASNPA CLEAR 100G,Analogo
116723,OUTLINE TRASNPA CLEAR 100G,Acrilico
116723,OUTLINE TRASNPA CLEAR 100G,Consumible
6938,PACK DE PROCESADO PSD,Aditamentos Para Implantes
6938,PACK DE PROCESADO PSD,Consumible
6938,PACK DE PROCESADO PSD,Analogo
8486,PAN CUSPIFORM 40C INFERIOR 2M1,Analogo
8486,PAN CUSPIFORM 40C INFERIOR 2M1,Dientes
8486,PAN CUSPIFORM 40C INFERIOR 2M1,Consumible
8486,PAN CUSPIFORM 40C INFERIOR 2M1,Posterior Inferior
8489,PAN CUSPIFORM 40C INFERIOR 2M2,Analogo
8489,PAN CUSPIFORM 40C INFERIOR 2M2,Posterior Inferior
8489,PAN CUSPIFORM 40C INFERIOR 2M2,Consumible
8489,PAN CUSPIFORM 40C INFERIOR 2M2,Dientes
8492,PAN CUSPIFORM 40C INFERIOR 3M2,Analogo
8492,PAN CUSPIFORM 40C INFERIOR 3M2,Posterior Inferior
8492,PAN CUSPIFORM 40C INFERIOR 3M2,Consumible
8492,PAN CUSPIFORM 40C INFERIOR 3M2,Dientes
8495,PAN CUSPIFORM 40C SUPERIOR 2M1,Analogo
8495,PAN CUSPIFORM 40C SUPERIOR 2M1,Posterior Superior
8495,PAN CUSPIFORM 40C SUPERIOR 2M1,Consumible
8495,PAN CUSPIFORM 40C SUPERIOR 2M1,Dientes
8498,PAN CUSPIFORM 40C SUPERIOR 2M2,Analogo
8498,PAN CUSPIFORM 40C SUPERIOR 2M2,Posterior Superior
8498,PAN CUSPIFORM 40C SUPERIOR 2M2,Consumible
8498,PAN CUSPIFORM 40C SUPERIOR 2M2,Dientes
8501,PAN CUSPIFORM 40C SUPERIOR 3M2,Analogo
8501,PAN CUSPIFORM 40C SUPERIOR 3M2,Posterior Superior
8501,PAN CUSPIFORM 40C SUPERIOR 3M2,Consumible
8501,PAN CUSPIFORM 40C SUPERIOR 3M2,Dientes
8504,PAN CUSPIFORM 41C INFERIOR 2M1,Analogo
8504,PAN CUSPIFORM 41C INFERIOR 2M1,Posterior Inferior
8504,PAN CUSPIFORM 41C INFERIOR 2M1,Consumible
8504,PAN CUSPIFORM 41C INFERIOR 2M1,Dientes
8507,PAN CUSPIFORM 41C INFERIOR 2M2,Analogo
8507,PAN CUSPIFORM 41C INFERIOR 2M2,Posterior Inferior
8507,PAN CUSPIFORM 41C INFERIOR 2M2,Consumible
8507,PAN CUSPIFORM 41C INFERIOR 2M2,Dientes
8510,PAN CUSPIFORM 41C INFERIOR 3M2,Analogo
8510,PAN CUSPIFORM 41C INFERIOR 3M2,Posterior Inferior
8510,PAN CUSPIFORM 41C INFERIOR 3M2,Consumible
8510,PAN CUSPIFORM 41C INFERIOR 3M2,Dientes
8513,PAN CUSPIFORM 41C SUPERIOR 2M1,Analogo
8513,PAN CUSPIFORM 41C SUPERIOR 2M1,Posterior Superior
8513,PAN CUSPIFORM 41C SUPERIOR 2M1,Consumible
8513,PAN CUSPIFORM 41C SUPERIOR 2M1,Dientes
8516,PAN CUSPIFORM 41C SUPERIOR 2M2,Analogo
8516,PAN CUSPIFORM 41C SUPERIOR 2M2,Posterior Superior
8516,PAN CUSPIFORM 41C SUPERIOR 2M2,Consumible
8516,PAN CUSPIFORM 41C SUPERIOR 2M2,Dientes
8519,PAN CUSPIFORM 41C SUPERIOR 3M2,Analogo
8519,PAN CUSPIFORM 41C SUPERIOR 3M2,Posterior Superior
8519,PAN CUSPIFORM 41C SUPERIOR 3M2,Consumible
8519,PAN CUSPIFORM 41C SUPERIOR 3M2,Dientes
8522,PAN CUSPIFORM 42C INFERIOR 2M1,Analogo
8522,PAN CUSPIFORM 42C INFERIOR 2M1,Posterior Inferior
8522,PAN CUSPIFORM 42C INFERIOR 2M1,Consumible
8522,PAN CUSPIFORM 42C INFERIOR 2M1,Dientes
8525,PAN CUSPIFORM 42C INFERIOR 2M2,Analogo
8525,PAN CUSPIFORM 42C INFERIOR 2M2,Posterior Inferior
8525,PAN CUSPIFORM 42C INFERIOR 2M2,Consumible
8525,PAN CUSPIFORM 42C INFERIOR 2M2,Dientes
8528,PAN CUSPIFORM 42C INFERIOR 3M2,Analogo
8528,PAN CUSPIFORM 42C INFERIOR 3M2,Posterior Inferior
8528,PAN CUSPIFORM 42C INFERIOR 3M2,Consumible
8528,PAN CUSPIFORM 42C INFERIOR 3M2,Dientes
8531,PAN CUSPIFORM 42C SUPERIOR 2M1,Analogo
8531,PAN CUSPIFORM 42C SUPERIOR 2M1,Posterior Superior
8531,PAN CUSPIFORM 42C SUPERIOR 2M1,Consumible
8531,PAN CUSPIFORM 42C SUPERIOR 2M1,Dientes
8534,PAN CUSPIFORM 42C SUPERIOR 2M2,Analogo
8534,PAN CUSPIFORM 42C SUPERIOR 2M2,Posterior Superior
8534,PAN CUSPIFORM 42C SUPERIOR 2M2,Consumible
8534,PAN CUSPIFORM 42C SUPERIOR 2M2,Dientes
8537,PAN CUSPIFORM 42C SUPERIOR 3M2,Analogo
8537,PAN CUSPIFORM 42C SUPERIOR 3M2,Posterior Superior
8537,PAN CUSPIFORM 42C SUPERIOR 3M2,Consumible
8537,PAN CUSPIFORM 42C SUPERIOR 3M2,Dientes
8540,PAN CUSPIFORM 43C INFERIOR 2M1,Analogo
8540,PAN CUSPIFORM 43C INFERIOR 2M1,Posterior Inferior
8540,PAN CUSPIFORM 43C INFERIOR 2M1,Consumible
8540,PAN CUSPIFORM 43C INFERIOR 2M1,Dientes
8543,PAN CUSPIFORM 43C INFERIOR 2M2,Analogo
8543,PAN CUSPIFORM 43C INFERIOR 2M2,Posterior Inferior
8543,PAN CUSPIFORM 43C INFERIOR 2M2,Consumible
8543,PAN CUSPIFORM 43C INFERIOR 2M2,Dientes
8546,PAN CUSPIFORM 43C INFERIOR 3M2,Analogo
8546,PAN CUSPIFORM 43C INFERIOR 3M2,Posterior Inferior
8546,PAN CUSPIFORM 43C INFERIOR 3M2,Consumible
8546,PAN CUSPIFORM 43C INFERIOR 3M2,Dientes
8549,PAN CUSPIFORM 43C SUPERIOR 2M1,Analogo
8549,PAN CUSPIFORM 43C SUPERIOR 2M1,Posterior Superior
8549,PAN CUSPIFORM 43C SUPERIOR 2M1,Consumible
8549,PAN CUSPIFORM 43C SUPERIOR 2M1,Dientes
8552,PAN CUSPIFORM 43C SUPERIOR 2M2,Analogo
8552,PAN CUSPIFORM 43C SUPERIOR 2M2,Posterior Superior
8552,PAN CUSPIFORM 43C SUPERIOR 2M2,Consumible
8552,PAN CUSPIFORM 43C SUPERIOR 2M2,Dientes
8555,PAN CUSPIFORM 43C SUPERIOR 3M2,Analogo
8555,PAN CUSPIFORM 43C SUPERIOR 3M2,Posterior Superior
8555,PAN CUSPIFORM 43C SUPERIOR 3M2,Consumible
8555,PAN CUSPIFORM 43C SUPERIOR 3M2,Dientes
8558,PAN CUSPIFORM 44C INFERIOR 2M1,Analogo
8558,PAN CUSPIFORM 44C INFERIOR 2M1,Posterior Inferior
8558,PAN CUSPIFORM 44C INFERIOR 2M1,Consumible
8558,PAN CUSPIFORM 44C INFERIOR 2M1,Dientes
8561,PAN CUSPIFORM 44C INFERIOR 2M2,Analogo
8561,PAN CUSPIFORM 44C INFERIOR 2M2,Posterior Inferior
8561,PAN CUSPIFORM 44C INFERIOR 2M2,Consumible
8561,PAN CUSPIFORM 44C INFERIOR 2M2,Dientes
8564,PAN CUSPIFORM 44C INFERIOR 3M2,Analogo
8564,PAN CUSPIFORM 44C INFERIOR 3M2,Posterior Inferior
8564,PAN CUSPIFORM 44C INFERIOR 3M2,Consumible
8564,PAN CUSPIFORM 44C INFERIOR 3M2,Dientes
8567,PAN CUSPIFORM 44C SUPERIOR 2M1,Analogo
8567,PAN CUSPIFORM 44C SUPERIOR 2M1,Posterior Superior
8567,PAN CUSPIFORM 44C SUPERIOR 2M1,Consumible
8567,PAN CUSPIFORM 44C SUPERIOR 2M1,Dientes
8570,PAN CUSPIFORM 44C SUPERIOR 2M2,Analogo
8570,PAN CUSPIFORM 44C SUPERIOR 2M2,Posterior Superior
8570,PAN CUSPIFORM 44C SUPERIOR 2M2,Consumible
8570,PAN CUSPIFORM 44C SUPERIOR 2M2,Dientes
8573,PAN CUSPIFORM 44C SUPERIOR 3M2,Analogo
8573,PAN CUSPIFORM 44C SUPERIOR 3M2,Posterior Superior
8573,PAN CUSPIFORM 44C SUPERIOR 3M2,Consumible
8573,PAN CUSPIFORM 44C SUPERIOR 3M2,Dientes
8576,PAN CUSPIFORM 45C INFERIOR 2M1,Analogo
8576,PAN CUSPIFORM 45C INFERIOR 2M1,Posterior Inferior
8576,PAN CUSPIFORM 45C INFERIOR 2M1,Consumible
8576,PAN CUSPIFORM 45C INFERIOR 2M1,Dientes
8579,PAN CUSPIFORM 45C INFERIOR 2M2,Analogo
8579,PAN CUSPIFORM 45C INFERIOR 2M2,Posterior Inferior
8579,PAN CUSPIFORM 45C INFERIOR 2M2,Consumible
8579,PAN CUSPIFORM 45C INFERIOR 2M2,Dientes
8582,PAN CUSPIFORM 45C INFERIOR 3M2,Analogo
8582,PAN CUSPIFORM 45C INFERIOR 3M2,Posterior Inferior
8582,PAN CUSPIFORM 45C INFERIOR 3M2,Consumible
8582,PAN CUSPIFORM 45C INFERIOR 3M2,Dientes
8585,PAN CUSPIFORM 45C SUPERIOR 2M1,Analogo
8585,PAN CUSPIFORM 45C SUPERIOR 2M1,Posterior Superior
8585,PAN CUSPIFORM 45C SUPERIOR 2M1,Consumible
8585,PAN CUSPIFORM 45C SUPERIOR 2M1,Dientes
8588,PAN CUSPIFORM 45C SUPERIOR 2M2,Analogo
8588,PAN CUSPIFORM 45C SUPERIOR 2M2,Posterior Superior
8588,PAN CUSPIFORM 45C SUPERIOR 2M2,Consumible
8588,PAN CUSPIFORM 45C SUPERIOR 2M2,Dientes
8591,PAN CUSPIFORM 45C SUPERIOR 3M2,Analogo
8591,PAN CUSPIFORM 45C SUPERIOR 3M2,Posterior Superior
8591,PAN CUSPIFORM 45C SUPERIOR 3M2,Consumible
8591,PAN CUSPIFORM 45C SUPERIOR 3M2,Dientes
8594,PAN EXCELL L33 A1,Analogo
8594,PAN EXCELL L33 A1,Dientes
8594,PAN EXCELL L33 A1,Consumible
8594,PAN EXCELL L33 A1,Anterior Inferior
8597,PAN EXCELL L33 A2,Analogo
8597,PAN EXCELL L33 A2,Dientes
8597,PAN EXCELL L33 A2,Consumible
8597,PAN EXCELL L33 A2,Anterior Inferior
8600,PAN EXCELL L33 A3,Analogo
8600,PAN EXCELL L33 A3,Dientes
8600,PAN EXCELL L33 A3,Consumible
8600,PAN EXCELL L33 A3,Anterior Inferior
8603,PAN EXCELL L35 A1,Analogo
8603,PAN EXCELL L35 A1,Dientes
8603,PAN EXCELL L35 A1,Consumible
8603,PAN EXCELL L35 A1,Anterior Inferior
8606,PAN EXCELL L35 A2,Analogo
8606,PAN EXCELL L35 A2,Dientes
8606,PAN EXCELL L35 A2,Consumible
8606,PAN EXCELL L35 A2,Anterior Inferior
8609,PAN EXCELL L35 A3,Analogo
8609,PAN EXCELL L35 A3,Dientes
8609,PAN EXCELL L35 A3,Consumible
8609,PAN EXCELL L35 A3,Anterior Inferior
8612,PAN EXCELL L37 A1,Analogo
8612,PAN EXCELL L37 A1,Dientes
8612,PAN EXCELL L37 A1,Consumible
8612,PAN EXCELL L37 A1,Anterior Inferior
8615,PAN EXCELL L37 A2,Analogo
8615,PAN EXCELL L37 A2,Dientes
8615,PAN EXCELL L37 A2,Consumible
8615,PAN EXCELL L37 A2,Anterior Inferior
8618,PAN EXCELL L37 A3,Analogo
8618,PAN EXCELL L37 A3,Dientes
8618,PAN EXCELL L37 A3,Consumible
8618,PAN EXCELL L37 A3,Anterior Inferior
8621,PAN EXCELL L39 A1,Analogo
8621,PAN EXCELL L39 A1,Dientes
8621,PAN EXCELL L39 A1,Consumible
8621,PAN EXCELL L39 A1,Anterior Inferior
8624,PAN EXCELL L39 A2,Analogo
8624,PAN EXCELL L39 A2,Dientes
8624,PAN EXCELL L39 A2,Consumible
8624,PAN EXCELL L39 A2,Anterior Inferior
8627,PAN EXCELL L39 A3,Analogo
8627,PAN EXCELL L39 A3,Dientes
8627,PAN EXCELL L39 A3,Consumible
8627,PAN EXCELL L39 A3,Anterior Inferior
8630,PAN EXCELL L41 A1,Analogo
8630,PAN EXCELL L41 A1,Dientes
8630,PAN EXCELL L41 A1,Consumible
8630,PAN EXCELL L41 A1,Anterior Inferior
8633,PAN EXCELL L41 A2,Analogo
8633,PAN EXCELL L41 A2,Dientes
8633,PAN EXCELL L41 A2,Consumible
8633,PAN EXCELL L41 A2,Anterior Inferior
8636,PAN EXCELL L41 A3,Analogo
8636,PAN EXCELL L41 A3,Dientes
8636,PAN EXCELL L41 A3,Consumible
8636,PAN EXCELL L41 A3,Anterior Inferior
8639,PAN EXCELL O41 A1,Analogo
8639,PAN EXCELL O41 A1,Dientes
8639,PAN EXCELL O41 A1,Consumible
8639,PAN EXCELL O41 A1,Anterior Superior
8642,PAN EXCELL O41 A2,Analogo
8642,PAN EXCELL O41 A2,Dientes
8642,PAN EXCELL O41 A2,Consumible
8642,PAN EXCELL O41 A2,Anterior Superior
8645,PAN EXCELL O41 A3,Analogo
8645,PAN EXCELL O41 A3,Dientes
8645,PAN EXCELL O41 A3,Consumible
8645,PAN EXCELL O41 A3,Anterior Superior
8648,PAN EXCELL O43 A1,Analogo
8648,PAN EXCELL O43 A1,Dientes
8648,PAN EXCELL O43 A1,Consumible
8648,PAN EXCELL O43 A1,Anterior Superior
8651,PAN EXCELL O43 A2,Analogo
8651,PAN EXCELL O43 A2,Dientes
8651,PAN EXCELL O43 A2,Consumible
8651,PAN EXCELL O43 A2,Anterior Superior
8654,PAN EXCELL O43 A3,Analogo
8654,PAN EXCELL O43 A3,Dientes
8654,PAN EXCELL O43 A3,Consumible
8654,PAN EXCELL O43 A3,Anterior Superior
8657,PAN EXCELL O45 A1,Analogo
8657,PAN EXCELL O45 A1,Dientes
8657,PAN EXCELL O45 A1,Consumible
8657,PAN EXCELL O45 A1,Anterior Superior
8660,PAN EXCELL O45 A2,Analogo
8660,PAN EXCELL O45 A2,Dientes
8660,PAN EXCELL O45 A2,Consumible
8660,PAN EXCELL O45 A2,Anterior Superior
8663,PAN EXCELL O45 A3,Analogo
8663,PAN EXCELL O45 A3,Dientes
8663,PAN EXCELL O45 A3,Consumible
8663,PAN EXCELL O45 A3,Anterior Superior
8666,PAN EXCELL O47 A1,Analogo
8666,PAN EXCELL O47 A1,Dientes
8666,PAN EXCELL O47 A1,Consumible
8666,PAN EXCELL O47 A1,Anterior Superior
8669,PAN EXCELL O47 A2,Analogo
8669,PAN EXCELL O47 A2,Dientes
8669,PAN EXCELL O47 A2,Consumible
8669,PAN EXCELL O47 A2,Anterior Superior
8672,PAN EXCELL O47 A3,Analogo
8672,PAN EXCELL O47 A3,Dientes
8672,PAN EXCELL O47 A3,Consumible
8672,PAN EXCELL O47 A3,Anterior Superior
8675,PAN EXCELL O49 A1,Analogo
8675,PAN EXCELL O49 A1,Dientes
8675,PAN EXCELL O49 A1,Consumible
8675,PAN EXCELL O49 A1,Anterior Superior
8678,PAN EXCELL O49 A2,Analogo
8678,PAN EXCELL O49 A2,Dientes
8678,PAN EXCELL O49 A2,Consumible
8678,PAN EXCELL O49 A2,Anterior Superior
8681,PAN EXCELL O49 A3,Analogo
8681,PAN EXCELL O49 A3,Dientes
8681,PAN EXCELL O49 A3,Consumible
8681,PAN EXCELL O49 A3,Anterior Superior
8684,PAN EXCELL O51 A1,Analogo
8684,PAN EXCELL O51 A1,Dientes
8684,PAN EXCELL O51 A1,Consumible
8684,PAN EXCELL O51 A1,Anterior Superior
8687,PAN EXCELL O51 A2,Analogo
8687,PAN EXCELL O51 A2,Dientes
8687,PAN EXCELL O51 A2,Consumible
8687,PAN EXCELL O51 A2,Anterior Superior
8690,PAN EXCELL O51 A3,Analogo
8690,PAN EXCELL O51 A3,Dientes
8690,PAN EXCELL O51 A3,Consumible
8690,PAN EXCELL O51 A3,Anterior Superior
8693,PAN EXCELL R45 A1,Analogo
8693,PAN EXCELL R45 A1,Dientes
8693,PAN EXCELL R45 A1,Consumible
8693,PAN EXCELL R45 A1,Anterior Superior
8696,PAN EXCELL R45 A2,Analogo
8696,PAN EXCELL R45 A2,Dientes
8696,PAN EXCELL R45 A2,Consumible
8696,PAN EXCELL R45 A2,Anterior Superior
8699,PAN EXCELL R45 A3,Analogo
8699,PAN EXCELL R45 A3,Dientes
8699,PAN EXCELL R45 A3,Consumible
8699,PAN EXCELL R45 A3,Anterior Superior
8702,PAN EXCELL R47 A1,Analogo
8702,PAN EXCELL R47 A1,Dientes
8702,PAN EXCELL R47 A1,Consumible
8702,PAN EXCELL R47 A1,Anterior Superior
8705,PAN EXCELL R47 A2,Analogo
8705,PAN EXCELL R47 A2,Dientes
8705,PAN EXCELL R47 A2,Consumible
8705,PAN EXCELL R47 A2,Anterior Superior
8708,PAN EXCELL R47 A3,Analogo
8708,PAN EXCELL R47 A3,Dientes
8708,PAN EXCELL R47 A3,Consumible
8708,PAN EXCELL R47 A3,Anterior Superior
8711,PAN EXCELL R49 A1,Analogo
8711,PAN EXCELL R49 A1,Dientes
8711,PAN EXCELL R49 A1,Consumible
8711,PAN EXCELL R49 A1,Anterior Superior
8714,PAN EXCELL R49 A2,Analogo
8714,PAN EXCELL R49 A2,Dientes
8714,PAN EXCELL R49 A2,Consumible
8714,PAN EXCELL R49 A2,Anterior Superior
8717,PAN EXCELL R49 A3,Analogo
8717,PAN EXCELL R49 A3,Dientes
8717,PAN EXCELL R49 A3,Consumible
8717,PAN EXCELL R49 A3,Anterior Superior
8720,PAN EXCELL S46 A1,Analogo
8720,PAN EXCELL S46 A1,Dientes
8720,PAN EXCELL S46 A1,Consumible
8720,PAN EXCELL S46 A1,Anterior Superior
8723,PAN EXCELL S46 A2,Analogo
8723,PAN EXCELL S46 A2,Dientes
8723,PAN EXCELL S46 A2,Consumible
8723,PAN EXCELL S46 A2,Anterior Superior
8726,PAN EXCELL S46 A3,Analogo
8726,PAN EXCELL S46 A3,Dientes
8726,PAN EXCELL S46 A3,Consumible
8726,PAN EXCELL S46 A3,Anterior Superior
8729,PAN EXCELL T42 A1,Analogo
8729,PAN EXCELL T42 A1,Dientes
8729,PAN EXCELL T42 A1,Consumible
8729,PAN EXCELL T42 A1,Anterior Superior
8732,PAN EXCELL T42 A2,Analogo
8732,PAN EXCELL T42 A2,Dientes
8732,PAN EXCELL T42 A2,Consumible
8732,PAN EXCELL T42 A2,Anterior Superior
8735,PAN EXCELL T42 A3,Analogo
8735,PAN EXCELL T42 A3,Dientes
8735,PAN EXCELL T42 A3,Consumible
8735,PAN EXCELL T42 A3,Anterior Superior
8738,PAN EXCELL T44 A1,Analogo
8738,PAN EXCELL T44 A1,Dientes
8738,PAN EXCELL T44 A1,Consumible
8738,PAN EXCELL T44 A1,Anterior Superior
8741,PAN EXCELL T44 A2,Analogo
8741,PAN EXCELL T44 A2,Dientes
8741,PAN EXCELL T44 A2,Consumible
8741,PAN EXCELL T44 A2,Anterior Superior
8744,PAN EXCELL T44 A3,Analogo
8744,PAN EXCELL T44 A3,Dientes
8744,PAN EXCELL T44 A3,Consumible
8744,PAN EXCELL T44 A3,Anterior Superior
8747,PAN EXCELL T46 A1,Analogo
8747,PAN EXCELL T46 A1,Dientes
8747,PAN EXCELL T46 A1,Consumible
8747,PAN EXCELL T46 A1,Anterior Superior
8750,PAN EXCELL T46 A2,Analogo
8750,PAN EXCELL T46 A2,Dientes
8750,PAN EXCELL T46 A2,Consumible
8750,PAN EXCELL T46 A2,Anterior Superior
8753,PAN EXCELL T46 A3,Analogo
8753,PAN EXCELL T46 A3,Dientes
8753,PAN EXCELL T46 A3,Consumible
8753,PAN EXCELL T46 A3,Anterior Superior
8756,PAN EXCELL T47 A1,Analogo
8756,PAN EXCELL T47 A1,Dientes
8756,PAN EXCELL T47 A1,Consumible
8756,PAN EXCELL T47 A1,Anterior Superior
8759,PAN EXCELL T47 A2,Analogo
8759,PAN EXCELL T47 A2,Dientes
8759,PAN EXCELL T47 A2,Consumible
8759,PAN EXCELL T47 A2,Anterior Superior
8762,PAN EXCELL T47 A3,Analogo
8762,PAN EXCELL T47 A3,Dientes
8762,PAN EXCELL T47 A3,Consumible
8762,PAN EXCELL T47 A3,Anterior Superior
8765,PAN EXCELL T48 A1,Analogo
8765,PAN EXCELL T48 A1,Dientes
8765,PAN EXCELL T48 A1,Consumible
8765,PAN EXCELL T48 A1,Anterior Superior
8768,PAN EXCELL T48 A2,Analogo
8768,PAN EXCELL T48 A2,Dientes
8768,PAN EXCELL T48 A2,Consumible
8768,PAN EXCELL T48 A2,Anterior Superior
8771,PAN EXCELL T48 A3,Analogo
8771,PAN EXCELL T48 A3,Dientes
8771,PAN EXCELL T48 A3,Consumible
8771,PAN EXCELL T48 A3,Anterior Superior
8774,PAN EXCELL T50 A1,Analogo
8774,PAN EXCELL T50 A1,Dientes
8774,PAN EXCELL T50 A1,Consumible
8774,PAN EXCELL T50 A1,Anterior Superior
8777,PAN EXCELL T50 A2,Analogo
8777,PAN EXCELL T50 A2,Dientes
8777,PAN EXCELL T50 A2,Consumible
8777,PAN EXCELL T50 A2,Anterior Superior
8780,PAN EXCELL T50 A3,Analogo
8780,PAN EXCELL T50 A3,Dientes
8780,PAN EXCELL T50 A3,Consumible
8780,PAN EXCELL T50 A3,Anterior Superior
8783,PAN EXCELL T54 A1,Analogo
8783,PAN EXCELL T54 A1,Dientes
8783,PAN EXCELL T54 A1,Consumible
8783,PAN EXCELL T54 A1,Anterior Superior
8786,PAN EXCELL T54 A2,Analogo
8786,PAN EXCELL T54 A2,Dientes
8786,PAN EXCELL T54 A2,Consumible
8786,PAN EXCELL T54 A2,Anterior Superior
8789,PAN EXCELL T54 A3,Analogo
8789,PAN EXCELL T54 A3,Dientes
8789,PAN EXCELL T54 A3,Consumible
8789,PAN EXCELL T54 A3,Anterior Superior
8792,PAN SYNOFORM 10S INFERIOR A2,Analogo
8792,PAN SYNOFORM 10S INFERIOR A2,Posterior Inferior
8792,PAN SYNOFORM 10S INFERIOR A2,Consumible
8792,PAN SYNOFORM 10S INFERIOR A2,Dientes
8795,PAN SYNOFORM 10S INFERIOR A3,Analogo
8795,PAN SYNOFORM 10S INFERIOR A3,Posterior Inferior
8795,PAN SYNOFORM 10S INFERIOR A3,Consumible
8795,PAN SYNOFORM 10S INFERIOR A3,Dientes
8798,PAN SYNOFORM 10S INFERIOR A3.5,Analogo
8798,PAN SYNOFORM 10S INFERIOR A3.5,Posterior Inferior
8798,PAN SYNOFORM 10S INFERIOR A3.5,Consumible
8798,PAN SYNOFORM 10S INFERIOR A3.5,Dientes
8801,PAN SYNOFORM 10S INFERIOR A4,Analogo
8801,PAN SYNOFORM 10S INFERIOR A4,Posterior Inferior
8801,PAN SYNOFORM 10S INFERIOR A4,Consumible
8801,PAN SYNOFORM 10S INFERIOR A4,Dientes
8804,PAN SYNOFORM 10S INFERIOR C2,Analogo
8804,PAN SYNOFORM 10S INFERIOR C2,Posterior Inferior
8804,PAN SYNOFORM 10S INFERIOR C2,Consumible
8804,PAN SYNOFORM 10S INFERIOR C2,Dientes
8807,PAN SYNOFORM 10S SUPERIOR A2,Analogo
8807,PAN SYNOFORM 10S SUPERIOR A2,Posterior Superior
8807,PAN SYNOFORM 10S SUPERIOR A2,Consumible
8807,PAN SYNOFORM 10S SUPERIOR A2,Dientes
8810,PAN SYNOFORM 10S SUPERIOR A3,Analogo
8810,PAN SYNOFORM 10S SUPERIOR A3,Posterior Superior
8810,PAN SYNOFORM 10S SUPERIOR A3,Consumible
8810,PAN SYNOFORM 10S SUPERIOR A3,Dientes
8813,PAN SYNOFORM 10S SUPERIOR A3.5,Analogo
8813,PAN SYNOFORM 10S SUPERIOR A3.5,Posterior Superior
8813,PAN SYNOFORM 10S SUPERIOR A3.5,Consumible
8813,PAN SYNOFORM 10S SUPERIOR A3.5,Dientes
8816,PAN SYNOFORM 10S SUPERIOR A4,Analogo
8816,PAN SYNOFORM 10S SUPERIOR A4,Posterior Superior
8816,PAN SYNOFORM 10S SUPERIOR A4,Consumible
8816,PAN SYNOFORM 10S SUPERIOR A4,Dientes
8819,PAN SYNOFORM 10S SUPERIOR C2,Analogo
8819,PAN SYNOFORM 10S SUPERIOR C2,Posterior Superior
8819,PAN SYNOFORM 10S SUPERIOR C2,Consumible
8819,PAN SYNOFORM 10S SUPERIOR C2,Dientes
8822,PAN SYNOFORM 11S INFERIOR A2,Analogo
8822,PAN SYNOFORM 11S INFERIOR A2,Posterior Inferior
8822,PAN SYNOFORM 11S INFERIOR A2,Consumible
8822,PAN SYNOFORM 11S INFERIOR A2,Dientes
8825,PAN SYNOFORM 11S INFERIOR A3,Analogo
8825,PAN SYNOFORM 11S INFERIOR A3,Posterior Inferior
8825,PAN SYNOFORM 11S INFERIOR A3,Consumible
8825,PAN SYNOFORM 11S INFERIOR A3,Dientes
8828,PAN SYNOFORM 11S INFERIOR A3.5,Analogo
8828,PAN SYNOFORM 11S INFERIOR A3.5,Posterior Inferior
8828,PAN SYNOFORM 11S INFERIOR A3.5,Consumible
8828,PAN SYNOFORM 11S INFERIOR A3.5,Dientes
8831,PAN SYNOFORM 11S INFERIOR A4,Analogo
8831,PAN SYNOFORM 11S INFERIOR A4,Posterior Inferior
8831,PAN SYNOFORM 11S INFERIOR A4,Consumible
8831,PAN SYNOFORM 11S INFERIOR A4,Dientes
8834,PAN SYNOFORM 11S INFERIOR C2,Analogo
8834,PAN SYNOFORM 11S INFERIOR C2,Posterior Inferior
8834,PAN SYNOFORM 11S INFERIOR C2,Consumible
8834,PAN SYNOFORM 11S INFERIOR C2,Dientes
8837,PAN SYNOFORM 11S SUPERIOR A2,Analogo
8837,PAN SYNOFORM 11S SUPERIOR A2,Posterior Superior
8837,PAN SYNOFORM 11S SUPERIOR A2,Consumible
8837,PAN SYNOFORM 11S SUPERIOR A2,Dientes
8840,PAN SYNOFORM 11S SUPERIOR A3,Analogo
8840,PAN SYNOFORM 11S SUPERIOR A3,Posterior Superior
8840,PAN SYNOFORM 11S SUPERIOR A3,Consumible
8840,PAN SYNOFORM 11S SUPERIOR A3,Dientes
8843,PAN SYNOFORM 11S SUPERIOR A3.5,Analogo
8843,PAN SYNOFORM 11S SUPERIOR A3.5,Posterior Superior
8843,PAN SYNOFORM 11S SUPERIOR A3.5,Consumible
8843,PAN SYNOFORM 11S SUPERIOR A3.5,Dientes
8846,PAN SYNOFORM 11S SUPERIOR A4,Analogo
8846,PAN SYNOFORM 11S SUPERIOR A4,Posterior Superior
8846,PAN SYNOFORM 11S SUPERIOR A4,Consumible
8846,PAN SYNOFORM 11S SUPERIOR A4,Dientes
8849,PAN SYNOFORM 11S SUPERIOR C2,Analogo
8849,PAN SYNOFORM 11S SUPERIOR C2,Posterior Superior
8849,PAN SYNOFORM 11S SUPERIOR C2,Consumible
8849,PAN SYNOFORM 11S SUPERIOR C2,Dientes
8852,PAN SYNOFORM 12S INFERIOR A2,Analogo
8852,PAN SYNOFORM 12S INFERIOR A2,Posterior Inferior
8852,PAN SYNOFORM 12S INFERIOR A2,Consumible
8852,PAN SYNOFORM 12S INFERIOR A2,Dientes
8855,PAN SYNOFORM 12S INFERIOR A3,Analogo
8855,PAN SYNOFORM 12S INFERIOR A3,Posterior Inferior
8855,PAN SYNOFORM 12S INFERIOR A3,Consumible
8855,PAN SYNOFORM 12S INFERIOR A3,Dientes
8858,PAN SYNOFORM 12S INFERIOR A3.5,Analogo
8858,PAN SYNOFORM 12S INFERIOR A3.5,Posterior Inferior
8858,PAN SYNOFORM 12S INFERIOR A3.5,Consumible
8858,PAN SYNOFORM 12S INFERIOR A3.5,Dientes
8861,PAN SYNOFORM 12S INFERIOR A4,Analogo
8861,PAN SYNOFORM 12S INFERIOR A4,Posterior Inferior
8861,PAN SYNOFORM 12S INFERIOR A4,Consumible
8861,PAN SYNOFORM 12S INFERIOR A4,Dientes
8864,PAN SYNOFORM 12S INFERIOR C2,Analogo
8864,PAN SYNOFORM 12S INFERIOR C2,Posterior Inferior
8864,PAN SYNOFORM 12S INFERIOR C2,Consumible
8864,PAN SYNOFORM 12S INFERIOR C2,Dientes
8867,PAN SYNOFORM 12S SUPERIOR A2,Analogo
8867,PAN SYNOFORM 12S SUPERIOR A2,Posterior Superior
8867,PAN SYNOFORM 12S SUPERIOR A2,Consumible
8867,PAN SYNOFORM 12S SUPERIOR A2,Dientes
8870,PAN SYNOFORM 12S SUPERIOR A3,Analogo
8870,PAN SYNOFORM 12S SUPERIOR A3,Posterior Superior
8870,PAN SYNOFORM 12S SUPERIOR A3,Consumible
8870,PAN SYNOFORM 12S SUPERIOR A3,Dientes
8873,PAN SYNOFORM 12S SUPERIOR A3.5,Analogo
8873,PAN SYNOFORM 12S SUPERIOR A3.5,Posterior Superior
8873,PAN SYNOFORM 12S SUPERIOR A3.5,Consumible
8873,PAN SYNOFORM 12S SUPERIOR A3.5,Dientes
8876,PAN SYNOFORM 12S SUPERIOR A4,Analogo
8876,PAN SYNOFORM 12S SUPERIOR A4,Posterior Superior
8876,PAN SYNOFORM 12S SUPERIOR A4,Consumible
8876,PAN SYNOFORM 12S SUPERIOR A4,Dientes
8879,PAN SYNOFORM 12S SUPERIOR C2,Analogo
8879,PAN SYNOFORM 12S SUPERIOR C2,Posterior Superior
8879,PAN SYNOFORM 12S SUPERIOR C2,Consumible
8879,PAN SYNOFORM 12S SUPERIOR C2,Dientes
8885,PAN SYNOFORM 13S INFERIOR A2,Analogo
8885,PAN SYNOFORM 13S INFERIOR A2,Posterior Inferior
8885,PAN SYNOFORM 13S INFERIOR A2,Consumible
8885,PAN SYNOFORM 13S INFERIOR A2,Dientes
8888,PAN SYNOFORM 13S INFERIOR A3,Analogo
8888,PAN SYNOFORM 13S INFERIOR A3,Posterior Inferior
8888,PAN SYNOFORM 13S INFERIOR A3,Consumible
8888,PAN SYNOFORM 13S INFERIOR A3,Dientes
8891,PAN SYNOFORM 13S INFERIOR A3.5,Analogo
8891,PAN SYNOFORM 13S INFERIOR A3.5,Posterior Inferior
8891,PAN SYNOFORM 13S INFERIOR A3.5,Consumible
8891,PAN SYNOFORM 13S INFERIOR A3.5,Dientes
8894,PAN SYNOFORM 13S INFERIOR A4,Analogo
8894,PAN SYNOFORM 13S INFERIOR A4,Posterior Inferior
8894,PAN SYNOFORM 13S INFERIOR A4,Consumible
8894,PAN SYNOFORM 13S INFERIOR A4,Dientes
8897,PAN SYNOFORM 13S INFERIOR C2,Analogo
8897,PAN SYNOFORM 13S INFERIOR C2,Posterior Inferior
8897,PAN SYNOFORM 13S INFERIOR C2,Consumible
8897,PAN SYNOFORM 13S INFERIOR C2,Dientes
8900,PAN SYNOFORM 13S SUPERIOR A2,Analogo
8900,PAN SYNOFORM 13S SUPERIOR A2,Posterior Superior
8900,PAN SYNOFORM 13S SUPERIOR A2,Consumible
8900,PAN SYNOFORM 13S SUPERIOR A2,Dientes
8903,PAN SYNOFORM 13S SUPERIOR A3,Analogo
8903,PAN SYNOFORM 13S SUPERIOR A3,Posterior Superior
8903,PAN SYNOFORM 13S SUPERIOR A3,Consumible
8903,PAN SYNOFORM 13S SUPERIOR A3,Dientes
8906,PAN SYNOFORM 13S SUPERIOR A3.5,Analogo
8906,PAN SYNOFORM 13S SUPERIOR A3.5,Posterior Superior
8906,PAN SYNOFORM 13S SUPERIOR A3.5,Consumible
8906,PAN SYNOFORM 13S SUPERIOR A3.5,Dientes
8909,PAN SYNOFORM 13S SUPERIOR A4,Analogo
8909,PAN SYNOFORM 13S SUPERIOR A4,Posterior Superior
8909,PAN SYNOFORM 13S SUPERIOR A4,Consumible
8909,PAN SYNOFORM 13S SUPERIOR A4,Dientes
8912,PAN SYNOFORM 13S SUPERIOR C2,Analogo
8912,PAN SYNOFORM 13S SUPERIOR C2,Posterior Superior
8912,PAN SYNOFORM 13S SUPERIOR C2,Consumible
8912,PAN SYNOFORM 13S SUPERIOR C2,Dientes
8915,PAN SYNOFORM 14S INFERIOR A2,Analogo
8915,PAN SYNOFORM 14S INFERIOR A2,Posterior Inferior
8915,PAN SYNOFORM 14S INFERIOR A2,Consumible
8915,PAN SYNOFORM 14S INFERIOR A2,Dientes
8918,PAN SYNOFORM 14S INFERIOR A3,Analogo
8918,PAN SYNOFORM 14S INFERIOR A3,Posterior Inferior
8918,PAN SYNOFORM 14S INFERIOR A3,Consumible
8918,PAN SYNOFORM 14S INFERIOR A3,Dientes
8921,PAN SYNOFORM 14S INFERIOR A3.5,Analogo
8921,PAN SYNOFORM 14S INFERIOR A3.5,Posterior Inferior
8921,PAN SYNOFORM 14S INFERIOR A3.5,Consumible
8921,PAN SYNOFORM 14S INFERIOR A3.5,Dientes
8924,PAN SYNOFORM 14S INFERIOR A4,Analogo
8924,PAN SYNOFORM 14S INFERIOR A4,Posterior Inferior
8924,PAN SYNOFORM 14S INFERIOR A4,Consumible
8924,PAN SYNOFORM 14S INFERIOR A4,Dientes
8927,PAN SYNOFORM 14S INFERIOR C2,Analogo
8927,PAN SYNOFORM 14S INFERIOR C2,Posterior Inferior
8927,PAN SYNOFORM 14S INFERIOR C2,Consumible
8927,PAN SYNOFORM 14S INFERIOR C2,Dientes
8930,PAN SYNOFORM 14S SUPERIOR A2,Analogo
8930,PAN SYNOFORM 14S SUPERIOR A2,Posterior Superior
8930,PAN SYNOFORM 14S SUPERIOR A2,Consumible
8930,PAN SYNOFORM 14S SUPERIOR A2,Dientes
8933,PAN SYNOFORM 14S SUPERIOR A3,Analogo
8933,PAN SYNOFORM 14S SUPERIOR A3,Posterior Superior
8933,PAN SYNOFORM 14S SUPERIOR A3,Consumible
8933,PAN SYNOFORM 14S SUPERIOR A3,Dientes
8936,PAN SYNOFORM 14S SUPERIOR A3.5,Analogo
8936,PAN SYNOFORM 14S SUPERIOR A3.5,Posterior Superior
8936,PAN SYNOFORM 14S SUPERIOR A3.5,Consumible
8936,PAN SYNOFORM 14S SUPERIOR A3.5,Dientes
8939,PAN SYNOFORM 14S SUPERIOR A4,Analogo
8939,PAN SYNOFORM 14S SUPERIOR A4,Posterior Superior
8939,PAN SYNOFORM 14S SUPERIOR A4,Consumible
8939,PAN SYNOFORM 14S SUPERIOR A4,Dientes
8942,PAN SYNOFORM 14S SUPERIOR C2,Analogo
8942,PAN SYNOFORM 14S SUPERIOR C2,Posterior Superior
8942,PAN SYNOFORM 14S SUPERIOR C2,Consumible
8942,PAN SYNOFORM 14S SUPERIOR C2,Dientes
72306,PAQUETERIA,Paqueteria
3767,PART CLEANING BRUSH - ND 5100,Digital
3767,PART CLEANING BRUSH - ND 5100,Impresoras 3d
3767,PART CLEANING BRUSH - ND 5100,Accesorio
3767,PART CLEANING BRUSH - ND 5100,Impresoras Dlp
80328,PASTA DE PULIDO. UNIVERSAL BEIGE 6X200G,Analogo
80328,PASTA DE PULIDO. UNIVERSAL BEIGE 6X200G,Consumible
80328,PASTA DE PULIDO. UNIVERSAL BEIGE 6X200G,Pulidores
3842,PASTA FLUX SPECIAL SOLDERING PASTE (JELE,Analogo
3842,PASTA FLUX SPECIAL SOLDERING PASTE (JELE,Insumos De Laboratorio
3842,PASTA FLUX SPECIAL SOLDERING PASTE (JELE,Consumible
103959,PASTA GRIGIA I,Analogo
103959,PASTA GRIGIA I,Pasta De Pulido
103959,PASTA GRIGIA I,Consumible
103962,PASTA GRIGIA II,Analogo
103962,PASTA GRIGIA II,Pasta De Pulido
103962,PASTA GRIGIA II,Consumible
103956,PASTA ROSSA 3G,Analogo
103956,PASTA ROSSA 3G,Pasta De Pulido
103956,PASTA ROSSA 3G,Consumible
3995,PASTEBRUSH 2 PZAS 2.4,Consumible
3995,PASTEBRUSH 2 PZAS 2.4,Analogo
3995,PASTEBRUSH 2 PZAS 2.4,Perforadora De Pines
99345,PC SYSTEM G,Digital
99345,PC SYSTEM G,Equipo De Computo
99345,PC SYSTEM G,Equipo
91919,PEDAL INTERRUPTOR NEUMATICO,Accesorio
91919,PEDAL INTERRUPTOR NEUMATICO,Analogo
306864,PERLAS DE SINTERIZADO PAQ DE 150G ZRO2,Analogo
306864,PERLAS DE SINTERIZADO PAQ DE 150G ZRO2,Consumible
306864,PERLAS DE SINTERIZADO PAQ DE 150G ZRO2,Hornos
306864,PERLAS DE SINTERIZADO PAQ DE 150G ZRO2,Hornos De Sinterizado
122259,PERNOS DE LATÓN,Refaccion
122259,PERNOS DE LATÓN,Analogo
210342,PH AQUA RESIN GRAY 8K 1 KG,Digital
210342,PH AQUA RESIN GRAY 8K 1 KG,Consumible
210342,PH AQUA RESIN GRAY 8K 1 KG,Resinas De Impresion
210364,PH AQUA RESIN VAINILLA 8K 1 KG,Digital
210364,PH AQUA RESIN VAINILLA 8K 1 KG,Consumible
210364,PH AQUA RESIN VAINILLA 8K 1 KG,Resinas De Impresion
206828,PH CINTA MARCO LCD PARA SM8K 7.1,Digital
206828,PH CINTA MARCO LCD PARA SM8K 7.1,Refaccion
206828,PH CINTA MARCO LCD PARA SM8K 7.1,Impresoras 3d
206828,PH CINTA MARCO LCD PARA SM8K 7.1,Impresoras Lcd
209437,PH CRISTAL PARA SM8K,Digital
209437,PH CRISTAL PARA SM8K,Refaccion
209437,PH CRISTAL PARA SM8K,Impresoras 3d
209524,PH FUENTE DE ALIMENTACIÓN PARA MINI 4K,Digital
209524,PH FUENTE DE ALIMENTACIÓN PARA MINI 4K,Refaccion
209524,PH FUENTE DE ALIMENTACIÓN PARA MINI 4K,Impresoras 3d
209283,PH FUENTE DE ALIMENTACION PARA TRANSFORMADOR SXL4K 2022,Digital
209283,PH FUENTE DE ALIMENTACION PARA TRANSFORMADOR SXL4K 2022,Refaccion
209283,PH FUENTE DE ALIMENTACION PARA TRANSFORMADOR SXL4K 2022,Impresoras 3d
213548,PH LCD PARA SONIC MINI 8K S,Digital
213548,PH LCD PARA SONIC MINI 8K S,Refaccion
213548,PH LCD PARA SONIC MINI 8K S,Impresoras 3d
213548,PH LCD PARA SONIC MINI 8K S,Impresoras Lcd
209233,PH MODULO DE PANEL TACTIL PARA MIGHTY 4K,Digital
209233,PH MODULO DE PANEL TACTIL PARA MIGHTY 4K,Refaccion
209233,PH MODULO DE PANEL TACTIL PARA MIGHTY 4K,Impresoras 3d
211155,PH MODULO LED PARA MIGHTY 8K,Digital
211155,PH MODULO LED PARA MIGHTY 8K,Refaccion
211155,PH MODULO LED PARA MIGHTY 8K,Impresoras 3d
211198,PH MODULO LED PARA SM8K,Digital
211198,PH MODULO LED PARA SM8K,Refaccion
211198,PH MODULO LED PARA SM8K,Impresoras 3d
211151,PH PANEL TACTIL PARA MIGHTY 8K,Digital
211151,PH PANEL TACTIL PARA MIGHTY 8K,Refaccion
211151,PH PANEL TACTIL PARA MIGHTY 8K,Impresoras 3d
209229,PH PANEL TACTIL PARA SM8K,Digital
209229,PH PANEL TACTIL PARA SM8K,Refaccion
209229,PH PANEL TACTIL PARA SM8K,Impresoras 3d
211245,PH PANEL TACTIL PARA SM8KS,Digital
211245,PH PANEL TACTIL PARA SM8KS,Refaccion
211245,PH PANEL TACTIL PARA SM8KS,Impresoras 3d
209225,PH PANEL TACTIL PARA SONIC MINI 4K,Digital
209225,PH PANEL TACTIL PARA SONIC MINI 4K,Refaccion
209225,PH PANEL TACTIL PARA SONIC MINI 4K,Impresoras 3d
211232,PH PLACA BASE PARA SM8KS,Digital
211232,PH PLACA BASE PARA SM8KS,Refaccion
211232,PH PLACA BASE PARA SM8KS,Impresoras 3d
210407,PH PLACA BASE PARA SONIC MIGHTY 8K,Digital
210407,PH PLACA BASE PARA SONIC MIGHTY 8K,Refaccion
210407,PH PLACA BASE PARA SONIC MIGHTY 8K,Impresoras 3d
210375,PH PLACA DE CONSTRUCCION PARA MIGHTY 8K,Digital
210375,PH PLACA DE CONSTRUCCION PARA MIGHTY 8K,Refaccion
210375,PH PLACA DE CONSTRUCCION PARA MIGHTY 8K,Impresoras 3d
210381,PH PLACA DE CONSTRUCCION PARA SM8K,Digital
210381,PH PLACA DE CONSTRUCCION PARA SM8K,Refaccion
210381,PH PLACA DE CONSTRUCCION PARA SM8K,Impresoras 3d
209589,PH RESINA MOLDEABLE DENTAL VERDE 500G,Digital
209589,PH RESINA MOLDEABLE DENTAL VERDE 500G,Consumible
209589,PH RESINA MOLDEABLE DENTAL VERDE 500G,Resinas De Impresion
206802,PH TAPA DE PLASTICO PARA MIGHTY 8K,Digital
206802,PH TAPA DE PLASTICO PARA MIGHTY 8K,Refaccion
206802,PH TAPA DE PLASTICO PARA MIGHTY 8K,Impresoras 3d
117518,PH TAPA DE PLASTICO PARA MINI 4K,Digital
117518,PH TAPA DE PLASTICO PARA MINI 4K,Refaccion
117518,PH TAPA DE PLASTICO PARA MINI 4K,Impresoras 3d
117518,PH TAPA DE PLASTICO PARA MINI 4K,Impresoras Lcd
206778,PH TAPA DE PLASTICO PARA MINI 8K,Digital
206778,PH TAPA DE PLASTICO PARA MINI 8K,Refaccion
206778,PH TAPA DE PLASTICO PARA MINI 8K,Impresoras 3d
210369,PH WATER WASHABLE RESIN GRAY,Digital
210369,PH WATER WASHABLE RESIN GRAY,Consumible
210369,PH WATER WASHABLE RESIN GRAY,Resinas De Impresion
92932,PHROZEN AQUA 4K RESIN GRAY 1KG,Digital
92932,PHROZEN AQUA 4K RESIN GRAY 1KG,Consumible
92932,PHROZEN AQUA 4K RESIN GRAY 1KG,Resinas De Impresion
210342,PHROZEN AQUA 8K RESIN GRAY 1KG,Digital
210342,PHROZEN AQUA 8K RESIN GRAY 1KG,Consumible
210342,PHROZEN AQUA 8K RESIN GRAY 1KG,Resinas De Impresion
294866,PHROZEN AQUA 8K RESIN SNOW GRAY 1KG,Digital
294866,PHROZEN AQUA 8K RESIN SNOW GRAY 1KG,Consumible
294866,PHROZEN AQUA 8K RESIN SNOW GRAY 1KG,Resinas De Impresion
5831,PHROZEN CURE POST CURING UV LAMP V2,Digital
5831,PHROZEN CURE POST CURING UV LAMP V2,Fotocurado
5831,PHROZEN CURE POST CURING UV LAMP V2,Equipo
294856,PHROZEN DENTAL SERIES RESIN SURGICAL GUIDE CLEAR 1KG,Digital
294856,PHROZEN DENTAL SERIES RESIN SURGICAL GUIDE CLEAR 1KG,Consumible
294856,PHROZEN DENTAL SERIES RESIN SURGICAL GUIDE CLEAR 1KG,Resinas De Impresion
294853,PHROZEN DENTAL SERIES RESIN TEMPORARY C&B A2 1KG,Digital
294853,PHROZEN DENTAL SERIES RESIN TEMPORARY C&B A2 1KG,Consumible
294853,PHROZEN DENTAL SERIES RESIN TEMPORARY C&B A2 1KG,Resinas De Impresion
294839,PHROZEN GINGIVA MASK RESIN 0.5KG,Digital
294839,PHROZEN GINGIVA MASK RESIN 0.5KG,Consumible
294839,PHROZEN GINGIVA MASK RESIN 0.5KG,Resinas De Impresion
294800,PHROZEN LUMI I DLP 3D PRINTER,Impresoras 3d
294800,PHROZEN LUMI I DLP 3D PRINTER,Equipo
294800,PHROZEN LUMI I DLP 3D PRINTER,Impresoras Dlp
294800,PHROZEN LUMI I DLP 3D PRINTER,Digital
294795,PHROZEN PUMP & FILL AUTOMATED RESIN FEEDER,Digital
294795,PHROZEN PUMP & FILL AUTOMATED RESIN FEEDER,Consumible
294795,PHROZEN PUMP & FILL AUTOMATED RESIN FEEDER,Resinas De Impresion
294803,PHROZEN SONIC MIGHTY 14K REVO DESKTOP 3D PRINTER,Equipo
294803,PHROZEN SONIC MIGHTY 14K REVO DESKTOP 3D PRINTER,Impresoras 3d
294803,PHROZEN SONIC MIGHTY 14K REVO DESKTOP 3D PRINTER,Impresoras Lcd
294803,PHROZEN SONIC MIGHTY 14K REVO DESKTOP 3D PRINTER,Digital
90282,PHROZEN SONIC MIGHTY IMPRESORA 3D DE RESINA LCD 4K,Digital
90282,PHROZEN SONIC MIGHTY IMPRESORA 3D DE RESINA LCD 4K,Impresoras 3d
90282,PHROZEN SONIC MIGHTY IMPRESORA 3D DE RESINA LCD 4K,Equipo
90282,PHROZEN SONIC MIGHTY IMPRESORA 3D DE RESINA LCD 4K,Impresoras Lcd
294862,PHROZEN TR250LV HIGH TEMP RESIN GRAY 1KG,Digital
294862,PHROZEN TR250LV HIGH TEMP RESIN GRAY 1KG,Consumible
294862,PHROZEN TR250LV HIGH TEMP RESIN GRAY 1KG,Resinas De Impresion
116749,PHROZEN WASH & CURE KIT,Digital
116749,PHROZEN WASH & CURE KIT,Fotocurado
116749,PHROZEN WASH & CURE KIT,Consumible
116749,PHROZEN WASH & CURE KIT,Impresoras 3d
294792,PHROZEN WASH+ POST PRINTING CLEANER,Digital
294792,PHROZEN WASH+ POST PRINTING CLEANER,Consumible
294792,PHROZEN WASH+ POST PRINTING CLEANER,Impresoras 3d
294850,PHROZEN WATER WASHABLE DENTAL MODEL RESIN BEIGE 1KG,Digital
294850,PHROZEN WATER WASHABLE DENTAL MODEL RESIN BEIGE 1KG,Consumible
294850,PHROZEN WATER WASHABLE DENTAL MODEL RESIN BEIGE 1KG,Resinas De Impresion
8945,PHYSIODENS 20E INFERIOR 1M1,Analogo
8945,PHYSIODENS 20E INFERIOR 1M1,Posterior Inferior
8945,PHYSIODENS 20E INFERIOR 1M1,Consumible
8945,PHYSIODENS 20E INFERIOR 1M1,Dientes
8948,PHYSIODENS 20E INFERIOR 1M2,Analogo
8948,PHYSIODENS 20E INFERIOR 1M2,Posterior Inferior
8948,PHYSIODENS 20E INFERIOR 1M2,Consumible
8948,PHYSIODENS 20E INFERIOR 1M2,Dientes
8951,PHYSIODENS 20E INFERIOR 2L1.5,Analogo
8951,PHYSIODENS 20E INFERIOR 2L1.5,Posterior Inferior
8951,PHYSIODENS 20E INFERIOR 2L1.5,Consumible
8951,PHYSIODENS 20E INFERIOR 2L1.5,Dientes
8954,PHYSIODENS 20E INFERIOR 2L2.5,Analogo
8954,PHYSIODENS 20E INFERIOR 2L2.5,Posterior Inferior
8954,PHYSIODENS 20E INFERIOR 2L2.5,Consumible
8954,PHYSIODENS 20E INFERIOR 2L2.5,Dientes
8957,PHYSIODENS 20E INFERIOR 2M1,Analogo
8957,PHYSIODENS 20E INFERIOR 2M1,Posterior Inferior
8957,PHYSIODENS 20E INFERIOR 2M1,Consumible
8957,PHYSIODENS 20E INFERIOR 2M1,Dientes
8960,PHYSIODENS 20E INFERIOR 2M2,Analogo
8960,PHYSIODENS 20E INFERIOR 2M2,Posterior Inferior
8960,PHYSIODENS 20E INFERIOR 2M2,Consumible
8960,PHYSIODENS 20E INFERIOR 2M2,Dientes
8963,PHYSIODENS 20E INFERIOR 2M3,Analogo
8963,PHYSIODENS 20E INFERIOR 2M3,Posterior Inferior
8963,PHYSIODENS 20E INFERIOR 2M3,Consumible
8963,PHYSIODENS 20E INFERIOR 2M3,Dientes
8966,PHYSIODENS 20E INFERIOR 2R1.5,Analogo
8966,PHYSIODENS 20E INFERIOR 2R1.5,Posterior Inferior
8966,PHYSIODENS 20E INFERIOR 2R1.5,Consumible
8966,PHYSIODENS 20E INFERIOR 2R1.5,Dientes
8969,PHYSIODENS 20E INFERIOR 2R2.5,Analogo
8969,PHYSIODENS 20E INFERIOR 2R2.5,Posterior Inferior
8969,PHYSIODENS 20E INFERIOR 2R2.5,Consumible
8969,PHYSIODENS 20E INFERIOR 2R2.5,Dientes
8972,PHYSIODENS 20E INFERIOR 3L1.5,Analogo
8972,PHYSIODENS 20E INFERIOR 3L1.5,Posterior Inferior
8972,PHYSIODENS 20E INFERIOR 3L1.5,Consumible
8972,PHYSIODENS 20E INFERIOR 3L1.5,Dientes
8975,PHYSIODENS 20E INFERIOR 3L2.5,Analogo
8975,PHYSIODENS 20E INFERIOR 3L2.5,Posterior Inferior
8975,PHYSIODENS 20E INFERIOR 3L2.5,Consumible
8975,PHYSIODENS 20E INFERIOR 3L2.5,Dientes
8978,PHYSIODENS 20E INFERIOR 3M1,Analogo
8978,PHYSIODENS 20E INFERIOR 3M1,Posterior Inferior
8978,PHYSIODENS 20E INFERIOR 3M1,Consumible
8978,PHYSIODENS 20E INFERIOR 3M1,Dientes
8981,PHYSIODENS 20E INFERIOR 3M2,Analogo
8981,PHYSIODENS 20E INFERIOR 3M2,Posterior Inferior
8981,PHYSIODENS 20E INFERIOR 3M2,Consumible
8981,PHYSIODENS 20E INFERIOR 3M2,Dientes
8984,PHYSIODENS 20E INFERIOR 3R1.5,Analogo
8984,PHYSIODENS 20E INFERIOR 3R1.5,Posterior Inferior
8984,PHYSIODENS 20E INFERIOR 3R1.5,Consumible
8984,PHYSIODENS 20E INFERIOR 3R1.5,Dientes
8987,PHYSIODENS 20E INFERIOR 3R2.5,Analogo
8987,PHYSIODENS 20E INFERIOR 3R2.5,Posterior Inferior
8987,PHYSIODENS 20E INFERIOR 3R2.5,Consumible
8987,PHYSIODENS 20E INFERIOR 3R2.5,Dientes
8990,PHYSIODENS 20E INFERIOR 4M2,Analogo
8990,PHYSIODENS 20E INFERIOR 4M2,Posterior Inferior
8990,PHYSIODENS 20E INFERIOR 4M2,Consumible
8990,PHYSIODENS 20E INFERIOR 4M2,Dientes
8993,PHYSIODENS 20E SUPERIOR 1M1,Analogo
8993,PHYSIODENS 20E SUPERIOR 1M1,Posterior Superior
8993,PHYSIODENS 20E SUPERIOR 1M1,Consumible
8993,PHYSIODENS 20E SUPERIOR 1M1,Dientes
8996,PHYSIODENS 20E SUPERIOR 1M2,Analogo
8996,PHYSIODENS 20E SUPERIOR 1M2,Posterior Superior
8996,PHYSIODENS 20E SUPERIOR 1M2,Consumible
8996,PHYSIODENS 20E SUPERIOR 1M2,Dientes
8999,PHYSIODENS 20E SUPERIOR 2L1.5,Analogo
8999,PHYSIODENS 20E SUPERIOR 2L1.5,Posterior Superior
8999,PHYSIODENS 20E SUPERIOR 2L1.5,Consumible
8999,PHYSIODENS 20E SUPERIOR 2L1.5,Dientes
9002,PHYSIODENS 20E SUPERIOR 2L2.5,Analogo
9002,PHYSIODENS 20E SUPERIOR 2L2.5,Posterior Superior
9002,PHYSIODENS 20E SUPERIOR 2L2.5,Consumible
9002,PHYSIODENS 20E SUPERIOR 2L2.5,Dientes
9005,PHYSIODENS 20E SUPERIOR 2M1,Analogo
9005,PHYSIODENS 20E SUPERIOR 2M1,Posterior Superior
9005,PHYSIODENS 20E SUPERIOR 2M1,Consumible
9005,PHYSIODENS 20E SUPERIOR 2M1,Dientes
9008,PHYSIODENS 20E SUPERIOR 2M2,Analogo
9008,PHYSIODENS 20E SUPERIOR 2M2,Posterior Superior
9008,PHYSIODENS 20E SUPERIOR 2M2,Consumible
9008,PHYSIODENS 20E SUPERIOR 2M2,Dientes
9011,PHYSIODENS 20E SUPERIOR 2M3,Analogo
9011,PHYSIODENS 20E SUPERIOR 2M3,Posterior Superior
9011,PHYSIODENS 20E SUPERIOR 2M3,Consumible
9011,PHYSIODENS 20E SUPERIOR 2M3,Dientes
9014,PHYSIODENS 20E SUPERIOR 2R1.5,Analogo
9014,PHYSIODENS 20E SUPERIOR 2R1.5,Posterior Superior
9014,PHYSIODENS 20E SUPERIOR 2R1.5,Consumible
9014,PHYSIODENS 20E SUPERIOR 2R1.5,Dientes
9017,PHYSIODENS 20E SUPERIOR 2R2.5,Analogo
9017,PHYSIODENS 20E SUPERIOR 2R2.5,Posterior Superior
9017,PHYSIODENS 20E SUPERIOR 2R2.5,Consumible
9017,PHYSIODENS 20E SUPERIOR 2R2.5,Dientes
9020,PHYSIODENS 20E SUPERIOR 3L1.5,Analogo
9020,PHYSIODENS 20E SUPERIOR 3L1.5,Posterior Superior
9020,PHYSIODENS 20E SUPERIOR 3L1.5,Consumible
9020,PHYSIODENS 20E SUPERIOR 3L1.5,Dientes
9023,PHYSIODENS 20E SUPERIOR 3L2.5,Analogo
9023,PHYSIODENS 20E SUPERIOR 3L2.5,Posterior Superior
9023,PHYSIODENS 20E SUPERIOR 3L2.5,Consumible
9023,PHYSIODENS 20E SUPERIOR 3L2.5,Dientes
9026,PHYSIODENS 20E SUPERIOR 3M1,Analogo
9026,PHYSIODENS 20E SUPERIOR 3M1,Posterior Superior
9026,PHYSIODENS 20E SUPERIOR 3M1,Consumible
9026,PHYSIODENS 20E SUPERIOR 3M1,Dientes
9029,PHYSIODENS 20E SUPERIOR 3M2,Analogo
9029,PHYSIODENS 20E SUPERIOR 3M2,Posterior Superior
9029,PHYSIODENS 20E SUPERIOR 3M2,Consumible
9029,PHYSIODENS 20E SUPERIOR 3M2,Dientes
9032,PHYSIODENS 20E SUPERIOR 3R1.5,Analogo
9032,PHYSIODENS 20E SUPERIOR 3R1.5,Posterior Superior
9032,PHYSIODENS 20E SUPERIOR 3R1.5,Consumible
9032,PHYSIODENS 20E SUPERIOR 3R1.5,Dientes
9035,PHYSIODENS 20E SUPERIOR 3R2.5,Analogo
9035,PHYSIODENS 20E SUPERIOR 3R2.5,Posterior Superior
9035,PHYSIODENS 20E SUPERIOR 3R2.5,Consumible
9035,PHYSIODENS 20E SUPERIOR 3R2.5,Dientes
9038,PHYSIODENS 20E SUPERIOR 4M2,Analogo
9038,PHYSIODENS 20E SUPERIOR 4M2,Posterior Superior
9038,PHYSIODENS 20E SUPERIOR 4M2,Consumible
9038,PHYSIODENS 20E SUPERIOR 4M2,Dientes
9041,PHYSIODENS 21E INFERIOR 0M3,Analogo
9041,PHYSIODENS 21E INFERIOR 0M3,Posterior Inferior
9041,PHYSIODENS 21E INFERIOR 0M3,Consumible
9041,PHYSIODENS 21E INFERIOR 0M3,Dientes
9044,PHYSIODENS 21E INFERIOR 1M1,Analogo
9044,PHYSIODENS 21E INFERIOR 1M1,Posterior Inferior
9044,PHYSIODENS 21E INFERIOR 1M1,Consumible
9044,PHYSIODENS 21E INFERIOR 1M1,Dientes
9047,PHYSIODENS 21E INFERIOR 1M2,Analogo
9047,PHYSIODENS 21E INFERIOR 1M2,Posterior Inferior
9047,PHYSIODENS 21E INFERIOR 1M2,Consumible
9047,PHYSIODENS 21E INFERIOR 1M2,Dientes
9050,PHYSIODENS 21E INFERIOR 2L1.5,Analogo
9050,PHYSIODENS 21E INFERIOR 2L1.5,Posterior Inferior
9050,PHYSIODENS 21E INFERIOR 2L1.5,Consumible
9050,PHYSIODENS 21E INFERIOR 2L1.5,Dientes
9053,PHYSIODENS 21E INFERIOR 2L2.5,Analogo
9053,PHYSIODENS 21E INFERIOR 2L2.5,Posterior Inferior
9053,PHYSIODENS 21E INFERIOR 2L2.5,Consumible
9053,PHYSIODENS 21E INFERIOR 2L2.5,Dientes
9056,PHYSIODENS 21E INFERIOR 2M1,Analogo
9056,PHYSIODENS 21E INFERIOR 2M1,Posterior Inferior
9056,PHYSIODENS 21E INFERIOR 2M1,Consumible
9056,PHYSIODENS 21E INFERIOR 2M1,Dientes
9059,PHYSIODENS 21E INFERIOR 2M2,Analogo
9059,PHYSIODENS 21E INFERIOR 2M2,Posterior Inferior
9059,PHYSIODENS 21E INFERIOR 2M2,Consumible
9059,PHYSIODENS 21E INFERIOR 2M2,Dientes
9062,PHYSIODENS 21E INFERIOR 2M3,Analogo
9062,PHYSIODENS 21E INFERIOR 2M3,Posterior Inferior
9062,PHYSIODENS 21E INFERIOR 2M3,Consumible
9062,PHYSIODENS 21E INFERIOR 2M3,Dientes
9065,PHYSIODENS 21E INFERIOR 2R1.5,Analogo
9065,PHYSIODENS 21E INFERIOR 2R1.5,Posterior Inferior
9065,PHYSIODENS 21E INFERIOR 2R1.5,Consumible
9065,PHYSIODENS 21E INFERIOR 2R1.5,Dientes
9068,PHYSIODENS 21E INFERIOR 2R2.5,Analogo
9068,PHYSIODENS 21E INFERIOR 2R2.5,Posterior Inferior
9068,PHYSIODENS 21E INFERIOR 2R2.5,Consumible
9068,PHYSIODENS 21E INFERIOR 2R2.5,Dientes
9071,PHYSIODENS 21E INFERIOR 3L1.5,Analogo
9071,PHYSIODENS 21E INFERIOR 3L1.5,Posterior Inferior
9071,PHYSIODENS 21E INFERIOR 3L1.5,Consumible
9071,PHYSIODENS 21E INFERIOR 3L1.5,Dientes
9074,PHYSIODENS 21E INFERIOR 3L2.5,Analogo
9074,PHYSIODENS 21E INFERIOR 3L2.5,Posterior Inferior
9074,PHYSIODENS 21E INFERIOR 3L2.5,Consumible
9074,PHYSIODENS 21E INFERIOR 3L2.5,Dientes
9077,PHYSIODENS 21E INFERIOR 3M1,Analogo
9077,PHYSIODENS 21E INFERIOR 3M1,Posterior Inferior
9077,PHYSIODENS 21E INFERIOR 3M1,Consumible
9077,PHYSIODENS 21E INFERIOR 3M1,Dientes
9080,PHYSIODENS 21E INFERIOR 3M2,Analogo
9080,PHYSIODENS 21E INFERIOR 3M2,Posterior Inferior
9080,PHYSIODENS 21E INFERIOR 3M2,Consumible
9080,PHYSIODENS 21E INFERIOR 3M2,Dientes
9083,PHYSIODENS 21E INFERIOR 3R1.5,Analogo
9083,PHYSIODENS 21E INFERIOR 3R1.5,Posterior Inferior
9083,PHYSIODENS 21E INFERIOR 3R1.5,Consumible
9083,PHYSIODENS 21E INFERIOR 3R1.5,Dientes
9086,PHYSIODENS 21E INFERIOR 3R2.5,Analogo
9086,PHYSIODENS 21E INFERIOR 3R2.5,Posterior Inferior
9086,PHYSIODENS 21E INFERIOR 3R2.5,Consumible
9086,PHYSIODENS 21E INFERIOR 3R2.5,Dientes
9089,PHYSIODENS 21E INFERIOR 4M2,Analogo
9089,PHYSIODENS 21E INFERIOR 4M2,Posterior Inferior
9089,PHYSIODENS 21E INFERIOR 4M2,Consumible
9089,PHYSIODENS 21E INFERIOR 4M2,Dientes
9092,PHYSIODENS 21E SUPERIOR 0M3,Analogo
9092,PHYSIODENS 21E SUPERIOR 0M3,Posterior Superior
9092,PHYSIODENS 21E SUPERIOR 0M3,Consumible
9092,PHYSIODENS 21E SUPERIOR 0M3,Dientes
9095,PHYSIODENS 21E SUPERIOR 1M1,Analogo
9095,PHYSIODENS 21E SUPERIOR 1M1,Posterior Superior
9095,PHYSIODENS 21E SUPERIOR 1M1,Consumible
9095,PHYSIODENS 21E SUPERIOR 1M1,Dientes
9098,PHYSIODENS 21E SUPERIOR 1M2,Analogo
9098,PHYSIODENS 21E SUPERIOR 1M2,Posterior Superior
9098,PHYSIODENS 21E SUPERIOR 1M2,Consumible
9098,PHYSIODENS 21E SUPERIOR 1M2,Dientes
9101,PHYSIODENS 21E SUPERIOR 2L1.5,Analogo
9101,PHYSIODENS 21E SUPERIOR 2L1.5,Posterior Superior
9101,PHYSIODENS 21E SUPERIOR 2L1.5,Consumible
9101,PHYSIODENS 21E SUPERIOR 2L1.5,Dientes
9104,PHYSIODENS 21E SUPERIOR 2L2.5,Analogo
9104,PHYSIODENS 21E SUPERIOR 2L2.5,Posterior Superior
9104,PHYSIODENS 21E SUPERIOR 2L2.5,Consumible
9104,PHYSIODENS 21E SUPERIOR 2L2.5,Dientes
9107,PHYSIODENS 21E SUPERIOR 2M1,Analogo
9107,PHYSIODENS 21E SUPERIOR 2M1,Posterior Superior
9107,PHYSIODENS 21E SUPERIOR 2M1,Consumible
9107,PHYSIODENS 21E SUPERIOR 2M1,Dientes
9110,PHYSIODENS 21E SUPERIOR 2M2,Analogo
9110,PHYSIODENS 21E SUPERIOR 2M2,Posterior Superior
9110,PHYSIODENS 21E SUPERIOR 2M2,Consumible
9110,PHYSIODENS 21E SUPERIOR 2M2,Dientes
9113,PHYSIODENS 21E SUPERIOR 2M3,Analogo
9113,PHYSIODENS 21E SUPERIOR 2M3,Posterior Superior
9113,PHYSIODENS 21E SUPERIOR 2M3,Consumible
9113,PHYSIODENS 21E SUPERIOR 2M3,Dientes
9116,PHYSIODENS 21E SUPERIOR 2R1.5,Analogo
9116,PHYSIODENS 21E SUPERIOR 2R1.5,Posterior Superior
9116,PHYSIODENS 21E SUPERIOR 2R1.5,Consumible
9116,PHYSIODENS 21E SUPERIOR 2R1.5,Dientes
9119,PHYSIODENS 21E SUPERIOR 2R2.5,Analogo
9119,PHYSIODENS 21E SUPERIOR 2R2.5,Posterior Superior
9119,PHYSIODENS 21E SUPERIOR 2R2.5,Consumible
9119,PHYSIODENS 21E SUPERIOR 2R2.5,Dientes
9122,PHYSIODENS 21E SUPERIOR 3L1.5,Analogo
9122,PHYSIODENS 21E SUPERIOR 3L1.5,Posterior Superior
9122,PHYSIODENS 21E SUPERIOR 3L1.5,Consumible
9122,PHYSIODENS 21E SUPERIOR 3L1.5,Dientes
9125,PHYSIODENS 21E SUPERIOR 3L2.5,Analogo
9125,PHYSIODENS 21E SUPERIOR 3L2.5,Posterior Superior
9125,PHYSIODENS 21E SUPERIOR 3L2.5,Consumible
9125,PHYSIODENS 21E SUPERIOR 3L2.5,Dientes
9128,PHYSIODENS 21E SUPERIOR 3M1,Analogo
9128,PHYSIODENS 21E SUPERIOR 3M1,Posterior Superior
9128,PHYSIODENS 21E SUPERIOR 3M1,Consumible
9128,PHYSIODENS 21E SUPERIOR 3M1,Dientes
9131,PHYSIODENS 21E SUPERIOR 3M2,Analogo
9131,PHYSIODENS 21E SUPERIOR 3M2,Posterior Superior
9131,PHYSIODENS 21E SUPERIOR 3M2,Consumible
9131,PHYSIODENS 21E SUPERIOR 3M2,Dientes
9134,PHYSIODENS 21E SUPERIOR 3R1.5,Analogo
9134,PHYSIODENS 21E SUPERIOR 3R1.5,Posterior Superior
9134,PHYSIODENS 21E SUPERIOR 3R1.5,Consumible
9134,PHYSIODENS 21E SUPERIOR 3R1.5,Dientes
9137,PHYSIODENS 21E SUPERIOR 3R2.5,Analogo
9137,PHYSIODENS 21E SUPERIOR 3R2.5,Posterior Superior
9137,PHYSIODENS 21E SUPERIOR 3R2.5,Consumible
9137,PHYSIODENS 21E SUPERIOR 3R2.5,Dientes
9140,PHYSIODENS 21E SUPERIOR 4M2,Analogo
9140,PHYSIODENS 21E SUPERIOR 4M2,Posterior Superior
9140,PHYSIODENS 21E SUPERIOR 4M2,Consumible
9140,PHYSIODENS 21E SUPERIOR 4M2,Dientes
9143,PHYSIODENS 22E INFERIOR 0M3,Analogo
9143,PHYSIODENS 22E INFERIOR 0M3,Posterior Inferior
9143,PHYSIODENS 22E INFERIOR 0M3,Consumible
9143,PHYSIODENS 22E INFERIOR 0M3,Dientes
9146,PHYSIODENS 22E INFERIOR 1M1,Analogo
9146,PHYSIODENS 22E INFERIOR 1M1,Posterior Inferior
9146,PHYSIODENS 22E INFERIOR 1M1,Consumible
9146,PHYSIODENS 22E INFERIOR 1M1,Dientes
9149,PHYSIODENS 22E INFERIOR 1M2,Analogo
9149,PHYSIODENS 22E INFERIOR 1M2,Posterior Inferior
9149,PHYSIODENS 22E INFERIOR 1M2,Consumible
9149,PHYSIODENS 22E INFERIOR 1M2,Dientes
9152,PHYSIODENS 22E INFERIOR 2L1.5,Analogo
9152,PHYSIODENS 22E INFERIOR 2L1.5,Posterior Inferior
9152,PHYSIODENS 22E INFERIOR 2L1.5,Consumible
9152,PHYSIODENS 22E INFERIOR 2L1.5,Dientes
9155,PHYSIODENS 22E INFERIOR 2L2.5,Analogo
9155,PHYSIODENS 22E INFERIOR 2L2.5,Posterior Inferior
9155,PHYSIODENS 22E INFERIOR 2L2.5,Consumible
9155,PHYSIODENS 22E INFERIOR 2L2.5,Dientes
9158,PHYSIODENS 22E INFERIOR 2M1,Analogo
9158,PHYSIODENS 22E INFERIOR 2M1,Posterior Inferior
9158,PHYSIODENS 22E INFERIOR 2M1,Consumible
9158,PHYSIODENS 22E INFERIOR 2M1,Dientes
9161,PHYSIODENS 22E INFERIOR 2M2,Analogo
9161,PHYSIODENS 22E INFERIOR 2M2,Posterior Inferior
9161,PHYSIODENS 22E INFERIOR 2M2,Consumible
9161,PHYSIODENS 22E INFERIOR 2M2,Dientes
9164,PHYSIODENS 22E INFERIOR 2M3,Analogo
9164,PHYSIODENS 22E INFERIOR 2M3,Posterior Inferior
9164,PHYSIODENS 22E INFERIOR 2M3,Consumible
9164,PHYSIODENS 22E INFERIOR 2M3,Dientes
9167,PHYSIODENS 22E INFERIOR 2R1.5,Analogo
9167,PHYSIODENS 22E INFERIOR 2R1.5,Posterior Inferior
9167,PHYSIODENS 22E INFERIOR 2R1.5,Consumible
9167,PHYSIODENS 22E INFERIOR 2R1.5,Dientes
9170,PHYSIODENS 22E INFERIOR 2R2.5,Analogo
9170,PHYSIODENS 22E INFERIOR 2R2.5,Posterior Inferior
9170,PHYSIODENS 22E INFERIOR 2R2.5,Consumible
9170,PHYSIODENS 22E INFERIOR 2R2.5,Dientes
9173,PHYSIODENS 22E INFERIOR 3L1.5,Analogo
9173,PHYSIODENS 22E INFERIOR 3L1.5,Posterior Inferior
9173,PHYSIODENS 22E INFERIOR 3L1.5,Consumible
9173,PHYSIODENS 22E INFERIOR 3L1.5,Dientes
9176,PHYSIODENS 22E INFERIOR 3L2.5,Analogo
9176,PHYSIODENS 22E INFERIOR 3L2.5,Posterior Inferior
9176,PHYSIODENS 22E INFERIOR 3L2.5,Consumible
9176,PHYSIODENS 22E INFERIOR 3L2.5,Dientes
9179,PHYSIODENS 22E INFERIOR 3M1,Analogo
9179,PHYSIODENS 22E INFERIOR 3M1,Posterior Inferior
9179,PHYSIODENS 22E INFERIOR 3M1,Consumible
9179,PHYSIODENS 22E INFERIOR 3M1,Dientes
9182,PHYSIODENS 22E INFERIOR 3M2,Analogo
9182,PHYSIODENS 22E INFERIOR 3M2,Posterior Inferior
9182,PHYSIODENS 22E INFERIOR 3M2,Consumible
9182,PHYSIODENS 22E INFERIOR 3M2,Dientes
9185,PHYSIODENS 22E INFERIOR 3R1.5,Analogo
9185,PHYSIODENS 22E INFERIOR 3R1.5,Posterior Inferior
9185,PHYSIODENS 22E INFERIOR 3R1.5,Consumible
9185,PHYSIODENS 22E INFERIOR 3R1.5,Dientes
9188,PHYSIODENS 22E INFERIOR 3R2.5,Analogo
9188,PHYSIODENS 22E INFERIOR 3R2.5,Posterior Inferior
9188,PHYSIODENS 22E INFERIOR 3R2.5,Consumible
9188,PHYSIODENS 22E INFERIOR 3R2.5,Dientes
9191,PHYSIODENS 22E INFERIOR 4M2,Analogo
9191,PHYSIODENS 22E INFERIOR 4M2,Posterior Inferior
9191,PHYSIODENS 22E INFERIOR 4M2,Consumible
9191,PHYSIODENS 22E INFERIOR 4M2,Dientes
9194,PHYSIODENS 22E SUPERIOR 0M3,Analogo
9194,PHYSIODENS 22E SUPERIOR 0M3,Posterior Superior
9194,PHYSIODENS 22E SUPERIOR 0M3,Consumible
9194,PHYSIODENS 22E SUPERIOR 0M3,Dientes
9197,PHYSIODENS 22E SUPERIOR 1M1,Analogo
9197,PHYSIODENS 22E SUPERIOR 1M1,Posterior Superior
9197,PHYSIODENS 22E SUPERIOR 1M1,Consumible
9197,PHYSIODENS 22E SUPERIOR 1M1,Dientes
9200,PHYSIODENS 22E SUPERIOR 1M2,Analogo
9200,PHYSIODENS 22E SUPERIOR 1M2,Posterior Superior
9200,PHYSIODENS 22E SUPERIOR 1M2,Consumible
9200,PHYSIODENS 22E SUPERIOR 1M2,Dientes
9203,PHYSIODENS 22E SUPERIOR 2L1.5,Analogo
9203,PHYSIODENS 22E SUPERIOR 2L1.5,Posterior Superior
9203,PHYSIODENS 22E SUPERIOR 2L1.5,Consumible
9203,PHYSIODENS 22E SUPERIOR 2L1.5,Dientes
9206,PHYSIODENS 22E SUPERIOR 2L2.5,Analogo
9206,PHYSIODENS 22E SUPERIOR 2L2.5,Posterior Superior
9206,PHYSIODENS 22E SUPERIOR 2L2.5,Consumible
9206,PHYSIODENS 22E SUPERIOR 2L2.5,Dientes
9209,PHYSIODENS 22E SUPERIOR 2M1,Analogo
9209,PHYSIODENS 22E SUPERIOR 2M1,Posterior Superior
9209,PHYSIODENS 22E SUPERIOR 2M1,Consumible
9209,PHYSIODENS 22E SUPERIOR 2M1,Dientes
9212,PHYSIODENS 22E SUPERIOR 2M2,Analogo
9212,PHYSIODENS 22E SUPERIOR 2M2,Posterior Superior
9212,PHYSIODENS 22E SUPERIOR 2M2,Consumible
9212,PHYSIODENS 22E SUPERIOR 2M2,Dientes
9215,PHYSIODENS 22E SUPERIOR 2M3,Analogo
9215,PHYSIODENS 22E SUPERIOR 2M3,Posterior Superior
9215,PHYSIODENS 22E SUPERIOR 2M3,Consumible
9215,PHYSIODENS 22E SUPERIOR 2M3,Dientes
9218,PHYSIODENS 22E SUPERIOR 2R1.5,Analogo
9218,PHYSIODENS 22E SUPERIOR 2R1.5,Posterior Superior
9218,PHYSIODENS 22E SUPERIOR 2R1.5,Consumible
9218,PHYSIODENS 22E SUPERIOR 2R1.5,Dientes
9221,PHYSIODENS 22E SUPERIOR 2R2.5,Analogo
9221,PHYSIODENS 22E SUPERIOR 2R2.5,Posterior Superior
9221,PHYSIODENS 22E SUPERIOR 2R2.5,Consumible
9221,PHYSIODENS 22E SUPERIOR 2R2.5,Dientes
9224,PHYSIODENS 22E SUPERIOR 3L1.5,Analogo
9224,PHYSIODENS 22E SUPERIOR 3L1.5,Posterior Superior
9224,PHYSIODENS 22E SUPERIOR 3L1.5,Consumible
9224,PHYSIODENS 22E SUPERIOR 3L1.5,Dientes
9227,PHYSIODENS 22E SUPERIOR 3L2.5,Analogo
9227,PHYSIODENS 22E SUPERIOR 3L2.5,Posterior Superior
9227,PHYSIODENS 22E SUPERIOR 3L2.5,Consumible
9227,PHYSIODENS 22E SUPERIOR 3L2.5,Dientes
9230,PHYSIODENS 22E SUPERIOR 3M1,Analogo
9230,PHYSIODENS 22E SUPERIOR 3M1,Posterior Superior
9230,PHYSIODENS 22E SUPERIOR 3M1,Consumible
9230,PHYSIODENS 22E SUPERIOR 3M1,Dientes
9233,PHYSIODENS 22E SUPERIOR 3M2,Analogo
9233,PHYSIODENS 22E SUPERIOR 3M2,Posterior Superior
9233,PHYSIODENS 22E SUPERIOR 3M2,Consumible
9233,PHYSIODENS 22E SUPERIOR 3M2,Dientes
9236,PHYSIODENS 22E SUPERIOR 3R1.5,Analogo
9236,PHYSIODENS 22E SUPERIOR 3R1.5,Posterior Superior
9236,PHYSIODENS 22E SUPERIOR 3R1.5,Consumible
9236,PHYSIODENS 22E SUPERIOR 3R1.5,Dientes
9239,PHYSIODENS 22E SUPERIOR 3R2.5,Analogo
9239,PHYSIODENS 22E SUPERIOR 3R2.5,Posterior Superior
9239,PHYSIODENS 22E SUPERIOR 3R2.5,Consumible
9239,PHYSIODENS 22E SUPERIOR 3R2.5,Dientes
9242,PHYSIODENS 22E SUPERIOR 4M2,Analogo
9242,PHYSIODENS 22E SUPERIOR 4M2,Posterior Superior
9242,PHYSIODENS 22E SUPERIOR 4M2,Consumible
9242,PHYSIODENS 22E SUPERIOR 4M2,Dientes
9245,PHYSIODENS 23E INFERIOR 0M3,Analogo
9245,PHYSIODENS 23E INFERIOR 0M3,Posterior Inferior
9245,PHYSIODENS 23E INFERIOR 0M3,Consumible
9245,PHYSIODENS 23E INFERIOR 0M3,Dientes
9248,PHYSIODENS 23E INFERIOR 1M1,Analogo
9248,PHYSIODENS 23E INFERIOR 1M1,Posterior Inferior
9248,PHYSIODENS 23E INFERIOR 1M1,Consumible
9248,PHYSIODENS 23E INFERIOR 1M1,Dientes
9251,PHYSIODENS 23E INFERIOR 1M2,Analogo
9251,PHYSIODENS 23E INFERIOR 1M2,Posterior Superior
9251,PHYSIODENS 23E INFERIOR 1M2,Consumible
9251,PHYSIODENS 23E INFERIOR 1M2,Dientes
9254,PHYSIODENS 23E INFERIOR 2L1.5,Analogo
9254,PHYSIODENS 23E INFERIOR 2L1.5,Posterior Inferior
9254,PHYSIODENS 23E INFERIOR 2L1.5,Consumible
9254,PHYSIODENS 23E INFERIOR 2L1.5,Dientes
9257,PHYSIODENS 23E INFERIOR 2L2.5,Analogo
9257,PHYSIODENS 23E INFERIOR 2L2.5,Posterior Inferior
9257,PHYSIODENS 23E INFERIOR 2L2.5,Consumible
9257,PHYSIODENS 23E INFERIOR 2L2.5,Dientes
9260,PHYSIODENS 23E INFERIOR 2M1,Analogo
9260,PHYSIODENS 23E INFERIOR 2M1,Posterior Inferior
9260,PHYSIODENS 23E INFERIOR 2M1,Consumible
9260,PHYSIODENS 23E INFERIOR 2M1,Dientes
9263,PHYSIODENS 23E INFERIOR 2M2,Analogo
9263,PHYSIODENS 23E INFERIOR 2M2,Posterior Inferior
9263,PHYSIODENS 23E INFERIOR 2M2,Consumible
9263,PHYSIODENS 23E INFERIOR 2M2,Dientes
9266,PHYSIODENS 23E INFERIOR 2M3,Analogo
9266,PHYSIODENS 23E INFERIOR 2M3,Posterior Inferior
9266,PHYSIODENS 23E INFERIOR 2M3,Consumible
9266,PHYSIODENS 23E INFERIOR 2M3,Dientes
9269,PHYSIODENS 23E INFERIOR 2R1.5,Analogo
9269,PHYSIODENS 23E INFERIOR 2R1.5,Posterior Inferior
9269,PHYSIODENS 23E INFERIOR 2R1.5,Consumible
9269,PHYSIODENS 23E INFERIOR 2R1.5,Dientes
9272,PHYSIODENS 23E INFERIOR 2R2.5,Analogo
9272,PHYSIODENS 23E INFERIOR 2R2.5,Posterior Inferior
9272,PHYSIODENS 23E INFERIOR 2R2.5,Consumible
9272,PHYSIODENS 23E INFERIOR 2R2.5,Dientes
9275,PHYSIODENS 23E INFERIOR 3L1.5,Analogo
9275,PHYSIODENS 23E INFERIOR 3L1.5,Posterior Inferior
9275,PHYSIODENS 23E INFERIOR 3L1.5,Consumible
9275,PHYSIODENS 23E INFERIOR 3L1.5,Dientes
9278,PHYSIODENS 23E INFERIOR 3L2.5,Analogo
9278,PHYSIODENS 23E INFERIOR 3L2.5,Posterior Inferior
9278,PHYSIODENS 23E INFERIOR 3L2.5,Consumible
9278,PHYSIODENS 23E INFERIOR 3L2.5,Dientes
9281,PHYSIODENS 23E INFERIOR 3M1,Analogo
9281,PHYSIODENS 23E INFERIOR 3M1,Posterior Inferior
9281,PHYSIODENS 23E INFERIOR 3M1,Consumible
9281,PHYSIODENS 23E INFERIOR 3M1,Dientes
9284,PHYSIODENS 23E INFERIOR 3M2,Analogo
9284,PHYSIODENS 23E INFERIOR 3M2,Posterior Inferior
9284,PHYSIODENS 23E INFERIOR 3M2,Consumible
9284,PHYSIODENS 23E INFERIOR 3M2,Dientes
9287,PHYSIODENS 23E INFERIOR 3R1.5,Analogo
9287,PHYSIODENS 23E INFERIOR 3R1.5,Posterior Inferior
9287,PHYSIODENS 23E INFERIOR 3R1.5,Consumible
9287,PHYSIODENS 23E INFERIOR 3R1.5,Dientes
9290,PHYSIODENS 23E INFERIOR 3R2.5,Analogo
9290,PHYSIODENS 23E INFERIOR 3R2.5,Posterior Inferior
9290,PHYSIODENS 23E INFERIOR 3R2.5,Consumible
9290,PHYSIODENS 23E INFERIOR 3R2.5,Dientes
9293,PHYSIODENS 23E INFERIOR 4M2,Analogo
9293,PHYSIODENS 23E INFERIOR 4M2,Posterior Inferior
9293,PHYSIODENS 23E INFERIOR 4M2,Consumible
9293,PHYSIODENS 23E INFERIOR 4M2,Dientes
9296,PHYSIODENS 23E SUPERIOR 0M3,Analogo
9296,PHYSIODENS 23E SUPERIOR 0M3,Posterior Superior
9296,PHYSIODENS 23E SUPERIOR 0M3,Consumible
9296,PHYSIODENS 23E SUPERIOR 0M3,Dientes
9299,PHYSIODENS 23E SUPERIOR 1M1,Analogo
9299,PHYSIODENS 23E SUPERIOR 1M1,Posterior Superior
9299,PHYSIODENS 23E SUPERIOR 1M1,Consumible
9299,PHYSIODENS 23E SUPERIOR 1M1,Dientes
9302,PHYSIODENS 23E SUPERIOR 1M2,Analogo
9302,PHYSIODENS 23E SUPERIOR 1M2,Posterior Superior
9302,PHYSIODENS 23E SUPERIOR 1M2,Consumible
9302,PHYSIODENS 23E SUPERIOR 1M2,Dientes
9305,PHYSIODENS 23E SUPERIOR 2L1.5,Analogo
9305,PHYSIODENS 23E SUPERIOR 2L1.5,Posterior Superior
9305,PHYSIODENS 23E SUPERIOR 2L1.5,Consumible
9305,PHYSIODENS 23E SUPERIOR 2L1.5,Dientes
9308,PHYSIODENS 23E SUPERIOR 2L2.5,Analogo
9308,PHYSIODENS 23E SUPERIOR 2L2.5,Posterior Superior
9308,PHYSIODENS 23E SUPERIOR 2L2.5,Consumible
9308,PHYSIODENS 23E SUPERIOR 2L2.5,Dientes
9311,PHYSIODENS 23E SUPERIOR 2M1,Analogo
9311,PHYSIODENS 23E SUPERIOR 2M1,Posterior Superior
9311,PHYSIODENS 23E SUPERIOR 2M1,Consumible
9311,PHYSIODENS 23E SUPERIOR 2M1,Dientes
9314,PHYSIODENS 23E SUPERIOR 2M2,Analogo
9314,PHYSIODENS 23E SUPERIOR 2M2,Posterior Superior
9314,PHYSIODENS 23E SUPERIOR 2M2,Consumible
9314,PHYSIODENS 23E SUPERIOR 2M2,Dientes
9317,PHYSIODENS 23E SUPERIOR 2M3,Analogo
9317,PHYSIODENS 23E SUPERIOR 2M3,Posterior Superior
9317,PHYSIODENS 23E SUPERIOR 2M3,Consumible
9317,PHYSIODENS 23E SUPERIOR 2M3,Dientes
9320,PHYSIODENS 23E SUPERIOR 2R1.5,Analogo
9320,PHYSIODENS 23E SUPERIOR 2R1.5,Posterior Superior
9320,PHYSIODENS 23E SUPERIOR 2R1.5,Consumible
9320,PHYSIODENS 23E SUPERIOR 2R1.5,Dientes
9323,PHYSIODENS 23E SUPERIOR 2R2.5,Analogo
9323,PHYSIODENS 23E SUPERIOR 2R2.5,Posterior Superior
9323,PHYSIODENS 23E SUPERIOR 2R2.5,Consumible
9323,PHYSIODENS 23E SUPERIOR 2R2.5,Dientes
9326,PHYSIODENS 23E SUPERIOR 3L1.5,Analogo
9326,PHYSIODENS 23E SUPERIOR 3L1.5,Posterior Superior
9326,PHYSIODENS 23E SUPERIOR 3L1.5,Consumible
9326,PHYSIODENS 23E SUPERIOR 3L1.5,Dientes
9329,PHYSIODENS 23E SUPERIOR 3L2.5,Analogo
9329,PHYSIODENS 23E SUPERIOR 3L2.5,Posterior Superior
9329,PHYSIODENS 23E SUPERIOR 3L2.5,Consumible
9329,PHYSIODENS 23E SUPERIOR 3L2.5,Dientes
9332,PHYSIODENS 23E SUPERIOR 3M1,Analogo
9332,PHYSIODENS 23E SUPERIOR 3M1,Posterior Superior
9332,PHYSIODENS 23E SUPERIOR 3M1,Consumible
9332,PHYSIODENS 23E SUPERIOR 3M1,Dientes
9335,PHYSIODENS 23E SUPERIOR 3M2,Analogo
9335,PHYSIODENS 23E SUPERIOR 3M2,Posterior Superior
9335,PHYSIODENS 23E SUPERIOR 3M2,Consumible
9335,PHYSIODENS 23E SUPERIOR 3M2,Dientes
9338,PHYSIODENS 23E SUPERIOR 3R1.5,Analogo
9338,PHYSIODENS 23E SUPERIOR 3R1.5,Posterior Superior
9338,PHYSIODENS 23E SUPERIOR 3R1.5,Consumible
9338,PHYSIODENS 23E SUPERIOR 3R1.5,Dientes
9341,PHYSIODENS 23E SUPERIOR 3R2.5,Analogo
9341,PHYSIODENS 23E SUPERIOR 3R2.5,Posterior Superior
9341,PHYSIODENS 23E SUPERIOR 3R2.5,Consumible
9341,PHYSIODENS 23E SUPERIOR 3R2.5,Dientes
9344,PHYSIODENS 23E SUPERIOR 4M2,Analogo
9344,PHYSIODENS 23E SUPERIOR 4M2,Posterior Superior
9344,PHYSIODENS 23E SUPERIOR 4M2,Consumible
9344,PHYSIODENS 23E SUPERIOR 4M2,Dientes
9347,PHYSIODENS 24E INFERIOR 0M3,Analogo
9347,PHYSIODENS 24E INFERIOR 0M3,Posterior Inferior
9347,PHYSIODENS 24E INFERIOR 0M3,Consumible
9347,PHYSIODENS 24E INFERIOR 0M3,Dientes
9350,PHYSIODENS 24E INFERIOR 1M1,Analogo
9350,PHYSIODENS 24E INFERIOR 1M1,Posterior Inferior
9350,PHYSIODENS 24E INFERIOR 1M1,Consumible
9350,PHYSIODENS 24E INFERIOR 1M1,Dientes
9353,PHYSIODENS 24E INFERIOR 1M2,Analogo
9353,PHYSIODENS 24E INFERIOR 1M2,Posterior Inferior
9353,PHYSIODENS 24E INFERIOR 1M2,Consumible
9353,PHYSIODENS 24E INFERIOR 1M2,Dientes
9356,PHYSIODENS 24E INFERIOR 2L1.5,Analogo
9356,PHYSIODENS 24E INFERIOR 2L1.5,Posterior Inferior
9356,PHYSIODENS 24E INFERIOR 2L1.5,Consumible
9356,PHYSIODENS 24E INFERIOR 2L1.5,Dientes
9359,PHYSIODENS 24E INFERIOR 2L2.5,Analogo
9359,PHYSIODENS 24E INFERIOR 2L2.5,Posterior Inferior
9359,PHYSIODENS 24E INFERIOR 2L2.5,Consumible
9359,PHYSIODENS 24E INFERIOR 2L2.5,Dientes
9362,PHYSIODENS 24E INFERIOR 2M1,Analogo
9362,PHYSIODENS 24E INFERIOR 2M1,Posterior Inferior
9362,PHYSIODENS 24E INFERIOR 2M1,Consumible
9362,PHYSIODENS 24E INFERIOR 2M1,Dientes
9365,PHYSIODENS 24E INFERIOR 2M2,Analogo
9365,PHYSIODENS 24E INFERIOR 2M2,Posterior Inferior
9365,PHYSIODENS 24E INFERIOR 2M2,Consumible
9365,PHYSIODENS 24E INFERIOR 2M2,Dientes
9368,PHYSIODENS 24E INFERIOR 2M3,Analogo
9368,PHYSIODENS 24E INFERIOR 2M3,Posterior Inferior
9368,PHYSIODENS 24E INFERIOR 2M3,Consumible
9368,PHYSIODENS 24E INFERIOR 2M3,Dientes
9371,PHYSIODENS 24E INFERIOR 2R1.5,Analogo
9371,PHYSIODENS 24E INFERIOR 2R1.5,Posterior Inferior
9371,PHYSIODENS 24E INFERIOR 2R1.5,Consumible
9371,PHYSIODENS 24E INFERIOR 2R1.5,Dientes
9374,PHYSIODENS 24E INFERIOR 2R2.5,Analogo
9374,PHYSIODENS 24E INFERIOR 2R2.5,Posterior Inferior
9374,PHYSIODENS 24E INFERIOR 2R2.5,Consumible
9374,PHYSIODENS 24E INFERIOR 2R2.5,Dientes
9377,PHYSIODENS 24E INFERIOR 3L1.5,Analogo
9377,PHYSIODENS 24E INFERIOR 3L1.5,Posterior Inferior
9377,PHYSIODENS 24E INFERIOR 3L1.5,Consumible
9377,PHYSIODENS 24E INFERIOR 3L1.5,Dientes
9380,PHYSIODENS 24E INFERIOR 3L2.5,Analogo
9380,PHYSIODENS 24E INFERIOR 3L2.5,Posterior Inferior
9380,PHYSIODENS 24E INFERIOR 3L2.5,Consumible
9380,PHYSIODENS 24E INFERIOR 3L2.5,Dientes
9383,PHYSIODENS 24E INFERIOR 3M1,Analogo
9383,PHYSIODENS 24E INFERIOR 3M1,Posterior Inferior
9383,PHYSIODENS 24E INFERIOR 3M1,Consumible
9383,PHYSIODENS 24E INFERIOR 3M1,Dientes
9386,PHYSIODENS 24E INFERIOR 3M2,Analogo
9386,PHYSIODENS 24E INFERIOR 3M2,Posterior Inferior
9386,PHYSIODENS 24E INFERIOR 3M2,Consumible
9386,PHYSIODENS 24E INFERIOR 3M2,Dientes
9389,PHYSIODENS 24E INFERIOR 3R1.5,Analogo
9389,PHYSIODENS 24E INFERIOR 3R1.5,Posterior Inferior
9389,PHYSIODENS 24E INFERIOR 3R1.5,Consumible
9389,PHYSIODENS 24E INFERIOR 3R1.5,Dientes
9392,PHYSIODENS 24E INFERIOR 3R2.5,Analogo
9392,PHYSIODENS 24E INFERIOR 3R2.5,Posterior Inferior
9392,PHYSIODENS 24E INFERIOR 3R2.5,Consumible
9392,PHYSIODENS 24E INFERIOR 3R2.5,Dientes
9395,PHYSIODENS 24E INFERIOR 4M2,Analogo
9395,PHYSIODENS 24E INFERIOR 4M2,Posterior Inferior
9395,PHYSIODENS 24E INFERIOR 4M2,Consumible
9395,PHYSIODENS 24E INFERIOR 4M2,Dientes
9398,PHYSIODENS 24E SUPERIOR 0M3,Analogo
9398,PHYSIODENS 24E SUPERIOR 0M3,Posterior Superior
9398,PHYSIODENS 24E SUPERIOR 0M3,Consumible
9398,PHYSIODENS 24E SUPERIOR 0M3,Dientes
9401,PHYSIODENS 24E SUPERIOR 1M1,Analogo
9401,PHYSIODENS 24E SUPERIOR 1M1,Posterior Superior
9401,PHYSIODENS 24E SUPERIOR 1M1,Consumible
9401,PHYSIODENS 24E SUPERIOR 1M1,Dientes
9404,PHYSIODENS 24E SUPERIOR 1M2,Analogo
9404,PHYSIODENS 24E SUPERIOR 1M2,Posterior Superior
9404,PHYSIODENS 24E SUPERIOR 1M2,Consumible
9404,PHYSIODENS 24E SUPERIOR 1M2,Dientes
9407,PHYSIODENS 24E SUPERIOR 2L1.5,Analogo
9407,PHYSIODENS 24E SUPERIOR 2L1.5,Posterior Superior
9407,PHYSIODENS 24E SUPERIOR 2L1.5,Consumible
9407,PHYSIODENS 24E SUPERIOR 2L1.5,Dientes
9410,PHYSIODENS 24E SUPERIOR 2L2.5,Analogo
9410,PHYSIODENS 24E SUPERIOR 2L2.5,Posterior Superior
9410,PHYSIODENS 24E SUPERIOR 2L2.5,Consumible
9410,PHYSIODENS 24E SUPERIOR 2L2.5,Dientes
9413,PHYSIODENS 24E SUPERIOR 2M1,Analogo
9413,PHYSIODENS 24E SUPERIOR 2M1,Posterior Superior
9413,PHYSIODENS 24E SUPERIOR 2M1,Consumible
9413,PHYSIODENS 24E SUPERIOR 2M1,Dientes
9416,PHYSIODENS 24E SUPERIOR 2M2,Analogo
9416,PHYSIODENS 24E SUPERIOR 2M2,Posterior Superior
9416,PHYSIODENS 24E SUPERIOR 2M2,Consumible
9416,PHYSIODENS 24E SUPERIOR 2M2,Dientes
9419,PHYSIODENS 24E SUPERIOR 2M3,Analogo
9419,PHYSIODENS 24E SUPERIOR 2M3,Posterior Superior
9419,PHYSIODENS 24E SUPERIOR 2M3,Consumible
9419,PHYSIODENS 24E SUPERIOR 2M3,Dientes
9422,PHYSIODENS 24E SUPERIOR 2R1.5,Analogo
9422,PHYSIODENS 24E SUPERIOR 2R1.5,Posterior Superior
9422,PHYSIODENS 24E SUPERIOR 2R1.5,Consumible
9422,PHYSIODENS 24E SUPERIOR 2R1.5,Dientes
9425,PHYSIODENS 24E SUPERIOR 2R2.5,Analogo
9425,PHYSIODENS 24E SUPERIOR 2R2.5,Posterior Superior
9425,PHYSIODENS 24E SUPERIOR 2R2.5,Consumible
9425,PHYSIODENS 24E SUPERIOR 2R2.5,Dientes
9428,PHYSIODENS 24E SUPERIOR 3L1.5,Analogo
9428,PHYSIODENS 24E SUPERIOR 3L1.5,Posterior Superior
9428,PHYSIODENS 24E SUPERIOR 3L1.5,Consumible
9428,PHYSIODENS 24E SUPERIOR 3L1.5,Dientes
9431,PHYSIODENS 24E SUPERIOR 3L2.5,Analogo
9431,PHYSIODENS 24E SUPERIOR 3L2.5,Posterior Superior
9431,PHYSIODENS 24E SUPERIOR 3L2.5,Consumible
9431,PHYSIODENS 24E SUPERIOR 3L2.5,Dientes
9434,PHYSIODENS 24E SUPERIOR 3M1,Analogo
9434,PHYSIODENS 24E SUPERIOR 3M1,Posterior Superior
9434,PHYSIODENS 24E SUPERIOR 3M1,Consumible
9434,PHYSIODENS 24E SUPERIOR 3M1,Dientes
9437,PHYSIODENS 24E SUPERIOR 3M2,Analogo
9437,PHYSIODENS 24E SUPERIOR 3M2,Posterior Superior
9437,PHYSIODENS 24E SUPERIOR 3M2,Consumible
9437,PHYSIODENS 24E SUPERIOR 3M2,Dientes
9440,PHYSIODENS 24E SUPERIOR 3R1.5,Analogo
9440,PHYSIODENS 24E SUPERIOR 3R1.5,Posterior Superior
9440,PHYSIODENS 24E SUPERIOR 3R1.5,Consumible
9440,PHYSIODENS 24E SUPERIOR 3R1.5,Dientes
9443,PHYSIODENS 24E SUPERIOR 3R2.5,Analogo
9443,PHYSIODENS 24E SUPERIOR 3R2.5,Posterior Superior
9443,PHYSIODENS 24E SUPERIOR 3R2.5,Consumible
9443,PHYSIODENS 24E SUPERIOR 3R2.5,Dientes
9446,PHYSIODENS 24E SUPERIOR 4M2,Analogo
9446,PHYSIODENS 24E SUPERIOR 4M2,Posterior Superior
9446,PHYSIODENS 24E SUPERIOR 4M2,Consumible
9446,PHYSIODENS 24E SUPERIOR 4M2,Dientes
9449,PHYSIODENS 25E INFERIOR 1M1,Analogo
9449,PHYSIODENS 25E INFERIOR 1M1,Posterior Inferior
9449,PHYSIODENS 25E INFERIOR 1M1,Consumible
9449,PHYSIODENS 25E INFERIOR 1M1,Dientes
9452,PHYSIODENS 25E INFERIOR 1M2,Analogo
9452,PHYSIODENS 25E INFERIOR 1M2,Posterior Inferior
9452,PHYSIODENS 25E INFERIOR 1M2,Consumible
9452,PHYSIODENS 25E INFERIOR 1M2,Dientes
9455,PHYSIODENS 25E INFERIOR 2L1.5,Analogo
9455,PHYSIODENS 25E INFERIOR 2L1.5,Posterior Inferior
9455,PHYSIODENS 25E INFERIOR 2L1.5,Consumible
9455,PHYSIODENS 25E INFERIOR 2L1.5,Dientes
9458,PHYSIODENS 25E INFERIOR 2L2.5,Analogo
9458,PHYSIODENS 25E INFERIOR 2L2.5,Posterior Inferior
9458,PHYSIODENS 25E INFERIOR 2L2.5,Consumible
9458,PHYSIODENS 25E INFERIOR 2L2.5,Dientes
9461,PHYSIODENS 25E INFERIOR 2M1,Analogo
9461,PHYSIODENS 25E INFERIOR 2M1,Posterior Inferior
9461,PHYSIODENS 25E INFERIOR 2M1,Consumible
9461,PHYSIODENS 25E INFERIOR 2M1,Dientes
9464,PHYSIODENS 25E INFERIOR 2M2,Analogo
9464,PHYSIODENS 25E INFERIOR 2M2,Posterior Inferior
9464,PHYSIODENS 25E INFERIOR 2M2,Consumible
9464,PHYSIODENS 25E INFERIOR 2M2,Dientes
9467,PHYSIODENS 25E INFERIOR 2M3,Analogo
9467,PHYSIODENS 25E INFERIOR 2M3,Posterior Inferior
9467,PHYSIODENS 25E INFERIOR 2M3,Consumible
9467,PHYSIODENS 25E INFERIOR 2M3,Dientes
9470,PHYSIODENS 25E INFERIOR 2R1.5,Analogo
9470,PHYSIODENS 25E INFERIOR 2R1.5,Posterior Inferior
9470,PHYSIODENS 25E INFERIOR 2R1.5,Consumible
9470,PHYSIODENS 25E INFERIOR 2R1.5,Dientes
9473,PHYSIODENS 25E INFERIOR 2R2.5,Analogo
9473,PHYSIODENS 25E INFERIOR 2R2.5,Posterior Inferior
9473,PHYSIODENS 25E INFERIOR 2R2.5,Consumible
9473,PHYSIODENS 25E INFERIOR 2R2.5,Dientes
9476,PHYSIODENS 25E INFERIOR 3L1.5,Analogo
9476,PHYSIODENS 25E INFERIOR 3L1.5,Posterior Inferior
9476,PHYSIODENS 25E INFERIOR 3L1.5,Consumible
9476,PHYSIODENS 25E INFERIOR 3L1.5,Dientes
9479,PHYSIODENS 25E INFERIOR 3L2.5,Analogo
9479,PHYSIODENS 25E INFERIOR 3L2.5,Posterior Inferior
9479,PHYSIODENS 25E INFERIOR 3L2.5,Consumible
9479,PHYSIODENS 25E INFERIOR 3L2.5,Dientes
9482,PHYSIODENS 25E INFERIOR 3M1,Analogo
9482,PHYSIODENS 25E INFERIOR 3M1,Posterior Inferior
9482,PHYSIODENS 25E INFERIOR 3M1,Consumible
9482,PHYSIODENS 25E INFERIOR 3M1,Dientes
9485,PHYSIODENS 25E INFERIOR 3M2,Analogo
9485,PHYSIODENS 25E INFERIOR 3M2,Posterior Inferior
9485,PHYSIODENS 25E INFERIOR 3M2,Consumible
9485,PHYSIODENS 25E INFERIOR 3M2,Dientes
9488,PHYSIODENS 25E INFERIOR 3R1.5,Analogo
9488,PHYSIODENS 25E INFERIOR 3R1.5,Posterior Inferior
9488,PHYSIODENS 25E INFERIOR 3R1.5,Consumible
9488,PHYSIODENS 25E INFERIOR 3R1.5,Dientes
9491,PHYSIODENS 25E INFERIOR 3R2.5,Analogo
9491,PHYSIODENS 25E INFERIOR 3R2.5,Posterior Inferior
9491,PHYSIODENS 25E INFERIOR 3R2.5,Consumible
9491,PHYSIODENS 25E INFERIOR 3R2.5,Dientes
9494,PHYSIODENS 25E INFERIOR 4M2,Analogo
9494,PHYSIODENS 25E INFERIOR 4M2,Posterior Inferior
9494,PHYSIODENS 25E INFERIOR 4M2,Consumible
9494,PHYSIODENS 25E INFERIOR 4M2,Dientes
9497,PHYSIODENS 25E SUPERIOR 1M1,Analogo
9497,PHYSIODENS 25E SUPERIOR 1M1,Posterior Superior
9497,PHYSIODENS 25E SUPERIOR 1M1,Consumible
9497,PHYSIODENS 25E SUPERIOR 1M1,Dientes
9500,PHYSIODENS 25E SUPERIOR 1M2,Analogo
9500,PHYSIODENS 25E SUPERIOR 1M2,Posterior Superior
9500,PHYSIODENS 25E SUPERIOR 1M2,Consumible
9500,PHYSIODENS 25E SUPERIOR 1M2,Dientes
9503,PHYSIODENS 25E SUPERIOR 2L1.5,Analogo
9503,PHYSIODENS 25E SUPERIOR 2L1.5,Posterior Superior
9503,PHYSIODENS 25E SUPERIOR 2L1.5,Consumible
9503,PHYSIODENS 25E SUPERIOR 2L1.5,Dientes
9506,PHYSIODENS 25E SUPERIOR 2L2.5,Analogo
9506,PHYSIODENS 25E SUPERIOR 2L2.5,Posterior Superior
9506,PHYSIODENS 25E SUPERIOR 2L2.5,Consumible
9506,PHYSIODENS 25E SUPERIOR 2L2.5,Dientes
9509,PHYSIODENS 25E SUPERIOR 2M1,Analogo
9509,PHYSIODENS 25E SUPERIOR 2M1,Posterior Superior
9509,PHYSIODENS 25E SUPERIOR 2M1,Consumible
9509,PHYSIODENS 25E SUPERIOR 2M1,Dientes
9512,PHYSIODENS 25E SUPERIOR 2M2,Analogo
9512,PHYSIODENS 25E SUPERIOR 2M2,Posterior Superior
9512,PHYSIODENS 25E SUPERIOR 2M2,Consumible
9512,PHYSIODENS 25E SUPERIOR 2M2,Dientes
9515,PHYSIODENS 25E SUPERIOR 2M3,Analogo
9515,PHYSIODENS 25E SUPERIOR 2M3,Posterior Superior
9515,PHYSIODENS 25E SUPERIOR 2M3,Consumible
9515,PHYSIODENS 25E SUPERIOR 2M3,Dientes
9518,PHYSIODENS 25E SUPERIOR 2R1.5,Analogo
9518,PHYSIODENS 25E SUPERIOR 2R1.5,Posterior Superior
9518,PHYSIODENS 25E SUPERIOR 2R1.5,Consumible
9518,PHYSIODENS 25E SUPERIOR 2R1.5,Dientes
9521,PHYSIODENS 25E SUPERIOR 2R2.5,Analogo
9521,PHYSIODENS 25E SUPERIOR 2R2.5,Posterior Superior
9521,PHYSIODENS 25E SUPERIOR 2R2.5,Consumible
9521,PHYSIODENS 25E SUPERIOR 2R2.5,Dientes
9524,PHYSIODENS 25E SUPERIOR 3L1.5,Analogo
9524,PHYSIODENS 25E SUPERIOR 3L1.5,Posterior Superior
9524,PHYSIODENS 25E SUPERIOR 3L1.5,Consumible
9524,PHYSIODENS 25E SUPERIOR 3L1.5,Dientes
9527,PHYSIODENS 25E SUPERIOR 3L2.5,Analogo
9527,PHYSIODENS 25E SUPERIOR 3L2.5,Posterior Superior
9527,PHYSIODENS 25E SUPERIOR 3L2.5,Consumible
9527,PHYSIODENS 25E SUPERIOR 3L2.5,Dientes
9530,PHYSIODENS 25E SUPERIOR 3M1,Analogo
9530,PHYSIODENS 25E SUPERIOR 3M1,Posterior Superior
9530,PHYSIODENS 25E SUPERIOR 3M1,Consumible
9530,PHYSIODENS 25E SUPERIOR 3M1,Dientes
9533,PHYSIODENS 25E SUPERIOR 3M2,Analogo
9533,PHYSIODENS 25E SUPERIOR 3M2,Posterior Superior
9533,PHYSIODENS 25E SUPERIOR 3M2,Consumible
9533,PHYSIODENS 25E SUPERIOR 3M2,Dientes
9536,PHYSIODENS 25E SUPERIOR 3R1.5,Analogo
9536,PHYSIODENS 25E SUPERIOR 3R1.5,Posterior Superior
9536,PHYSIODENS 25E SUPERIOR 3R1.5,Consumible
9536,PHYSIODENS 25E SUPERIOR 3R1.5,Dientes
9539,PHYSIODENS 25E SUPERIOR 3R2.5,Analogo
9539,PHYSIODENS 25E SUPERIOR 3R2.5,Posterior Superior
9539,PHYSIODENS 25E SUPERIOR 3R2.5,Consumible
9539,PHYSIODENS 25E SUPERIOR 3R2.5,Dientes
9542,PHYSIODENS 25E SUPERIOR 4M2,Analogo
9542,PHYSIODENS 25E SUPERIOR 4M2,Posterior Superior
9542,PHYSIODENS 25E SUPERIOR 4M2,Consumible
9542,PHYSIODENS 25E SUPERIOR 4M2,Dientes
9545,PHYSIODENS L1S 0M1,Analogo
9545,PHYSIODENS L1S 0M1,Anterior Inferior
9545,PHYSIODENS L1S 0M1,Consumible
9545,PHYSIODENS L1S 0M1,Dientes
9548,PHYSIODENS L1S 0M3,Analogo
9548,PHYSIODENS L1S 0M3,Anterior Inferior
9548,PHYSIODENS L1S 0M3,Consumible
9548,PHYSIODENS L1S 0M3,Dientes
9551,PHYSIODENS L1S 1M1,Analogo
9551,PHYSIODENS L1S 1M1,Anterior Inferior
9551,PHYSIODENS L1S 1M1,Consumible
9551,PHYSIODENS L1S 1M1,Dientes
9554,PHYSIODENS L1S 1M2,Analogo
9554,PHYSIODENS L1S 1M2,Anterior Inferior
9554,PHYSIODENS L1S 1M2,Consumible
9554,PHYSIODENS L1S 1M2,Dientes
9557,PHYSIODENS L1S 2L1.5,Analogo
9557,PHYSIODENS L1S 2L1.5,Anterior Inferior
9557,PHYSIODENS L1S 2L1.5,Consumible
9557,PHYSIODENS L1S 2L1.5,Dientes
9560,PHYSIODENS L1S 2L2.5,Analogo
9560,PHYSIODENS L1S 2L2.5,Anterior Inferior
9560,PHYSIODENS L1S 2L2.5,Consumible
9560,PHYSIODENS L1S 2L2.5,Dientes
9563,PHYSIODENS L1S 2M1,Analogo
9563,PHYSIODENS L1S 2M1,Anterior Inferior
9563,PHYSIODENS L1S 2M1,Consumible
9563,PHYSIODENS L1S 2M1,Dientes
9566,PHYSIODENS L1S 2M2,Analogo
9566,PHYSIODENS L1S 2M2,Anterior Inferior
9566,PHYSIODENS L1S 2M2,Consumible
9566,PHYSIODENS L1S 2M2,Dientes
9569,PHYSIODENS L1S 2M3,Analogo
9569,PHYSIODENS L1S 2M3,Anterior Inferior
9569,PHYSIODENS L1S 2M3,Consumible
9569,PHYSIODENS L1S 2M3,Dientes
9572,PHYSIODENS L1S 2R1.5,Analogo
9572,PHYSIODENS L1S 2R1.5,Anterior Inferior
9572,PHYSIODENS L1S 2R1.5,Consumible
9572,PHYSIODENS L1S 2R1.5,Dientes
9575,PHYSIODENS L1S 2R2.5,Analogo
9575,PHYSIODENS L1S 2R2.5,Anterior Inferior
9575,PHYSIODENS L1S 2R2.5,Consumible
9575,PHYSIODENS L1S 2R2.5,Dientes
9578,PHYSIODENS L1S 3L1.5,Analogo
9578,PHYSIODENS L1S 3L1.5,Anterior Inferior
9578,PHYSIODENS L1S 3L1.5,Consumible
9578,PHYSIODENS L1S 3L1.5,Dientes
9581,PHYSIODENS L1S 3L2.5,Analogo
9581,PHYSIODENS L1S 3L2.5,Anterior Inferior
9581,PHYSIODENS L1S 3L2.5,Consumible
9581,PHYSIODENS L1S 3L2.5,Dientes
9584,PHYSIODENS L1S 3M1,Analogo
9584,PHYSIODENS L1S 3M1,Anterior Inferior
9584,PHYSIODENS L1S 3M1,Consumible
9584,PHYSIODENS L1S 3M1,Dientes
9587,PHYSIODENS L1S 3M2,Analogo
9587,PHYSIODENS L1S 3M2,Anterior Inferior
9587,PHYSIODENS L1S 3M2,Consumible
9587,PHYSIODENS L1S 3M2,Dientes
9590,PHYSIODENS L1S 3R1.5,Analogo
9590,PHYSIODENS L1S 3R1.5,Anterior Inferior
9590,PHYSIODENS L1S 3R1.5,Consumible
9590,PHYSIODENS L1S 3R1.5,Dientes
9593,PHYSIODENS L1S 3R2.5,Analogo
9593,PHYSIODENS L1S 3R2.5,Anterior Inferior
9593,PHYSIODENS L1S 3R2.5,Consumible
9593,PHYSIODENS L1S 3R2.5,Dientes
9596,PHYSIODENS L1S 4M2,Analogo
9596,PHYSIODENS L1S 4M2,Anterior Inferior
9596,PHYSIODENS L1S 4M2,Consumible
9596,PHYSIODENS L1S 4M2,Dientes
10250,PHYSIODENS L2M 0M1,Analogo
10250,PHYSIODENS L2M 0M1,Anterior Inferior
10250,PHYSIODENS L2M 0M1,Consumible
10250,PHYSIODENS L2M 0M1,Dientes
9599,PHYSIODENS L2M 0M3,Analogo
9599,PHYSIODENS L2M 0M3,Anterior Inferior
9599,PHYSIODENS L2M 0M3,Consumible
9599,PHYSIODENS L2M 0M3,Dientes
9602,PHYSIODENS L2M 1M1,Analogo
9602,PHYSIODENS L2M 1M1,Anterior Inferior
9602,PHYSIODENS L2M 1M1,Consumible
9602,PHYSIODENS L2M 1M1,Dientes
9605,PHYSIODENS L2M 1M2,Analogo
9605,PHYSIODENS L2M 1M2,Anterior Inferior
9605,PHYSIODENS L2M 1M2,Consumible
9605,PHYSIODENS L2M 1M2,Dientes
9608,PHYSIODENS L2M 2L1.5,Analogo
9608,PHYSIODENS L2M 2L1.5,Anterior Inferior
9608,PHYSIODENS L2M 2L1.5,Consumible
9608,PHYSIODENS L2M 2L1.5,Dientes
9611,PHYSIODENS L2M 2L2.5,Analogo
9611,PHYSIODENS L2M 2L2.5,Anterior Inferior
9611,PHYSIODENS L2M 2L2.5,Consumible
9611,PHYSIODENS L2M 2L2.5,Dientes
9614,PHYSIODENS L2M 2M1,Analogo
9614,PHYSIODENS L2M 2M1,Anterior Inferior
9614,PHYSIODENS L2M 2M1,Consumible
9614,PHYSIODENS L2M 2M1,Dientes
9617,PHYSIODENS L2M 2M2,Analogo
9617,PHYSIODENS L2M 2M2,Anterior Inferior
9617,PHYSIODENS L2M 2M2,Consumible
9617,PHYSIODENS L2M 2M2,Dientes
9620,PHYSIODENS L2M 2M3,Analogo
9620,PHYSIODENS L2M 2M3,Anterior Inferior
9620,PHYSIODENS L2M 2M3,Consumible
9620,PHYSIODENS L2M 2M3,Dientes
9623,PHYSIODENS L2M 2R1.5,Analogo
9623,PHYSIODENS L2M 2R1.5,Anterior Inferior
9623,PHYSIODENS L2M 2R1.5,Consumible
9623,PHYSIODENS L2M 2R1.5,Dientes
9626,PHYSIODENS L2M 2R2.5,Analogo
9626,PHYSIODENS L2M 2R2.5,Anterior Inferior
9626,PHYSIODENS L2M 2R2.5,Consumible
9626,PHYSIODENS L2M 2R2.5,Dientes
9629,PHYSIODENS L2M 3L1.5,Analogo
9629,PHYSIODENS L2M 3L1.5,Anterior Inferior
9629,PHYSIODENS L2M 3L1.5,Consumible
9629,PHYSIODENS L2M 3L1.5,Dientes
9632,PHYSIODENS L2M 3L2.5,Analogo
9632,PHYSIODENS L2M 3L2.5,Anterior Inferior
9632,PHYSIODENS L2M 3L2.5,Consumible
9632,PHYSIODENS L2M 3L2.5,Dientes
9635,PHYSIODENS L2M 3M1,Analogo
9635,PHYSIODENS L2M 3M1,Anterior Inferior
9635,PHYSIODENS L2M 3M1,Consumible
9635,PHYSIODENS L2M 3M1,Dientes
9638,PHYSIODENS L2M 3M2,Analogo
9638,PHYSIODENS L2M 3M2,Anterior Inferior
9638,PHYSIODENS L2M 3M2,Consumible
9638,PHYSIODENS L2M 3M2,Dientes
9641,PHYSIODENS L2M 3R1.5,Analogo
9641,PHYSIODENS L2M 3R1.5,Anterior Inferior
9641,PHYSIODENS L2M 3R1.5,Consumible
9641,PHYSIODENS L2M 3R1.5,Dientes
9644,PHYSIODENS L2M 3R2.5,Analogo
9644,PHYSIODENS L2M 3R2.5,Anterior Inferior
9644,PHYSIODENS L2M 3R2.5,Consumible
9644,PHYSIODENS L2M 3R2.5,Dientes
9647,PHYSIODENS L2M 4M2,Analogo
9647,PHYSIODENS L2M 4M2,Anterior Inferior
9647,PHYSIODENS L2M 4M2,Consumible
9647,PHYSIODENS L2M 4M2,Dientes
9650,PHYSIODENS L3M 0M1,Analogo
9650,PHYSIODENS L3M 0M1,Anterior Inferior
9650,PHYSIODENS L3M 0M1,Consumible
9650,PHYSIODENS L3M 0M1,Dientes
9653,PHYSIODENS L3M 0M3,Analogo
9653,PHYSIODENS L3M 0M3,Anterior Inferior
9653,PHYSIODENS L3M 0M3,Consumible
9653,PHYSIODENS L3M 0M3,Dientes
9656,PHYSIODENS L3M 1M1,Analogo
9656,PHYSIODENS L3M 1M1,Anterior Inferior
9656,PHYSIODENS L3M 1M1,Consumible
9656,PHYSIODENS L3M 1M1,Dientes
9659,PHYSIODENS L3M 1M2,Analogo
9659,PHYSIODENS L3M 1M2,Anterior Inferior
9659,PHYSIODENS L3M 1M2,Consumible
9659,PHYSIODENS L3M 1M2,Dientes
9662,PHYSIODENS L3M 2L1.5,Analogo
9662,PHYSIODENS L3M 2L1.5,Anterior Inferior
9662,PHYSIODENS L3M 2L1.5,Consumible
9662,PHYSIODENS L3M 2L1.5,Dientes
9665,PHYSIODENS L3M 2L2.5,Analogo
9665,PHYSIODENS L3M 2L2.5,Anterior Inferior
9665,PHYSIODENS L3M 2L2.5,Consumible
9665,PHYSIODENS L3M 2L2.5,Dientes
9668,PHYSIODENS L3M 2M1,Analogo
9668,PHYSIODENS L3M 2M1,Anterior Inferior
9668,PHYSIODENS L3M 2M1,Consumible
9668,PHYSIODENS L3M 2M1,Dientes
9671,PHYSIODENS L3M 2M2,Analogo
9671,PHYSIODENS L3M 2M2,Anterior Inferior
9671,PHYSIODENS L3M 2M2,Consumible
9671,PHYSIODENS L3M 2M2,Dientes
9674,PHYSIODENS L3M 2M3,Analogo
9674,PHYSIODENS L3M 2M3,Anterior Inferior
9674,PHYSIODENS L3M 2M3,Consumible
9674,PHYSIODENS L3M 2M3,Dientes
9677,PHYSIODENS L3M 2R1.5,Analogo
9677,PHYSIODENS L3M 2R1.5,Anterior Inferior
9677,PHYSIODENS L3M 2R1.5,Consumible
9677,PHYSIODENS L3M 2R1.5,Dientes
9680,PHYSIODENS L3M 2R2.5,Analogo
9680,PHYSIODENS L3M 2R2.5,Anterior Inferior
9680,PHYSIODENS L3M 2R2.5,Consumible
9680,PHYSIODENS L3M 2R2.5,Dientes
9683,PHYSIODENS L3M 3L1.5,Analogo
9683,PHYSIODENS L3M 3L1.5,Anterior Inferior
9683,PHYSIODENS L3M 3L1.5,Consumible
9683,PHYSIODENS L3M 3L1.5,Dientes
9686,PHYSIODENS L3M 3L2.5,Analogo
9686,PHYSIODENS L3M 3L2.5,Anterior Inferior
9686,PHYSIODENS L3M 3L2.5,Consumible
9686,PHYSIODENS L3M 3L2.5,Dientes
9689,PHYSIODENS L3M 3M1,Analogo
9689,PHYSIODENS L3M 3M1,Anterior Inferior
9689,PHYSIODENS L3M 3M1,Consumible
9689,PHYSIODENS L3M 3M1,Dientes
9692,PHYSIODENS L3M 3M2,Analogo
9692,PHYSIODENS L3M 3M2,Anterior Inferior
9692,PHYSIODENS L3M 3M2,Consumible
9692,PHYSIODENS L3M 3M2,Dientes
9695,PHYSIODENS L3M 3R1.5,Analogo
9695,PHYSIODENS L3M 3R1.5,Anterior Inferior
9695,PHYSIODENS L3M 3R1.5,Consumible
9695,PHYSIODENS L3M 3R1.5,Dientes
9698,PHYSIODENS L3M 3R2.5,Analogo
9698,PHYSIODENS L3M 3R2.5,Anterior Inferior
9698,PHYSIODENS L3M 3R2.5,Consumible
9698,PHYSIODENS L3M 3R2.5,Dientes
9701,PHYSIODENS L3M 4M2,Analogo
9701,PHYSIODENS L3M 4M2,Anterior Inferior
9701,PHYSIODENS L3M 4M2,Consumible
9701,PHYSIODENS L3M 4M2,Dientes
9704,PHYSIODENS L4M 0M1,Analogo
9704,PHYSIODENS L4M 0M1,Anterior Inferior
9704,PHYSIODENS L4M 0M1,Consumible
9704,PHYSIODENS L4M 0M1,Dientes
9707,PHYSIODENS L4M 0M3,Analogo
9707,PHYSIODENS L4M 0M3,Anterior Inferior
9707,PHYSIODENS L4M 0M3,Consumible
9707,PHYSIODENS L4M 0M3,Dientes
9710,PHYSIODENS L4M 1M1,Analogo
9710,PHYSIODENS L4M 1M1,Anterior Inferior
9710,PHYSIODENS L4M 1M1,Consumible
9710,PHYSIODENS L4M 1M1,Dientes
9713,PHYSIODENS L4M 1M2,Analogo
9713,PHYSIODENS L4M 1M2,Anterior Inferior
9713,PHYSIODENS L4M 1M2,Consumible
9713,PHYSIODENS L4M 1M2,Dientes
9716,PHYSIODENS L4M 2L1.5,Analogo
9716,PHYSIODENS L4M 2L1.5,Anterior Inferior
9716,PHYSIODENS L4M 2L1.5,Consumible
9716,PHYSIODENS L4M 2L1.5,Dientes
9719,PHYSIODENS L4M 2L2.5,Analogo
9719,PHYSIODENS L4M 2L2.5,Anterior Inferior
9719,PHYSIODENS L4M 2L2.5,Consumible
9719,PHYSIODENS L4M 2L2.5,Dientes
9722,PHYSIODENS L4M 2M1,Analogo
9722,PHYSIODENS L4M 2M1,Anterior Inferior
9722,PHYSIODENS L4M 2M1,Consumible
9722,PHYSIODENS L4M 2M1,Dientes
9725,PHYSIODENS L4M 2M2,Analogo
9725,PHYSIODENS L4M 2M2,Anterior Inferior
9725,PHYSIODENS L4M 2M2,Consumible
9725,PHYSIODENS L4M 2M2,Dientes
9728,PHYSIODENS L4M 2M3,Analogo
9728,PHYSIODENS L4M 2M3,Anterior Inferior
9728,PHYSIODENS L4M 2M3,Consumible
9728,PHYSIODENS L4M 2M3,Dientes
9731,PHYSIODENS L4M 2R1.5,Analogo
9731,PHYSIODENS L4M 2R1.5,Anterior Inferior
9731,PHYSIODENS L4M 2R1.5,Consumible
9731,PHYSIODENS L4M 2R1.5,Dientes
9734,PHYSIODENS L4M 2R2.5,Analogo
9734,PHYSIODENS L4M 2R2.5,Anterior Inferior
9734,PHYSIODENS L4M 2R2.5,Consumible
9734,PHYSIODENS L4M 2R2.5,Dientes
9737,PHYSIODENS L4M 3L1.5,Analogo
9737,PHYSIODENS L4M 3L1.5,Anterior Inferior
9737,PHYSIODENS L4M 3L1.5,Consumible
9737,PHYSIODENS L4M 3L1.5,Dientes
9740,PHYSIODENS L4M 3L2.5,Analogo
9740,PHYSIODENS L4M 3L2.5,Anterior Inferior
9740,PHYSIODENS L4M 3L2.5,Consumible
9740,PHYSIODENS L4M 3L2.5,Dientes
9743,PHYSIODENS L4M 3M1,Analogo
9743,PHYSIODENS L4M 3M1,Anterior Inferior
9743,PHYSIODENS L4M 3M1,Consumible
9743,PHYSIODENS L4M 3M1,Dientes
9746,PHYSIODENS L4M 3M2,Analogo
9746,PHYSIODENS L4M 3M2,Anterior Inferior
9746,PHYSIODENS L4M 3M2,Consumible
9746,PHYSIODENS L4M 3M2,Dientes
9749,PHYSIODENS L4M 3R1.5,Analogo
9749,PHYSIODENS L4M 3R1.5,Anterior Inferior
9749,PHYSIODENS L4M 3R1.5,Consumible
9749,PHYSIODENS L4M 3R1.5,Dientes
9752,PHYSIODENS L4M 3R2.5,Analogo
9752,PHYSIODENS L4M 3R2.5,Anterior Inferior
9752,PHYSIODENS L4M 3R2.5,Consumible
9752,PHYSIODENS L4M 3R2.5,Dientes
9755,PHYSIODENS L4M 4M2,Analogo
9755,PHYSIODENS L4M 4M2,Anterior Inferior
9755,PHYSIODENS L4M 4M2,Consumible
9755,PHYSIODENS L4M 4M2,Dientes
9758,PHYSIODENS L5M 0M1,Analogo
9758,PHYSIODENS L5M 0M1,Anterior Inferior
9758,PHYSIODENS L5M 0M1,Consumible
9758,PHYSIODENS L5M 0M1,Dientes
9761,PHYSIODENS L5M 0M3,Analogo
9761,PHYSIODENS L5M 0M3,Anterior Inferior
9761,PHYSIODENS L5M 0M3,Consumible
9761,PHYSIODENS L5M 0M3,Dientes
9764,PHYSIODENS L5M 1M1,Analogo
9764,PHYSIODENS L5M 1M1,Anterior Inferior
9764,PHYSIODENS L5M 1M1,Consumible
9764,PHYSIODENS L5M 1M1,Dientes
9767,PHYSIODENS L5M 1M2,Analogo
9767,PHYSIODENS L5M 1M2,Anterior Inferior
9767,PHYSIODENS L5M 1M2,Consumible
9767,PHYSIODENS L5M 1M2,Dientes
9770,PHYSIODENS L5M 2L1.5,Analogo
9770,PHYSIODENS L5M 2L1.5,Anterior Inferior
9770,PHYSIODENS L5M 2L1.5,Consumible
9770,PHYSIODENS L5M 2L1.5,Dientes
9773,PHYSIODENS L5M 2L2.5,Analogo
9773,PHYSIODENS L5M 2L2.5,Anterior Inferior
9773,PHYSIODENS L5M 2L2.5,Consumible
9773,PHYSIODENS L5M 2L2.5,Dientes
9776,PHYSIODENS L5M 2M1,Analogo
9776,PHYSIODENS L5M 2M1,Anterior Inferior
9776,PHYSIODENS L5M 2M1,Consumible
9776,PHYSIODENS L5M 2M1,Dientes
9779,PHYSIODENS L5M 2M2,Analogo
9779,PHYSIODENS L5M 2M2,Anterior Inferior
9779,PHYSIODENS L5M 2M2,Consumible
9779,PHYSIODENS L5M 2M2,Dientes
9782,PHYSIODENS L5M 2M3,Analogo
9782,PHYSIODENS L5M 2M3,Anterior Inferior
9782,PHYSIODENS L5M 2M3,Consumible
9782,PHYSIODENS L5M 2M3,Dientes
9785,PHYSIODENS L5M 2R1.5,Analogo
9785,PHYSIODENS L5M 2R1.5,Anterior Inferior
9785,PHYSIODENS L5M 2R1.5,Consumible
9785,PHYSIODENS L5M 2R1.5,Dientes
9788,PHYSIODENS L5M 2R2.5,Analogo
9788,PHYSIODENS L5M 2R2.5,Anterior Inferior
9788,PHYSIODENS L5M 2R2.5,Consumible
9788,PHYSIODENS L5M 2R2.5,Dientes
9791,PHYSIODENS L5M 3L1.5,Analogo
9791,PHYSIODENS L5M 3L1.5,Anterior Inferior
9791,PHYSIODENS L5M 3L1.5,Consumible
9791,PHYSIODENS L5M 3L1.5,Dientes
9794,PHYSIODENS L5M 3L2.5,Analogo
9794,PHYSIODENS L5M 3L2.5,Anterior Inferior
9794,PHYSIODENS L5M 3L2.5,Consumible
9794,PHYSIODENS L5M 3L2.5,Dientes
9797,PHYSIODENS L5M 3M1,Analogo
9797,PHYSIODENS L5M 3M1,Anterior Inferior
9797,PHYSIODENS L5M 3M1,Consumible
9797,PHYSIODENS L5M 3M1,Dientes
9800,PHYSIODENS L5M 3M2,Analogo
9800,PHYSIODENS L5M 3M2,Anterior Inferior
9800,PHYSIODENS L5M 3M2,Consumible
9800,PHYSIODENS L5M 3M2,Dientes
9803,PHYSIODENS L5M 3R1.5,Analogo
9803,PHYSIODENS L5M 3R1.5,Anterior Inferior
9803,PHYSIODENS L5M 3R1.5,Consumible
9803,PHYSIODENS L5M 3R1.5,Dientes
9806,PHYSIODENS L5M 3R2.5,Analogo
9806,PHYSIODENS L5M 3R2.5,Anterior Inferior
9806,PHYSIODENS L5M 3R2.5,Consumible
9806,PHYSIODENS L5M 3R2.5,Dientes
9809,PHYSIODENS L5M 4M2,Analogo
9809,PHYSIODENS L5M 4M2,Anterior Inferior
9809,PHYSIODENS L5M 4M2,Consumible
9809,PHYSIODENS L5M 4M2,Dientes
9812,PHYSIODENS L6L 1M1,Analogo
9812,PHYSIODENS L6L 1M1,Anterior Inferior
9812,PHYSIODENS L6L 1M1,Consumible
9812,PHYSIODENS L6L 1M1,Dientes
9815,PHYSIODENS L6L 1M2,Analogo
9815,PHYSIODENS L6L 1M2,Anterior Inferior
9815,PHYSIODENS L6L 1M2,Consumible
9815,PHYSIODENS L6L 1M2,Dientes
9818,PHYSIODENS L6L 2L1.5,Analogo
9818,PHYSIODENS L6L 2L1.5,Anterior Inferior
9818,PHYSIODENS L6L 2L1.5,Consumible
9818,PHYSIODENS L6L 2L1.5,Dientes
9821,PHYSIODENS L6L 2L2.5,Analogo
9821,PHYSIODENS L6L 2L2.5,Anterior Inferior
9821,PHYSIODENS L6L 2L2.5,Consumible
9821,PHYSIODENS L6L 2L2.5,Dientes
9824,PHYSIODENS L6L 2M1,Analogo
9824,PHYSIODENS L6L 2M1,Anterior Inferior
9824,PHYSIODENS L6L 2M1,Consumible
9824,PHYSIODENS L6L 2M1,Dientes
9827,PHYSIODENS L6L 2M2,Analogo
9827,PHYSIODENS L6L 2M2,Anterior Inferior
9827,PHYSIODENS L6L 2M2,Consumible
9827,PHYSIODENS L6L 2M2,Dientes
9830,PHYSIODENS L6L 2M3,Analogo
9830,PHYSIODENS L6L 2M3,Anterior Inferior
9830,PHYSIODENS L6L 2M3,Consumible
9830,PHYSIODENS L6L 2M3,Dientes
9833,PHYSIODENS L6L 2R1.5,Analogo
9833,PHYSIODENS L6L 2R1.5,Anterior Inferior
9833,PHYSIODENS L6L 2R1.5,Consumible
9833,PHYSIODENS L6L 2R1.5,Dientes
9836,PHYSIODENS L6L 2R2.5,Analogo
9836,PHYSIODENS L6L 2R2.5,Anterior Inferior
9836,PHYSIODENS L6L 2R2.5,Consumible
9836,PHYSIODENS L6L 2R2.5,Dientes
9839,PHYSIODENS L6L 3L1.5,Analogo
9839,PHYSIODENS L6L 3L1.5,Anterior Inferior
9839,PHYSIODENS L6L 3L1.5,Consumible
9839,PHYSIODENS L6L 3L1.5,Dientes
9842,PHYSIODENS L6L 3L2.5,Analogo
9842,PHYSIODENS L6L 3L2.5,Anterior Inferior
9842,PHYSIODENS L6L 3L2.5,Consumible
9842,PHYSIODENS L6L 3L2.5,Dientes
9845,PHYSIODENS L6L 3M1,Analogo
9845,PHYSIODENS L6L 3M1,Anterior Inferior
9845,PHYSIODENS L6L 3M1,Consumible
9845,PHYSIODENS L6L 3M1,Dientes
9848,PHYSIODENS L6L 3M2,Analogo
9848,PHYSIODENS L6L 3M2,Anterior Inferior
9848,PHYSIODENS L6L 3M2,Consumible
9848,PHYSIODENS L6L 3M2,Dientes
9851,PHYSIODENS L6L 3R1.5,Analogo
9851,PHYSIODENS L6L 3R1.5,Anterior Inferior
9851,PHYSIODENS L6L 3R1.5,Consumible
9851,PHYSIODENS L6L 3R1.5,Dientes
9854,PHYSIODENS L6L 3R2.5,Analogo
9854,PHYSIODENS L6L 3R2.5,Anterior Inferior
9854,PHYSIODENS L6L 3R2.5,Consumible
9854,PHYSIODENS L6L 3R2.5,Dientes
9857,PHYSIODENS L6L 4M2,Analogo
9857,PHYSIODENS L6L 4M2,Anterior Inferior
9857,PHYSIODENS L6L 4M2,Consumible
9857,PHYSIODENS L6L 4M2,Dientes
9860,PHYSIODENS L7L 1M1,Analogo
9860,PHYSIODENS L7L 1M1,Anterior Inferior
9860,PHYSIODENS L7L 1M1,Consumible
9860,PHYSIODENS L7L 1M1,Dientes
9863,PHYSIODENS L7L 1M2,Analogo
9863,PHYSIODENS L7L 1M2,Anterior Inferior
9863,PHYSIODENS L7L 1M2,Consumible
9863,PHYSIODENS L7L 1M2,Dientes
9866,PHYSIODENS L7L 2L1.5,Analogo
9866,PHYSIODENS L7L 2L1.5,Anterior Inferior
9866,PHYSIODENS L7L 2L1.5,Consumible
9866,PHYSIODENS L7L 2L1.5,Dientes
9869,PHYSIODENS L7L 2L2.5,Analogo
9869,PHYSIODENS L7L 2L2.5,Anterior Inferior
9869,PHYSIODENS L7L 2L2.5,Consumible
9869,PHYSIODENS L7L 2L2.5,Dientes
9872,PHYSIODENS L7L 2M1,Analogo
9872,PHYSIODENS L7L 2M1,Anterior Inferior
9872,PHYSIODENS L7L 2M1,Consumible
9872,PHYSIODENS L7L 2M1,Dientes
9875,PHYSIODENS L7L 2M2,Analogo
9875,PHYSIODENS L7L 2M2,Anterior Inferior
9875,PHYSIODENS L7L 2M2,Consumible
9875,PHYSIODENS L7L 2M2,Dientes
9878,PHYSIODENS L7L 2M3,Analogo
9878,PHYSIODENS L7L 2M3,Anterior Inferior
9878,PHYSIODENS L7L 2M3,Consumible
9878,PHYSIODENS L7L 2M3,Dientes
9881,PHYSIODENS L7L 2R1.5,Analogo
9881,PHYSIODENS L7L 2R1.5,Anterior Inferior
9881,PHYSIODENS L7L 2R1.5,Consumible
9881,PHYSIODENS L7L 2R1.5,Dientes
9884,PHYSIODENS L7L 2R2.5,Analogo
9884,PHYSIODENS L7L 2R2.5,Anterior Inferior
9884,PHYSIODENS L7L 2R2.5,Consumible
9884,PHYSIODENS L7L 2R2.5,Dientes
9887,PHYSIODENS L7L 3L1.5,Analogo
9887,PHYSIODENS L7L 3L1.5,Anterior Inferior
9887,PHYSIODENS L7L 3L1.5,Consumible
9887,PHYSIODENS L7L 3L1.5,Dientes
9890,PHYSIODENS L7L 3L2.5,Analogo
9890,PHYSIODENS L7L 3L2.5,Anterior Inferior
9890,PHYSIODENS L7L 3L2.5,Consumible
9890,PHYSIODENS L7L 3L2.5,Dientes
9893,PHYSIODENS L7L 3M1,Analogo
9893,PHYSIODENS L7L 3M1,Anterior Inferior
9893,PHYSIODENS L7L 3M1,Consumible
9893,PHYSIODENS L7L 3M1,Dientes
9896,PHYSIODENS L7L 3M2,Analogo
9896,PHYSIODENS L7L 3M2,Anterior Inferior
9896,PHYSIODENS L7L 3M2,Consumible
9896,PHYSIODENS L7L 3M2,Dientes
9899,PHYSIODENS L7L 3R1.5,Analogo
9899,PHYSIODENS L7L 3R1.5,Anterior Inferior
9899,PHYSIODENS L7L 3R1.5,Consumible
9899,PHYSIODENS L7L 3R1.5,Dientes
9902,PHYSIODENS L7L 3R2.5,Analogo
9902,PHYSIODENS L7L 3R2.5,Anterior Inferior
9902,PHYSIODENS L7L 3R2.5,Consumible
9902,PHYSIODENS L7L 3R2.5,Dientes
9905,PHYSIODENS L7L 4M2,Analogo
9905,PHYSIODENS L7L 4M2,Anterior Inferior
9905,PHYSIODENS L7L 4M2,Consumible
9905,PHYSIODENS L7L 4M2,Dientes
9908,PHYSIODENS L8L 1M1,Analogo
9908,PHYSIODENS L8L 1M1,Anterior Inferior
9908,PHYSIODENS L8L 1M1,Consumible
9908,PHYSIODENS L8L 1M1,Dientes
9911,PHYSIODENS L8L 1M2,Analogo
9911,PHYSIODENS L8L 1M2,Anterior Inferior
9911,PHYSIODENS L8L 1M2,Consumible
9911,PHYSIODENS L8L 1M2,Dientes
9914,PHYSIODENS L8L 2L1.5,Analogo
9914,PHYSIODENS L8L 2L1.5,Anterior Inferior
9914,PHYSIODENS L8L 2L1.5,Consumible
9914,PHYSIODENS L8L 2L1.5,Dientes
9917,PHYSIODENS L8L 2L2.5,Analogo
9917,PHYSIODENS L8L 2L2.5,Anterior Inferior
9917,PHYSIODENS L8L 2L2.5,Consumible
9917,PHYSIODENS L8L 2L2.5,Dientes
9920,PHYSIODENS L8L 2M1,Analogo
9920,PHYSIODENS L8L 2M1,Anterior Inferior
9920,PHYSIODENS L8L 2M1,Consumible
9920,PHYSIODENS L8L 2M1,Dientes
9923,PHYSIODENS L8L 2M2,Analogo
9923,PHYSIODENS L8L 2M2,Anterior Inferior
9923,PHYSIODENS L8L 2M2,Consumible
9923,PHYSIODENS L8L 2M2,Dientes
9926,PHYSIODENS L8L 2M3,Analogo
9926,PHYSIODENS L8L 2M3,Anterior Inferior
9926,PHYSIODENS L8L 2M3,Consumible
9926,PHYSIODENS L8L 2M3,Dientes
9929,PHYSIODENS L8L 2R1.5,Analogo
9929,PHYSIODENS L8L 2R1.5,Anterior Inferior
9929,PHYSIODENS L8L 2R1.5,Consumible
9929,PHYSIODENS L8L 2R1.5,Dientes
9932,PHYSIODENS L8L 2R2.5,Analogo
9932,PHYSIODENS L8L 2R2.5,Anterior Inferior
9932,PHYSIODENS L8L 2R2.5,Consumible
9932,PHYSIODENS L8L 2R2.5,Dientes
9935,PHYSIODENS L8L 3L1.5,Analogo
9935,PHYSIODENS L8L 3L1.5,Anterior Inferior
9935,PHYSIODENS L8L 3L1.5,Consumible
9935,PHYSIODENS L8L 3L1.5,Dientes
9938,PHYSIODENS L8L 3L2.5,Analogo
9938,PHYSIODENS L8L 3L2.5,Anterior Inferior
9938,PHYSIODENS L8L 3L2.5,Consumible
9938,PHYSIODENS L8L 3L2.5,Dientes
9941,PHYSIODENS L8L 3M1,Analogo
9941,PHYSIODENS L8L 3M1,Anterior Inferior
9941,PHYSIODENS L8L 3M1,Consumible
9941,PHYSIODENS L8L 3M1,Dientes
9944,PHYSIODENS L8L 3M2,Analogo
9944,PHYSIODENS L8L 3M2,Anterior Inferior
9944,PHYSIODENS L8L 3M2,Consumible
9944,PHYSIODENS L8L 3M2,Dientes
9947,PHYSIODENS L8L 3R1.5,Analogo
9947,PHYSIODENS L8L 3R1.5,Anterior Inferior
9947,PHYSIODENS L8L 3R1.5,Consumible
9947,PHYSIODENS L8L 3R1.5,Dientes
9950,PHYSIODENS L8L 3R2.5,Analogo
9950,PHYSIODENS L8L 3R2.5,Anterior Inferior
9950,PHYSIODENS L8L 3R2.5,Consumible
9950,PHYSIODENS L8L 3R2.5,Dientes
9953,PHYSIODENS L8L 4M2,Analogo
9953,PHYSIODENS L8L 4M2,Anterior Inferior
9953,PHYSIODENS L8L 4M2,Consumible
9953,PHYSIODENS L8L 4M2,Dientes
9956,PHYSIODENS O1S 0M1,Analogo
9956,PHYSIODENS O1S 0M1,Anterior Superior
9956,PHYSIODENS O1S 0M1,Consumible
9956,PHYSIODENS O1S 0M1,Dientes
9959,PHYSIODENS O1S 0M3,Analogo
9959,PHYSIODENS O1S 0M3,Anterior Superior
9959,PHYSIODENS O1S 0M3,Consumible
9959,PHYSIODENS O1S 0M3,Dientes
9962,PHYSIODENS O1S 1M1,Analogo
9962,PHYSIODENS O1S 1M1,Anterior Superior
9962,PHYSIODENS O1S 1M1,Consumible
9962,PHYSIODENS O1S 1M1,Dientes
9965,PHYSIODENS O1S 1M2,Analogo
9965,PHYSIODENS O1S 1M2,Anterior Superior
9965,PHYSIODENS O1S 1M2,Consumible
9965,PHYSIODENS O1S 1M2,Dientes
9968,PHYSIODENS O1S 2L1.5,Analogo
9968,PHYSIODENS O1S 2L1.5,Anterior Superior
9968,PHYSIODENS O1S 2L1.5,Consumible
9968,PHYSIODENS O1S 2L1.5,Dientes
9971,PHYSIODENS O1S 2L2.5,Analogo
9971,PHYSIODENS O1S 2L2.5,Anterior Superior
9971,PHYSIODENS O1S 2L2.5,Consumible
9971,PHYSIODENS O1S 2L2.5,Dientes
9974,PHYSIODENS O1S 2M1,Analogo
9974,PHYSIODENS O1S 2M1,Anterior Superior
9974,PHYSIODENS O1S 2M1,Consumible
9974,PHYSIODENS O1S 2M1,Dientes
9977,PHYSIODENS O1S 2M2,Analogo
9977,PHYSIODENS O1S 2M2,Anterior Superior
9977,PHYSIODENS O1S 2M2,Consumible
9977,PHYSIODENS O1S 2M2,Dientes
9980,PHYSIODENS O1S 2M3,Analogo
9980,PHYSIODENS O1S 2M3,Anterior Superior
9980,PHYSIODENS O1S 2M3,Consumible
9980,PHYSIODENS O1S 2M3,Dientes
9983,PHYSIODENS O1S 2R1.5,Analogo
9983,PHYSIODENS O1S 2R1.5,Anterior Superior
9983,PHYSIODENS O1S 2R1.5,Consumible
9983,PHYSIODENS O1S 2R1.5,Dientes
9986,PHYSIODENS O1S 2R2.5,Analogo
9986,PHYSIODENS O1S 2R2.5,Anterior Superior
9986,PHYSIODENS O1S 2R2.5,Consumible
9986,PHYSIODENS O1S 2R2.5,Dientes
9989,PHYSIODENS O1S 3L1.5,Analogo
9989,PHYSIODENS O1S 3L1.5,Anterior Superior
9989,PHYSIODENS O1S 3L1.5,Consumible
9989,PHYSIODENS O1S 3L1.5,Dientes
9992,PHYSIODENS O1S 3L2.5,Analogo
9992,PHYSIODENS O1S 3L2.5,Anterior Superior
9992,PHYSIODENS O1S 3L2.5,Consumible
9992,PHYSIODENS O1S 3L2.5,Dientes
9995,PHYSIODENS O1S 3M1,Analogo
9995,PHYSIODENS O1S 3M1,Anterior Superior
9995,PHYSIODENS O1S 3M1,Consumible
9995,PHYSIODENS O1S 3M1,Dientes
9998,PHYSIODENS O1S 3M2,Analogo
9998,PHYSIODENS O1S 3M2,Anterior Superior
9998,PHYSIODENS O1S 3M2,Consumible
9998,PHYSIODENS O1S 3M2,Dientes
10001,PHYSIODENS O1S 3R1.5,Analogo
10001,PHYSIODENS O1S 3R1.5,Anterior Superior
10001,PHYSIODENS O1S 3R1.5,Consumible
10001,PHYSIODENS O1S 3R1.5,Dientes
10004,PHYSIODENS O1S 3R2.5,Analogo
10004,PHYSIODENS O1S 3R2.5,Anterior Superior
10004,PHYSIODENS O1S 3R2.5,Consumible
10004,PHYSIODENS O1S 3R2.5,Dientes
10007,PHYSIODENS O1S 4M2,Analogo
10007,PHYSIODENS O1S 4M2,Anterior Superior
10007,PHYSIODENS O1S 4M2,Consumible
10007,PHYSIODENS O1S 4M2,Dientes
10010,PHYSIODENS O2L 1M1,Analogo
10010,PHYSIODENS O2L 1M1,Anterior Superior
10010,PHYSIODENS O2L 1M1,Consumible
10010,PHYSIODENS O2L 1M1,Dientes
10013,PHYSIODENS O2L 1M2,Analogo
10013,PHYSIODENS O2L 1M2,Anterior Superior
10013,PHYSIODENS O2L 1M2,Consumible
10013,PHYSIODENS O2L 1M2,Dientes
10016,PHYSIODENS O2L 2L1.5,Analogo
10016,PHYSIODENS O2L 2L1.5,Anterior Superior
10016,PHYSIODENS O2L 2L1.5,Consumible
10016,PHYSIODENS O2L 2L1.5,Dientes
10019,PHYSIODENS O2L 2L2.5,Analogo
10019,PHYSIODENS O2L 2L2.5,Anterior Superior
10019,PHYSIODENS O2L 2L2.5,Consumible
10022,PHYSIODENS O2L 2M1,Analogo
10022,PHYSIODENS O2L 2M1,Anterior Superior
10022,PHYSIODENS O2L 2M1,Consumible
10022,PHYSIODENS O2L 2M1,Dientes
10025,PHYSIODENS O2L 2M2,Analogo
10025,PHYSIODENS O2L 2M2,Anterior Superior
10025,PHYSIODENS O2L 2M2,Consumible
10025,PHYSIODENS O2L 2M2,Dientes
10028,PHYSIODENS O2L 2M3,Analogo
10028,PHYSIODENS O2L 2M3,Anterior Superior
10028,PHYSIODENS O2L 2M3,Consumible
10028,PHYSIODENS O2L 2M3,Dientes
10031,PHYSIODENS O2L 2R1.5,Analogo
10031,PHYSIODENS O2L 2R1.5,Consumible
10031,PHYSIODENS O2L 2R1.5,Anterior Superior
10031,PHYSIODENS O2L 2R1.5,Dientes
10034,PHYSIODENS O2L 2R2.5,Analogo
10034,PHYSIODENS O2L 2R2.5,Anterior Superior
10034,PHYSIODENS O2L 2R2.5,Consumible
10034,PHYSIODENS O2L 2R2.5,Dientes
10037,PHYSIODENS O2L 3L1.5,Analogo
10037,PHYSIODENS O2L 3L1.5,Anterior Superior
10037,PHYSIODENS O2L 3L1.5,Consumible
10037,PHYSIODENS O2L 3L1.5,Dientes
10040,PHYSIODENS O2L 3L2.5,Analogo
10040,PHYSIODENS O2L 3L2.5,Anterior Superior
10040,PHYSIODENS O2L 3L2.5,Consumible
10040,PHYSIODENS O2L 3L2.5,Dientes
10043,PHYSIODENS O2L 3M1,Analogo
10043,PHYSIODENS O2L 3M1,Anterior Superior
10043,PHYSIODENS O2L 3M1,Consumible
10043,PHYSIODENS O2L 3M1,Dientes
10046,PHYSIODENS O2L 3M2,Analogo
10046,PHYSIODENS O2L 3M2,Anterior Superior
10046,PHYSIODENS O2L 3M2,Consumible
10046,PHYSIODENS O2L 3M2,Dientes
10049,PHYSIODENS O2L 3R1.5,Analogo
10049,PHYSIODENS O2L 3R1.5,Anterior Superior
10049,PHYSIODENS O2L 3R1.5,Consumible
10049,PHYSIODENS O2L 3R1.5,Dientes
10052,PHYSIODENS O2L 3R2.5,Analogo
10052,PHYSIODENS O2L 3R2.5,Anterior Superior
10052,PHYSIODENS O2L 3R2.5,Consumible
10052,PHYSIODENS O2L 3R2.5,Dientes
10055,PHYSIODENS O2L 4M2,Analogo
10055,PHYSIODENS O2L 4M2,Anterior Superior
10055,PHYSIODENS O2L 4M2,Consumible
10055,PHYSIODENS O2L 4M2,Dientes
10058,PHYSIODENS O3M 1M1,Analogo
10058,PHYSIODENS O3M 1M1,Anterior Superior
10058,PHYSIODENS O3M 1M1,Consumible
10058,PHYSIODENS O3M 1M1,Dientes
10061,PHYSIODENS O3M 1M2,Analogo
10061,PHYSIODENS O3M 1M2,Anterior Superior
10061,PHYSIODENS O3M 1M2,Consumible
10061,PHYSIODENS O3M 1M2,Dientes
10064,PHYSIODENS O3M 2L1.5,Analogo
10064,PHYSIODENS O3M 2L1.5,Anterior Superior
10064,PHYSIODENS O3M 2L1.5,Consumible
10064,PHYSIODENS O3M 2L1.5,Dientes
10067,PHYSIODENS O3M 2L2.5,Analogo
10067,PHYSIODENS O3M 2L2.5,Anterior Superior
10067,PHYSIODENS O3M 2L2.5,Consumible
10067,PHYSIODENS O3M 2L2.5,Dientes
10070,PHYSIODENS O3M 2M1,Analogo
10070,PHYSIODENS O3M 2M1,Anterior Superior
10070,PHYSIODENS O3M 2M1,Consumible
10070,PHYSIODENS O3M 2M1,Dientes
10073,PHYSIODENS O3M 2M2,Analogo
10073,PHYSIODENS O3M 2M2,Anterior Superior
10073,PHYSIODENS O3M 2M2,Consumible
10073,PHYSIODENS O3M 2M2,Dientes
10076,PHYSIODENS O3M 2M3,Analogo
10076,PHYSIODENS O3M 2M3,Anterior Superior
10076,PHYSIODENS O3M 2M3,Consumible
10076,PHYSIODENS O3M 2M3,Dientes
10079,PHYSIODENS O3M 2R1.5,Analogo
10079,PHYSIODENS O3M 2R1.5,Anterior Superior
10079,PHYSIODENS O3M 2R1.5,Consumible
10079,PHYSIODENS O3M 2R1.5,Dientes
10082,PHYSIODENS O3M 2R2.5,Analogo
10082,PHYSIODENS O3M 2R2.5,Anterior Superior
10082,PHYSIODENS O3M 2R2.5,Consumible
10082,PHYSIODENS O3M 2R2.5,Dientes
10085,PHYSIODENS O3M 3L1.5,Analogo
10085,PHYSIODENS O3M 3L1.5,Anterior Superior
10085,PHYSIODENS O3M 3L1.5,Consumible
10085,PHYSIODENS O3M 3L1.5,Dientes
10088,PHYSIODENS O3M 3L2.5,Analogo
10088,PHYSIODENS O3M 3L2.5,Anterior Superior
10088,PHYSIODENS O3M 3L2.5,Consumible
10088,PHYSIODENS O3M 3L2.5,Dientes
10091,PHYSIODENS O3M 3M1,Analogo
10091,PHYSIODENS O3M 3M1,Anterior Superior
10091,PHYSIODENS O3M 3M1,Consumible
10091,PHYSIODENS O3M 3M1,Dientes
10094,PHYSIODENS O3M 3M2,Analogo
10094,PHYSIODENS O3M 3M2,Anterior Superior
10094,PHYSIODENS O3M 3M2,Consumible
10094,PHYSIODENS O3M 3M2,Dientes
10097,PHYSIODENS O3M 3R1.5,Analogo
10097,PHYSIODENS O3M 3R1.5,Anterior Superior
10097,PHYSIODENS O3M 3R1.5,Consumible
10097,PHYSIODENS O3M 3R1.5,Dientes
10100,PHYSIODENS O3M 3R2.5,Analogo
10100,PHYSIODENS O3M 3R2.5,Anterior Superior
10100,PHYSIODENS O3M 3R2.5,Consumible
10100,PHYSIODENS O3M 3R2.5,Dientes
10103,PHYSIODENS O3M 4M2,Analogo
10103,PHYSIODENS O3M 4M2,Anterior Superior
10103,PHYSIODENS O3M 4M2,Consumible
10103,PHYSIODENS O3M 4M2,Dientes
10106,PHYSIODENS O4L 1M1,Analogo
10106,PHYSIODENS O4L 1M1,Anterior Superior
10106,PHYSIODENS O4L 1M1,Consumible
10106,PHYSIODENS O4L 1M1,Dientes
10109,PHYSIODENS O4L 1M2,Analogo
10109,PHYSIODENS O4L 1M2,Anterior Superior
10109,PHYSIODENS O4L 1M2,Consumible
10109,PHYSIODENS O4L 1M2,Dientes
10112,PHYSIODENS O4L 2L1.5,Analogo
10112,PHYSIODENS O4L 2L1.5,Anterior Superior
10112,PHYSIODENS O4L 2L1.5,Consumible
10112,PHYSIODENS O4L 2L1.5,Dientes
10115,PHYSIODENS O4L 2L2.5,Analogo
10115,PHYSIODENS O4L 2L2.5,Anterior Superior
10115,PHYSIODENS O4L 2L2.5,Consumible
10115,PHYSIODENS O4L 2L2.5,Dientes
10118,PHYSIODENS O4L 2M1,Analogo
10118,PHYSIODENS O4L 2M1,Anterior Superior
10118,PHYSIODENS O4L 2M1,Consumible
10118,PHYSIODENS O4L 2M1,Dientes
10121,PHYSIODENS O4L 2M2,Analogo
10121,PHYSIODENS O4L 2M2,Anterior Superior
10121,PHYSIODENS O4L 2M2,Consumible
10121,PHYSIODENS O4L 2M2,Dientes
10124,PHYSIODENS O4L 2M3,Analogo
10124,PHYSIODENS O4L 2M3,Anterior Superior
10124,PHYSIODENS O4L 2M3,Consumible
10124,PHYSIODENS O4L 2M3,Dientes
10127,PHYSIODENS O4L 2R1.5,Analogo
10127,PHYSIODENS O4L 2R1.5,Anterior Superior
10127,PHYSIODENS O4L 2R1.5,Consumible
10127,PHYSIODENS O4L 2R1.5,Dientes
10130,PHYSIODENS O4L 2R2.5,Analogo
10130,PHYSIODENS O4L 2R2.5,Anterior Superior
10130,PHYSIODENS O4L 2R2.5,Consumible
10130,PHYSIODENS O4L 2R2.5,Dientes
10133,PHYSIODENS O4L 3L1.5,Analogo
10133,PHYSIODENS O4L 3L1.5,Anterior Superior
10133,PHYSIODENS O4L 3L1.5,Consumible
10133,PHYSIODENS O4L 3L1.5,Dientes
10136,PHYSIODENS O4L 3L2.5,Analogo
10136,PHYSIODENS O4L 3L2.5,Anterior Superior
10136,PHYSIODENS O4L 3L2.5,Consumible
10136,PHYSIODENS O4L 3L2.5,Dientes
10139,PHYSIODENS O4L 3M1,Analogo
10139,PHYSIODENS O4L 3M1,Anterior Superior
10139,PHYSIODENS O4L 3M1,Consumible
10139,PHYSIODENS O4L 3M1,Dientes
10142,PHYSIODENS O4L 3M2,Analogo
10142,PHYSIODENS O4L 3M2,Anterior Superior
10142,PHYSIODENS O4L 3M2,Consumible
10142,PHYSIODENS O4L 3M2,Dientes
10145,PHYSIODENS O4L 3R1.5,Analogo
10145,PHYSIODENS O4L 3R1.5,Anterior Superior
10145,PHYSIODENS O4L 3R1.5,Consumible
10145,PHYSIODENS O4L 3R1.5,Dientes
10148,PHYSIODENS O4L 3R2.5,Analogo
10148,PHYSIODENS O4L 3R2.5,Anterior Superior
10148,PHYSIODENS O4L 3R2.5,Consumible
10148,PHYSIODENS O4L 3R2.5,Dientes
10151,PHYSIODENS O4L 4M2,Analogo
10151,PHYSIODENS O4L 4M2,Anterior Superior
10151,PHYSIODENS O4L 4M2,Consumible
10151,PHYSIODENS O4L 4M2,Dientes
10154,PHYSIODENS O5L 1M1,Analogo
10154,PHYSIODENS O5L 1M1,Anterior Superior
10154,PHYSIODENS O5L 1M1,Consumible
10154,PHYSIODENS O5L 1M1,Dientes
10157,PHYSIODENS O5L 1M2,Analogo
10157,PHYSIODENS O5L 1M2,Anterior Superior
10157,PHYSIODENS O5L 1M2,Consumible
10157,PHYSIODENS O5L 1M2,Dientes
10160,PHYSIODENS O5L 2L1.5,Analogo
10160,PHYSIODENS O5L 2L1.5,Anterior Superior
10160,PHYSIODENS O5L 2L1.5,Consumible
10160,PHYSIODENS O5L 2L1.5,Dientes
10163,PHYSIODENS O5L 2L2.5,Analogo
10163,PHYSIODENS O5L 2L2.5,Anterior Superior
10163,PHYSIODENS O5L 2L2.5,Consumible
10163,PHYSIODENS O5L 2L2.5,Dientes
10166,PHYSIODENS O5L 2M1,Analogo
10166,PHYSIODENS O5L 2M1,Anterior Superior
10166,PHYSIODENS O5L 2M1,Consumible
10166,PHYSIODENS O5L 2M1,Dientes
10169,PHYSIODENS O5L 2M2,Analogo
10169,PHYSIODENS O5L 2M2,Anterior Superior
10169,PHYSIODENS O5L 2M2,Consumible
10169,PHYSIODENS O5L 2M2,Dientes
10172,PHYSIODENS O5L 2M3,Analogo
10172,PHYSIODENS O5L 2M3,Anterior Superior
10172,PHYSIODENS O5L 2M3,Consumible
10172,PHYSIODENS O5L 2M3,Dientes
10175,PHYSIODENS O5L 2R1.5,Analogo
10175,PHYSIODENS O5L 2R1.5,Anterior Superior
10175,PHYSIODENS O5L 2R1.5,Consumible
10175,PHYSIODENS O5L 2R1.5,Dientes
10178,PHYSIODENS O5L 2R2.5,Analogo
10178,PHYSIODENS O5L 2R2.5,Anterior Superior
10178,PHYSIODENS O5L 2R2.5,Consumible
10178,PHYSIODENS O5L 2R2.5,Dientes
10181,PHYSIODENS O5L 3L1.5,Analogo
10181,PHYSIODENS O5L 3L1.5,Anterior Superior
10181,PHYSIODENS O5L 3L1.5,Consumible
10181,PHYSIODENS O5L 3L1.5,Dientes
10184,PHYSIODENS O5L 3L2.5,Analogo
10184,PHYSIODENS O5L 3L2.5,Anterior Superior
10184,PHYSIODENS O5L 3L2.5,Consumible
10184,PHYSIODENS O5L 3L2.5,Dientes
10187,PHYSIODENS O5L 3M1,Analogo
10187,PHYSIODENS O5L 3M1,Anterior Superior
10187,PHYSIODENS O5L 3M1,Consumible
10187,PHYSIODENS O5L 3M1,Dientes
10190,PHYSIODENS O5L 3M2,Analogo
10190,PHYSIODENS O5L 3M2,Anterior Superior
10190,PHYSIODENS O5L 3M2,Consumible
10190,PHYSIODENS O5L 3M2,Dientes
10193,PHYSIODENS O5L 3R1.5,Analogo
10193,PHYSIODENS O5L 3R1.5,Anterior Superior
10193,PHYSIODENS O5L 3R1.5,Consumible
10193,PHYSIODENS O5L 3R1.5,Dientes
10196,PHYSIODENS O5L 3R2.5,Analogo
10196,PHYSIODENS O5L 3R2.5,Anterior Superior
10196,PHYSIODENS O5L 3R2.5,Consumible
10196,PHYSIODENS O5L 3R2.5,Dientes
10199,PHYSIODENS O5L 4M2,Analogo
10199,PHYSIODENS O5L 4M2,Anterior Superior
10199,PHYSIODENS O5L 4M2,Consumible
10199,PHYSIODENS O5L 4M2,Dientes
10202,PHYSIODENS O6L 1M1,Analogo
10202,PHYSIODENS O6L 1M1,Anterior Superior
10202,PHYSIODENS O6L 1M1,Consumible
10202,PHYSIODENS O6L 1M1,Dientes
10205,PHYSIODENS O6L 1M2,Analogo
10205,PHYSIODENS O6L 1M2,Anterior Superior
10205,PHYSIODENS O6L 1M2,Consumible
10205,PHYSIODENS O6L 1M2,Dientes
10208,PHYSIODENS O6L 2L1.5,Analogo
10208,PHYSIODENS O6L 2L1.5,Anterior Superior
10208,PHYSIODENS O6L 2L1.5,Consumible
10208,PHYSIODENS O6L 2L1.5,Dientes
10211,PHYSIODENS O6L 2L2.5,Analogo
10211,PHYSIODENS O6L 2L2.5,Anterior Superior
10211,PHYSIODENS O6L 2L2.5,Consumible
10211,PHYSIODENS O6L 2L2.5,Dientes
10214,PHYSIODENS O6L 2M1,Analogo
10214,PHYSIODENS O6L 2M1,Anterior Superior
10214,PHYSIODENS O6L 2M1,Consumible
10214,PHYSIODENS O6L 2M1,Dientes
10217,PHYSIODENS O6L 2M2,Analogo
10217,PHYSIODENS O6L 2M2,Anterior Superior
10217,PHYSIODENS O6L 2M2,Consumible
10217,PHYSIODENS O6L 2M2,Dientes
10220,PHYSIODENS O6L 2M3,Analogo
10220,PHYSIODENS O6L 2M3,Anterior Superior
10220,PHYSIODENS O6L 2M3,Consumible
10220,PHYSIODENS O6L 2M3,Dientes
10223,PHYSIODENS O6L 2R1.5,Analogo
10223,PHYSIODENS O6L 2R1.5,Anterior Superior
10223,PHYSIODENS O6L 2R1.5,Consumible
10223,PHYSIODENS O6L 2R1.5,Dientes
10226,PHYSIODENS O6L 2R2.5,Analogo
10226,PHYSIODENS O6L 2R2.5,Anterior Superior
10226,PHYSIODENS O6L 2R2.5,Consumible
10226,PHYSIODENS O6L 2R2.5,Dientes
10229,PHYSIODENS O6L 3L1.5,Analogo
10229,PHYSIODENS O6L 3L1.5,Anterior Superior
10229,PHYSIODENS O6L 3L1.5,Consumible
10229,PHYSIODENS O6L 3L1.5,Dientes
10232,PHYSIODENS O6L 3L2.5,Analogo
10232,PHYSIODENS O6L 3L2.5,Anterior Superior
10232,PHYSIODENS O6L 3L2.5,Consumible
10232,PHYSIODENS O6L 3L2.5,Dientes
10235,PHYSIODENS O6L 3M1,Analogo
10235,PHYSIODENS O6L 3M1,Anterior Superior
10235,PHYSIODENS O6L 3M1,Consumible
10235,PHYSIODENS O6L 3M1,Dientes
10238,PHYSIODENS O6L 3M2,Analogo
10238,PHYSIODENS O6L 3M2,Anterior Superior
10238,PHYSIODENS O6L 3M2,Consumible
10238,PHYSIODENS O6L 3M2,Dientes
10241,PHYSIODENS O6L 3R1.5,Analogo
10241,PHYSIODENS O6L 3R1.5,Anterior Superior
10241,PHYSIODENS O6L 3R1.5,Consumible
10241,PHYSIODENS O6L 3R1.5,Dientes
10244,PHYSIODENS O6L 3R2.5,Analogo
10244,PHYSIODENS O6L 3R2.5,Anterior Superior
10244,PHYSIODENS O6L 3R2.5,Consumible
10244,PHYSIODENS O6L 3R2.5,Dientes
10247,PHYSIODENS O6L 4M2,Analogo
10247,PHYSIODENS O6L 4M2,Anterior Superior
10247,PHYSIODENS O6L 4M2,Consumible
10247,PHYSIODENS O6L 4M2,Dientes
10253,PHYSIODENS T1S 1M1,Analogo
10253,PHYSIODENS T1S 1M1,Anterior Superior
10253,PHYSIODENS T1S 1M1,Consumible
10253,PHYSIODENS T1S 1M1,Dientes
10256,PHYSIODENS T1S 1M2,Analogo
10256,PHYSIODENS T1S 1M2,Anterior Superior
10256,PHYSIODENS T1S 1M2,Consumible
10256,PHYSIODENS T1S 1M2,Dientes
10259,PHYSIODENS T1S 2L1.5,Analogo
10259,PHYSIODENS T1S 2L1.5,Anterior Superior
10259,PHYSIODENS T1S 2L1.5,Consumible
10259,PHYSIODENS T1S 2L1.5,Dientes
10262,PHYSIODENS T1S 2L2.5,Analogo
10262,PHYSIODENS T1S 2L2.5,Anterior Superior
10262,PHYSIODENS T1S 2L2.5,Consumible
10262,PHYSIODENS T1S 2L2.5,Dientes
10265,PHYSIODENS T1S 2M1,Analogo
10265,PHYSIODENS T1S 2M1,Anterior Superior
10265,PHYSIODENS T1S 2M1,Consumible
10265,PHYSIODENS T1S 2M1,Dientes
10268,PHYSIODENS T1S 2M2,Analogo
10268,PHYSIODENS T1S 2M2,Anterior Superior
10268,PHYSIODENS T1S 2M2,Consumible
10268,PHYSIODENS T1S 2M2,Dientes
10271,PHYSIODENS T1S 2M3,Analogo
10271,PHYSIODENS T1S 2M3,Anterior Superior
10271,PHYSIODENS T1S 2M3,Consumible
10271,PHYSIODENS T1S 2M3,Dientes
10274,PHYSIODENS T1S 2R1.5,Analogo
10274,PHYSIODENS T1S 2R1.5,Anterior Superior
10274,PHYSIODENS T1S 2R1.5,Consumible
10274,PHYSIODENS T1S 2R1.5,Dientes
10277,PHYSIODENS T1S 2R2.5,Analogo
10277,PHYSIODENS T1S 2R2.5,Anterior Superior
10277,PHYSIODENS T1S 2R2.5,Consumible
10277,PHYSIODENS T1S 2R2.5,Dientes
10280,PHYSIODENS T1S 3L1.5,Analogo
10280,PHYSIODENS T1S 3L1.5,Anterior Superior
10280,PHYSIODENS T1S 3L1.5,Consumible
10280,PHYSIODENS T1S 3L1.5,Dientes
10283,PHYSIODENS T1S 3L2.5,Analogo
10283,PHYSIODENS T1S 3L2.5,Anterior Superior
10283,PHYSIODENS T1S 3L2.5,Consumible
10283,PHYSIODENS T1S 3L2.5,Dientes
10286,PHYSIODENS T1S 3M1,Analogo
10286,PHYSIODENS T1S 3M1,Anterior Superior
10286,PHYSIODENS T1S 3M1,Consumible
10286,PHYSIODENS T1S 3M1,Dientes
10289,PHYSIODENS T1S 3M2,Analogo
10289,PHYSIODENS T1S 3M2,Anterior Superior
10289,PHYSIODENS T1S 3M2,Consumible
10289,PHYSIODENS T1S 3M2,Dientes
10292,PHYSIODENS T1S 3R1.5,Analogo
10292,PHYSIODENS T1S 3R1.5,Anterior Superior
10292,PHYSIODENS T1S 3R1.5,Consumible
10292,PHYSIODENS T1S 3R1.5,Dientes
10295,PHYSIODENS T1S 3R2.5,Analogo
10295,PHYSIODENS T1S 3R2.5,Anterior Superior
10295,PHYSIODENS T1S 3R2.5,Consumible
10295,PHYSIODENS T1S 3R2.5,Dientes
10298,PHYSIODENS T1S 4M2,Analogo
10298,PHYSIODENS T1S 4M2,Anterior Superior
10298,PHYSIODENS T1S 4M2,Consumible
10298,PHYSIODENS T1S 4M2,Dientes
10301,PHYSIODENS T2S 0M1,Analogo
10301,PHYSIODENS T2S 0M1,Anterior Superior
10301,PHYSIODENS T2S 0M1,Consumible
10301,PHYSIODENS T2S 0M1,Dientes
10304,PHYSIODENS T2S 0M3,Analogo
10304,PHYSIODENS T2S 0M3,Anterior Superior
10304,PHYSIODENS T2S 0M3,Consumible
10304,PHYSIODENS T2S 0M3,Dientes
10307,PHYSIODENS T2S 1M1,Analogo
10307,PHYSIODENS T2S 1M1,Anterior Superior
10307,PHYSIODENS T2S 1M1,Consumible
10307,PHYSIODENS T2S 1M1,Dientes
10310,PHYSIODENS T2S 1M2,Analogo
10310,PHYSIODENS T2S 1M2,Anterior Superior
10310,PHYSIODENS T2S 1M2,Consumible
10310,PHYSIODENS T2S 1M2,Dientes
10313,PHYSIODENS T2S 2L1.5,Analogo
10313,PHYSIODENS T2S 2L1.5,Anterior Superior
10313,PHYSIODENS T2S 2L1.5,Consumible
10313,PHYSIODENS T2S 2L1.5,Dientes
10316,PHYSIODENS T2S 2L2.5,Analogo
10316,PHYSIODENS T2S 2L2.5,Anterior Superior
10316,PHYSIODENS T2S 2L2.5,Consumible
10316,PHYSIODENS T2S 2L2.5,Dientes
10319,PHYSIODENS T2S 2M1,Analogo
10319,PHYSIODENS T2S 2M1,Anterior Superior
10319,PHYSIODENS T2S 2M1,Consumible
10319,PHYSIODENS T2S 2M1,Dientes
10322,PHYSIODENS T2S 2M2,Analogo
10322,PHYSIODENS T2S 2M2,Anterior Superior
10322,PHYSIODENS T2S 2M2,Consumible
10322,PHYSIODENS T2S 2M2,Dientes
10325,PHYSIODENS T2S 2M3,Analogo
10325,PHYSIODENS T2S 2M3,Anterior Superior
10325,PHYSIODENS T2S 2M3,Consumible
10325,PHYSIODENS T2S 2M3,Dientes
10328,PHYSIODENS T2S 2R1.5,Analogo
10328,PHYSIODENS T2S 2R1.5,Anterior Superior
10328,PHYSIODENS T2S 2R1.5,Consumible
10328,PHYSIODENS T2S 2R1.5,Dientes
10331,PHYSIODENS T2S 2R2.5,Analogo
10331,PHYSIODENS T2S 2R2.5,Anterior Superior
10331,PHYSIODENS T2S 2R2.5,Consumible
10331,PHYSIODENS T2S 2R2.5,Dientes
10334,PHYSIODENS T2S 3L1.5,Analogo
10334,PHYSIODENS T2S 3L1.5,Anterior Superior
10334,PHYSIODENS T2S 3L1.5,Consumible
10334,PHYSIODENS T2S 3L1.5,Dientes
10337,PHYSIODENS T2S 3L2.5,Analogo
10337,PHYSIODENS T2S 3L2.5,Anterior Superior
10337,PHYSIODENS T2S 3L2.5,Consumible
10337,PHYSIODENS T2S 3L2.5,Dientes
10340,PHYSIODENS T2S 3M1,Analogo
10340,PHYSIODENS T2S 3M1,Anterior Superior
10340,PHYSIODENS T2S 3M1,Consumible
10340,PHYSIODENS T2S 3M1,Dientes
10343,PHYSIODENS T2S 3M2,Analogo
10343,PHYSIODENS T2S 3M2,Anterior Superior
10343,PHYSIODENS T2S 3M2,Consumible
10343,PHYSIODENS T2S 3M2,Dientes
10346,PHYSIODENS T2S 3R1.5,Analogo
10346,PHYSIODENS T2S 3R1.5,Anterior Superior
10346,PHYSIODENS T2S 3R1.5,Consumible
10346,PHYSIODENS T2S 3R1.5,Dientes
10349,PHYSIODENS T2S 3R2.5,Analogo
10349,PHYSIODENS T2S 3R2.5,Anterior Superior
10349,PHYSIODENS T2S 3R2.5,Consumible
10349,PHYSIODENS T2S 3R2.5,Dientes
10352,PHYSIODENS T2S 4M2,Analogo
10352,PHYSIODENS T2S 4M2,Anterior Superior
10352,PHYSIODENS T2S 4M2,Consumible
10352,PHYSIODENS T2S 4M2,Dientes
10355,PHYSIODENS T3M 1M1,Analogo
10355,PHYSIODENS T3M 1M1,Anterior Superior
10355,PHYSIODENS T3M 1M1,Consumible
10355,PHYSIODENS T3M 1M1,Dientes
10358,PHYSIODENS T3M 1M2,Analogo
10358,PHYSIODENS T3M 1M2,Anterior Superior
10358,PHYSIODENS T3M 1M2,Consumible
10358,PHYSIODENS T3M 1M2,Dientes
10361,PHYSIODENS T3M 2L1.5,Analogo
10361,PHYSIODENS T3M 2L1.5,Anterior Superior
10361,PHYSIODENS T3M 2L1.5,Consumible
10361,PHYSIODENS T3M 2L1.5,Dientes
10364,PHYSIODENS T3M 2L2.5,Analogo
10364,PHYSIODENS T3M 2L2.5,Anterior Superior
10364,PHYSIODENS T3M 2L2.5,Consumible
10364,PHYSIODENS T3M 2L2.5,Dientes
10367,PHYSIODENS T3M 2M1,Analogo
10367,PHYSIODENS T3M 2M1,Anterior Superior
10367,PHYSIODENS T3M 2M1,Consumible
10367,PHYSIODENS T3M 2M1,Dientes
10370,PHYSIODENS T3M 2M2,Analogo
10370,PHYSIODENS T3M 2M2,Anterior Superior
10370,PHYSIODENS T3M 2M2,Consumible
10370,PHYSIODENS T3M 2M2,Dientes
10373,PHYSIODENS T3M 2M3,Analogo
10373,PHYSIODENS T3M 2M3,Anterior Superior
10373,PHYSIODENS T3M 2M3,Consumible
10373,PHYSIODENS T3M 2M3,Dientes
10376,PHYSIODENS T3M 2R1.5,Analogo
10376,PHYSIODENS T3M 2R1.5,Anterior Superior
10376,PHYSIODENS T3M 2R1.5,Consumible
10376,PHYSIODENS T3M 2R1.5,Dientes
10379,PHYSIODENS T3M 2R2.5,Analogo
10379,PHYSIODENS T3M 2R2.5,Anterior Superior
10379,PHYSIODENS T3M 2R2.5,Consumible
10379,PHYSIODENS T3M 2R2.5,Dientes
10382,PHYSIODENS T3M 3L1.5,Analogo
10382,PHYSIODENS T3M 3L1.5,Anterior Superior
10382,PHYSIODENS T3M 3L1.5,Consumible
10382,PHYSIODENS T3M 3L1.5,Dientes
10385,PHYSIODENS T3M 3L2.5,Analogo
10385,PHYSIODENS T3M 3L2.5,Anterior Superior
10385,PHYSIODENS T3M 3L2.5,Consumible
10385,PHYSIODENS T3M 3L2.5,Dientes
10388,PHYSIODENS T3M 3M1,Analogo
10388,PHYSIODENS T3M 3M1,Anterior Superior
10388,PHYSIODENS T3M 3M1,Consumible
10388,PHYSIODENS T3M 3M1,Dientes
10391,PHYSIODENS T3M 3M2,Analogo
10391,PHYSIODENS T3M 3M2,Anterior Superior
10391,PHYSIODENS T3M 3M2,Consumible
10391,PHYSIODENS T3M 3M2,Dientes
10394,PHYSIODENS T3M 3R1.5,Analogo
10394,PHYSIODENS T3M 3R1.5,Anterior Superior
10394,PHYSIODENS T3M 3R1.5,Consumible
10394,PHYSIODENS T3M 3R1.5,Dientes
10397,PHYSIODENS T3M 3R2.5,Analogo
10397,PHYSIODENS T3M 3R2.5,Anterior Superior
10397,PHYSIODENS T3M 3R2.5,Consumible
10397,PHYSIODENS T3M 3R2.5,Dientes
10400,PHYSIODENS T3M 4M2,Analogo
10400,PHYSIODENS T3M 4M2,Anterior Superior
10400,PHYSIODENS T3M 4M2,Consumible
10400,PHYSIODENS T3M 4M2,Dientes
10403,PHYSIODENS T4M 0M1,Analogo
10403,PHYSIODENS T4M 0M1,Anterior Superior
10403,PHYSIODENS T4M 0M1,Consumible
10403,PHYSIODENS T4M 0M1,Dientes
10406,PHYSIODENS T4M 0M3,Analogo
10406,PHYSIODENS T4M 0M3,Anterior Superior
10406,PHYSIODENS T4M 0M3,Consumible
10406,PHYSIODENS T4M 0M3,Dientes
10409,PHYSIODENS T4M 1M1,Analogo
10409,PHYSIODENS T4M 1M1,Anterior Superior
10409,PHYSIODENS T4M 1M1,Consumible
10409,PHYSIODENS T4M 1M1,Dientes
10412,PHYSIODENS T4M 1M2,Analogo
10412,PHYSIODENS T4M 1M2,Anterior Superior
10412,PHYSIODENS T4M 1M2,Consumible
10412,PHYSIODENS T4M 1M2,Dientes
10415,PHYSIODENS T4M 2L1.5,Analogo
10415,PHYSIODENS T4M 2L1.5,Anterior Superior
10415,PHYSIODENS T4M 2L1.5,Consumible
10415,PHYSIODENS T4M 2L1.5,Dientes
10418,PHYSIODENS T4M 2L2.5,Analogo
10418,PHYSIODENS T4M 2L2.5,Anterior Superior
10418,PHYSIODENS T4M 2L2.5,Consumible
10418,PHYSIODENS T4M 2L2.5,Dientes
10421,PHYSIODENS T4M 2M1,Analogo
10421,PHYSIODENS T4M 2M1,Anterior Superior
10421,PHYSIODENS T4M 2M1,Consumible
10421,PHYSIODENS T4M 2M1,Dientes
10424,PHYSIODENS T4M 2M2,Analogo
10424,PHYSIODENS T4M 2M2,Anterior Superior
10424,PHYSIODENS T4M 2M2,Consumible
10424,PHYSIODENS T4M 2M2,Dientes
10427,PHYSIODENS T4M 2M3,Analogo
10427,PHYSIODENS T4M 2M3,Anterior Superior
10427,PHYSIODENS T4M 2M3,Consumible
10427,PHYSIODENS T4M 2M3,Dientes
10430,PHYSIODENS T4M 2R1.5,Analogo
10430,PHYSIODENS T4M 2R1.5,Anterior Superior
10430,PHYSIODENS T4M 2R1.5,Consumible
10430,PHYSIODENS T4M 2R1.5,Dientes
10433,PHYSIODENS T4M 2R2.5,Analogo
10433,PHYSIODENS T4M 2R2.5,Anterior Superior
10433,PHYSIODENS T4M 2R2.5,Consumible
10433,PHYSIODENS T4M 2R2.5,Dientes
10436,PHYSIODENS T4M 3L1.5,Analogo
10436,PHYSIODENS T4M 3L1.5,Anterior Superior
10436,PHYSIODENS T4M 3L1.5,Consumible
10436,PHYSIODENS T4M 3L1.5,Dientes
10439,PHYSIODENS T4M 3L2.5,Analogo
10439,PHYSIODENS T4M 3L2.5,Anterior Superior
10439,PHYSIODENS T4M 3L2.5,Consumible
10439,PHYSIODENS T4M 3L2.5,Dientes
10442,PHYSIODENS T4M 3M1,Analogo
10442,PHYSIODENS T4M 3M1,Anterior Superior
10442,PHYSIODENS T4M 3M1,Consumible
10442,PHYSIODENS T4M 3M1,Dientes
10445,PHYSIODENS T4M 3M2,Analogo
10445,PHYSIODENS T4M 3M2,Anterior Superior
10445,PHYSIODENS T4M 3M2,Consumible
10445,PHYSIODENS T4M 3M2,Dientes
10448,PHYSIODENS T4M 3R1.5,Analogo
10448,PHYSIODENS T4M 3R1.5,Anterior Superior
10448,PHYSIODENS T4M 3R1.5,Consumible
10448,PHYSIODENS T4M 3R1.5,Dientes
10451,PHYSIODENS T4M 3R2.5,Analogo
10451,PHYSIODENS T4M 3R2.5,Anterior Superior
10451,PHYSIODENS T4M 3R2.5,Consumible
10451,PHYSIODENS T4M 3R2.5,Dientes
10454,PHYSIODENS T4M 4M2,Analogo
10454,PHYSIODENS T4M 4M2,Anterior Superior
10454,PHYSIODENS T4M 4M2,Consumible
10454,PHYSIODENS T4M 4M2,Dientes
10457,PHYSIODENS T5M 1M1,Analogo
10457,PHYSIODENS T5M 1M1,Anterior Superior
10457,PHYSIODENS T5M 1M1,Consumible
10457,PHYSIODENS T5M 1M1,Dientes
10460,PHYSIODENS T5M 1M2,Analogo
10460,PHYSIODENS T5M 1M2,Anterior Superior
10460,PHYSIODENS T5M 1M2,Consumible
10460,PHYSIODENS T5M 1M2,Dientes
10463,PHYSIODENS T5M 2L1.5,Analogo
10463,PHYSIODENS T5M 2L1.5,Anterior Superior
10463,PHYSIODENS T5M 2L1.5,Consumible
10463,PHYSIODENS T5M 2L1.5,Dientes
10466,PHYSIODENS T5M 2L2.5,Analogo
10466,PHYSIODENS T5M 2L2.5,Anterior Superior
10466,PHYSIODENS T5M 2L2.5,Consumible
10466,PHYSIODENS T5M 2L2.5,Dientes
10469,PHYSIODENS T5M 2M1,Analogo
10469,PHYSIODENS T5M 2M1,Anterior Superior
10469,PHYSIODENS T5M 2M1,Consumible
10469,PHYSIODENS T5M 2M1,Dientes
10472,PHYSIODENS T5M 2M2,Analogo
10472,PHYSIODENS T5M 2M2,Anterior Superior
10472,PHYSIODENS T5M 2M2,Consumible
10472,PHYSIODENS T5M 2M2,Dientes
10475,PHYSIODENS T5M 2M3,Analogo
10475,PHYSIODENS T5M 2M3,Anterior Superior
10475,PHYSIODENS T5M 2M3,Consumible
10475,PHYSIODENS T5M 2M3,Dientes
10478,PHYSIODENS T5M 2R1.5,Analogo
10478,PHYSIODENS T5M 2R1.5,Anterior Superior
10478,PHYSIODENS T5M 2R1.5,Consumible
10478,PHYSIODENS T5M 2R1.5,Dientes
10481,PHYSIODENS T5M 2R2.5,Analogo
10481,PHYSIODENS T5M 2R2.5,Anterior Superior
10481,PHYSIODENS T5M 2R2.5,Consumible
10481,PHYSIODENS T5M 2R2.5,Dientes
10484,PHYSIODENS T5M 3L1.5,Analogo
10484,PHYSIODENS T5M 3L1.5,Anterior Superior
10484,PHYSIODENS T5M 3L1.5,Consumible
10484,PHYSIODENS T5M 3L1.5,Dientes
10487,PHYSIODENS T5M 3L2.5,Analogo
10487,PHYSIODENS T5M 3L2.5,Anterior Superior
10487,PHYSIODENS T5M 3L2.5,Consumible
10487,PHYSIODENS T5M 3L2.5,Dientes
10490,PHYSIODENS T5M 3M1,Analogo
10490,PHYSIODENS T5M 3M1,Anterior Superior
10490,PHYSIODENS T5M 3M1,Consumible
10490,PHYSIODENS T5M 3M1,Dientes
10493,PHYSIODENS T5M 3M2,Analogo
10493,PHYSIODENS T5M 3M2,Anterior Superior
10493,PHYSIODENS T5M 3M2,Consumible
10493,PHYSIODENS T5M 3M2,Dientes
10496,PHYSIODENS T5M 3R1.5,Analogo
10496,PHYSIODENS T5M 3R1.5,Anterior Superior
10496,PHYSIODENS T5M 3R1.5,Consumible
10496,PHYSIODENS T5M 3R1.5,Dientes
10499,PHYSIODENS T5M 3R2.5,Analogo
10499,PHYSIODENS T5M 3R2.5,Anterior Superior
10499,PHYSIODENS T5M 3R2.5,Consumible
10499,PHYSIODENS T5M 3R2.5,Dientes
10502,PHYSIODENS T5M 4M2,Analogo
10502,PHYSIODENS T5M 4M2,Anterior Superior
10502,PHYSIODENS T5M 4M2,Consumible
10502,PHYSIODENS T5M 4M2,Dientes
10505,PHYSIODENS T6L 1M1,Analogo
10505,PHYSIODENS T6L 1M1,Anterior Superior
10505,PHYSIODENS T6L 1M1,Consumible
10505,PHYSIODENS T6L 1M1,Dientes
10508,PHYSIODENS T6L 1M2,Analogo
10508,PHYSIODENS T6L 1M2,Anterior Superior
10508,PHYSIODENS T6L 1M2,Consumible
10508,PHYSIODENS T6L 1M2,Dientes
10511,PHYSIODENS T6L 2L1.5,Analogo
10511,PHYSIODENS T6L 2L1.5,Anterior Superior
10511,PHYSIODENS T6L 2L1.5,Consumible
10511,PHYSIODENS T6L 2L1.5,Dientes
10514,PHYSIODENS T6L 2L2.5,Analogo
10514,PHYSIODENS T6L 2L2.5,Anterior Superior
10514,PHYSIODENS T6L 2L2.5,Consumible
10514,PHYSIODENS T6L 2L2.5,Dientes
10517,PHYSIODENS T6L 2M1,Analogo
10517,PHYSIODENS T6L 2M1,Anterior Superior
10517,PHYSIODENS T6L 2M1,Consumible
10517,PHYSIODENS T6L 2M1,Dientes
10520,PHYSIODENS T6L 2M2,Analogo
10520,PHYSIODENS T6L 2M2,Anterior Superior
10520,PHYSIODENS T6L 2M2,Consumible
10520,PHYSIODENS T6L 2M2,Dientes
10523,PHYSIODENS T6L 2M3,Analogo
10523,PHYSIODENS T6L 2M3,Anterior Superior
10523,PHYSIODENS T6L 2M3,Consumible
10526,PHYSIODENS T6L 2R1.5,Analogo
10526,PHYSIODENS T6L 2R1.5,Anterior Superior
10526,PHYSIODENS T6L 2R1.5,Consumible
10526,PHYSIODENS T6L 2R1.5,Dientes
10529,PHYSIODENS T6L 2R2.5,Analogo
10529,PHYSIODENS T6L 2R2.5,Anterior Superior
10529,PHYSIODENS T6L 2R2.5,Consumible
10529,PHYSIODENS T6L 2R2.5,Dientes
10532,PHYSIODENS T6L 3L1.5,Analogo
10532,PHYSIODENS T6L 3L1.5,Anterior Superior
10532,PHYSIODENS T6L 3L1.5,Consumible
10532,PHYSIODENS T6L 3L1.5,Dientes
10535,PHYSIODENS T6L 3L2.5,Analogo
10535,PHYSIODENS T6L 3L2.5,Anterior Superior
10535,PHYSIODENS T6L 3L2.5,Consumible
10535,PHYSIODENS T6L 3L2.5,Dientes
10538,PHYSIODENS T6L 3M1,Analogo
10538,PHYSIODENS T6L 3M1,Anterior Superior
10538,PHYSIODENS T6L 3M1,Consumible
10538,PHYSIODENS T6L 3M1,Dientes
10541,PHYSIODENS T6L 3M2,Analogo
10541,PHYSIODENS T6L 3M2,Anterior Superior
10541,PHYSIODENS T6L 3M2,Consumible
10541,PHYSIODENS T6L 3M2,Dientes
10544,PHYSIODENS T6L 3R1.5,Analogo
10544,PHYSIODENS T6L 3R1.5,Anterior Superior
10544,PHYSIODENS T6L 3R1.5,Consumible
10544,PHYSIODENS T6L 3R1.5,Dientes
10547,PHYSIODENS T6L 3R2.5,Analogo
10547,PHYSIODENS T6L 3R2.5,Anterior Superior
10547,PHYSIODENS T6L 3R2.5,Consumible
10547,PHYSIODENS T6L 3R2.5,Dientes
10550,PHYSIODENS T6L 4M2,Analogo
10550,PHYSIODENS T6L 4M2,Anterior Superior
10550,PHYSIODENS T6L 4M2,Consumible
10550,PHYSIODENS T6L 4M2,Dientes
10553,PHYSIODENS T6S 1M1,Analogo
10553,PHYSIODENS T6S 1M1,Anterior Superior
10553,PHYSIODENS T6S 1M1,Consumible
10553,PHYSIODENS T6S 1M1,Dientes
10556,PHYSIODENS T6S 1M2,Analogo
10556,PHYSIODENS T6S 1M2,Anterior Superior
10556,PHYSIODENS T6S 1M2,Consumible
10556,PHYSIODENS T6S 1M2,Dientes
10559,PHYSIODENS T6S 2L1.5,Analogo
10559,PHYSIODENS T6S 2L1.5,Anterior Superior
10559,PHYSIODENS T6S 2L1.5,Consumible
10559,PHYSIODENS T6S 2L1.5,Dientes
10562,PHYSIODENS T6S 2L2.5,Analogo
10562,PHYSIODENS T6S 2L2.5,Anterior Superior
10562,PHYSIODENS T6S 2L2.5,Consumible
10562,PHYSIODENS T6S 2L2.5,Dientes
10565,PHYSIODENS T6S 2M1,Analogo
10565,PHYSIODENS T6S 2M1,Anterior Superior
10565,PHYSIODENS T6S 2M1,Consumible
10565,PHYSIODENS T6S 2M1,Dientes
10568,PHYSIODENS T6S 2M2,Analogo
10568,PHYSIODENS T6S 2M2,Anterior Superior
10568,PHYSIODENS T6S 2M2,Consumible
10568,PHYSIODENS T6S 2M2,Dientes
10571,PHYSIODENS T6S 2M3,Analogo
10571,PHYSIODENS T6S 2M3,Anterior Superior
10571,PHYSIODENS T6S 2M3,Consumible
10571,PHYSIODENS T6S 2M3,Dientes
10574,PHYSIODENS T6S 2R1.5,Analogo
10574,PHYSIODENS T6S 2R1.5,Anterior Superior
10574,PHYSIODENS T6S 2R1.5,Consumible
10574,PHYSIODENS T6S 2R1.5,Dientes
10577,PHYSIODENS T6S 2R2.5,Analogo
10577,PHYSIODENS T6S 2R2.5,Anterior Superior
10577,PHYSIODENS T6S 2R2.5,Consumible
10577,PHYSIODENS T6S 2R2.5,Dientes
10580,PHYSIODENS T6S 3L1.5,Analogo
10580,PHYSIODENS T6S 3L1.5,Anterior Superior
10580,PHYSIODENS T6S 3L1.5,Consumible
10580,PHYSIODENS T6S 3L1.5,Dientes
10583,PHYSIODENS T6S 3L2.5,Analogo
10583,PHYSIODENS T6S 3L2.5,Anterior Superior
10583,PHYSIODENS T6S 3L2.5,Consumible
10583,PHYSIODENS T6S 3L2.5,Dientes
10586,PHYSIODENS T6S 3M1,Analogo
10586,PHYSIODENS T6S 3M1,Anterior Superior
10586,PHYSIODENS T6S 3M1,Consumible
10586,PHYSIODENS T6S 3M1,Dientes
10589,PHYSIODENS T6S 3M2,Analogo
10589,PHYSIODENS T6S 3M2,Anterior Superior
10589,PHYSIODENS T6S 3M2,Consumible
10589,PHYSIODENS T6S 3M2,Dientes
10592,PHYSIODENS T6S 3R1.5,Analogo
10592,PHYSIODENS T6S 3R1.5,Anterior Superior
10592,PHYSIODENS T6S 3R1.5,Consumible
10592,PHYSIODENS T6S 3R1.5,Dientes
10595,PHYSIODENS T6S 3R2.5,Analogo
10595,PHYSIODENS T6S 3R2.5,Anterior Superior
10595,PHYSIODENS T6S 3R2.5,Consumible
10595,PHYSIODENS T6S 3R2.5,Dientes
10598,PHYSIODENS T6S 4M2,Analogo
10598,PHYSIODENS T6S 4M2,Anterior Superior
10598,PHYSIODENS T6S 4M2,Consumible
10598,PHYSIODENS T6S 4M2,Dientes
10601,PHYSIODENS T7M 1M1,Analogo
10601,PHYSIODENS T7M 1M1,Anterior Superior
10601,PHYSIODENS T7M 1M1,Consumible
10601,PHYSIODENS T7M 1M1,Dientes
10604,PHYSIODENS T7M 1M2,Analogo
10604,PHYSIODENS T7M 1M2,Anterior Superior
10604,PHYSIODENS T7M 1M2,Consumible
10604,PHYSIODENS T7M 1M2,Dientes
10607,PHYSIODENS T7M 2L1.5,Analogo
10607,PHYSIODENS T7M 2L1.5,Anterior Superior
10607,PHYSIODENS T7M 2L1.5,Consumible
10607,PHYSIODENS T7M 2L1.5,Dientes
10610,PHYSIODENS T7M 2L2.5,Analogo
10610,PHYSIODENS T7M 2L2.5,Anterior Superior
10610,PHYSIODENS T7M 2L2.5,Consumible
10610,PHYSIODENS T7M 2L2.5,Dientes
10613,PHYSIODENS T7M 2M1,Analogo
10613,PHYSIODENS T7M 2M1,Anterior Superior
10613,PHYSIODENS T7M 2M1,Consumible
10613,PHYSIODENS T7M 2M1,Dientes
10616,PHYSIODENS T7M 2M2,Analogo
10616,PHYSIODENS T7M 2M2,Anterior Superior
10616,PHYSIODENS T7M 2M2,Consumible
10616,PHYSIODENS T7M 2M2,Dientes
10619,PHYSIODENS T7M 2M3,Analogo
10619,PHYSIODENS T7M 2M3,Anterior Superior
10619,PHYSIODENS T7M 2M3,Consumible
10619,PHYSIODENS T7M 2M3,Dientes
10622,PHYSIODENS T7M 2R1.5,Analogo
10622,PHYSIODENS T7M 2R1.5,Anterior Superior
10622,PHYSIODENS T7M 2R1.5,Consumible
10622,PHYSIODENS T7M 2R1.5,Dientes
10625,PHYSIODENS T7M 2R2.5,Analogo
10625,PHYSIODENS T7M 2R2.5,Anterior Superior
10625,PHYSIODENS T7M 2R2.5,Consumible
10625,PHYSIODENS T7M 2R2.5,Dientes
10628,PHYSIODENS T7M 3L1.5,Analogo
10628,PHYSIODENS T7M 3L1.5,Anterior Superior
10628,PHYSIODENS T7M 3L1.5,Consumible
10628,PHYSIODENS T7M 3L1.5,Dientes
10631,PHYSIODENS T7M 3L2.5,Analogo
10631,PHYSIODENS T7M 3L2.5,Anterior Superior
10631,PHYSIODENS T7M 3L2.5,Consumible
10631,PHYSIODENS T7M 3L2.5,Dientes
10634,PHYSIODENS T7M 3M1,Analogo
10634,PHYSIODENS T7M 3M1,Anterior Superior
10634,PHYSIODENS T7M 3M1,Consumible
10634,PHYSIODENS T7M 3M1,Dientes
10637,PHYSIODENS T7M 3M2,Analogo
10637,PHYSIODENS T7M 3M2,Anterior Superior
10637,PHYSIODENS T7M 3M2,Consumible
10637,PHYSIODENS T7M 3M2,Dientes
10640,PHYSIODENS T7M 3R1.5,Analogo
10640,PHYSIODENS T7M 3R1.5,Anterior Superior
10640,PHYSIODENS T7M 3R1.5,Consumible
10640,PHYSIODENS T7M 3R1.5,Dientes
10643,PHYSIODENS T7M 3R2.5,Analogo
10643,PHYSIODENS T7M 3R2.5,Anterior Superior
10643,PHYSIODENS T7M 3R2.5,Consumible
10643,PHYSIODENS T7M 3R2.5,Dientes
10646,PHYSIODENS T7M 4M2,Analogo
10646,PHYSIODENS T7M 4M2,Anterior Superior
10646,PHYSIODENS T7M 4M2,Consumible
10646,PHYSIODENS T7M 4M2,Dientes
10649,PHYSIODENS T8L 0M1,Analogo
10649,PHYSIODENS T8L 0M1,Anterior Superior
10649,PHYSIODENS T8L 0M1,Consumible
10649,PHYSIODENS T8L 0M1,Dientes
10652,PHYSIODENS T8L 0M3,Analogo
10652,PHYSIODENS T8L 0M3,Anterior Superior
10652,PHYSIODENS T8L 0M3,Consumible
10652,PHYSIODENS T8L 0M3,Dientes
10655,PHYSIODENS T8L 1M1,Analogo
10655,PHYSIODENS T8L 1M1,Anterior Superior
10655,PHYSIODENS T8L 1M1,Consumible
10655,PHYSIODENS T8L 1M1,Dientes
10658,PHYSIODENS T8L 1M2,Analogo
10658,PHYSIODENS T8L 1M2,Anterior Superior
10658,PHYSIODENS T8L 1M2,Consumible
10658,PHYSIODENS T8L 1M2,Dientes
10661,PHYSIODENS T8L 2L1.5,Analogo
10661,PHYSIODENS T8L 2L1.5,Anterior Superior
10661,PHYSIODENS T8L 2L1.5,Consumible
10661,PHYSIODENS T8L 2L1.5,Dientes
10664,PHYSIODENS T8L 2L2.5,Analogo
10664,PHYSIODENS T8L 2L2.5,Anterior Superior
10664,PHYSIODENS T8L 2L2.5,Consumible
10664,PHYSIODENS T8L 2L2.5,Dientes
10667,PHYSIODENS T8L 2M1,Analogo
10667,PHYSIODENS T8L 2M1,Anterior Superior
10667,PHYSIODENS T8L 2M1,Consumible
10667,PHYSIODENS T8L 2M1,Dientes
10670,PHYSIODENS T8L 2M2,Analogo
10670,PHYSIODENS T8L 2M2,Anterior Superior
10670,PHYSIODENS T8L 2M2,Consumible
10670,PHYSIODENS T8L 2M2,Dientes
10673,PHYSIODENS T8L 2M3,Analogo
10673,PHYSIODENS T8L 2M3,Anterior Superior
10673,PHYSIODENS T8L 2M3,Consumible
10673,PHYSIODENS T8L 2M3,Dientes
10676,PHYSIODENS T8L 2R1.5,Analogo
10676,PHYSIODENS T8L 2R1.5,Anterior Superior
10676,PHYSIODENS T8L 2R1.5,Consumible
10676,PHYSIODENS T8L 2R1.5,Dientes
10679,PHYSIODENS T8L 2R2.5,Analogo
10679,PHYSIODENS T8L 2R2.5,Anterior Superior
10679,PHYSIODENS T8L 2R2.5,Consumible
10679,PHYSIODENS T8L 2R2.5,Dientes
10682,PHYSIODENS T8L 3L1.5,Analogo
10682,PHYSIODENS T8L 3L1.5,Anterior Superior
10682,PHYSIODENS T8L 3L1.5,Consumible
10682,PHYSIODENS T8L 3L1.5,Dientes
10685,PHYSIODENS T8L 3L2.5,Analogo
10685,PHYSIODENS T8L 3L2.5,Anterior Superior
10685,PHYSIODENS T8L 3L2.5,Consumible
10685,PHYSIODENS T8L 3L2.5,Dientes
10688,PHYSIODENS T8L 3M1,Analogo
10688,PHYSIODENS T8L 3M1,Anterior Superior
10688,PHYSIODENS T8L 3M1,Consumible
10688,PHYSIODENS T8L 3M1,Dientes
10691,PHYSIODENS T8L 3M2,Analogo
10691,PHYSIODENS T8L 3M2,Anterior Superior
10691,PHYSIODENS T8L 3M2,Consumible
10691,PHYSIODENS T8L 3M2,Dientes
10694,PHYSIODENS T8L 3R1.5,Analogo
10694,PHYSIODENS T8L 3R1.5,Anterior Superior
10694,PHYSIODENS T8L 3R1.5,Consumible
10694,PHYSIODENS T8L 3R1.5,Dientes
10697,PHYSIODENS T8L 3R2.5,Analogo
10697,PHYSIODENS T8L 3R2.5,Anterior Superior
10697,PHYSIODENS T8L 3R2.5,Consumible
10697,PHYSIODENS T8L 3R2.5,Dientes
10700,PHYSIODENS T8L 4M2,Analogo
10700,PHYSIODENS T8L 4M2,Anterior Superior
10700,PHYSIODENS T8L 4M2,Consumible
10700,PHYSIODENS T8L 4M2,Dientes
10703,PHYSIODENS T9L 1M1,Analogo
10703,PHYSIODENS T9L 1M1,Anterior Superior
10703,PHYSIODENS T9L 1M1,Consumible
10703,PHYSIODENS T9L 1M1,Dientes
10706,PHYSIODENS T9L 1M2,Analogo
10706,PHYSIODENS T9L 1M2,Anterior Superior
10706,PHYSIODENS T9L 1M2,Consumible
10706,PHYSIODENS T9L 1M2,Dientes
10709,PHYSIODENS T9L 2L1.5,Analogo
10709,PHYSIODENS T9L 2L1.5,Anterior Superior
10709,PHYSIODENS T9L 2L1.5,Consumible
10709,PHYSIODENS T9L 2L1.5,Dientes
10712,PHYSIODENS T9L 2L2.5,Analogo
10712,PHYSIODENS T9L 2L2.5,Anterior Superior
10712,PHYSIODENS T9L 2L2.5,Consumible
10712,PHYSIODENS T9L 2L2.5,Dientes
10715,PHYSIODENS T9L 2M1,Analogo
10715,PHYSIODENS T9L 2M1,Anterior Superior
10715,PHYSIODENS T9L 2M1,Consumible
10715,PHYSIODENS T9L 2M1,Dientes
10718,PHYSIODENS T9L 2M2,Analogo
10718,PHYSIODENS T9L 2M2,Anterior Superior
10718,PHYSIODENS T9L 2M2,Consumible
10718,PHYSIODENS T9L 2M2,Dientes
10721,PHYSIODENS T9L 2M3,Analogo
10721,PHYSIODENS T9L 2M3,Anterior Superior
10721,PHYSIODENS T9L 2M3,Consumible
10721,PHYSIODENS T9L 2M3,Dientes
10724,PHYSIODENS T9L 2R1.5,Analogo
10724,PHYSIODENS T9L 2R1.5,Anterior Superior
10724,PHYSIODENS T9L 2R1.5,Consumible
10724,PHYSIODENS T9L 2R1.5,Dientes
10727,PHYSIODENS T9L 2R2.5,Analogo
10727,PHYSIODENS T9L 2R2.5,Anterior Superior
10727,PHYSIODENS T9L 2R2.5,Consumible
10727,PHYSIODENS T9L 2R2.5,Dientes
10730,PHYSIODENS T9L 3L1.5,Analogo
10730,PHYSIODENS T9L 3L1.5,Anterior Superior
10730,PHYSIODENS T9L 3L1.5,Consumible
10730,PHYSIODENS T9L 3L1.5,Dientes
10733,PHYSIODENS T9L 3L2.5,Analogo
10733,PHYSIODENS T9L 3L2.5,Anterior Superior
10733,PHYSIODENS T9L 3L2.5,Consumible
10733,PHYSIODENS T9L 3L2.5,Dientes
10736,PHYSIODENS T9L 3M1,Analogo
10736,PHYSIODENS T9L 3M1,Anterior Superior
10736,PHYSIODENS T9L 3M1,Consumible
10736,PHYSIODENS T9L 3M1,Dientes
10739,PHYSIODENS T9L 3M2,Analogo
10739,PHYSIODENS T9L 3M2,Anterior Superior
10739,PHYSIODENS T9L 3M2,Consumible
10739,PHYSIODENS T9L 3M2,Dientes
10742,PHYSIODENS T9L 3R1.5,Analogo
10742,PHYSIODENS T9L 3R1.5,Anterior Superior
10742,PHYSIODENS T9L 3R1.5,Consumible
10742,PHYSIODENS T9L 3R1.5,Dientes
10745,PHYSIODENS T9L 3R2.5,Analogo
10745,PHYSIODENS T9L 3R2.5,Anterior Superior
10745,PHYSIODENS T9L 3R2.5,Consumible
10745,PHYSIODENS T9L 3R2.5,Dientes
10748,PHYSIODENS T9L 4M2,Analogo
10748,PHYSIODENS T9L 4M2,Anterior Superior
10748,PHYSIODENS T9L 4M2,Consumible
10748,PHYSIODENS T9L 4M2,Dientes
10751,PHYSIODENS X1M 0M1,Analogo
10751,PHYSIODENS X1M 0M1,Anterior Superior
10751,PHYSIODENS X1M 0M1,Consumible
10751,PHYSIODENS X1M 0M1,Dientes
10754,PHYSIODENS X1M 0M3,Analogo
10754,PHYSIODENS X1M 0M3,Anterior Superior
10754,PHYSIODENS X1M 0M3,Consumible
10754,PHYSIODENS X1M 0M3,Dientes
10757,PHYSIODENS X1M 1M1,Analogo
10757,PHYSIODENS X1M 1M1,Anterior Superior
10757,PHYSIODENS X1M 1M1,Consumible
10757,PHYSIODENS X1M 1M1,Dientes
10760,PHYSIODENS X1M 1M2,Analogo
10760,PHYSIODENS X1M 1M2,Anterior Superior
10760,PHYSIODENS X1M 1M2,Consumible
10760,PHYSIODENS X1M 1M2,Dientes
10763,PHYSIODENS X1M 2L1.5,Analogo
10763,PHYSIODENS X1M 2L1.5,Anterior Superior
10763,PHYSIODENS X1M 2L1.5,Consumible
10763,PHYSIODENS X1M 2L1.5,Dientes
10766,PHYSIODENS X1M 2L2.5,Analogo
10766,PHYSIODENS X1M 2L2.5,Anterior Superior
10766,PHYSIODENS X1M 2L2.5,Consumible
10766,PHYSIODENS X1M 2L2.5,Dientes
10769,PHYSIODENS X1M 2M1,Analogo
10769,PHYSIODENS X1M 2M1,Anterior Superior
10769,PHYSIODENS X1M 2M1,Consumible
10769,PHYSIODENS X1M 2M1,Dientes
10772,PHYSIODENS X1M 2M2,Analogo
10772,PHYSIODENS X1M 2M2,Anterior Superior
10772,PHYSIODENS X1M 2M2,Consumible
10772,PHYSIODENS X1M 2M2,Dientes
10775,PHYSIODENS X1M 2M3,Analogo
10775,PHYSIODENS X1M 2M3,Anterior Superior
10775,PHYSIODENS X1M 2M3,Consumible
10775,PHYSIODENS X1M 2M3,Dientes
10778,PHYSIODENS X1M 2R1.5,Analogo
10778,PHYSIODENS X1M 2R1.5,Anterior Superior
10778,PHYSIODENS X1M 2R1.5,Consumible
10778,PHYSIODENS X1M 2R1.5,Dientes
10781,PHYSIODENS X1M 2R2.5,Analogo
10781,PHYSIODENS X1M 2R2.5,Anterior Superior
10781,PHYSIODENS X1M 2R2.5,Consumible
10781,PHYSIODENS X1M 2R2.5,Dientes
10784,PHYSIODENS X1M 3L1.5,Analogo
10784,PHYSIODENS X1M 3L1.5,Anterior Superior
10784,PHYSIODENS X1M 3L1.5,Consumible
10784,PHYSIODENS X1M 3L1.5,Dientes
10787,PHYSIODENS X1M 3L2.5,Analogo
10787,PHYSIODENS X1M 3L2.5,Anterior Superior
10787,PHYSIODENS X1M 3L2.5,Consumible
10787,PHYSIODENS X1M 3L2.5,Dientes
10790,PHYSIODENS X1M 3M1,Analogo
10790,PHYSIODENS X1M 3M1,Anterior Superior
10790,PHYSIODENS X1M 3M1,Consumible
10790,PHYSIODENS X1M 3M1,Dientes
10793,PHYSIODENS X1M 3M2,Analogo
10793,PHYSIODENS X1M 3M2,Anterior Superior
10793,PHYSIODENS X1M 3M2,Consumible
10793,PHYSIODENS X1M 3M2,Dientes
10796,PHYSIODENS X1M 3R1.5,Analogo
10796,PHYSIODENS X1M 3R1.5,Anterior Superior
10796,PHYSIODENS X1M 3R1.5,Consumible
10796,PHYSIODENS X1M 3R1.5,Dientes
10799,PHYSIODENS X1M 3R2.5,Analogo
10799,PHYSIODENS X1M 3R2.5,Anterior Superior
10799,PHYSIODENS X1M 3R2.5,Consumible
10799,PHYSIODENS X1M 3R2.5,Dientes
10802,PHYSIODENS X1M 4M2,Analogo
10802,PHYSIODENS X1M 4M2,Anterior Superior
10802,PHYSIODENS X1M 4M2,Consumible
10802,PHYSIODENS X1M 4M2,Dientes
10805,PHYSIODENS X2L 1M1,Analogo
10805,PHYSIODENS X2L 1M1,Anterior Superior
10805,PHYSIODENS X2L 1M1,Consumible
10805,PHYSIODENS X2L 1M1,Dientes
10808,PHYSIODENS X2L 1M2,Analogo
10808,PHYSIODENS X2L 1M2,Anterior Superior
10808,PHYSIODENS X2L 1M2,Consumible
10808,PHYSIODENS X2L 1M2,Dientes
10811,PHYSIODENS X2L 2L1.5,Analogo
10811,PHYSIODENS X2L 2L1.5,Anterior Superior
10811,PHYSIODENS X2L 2L1.5,Consumible
10811,PHYSIODENS X2L 2L1.5,Dientes
10814,PHYSIODENS X2L 2L2.5,Analogo
10814,PHYSIODENS X2L 2L2.5,Anterior Superior
10814,PHYSIODENS X2L 2L2.5,Consumible
10814,PHYSIODENS X2L 2L2.5,Dientes
10817,PHYSIODENS X2L 2M1,Analogo
10817,PHYSIODENS X2L 2M1,Anterior Superior
10817,PHYSIODENS X2L 2M1,Consumible
10817,PHYSIODENS X2L 2M1,Dientes
10820,PHYSIODENS X2L 2M2,Analogo
10820,PHYSIODENS X2L 2M2,Anterior Superior
10820,PHYSIODENS X2L 2M2,Consumible
10820,PHYSIODENS X2L 2M2,Dientes
10823,PHYSIODENS X2L 2M3,Analogo
10823,PHYSIODENS X2L 2M3,Anterior Superior
10823,PHYSIODENS X2L 2M3,Consumible
10823,PHYSIODENS X2L 2M3,Dientes
10826,PHYSIODENS X2L 2R1.5,Analogo
10826,PHYSIODENS X2L 2R1.5,Anterior Superior
10826,PHYSIODENS X2L 2R1.5,Consumible
10826,PHYSIODENS X2L 2R1.5,Dientes
10829,PHYSIODENS X2L 2R2.5,Analogo
10829,PHYSIODENS X2L 2R2.5,Anterior Superior
10829,PHYSIODENS X2L 2R2.5,Consumible
10829,PHYSIODENS X2L 2R2.5,Dientes
10832,PHYSIODENS X2L 3L1.5,Analogo
10832,PHYSIODENS X2L 3L1.5,Anterior Superior
10832,PHYSIODENS X2L 3L1.5,Consumible
10832,PHYSIODENS X2L 3L1.5,Dientes
10835,PHYSIODENS X2L 3L2.5,Analogo
10835,PHYSIODENS X2L 3L2.5,Anterior Superior
10835,PHYSIODENS X2L 3L2.5,Consumible
10835,PHYSIODENS X2L 3L2.5,Dientes
10838,PHYSIODENS X2L 3M1,Analogo
10838,PHYSIODENS X2L 3M1,Anterior Superior
10838,PHYSIODENS X2L 3M1,Consumible
10838,PHYSIODENS X2L 3M1,Dientes
10841,PHYSIODENS X2L 3M2,Analogo
10841,PHYSIODENS X2L 3M2,Anterior Superior
10841,PHYSIODENS X2L 3M2,Consumible
10841,PHYSIODENS X2L 3M2,Dientes
10844,PHYSIODENS X2L 3R1.5,Analogo
10844,PHYSIODENS X2L 3R1.5,Anterior Superior
10844,PHYSIODENS X2L 3R1.5,Consumible
10844,PHYSIODENS X2L 3R1.5,Dientes
10847,PHYSIODENS X2L 3R2.5,Analogo
10847,PHYSIODENS X2L 3R2.5,Anterior Superior
10847,PHYSIODENS X2L 3R2.5,Consumible
10847,PHYSIODENS X2L 3R2.5,Dientes
10850,PHYSIODENS X2L 4M2,Analogo
10850,PHYSIODENS X2L 4M2,Anterior Superior
10850,PHYSIODENS X2L 4M2,Consumible
10850,PHYSIODENS X2L 4M2,Dientes
10853,PHYSIODENS X3L 1M1,Analogo
10853,PHYSIODENS X3L 1M1,Anterior Superior
10853,PHYSIODENS X3L 1M1,Consumible
10853,PHYSIODENS X3L 1M1,Dientes
10856,PHYSIODENS X3L 1M2,Analogo
10856,PHYSIODENS X3L 1M2,Anterior Superior
10856,PHYSIODENS X3L 1M2,Consumible
10856,PHYSIODENS X3L 1M2,Dientes
10859,PHYSIODENS X3L 2L1.5,Analogo
10859,PHYSIODENS X3L 2L1.5,Anterior Superior
10859,PHYSIODENS X3L 2L1.5,Consumible
10859,PHYSIODENS X3L 2L1.5,Dientes
10862,PHYSIODENS X3L 2L2.5,Analogo
10862,PHYSIODENS X3L 2L2.5,Anterior Superior
10862,PHYSIODENS X3L 2L2.5,Consumible
10862,PHYSIODENS X3L 2L2.5,Dientes
10865,PHYSIODENS X3L 2M1,Analogo
10865,PHYSIODENS X3L 2M1,Anterior Superior
10865,PHYSIODENS X3L 2M1,Consumible
10865,PHYSIODENS X3L 2M1,Dientes
10868,PHYSIODENS X3L 2M2,Analogo
10868,PHYSIODENS X3L 2M2,Anterior Superior
10868,PHYSIODENS X3L 2M2,Consumible
10868,PHYSIODENS X3L 2M2,Dientes
10871,PHYSIODENS X3L 2M3,Analogo
10871,PHYSIODENS X3L 2M3,Anterior Superior
10871,PHYSIODENS X3L 2M3,Consumible
10871,PHYSIODENS X3L 2M3,Dientes
10874,PHYSIODENS X3L 2R1.5,Analogo
10874,PHYSIODENS X3L 2R1.5,Anterior Superior
10874,PHYSIODENS X3L 2R1.5,Consumible
10874,PHYSIODENS X3L 2R1.5,Dientes
10877,PHYSIODENS X3L 2R2.5,Analogo
10877,PHYSIODENS X3L 2R2.5,Anterior Superior
10877,PHYSIODENS X3L 2R2.5,Consumible
10877,PHYSIODENS X3L 2R2.5,Dientes
10880,PHYSIODENS X3L 3L1.5,Analogo
10880,PHYSIODENS X3L 3L1.5,Anterior Superior
10880,PHYSIODENS X3L 3L1.5,Consumible
10880,PHYSIODENS X3L 3L1.5,Dientes
10883,PHYSIODENS X3L 3L2.5,Analogo
10883,PHYSIODENS X3L 3L2.5,Anterior Superior
10883,PHYSIODENS X3L 3L2.5,Consumible
10883,PHYSIODENS X3L 3L2.5,Dientes
10886,PHYSIODENS X3L 3M1,Analogo
10886,PHYSIODENS X3L 3M1,Anterior Superior
10886,PHYSIODENS X3L 3M1,Consumible
10886,PHYSIODENS X3L 3M1,Dientes
10889,PHYSIODENS X3L 3M2,Analogo
10889,PHYSIODENS X3L 3M2,Anterior Superior
10889,PHYSIODENS X3L 3M2,Consumible
10889,PHYSIODENS X3L 3M2,Dientes
10892,PHYSIODENS X3L 3R1.5,Analogo
10892,PHYSIODENS X3L 3R1.5,Anterior Superior
10892,PHYSIODENS X3L 3R1.5,Consumible
10892,PHYSIODENS X3L 3R1.5,Dientes
10895,PHYSIODENS X3L 3R2.5,Analogo
10895,PHYSIODENS X3L 3R2.5,Anterior Superior
10895,PHYSIODENS X3L 3R2.5,Consumible
10895,PHYSIODENS X3L 3R2.5,Dientes
10898,PHYSIODENS X3L 4M2,Analogo
10898,PHYSIODENS X3L 4M2,Anterior Superior
10898,PHYSIODENS X3L 4M2,Consumible
10898,PHYSIODENS X3L 4M2,Dientes
10901,PHYSIODENS Z1S 1M1,Analogo
10901,PHYSIODENS Z1S 1M1,Anterior Superior
10901,PHYSIODENS Z1S 1M1,Consumible
10901,PHYSIODENS Z1S 1M1,Dientes
10904,PHYSIODENS Z1S 1M2,Analogo
10904,PHYSIODENS Z1S 1M2,Anterior Superior
10904,PHYSIODENS Z1S 1M2,Consumible
10904,PHYSIODENS Z1S 1M2,Dientes
10907,PHYSIODENS Z1S 2L1.5,Analogo
10907,PHYSIODENS Z1S 2L1.5,Anterior Superior
10907,PHYSIODENS Z1S 2L1.5,Consumible
10907,PHYSIODENS Z1S 2L1.5,Dientes
10910,PHYSIODENS Z1S 2L2.5,Analogo
10910,PHYSIODENS Z1S 2L2.5,Anterior Superior
10910,PHYSIODENS Z1S 2L2.5,Consumible
10910,PHYSIODENS Z1S 2L2.5,Dientes
10913,PHYSIODENS Z1S 2M1,Analogo
10913,PHYSIODENS Z1S 2M1,Anterior Superior
10913,PHYSIODENS Z1S 2M1,Consumible
10913,PHYSIODENS Z1S 2M1,Dientes
10916,PHYSIODENS Z1S 2M2,Analogo
10916,PHYSIODENS Z1S 2M2,Anterior Superior
10916,PHYSIODENS Z1S 2M2,Consumible
10916,PHYSIODENS Z1S 2M2,Dientes
10919,PHYSIODENS Z1S 2M3,Analogo
10919,PHYSIODENS Z1S 2M3,Anterior Superior
10919,PHYSIODENS Z1S 2M3,Consumible
10919,PHYSIODENS Z1S 2M3,Dientes
10922,PHYSIODENS Z1S 2R1.5,Analogo
10922,PHYSIODENS Z1S 2R1.5,Anterior Superior
10922,PHYSIODENS Z1S 2R1.5,Consumible
10922,PHYSIODENS Z1S 2R1.5,Dientes
10925,PHYSIODENS Z1S 2R2.5,Analogo
10925,PHYSIODENS Z1S 2R2.5,Anterior Superior
10925,PHYSIODENS Z1S 2R2.5,Consumible
10925,PHYSIODENS Z1S 2R2.5,Dientes
10928,PHYSIODENS Z1S 3L1.5,Analogo
10928,PHYSIODENS Z1S 3L1.5,Anterior Superior
10928,PHYSIODENS Z1S 3L1.5,Consumible
10928,PHYSIODENS Z1S 3L1.5,Dientes
10931,PHYSIODENS Z1S 3L2.5,Analogo
10931,PHYSIODENS Z1S 3L2.5,Anterior Superior
10931,PHYSIODENS Z1S 3L2.5,Consumible
10931,PHYSIODENS Z1S 3L2.5,Dientes
10934,PHYSIODENS Z1S 3M1,Analogo
10934,PHYSIODENS Z1S 3M1,Anterior Superior
10934,PHYSIODENS Z1S 3M1,Consumible
10934,PHYSIODENS Z1S 3M1,Dientes
10937,PHYSIODENS Z1S 3M2,Analogo
10937,PHYSIODENS Z1S 3M2,Anterior Superior
10937,PHYSIODENS Z1S 3M2,Consumible
10937,PHYSIODENS Z1S 3M2,Dientes
10940,PHYSIODENS Z1S 3R1.5,Analogo
10940,PHYSIODENS Z1S 3R1.5,Anterior Superior
10940,PHYSIODENS Z1S 3R1.5,Consumible
10940,PHYSIODENS Z1S 3R1.5,Dientes
10943,PHYSIODENS Z1S 3R2.5,Analogo
10943,PHYSIODENS Z1S 3R2.5,Anterior Superior
10943,PHYSIODENS Z1S 3R2.5,Consumible
10943,PHYSIODENS Z1S 3R2.5,Dientes
10946,PHYSIODENS Z1S 4M2,Analogo
10946,PHYSIODENS Z1S 4M2,Anterior Superior
10946,PHYSIODENS Z1S 4M2,Consumible
10946,PHYSIODENS Z1S 4M2,Dientes
10949,PHYSIODENS Z2S 1M1,Analogo
10949,PHYSIODENS Z2S 1M1,Anterior Superior
10949,PHYSIODENS Z2S 1M1,Consumible
10949,PHYSIODENS Z2S 1M1,Dientes
10952,PHYSIODENS Z2S 1M2,Analogo
10952,PHYSIODENS Z2S 1M2,Anterior Superior
10952,PHYSIODENS Z2S 1M2,Consumible
10952,PHYSIODENS Z2S 1M2,Dientes
10955,PHYSIODENS Z2S 2L1.5,Analogo
10955,PHYSIODENS Z2S 2L1.5,Anterior Superior
10955,PHYSIODENS Z2S 2L1.5,Consumible
10955,PHYSIODENS Z2S 2L1.5,Dientes
10958,PHYSIODENS Z2S 2L2.5,Analogo
10958,PHYSIODENS Z2S 2L2.5,Anterior Superior
10958,PHYSIODENS Z2S 2L2.5,Consumible
10958,PHYSIODENS Z2S 2L2.5,Dientes
10961,PHYSIODENS Z2S 2M1,Analogo
10961,PHYSIODENS Z2S 2M1,Anterior Superior
10961,PHYSIODENS Z2S 2M1,Consumible
10961,PHYSIODENS Z2S 2M1,Dientes
10964,PHYSIODENS Z2S 2M2,Analogo
10964,PHYSIODENS Z2S 2M2,Anterior Superior
10964,PHYSIODENS Z2S 2M2,Consumible
10964,PHYSIODENS Z2S 2M2,Dientes
10967,PHYSIODENS Z2S 2M3,Analogo
10967,PHYSIODENS Z2S 2M3,Anterior Superior
10967,PHYSIODENS Z2S 2M3,Consumible
10967,PHYSIODENS Z2S 2M3,Dientes
10970,PHYSIODENS Z2S 2R1.5,Analogo
10970,PHYSIODENS Z2S 2R1.5,Anterior Superior
10970,PHYSIODENS Z2S 2R1.5,Consumible
10970,PHYSIODENS Z2S 2R1.5,Dientes
10973,PHYSIODENS Z2S 2R2.5,Analogo
10973,PHYSIODENS Z2S 2R2.5,Anterior Superior
10973,PHYSIODENS Z2S 2R2.5,Consumible
10973,PHYSIODENS Z2S 2R2.5,Dientes
10976,PHYSIODENS Z2S 3L1.5,Analogo
10976,PHYSIODENS Z2S 3L1.5,Anterior Superior
10976,PHYSIODENS Z2S 3L1.5,Consumible
10976,PHYSIODENS Z2S 3L1.5,Dientes
10979,PHYSIODENS Z2S 3L2.5,Analogo
10979,PHYSIODENS Z2S 3L2.5,Anterior Superior
10979,PHYSIODENS Z2S 3L2.5,Consumible
10979,PHYSIODENS Z2S 3L2.5,Dientes
10982,PHYSIODENS Z2S 3M1,Analogo
10982,PHYSIODENS Z2S 3M1,Anterior Superior
10982,PHYSIODENS Z2S 3M1,Consumible
10982,PHYSIODENS Z2S 3M1,Dientes
10985,PHYSIODENS Z2S 3M2,Analogo
10985,PHYSIODENS Z2S 3M2,Anterior Superior
10985,PHYSIODENS Z2S 3M2,Consumible
10985,PHYSIODENS Z2S 3M2,Dientes
10988,PHYSIODENS Z2S 3R1.5,Analogo
10988,PHYSIODENS Z2S 3R1.5,Anterior Superior
10988,PHYSIODENS Z2S 3R1.5,Consumible
10988,PHYSIODENS Z2S 3R1.5,Dientes
10991,PHYSIODENS Z2S 3R2.5,Analogo
10991,PHYSIODENS Z2S 3R2.5,Anterior Superior
10991,PHYSIODENS Z2S 3R2.5,Consumible
10991,PHYSIODENS Z2S 3R2.5,Dientes
10994,PHYSIODENS Z2S 4M2,Analogo
10994,PHYSIODENS Z2S 4M2,Anterior Superior
10994,PHYSIODENS Z2S 4M2,Consumible
10994,PHYSIODENS Z2S 4M2,Dientes
101891,PIASKARKA COBRA 2P (VP) SAND BLASTER 110V,Analogo
101891,PIASKARKA COBRA 2P (VP) SAND BLASTER 110V,Arenadoras
101891,PIASKARKA COBRA 2P (VP) SAND BLASTER 110V,Equipo
80856,PICO MARK BLANCO 12ML,Analogo
80856,PICO MARK BLANCO 12ML,Consumible
81225,PICOSILK-SPRAY 75ML,Analogo
81225,PICOSILK-SPRAY 75ML,Consumible
81225,PICOSILK-SPRAY 75ML,Insumos De Laboratorio
101887,PIEC TYTAN ECO 25 / BURNOUT FURNACES,Analogo
101887,PIEC TYTAN ECO 25 / BURNOUT FURNACES,Equipo
101887,PIEC TYTAN ECO 25 / BURNOUT FURNACES,Hornos
101887,PIEC TYTAN ECO 25 / BURNOUT FURNACES,Hornos De Desencerado
122789,PIEC TYTAN ECO 50,Hornos
122789,PIEC TYTAN ECO 50,Equipo
122789,PIEC TYTAN ECO 50,Analogo
122789,PIEC TYTAN ECO 50,Hornos De Desencerado
101887,PIEC TYTAN MAX 25 / BURNOUT FURNACES 25P,Analogo
101887,PIEC TYTAN MAX 25 / BURNOUT FURNACES 25P,Hornos
101887,PIEC TYTAN MAX 25 / BURNOUT FURNACES 25P,Equipo
101887,PIEC TYTAN MAX 25 / BURNOUT FURNACES 25P,Hornos De Desencerado
98392,PIEC TYTAN MAX 50 220V / BURNOUT FURNACES,Analogo
98392,PIEC TYTAN MAX 50 220V / BURNOUT FURNACES,Hornos
98392,PIEC TYTAN MAX 50 220V / BURNOUT FURNACES,Equipo
98392,PIEC TYTAN MAX 50 220V / BURNOUT FURNACES,Hornos De Desencerado
111509,PIEZA DE MANO PARA WAXER NT PRO Y EASY,Digital
111509,PIEZA DE MANO PARA WAXER NT PRO Y EASY,Enceradoras
111509,PIEZA DE MANO PARA WAXER NT PRO Y EASY,Refaccion
132165,PIEZA DE MANO X3 COMPLETA,Refaccion
132165,PIEZA DE MANO X3 COMPLETA,Digital
6698,PILAR CRCO ANTIRROTATIVO Ø 3.0,Aditamentos Para Implantes
6698,PILAR CRCO ANTIRROTATIVO Ø 3.0,Consumible
6698,PILAR CRCO ANTIRROTATIVO Ø 3.0,Analogo
6575,PILAR CRCO ANTIRROTATIVO Ø 3.3,Aditamentos Para Implantes
6575,PILAR CRCO ANTIRROTATIVO Ø 3.3,Consumible
6575,PILAR CRCO ANTIRROTATIVO Ø 3.3,Analogo
7001,PILAR CRCO ANTIRROTATIVO Ø 3.3 IPD/TA-BT-00,Aditamentos Para Implantes
7001,PILAR CRCO ANTIRROTATIVO Ø 3.3 IPD/TA-BT-00,Consumible
7001,PILAR CRCO ANTIRROTATIVO Ø 3.3 IPD/TA-BT-00,Analogo
6653,PILAR CRCO ANTIRROTATIVO Ø 3.5,Aditamentos Para Implantes
6686,PILAR CRCO ANTIRROTATIVO Ø 3.5,Aditamentos Para Implantes
6653,PILAR CRCO ANTIRROTATIVO Ø 3.5,Consumible
6686,PILAR CRCO ANTIRROTATIVO Ø 3.5,Consumible
6686,PILAR CRCO ANTIRROTATIVO Ø 3.5,Analogo
6653,PILAR CRCO ANTIRROTATIVO Ø 3.5,Analogo
6830,PILAR CRCO ANTIRROTATIVO Ø 3.7,Aditamentos Para Implantes
6830,PILAR CRCO ANTIRROTATIVO Ø 3.7,Consumible
6830,PILAR CRCO ANTIRROTATIVO Ø 3.7,Analogo
6581,PILAR CRCO ANTIRROTATIVO Ø 4.1,Aditamentos Para Implantes
6758,PILAR CRCO ANTIRROTATIVO Ø 4.1,Aditamentos Para Implantes
6581,PILAR CRCO ANTIRROTATIVO Ø 4.1,Consumible
6758,PILAR CRCO ANTIRROTATIVO Ø 4.1,Consumible
6758,PILAR CRCO ANTIRROTATIVO Ø 4.1,Analogo
6581,PILAR CRCO ANTIRROTATIVO Ø 4.1,Analogo
6659,PILAR CRCO ANTIRROTATIVO Ø 4.3,Aditamentos Para Implantes
6659,PILAR CRCO ANTIRROTATIVO Ø 4.3,Consumible
6659,PILAR CRCO ANTIRROTATIVO Ø 4.3,Analogo
6692,PILAR CRCO ANTIRROTATIVO Ø 4.3 IPD/AD-BR-00,Aditamentos Para Implantes
6692,PILAR CRCO ANTIRROTATIVO Ø 4.3 IPD/AD-BR-00,Consumible
6692,PILAR CRCO ANTIRROTATIVO Ø 4.3 IPD/AD-BR-00,Analogo
6836,PILAR CRCO ANTIRROTATIVO Ø 4.5,Aditamentos Para Implantes
6836,PILAR CRCO ANTIRROTATIVO Ø 4.5,Consumible
6836,PILAR CRCO ANTIRROTATIVO Ø 4.5,Analogo
6620,PILAR CRCO ROTATIVO 15º Ø 4.8,Aditamentos Para Implantes
6620,PILAR CRCO ROTATIVO 15º Ø 4.8,Consumible
6620,PILAR CRCO ROTATIVO 15º Ø 4.8,Analogo
6623,PILAR CRCO ROTATIVO 25º Ø 4.8,Aditamentos Para Implantes
6623,PILAR CRCO ROTATIVO 25º Ø 4.8,Consumible
6623,PILAR CRCO ROTATIVO 25º Ø 4.8,Analogo
6701,PILAR CRCO ROTATIVO Ø 3.0,Aditamentos Para Implantes
6701,PILAR CRCO ROTATIVO Ø 3.0,Consumible
6701,PILAR CRCO ROTATIVO Ø 3.0,Analogo
6578,PILAR CRCO ROTATIVO Ø 3.3,Aditamentos Para Implantes
6578,PILAR CRCO ROTATIVO Ø 3.3,Consumible
6578,PILAR CRCO ROTATIVO Ø 3.3,Analogo
6656,PILAR CRCO ROTATIVO Ø 3.5,Aditamentos Para Implantes
6656,PILAR CRCO ROTATIVO Ø 3.5,Consumible
6656,PILAR CRCO ROTATIVO Ø 3.5,Analogo
6689,PILAR CRCO ROTATIVO Ø 3.5 IPD/AD-BN-01,Aditamentos Para Implantes
6689,PILAR CRCO ROTATIVO Ø 3.5 IPD/AD-BN-01,Consumible
6689,PILAR CRCO ROTATIVO Ø 3.5 IPD/AD-BN-01,Analogo
6833,PILAR CRCO ROTATIVO Ø 3.7,Aditamentos Para Implantes
6833,PILAR CRCO ROTATIVO Ø 3.7,Consumible
6833,PILAR CRCO ROTATIVO Ø 3.7,Analogo
6584,PILAR CRCO ROTATIVO Ø 4.1,Aditamentos Para Implantes
6584,PILAR CRCO ROTATIVO Ø 4.1,Consumible
6584,PILAR CRCO ROTATIVO Ø 4.1,Analogo
6761,PILAR CRCO ROTATIVO Ø 4.1 IPD/DB-BR-01,Aditamentos Para Implantes
6761,PILAR CRCO ROTATIVO Ø 4.1 IPD/DB-BR-01,Consumible
6761,PILAR CRCO ROTATIVO Ø 4.1 IPD/DB-BR-01,Analogo
6662,PILAR CRCO ROTATIVO Ø 4.3,Aditamentos Para Implantes
6662,PILAR CRCO ROTATIVO Ø 4.3,Consumible
6662,PILAR CRCO ROTATIVO Ø 4.3,Analogo
6695,PILAR CRCO ROTATIVO Ø 4.3 IPD/AD-BR-01,Aditamentos Para Implantes
6695,PILAR CRCO ROTATIVO Ø 4.3 IPD/AD-BR-01,Consumible
6695,PILAR CRCO ROTATIVO Ø 4.3 IPD/AD-BR-01,Analogo
6614,PILAR CR-CO ROTATIVO Ø 4.8,Aditamentos Para Implantes
6614,PILAR CR-CO ROTATIVO Ø 4.8,Consumible
6614,PILAR CR-CO ROTATIVO Ø 4.8,Analogo
6617,PILAR CR-CO ROTATIVO Ø 4.8 CAD CAM,Aditamentos Para Implantes
6617,PILAR CR-CO ROTATIVO Ø 4.8 CAD CAM,Consumible
6617,PILAR CR-CO ROTATIVO Ø 4.8 CAD CAM,Digital
6707,PILAR PROV ANTIR TI Ø 4.3 / TOMA DE IMP,Aditamentos Para Implantes
6707,PILAR PROV ANTIR TI Ø 4.3 / TOMA DE IMP,Consumible
6707,PILAR PROV ANTIR TI Ø 4.3 / TOMA DE IMP,Analogo
6704,PILAR PROVISIONAL / COPING ANT Ø 3.5,Aditamentos Para Implantes
6704,PILAR PROVISIONAL / COPING ANT Ø 3.5,Consumible
6704,PILAR PROVISIONAL / COPING ANT Ø 3.5,Analogo
6629,PILAR PROVISIONAL/ COPING MULTIUNIT Ø 4,Aditamentos Para Implantes
6629,PILAR PROVISIONAL/ COPING MULTIUNIT Ø 4,Consumible
6629,PILAR PROVISIONAL/ COPING MULTIUNIT Ø 4,Analogo
6596,PILAR PSD Ø 4.1 H 1MM,Aditamentos Para Implantes
6596,PILAR PSD Ø 4.1 H 1MM,Consumible
6596,PILAR PSD Ø 4.1 H 1MM,Analogo
6599,PILAR PSD Ø 4.1 H 2MM,Aditamentos Para Implantes
6599,PILAR PSD Ø 4.1 H 2MM,Consumible
6599,PILAR PSD Ø 4.1 H 2MM,Analogo
98454,PIN,Digital
98454,PIN,Refaccion
98454,PIN,Impresoras 3d
3968,PIN CERAMICO GIROFORM (25),Consumible
3968,PIN CERAMICO GIROFORM (25),Analogo
3968,PIN CERAMICO GIROFORM (25),Perforadora De Pines
98542,PIN WRENCH INSERT,Digital
98542,PIN WRENCH INSERT,Refaccion
98542,PIN WRENCH INSERT,Impresoras 3d
80499,PIN-CAST FORMADORES DE ZOCALO GRANDES 3P,Analogo
80499,PIN-CAST FORMADORES DE ZOCALO GRANDES 3P,Accesorio
80493,PIN-CAST IMANES + BASES PARA IMANES 30PZ,Refaccion
81171,PINCEL DE PELO DE ARDILLA,Analogo
81171,PINCEL DE PELO DE ARDILLA,Consumible
81171,PINCEL DE PELO DE ARDILLA,Pinceles
81111,PINCEL GENIUS TAMAÑO 2,Analogo
81111,PINCEL GENIUS TAMAÑO 2,Consumible
81111,PINCEL GENIUS TAMAÑO 2,Pinceles
81108,PINCEL GENIUS TAMAÑO 4,Analogo
81108,PINCEL GENIUS TAMAÑO 4,Consumible
81108,PINCEL GENIUS TAMAÑO 4,Pinceles
81105,PINCEL GENIUS TAMAÑO 6,Analogo
81105,PINCEL GENIUS TAMAÑO 6,Consumible
81105,PINCEL GENIUS TAMAÑO 6,Pinceles
81102,PINCEL GENIUS TAMAÑO 8,Analogo
81102,PINCEL GENIUS TAMAÑO 8,Consumible
81102,PINCEL GENIUS TAMAÑO 8,Pinceles
81159,PINCEL KOLINSKY TAMAÑO 4 2PZ,Analogo
81159,PINCEL KOLINSKY TAMAÑO 4 2PZ,Consumible
81159,PINCEL KOLINSKY TAMAÑO 4 2PZ,Pinceles
81015,PINCEL LAY:ART STYLE BUILD-UP SET EDICIO,Analogo
81015,PINCEL LAY:ART STYLE BUILD-UP SET EDICIO,Consumible
81015,PINCEL LAY:ART STYLE BUILD-UP SET EDICIO,Pinceles
81030,PINCEL LAY:ART STYLE TAMAÑO 4 BOLD,Analogo
81030,PINCEL LAY:ART STYLE TAMAÑO 4 BOLD,Consumible
81030,PINCEL LAY:ART STYLE TAMAÑO 4 BOLD,Pinceles
81021,PINCEL LAY:ART STYLE TAMAÑO 4 CONE,Analogo
81021,PINCEL LAY:ART STYLE TAMAÑO 4 CONE,Consumible
81021,PINCEL LAY:ART STYLE TAMAÑO 4 CONE,Pinceles
81027,PINCEL LAY:ART STYLE TAMAÑO 6 BOLD,Analogo
81027,PINCEL LAY:ART STYLE TAMAÑO 6 BOLD,Consumible
81027,PINCEL LAY:ART STYLE TAMAÑO 6 BOLD,Pinceles
81024,PINCEL LAY:ART STYLE TAMAÑO 8 BOLD,Analogo
81024,PINCEL LAY:ART STYLE TAMAÑO 8 BOLD,Consumible
81024,PINCEL LAY:ART STYLE TAMAÑO 8 BOLD,Pinceles
5465,PINCEL PARA CERA,Analogo
5465,PINCEL PARA CERA,Instrumentos Para Encerado
5465,PINCEL PARA CERA,Consumible
81123,PINCEL TAKANISHI TAMAÑO 14,Analogo
81123,PINCEL TAKANISHI TAMAÑO 14,Consumible
81123,PINCEL TAKANISHI TAMAÑO 14,Pinceles
81072,PINCELES BASIC LINE TAMAÑO 04 2PZ,Analogo
81072,PINCELES BASIC LINE TAMAÑO 04 2PZ,Consumible
81072,PINCELES BASIC LINE TAMAÑO 04 2PZ,Pinceles
81069,PINCELES BASIC LINE TAMAÑO 06 2PZ,Analogo
81069,PINCELES BASIC LINE TAMAÑO 06 2PZ,Consumible
81069,PINCELES BASIC LINE TAMAÑO 06 2PZ,Pinceles
81063,PINCELES BASIC LINE TAMAÑO 08 2PZ,Analogo
81063,PINCELES BASIC LINE TAMAÑO 08 2PZ,Consumible
81063,PINCELES BASIC LINE TAMAÑO 08 2PZ,Pinceles
81174,PINCELES DE LIMPIEZA PROFI 2PZ,Pinceles
81174,PINCELES DE LIMPIEZA PROFI 2PZ,Consumible
81174,PINCELES DE LIMPIEZA PROFI 2PZ,Analogo
81114,PINCELES GENIUS 4PZAS,Analogo
81114,PINCELES GENIUS 4PZAS,Consumible
81114,PINCELES GENIUS 4PZAS,Pinceles
81168,PINCELES KOLINSKY 6 PZAS,Analogo
81168,PINCELES KOLINSKY 6 PZAS,Consumible
81168,PINCELES KOLINSKY 6 PZAS,Pinceles
81147,PINCELES TAKANISHI TAMAÑO 1 2PZ,Analogo
81147,PINCELES TAKANISHI TAMAÑO 1 2PZ,Consumible
81147,PINCELES TAKANISHI TAMAÑO 1 2PZ,Pinceles
81120,PINCELES TAKANISHI TAMAÑO 1/0 2PZ,Analogo
81120,PINCELES TAKANISHI TAMAÑO 1/0 2PZ,Consumible
81120,PINCELES TAKANISHI TAMAÑO 1/0 2PZ,Pinceles
81144,PINCELES TAKANISHI TAMAÑO 2 2PZ,Analogo
81144,PINCELES TAKANISHI TAMAÑO 2 2PZ,Consumible
81144,PINCELES TAKANISHI TAMAÑO 2 2PZ,Pinceles
81117,PINCELES TAKANISHI TAMAÑO 2/0 2PZ,Analogo
81117,PINCELES TAKANISHI TAMAÑO 2/0 2PZ,Consumible
81117,PINCELES TAKANISHI TAMAÑO 2/0 2PZ,Pinceles
81141,PINCELES TAKANISHI TAMAÑO 3 2PZ,Analogo
81141,PINCELES TAKANISHI TAMAÑO 3 2PZ,Consumible
81141,PINCELES TAKANISHI TAMAÑO 3 2PZ,Pinceles
81138,PINCELES TAKANISHI TAMAÑO 4 2PZ,Analogo
81138,PINCELES TAKANISHI TAMAÑO 4 2PZ,Consumible
81138,PINCELES TAKANISHI TAMAÑO 4 2PZ,Pinceles
81135,PINCELES TAKANISHI TAMAÑO 6 2PZ,Analogo
81135,PINCELES TAKANISHI TAMAÑO 6 2PZ,Consumible
81135,PINCELES TAKANISHI TAMAÑO 6 2PZ,Pinceles
81132,PINCELES TAKANISHI TAMAÑO 8 2PZ,Analogo
81132,PINCELES TAKANISHI TAMAÑO 8 2PZ,Consumible
81132,PINCELES TAKANISHI TAMAÑO 8 2PZ,Pinceles
3674,PINZA 3MM MOTION / MOTION 2,Digital
3674,PINZA 3MM MOTION / MOTION 2,Fresadoras
3674,PINZA 3MM MOTION / MOTION 2,Refaccion
295030,PINZA SYC 3/6 DE CERAMILL MATRON,Digital
295030,PINZA SYC 3/6 DE CERAMILL MATRON,Accesorio
295030,PINZA SYC 3/6 DE CERAMILL MATRON,Fresadoras
198922,PIPE UNION PIECE R 1/8 INCH /6,Refaccion
198922,PIPE UNION PIECE R 1/8 INCH /6,Analogo
90264,PLACA 2L TECN BLANCO,Refaccion
90264,PLACA 2L TECN BLANCO,Analogo
11324,PLACA 3 MODULOS BLANCO 14653.01 PLANA VI,Accesorio
11324,PLACA 3 MODULOS BLANCO 14653.01 PLANA VI,Analogo
3983,"PLACA DE ALINEACIÓN, TRANSP., 2 PZAS.",Analogo
3983,"PLACA DE ALINEACIÓN, TRANSP., 2 PZAS.",Perforadora De Pines
3983,"PLACA DE ALINEACIÓN, TRANSP., 2 PZAS.",Accesorio
97253,PLACA DE CIRCUITO SMARTMIX C2,Analogo
97253,PLACA DE CIRCUITO SMARTMIX C2,Mezcladoras Al Vacio
97253,PLACA DE CIRCUITO SMARTMIX C2,Refaccion
141929,PLACA DE CIRCUITPO SMARTBOX X2,Refaccion
141929,PLACA DE CIRCUITPO SMARTBOX X2,Digital
4622,PLANCHA FUERTEMENTE VETEADAS VERDE .35MM,Analogo
4622,PLANCHA FUERTEMENTE VETEADAS VERDE .35MM,Preformas De Cera
4622,PLANCHA FUERTEMENTE VETEADAS VERDE .35MM,Consumible
4619,PLANCHAS FINAMENTE VETEADAS VERDE .35 MM,Analogo
4619,PLANCHAS FINAMENTE VETEADAS VERDE .35 MM,Preformas De Cera
4619,PLANCHAS FINAMENTE VETEADAS VERDE .35 MM,Consumible
80544,PLASTERCUT 45X0.35MM,Analogo
80544,PLASTERCUT 45X0.35MM,Consumible
80544,PLASTERCUT 45X0.35MM,Disco De Corte
3965,PLASTILINA GIROFORM PUTTY 1KG,Analogo
3965,PLASTILINA GIROFORM PUTTY 1KG,Perforadora De Pines
3965,PLASTILINA GIROFORM PUTTY 1KG,Consumible
85231,PLASTODON N 1000G PINK- VEINED,Analogo
85231,PLASTODON N 1000G PINK- VEINED,Acrilico
85231,PLASTODON N 1000G PINK- VEINED,Consumible
4502,PLASTODON N 250ML,Analogo
4502,PLASTODON N 250ML,Acrilico
4502,PLASTODON N 250ML,Consumible
4505,PLASTODON N LIQUID 500ML,Analogo
4505,PLASTODON N LIQUID 500ML,Acrilico
4505,PLASTODON N LIQUID 500ML,Consumible
4499,PLASTODON N ROSA 500G,Analogo
4499,PLASTODON N ROSA 500G,Acrilico
4499,PLASTODON N ROSA 500G,Consumible
4511,PLASTODUR LIQUID 250ML,Analogo
4511,PLASTODUR LIQUID 250ML,Acrilico
4511,PLASTODUR LIQUID 250ML,Consumible
4508,PLASTODUR PINK 500G,Analogo
4508,PLASTODUR PINK 500G,Acrilico
4508,PLASTODUR PINK 500G,Consumible
4493,PLASTOPRESS JET LIQUID 250ML,Analogo
4493,PLASTOPRESS JET LIQUID 250ML,Acrilico
4493,PLASTOPRESS JET LIQUID 250ML,Consumible
4496,PLASTOPRESS JET LIQUID 500ML,Analogo
4496,PLASTOPRESS JET LIQUID 500ML,Acrilico
4496,PLASTOPRESS JET LIQUID 500ML,Consumible
4490,PLASTOPRESS JET PINK 500G,Analogo
4490,PLASTOPRESS JET PINK 500G,Acrilico
4490,PLASTOPRESS JET PINK 500G,Consumible
4487,PLASTOPRESS LT LIQUID 250ML,Analogo
4487,PLASTOPRESS LT LIQUID 250ML,Acrilico
4487,PLASTOPRESS LT LIQUID 250ML,Consumible
85234,PLASTOPRESS LT LIQUID 500ML,Analogo
85234,PLASTOPRESS LT LIQUID 500ML,Acrilico
85234,PLASTOPRESS LT LIQUID 500ML,Consumible
85228,PLASTOPRESS LT POWDER 500G COLOURLESS,Analogo
85228,PLASTOPRESS LT POWDER 500G COLOURLESS,Acrilico
85228,PLASTOPRESS LT POWDER 500G COLOURLESS,Consumible
4484,PLASTOPRESS LT ROSA 500G,Analogo
4484,PLASTOPRESS LT ROSA 500G,Acrilico
4484,PLASTOPRESS LT ROSA 500G,Consumible
3761,PLATFORM SCRAPER - ND 5100,Digital
3761,PLATFORM SCRAPER - ND 5100,Impresoras 3d
3761,PLATFORM SCRAPER - ND 5100,Accesorio
3761,PLATFORM SCRAPER - ND 5100,Impresoras Dlp
91714,PLATINA DE RED (60W),Analogo
91714,PLATINA DE RED (60W),Refaccion
3812,"PLATO ANATÓMICO, VERSIÓN C",Analogo
3812,"PLATO ANATÓMICO, VERSIÓN C",Articuladores
3812,"PLATO ANATÓMICO, VERSIÓN C",Accesorio
115691,"PLATO ESTANDAR INC 218141, 218142",Refaccion
115691,"PLATO ESTANDAR INC 218141, 218142",Analogo
122797,PODSTAWCA CERAMICZNA DO TYTAN 50,Hornos
122797,PODSTAWCA CERAMICZNA DO TYTAN 50,Equipo
122797,PODSTAWCA CERAMICZNA DO TYTAN 50,Analogo
122797,PODSTAWCA CERAMICZNA DO TYTAN 50,Hornos De Desencerado
122792,PODSTAWKA CERAMICZNA DO TYTAN 25,Hornos
122792,PODSTAWKA CERAMICZNA DO TYTAN 25,Analogo
122792,PODSTAWKA CERAMICZNA DO TYTAN 25,Hornos De Desencerado
122792,PODSTAWKA CERAMICZNA DO TYTAN 25,Equipo
101896,POJEMNIK DO MIESZADLA BEZ DEKLA 500 ML,Analogo
101896,POJEMNIK DO MIESZADLA BEZ DEKLA 500 ML,Refaccion
101896,POJEMNIK DO MIESZADLA BEZ DEKLA 500 ML,Mezcladoras Al Vacio
90002,PONTICOS SUPERIOES IQUIERDOS AZUL 25PZ,Analogo
90002,PONTICOS SUPERIOES IQUIERDOS AZUL 25PZ,Preformas De Cera
90002,PONTICOS SUPERIOES IQUIERDOS AZUL 25PZ,Consumible
89970,PONTICOS SUPERIORES DERECHOS AZUL 25PZ (BLOQUES),Analogo
89970,PONTICOS SUPERIORES DERECHOS AZUL 25PZ (BLOQUES),Preformas De Cera
89970,PONTICOS SUPERIORES DERECHOS AZUL 25PZ (BLOQUES),Consumible
89976,PONTICOS SUPERIORES FRENTE AZUL 25PZ (BLOQUES),Analogo
89976,PONTICOS SUPERIORES FRENTE AZUL 25PZ (BLOQUES),Preformas De Cera
89976,PONTICOS SUPERIORES FRENTE AZUL 25PZ (BLOQUES),Consumible
89973,PONTICOS SUPERIORES IZQUIERDOS AZUL 25PZ (BLOQUES),Analogo
89973,PONTICOS SUPERIORES IZQUIERDOS AZUL 25PZ (BLOQUES),Preformas De Cera
89973,PONTICOS SUPERIORES IZQUIERDOS AZUL 25PZ (BLOQUES),Consumible
234050,PORTAHERRAMIENTAS (1-3) MOTION 2,Digital
234050,PORTAHERRAMIENTAS (1-3) MOTION 2,Refaccion
234050,PORTAHERRAMIENTAS (1-3) MOTION 2,Fresadoras
3566,PORTAIMPRESIONES PARA SEMIPLACAS,Analogo
3566,PORTAIMPRESIONES PARA SEMIPLACAS,Perforadora De Pines
3566,PORTAIMPRESIONES PARA SEMIPLACAS,Accesorio
85901,PORTAPIEZAS 71 PRODUCCION,Digital
85901,PORTAPIEZAS 71 PRODUCCION,Fresadoras
85901,PORTAPIEZAS 71 PRODUCCION,Accesorio
85817,PORTAPIEZAS 98 PRODUCCION,Digital
85817,PORTAPIEZAS 98 PRODUCCION,Fresadoras
85817,PORTAPIEZAS 98 PRODUCCION,Accesorio
85889,PORTAPIEZAS BLOCS UN PRODUCCION,Digital
85889,PORTAPIEZAS BLOCS UN PRODUCCION,Fresadoras
85889,PORTAPIEZAS BLOCS UN PRODUCCION,Accesorio
231148,PORTAPIEZAS C-CLAMP PARA MATIK,Digital
231148,PORTAPIEZAS C-CLAMP PARA MATIK,Accesorio
231148,PORTAPIEZAS C-CLAMP PARA MATIK,Fresadoras
85895,PORTAPIEZAS METAL PRODUCCION,Digital
85895,PORTAPIEZAS METAL PRODUCCION,Fresadoras
85895,PORTAPIEZAS METAL PRODUCCION,Accesorio
85892,PORTAPIEZAS TI-PREFORMS PRODUCCION,Digital
85892,PORTAPIEZAS TI-PREFORMS PRODUCCION,Fresadoras
85892,PORTAPIEZAS TI-PREFORMS PRODUCCION,Accesorio
3461,POWER CABLE EU,Analogo
3461,POWER CABLE EU,Refaccion
199005,POWER SUPPLE MODULE,Refaccion
199005,POWER SUPPLE MODULE,Analogo
100870,POWER SUPPLY (200W),Digital
100870,POWER SUPPLY (200W),Impresoras 3d
100870,POWER SUPPLY (200W),Refaccion
117535,POWER SUPPLY SONIC 4K 2022 (240W),Digital
117535,POWER SUPPLY SONIC 4K 2022 (240W),Impresoras 3d
117535,POWER SUPPLY SONIC 4K 2022 (240W),Refaccion
4955,"PRECI DIP, AMARILLA",Analogo
4955,"PRECI DIP, AMARILLA",Ceras De Inmersion
4955,"PRECI DIP, AMARILLA",Consumible
5234,PRECI TRAY AZUL 1PZ,Analogo
5234,PRECI TRAY AZUL 1PZ,Consumible
5237,"PRECI TRAY BLANCO, 1 PZ",Analogo
5237,"PRECI TRAY BLANCO, 1 PZ",Consumible
5231,"PRECI TRAY ROSADO, 1PZ",Analogo
5231,"PRECI TRAY ROSADO, 1PZ",Consumible
4952,"PRECI-DIP, AMARILLA, 150G",Analogo
4952,"PRECI-DIP, AMARILLA, 150G",Ceras De Inmersion
4952,"PRECI-DIP, AMARILLA, 150G",Consumible
89979,PRECIGEL GELATINA PARA DUBLICACION VERDE 6KG,Analogo
89979,PRECIGEL GELATINA PARA DUBLICACION VERDE 6KG,Duplicadores
89979,PRECIGEL GELATINA PARA DUBLICACION VERDE 6KG,Consumible
5228,PRECISIL SILICONA PARA DUPLICAR 1+1KG,Analogo
5228,PRECISIL SILICONA PARA DUPLICAR 1+1KG,Duplicadores
5228,PRECISIL SILICONA PARA DUPLICAR 1+1KG,Consumible
85789,PRESOSTATO,Refaccion
85789,PRESOSTATO,Analogo
111481,PRESS ELECTRONICA,Refaccion
111481,PRESS ELECTRONICA,Analogo
92564,PRESSING TABLE PRESS-I-DENT SEGMENTED,Digital
92564,PRESSING TABLE PRESS-I-DENT SEGMENTED,Hornos
92564,PRESSING TABLE PRESS-I-DENT SEGMENTED,Refaccion
92564,PRESSING TABLE PRESS-I-DENT SEGMENTED,Hornos De Coccion
96933,PRESS-PLUNGER,Analogo
96933,PRESS-PLUNGER,Insumos De Laboratorio
96933,PRESS-PLUNGER,Consumible
98578,PRINTED CICUIT BOARD,Digital
98578,PRINTED CICUIT BOARD,Refaccion
98578,PRINTED CICUIT BOARD,Impresoras 3d
3749,PRINTER PLATFORM - ND 5100,Digital
3749,PRINTER PLATFORM - ND 5100,Impresoras 3d
3749,PRINTER PLATFORM - ND 5100,Refaccion
3749,PRINTER PLATFORM - ND 5100,Impresoras Lcd
292731,PROMO CAMEO PRESS 5 MAS 1,Consumible
292731,PROMO CAMEO PRESS 5 MAS 1,Analogo
292731,PROMO CAMEO PRESS 5 MAS 1,Disilicato De Litio Para Prensar
289710,PROMO MFT,Analogo
289710,PROMO MFT,Consumible
289710,PROMO MFT,Dientes
282289,PROMO VMK 4 MAS 1,Analogo
282289,PROMO VMK 4 MAS 1,Consumible
282289,PROMO VMK 4 MAS 1,Ceramica De Recubrimiento
4538,PROTECTION PLAN 3D PINTER,Digital
4538,PROTECTION PLAN 3D PINTER,Software
4535,PROTECTION PLAN MATCH 2,Digital
4535,PROTECTION PLAN MATCH 2,Software
4532,PROTECTION PLAN MIND,Digital
4532,PROTECTION PLAN MIND,Software
5489,PROTECTION PLAN MIND & MATCH,Digital
5489,PROTECTION PLAN MIND & MATCH,Software
297123,PUBLICIDAD,Servicios
115110,PUBLICO EN GENERAL,Servicios
115110,PUBLICO EN GENERAL,Digital
85540,PUERTA MOTION 2 DNA,Digital
85540,PUERTA MOTION 2 DNA,Fresadoras
85540,PUERTA MOTION 2 DNA,Refaccion
117094,PUERTA MOTION 2 DNA 5MM,Analogo
117094,PUERTA MOTION 2 DNA 5MM,Fresadoras
117094,PUERTA MOTION 2 DNA 5MM,Refaccion
5306,PULIDORES,Analogo
5306,PULIDORES,Pulidores
5306,PULIDORES,Consumible
5282,PULIDORES 94001C.104.055,Analogo
5282,PULIDORES 94001C.104.055,Pulidores
5282,PULIDORES 94001C.104.055,Consumible
5285,PULIDORES 94001F.104.055,Analogo
5285,PULIDORES 94001F.104.055,Pulidores
5285,PULIDORES 94001F.104.055,Consumible
5288,PULIDORES 94001M.104.055,Analogo
5288,PULIDORES 94001M.104.055,Pulidores
5288,PULIDORES 94001M.104.055,Consumible
5291,PULIDORES 94002C.104.170,Analogo
5291,PULIDORES 94002C.104.170,Pulidores
5291,PULIDORES 94002C.104.170,Consumible
5294,PULIDORES 94002F.104.170,Analogo
5294,PULIDORES 94002F.104.170,Pulidores
5294,PULIDORES 94002F.104.170,Consumible
5297,PULIDORES 94002M.104.170,Analogo
5297,PULIDORES 94002M.104.170,Pulidores
5297,PULIDORES 94002M.104.170,Consumible
5300,PULIDORES 94002SC.104.170,Analogo
5300,PULIDORES 94002SC.104.170,Pulidores
5300,PULIDORES 94002SC.104.170,Consumible
5303,PULIDORES 94003C.104.260,Analogo
5303,PULIDORES 94003C.104.260,Pulidores
5303,PULIDORES 94003C.104.260,Consumible
5309,PULIDORES 94003M.104.260,Analogo
5309,PULIDORES 94003M.104.260,Pulidores
5309,PULIDORES 94003M.104.260,Consumible
5312,PULIDORES 94012C.104.110,Analogo
5312,PULIDORES 94012C.104.110,Pulidores
5312,PULIDORES 94012C.104.110,Consumible
5315,PULIDORES 94012F.104.110,Analogo
5315,PULIDORES 94012F.104.110,Pulidores
5315,PULIDORES 94012F.104.110,Consumible
94519,PULIDORES 94013C.104.170,Analogo
94519,PULIDORES 94013C.104.170,Pulidores
94519,PULIDORES 94013C.104.170,Consumible
5318,PULIDORES 94018C.104.055,Analogo
5318,PULIDORES 94018C.104.055,Pulidores
5318,PULIDORES 94018C.104.055,Consumible
5321,PULIDORES 94018F.104.055,Analogo
5321,PULIDORES 94018F.104.055,Pulidores
5321,PULIDORES 94018F.104.055,Consumible
5330,PULIDORES 9424.104.055,Analogo
5330,PULIDORES 9424.104.055,Pulidores
5330,PULIDORES 9424.104.055,Consumible
5336,PULIDORES 9432.104.055,Analogo
5336,PULIDORES 9432.104.055,Pulidores
5336,PULIDORES 9432.104.055,Consumible
5339,PULIDORES 9433.104.055,Analogo
5339,PULIDORES 9433.104.055,Pulidores
5339,PULIDORES 9433.104.055,Consumible
5342,PULIDORES 9451.900.220,Analogo
5342,PULIDORES 9451.900.220,Pulidores
5342,PULIDORES 9451.900.220,Consumible
5348,PULIDORES 9485C.104.250,Analogo
5348,PULIDORES 9485C.104.250,Pulidores
5348,PULIDORES 9485C.104.250,Consumible
5351,PULIDORES 9485F.104.250,Analogo
5351,PULIDORES 9485F.104.250,Pulidores
5351,PULIDORES 9485F.104.250,Consumible
5354,PULIDORES 9485M.104.250,Analogo
5354,PULIDORES 9485M.104.250,Pulidores
5354,PULIDORES 9485M.104.250,Consumible
5357,PULIDORES 9489C.104.100,Analogo
5357,PULIDORES 9489C.104.100,Pulidores
5357,PULIDORES 9489C.104.100,Consumible
5360,PULIDORES 9489M.104.100,Analogo
5360,PULIDORES 9489M.104.100,Pulidores
5360,PULIDORES 9489M.104.100,Consumible
5363,PULIDORES 9501.900.220,Analogo
5363,PULIDORES 9501.900.220,Pulidores
5363,PULIDORES 9501.900.220,Consumible
5366,PULIDORES 9527.900.200,Analogo
5366,PULIDORES 9527.900.200,Pulidores
5366,PULIDORES 9527.900.200,Consumible
5369,PULIDORES 9529.900.220,Analogo
5369,PULIDORES 9529.900.220,Pulidores
5369,PULIDORES 9529.900.220,Consumible
5372,PULIDORES 9529.900.260,Analogo
5372,PULIDORES 9529.900.260,Pulidores
5372,PULIDORES 9529.900.260,Consumible
5375,PULIDORES 9545F.104.110,Analogo
5375,PULIDORES 9545F.104.110,Pulidores
5375,PULIDORES 9545F.104.110,Consumible
5378,PULIDORES 9550.900.220,Analogo
5378,PULIDORES 9550.900.220,Pulidores
5378,PULIDORES 9550.900.220,Consumible
5381,PULIDORES 9557.104.060,Analogo
5381,PULIDORES 9557.104.060,Pulidores
5381,PULIDORES 9557.104.060,Consumible
5384,PULIDORES 9572.900.220,Analogo
5384,PULIDORES 9572.900.220,Pulidores
5384,PULIDORES 9572.900.220,Consumible
5387,PULIDORES 9572M.104.220,Analogo
5387,PULIDORES 9572M.104.220,Pulidores
5387,PULIDORES 9572M.104.220,Consumible
5390,PULIDORES 9584.104.050,Analogo
5390,PULIDORES 9584.104.050,Pulidores
5390,PULIDORES 9584.104.050,Consumible
5393,PULIDORES 9603.104.100,Analogo
5393,PULIDORES 9603.104.100,Pulidores
5393,PULIDORES 9603.104.100,Consumible
5396,PULIDORES 9610.104.045,Analogo
5396,PULIDORES 9610.104.045,Pulidores
5396,PULIDORES 9610.104.045,Consumible
5399,PULIDORES 9611.104.150,Analogo
5399,PULIDORES 9611.104.150,Pulidores
5399,PULIDORES 9611.104.150,Consumible
5402,PULIDORES 9612.104.150,Analogo
5402,PULIDORES 9612.104.150,Pulidores
5402,PULIDORES 9612.104.150,Consumible
5405,PULIDORES 9620.104.045,Analogo
5405,PULIDORES 9620.104.045,Pulidores
5405,PULIDORES 9620.104.045,Consumible
5408,PULIDORES 9621.104.150,Analogo
5408,PULIDORES 9621.104.150,Pulidores
5408,PULIDORES 9621.104.150,Consumible
5411,PULIDORES 9622.104.150,Analogo
5411,PULIDORES 9622.104.150,Pulidores
5411,PULIDORES 9622.104.150,Consumible
5414,PULIDORES 9629.900.210,Analogo
5414,PULIDORES 9629.900.210,Pulidores
5414,PULIDORES 9629.900.210,Consumible
5417,PULIDORES 9634.000.030,Analogo
5417,PULIDORES 9634.000.030,Pulidores
5417,PULIDORES 9634.000.030,Consumible
5420,PULIDORES 9635.000.030,Analogo
5420,PULIDORES 9635.000.030,Pulidores
5420,PULIDORES 9635.000.030,Consumible
5423,PULIDORES 9636.000.030,Analogo
5423,PULIDORES 9636.000.030,Pulidores
5423,PULIDORES 9636.000.030,Consumible
5426,PULIDORES 9641.104.100,Analogo
5426,PULIDORES 9641.104.100,Pulidores
5426,PULIDORES 9641.104.100,Consumible
5429,PULIDORES 9644.104.100,Analogo
5429,PULIDORES 9644.104.100,Pulidores
5429,PULIDORES 9644.104.100,Consumible
5432,PULIDORES 9646.000.020,Analogo
5432,PULIDORES 9646.000.020,Pulidores
5432,PULIDORES 9646.000.020,Consumible
5435,PULIDORES 9661.000.030,Analogo
5435,PULIDORES 9661.000.030,Pulidores
5435,PULIDORES 9661.000.030,Consumible
5438,PULIDORES 9703F.900.220,Analogo
5438,PULIDORES 9703F.900.220,Pulidores
5438,PULIDORES 9703F.900.220,Consumible
5441,PULIDORES 9703M.900.220,Analogo
5441,PULIDORES 9703M.900.220,Pulidores
5441,PULIDORES 9703M.900.220,Consumible
5444,PULIDORES 9706.104.070,Analogo
5444,PULIDORES 9706.104.070,Pulidores
5444,PULIDORES 9706.104.070,Consumible
5483,PULIDORES 9958R.000.070,Analogo
5483,PULIDORES 9958R.000.070,Pulidores
5483,PULIDORES 9958R.000.070,Consumible
5486,PULIDORES 9958R.000.100,Analogo
5486,PULIDORES 9958R.000.100,Pulidores
5486,PULIDORES 9958R.000.100,Consumible
94516,PULIDORES 9958RA.000.100,Analogo
94516,PULIDORES 9958RA.000.100,Pulidores
94516,PULIDORES 9958RA.000.100,Consumible
5720,PULIDORES AR9463.104.190,Analogo
5720,PULIDORES AR9463.104.190,Pulidores
5720,PULIDORES AR9463.104.190,Consumible
5723,PULIDORES AR9464.104.190,Analogo
5723,PULIDORES AR9464.104.190,Pulidores
5723,PULIDORES AR9464.104.190,Consumible
98466,PULLEY,Digital
98466,PULLEY,Refaccion
98466,PULLEY,Impresoras 3d
93492,PUMP KIT 838.3,Analogo
93492,PUMP KIT 838.3,Hornos
93492,PUMP KIT 838.3,Refaccion
3758,PUNCH TOOL - ND 5100,Digital
3758,PUNCH TOOL - ND 5100,Impresoras 3d
3758,PUNCH TOOL - ND 5100,Accesorio
3758,PUNCH TOOL - ND 5100,Impresoras Dlp
116622,PUNTA DESTONILLADOR TPA L 25,Aditamentos Para Implantes
116622,PUNTA DESTONILLADOR TPA L 25,Consumible
116622,PUNTA DESTONILLADOR TPA L 25,Analogo
4745,"PUNTA PARA WAXER NT, PRO &L IGHT HORIZON",Analogo
4745,"PUNTA PARA WAXER NT, PRO &L IGHT HORIZON",Enceradoras
4745,"PUNTA PARA WAXER NT, PRO &L IGHT HORIZON",Accesorio
4748,"PUNTA PARA WAXER NT,PRO&LIGHT CUCHILLO",Analogo
4748,"PUNTA PARA WAXER NT,PRO&LIGHT CUCHILLO",Enceradoras
4748,"PUNTA PARA WAXER NT,PRO&LIGHT CUCHILLO",Accesorio
4751,"PUNTA PARA WAXER NT,PRO&LIGHT SACACORCHO",Analogo
4751,"PUNTA PARA WAXER NT,PRO&LIGHT SACACORCHO",Enceradoras
4751,"PUNTA PARA WAXER NT,PRO&LIGHT SACACORCHO",Accesorio
4754,"PUNTA PARA WAXER NT,PRO&LIGHT SACACORCHO 411-0600",Analogo
4754,"PUNTA PARA WAXER NT,PRO&LIGHT SACACORCHO 411-0600",Enceradoras
4754,"PUNTA PARA WAXER NT,PRO&LIGHT SACACORCHO 411-0600",Accesorio
6983,PUNTA PSD,Aditamentos Para Implantes
6983,PUNTA PSD,Consumible
6983,PUNTA PSD,Analogo
4478,PUTTYSTAR 2X3200ML/5120G,Analogo
4478,PUTTYSTAR 2X3200ML/5120G,Insumos De Laboratorio
4478,PUTTYSTAR 2X3200ML/5120G,Consumible
4475,PUTTYSTAR 2X500ML/800G,Analogo
4475,PUTTYSTAR 2X500ML/800G,Insumos De Laboratorio
4475,PUTTYSTAR 2X500ML/800G,Consumible
3479,Q BASIC CONTROL UNIT (TABLE TOP VERSION),Analogo
3479,Q BASIC CONTROL UNIT (TABLE TOP VERSION),Micromotores
3479,Q BASIC CONTROL UNIT (TABLE TOP VERSION),Equipo
305329,Q BASIC HANDPIECE WITH CABLE,Analogo
305329,Q BASIC HANDPIECE WITH CABLE,Refaccion
305329,Q BASIC HANDPIECE WITH CABLE,Micromotores
3485,Q PROFI CONTROL UNIT CPL,Analogo
3485,Q PROFI CONTROL UNIT CPL,Micromotores
3485,Q PROFI CONTROL UNIT CPL,Equipo
140723,Q3 BASIC CONTROL TABLE TOP,Analogo
140723,Q3 BASIC CONTROL TABLE TOP,Micromotores
140723,Q3 BASIC CONTROL TABLE TOP,Equipo
102048,Q3 PROFI CONTROL UNIT PL,Analogo
102048,Q3 PROFI CONTROL UNIT PL,Micromotores
102048,Q3 PROFI CONTROL UNIT PL,Equipo
83418,QUATRO JETSTREAM BASIC INFINITY 120V,Digital
83418,QUATRO JETSTREAM BASIC INFINITY 120V,Aspiradoras
83418,QUATRO JETSTREAM BASIC INFINITY 120V,Equipo
4607,RED PERFO REDOND ROJA 7.1X7CM 20 TABL,Analogo
4607,RED PERFO REDOND ROJA 7.1X7CM 20 TABL,Preformas De Cera
4607,RED PERFO REDOND ROJA 7.1X7CM 20 TABL,Consumible
4628,REDUCTOR DE TENSIÓN AZUL 100 ML,Analogo
4628,REDUCTOR DE TENSIÓN AZUL 100 ML,Instrumentos Para Encerado
4628,REDUCTOR DE TENSIÓN AZUL 100 ML,Consumible
4631,REDUCTOR DE TENSIÓN AZUL 1000 ML,Analogo
4631,REDUCTOR DE TENSIÓN AZUL 1000 ML,Instrumentos Para Encerado
4631,REDUCTOR DE TENSIÓN AZUL 1000 ML,Consumible
83305,REFACTURACION,Servicios
83305,REFACTURACION,Analogo
98788,REJILLA PARA COMPRESOR DUO 110V CON UNIDAD DE SECADO,Analogo
98788,REJILLA PARA COMPRESOR DUO 110V CON UNIDAD DE SECADO,Compresores
98788,REJILLA PARA COMPRESOR DUO 110V CON UNIDAD DE SECADO,Refaccion
80163,REJILLAS DE CERA DIAG. AUTOADHESIVAS 20T,Analogo
80163,REJILLAS DE CERA DIAG. AUTOADHESIVAS 20T,Consumible
80163,REJILLAS DE CERA DIAG. AUTOADHESIVAS 20T,Ceras De Modelado
81249,REMBERTI LENTE DE REPUESTO. DERECHA,Analogo
81249,REMBERTI LENTE DE REPUESTO. DERECHA,Consumible
81249,REMBERTI LENTE DE REPUESTO. DERECHA,Insumos De Laboratorio
81252,REMBERTI LENTE DE REPUESTO. IZQUIERDA,Analogo
81252,REMBERTI LENTE DE REPUESTO. IZQUIERDA,Consumible
81252,REMBERTI LENTE DE REPUESTO. IZQUIERDA,Lupas De Magnificacion
80331,RENFE POLISH LISI2,Analogo
80331,RENFE POLISH LISI2,Consumible
80331,RENFE POLISH LISI2,Pulidores
80334,RENFE POLISH ZRO2,Analogo
80334,RENFE POLISH ZRO2,Consumible
80334,RENFE POLISH ZRO2,Pulidores
80985,RENFERT MILLO 120 V 60HZ,Analogo
80985,RENFERT MILLO 120 V 60HZ,Equipo
80985,RENFERT MILLO 120 V 60HZ,Centradora
80337,RENFERT POLISH ALL-IN-ONE 10G,Analogo
80337,RENFERT POLISH ALL-IN-ONE 10G,Consumible
80337,RENFERT POLISH ALL-IN-ONE 10G,Pulidores
104002,REPARACIÓN SPINDLE,Servicios
83404,REPL BLOWER 230V (INFINITY),Digital
83404,REPL BLOWER 230V (INFINITY),Aspiradoras
83404,REPL BLOWER 230V (INFINITY),Equipo
113680,REPL FILTER BAGS (6 BX),Filtros
113680,REPL FILTER BAGS (6 BX),Accesorio
113680,REPL FILTER BAGS (6 BX),Analogo
83401,REPL. BLOWER 120V (INFINITY),Digital
83401,REPL. BLOWER 120V (INFINITY),Aspiradoras
83401,REPL. BLOWER 120V (INFINITY),Equipo
98024,REPL. BLOWER 230V (INFINITY),Digital
98024,REPL. BLOWER 230V (INFINITY),Aspiradoras
98024,REPL. BLOWER 230V (INFINITY),Equipo
81228,REPUESTO PINCELES KOLINSKY TAMAÑO 8 2PZ,Analogo
81228,REPUESTO PINCELES KOLINSKY TAMAÑO 8 2PZ,Consumible
81228,REPUESTO PINCELES KOLINSKY TAMAÑO 8 2PZ,Pinceles
92932,RESIN AQUA GRAY 4K 1KG,Digital
92932,RESIN AQUA GRAY 4K 1KG,Consumible
92932,RESIN AQUA GRAY 4K 1KG,Resinas De Impresion
3770,RESIN MIXER - ND 5100,Digital
3770,RESIN MIXER - ND 5100,Impresoras 3d
3770,RESIN MIXER - ND 5100,Equipo
3770,RESIN MIXER - ND 5100,Impresoras Dlp
92573,RESIN TANK,Digital
92573,RESIN TANK,Impresoras 3d
92573,RESIN TANK,Refaccion
99072,RESIN TANK 200 X 190 MM,Refaccion
99072,RESIN TANK 200 X 190 MM,Analogo
3746,RESIN TRAY - ND 5100,Digital
3746,RESIN TRAY - ND 5100,Impresoras 3d
3746,RESIN TRAY - ND 5100,Consumible
3746,RESIN TRAY - ND 5100,Impresoras Dlp
117498,RESIN VAT 10.1 (MIGHTY 8K),Digital
117498,RESIN VAT 10.1 (MIGHTY 8K),Impresoras 3d
117498,RESIN VAT 10.1 (MIGHTY 8K),Refaccion
117498,RESIN VAT 10.1 (MIGHTY 8K),Impresoras Lcd
100931,RESIN VAT 6.1 SONIC MINI 4K,Digital
100931,RESIN VAT 6.1 SONIC MINI 4K,Refaccion
100931,RESIN VAT 6.1 SONIC MINI 4K,Impresoras Lcd
100931,RESIN VAT 6.1 SONIC MINI 4K,Impresoras 3d
117495,RESIN VAT 7.1 (MINI 8K),Digital
117495,RESIN VAT 7.1 (MINI 8K),Refaccion
100864,RESIN VAT 9.3 FOR MIGHTY 4K / SXL4K 2022,Digital
100864,RESIN VAT 9.3 FOR MIGHTY 4K / SXL4K 2022,Refaccion
100864,RESIN VAT 9.3 FOR MIGHTY 4K / SXL4K 2022,Impresoras 3d
254210,RESINA 3D CALCINABLE,Digital
254210,RESINA 3D CALCINABLE,Consumible
254210,RESINA 3D CALCINABLE,Resinas De Impresion
250622,RESINA 3D FLEXIBLE DENTURE,Digital
250622,RESINA 3D FLEXIBLE DENTURE,Consumible
250622,RESINA 3D FLEXIBLE DENTURE,Resinas De Impresion
254202,RESINA 3D PARA GUARDAS,Digital
254202,RESINA 3D PARA GUARDAS,Consumible
254202,RESINA 3D PARA GUARDAS,Impresoras 3d
254219,RESINA 3D PARA GUÍAS QUIRURGICAS,Digital
254219,RESINA 3D PARA GUÍAS QUIRURGICAS,Consumible
254219,RESINA 3D PARA GUÍAS QUIRURGICAS,Resinas De Impresion
254226,RESINA 3D PARA PROVISIONALES,Digital
254226,RESINA 3D PARA PROVISIONALES,Consumible
254226,RESINA 3D PARA PROVISIONALES,Resinas De Impresion
294859,RESINA DENTAL SERIES DENTAL PRO MODEL LIGHT GRAY 1KG,Digital
294859,RESINA DENTAL SERIES DENTAL PRO MODEL LIGHT GRAY 1KG,Consumible
294859,RESINA DENTAL SERIES DENTAL PRO MODEL LIGHT GRAY 1KG,Resinas
294859,RESINA DENTAL SERIES DENTAL PRO MODEL LIGHT GRAY 1KG,Resinas De Impresion
4613,RETENCION D PERF REDOND BORDE 25 PALOS,Analogo
4613,RETENCION D PERF REDOND BORDE 25 PALOS,Preformas De Cera
4613,RETENCION D PERF REDOND BORDE 25 PALOS,Consumible
4616,RETENCION D PERFO OVALADAS 25 PALOS,Analogo
4616,RETENCION D PERFO OVALADAS 25 PALOS,Preformas De Cera
4616,RETENCION D PERFO OVALADAS 25 PALOS,Consumible
4610,RETENCION DE PERFO REDONDA 25 PALOS,Analogo
4610,RETENCION DE PERFO REDONDA 25 PALOS,Preformas De Cera
4610,RETENCION DE PERFO REDONDA 25 PALOS,Consumible
4601,RETENCIONES EN PLANCHAS PEQ BORDE 15 PZ,Analogo
4601,RETENCIONES EN PLANCHAS PEQ BORDE 15 PZ,Preformas De Cera
4601,RETENCIONES EN PLANCHAS PEQ BORDE 15 PZ,Consumible
4604,RETENCIONES PLANCHAS GDES BORDE 15 PZ,Analogo
4604,RETENCIONES PLANCHAS GDES BORDE 15 PZ,Preformas De Cera
4604,RETENCIONES PLANCHAS GDES BORDE 15 PZ,Consumible
3788,"RETENTION DISKS, 100 PCS.",Digital
3788,"RETENTION DISKS, 100 PCS.",Consumible
3788,"RETENTION DISKS, 100 PCS.",Articuladores
269307,REUSABLETIPS I600 / I700 / I700W,Digital
269307,REUSABLETIPS I600 / I700 / I700W,Consumible
269307,REUSABLETIPS I600 / I700 / I700W,Escaner Intraoral
4403,REVOLUTION MASTER KIT SIZE 6,Digital
4403,REVOLUTION MASTER KIT SIZE 6,Pinceles Para Circonio
4403,REVOLUTION MASTER KIT SIZE 6,Consumible
185709,RFID SET CAMBIADOR DE HERRAMIENTAS 14-28,Digital
185709,RFID SET CAMBIADOR DE HERRAMIENTAS 14-28,Fresadoras
185709,RFID SET CAMBIADOR DE HERRAMIENTAS 14-28,Refaccion
3560,ROHRSTECKSCHLÜSSEL - GIROFORM,Analogo
3560,ROHRSTECKSCHLÜSSEL - GIROFORM,Perforadora De Pines
3560,ROHRSTECKSCHLÜSSEL - GIROFORM,Accesorio
81189,ROLLOBLAST 50 ΜM 12.5KG,Analogo
81189,ROLLOBLAST 50 ΜM 12.5KG,Consumible
81189,ROLLOBLAST 50 ΜM 12.5KG,Insumos De Laboratorio
11003,ROSETTA SHADE GUIDE LT,Analogo
11003,ROSETTA SHADE GUIDE LT,Colorimetro
11000,ROSETTA SHADE GUIDE HT,Analogo
11000,ROSETTA SHADE GUIDE HT,Colorimetro
11006,ROSETTA SHADE GUIDE MO,Analogo
11006,ROSETTA SHADE GUIDE MO,Colorimetro
11009,ROSETTA SM C14 HT A1,Digital
11009,ROSETTA SM C14 HT A1,Bloques De Disilicato De Litio
11009,ROSETTA SM C14 HT A1,Consumible
11009,ROSETTA SM C14 HT A1,Bloques
11012,ROSETTA SM C14 HT A2,Digital
11012,ROSETTA SM C14 HT A2,Bloques De Disilicato De Litio
11012,ROSETTA SM C14 HT A2,Consumible
11012,ROSETTA SM C14 HT A2,Bloques
11015,ROSETTA SM C14 HT A3,Digital
11015,ROSETTA SM C14 HT A3,Bloques De Disilicato De Litio
11015,ROSETTA SM C14 HT A3,Consumible
11015,ROSETTA SM C14 HT A3,Bloques
11018,ROSETTA SM C14 HT B1,Digital
11018,ROSETTA SM C14 HT B1,Bloques De Disilicato De Litio
11018,ROSETTA SM C14 HT B1,Consumible
11018,ROSETTA SM C14 HT B1,Bloques
11021,ROSETTA SM C14 HT B2,Digital
11021,ROSETTA SM C14 HT B2,Bloques De Disilicato De Litio
11021,ROSETTA SM C14 HT B2,Consumible
11021,ROSETTA SM C14 HT B2,Bloques
11024,ROSETTA SM C14 HT W1,Digital
11024,ROSETTA SM C14 HT W1,Bloques De Disilicato De Litio
11024,ROSETTA SM C14 HT W1,Consumible
11024,ROSETTA SM C14 HT W1,Bloques
11027,ROSETTA SM C14 LT A1,Digital
11027,ROSETTA SM C14 LT A1,Bloques De Disilicato De Litio
11027,ROSETTA SM C14 LT A1,Consumible
11027,ROSETTA SM C14 LT A1,Bloques
11030,ROSETTA SM C14 LT A2,Digital
11030,ROSETTA SM C14 LT A2,Bloques De Disilicato De Litio
11030,ROSETTA SM C14 LT A2,Consumible
11030,ROSETTA SM C14 LT A2,Bloques
11033,ROSETTA SM C14 LT A3,Digital
11033,ROSETTA SM C14 LT A3,Bloques De Disilicato De Litio
11033,ROSETTA SM C14 LT A3,Consumible
11033,ROSETTA SM C14 LT A3,Bloques
11036,ROSETTA SM C14 LT B1,Digital
11036,ROSETTA SM C14 LT B1,Bloques De Disilicato De Litio
11036,ROSETTA SM C14 LT B1,Consumible
11036,ROSETTA SM C14 LT B1,Bloques
11039,ROSETTA SM C14 LT B2,Digital
11039,ROSETTA SM C14 LT B2,Bloques De Disilicato De Litio
11039,ROSETTA SM C14 LT B2,Consumible
11039,ROSETTA SM C14 LT B2,Bloques
11042,ROSETTA SM C14 LT W1,Digital
11042,ROSETTA SM C14 LT W1,Bloques De Disilicato De Litio
11042,ROSETTA SM C14 LT W1,Consumible
11042,ROSETTA SM C14 LT W1,Bloques
11045,ROSETTA SM C32 HT A1,Digital
11045,ROSETTA SM C32 HT A1,Bloques De Disilicato De Litio
11045,ROSETTA SM C32 HT A1,Consumible
11045,ROSETTA SM C32 HT A1,Bloques
11048,ROSETTA SM C32 HT A2,Digital
11048,ROSETTA SM C32 HT A2,Bloques De Disilicato De Litio
11048,ROSETTA SM C32 HT A2,Consumible
11048,ROSETTA SM C32 HT A2,Bloques
11051,ROSETTA SM C32 HT A3,Digital
11051,ROSETTA SM C32 HT A3,Bloques De Disilicato De Litio
11051,ROSETTA SM C32 HT A3,Consumible
11051,ROSETTA SM C32 HT A3,Bloques
11054,ROSETTA SM C32 LT A2,Digital
11054,ROSETTA SM C32 LT A2,Bloques De Disilicato De Litio
11054,ROSETTA SM C32 LT A2,Consumible
11054,ROSETTA SM C32 LT A2,Bloques
11057,ROSETTA SM C32 LT A3,Digital
11057,ROSETTA SM C32 LT A3,Bloques De Disilicato De Litio
11057,ROSETTA SM C32 LT A3,Consumible
11057,ROSETTA SM C32 LT A3,Bloques
11060,ROSETTA SP R10 HT A1,Digital
11060,ROSETTA SP R10 HT A1,Bloques De Disilicato De Litio
11060,ROSETTA SP R10 HT A1,Consumible
11060,ROSETTA SP R10 HT A1,Bloques
11063,ROSETTA SP R10 HT A2,Digital
11063,ROSETTA SP R10 HT A2,Bloques De Disilicato De Litio
11063,ROSETTA SP R10 HT A2,Consumible
11063,ROSETTA SP R10 HT A2,Bloques
11066,ROSETTA SP R10 HT A3,Digital
11066,ROSETTA SP R10 HT A3,Bloques De Disilicato De Litio
11066,ROSETTA SP R10 HT A3,Consumible
11066,ROSETTA SP R10 HT A3,Bloques
11069,ROSETTA SP R10 HT A3.5,Digital
11069,ROSETTA SP R10 HT A3.5,Bloques De Disilicato De Litio
11069,ROSETTA SP R10 HT A3.5,Consumible
11069,ROSETTA SP R10 HT A3.5,Bloques
11072,ROSETTA SP R10 HT B1,Digital
11072,ROSETTA SP R10 HT B1,Bloques De Disilicato De Litio
11072,ROSETTA SP R10 HT B1,Consumible
11072,ROSETTA SP R10 HT B1,Bloques
11075,ROSETTA SP R10 HT B2,Digital
11075,ROSETTA SP R10 HT B2,Bloques De Disilicato De Litio
11075,ROSETTA SP R10 HT B2,Consumible
11075,ROSETTA SP R10 HT B2,Bloques
11078,ROSETTA SP R10 HT B3,Digital
11078,ROSETTA SP R10 HT B3,Bloques De Disilicato De Litio
11078,ROSETTA SP R10 HT B3,Consumible
11078,ROSETTA SP R10 HT B3,Bloques
11081,ROSETTA SP R10 HT W1,Digital
11081,ROSETTA SP R10 HT W1,Bloques De Disilicato De Litio
11081,ROSETTA SP R10 HT W1,Consumible
11081,ROSETTA SP R10 HT W1,Bloques
11084,ROSETTA SP R10 HT W2,Digital
11084,ROSETTA SP R10 HT W2,Bloques De Disilicato De Litio
11084,ROSETTA SP R10 HT W2,Consumible
11084,ROSETTA SP R10 HT W2,Bloques
11087,ROSETTA SP R10 HT W3,Digital
11087,ROSETTA SP R10 HT W3,Bloques De Disilicato De Litio
11087,ROSETTA SP R10 HT W3,Consumible
11087,ROSETTA SP R10 HT W3,Bloques
11090,ROSETTA SP R10 LT A1,Digital
11090,ROSETTA SP R10 LT A1,Bloques De Disilicato De Litio
11090,ROSETTA SP R10 LT A1,Consumible
11090,ROSETTA SP R10 LT A1,Bloques
11093,ROSETTA SP R10 LT A2,Digital
11093,ROSETTA SP R10 LT A2,Bloques De Disilicato De Litio
11093,ROSETTA SP R10 LT A2,Consumible
11093,ROSETTA SP R10 LT A2,Bloques
11096,ROSETTA SP R10 LT A3,Digital
11096,ROSETTA SP R10 LT A3,Bloques De Disilicato De Litio
11096,ROSETTA SP R10 LT A3,Consumible
11096,ROSETTA SP R10 LT A3,Bloques
11099,ROSETTA SP R10 LT A3.5,Digital
11099,ROSETTA SP R10 LT A3.5,Bloques De Disilicato De Litio
11099,ROSETTA SP R10 LT A3.5,Consumible
11099,ROSETTA SP R10 LT A3.5,Bloques
11102,ROSETTA SP R10 LT B1,Digital
11102,ROSETTA SP R10 LT B1,Bloques De Disilicato De Litio
11102,ROSETTA SP R10 LT B1,Consumible
11102,ROSETTA SP R10 LT B1,Bloques
11105,ROSETTA SP R10 LT B2,Digital
11105,ROSETTA SP R10 LT B2,Bloques De Disilicato De Litio
11105,ROSETTA SP R10 LT B2,Consumible
11105,ROSETTA SP R10 LT B2,Bloques
11108,ROSETTA SP R10 LT B3,Digital
11108,ROSETTA SP R10 LT B3,Bloques De Disilicato De Litio
11108,ROSETTA SP R10 LT B3,Consumible
11108,ROSETTA SP R10 LT B3,Bloques
11111,ROSETTA SP R10 LT W1,Digital
11111,ROSETTA SP R10 LT W1,Bloques De Disilicato De Litio
11111,ROSETTA SP R10 LT W1,Consumible
11111,ROSETTA SP R10 LT W1,Bloques
11114,ROSETTA SP R10 LT W2,Digital
11114,ROSETTA SP R10 LT W2,Bloques De Disilicato De Litio
11114,ROSETTA SP R10 LT W2,Consumible
11114,ROSETTA SP R10 LT W2,Bloques
11117,ROSETTA SP R10 MO0,Digital
11117,ROSETTA SP R10 MO0,Bloques De Disilicato De Litio
11117,ROSETTA SP R10 MO0,Consumible
11117,ROSETTA SP R10 MO0,Bloques
11120,ROSETTA SP R10 MO1,Digital
11120,ROSETTA SP R10 MO1,Bloques De Disilicato De Litio
11120,ROSETTA SP R10 MO1,Consumible
11120,ROSETTA SP R10 MO1,Bloques
11123,ROSETTA SP R10 MO2,Digital
11123,ROSETTA SP R10 MO2,Bloques De Disilicato De Litio
11123,ROSETTA SP R10 MO2,Consumible
11123,ROSETTA SP R10 MO2,Bloques
11123,ROSETTA SP R10 MO2,Mo2
11126,ROSETTA SP R10 MO3,Digital
11126,ROSETTA SP R10 MO3,Bloques De Disilicato De Litio
11126,ROSETTA SP R10 MO3,Consumible
11126,ROSETTA SP R10 MO3,Bloques
155133,ROTARY STEPPER COMPLETE 354 / 654(I),Refaccion
155133,ROTARY STEPPER COMPLETE 354 / 654(I),Analogo
92435,ROTO RFID 1.0 SC,Consumible
92435,ROTO RFID 1.0 SC,Digital
92435,ROTO RFID 1.0 SC,Fresas Para Fresadora Sc
303763,FRESA ROTO RFID BROWN 3.0 DM,Fresas
4190,ROTO 0.3,Digital
4190,ROTO 0.3,Fresas Para Fresadora Zi Rfid
4190,ROTO 0.3,Consumible
303781,FRESA ROTO RFID BROWN F 1.2 EM DM,Fresas
4187,ROTO 0.6,Digital
4187,ROTO 0.6,Fresas Para Fresadora Zi Rfid
4187,ROTO 0.6,Consumible
303778,FRESA ROTO RFID BROWN R 1.2 EM DM,Fresas
4181,ROTO 1.0,Digital
4181,ROTO 1.0,Fresas Para Fresadora Zi Rfid
4181,ROTO 1.0,Consumible
295081,FRESA ROTO RFID CALIB 6MM,Fresas
4184,ROTO 2.5,Digital
4184,ROTO 2.5,Fresas Para Fresadora Zi Rfid
4184,ROTO 2.5,Consumible
8426524,FRESA ROTO RFID GREEN 0.3 DM,Fresas
4202,ROTO DMB DC 0.3,Digital
4202,ROTO DMB DC 0.3,Fresas Para Fresadora Dmb Dc
4202,ROTO DMB DC 0.3,Consumible
303799,FRESA ROTO RFID GREEN 0.6 DM,Fresas
4199,ROTO DMB DC 0.6,Digital
4199,ROTO DMB DC 0.6,Fresas Para Fresadora Dmb Dc
4199,ROTO DMB DC 0.6,Consumible
303796,FRESA ROTO RFID GREEN 1.0 DM,Fresas
4196,ROTO DMB DC 1.0,Digital
4196,ROTO DMB DC 1.0,Fresas Para Fresadora Dmb Dc
4196,ROTO DMB DC 1.0,Consumible
303793,FRESA ROTO RFID GREEN 1.5 DM,Fresas
4193,ROTO DMB DC 2.5,Digital
4193,ROTO DMB DC 2.5,Fresas Para Fresadora Dmb Dc
4193,ROTO DMB DC 2.5,Consumible
303790,FRESA ROTO RFID GREEN 2.5 DM,Fresas
85872,ROTO RFID 0.3 DMB DC,Consumible
85872,ROTO RFID 0.3 DMB DC,Digital
85872,ROTO RFID 0.3 DMB DC,Fresas Para Fresadora Dmb Dc
2266450,FRESA ROTO RFID GREY 0.3,Fresas
85851,ROTO RFID 0.3 PMMA/WAX DM 0.3,Consumible
85851,ROTO RFID 0.3 PMMA/WAX DM 0.3,Digital
85851,ROTO RFID 0.3 PMMA/WAX DM 0.3,Fresas Para Fresadora Pmma
2266436,FRESA ROTO RFID GREY 0.6,Fresas
85860,ROTO RFID 0.3 SC DM 0.3,Consumible
85860,ROTO RFID 0.3 SC DM 0.3,Digital
85860,ROTO RFID 0.3 SC DM 0.3,Fresas Para Fresadora Sc
2266432,FRESA ROTO RFID GREY 1.0,Fresas
85838,ROTO RFID 0.3 SINTRON DM 0.3,Digital
85838,ROTO RFID 0.3 SINTRON DM 0.3,Fresas Para Fresadora Sintron
85838,ROTO RFID 0.3 SINTRON DM 0.3,Consumible
2266424,FRESA ROTO RFID GREY 2.5,Fresas
4241,ROTO RFID 0.3 ZI,Consumible
4241,ROTO RFID 0.3 ZI,Digital
4241,ROTO RFID 0.3 ZI,Fresas Para Fresadora Zi Rfid
2266440,FRESA ROTO RFID PURPLE 1.2 EM,Fresas
102045,ROTO RFID 0.4 DIAMOND BLG,Consumible
102045,ROTO RFID 0.4 DIAMOND BLG,Digital
102045,ROTO RFID 0.4 DIAMOND BLG,Fresas Para Fresadora Diamond Rfid
2266446,FRESA ROTO RFID PURPLE 1.2 TS,Fresas
4253,ROTO RFID 0.4 DM,Consumible
4253,ROTO RFID 0.4 DM,Digital
4253,ROTO RFID 0.4 DM,Fresas Para Fresadora Diamond Rfid
8426504,FRESA ROTO RFID PURPLE 1.8 TS,Fresas
195329,ROTO RFID 0.6 DC BLM 0.6 MM,Digital
195329,ROTO RFID 0.6 DC BLM 0.6 MM,Fresas Para Fresadora Dc Blm
8426494,FRESA ROTO RFID PURPLE 2.0 TS,Fresas
297624,FRESAS AG,Fresas
195329,ROTO RFID 0.6 DC BLM 0.6 MM,Consumible
85869,ROTO RFID 0.6 DMB DC,Consumible
85869,ROTO RFID 0.6 DMB DC,Digital
85869,ROTO RFID 0.6 DMB DC,Fresas Para Fresadora Dmb Dc
9185111,MILLING BUR ZIR 0.6 DC ROTO FOR AMD-500,Fresas
85848,ROTO RFID 0.6 PMMA/WAX DM 0.6,Digital
85848,ROTO RFID 0.6 PMMA/WAX DM 0.6,Fresas Para Fresadora Pmma
85848,ROTO RFID 0.6 PMMA/WAX DM 0.6,Consumible
9185109,MILLING BUR ZIR 1.0 DC ROTO FOR AMD-500,Fresas
85857,ROTO RFID 0.6 SC DM 0.6,Consumible
85857,ROTO RFID 0.6 SC DM 0.6,Digital
85857,ROTO RFID 0.6 SC DM 0.6,Fresas Para Fresadora Sc
9185107,MILLING BUR ZIR 1.5 DC FLAT FOR AMD-500,Fresas
85835,ROTO RFID 0.6 SINTRON,Consumible
85835,ROTO RFID 0.6 SINTRON,Digital
85835,ROTO RFID 0.6 SINTRON,Fresas Para Fresadora Sintron
9185104,MILLING BUR ZIR 2.0 DC ROTO FOR AMD-500,Fresas
4016,ROTO RFID 0.6 ST DM,Digital
4190,ROTO 0.3,Fresas
4016,ROTO RFID 0.6 ST DM,Consumible
4016,ROTO RFID 0.6 ST DM,Fresas Para Fresadora St
4238,ROTO RFID 0.6 ZI DM,Digital
4238,ROTO RFID 0.6 ZI DM,Fresas Para Fresadora Zi Rfid
4238,ROTO RFID 0.6 ZI DM,Consumible
4187,ROTO 0.6,Fresas
92435,ROTO RFID 1.0 SC DM,Digital
92435,ROTO RFID 1.0 SC DM,Consumible
4181,ROTO 1.0,Fresas
92435,ROTO RFID 1.0 SC DM,Fresas Para Fresadora Sc
85881,ROTO RFID 1.0 COCR,Consumible
85881,ROTO RFID 1.0 COCR,Digital
85881,ROTO RFID 1.0 COCR,Fresas Para Fresadora Cocr
4184,ROTO 2.5,Fresas
195325,ROTO RFID 1.0 DC BLM 1.0 MM,Digital
195325,ROTO RFID 1.0 DC BLM 1.0 MM,Fresas Para Fresadora Dc Blm
195325,ROTO RFID 1.0 DC BLM 1.0 MM,Consumible
4202,ROTO DMB DC 0.3,Fresas
102042,ROTO RFID 1.0 DIAMOND BLG,Consumible
102042,ROTO RFID 1.0 DIAMOND BLG,Digital
102042,ROTO RFID 1.0 DIAMOND BLG,Fresas Para Fresadora Diamond Rfid
4199,ROTO DMB DC 0.6,Fresas
85866,ROTO RFID 1.0 DMB DC,Consumible
85866,ROTO RFID 1.0 DMB DC,Digital
85866,ROTO RFID 1.0 DMB DC,Fresas Para Fresadora Dmb Dc
4196,ROTO DMB DC 1.0,Fresas
85844,ROTO RFID 1.0 PMMA/WAX DM 1.0,Consumible
85844,ROTO RFID 1.0 PMMA/WAX DM 1.0,Digital
85844,ROTO RFID 1.0 PMMA/WAX DM 1.0,Fresas Para Fresadora Pmma
4193,ROTO DMB DC 2.5,Fresas
85831,ROTO RFID 1.0 SINTRON DM 1.0,Consumible
85831,ROTO RFID 1.0 SINTRON DM 1.0,Digital
85831,ROTO RFID 1.0 SINTRON DM 1.0,Fresas Para Fresadora Sintron
85872,ROTO RFID 0.3 DMB DC,Fresas
99561,ROTO RFID 1.0 TI,Consumible
99561,ROTO RFID 1.0 TI,Digital
99561,ROTO RFID 1.0 TI,Fresas Para Fresadora Titanio
85851,ROTO RFID 0.3 PMMA/WAX DM 0.3,Fresas
115675,ROTO RFID 1.0 TITAN DM,Digital
115675,ROTO RFID 1.0 TITAN DM,Fresas Para Fresadora Titanio
115675,ROTO RFID 1.0 TITAN DM,Consumible
85860,ROTO RFID 0.3 SC DM 0.3,Fresas
4235,ROTO RFID 1.0 ZI DM,Digital
4235,ROTO RFID 1.0 ZI DM,Fresas Para Fresadora Zi Rfid
4235,ROTO RFID 1.0 ZI DM,Consumible
85838,ROTO RFID 0.3 SINTRON DM 0.3,Fresas
115679,ROTO RFID 1.2 R TITAN DM,Digital
115679,ROTO RFID 1.2 R TITAN DM,Fresas Para Fresadora Titanio
115679,ROTO RFID 1.2 R TITAN DM,Consumible
4241,ROTO RFID 0.3 ZI,Fresas
4013,ROTO RFID 1.2 ST DM,Consumible
4013,ROTO RFID 1.2 ST DM,Digital
102045,ROTO RFID 0.4 DIAMOND BLG,Fresas
4013,ROTO RFID 1.2 ST DM,Fresas Para Fresadora St
115671,ROTO RFID 1.2 TITAN DM,Digital
115671,ROTO RFID 1.2 TITAN DM,Fresas Para Fresadora Titanio
115671,ROTO RFID 1.2 TITAN DM,Consumible
4253,ROTO RFID 0.4 DM,Fresas
85878,ROTO RFID 1.5 COCR,Consumible
85878,ROTO RFID 1.5 COCR,Digital
85878,ROTO RFID 1.5 COCR,Fresas Para Fresadora Cocr
195329,ROTO RFID 0.6 DC BLM 0.6 MM,Fresas
115667,ROTO RFID 1.5 TITAN DM,Consumible
115667,ROTO RFID 1.5 TITAN DM,Digital
115667,ROTO RFID 1.5 TITAN DM,Fresas Para Fresadora Titanio
4019,ROTO RFID 1.5 T-SHAPE,Digital
85869,ROTO RFID 0.6 DMB DC,Fresas
4019,ROTO RFID 1.5 T-SHAPE,Consumible
4019,ROTO RFID 1.5 T-SHAPE,Fresas Para Fresadora Titanio
154523,ROTO RFID 1.5 T-SHAPE TITAN,Digital
154523,ROTO RFID 1.5 T-SHAPE TITAN,Fresas Para Fresadora Titanio
154523,ROTO RFID 1.5 T-SHAPE TITAN,Consumible
85848,ROTO RFID 0.6 PMMA/WAX DM 0.6,Fresas
170068,ROTO RFID 1.8 T - SHAPE,Digital
170068,ROTO RFID 1.8 T - SHAPE,Fresas Para Fresadora Titanio
170068,ROTO RFID 1.8 T - SHAPE,Consumible
85857,ROTO RFID 0.6 SC DM 0.6,Fresas
102036,ROTO RFID 2.0 DIAMOND BLG,Digital
102036,ROTO RFID 2.0 DIAMOND BLG,Fresas Para Fresadora Diamond Rfid
102036,ROTO RFID 2.0 DIAMOND BLG,Consumible
85835,ROTO RFID 0.6 SINTRON,Fresas
170076,ROTO RFID 2.0 T - SHAPE,Digital
170076,ROTO RFID 2.0 T - SHAPE,Fresas Para Fresadora Titanio
170076,ROTO RFID 2.0 T - SHAPE,Consumible
4016,ROTO RFID 0.6 ST DM,Fresas
85854,ROTO RFID 2.0 TI DM 2.0,Consumible
85854,ROTO RFID 2.0 TI DM 2.0,Digital
85854,ROTO RFID 2.0 TI DM 2.0,Fresas Para Fresadora Titanio
4238,ROTO RFID 0.6 ZI DM,Fresas
115663,ROTO RFID 2.0 TITAN DM,Digital
115663,ROTO RFID 2.0 TITAN DM,Fresas Para Fresadora Titanio
115663,ROTO RFID 2.0 TITAN DM,Consumible
85881,ROTO RFID 1.0 COCR,Fresas
85875,ROTO RFID 2.5 COCR,Consumible
85875,ROTO RFID 2.5 COCR,Digital
85875,ROTO RFID 2.5 COCR,Fresas Para Fresadora Cocr
195325,ROTO RFID 1.0 DC BLM 1.0 MM,Fresas
195321,ROTO RFID 2.5 DC BLM 2.5 MM,Digital
195321,ROTO RFID 2.5 DC BLM 2.5 MM,Fresas Para Fresadora Dc Blm
102042,ROTO RFID 1.0 DIAMOND BLG,Fresas
195321,ROTO RFID 2.5 DC BLM 2.5 MM,Consumible
85863,ROTO RFID 2.5 DMB DC,Consumible
85863,ROTO RFID 2.5 DMB DC,Digital
85863,ROTO RFID 2.5 DMB DC,Fresas Para Fresadora Dmb Dc
85866,ROTO RFID 1.0 DMB DC,Fresas
85841,ROTO RFID 2.5 PMMA/WAX DM 2.5,Consumible
85841,ROTO RFID 2.5 PMMA/WAX DM 2.5,Digital
85841,ROTO RFID 2.5 PMMA/WAX DM 2.5,Fresas Para Fresadora Pmma
85844,ROTO RFID 1.0 PMMA/WAX DM 1.0,Fresas
92431,ROTO RFID 2.5 SC,Digital
92431,ROTO RFID 2.5 SC,Fresas Para Fresadora Sc
92431,ROTO RFID 2.5 SC,Consumible
92435,ROTO RFID 1.0 SC,Fresas
85828,ROTO RFID 2.5 SINTRON DM 2.5,Digital
85828,ROTO RFID 2.5 SINTRON DM 2.5,Fresas Para Fresadora Sintron
85828,ROTO RFID 2.5 SINTRON DM 2.5,Consumible
92435,ROTO RFID 1.0 SC DM,Fresas
4232,ROTO RFID 2.5 ZI DM,Consumible
4232,ROTO RFID 2.5 ZI DM,Digital
4232,ROTO RFID 2.5 ZI DM,Fresas Para Fresadora Zi Rfid
85831,ROTO RFID 1.0 SINTRON DM 1.0,Fresas
115659,ROTO RFID 3.0 TITAN DM,Digital
115659,ROTO RFID 3.0 TITAN DM,Fresas Para Fresadora Titanio
115659,ROTO RFID 3.0 TITAN DM,Consumible
99561,ROTO RFID 1.0 TI,Fresas
85885,ROTO RFID PIN DE CALIBRACION,Digital
85885,ROTO RFID PIN DE CALIBRACION,Fresadoras
85885,ROTO RFID PIN DE CALIBRACION,Refaccion
85885,ROTO RFID PIN DE CALIBRACION EJE 3MM,Digital
85885,ROTO RFID PIN DE CALIBRACION EJE 3MM,Consumible
115675,ROTO RFID 1.0 TITAN DM,Fresas
85885,ROTO RFID PIN DE CALIBRACION EJE 3MM,Fresas De Calibración
4217,ROTO SC 0.6,Digital
4217,ROTO SC 0.6,Fresas Para Fresadora Sc
4217,ROTO SC 0.6,Consumible
4235,ROTO RFID 1.0 ZI DM,Fresas
4214,ROTO SC 1.0,Digital
4214,ROTO SC 1.0,Fresas Para Fresadora Sc
4214,ROTO SC 1.0,Consumible
115679,ROTO RFID 1.2 R TITAN DM,Fresas
4211,ROTO SC 2.5,Digital
4211,ROTO SC 2.5,Fresas Para Fresadora Sc
4211,ROTO SC 2.5,Consumible
4013,ROTO RFID 1.2 ST DM,Fresas
4007,ROTO ST 0.6,Digital
115671,ROTO RFID 1.2 TITAN DM,Fresas
4007,ROTO ST 0.6,Consumible
85878,ROTO RFID 1.5 COCR,Fresas
4010,ROTO ST 1.2,Consumible
4010,ROTO ST 1.2,Digital
115667,ROTO RFID 1.5 TITAN DM,Fresas
4010,ROTO ST 1.2,Fresas Para Fresadora St
4205,ROTO TI 1.0,Digital
4205,ROTO TI 1.0,Fresas Para Fresadora Titanio
4205,ROTO TI 1.0,Consumible
4019,ROTO RFID 1.5 T-SHAPE,Fresas
4208,ROTO TI 2.0,Consumible
4208,ROTO TI 2.0,Digital
4208,ROTO TI 2.0,Fresas Para Fresadora Titanio
154523,ROTO RFID 1.5 T-SHAPE TITAN,Fresas
115713,RW-X/Y/Z AXIS MOTOR INCL. ENCODER MATIK,Refaccion
115713,RW-X/Y/Z AXIS MOTOR INCL. ENCODER MATIK,Digital
85238,S&S LIQUID 750ML,Analogo
85238,S&S LIQUID 750ML,Investimento
3872,S&S SPEEDVEST (20X160G + 750ML),Analogo
3872,S&S SPEEDVEST (20X160G + 750ML),Investimento
3872,S&S SPEEDVEST (20X160G + 750ML),Consumible
3875,S&S SPEEDVEST (20X160G),Analogo
3875,S&S SPEEDVEST (20X160G),Investimento
3875,S&S SPEEDVEST (20X160G),Consumible
85236,S&S SPEEDVEST MUSTER/SAMPLE,Analogo
85236,S&S SPEEDVEST MUSTER/SAMPLE,Investimento
3464,S1 BASIC MILLING INIT CPL.,Analogo
3464,S1 BASIC MILLING INIT CPL.,Paralelometro
3464,S1 BASIC MILLING INIT CPL.,Equipo
98585,S2 PROFI MILLING UNIT CPL,Analogo
98585,S2 PROFI MILLING UNIT CPL,Paralelometro
98585,S2 PROFI MILLING UNIT CPL,Equipo
5468,SAKURA LÁPIZ MARCADOR 0.5MM,Analogo
5468,SAKURA LÁPIZ MARCADOR 0.5MM,Insumos De Laboratorio
5468,SAKURA LÁPIZ MARCADOR 0.5MM,Consumible
5471,"SAKURA MINA, AZUL, 12 PZ",Analogo
5471,"SAKURA MINA, AZUL, 12 PZ",Insumos De Laboratorio
5471,"SAKURA MINA, AZUL, 12 PZ",Consumible
147629,SAVEIRO ROBUST SC/ MOTOR 1.6L 74 KW 101 HP MPI,Refaccion
116660,SCAN ABUTMENT ANTIRROTATIVO Ø 4.0 H 10.0,Aditamentos Para Implantes
116660,SCAN ABUTMENT ANTIRROTATIVO Ø 4.0 H 10.0,Consumible
116660,SCAN ABUTMENT ANTIRROTATIVO Ø 4.0 H 10.0,Analogo
6788,SCAN BODY ANTIRROTATIVO Ø 3.3 H 10 MM,Aditamentos Para Implantes
6788,SCAN BODY ANTIRROTATIVO Ø 3.3 H 10 MM,Consumible
6788,SCAN BODY ANTIRROTATIVO Ø 3.3 H 10 MM,Analogo
7010,SCAN BODY ANTIRROTATIVO Ø 3.3 H 10MM,Aditamentos Para Implantes
7010,SCAN BODY ANTIRROTATIVO Ø 3.3 H 10MM,Consumible
7010,SCAN BODY ANTIRROTATIVO Ø 3.3 H 10MM,Analogo
6872,SCAN BODY ANTIRROTATIVO Ø 3.5 H 10 MM,Aditamentos Para Implantes
6872,SCAN BODY ANTIRROTATIVO Ø 3.5 H 10 MM,Consumible
6872,SCAN BODY ANTIRROTATIVO Ø 3.5 H 10 MM,Analogo
6878,SCAN BODY ANTIRROTATIVO Ø 3.5 H 15 MM,Aditamentos Para Implantes
6878,SCAN BODY ANTIRROTATIVO Ø 3.5 H 15 MM,Consumible
6878,SCAN BODY ANTIRROTATIVO Ø 3.5 H 15 MM,Analogo
6794,SCAN BODY ANTIRROTATIVO Ø 3.5 H 15MM,Aditamentos Para Implantes
6794,SCAN BODY ANTIRROTATIVO Ø 3.5 H 15MM,Consumible
6794,SCAN BODY ANTIRROTATIVO Ø 3.5 H 15MM,Analogo
6797,SCAN BODY ANTIRROTATIVO Ø 4.1 H 10 MM,Aditamentos Para Implantes
6797,SCAN BODY ANTIRROTATIVO Ø 4.1 H 10 MM,Consumible
6797,SCAN BODY ANTIRROTATIVO Ø 4.1 H 10 MM,Analogo
6926,SCAN BODY ANTIRROTATIVO Ø 4.1 H 10 MM IPD/GB-SR-00,Aditamentos Para Implantes
6926,SCAN BODY ANTIRROTATIVO Ø 4.1 H 10 MM IPD/GB-SR-00,Consumible
6926,SCAN BODY ANTIRROTATIVO Ø 4.1 H 10 MM IPD/GB-SR-00,Analogo
6803,SCAN BODY ANTIRROTATIVO Ø 4.1 H 15 MM,Aditamentos Para Implantes
6803,SCAN BODY ANTIRROTATIVO Ø 4.1 H 15 MM,Consumible
6803,SCAN BODY ANTIRROTATIVO Ø 4.1 H 15 MM,Analogo
6881,SCAN BODY ANTIRROTATIVO Ø 4.5 H 10MM,Aditamentos Para Implantes
6881,SCAN BODY ANTIRROTATIVO Ø 4.5 H 10MM,Consumible
6881,SCAN BODY ANTIRROTATIVO Ø 4.5 H 10MM,Analogo
6884,SCAN BODY ANTIRROTATIVO Ø 4.5 H 15 MM,Aditamentos Para Implantes
6884,SCAN BODY ANTIRROTATIVO Ø 4.5 H 15 MM,Consumible
6884,SCAN BODY ANTIRROTATIVO Ø 4.5 H 15 MM,Analogo
6737,SCAN BODY ANTIRROTATIVO Ø 4.8 H 15 MM,Aditamentos Para Implantes
6737,SCAN BODY ANTIRROTATIVO Ø 4.8 H 15 MM,Consumible
6737,SCAN BODY ANTIRROTATIVO Ø 4.8 H 15 MM,Analogo
7037,SCAN BODY ANTIRROTATIVO SP H 10MM,Aditamentos Para Implantes
7037,SCAN BODY ANTIRROTATIVO SP H 10MM,Consumible
7037,SCAN BODY ANTIRROTATIVO SP H 10MM,Analogo
6992,SCAN BODY ROTATIVO MU PEEK,Aditamentos Para Implantes
6992,SCAN BODY ROTATIVO MU PEEK,Consumible
6992,SCAN BODY ROTATIVO MU PEEK,Analogo
6791,SCAN BODY ROTATIVO Ø 3.3 H 10 MM,Aditamentos Para Implantes
6791,SCAN BODY ROTATIVO Ø 3.3 H 10 MM,Consumible
6791,SCAN BODY ROTATIVO Ø 3.3 H 10 MM,Analogo
6875,SCAN BODY ROTATIVO Ø 3.5 10 MM,Aditamentos Para Implantes
6875,SCAN BODY ROTATIVO Ø 3.5 10 MM,Consumible
6875,SCAN BODY ROTATIVO Ø 3.5 10 MM,Analogo
6800,SCAN BODY ROTATIVO Ø 4.1 H 10 MM,Aditamentos Para Implantes
6800,SCAN BODY ROTATIVO Ø 4.1 H 10 MM,Consumible
6800,SCAN BODY ROTATIVO Ø 4.1 H 10 MM,Analogo
6929,SCAN BODY ROTATIVO Ø 4.1 H 10 MM IPD/GB-SR-01,Aditamentos Para Implantes
6929,SCAN BODY ROTATIVO Ø 4.1 H 10 MM IPD/GB-SR-01,Consumible
6929,SCAN BODY ROTATIVO Ø 4.1 H 10 MM IPD/GB-SR-01,Analogo
6635,SCAN BODY ROTATIVO Ø 4.8 H 10 MM,Aditamentos Para Implantes
6635,SCAN BODY ROTATIVO Ø 4.8 H 10 MM,Consumible
6635,SCAN BODY ROTATIVO Ø 4.8 H 10 MM,Analogo
84157,SCANNER DE MESA T*,Digital
84157,SCANNER DE MESA T*,Escaner De Mesa
84157,SCANNER DE MESA T*,Equipo
89431,SCANNER DE MESA T310,Digital
89431,SCANNER DE MESA T310,Escaner De Mesa
89431,SCANNER DE MESA T310,Equipo
89422,SCANNER DE MESA T510,Digital
89422,SCANNER DE MESA T510,Escaner De Mesa
89422,SCANNER DE MESA T510,Equipo
89427,SCANNER DE MESA T710,Digital
89427,SCANNER DE MESA T710,Escaner De Mesa
89427,SCANNER DE MESA T710,Equipo
98600,SCHICK 1500/501 G2 CONCEPT MODEL SAW CPL 115V,Analogo
98600,SCHICK 1500/501 G2 CONCEPT MODEL SAW CPL 115V,Recortadora De Modelos
98600,SCHICK 1500/501 G2 CONCEPT MODEL SAW CPL 115V,Equipo
92215,SCHICK Q BASIC CONTROL UNIT CPL,Analogo
92215,SCHICK Q BASIC CONTROL UNIT CPL,Micromotores
92215,SCHICK Q BASIC CONTROL UNIT CPL,Equipo
98676,SCHICK Q BASIC ST CPL WITH SLIM HANDPIECE,Analogo
98676,SCHICK Q BASIC ST CPL WITH SLIM HANDPIECE,Micromotores
98676,SCHICK Q BASIC ST CPL WITH SLIM HANDPIECE,Equipo
121265,SCREW M3X8 ZN TX10 BN4851,Refaccion
121265,SCREW M3X8 ZN TX10 BN4851,Analogo
6602,SCREW TI UNIGRIP M2 TINITE,Aditamentos Para Implantes
6602,SCREW TI UNIGRIP M2 TINITE,Consumible
6602,SCREW TI UNIGRIP M2 TINITE,Analogo
6605,SCREW TI UNIGRIP M2 NITRURADO,Aditamentos Para Implantes
6605,SCREW TI UNIGRIP M2 NITRURADO,Consumible
6605,SCREW TI UNIGRIP M2 NITRURADO,Analogo
100829,SD CARD (TF133 SONIC XL 4K),Digital
100829,SD CARD (TF133 SONIC XL 4K),Impresoras 3d
100829,SD CARD (TF133 SONIC XL 4K),Refaccion
100829,SD CARD (TF133 SONIC XL 4K),Impresoras Lcd
98434,SEALING RING,Digital
98434,SEALING RING,Refaccion
98434,SEALING RING,Impresoras 3d
95424,"SELLADO DEL ASIENTO ELEVADOR, PRENSA",Refaccion
95424,"SELLADO DEL ASIENTO ELEVADOR, PRENSA",Analogo
3989,SEMIPLACA DE ALINEACION GIROFORM (2),Analogo
3989,SEMIPLACA DE ALINEACION GIROFORM (2),Perforadora De Pines
3989,SEMIPLACA DE ALINEACION GIROFORM (2),Consumible
3986,SEMIPLACA DE BASE GIROFORM (100),Analogo
3986,SEMIPLACA DE BASE GIROFORM (100),Perforadora De Pines
3986,SEMIPLACA DE BASE GIROFORM (100),Consumible
132185,SENSOR DE FUGA MOTION 2,Refaccion
132185,SENSOR DE FUGA MOTION 2,Digital
132161,SENSOR DE HERRAMIENTA MOTION 2/ 3,Digital
132161,SENSOR DE HERRAMIENTA MOTION 2/ 3,Refaccion
132161,SENSOR DE HERRAMIENTA MOTION 2/ 3,Fresadoras
132161,SENSOR DE HERRAMIENTA MOTION2 / 3,Refaccion
132161,SENSOR DE HERRAMIENTA MOTION2 / 3,Digital
3701,SENSOR DE LONGITUD,Digital
3701,SENSOR DE LONGITUD,Fresadoras
3701,SENSOR DE LONGITUD,Refaccion
3704,SENSOR DE PRESENCIA,Digital
3704,SENSOR DE PRESENCIA,Fresadoras
3704,SENSOR DE PRESENCIA,Refaccion
85712,SENSOR DE REFERENCIA EJE B MIKRO 5X,Digital
85712,SENSOR DE REFERENCIA EJE B MIKRO 5X,Fresadoras
85712,SENSOR DE REFERENCIA EJE B MIKRO 5X,Refaccion
3683,SENSOR DE REFERENCIA MESA GIRATORIA,Digital
3683,SENSOR DE REFERENCIA MESA GIRATORIA,Fresadoras
3683,SENSOR DE REFERENCIA MESA GIRATORIA,Refaccion
100848,SENSOR FOR SONIC XL 4K 2022,Digital
100848,SENSOR FOR SONIC XL 4K 2022,Impresoras 3d
100848,SENSOR FOR SONIC XL 4K 2022,Refaccion
100848,SENSOR FOR SONIC XL 4K 2022,Impresoras Lcd
3737,SERVICE KIT MATIK,Digital
3737,SERVICE KIT MATIK,Fresadoras
3737,SERVICE KIT MATIK,Refaccion
294219,SERVICIO DE MANTENIMIENTO,Servicios
84068,SERVICIO DE REPARACION,Servicios
98185,SERVICIO MANTENIMIENTO 1000H,Servicios
132196,SET FUENTE DE ALIMENTACION MAQUINAS (COSEL),Refaccion
132196,SET FUENTE DE ALIMENTACION MAQUINAS (COSEL),Analogo
159738,SH 3D ESCANER AUTOSCAN DS EX PRO,Digital
159738,SH 3D ESCANER AUTOSCAN DS EX PRO,Escaner De Mesa
159738,SH 3D ESCANER AUTOSCAN DS EX PRO,Equipo
305190,SHINING AORALSCAN 3,Digital
305190,SHINING AORALSCAN 3,Equipo
305190,SHINING AORALSCAN 3,Escaner Intraoral
11132,SHUFFLE XL 8.9 2K LCD 3D PRINTER,Digital
11132,SHUFFLE XL 8.9 2K LCD 3D PRINTER,Impresoras Lcd
11132,SHUFFLE XL 8.9 2K LCD 3D PRINTER,Impresoras 3d
118619,SILENT COMPACTCAM,Analogo
118619,SILENT COMPACTCAM,Equipo
118619,SILENT COMPACTCAM,Aspiradoras
309233,SILENT POWERCAM MTN,Digital
309233,SILENT POWERCAM MTN,Refaccion
170068,ROTO RFID 1.8 T - SHAPE,Fresas
3512,SILICON HOSE FOR PUMP 2M,Analogo
95100,SILICON HOSE FOR VENTILATION UNIT 0.5M,Refaccion
95100,SILICON HOSE FOR VENTILATION UNIT 0.5M,Analogo
85723,SILVER TEST SET 6 CERAMIC 3 SILVER RODS,Digital
85723,SILVER TEST SET 6 CERAMIC 3 SILVER RODS,Fresadoras
85723,SILVER TEST SET 6 CERAMIC 3 SILVER RODS,Refaccion
155115,SINTERPEARLS MICROPEARLS 200G,Consumible
155115,SINTERPEARLS MICROPEARLS 200G,Analogo
3608,SINTERPERTEN SINTROM,Consumible
3608,SINTERPERTEN SINTROM,Digital
98106,SINTERSCHALE FÜR ZYRCOMAT MS,Analogo
98106,SINTERSCHALE FÜR ZYRCOMAT MS,Hornos
98106,SINTERSCHALE FÜR ZYRCOMAT MS,Refaccion
98106,SINTERSCHALE FÜR ZYRCOMAT MS,Hornos De Sinterizado
299861,SISTEMA DE ASPIRACION,Analogo
299861,SISTEMA DE ASPIRACION,Aspiradoras
299861,SISTEMA DE ASPIRACION,Consumible
297498,SKETCH PAD,Analogo
297498,SKETCH PAD,Consumible
297498,SKETCH PAD,Ceramica De Recubrimiento
4553,SKYROCK DIE STONE CLASS IV IVORY,Analogo
4553,SKYROCK DIE STONE CLASS IV IVORY,Yesos
4553,SKYROCK DIE STONE CLASS IV IVORY,Consumible
4550,"SKYROCK DIE STONE CLASS IV, GOLDEN BROWN",Analogo
4550,"SKYROCK DIE STONE CLASS IV, GOLDEN BROWN",Yesos
4550,"SKYROCK DIE STONE CLASS IV, GOLDEN BROWN",Consumible
4565,SKYROCK SOCLE FLUID STONE SH IV TERRACOT,Analogo
4565,SKYROCK SOCLE FLUID STONE SH IV TERRACOT,Yesos
4565,SKYROCK SOCLE FLUID STONE SH IV TERRACOT,Consumible
4559,SKYROCK SOCLE FLUID STONE SH IV TURQUOI,Analogo
4559,SKYROCK SOCLE FLUID STONE SH IV TURQUOI,Yesos
4559,SKYROCK SOCLE FLUID STONE SH IV TURQUOI,Consumible
4562,SKYROCK SOCLE FLUID STONE SH IV WHITE,Analogo
4562,SKYROCK SOCLE FLUID STONE SH IV WHITE,Yesos
4562,SKYROCK SOCLE FLUID STONE SH IV WHITE,Consumible
4547,"SKYROCK STONE CLASS III, BLACK 5KG",Analogo
4547,"SKYROCK STONE CLASS III, BLACK 5KG",Yesos
4547,"SKYROCK STONE CLASS III, BLACK 5KG",Consumible
4544,"SKYROCK STONE CLASS III, BLUE 25KG",Analogo
4544,"SKYROCK STONE CLASS III, BLUE 25KG",Yesos
4544,"SKYROCK STONE CLASS III, BLUE 25KG",Consumible
4541,"SKYROCK STONE CLASS III, YELLOW 25KG",Analogo
4541,"SKYROCK STONE CLASS III, YELLOW 25KG",Yesos
4541,"SKYROCK STONE CLASS III, YELLOW 25KG",Consumible
4556,SKYROCK STONE CLASS IV BLACK,Analogo
4556,SKYROCK STONE CLASS IV BLACK,Yesos
4556,SKYROCK STONE CLASS IV BLACK,Consumible
4568,"SKYROCK XT DIE STONE CLASS IV, DORADO",Analogo
4568,"SKYROCK XT DIE STONE CLASS IV, DORADO",Yesos
4568,"SKYROCK XT DIE STONE CLASS IV, DORADO",Consumible
98529,SLEEVE,Digital
98529,SLEEVE,Refaccion
98529,SLEEVE,Impresoras 3d
198909,SOCKET HEAD M4X6 DIN912 A2,Refaccion
198909,SOCKET HEAD M4X6 DIN912 A2,Digital
115892,SOFTWARE CERAMILL MIND ULTIMATE BUNDLE,Digital
115892,SOFTWARE CERAMILL MIND ULTIMATE BUNDLE,Software
92905,SOFTWARE DE ACTUALIZACION MATCH 2,Digital
92905,SOFTWARE DE ACTUALIZACION MATCH 2,Software
118456,SOFTWARE INCADCAM,Digital
118456,SOFTWARE INCADCAM,Software
95375,SOFTWARE M-SPLINT,Digital
95375,SOFTWARE M-SPLINT,Software
116580,SOLENOIDE 230V 50 HZ - 240V 60 HZ,Refaccion
116580,SOLENOIDE 230V 50 HZ - 240V 60 HZ,Analogo
80736,SONDA MEDIANA WAXLECTRIC,Analogo
80736,SONDA MEDIANA WAXLECTRIC,Accesorio
80736,SONDA MEDIANA WAXLECTRIC,Insumos De Laboratorio
100505,SONIC 4K 2022,Digital
100505,SONIC 4K 2022,Impresoras 3d
100505,SONIC 4K 2022,Equipo
100505,SONIC 4K 2022,Impresoras Lcd
11141,SONIC 5.5 FHD LCD 3D PRINTER,Digital
11141,SONIC 5.5 FHD LCD 3D PRINTER,Impresoras Lcd
11141,SONIC 5.5 FHD LCD 3D PRINTER,Refaccion
11141,SONIC 5.5 FHD LCD 3D PRINTER,Impresoras 3d
113752,SONIC MIGHTY IMPRESORA 3D 8K,Digital
113752,SONIC MIGHTY IMPRESORA 3D 8K,Impresoras 3d
113752,SONIC MIGHTY IMPRESORA 3D 8K,Equipo
113752,SONIC MIGHTY IMPRESORA 3D 8K,Impresoras Lcd
100971,SONIC MINI 4K T-PLATE 05,Digital
100971,SONIC MINI 4K T-PLATE 05,Impresoras 3d
100971,SONIC MINI 4K T-PLATE 05,Refaccion
100971,SONIC MINI 4K T-PLATE 05,Impresoras Lcd
11144,SONIC MINI 4K: 6.1',Digital
11144,SONIC MINI 4K: 6.1',Impresoras Lcd
11144,SONIC MINI 4K: 6.1',Equipo
11144,SONIC MINI 4K: 6.1',Impresoras 3d
113756,SONIC MINI 8K,Digital
113756,SONIC MINI 8K,Impresoras 3d
113756,SONIC MINI 8K,Equipo
113756,SONIC MINI 8K,Impresoras Lcd
180116,SONIC MINI 8K S,Digital
180116,SONIC MINI 8K S,Equipo
180116,SONIC MINI 8K S,Impresoras 3d
180116,SONIC MINI 8K S,Impresoras Lcd
100501,SONIC XL 4K 2022,Digital
100501,SONIC XL 4K 2022,Impresoras 3d
100501,SONIC XL 4K 2022,Equipo
100501,SONIC XL 4K 2022,Impresoras Lcd
90268,SOPORTE 2M CENTRALES CON TORNILLOS PLANA VIMAR,Digital
90268,SOPORTE 2M CENTRALES CON TORNILLOS PLANA VIMAR,Refaccion
3779,SOPORTE PARA PIEZA DE TRABAJO 98 M2 (5X),Digital
3779,SOPORTE PARA PIEZA DE TRABAJO 98 M2 (5X),Fresadoras
3779,SOPORTE PARA PIEZA DE TRABAJO 98 M2 (5X),Accesorio
3695,SOPORTE PARA PIEZAS DE TRABAJO 98 M2(5X),Digital
3695,SOPORTE PARA PIEZAS DE TRABAJO 98 M2(5X),Fresadoras
3695,SOPORTE PARA PIEZAS DE TRABAJO 98 M2(5X),Accesorio
3713,SOPORTE PARA PIEZAS DE TRABAJO 98 M2(5X) 179494,Digital
3713,SOPORTE PARA PIEZAS DE TRABAJO 98 M2(5X) 179494,Fresadoras
3713,SOPORTE PARA PIEZAS DE TRABAJO 98 M2(5X) 179494,Accesorio
3710,SPANNAZANGE 3MM MIKRO,Digital
3710,SPANNAZANGE 3MM MIKRO,Fresadoras
3710,SPANNAZANGE 3MM MIKRO,Refaccion
3728,SPINDELKAPPE 3.0 5X SCHLEIFEN,Digital
3728,SPINDELKAPPE 3.0 5X SCHLEIFEN,Fresadoras
3728,SPINDELKAPPE 3.0 5X SCHLEIFEN,Refaccion
116227,SPINDLE 235L X-AXIS,Refaccion
116227,SPINDLE 235L X-AXIS,Analogo
93851,SPLASH GUARD 2.0 MOTION 2 + HOLDER,Digital
93851,SPLASH GUARD 2.0 MOTION 2 + HOLDER,Refaccion
4673,"SPLITEX KEY FOR ARTEX, 126MM, C-VERS.",Analogo
4673,"SPLITEX KEY FOR ARTEX, 126MM, C-VERS.",Articuladores
4673,"SPLITEX KEY FOR ARTEX, 126MM, C-VERS.",Refaccion
4676,"SPLITEX MOUNTING ARTICULATOR, 1 PCS.",Analogo
4676,"SPLITEX MOUNTING ARTICULATOR, 1 PCS.",Articuladores
4676,"SPLITEX MOUNTING ARTICULATOR, 1 PCS.",Refaccion
89567,STAIN HUMIDOR SET TRANSPARENTE,Consumible
89567,STAIN HUMIDOR SET TRANSPARENTE,Analogo
3743,STAND FOR NEXTDENT 5100- AG,Digital
3743,STAND FOR NEXTDENT 5100- AG,Impresoras 3d
3743,STAND FOR NEXTDENT 5100- AG,Accesorio
3743,STAND FOR NEXTDENT 5100- AG,Impresoras Dlp
3551,STARBOND COS (SOFTER) COCR BONDING ALLOY,Analogo
3551,STARBOND COS (SOFTER) COCR BONDING ALLOY,Metales
3551,STARBOND COS (SOFTER) COCR BONDING ALLOY,Consumible
3542,STARBOND NI 1KG,Analogo
3542,STARBOND NI 1KG,Metales
3542,STARBOND NI 1KG,Consumible
104584,STARBOND TI5 DISC 13.5 MM,Digital
104584,STARBOND TI5 DISC 13.5 MM,Discos De Metal
104584,STARBOND TI5 DISC 13.5 MM,Consumible
104584,STARBOND TI5 DISC 13.5 MM,Discos
104588,STARBOND TI5 DISC 16 MM,Digital
104588,STARBOND TI5 DISC 16 MM,Discos De Metal
104588,STARBOND TI5 DISC 16 MM,Consumible
104588,STARBOND TI5 DISC 16 MM,Discos
4808,STAR-MOD SCULPTURING WAX/GRAY 70G,Analogo
4808,STAR-MOD SCULPTURING WAX/GRAY 70G,Ceras De Modelado
4808,STAR-MOD SCULPTURING WAX/GRAY 70G,Consumible
4811,STAR-MOD SCULPTURING WAX/IVORY 70G 521020H,Analogo
4811,STAR-MOD SCULPTURING WAX/IVORY 70G 521020H,Ceras De Modelado
4811,STAR-MOD SCULPTURING WAX/IVORY 70G 521020H,Consumible
85204,STARTRAY 45X45MM HONEYCOMBFIRING TRAYS,Analogo
85204,STARTRAY 45X45MM HONEYCOMBFIRING TRAYS,Naves De Coccion
85204,STARTRAY 45X45MM HONEYCOMBFIRING TRAYS,Consumible
85202,STARTRAY 55X55MM HONEYCOMB FIRING TRAYS,Analogo
85202,STARTRAY 55X55MM HONEYCOMB FIRING TRAYS,Naves De Coccion
85202,STARTRAY 55X55MM HONEYCOMB FIRING TRAYS,Consumible
85200,STARTRAY D 62MM HONEYCOMB FIRING TRAYS,Analogo
85200,STARTRAY D 62MM HONEYCOMB FIRING TRAYS,Naves De Coccion
85200,STARTRAY D 62MM HONEYCOMB FIRING TRAYS,Consumible
85206,STARTRAY D 79MM HONEYCOMB FIRING TRAYS,Analogo
85206,STARTRAY D 79MM HONEYCOMB FIRING TRAYS,Naves De Coccion
85206,STARTRAY D 79MM HONEYCOMB FIRING TRAYS,Consumible
11306,STATYW DO MIESZADLA TWIST / STAND,Analogo
11306,STATYW DO MIESZADLA TWIST / STAND,Mezcladoras Al Vacio
11306,STATYW DO MIESZADLA TWIST / STAND,Accesorio
3533,STEAMER X3 / 230V,Analogo
3533,STEAMER X3 / 230V,Vaporizadores
3533,STEAMER X3 / 230V,Equipo
4844,STEAM-OFF SPACER/ A3 SAHARA 3 ML,Analogo
4844,STEAM-OFF SPACER/ A3 SAHARA 3 ML,Espaciador
4844,STEAM-OFF SPACER/ A3 SAHARA 3 ML,Consumible
180325,STORAGE GARAJE KIT ND 5100,Accesorio
180325,STORAGE GARAJE KIT ND 5100,Digital
115683,SUJETAESPIGA,Refaccion
115683,SUJETAESPIGA,Digital
11150,SUPRINITY 0M1 HT LS14,Digital
11150,SUPRINITY 0M1 HT LS14,Bloques De Ceramica Vitrea
11150,SUPRINITY 0M1 HT LS14,Consumible
11150,SUPRINITY 0M1 HT LS14,Bloques
11153,SUPRINITY 0M1 T LS14,Digital
11153,SUPRINITY 0M1 T LS14,Bloques De Ceramica Vitrea
11153,SUPRINITY 0M1 T LS14,Consumible
11153,SUPRINITY 0M1 T LS14,Bloques
11156,SUPRINITY 1M2 HT LS14,Bloques De Ceramica Vitrea
11156,SUPRINITY 1M2 HT LS14,Consumible
11156,SUPRINITY 1M2 HT LS14,Digital
11156,SUPRINITY 1M2 HT LS14,Bloques
11159,SUPRINITY 1M2 T LS14,Digital
11159,SUPRINITY 1M2 T LS14,Bloques De Ceramica Vitrea
11159,SUPRINITY 1M2 T LS14,Consumible
11159,SUPRINITY 1M2 T LS14,Bloques
11162,SUPRINITY 1M2 T PC14,Digital
11162,SUPRINITY 1M2 T PC14,Bloques De Ceramica Vitrea
11162,SUPRINITY 1M2 T PC14,Consumible
11162,SUPRINITY 1M2 T PC14,Bloques
11165,SUPRINITY A1 HT LS14,Bloques De Ceramica Vitrea
11165,SUPRINITY A1 HT LS14,Consumible
11165,SUPRINITY A1 HT LS14,Digital
11165,SUPRINITY A1 HT LS14,Bloques
11168,SUPRINITY A1 T LS14,Digital
11168,SUPRINITY A1 T LS14,Bloques De Ceramica Vitrea
11168,SUPRINITY A1 T LS14,Consumible
11168,SUPRINITY A1 T LS14,Bloques
11171,SUPRINITY A2 HT LS14,Digital
11171,SUPRINITY A2 HT LS14,Bloques De Ceramica Vitrea
11171,SUPRINITY A2 HT LS14,Consumible
11174,SUPRINITY A2 T LS14,Digital
11174,SUPRINITY A2 T LS14,Bloques De Ceramica Vitrea
11174,SUPRINITY A2 T LS14,Consumible
11174,SUPRINITY A2 T LS14,Bloques
11183,SUPRINITY A3 HT LS14,Bloques De Ceramica Vitrea
11183,SUPRINITY A3 HT LS14,Consumible
11183,SUPRINITY A3 HT LS14,Digital
11183,SUPRINITY A3 HT LS14,Bloques
11186,SUPRINITY A3 T LS14,Digital
11186,SUPRINITY A3 T LS14,Bloques De Ceramica Vitrea
11186,SUPRINITY A3 T LS14,Consumible
11186,SUPRINITY A3 T LS14,Bloques
11177,SUPRINITY A3.5 HT LS14,Bloques De Ceramica Vitrea
11177,SUPRINITY A3.5 HT LS14,Consumible
11177,SUPRINITY A3.5 HT LS14,Digital
11177,SUPRINITY A3.5 HT LS14,Bloques
11180,SUPRINITY A3.5 T LS14,Bloques De Ceramica Vitrea
11180,SUPRINITY A3.5 T LS14,Consumible
11180,SUPRINITY A3.5 T LS14,Digital
11180,SUPRINITY A3.5 T LS14,Bloques
11189,SUPRINITY B2 HT LS14,Digital
11189,SUPRINITY B2 HT LS14,Bloques De Ceramica Vitrea
11189,SUPRINITY B2 HT LS14,Consumible
11189,SUPRINITY B2 HT LS14,Bloques
11192,SUPRINITY B2 T LS14,Bloques De Ceramica Vitrea
11192,SUPRINITY B2 T LS14,Consumible
11192,SUPRINITY B2 T LS14,Digital
11192,SUPRINITY B2 T LS14,Bloques
11195,SUPRINITY C2 HT LS14,Bloques De Ceramica Vitrea
11195,SUPRINITY C2 HT LS14,Consumible
11195,SUPRINITY C2 HT LS14,Digital
11195,SUPRINITY C2 HT LS14,Bloques
11198,SUPRINITY C2 T LS14,Bloques De Ceramica Vitrea
11198,SUPRINITY C2 T LS14,Consumible
11198,SUPRINITY C2 T LS14,Digital
11198,SUPRINITY C2 T LS14,Bloques
11201,SUPRINITY D2 HT LS14,Bloques De Ceramica Vitrea
11201,SUPRINITY D2 HT LS14,Consumible
11201,SUPRINITY D2 HT LS14,Digital
11201,SUPRINITY D2 HT LS14,Bloques
11204,SUPRINITY D2 T LS14,Digital
11204,SUPRINITY D2 T LS14,Bloques De Ceramica Vitrea
11204,SUPRINITY D2 T LS14,Consumible
11204,SUPRINITY D2 T LS14,Bloques
4574,SURTIDO MUESTRAS 3 CERAS 3 LIQUIDOS,Analogo
4574,SURTIDO MUESTRAS 3 CERAS 3 LIQUIDOS,Muestrarios De Ceras
4574,SURTIDO MUESTRAS 3 CERAS 3 LIQUIDOS,Consumible
123195,SWITCH PANEL COMPONENTS,Refaccion
123195,SWITCH PANEL COMPONENTS,Analogo
90563,SWITCHBOX II VITA,Accesorio
90563,SWITCHBOX II VITA,Analogo
3698,SYCOTEC SPINDEL,Digital
3698,SYCOTEC SPINDEL,Fresadoras
3698,SYCOTEC SPINDEL,Refaccion
3677,TAPA DE PORTAHERRAMIENTAS MOTION 2,Digital
3677,TAPA DE PORTAHERRAMIENTAS MOTION 2,Fresadoras
3677,TAPA DE PORTAHERRAMIENTAS MOTION 2,Refaccion
11315,TAPON CIEGO 14041 PLANA VIMAR,Accesorio
11315,TAPON CIEGO 14041 PLANA VIMAR,Analogo
198966,TARJETA MADRE PARA 6100MS,Refaccion
198966,TARJETA MADRE PARA 6100MS,Analogo
198994,TARJETA MADRE PARA GENERACIÓN DE CALOR PARA 6100MS,Refaccion
198994,TARJETA MADRE PARA GENERACIÓN DE CALOR PARA 6100MS,Analogo
8456,TC CUTTERS KUSA,Analogo
8456,TC CUTTERS KUSA,Fresones
8456,TC CUTTERS KUSA,Consumible
8459,TC+ DIAMOND BURS KUSA,Analogo
8459,TC+ DIAMOND BURS KUSA,Fresones
8459,TC+ DIAMOND BURS KUSA,Consumible
143617,TECLADO PARA PC,Accesorio
143617,TECLADO PARA PC,Digital
100818,TFT LCD (MIGHTY 4K SONIC XL),Digital
100818,TFT LCD (MIGHTY 4K SONIC XL),Impresoras 3d
100818,TFT LCD (MIGHTY 4K SONIC XL),Refaccion
100818,TFT LCD (MIGHTY 4K SONIC XL),Impresoras Lcd
100889,TFT LCD (SONIC 4K 2022),Digital
100889,TFT LCD (SONIC 4K 2022),Impresoras 3d
100889,TFT LCD (SONIC 4K 2022),Refaccion
100889,TFT LCD (SONIC 4K 2022),Impresoras Lcd
100936,TFT LCD (SONIC MINI 4K),Digital
100936,TFT LCD (SONIC MINI 4K),Impresoras 3d
100936,TFT LCD (SONIC MINI 4K),Refaccion
100936,TFT LCD (SONIC MINI 4K),Impresoras Lcd
117492,TFT LCD 10.1 (MIGHTY 8K),Digital
117492,TFT LCD 10.1 (MIGHTY 8K),Impresoras 3d
117492,TFT LCD 10.1 (MIGHTY 8K),Refaccion
117492,TFT LCD 10.1 (MIGHTY 8K),Impresoras Lcd
117484,TFT LCD 7.1 (SONIC MINI 8K),Digital
117484,TFT LCD 7.1 (SONIC MINI 8K),Refaccion
117484,TFT LCD 7.1 (SONIC MINI 8K),Impresoras 3d
117484,TFT LCD 7.1 (SONIC MINI 8K),Impresoras Lcd
92940,TFT LCD PANEL 6.1,Digital
92940,TFT LCD PANEL 6.1,Impresoras 3d
92940,TFT LCD PANEL 6.1,Refaccion
92940,TFT LCD PANEL 6.1,Impresoras Lcd
92944,TFT LCD PANEL 9.3 FOR MIGHTY 4K / SXL4K 2022,Digital
92944,TFT LCD PANEL 9.3 FOR MIGHTY 4K / SXL4K 2022,Refaccion
92944,TFT LCD PANEL 9.3 FOR MIGHTY 4K / SXL4K 2022,Impresoras 3d
92944,TFT LCD PANEL 9.3 FOR MIGHTY 4K / SXL4K 2022,Impresoras Lcd
3578,THERM 3 SINTERBOWL STACKABLE,Digital
3578,THERM 3 SINTERBOWL STACKABLE,Hornos
3578,THERM 3 SINTERBOWL STACKABLE,Consumible
3578,THERM 3 SINTERBOWL STACKABLE,Hornos De Sinterizado
3581,THERM 3 ZOLID BANDEJA SINTERIZ APILABLE,Digital
3581,THERM 3 ZOLID BANDEJA SINTERIZ APILABLE,Accesorio
3581,THERM 3 ZOLID BANDEJA SINTERIZ APILABLE,Hornos
3581,THERM 3 ZOLID BANDEJA SINTERIZ APILABLE,Hornos De Sinterizado
3581,THERM 3 ZOLID SINTERBOWL STACKABLE,Digital
3581,THERM 3 ZOLID SINTERBOWL STACKABLE,Hornos
3581,THERM 3 ZOLID SINTERBOWL STACKABLE,Consumible
3581,THERM 3 ZOLID SINTERBOWL STACKABLE,Hornos De Sinterizado
92582,"THERMO COUPLE 664 (I), 674 (I) EXTENDEN 90° COMPLETE",Analogo
92582,"THERMO COUPLE 664 (I), 674 (I) EXTENDEN 90° COMPLETE",Hornos
92582,"THERMO COUPLE 664 (I), 674 (I) EXTENDEN 90° COMPLETE",Refaccion
155127,THERMO COUPLE 664(I) / 674(I) EXTENDED 90° COMPLETE,Refaccion
155127,THERMO COUPLE 664(I) / 674(I) EXTENDED 90° COMPLETE,Analogo
99069,"THERMO COUPLE 664(I) / 674(I) EXTENDED, 90° COMPLETE",Hornos
99069,"THERMO COUPLE 664(I) / 674(I) EXTENDED, 90° COMPLETE",Refaccion
99069,"THERMO COUPLE 664(I) / 674(I) EXTENDED, 90° COMPLETE",Analogo
96930,THERMOCOUPLE WITH INSULATION,Analogo
96930,THERMOCOUPLE WITH INSULATION,Hornos
96930,THERMOCOUPLE WITH INSULATION,Refaccion
97808,THERMOELEMENT 664/674 KPL THERMO COUPLE 664 ISIC /674 COMPLETE,Analogo
97808,THERMOELEMENT 664/674 KPL THERMO COUPLE 664 ISIC /674 COMPLETE,Hornos
97808,THERMOELEMENT 664/674 KPL THERMO COUPLE 664 ISIC /674 COMPLETE,Refaccion
97592,THERMOELEMENT 664/674 VER.2 90° KPL,Refaccion
97592,THERMOELEMENT 664/674 VER.2 90° KPL,Analogo
101802,THERMOELEMENT KPL. MIT ISOLIERSTEIN,Analogo
101802,THERMOELEMENT KPL. MIT ISOLIERSTEIN,Hornos
101802,THERMOELEMENT KPL. MIT ISOLIERSTEIN,Refaccion
4925,THOWAX CERA CERVICAL ROJA 70G,Analogo
4925,THOWAX CERA CERVICAL ROJA 70G,Ceras De Modelado
4925,THOWAX CERA CERVICAL ROJA 70G,Consumible
4928,THOWAX CERA CERVICAL ROJA 8G,Analogo
4928,THOWAX CERA CERVICAL ROJA 8G,Ceras De Modelado
4928,THOWAX CERA CERVICAL ROJA 8G,Consumible
89940,THOWAX CERA PARA MODELAR AZUL 70G,Analogo
89940,THOWAX CERA PARA MODELAR AZUL 70G,Ceras De Modelado
89940,THOWAX CERA PARA MODELAR AZUL 70G,Consumible
4886,THOWAX CERA PARA MODELAR BEIGE 70G,Analogo
4886,THOWAX CERA PARA MODELAR BEIGE 70G,Ceras De Modelado
4886,THOWAX CERA PARA MODELAR BEIGE 70G,Consumible
4889,THOWAX CERA PARA MODELAR BEIGE 8 G,Analogo
4889,THOWAX CERA PARA MODELAR BEIGE 8 G,Ceras De Modelado
4889,THOWAX CERA PARA MODELAR BEIGE 8 G,Consumible
89937,THOWAX CERA PARA MODELAR BEIGE-MARRON 70G,Analogo
89937,THOWAX CERA PARA MODELAR BEIGE-MARRON 70G,Ceras De Modelado
89937,THOWAX CERA PARA MODELAR BEIGE-MARRON 70G,Consumible
4901,THOWAX CERA PARA MODELAR GRIS 70G,Analogo
4901,THOWAX CERA PARA MODELAR GRIS 70G,Ceras De Modelado
4901,THOWAX CERA PARA MODELAR GRIS 70G,Consumible
4904,THOWAX CERA PARA MODELAR GRIS 8G,Analogo
4904,THOWAX CERA PARA MODELAR GRIS 8G,Ceras De Modelado
4904,THOWAX CERA PARA MODELAR GRIS 8G,Consumible
89943,THOWAX CERA PARA MODELAR VERDE 70G,Analogo
89943,THOWAX CERA PARA MODELAR VERDE 70G,Ceras De Modelado
89943,THOWAX CERA PARA MODELAR VERDE 70G,Consumible
6839,TOMA DE IMPRESIÓN CUBETA ABIERTA Ø 5.7,Aditamentos Para Implantes
6839,TOMA DE IMPRESIÓN CUBETA ABIERTA Ø 5.7,Consumible
6839,TOMA DE IMPRESIÓN CUBETA ABIERTA Ø 5.7,Analogo
115687,TONILLO SUPERIOR GUIDA INCISALE ARTEX C,Refaccion
115687,TONILLO SUPERIOR GUIDA INCISALE ARTEX C,Digital
115687,TONILLO SUPERIOR GUIDA INCISALE ARTEX C,Articuladores
85709,TOOL DETECTION MIKRO 5X,Digital
85709,TOOL DETECTION MIKRO 5X,Fresadoras
85709,TOOL DETECTION MIKRO 5X,Refaccion
85776,TOOL HOLDER MIKRO 5X 1-4,Digital
85776,TOOL HOLDER MIKRO 5X 1-4,Fresadoras
85776,TOOL HOLDER MIKRO 5X 1-4,Refaccion
85780,TOOL HOLDER MIKRO 5X 5-8,Digital
85780,TOOL HOLDER MIKRO 5X 5-8,Fresadoras
85780,TOOL HOLDER MIKRO 5X 5-8,Refaccion
85719,TOOL LENGTH SENSOR MIKRO 5X,Digital
85719,TOOL LENGTH SENSOR MIKRO 5X,Fresadoras
85719,TOOL LENGTH SENSOR MIKRO 5X,Refaccion
90554,TOOLBOX V60 I-LINE,Analogo
90554,TOOLBOX V60 I-LINE,Hornos
90554,TOOLBOX V60 I-LINE,Accesorio
90554,TOOLBOX V60 I-LINE,Hornos De Coccion
6641,TORNILLO COPING IMPRESIÓN,Aditamentos Para Implantes
6641,TORNILLO COPING IMPRESIÓN,Consumible
6641,TORNILLO COPING IMPRESIÓN,Analogo
6890,TORNILLO COPING IMPRESIÓN CUBETA ABIERTA,Aditamentos Para Implantes
6890,TORNILLO COPING IMPRESIÓN CUBETA ABIERTA,Consumible
6890,TORNILLO COPING IMPRESIÓN CUBETA ABIERTA,Analogo
6716,TORNILLO DE TITANIO UNIGRIP M1.4,Aditamentos Para Implantes
6716,TORNILLO DE TITANIO UNIGRIP M1.4,Consumible
6716,TORNILLO DE TITANIO UNIGRIP M1.4,Analogo
6977,TORNILLO FIJACIÓN ACCESORIO CORTE,Aditamentos Para Implantes
6977,TORNILLO FIJACIÓN ACCESORIO CORTE,Consumible
6977,TORNILLO FIJACIÓN ACCESORIO CORTE,Analogo
6971,TORNILLO INFERIOR PARA ANALOGO DIGITAL,Aditamentos Para Implantes
6971,TORNILLO INFERIOR PARA ANALOGO DIGITAL,Consumible
6971,TORNILLO INFERIOR PARA ANALOGO DIGITAL,Analogo
6974,TORNILLO LATERAL PARA ANALOGO DIGITAL,Aditamentos Para Implantes
6974,TORNILLO LATERAL PARA ANALOGO DIGITAL,Consumible
6974,TORNILLO LATERAL PARA ANALOGO DIGITAL,Analogo
7040,TORNILLO T HEX 1.25,Aditamentos Para Implantes
7040,TORNILLO T HEX 1.25,Consumible
7040,TORNILLO T HEX 1.25,Analogo
6893,TORNILLO TI HEX 1.25 M1.8 NITRURADO,Aditamentos Para Implantes
6893,TORNILLO TI HEX 1.25 M1.8 NITRURADO,Consumible
6893,TORNILLO TI HEX 1.25 M1.8 NITRURADO,Analogo
6899,TORNILLO TI HEX 1.25 M2,Aditamentos Para Implantes
6899,TORNILLO TI HEX 1.25 M2,Consumible
6899,TORNILLO TI HEX 1.25 M2,Analogo
6902,TORNILLO TI HEX 1.25 M2 IPD/FB-TR-01,Aditamentos Para Implantes
6902,TORNILLO TI HEX 1.25 M2 IPD/FB-TR-01,Consumible
6902,TORNILLO TI HEX 1.25 M2 IPD/FB-TR-01,Analogo
6932,TORNILLO TI HEX 1.2 M1.8,Aditamentos Para Implantes
6932,TORNILLO TI HEX 1.2 M1.8,Consumible
6932,TORNILLO TI HEX 1.2 M1.8,Analogo
6935,TORNILLO TI HEX 1.2 M1.8 NITRURADO,Aditamentos Para Implantes
6935,TORNILLO TI HEX 1.2 M1.8 NITRURADO,Consumible
6935,TORNILLO TI HEX 1.2 M1.8 NITRURADO,Analogo
6719,TORNILLO TI HEX 1.2 M2,Aditamentos Para Implantes
6719,TORNILLO TI HEX 1.2 M2,Consumible
6719,TORNILLO TI HEX 1.2 M2,Analogo
7013,TORNILLO TI HEX 1.25 M 1.6,Aditamentos Para Implantes
7013,TORNILLO TI HEX 1.25 M 1.6,Consumible
7013,TORNILLO TI HEX 1.25 M 1.6,Analogo
6806,TORNILLO TI TORX M1.6,Aditamentos Para Implantes
6806,TORNILLO TI TORX M1.6,Consumible
6806,TORNILLO TI TORX M1.6,Analogo
6809,TORNILLO TI TORX M1.6 NITRURADO,Aditamentos Para Implantes
6809,TORNILLO TI TORX M1.6 NITRURADO,Consumible
6809,TORNILLO TI TORX M1.6 NITRURADO,Analogo
6743,TORNILLO TI TORX M2,Aditamentos Para Implantes
6743,TORNILLO TI TORX M2,Consumible
6743,TORNILLO TI TORX M2,Analogo
7043,TORNILLO TI TPA UNF 1-72,Aditamentos Para Implantes
7043,TORNILLO TI TPA UNF 1-72,Consumible
7043,TORNILLO TI TPA UNF 1-72,Analogo
6638,TORNILLO TI UNIGRIP M1.4,Aditamentos Para Implantes
6638,TORNILLO TI UNIGRIP M1.4,Consumible
6638,TORNILLO TI UNIGRIP M1.4,Analogo
6644,TORNILLO TI UNIGRIP M1.4 NITRURADO,Aditamentos Para Implantes
6644,TORNILLO TI UNIGRIP M1.4 NITRURADO,Consumible
6644,TORNILLO TI UNIGRIP M1.4 NITRURADO,Analogo
6677,TORNILLO TI UNIGRIP M1.8,Aditamentos Para Implantes
6677,TORNILLO TI UNIGRIP M1.8,Consumible
6677,TORNILLO TI UNIGRIP M1.8,Analogo
6680,TORNILLO TI UNIGRIP M2,Aditamentos Para Implantes
6680,TORNILLO TI UNIGRIP M2,Consumible
6680,TORNILLO TI UNIGRIP M2,Analogo
6887,TORNILLO TITANIO 3.5/4 5/5.7,Aditamentos Para Implantes
6887,TORNILLO TITANIO 3.5/4 5/5.7,Consumible
6887,TORNILLO TITANIO 3.5/4 5/5.7,Analogo
116654,TORNILLO TITANIO Ø 4.0,Aditamentos Para Implantes
116654,TORNILLO TITANIO Ø 4.0,Consumible
116654,TORNILLO TITANIO Ø 4.0,Analogo
116607,TORNILLO TITANIO Ø 4.1,Aditamentos Para Implantes
116607,TORNILLO TITANIO Ø 4.1,Consumible
116607,TORNILLO TITANIO Ø 4.1,Analogo
116686,TORNILLO TITANIO SYNOCTA Ø 4.8,Aditamentos Para Implantes
116686,TORNILLO TITANIO SYNOCTA Ø 4.8,Consumible
116686,TORNILLO TITANIO SYNOCTA Ø 4.8,Analogo
93920,TORNILLO TITANIO TIN Ø 3.0,Aditamentos Para Implantes
93920,TORNILLO TITANIO TIN Ø 3.0,Consumible
93920,TORNILLO TITANIO TIN Ø 3.0,Analogo
6740,TORNILLO TITANIO TIN SYNOCTA Ø 4.8,Aditamentos Para Implantes
6740,TORNILLO TITANIO TIN SYNOCTA Ø 4.8,Consumible
6740,TORNILLO TITANIO TIN SYNOCTA Ø 4.8,Analogo
6713,TORNILLO TOMA DE IMP CUB ABIERTA Ø 4.3,Aditamentos Para Implantes
6713,TORNILLO TOMA DE IMP CUB ABIERTA Ø 4.3,Consumible
6713,TORNILLO TOMA DE IMP CUB ABIERTA Ø 4.3,Analogo
6710,TORNILLO TOMA DE IMPR CUB ABIERTA Ø 3.5,Aditamentos Para Implantes
6710,TORNILLO TOMA DE IMPR CUB ABIERTA Ø 3.5,Consumible
6710,TORNILLO TOMA DE IMPR CUB ABIERTA Ø 3.5,Analogo
6647,TORNILLO TPA M1.4,Aditamentos Para Implantes
6647,TORNILLO TPA M1.4,Consumible
6647,TORNILLO TPA M1.4,Analogo
6812,TORNILLO TPA M1.6,Aditamentos Para Implantes
6812,TORNILLO TPA M1.6,Consumible
6812,TORNILLO TPA M1.6,Analogo
7016,TORNILLO TPA M1.6 IPD/TA-TT-50,Aditamentos Para Implantes
7016,TORNILLO TPA M1.6 IPD/TA-TT-50,Consumible
7016,TORNILLO TPA M1.6 IPD/TA-TT-50,Analogo
6896,TORNILLO TPA M1.8,Aditamentos Para Implantes
6896,TORNILLO TPA M1.8,Consumible
6896,TORNILLO TPA M1.8,Analogo
93905,TORNILLO TPA Ø 4.8,Analogo
93905,TORNILLO TPA Ø 4.8,Aditamentos Para Implantes
93905,TORNILLO TPA Ø 4.8,Consumible
141915,TORQUE WRENCH BLOCK MATERIAL 3NM,Refaccion
141915,TORQUE WRENCH BLOCK MATERIAL 3NM,Analogo
100486,"TOUCH PANEL 5""",Digital
100486,"TOUCH PANEL 5""",Impresoras 3d
100486,"TOUCH PANEL 5""",Refaccion
103842,TRANQUILIZER 150 ML,Analogo
103842,TRANQUILIZER 150 ML,Consumible
116785,TRAY OK CLEAR 25 PCS,Analogo
116785,TRAY OK CLEAR 25 PCS,Acrilico
116785,TRAY OK CLEAR 25 PCS,Consumible
116789,TRAY UK CLEAR 25 PCS,Analogo
116789,TRAY UK CLEAR 25 PCS,Acrilico
116789,TRAY UK CLEAR 25 PCS,Consumible
4517,TRENNFRÄSE,Analogo
4517,TRENNFRÄSE,Fresones
4517,TRENNFRÄSE,Consumible
11210,TRILUXE 1M2C TRI12,Digital
11210,TRILUXE 1M2C TRI12,Bloques De Ceramica Vitrea
11210,TRILUXE 1M2C TRI12,Consumible
11210,TRILUXE 1M2C TRI12,Bloques
11213,TRILUXE 1M2C TRI14,Bloques De Ceramica Vitrea
11213,TRILUXE 1M2C TRI14,Consumible
11213,TRILUXE 1M2C TRI14,Digital
11213,TRILUXE 1M2C TRI14,Bloques
11216,TRILUXE 1M2C TRI14/14,Bloques De Ceramica Vitrea
11216,TRILUXE 1M2C TRI14/14,Consumible
11216,TRILUXE 1M2C TRI14/14,Digital
11216,TRILUXE 1M2C TRI14/14,Bloques
11219,TRILUXE 2M2C TRI12,Digital
11219,TRILUXE 2M2C TRI12,Bloques De Ceramica Vitrea
11219,TRILUXE 2M2C TRI12,Consumible
11219,TRILUXE 2M2C TRI12,Bloques
11222,TRILUXE 2M2C TRI14,Digital
11222,TRILUXE 2M2C TRI14,Bloques De Ceramica Vitrea
11222,TRILUXE 2M2C TRI14,Consumible
11222,TRILUXE 2M2C TRI14,Bloques
11225,TRILUXE 2M2C TRI14/14,Bloques De Ceramica Vitrea
11225,TRILUXE 2M2C TRI14/14,Consumible
11225,TRILUXE 2M2C TRI14/14,Digital
11225,TRILUXE 2M2C TRI14/14,Bloques
11228,TRILUXE 3M2C TRI12,Bloques De Ceramica Vitrea
11228,TRILUXE 3M2C TRI12,Consumible
11228,TRILUXE 3M2C TRI12,Digital
11228,TRILUXE 3M2C TRI12,Bloques
11231,TRILUXE 3M2C TRI14,Digital
11231,TRILUXE 3M2C TRI14,Bloques De Ceramica Vitrea
11231,TRILUXE 3M2C TRI14,Consumible
11231,TRILUXE 3M2C TRI14,Bloques
11234,TRILUXE 3M2C TRI14/14,Digital
11234,TRILUXE 3M2C TRI14/14,Bloques De Ceramica Vitrea
11234,TRILUXE 3M2C TRI14/14,Consumible
11234,TRILUXE 3M2C TRI14/14,Bloques
11237,TRILUXE A1C TRI12,Digital
11237,TRILUXE A1C TRI12,Bloques De Ceramica Vitrea
11237,TRILUXE A1C TRI12,Consumible
11237,TRILUXE A1C TRI12,Bloques
11240,TRILUXE A1C TRI14,Digital
11240,TRILUXE A1C TRI14,Bloques De Ceramica Vitrea
11240,TRILUXE A1C TRI14,Consumible
11240,TRILUXE A1C TRI14,Bloques
11243,TRILUXE A2C TRI12,Digital
11243,TRILUXE A2C TRI12,Bloques De Ceramica Vitrea
11243,TRILUXE A2C TRI12,Consumible
11243,TRILUXE A2C TRI12,Bloques
11246,TRILUXE A2C TRI14,Bloques De Ceramica Vitrea
11246,TRILUXE A2C TRI14,Consumible
11246,TRILUXE A2C TRI14,Digital
11246,TRILUXE A2C TRI14,Bloques
11249,TRILUXE A3C TRI14,Bloques De Ceramica Vitrea
11249,TRILUXE A3C TRI14,Consumible
11249,TRILUXE A3C TRI14,Digital
11249,TRILUXE A3C TRI14,Bloques
11252,TRILUXE FORTE 1M2C TF12,Bloques De Feldespato
11252,TRILUXE FORTE 1M2C TF12,Consumible
11252,TRILUXE FORTE 1M2C TF12,Digital
11252,TRILUXE FORTE 1M2C TF12,Bloques
11255,TRILUXE FORTE 1M2C TF14,Bloques De Feldespato
11255,TRILUXE FORTE 1M2C TF14,Consumible
11255,TRILUXE FORTE 1M2C TF14,Digital
11255,TRILUXE FORTE 1M2C TF14,Bloques
11258,TRILUXE FORTE 1M2C TF14/14,Bloques De Feldespato
11258,TRILUXE FORTE 1M2C TF14/14,Consumible
11258,TRILUXE FORTE 1M2C TF14/14,Digital
11258,TRILUXE FORTE 1M2C TF14/14,Bloques
11261,TRILUXE FORTE 1M2C TF40/19,Bloques De Feldespato
11261,TRILUXE FORTE 1M2C TF40/19,Consumible
11261,TRILUXE FORTE 1M2C TF40/19,Digital
11261,TRILUXE FORTE 1M2C TF40/19,Bloques
11264,TRILUXE FORTE 2M2C TF12,Bloques De Feldespato
11264,TRILUXE FORTE 2M2C TF12,Consumible
11264,TRILUXE FORTE 2M2C TF12,Digital
11264,TRILUXE FORTE 2M2C TF12,Bloques
11267,TRILUXE FORTE 2M2C TF14,Digital
11267,TRILUXE FORTE 2M2C TF14,Bloques De Feldespato
11267,TRILUXE FORTE 2M2C TF14,Consumible
11267,TRILUXE FORTE 2M2C TF14,Bloques
11270,TRILUXE FORTE 2M2C TF14/14,Bloques De Feldespato
11270,TRILUXE FORTE 2M2C TF14/14,Consumible
11270,TRILUXE FORTE 2M2C TF14/14,Digital
11270,TRILUXE FORTE 2M2C TF14/14,Bloques
11273,TRILUXE FORTE 2M2C TF40/19,Bloques De Feldespato
11273,TRILUXE FORTE 2M2C TF40/19,Consumible
11273,TRILUXE FORTE 2M2C TF40/19,Digital
11273,TRILUXE FORTE 2M2C TF40/19,Bloques
11276,TRILUXE FORTE 3M2C TF12,Bloques De Feldespato
11276,TRILUXE FORTE 3M2C TF12,Consumible
11276,TRILUXE FORTE 3M2C TF12,Digital
11276,TRILUXE FORTE 3M2C TF12,Bloques
11279,TRILUXE FORTE 3M2C TF14,Bloques De Feldespato
11279,TRILUXE FORTE 3M2C TF14,Consumible
11279,TRILUXE FORTE 3M2C TF14,Digital
11279,TRILUXE FORTE 3M2C TF14,Bloques
11282,TRILUXE FORTE 3M2C TF14/14,Bloques De Feldespato
11282,TRILUXE FORTE 3M2C TF14/14,Consumible
11282,TRILUXE FORTE 3M2C TF14/14,Digital
11282,TRILUXE FORTE 3M2C TF14/14,Bloques
11285,TRILUXE FORTE 3M2C TF40/19,Bloques De Feldespato
11285,TRILUXE FORTE 3M2C TF40/19,Consumible
11285,TRILUXE FORTE 3M2C TF40/19,Digital
11285,TRILUXE FORTE 3M2C TF40/19,Bloques
11288,TRILUXE FORTE A1C TF14,Bloques De Feldespato
11288,TRILUXE FORTE A1C TF14,Consumible
11288,TRILUXE FORTE A1C TF14,Digital
11288,TRILUXE FORTE A1C TF14,Bloques
11291,TRILUXE FORTE A2C TF14,Bloques De Feldespato
11291,TRILUXE FORTE A2C TF14,Consumible
11291,TRILUXE FORTE A2C TF14,Digital
11291,TRILUXE FORTE A2C TF14,Bloques
11294,TRILUXE FORTE A3C TF14,Bloques De Feldespato
11294,TRILUXE FORTE A3C TF14,Consumible
11294,TRILUXE FORTE A3C TF14,Digital
11294,TRILUXE FORTE A3C TF14,Bloques
87056,TRIX CAST TANK,Analogo
87056,TRIX CAST TANK,Hornos
87056,TRIX CAST TANK,Refaccion
92576,TRIX MODEL TANK IN BOTTLE,Digital
92576,TRIX MODEL TANK IN BOTTLE,Impresoras 3d
92576,TRIX MODEL TANK IN BOTTLE,Refaccion
93475,TRIX PRINT2-3D PRINTER,Digital
93475,TRIX PRINT2-3D PRINTER,Impresoras 3d
93475,TRIX PRINT2-3D PRINTER,Equipo
87053,TRIX VEST SER,Analogo
87053,TRIX VEST SER,Hornos
87053,TRIX VEST SER,Refaccion
132200,TUBO DE LUBIRCANTE REFRIGERANTE M2,Refaccion
132200,TUBO DE LUBIRCANTE REFRIGERANTE M2,Digital
122301,TUERCA M6,Refaccion
122301,TUERCA M6,Analogo
89454,TURBINA SILENT COMPACT,Digital
89454,TURBINA SILENT COMPACT,Aspiradoras
89454,TURBINA SILENT COMPACT,Refaccion
80931,TWISTER 100-120V 50/60HZ,Analogo
80931,TWISTER 100-120V 50/60HZ,Consumible
80931,TWISTER 100-120V 50/60HZ,Mezcladoras Al Vacio
101899,TYGIEL ROTOCAST / CRUCIBLE,Analogo
101899,TYGIEL ROTOCAST / CRUCIBLE,Centrifuga De Fundicion
101899,TYGIEL ROTOCAST / CRUCIBLE,Consumible
11312,ULTRA SONIC CLEANER 100-120V,Digital
11312,ULTRA SONIC CLEANER 100-120V,Lavadora Ultrasonica
11312,ULTRA SONIC CLEANER 100-120V,Equipo
141935,UNID ALIMENTACIÓN PARA SAMARTWAX DUO EU,Refaccion
141935,UNID ALIMENTACIÓN PARA SAMARTWAX DUO EU,Digital
85691,UNIDAD NEUMATICA CERAMILL MOTION,Digital
85691,UNIDAD NEUMATICA CERAMILL MOTION,Fresadoras
85691,UNIDAD NEUMATICA CERAMILL MOTION,Refaccion
4259,UNIV. HOLDER FOR GLASS CERAMIC (10PCS),Digital
4259,UNIV. HOLDER FOR GLASS CERAMIC (10PCS),Fresadoras
4259,UNIV. HOLDER FOR GLASS CERAMIC (10PCS),Accesorio
297486,UNIVERSAL AND GLAZE LIQUID UF GL 25ML,Analogo
297486,UNIVERSAL AND GLAZE LIQUID UF GL 25ML,Consumible
297486,UNIVERSAL AND GLAZE LIQUID UF GL 25ML,Liquidos Para Ceramica
99287,UNIVERSAL PRESS FIRING BASE,Analogo
99287,UNIVERSAL PRESS FIRING BASE,Consumible
99287,UNIVERSAL PRESS FIRING BASE,Pasta Para Soporte
111503,UNIVERSAL-PRESS DISCO DE PRENSADO INSERTABLE,Analogo
111503,UNIVERSAL-PRESS DISCO DE PRENSADO INSERTABLE,Consumible
111503,UNIVERSAL-PRESS DISCO DE PRENSADO INSERTABLE,Hornos
4025,UPGRADEKIT CERAMILL TI-FORMS,Consumible
4025,UPGRADEKIT CERAMILL TI-FORMS,Digital
4025,UPGRADEKIT CERAMILL TI-FORMS,Software
6986,UTILLAJE PARA RETENEDORES PSD,Aditamentos Para Implantes
6986,UTILLAJE PARA RETENEDORES PSD,Consumible
6986,UTILLAJE PARA RETENEDORES PSD,Analogo
110674,VACUUM PUMP PJ22260-838.3 R 115V 60 HZ,Analogo
110674,VACUUM PUMP PJ22260-838.3 R 115V 60 HZ,Hornos
110674,VACUUM PUMP PJ22260-838.3 R 115V 60 HZ,Refaccion
85823,VALVULA DE SEGURIDAD STEAMER X3,Analogo
85823,VALVULA DE SEGURIDAD STEAMER X3,Vaporizadores
85823,VALVULA DE SEGURIDAD STEAMER X3,Refaccion
91705,VALVULA MAGNETICA 24 VOLT DC,Analogo
91705,VALVULA MAGNETICA 24 VOLT DC,Refaccion
132172,VALVULA SOLENOIDE STEAMER X3,Refaccion
132172,VALVULA SOLENOIDE STEAMER X3,Digital
111088,VARILLA LUMINOSA INDICADORA DE ESTADO,Refaccion
111088,VARILLA LUMINOSA INDICADORA DE ESTADO,Analogo
81240,VARIO E 100-120V,Analogo
81240,VARIO E 100-120V,Equipo
81240,VARIO E 100-120V,Ceras De Modelado
234133,VASO 500 ML,Analogo
234133,VASO 500 ML,Accesorio
234133,VASO 500 ML,Mezcladoras Al Vacio
3518,"VASO CON MEZCLADOR-AGITADOR, 250ML",Analogo
3518,"VASO CON MEZCLADOR-AGITADOR, 250ML",Mezcladoras Al Vacio
3518,"VASO CON MEZCLADOR-AGITADOR, 250ML",Accesorio
121323,VEHICULO USADO,Otros Activos
95097,VENTILATION UNIT AUSTROMAT 220 100V / 115V,Analogo
95097,VENTILATION UNIT AUSTROMAT 220 100V / 115V,Hornos
95097,VENTILATION UNIT AUSTROMAT 220 100V / 115V,Refaccion
95097,VENTILATION UNIT AUSTROMAT 220 100V / 115V,Hornos De Coccion
116771,VISCO III A1 76G,Analogo
116771,VISCO III A1 76G,Acrilico
116771,VISCO III A1 76G,Consumible
116775,VISCO III A2 76G,Analogo
116775,VISCO III A2 76G,Acrilico
116775,VISCO III A2 76G,Consumible
91350,VITA BOMBA DE VACIO PARA HORNO 110V,Analogo
91350,VITA BOMBA DE VACIO PARA HORNO 110V,Hornos
91350,VITA BOMBA DE VACIO PARA HORNO 110V,Accesorio
89294,VITA V60 ILINE 110V,Analogo
89294,VITA V60 ILINE 110V,Hornos
89294,VITA V60 ILINE 110V,Equipo
89294,VITA V60 ILINE 110V,Hornos De Coccion
198949,VITA VACUUM TUBING 200 CM,Refaccion
198949,VITA VACUUM TUBING 200 CM,Analogo
14195,"VITA VM LC FLOW BASE DENTINE, A3, 4 G",Analogo
14195,"VITA VM LC FLOW BASE DENTINE, A3, 4 G",Composite De Recubrimiento
14195,"VITA VM LC FLOW BASE DENTINE, A3, 4 G",Consumible
14198,"VITA VM LC FLOW BASE DENTINE, C3, 4 G",Analogo
14198,"VITA VM LC FLOW BASE DENTINE, C3, 4 G",Composite De Recubrimiento
14198,"VITA VM LC FLOW BASE DENTINE, C3, 4 G",Consumible
96078,VITON- RING 145X4MM,Refaccion
96078,VITON- RING 145X4MM,Analogo
198945,VITON RING SEAL 180X3 MM,Refaccion
198945,VITON RING SEAL 180X3 MM,Analogo
8450,"VM MODELLING LIQUID 250ML(BLANCO, VM.13)",Liquidos
8450,"VM MODELLING LIQUID 250ML(BLANCO, VM.13)",Analogo
8450,"VM MODELLING LIQUID 250ML(BLANCO, VM.13)",Liquidos Para Ceramica
8450,"VM MODELLING LIQUID 250ML(BLANCO, VM.13)",Consumible
8453,"VM MODELLING LIQUID 50ML (BLANCO, VM.13)",Liquidos
8453,"VM MODELLING LIQUID 50ML (BLANCO, VM.13)",Analogo
8453,"VM MODELLING LIQUID 50ML (BLANCO, VM.13)",Liquidos Para Ceramica
8453,"VM MODELLING LIQUID 50ML (BLANCO, VM.13)",Consumible
8471,"VM OPAQUE FLUID (BLANCO, VM.13, 11) 250M",Liquidos
8471,"VM OPAQUE FLUID (BLANCO, VM.13, 11) 250M",Analogo
8471,"VM OPAQUE FLUID (BLANCO, VM.13, 11) 250M",Liquidos Para Ceramica
8471,"VM OPAQUE FLUID (BLANCO, VM.13, 11) 250M",Consumible
8474,"VM OPAQUE FLUID (BLANCO, VM.13, 11) 50ML",Liquidos
8474,"VM OPAQUE FLUID (BLANCO, VM.13, 11) 50ML",Analogo
8474,"VM OPAQUE FLUID (BLANCO, VM.13, 11) 50ML",Liquidos Para Ceramica
8474,"VM OPAQUE FLUID (BLANCO, VM.13, 11) 50ML",Consumible
11327,VM13 BASE DENTINE 0M1 12G,Analogo
11327,VM13 BASE DENTINE 0M1 12G,Consumible
11327,VM13 BASE DENTINE 0M1 12G,Ceramica De Recubrimiento
11330,VM13 BASE DENTINE 0M1 50G,Analogo
11330,VM13 BASE DENTINE 0M1 50G,Ceramica De Recubrimiento
11333,VM13 BASE DENTINE 0M2 12G,Analogo
11333,VM13 BASE DENTINE 0M2 12G,Ceramica De Recubrimiento
11336,VM13 BASE DENTINE 0M2 50G,Analogo
11336,VM13 BASE DENTINE 0M2 50G,Ceramica De Recubrimiento
11339,VM13 BASE DENTINE 0M3 12G,Analogo
11339,VM13 BASE DENTINE 0M3 12G,Ceramica De Recubrimiento
11342,VM13 BASE DENTINE 0M3 50G,Analogo
11342,VM13 BASE DENTINE 0M3 50G,Ceramica De Recubrimiento
11345,VM13 BASE DENTINE 1M1 12G,Analogo
11345,VM13 BASE DENTINE 1M1 12G,Ceramica De Recubrimiento
11345,VM13 BASE DENTINE 1M1 12G,Consumible
11348,VM13 BASE DENTINE 1M1 50G,Analogo
11348,VM13 BASE DENTINE 1M1 50G,Consumible
11348,VM13 BASE DENTINE 1M1 50G,Ceramica De Recubrimiento
11351,VM13 BASE DENTINE 1M2 12G,Analogo
11351,VM13 BASE DENTINE 1M2 12G,Consumible
11351,VM13 BASE DENTINE 1M2 12G,Ceramica De Recubrimiento
11354,VM13 BASE DENTINE 1M2 50G,Analogo
11354,VM13 BASE DENTINE 1M2 50G,Ceramica De Recubrimiento
11357,VM13 BASE DENTINE 2L1.5 12G,Analogo
11357,VM13 BASE DENTINE 2L1.5 12G,Ceramica De Recubrimiento
11357,VM13 BASE DENTINE 2L1.5 12G,Consumible
11360,VM13 BASE DENTINE 2L1.5 50G,Analogo
11360,VM13 BASE DENTINE 2L1.5 50G,Consumible
11360,VM13 BASE DENTINE 2L1.5 50G,Ceramica De Recubrimiento
11363,VM13 BASE DENTINE 2L2.5 12G,Analogo
11363,VM13 BASE DENTINE 2L2.5 12G,Ceramica De Recubrimiento
11363,VM13 BASE DENTINE 2L2.5 12G,Consumible
11366,VM13 BASE DENTINE 2L2.5 50G,Analogo
11366,VM13 BASE DENTINE 2L2.5 50G,Ceramica De Recubrimiento
11369,VM13 BASE DENTINE 2M1 12G,Analogo
11369,VM13 BASE DENTINE 2M1 12G,Ceramica De Recubrimiento
11369,VM13 BASE DENTINE 2M1 12G,Consumible
11372,VM13 BASE DENTINE 2M1 50G,Analogo
11372,VM13 BASE DENTINE 2M1 50G,Ceramica De Recubrimiento
11372,VM13 BASE DENTINE 2M1 50G,Consumible
11375,VM13 BASE DENTINE 2M2 12G,Analogo
11375,VM13 BASE DENTINE 2M2 12G,Ceramica De Recubrimiento
11375,VM13 BASE DENTINE 2M2 12G,Consumible
11378,VM13 BASE DENTINE 2M2 50G,Analogo
11378,VM13 BASE DENTINE 2M2 50G,Consumible
11378,VM13 BASE DENTINE 2M2 50G,Ceramica De Recubrimiento
11381,VM13 BASE DENTINE 2M3 12G,Analogo
11381,VM13 BASE DENTINE 2M3 12G,Ceramica De Recubrimiento
11381,VM13 BASE DENTINE 2M3 12G,Consumible
11384,VM13 BASE DENTINE 2M3 50G,Analogo
11384,VM13 BASE DENTINE 2M3 50G,Ceramica De Recubrimiento
11387,VM13 BASE DENTINE 2R1.5 12G,Analogo
11387,VM13 BASE DENTINE 2R1.5 12G,Consumible
11387,VM13 BASE DENTINE 2R1.5 12G,Ceramica De Recubrimiento
11390,VM13 BASE DENTINE 2R1.5 50G,Analogo
11390,VM13 BASE DENTINE 2R1.5 50G,Ceramica De Recubrimiento
11393,VM13 BASE DENTINE 2R2.5 12G,Analogo
11393,VM13 BASE DENTINE 2R2.5 12G,Ceramica De Recubrimiento
11393,VM13 BASE DENTINE 2R2.5 12G,Consumible
11396,VM13 BASE DENTINE 2R2.5 50G,Analogo
11396,VM13 BASE DENTINE 2R2.5 50G,Consumible
11396,VM13 BASE DENTINE 2R2.5 50G,Ceramica De Recubrimiento
11399,VM13 BASE DENTINE 3L1.5 12G,Analogo
11399,VM13 BASE DENTINE 3L1.5 12G,Ceramica De Recubrimiento
11399,VM13 BASE DENTINE 3L1.5 12G,Consumible
11402,VM13 BASE DENTINE 3L1.5 50G,Analogo
11402,VM13 BASE DENTINE 3L1.5 50G,Ceramica De Recubrimiento
11405,VM13 BASE DENTINE 3L2.5 12G,Analogo
11405,VM13 BASE DENTINE 3L2.5 12G,Consumible
11405,VM13 BASE DENTINE 3L2.5 12G,Ceramica De Recubrimiento
11408,VM13 BASE DENTINE 3L2.5 50G,Analogo
11408,VM13 BASE DENTINE 3L2.5 50G,Ceramica De Recubrimiento
11411,VM13 BASE DENTINE 3M1 12G,Analogo
11411,VM13 BASE DENTINE 3M1 12G,Ceramica De Recubrimiento
11411,VM13 BASE DENTINE 3M1 12G,Consumible
11414,VM13 BASE DENTINE 3M1 50G,Analogo
11414,VM13 BASE DENTINE 3M1 50G,Ceramica De Recubrimiento
11417,VM13 BASE DENTINE 3M2 12G,Analogo
11417,VM13 BASE DENTINE 3M2 12G,Ceramica De Recubrimiento
11417,VM13 BASE DENTINE 3M2 12G,Consumible
11420,VM13 BASE DENTINE 3M2 50G,Analogo
11420,VM13 BASE DENTINE 3M2 50G,Ceramica De Recubrimiento
11423,VM13 BASE DENTINE 3M3 12G,Analogo
11423,VM13 BASE DENTINE 3M3 12G,Ceramica De Recubrimiento
11423,VM13 BASE DENTINE 3M3 12G,Consumible
11426,VM13 BASE DENTINE 3M3 50G,Analogo
11426,VM13 BASE DENTINE 3M3 50G,Ceramica De Recubrimiento
11429,VM13 BASE DENTINE 3R1.5 12G,Analogo
11429,VM13 BASE DENTINE 3R1.5 12G,Consumible
11429,VM13 BASE DENTINE 3R1.5 12G,Ceramica De Recubrimiento
11432,VM13 BASE DENTINE 3R1.5 50G,Analogo
11432,VM13 BASE DENTINE 3R1.5 50G,Ceramica De Recubrimiento
11435,VM13 BASE DENTINE 3R2.5 12G,Analogo
11435,VM13 BASE DENTINE 3R2.5 12G,Ceramica De Recubrimiento
11435,VM13 BASE DENTINE 3R2.5 12G,Consumible
11438,VM13 BASE DENTINE 3R2.5 50G,Analogo
11438,VM13 BASE DENTINE 3R2.5 50G,Consumible
11438,VM13 BASE DENTINE 3R2.5 50G,Ceramica De Recubrimiento
11441,VM13 BASE DENTINE 4L1.5 12G,Analogo
11441,VM13 BASE DENTINE 4L1.5 12G,Ceramica De Recubrimiento
11441,VM13 BASE DENTINE 4L1.5 12G,Consumible
11444,VM13 BASE DENTINE 4L1.5 50G,Analogo
11444,VM13 BASE DENTINE 4L1.5 50G,Ceramica De Recubrimiento
11447,VM13 BASE DENTINE 4L2.5 12G,Analogo
11447,VM13 BASE DENTINE 4L2.5 12G,Consumible
11447,VM13 BASE DENTINE 4L2.5 12G,Ceramica De Recubrimiento
11450,VM13 BASE DENTINE 4L2.5 50G,Analogo
11450,VM13 BASE DENTINE 4L2.5 50G,Ceramica De Recubrimiento
11453,VM13 BASE DENTINE 4M1 12G,Analogo
11453,VM13 BASE DENTINE 4M1 12G,Consumible
11453,VM13 BASE DENTINE 4M1 12G,Ceramica De Recubrimiento
11456,VM13 BASE DENTINE 4M1 50G,Analogo
11456,VM13 BASE DENTINE 4M1 50G,Ceramica De Recubrimiento
11459,VM13 BASE DENTINE 4M2 12G,Analogo
11459,VM13 BASE DENTINE 4M2 12G,Ceramica De Recubrimiento
11459,VM13 BASE DENTINE 4M2 12G,Consumible
11462,VM13 BASE DENTINE 4M2 50G,Analogo
11462,VM13 BASE DENTINE 4M2 50G,Consumible
11462,VM13 BASE DENTINE 4M2 50G,Ceramica De Recubrimiento
11465,VM13 BASE DENTINE 4M3 12G,Analogo
11465,VM13 BASE DENTINE 4M3 12G,Ceramica De Recubrimiento
11465,VM13 BASE DENTINE 4M3 12G,Consumible
11468,VM13 BASE DENTINE 4M3 50G,Analogo
11468,VM13 BASE DENTINE 4M3 50G,Ceramica De Recubrimiento
11471,VM13 BASE DENTINE 4R1.5 12G,Analogo
11471,VM13 BASE DENTINE 4R1.5 12G,Consumible
11471,VM13 BASE DENTINE 4R1.5 12G,Ceramica De Recubrimiento
11474,VM13 BASE DENTINE 4R1.5 50G,Analogo
11474,VM13 BASE DENTINE 4R1.5 50G,Ceramica De Recubrimiento
11477,VM13 BASE DENTINE 4R2.5 12G,Analogo
11477,VM13 BASE DENTINE 4R2.5 12G,Consumible
11477,VM13 BASE DENTINE 4R2.5 12G,Ceramica De Recubrimiento
11480,VM13 BASE DENTINE 4R2.5 50G,Analogo
11480,VM13 BASE DENTINE 4R2.5 50G,Ceramica De Recubrimiento
11483,VM13 BASE DENTINE 5M1 12G,Analogo
11483,VM13 BASE DENTINE 5M1 12G,Ceramica De Recubrimiento
11483,VM13 BASE DENTINE 5M1 12G,Consumible
11486,VM13 BASE DENTINE 5M1 50G,Analogo
11486,VM13 BASE DENTINE 5M1 50G,Ceramica De Recubrimiento
11489,VM13 BASE DENTINE 5M2 12G,Analogo
11489,VM13 BASE DENTINE 5M2 12G,Ceramica De Recubrimiento
11489,VM13 BASE DENTINE 5M2 12G,Consumible
11492,VM13 BASE DENTINE 5M2 50G,Analogo
11492,VM13 BASE DENTINE 5M2 50G,Ceramica De Recubrimiento
11495,VM13 BASE DENTINE 5M3 12G,Analogo
11495,VM13 BASE DENTINE 5M3 12G,Consumible
11495,VM13 BASE DENTINE 5M3 12G,Ceramica De Recubrimiento
11498,VM13 BASE DENTINE 5M3 50G,Analogo
11498,VM13 BASE DENTINE 5M3 50G,Ceramica De Recubrimiento
11501,VM13 BASE DENTINE A1 12G,Analogo
11501,VM13 BASE DENTINE A1 12G,Consumible
11501,VM13 BASE DENTINE A1 12G,Ceramica De Recubrimiento
11504,VM13 BASE DENTINE A1 50G,Analogo
11504,VM13 BASE DENTINE A1 50G,Consumible
11504,VM13 BASE DENTINE A1 50G,Ceramica De Recubrimiento
11507,VM13 BASE DENTINE A2 12G,Analogo
11507,VM13 BASE DENTINE A2 12G,Ceramica De Recubrimiento
11507,VM13 BASE DENTINE A2 12G,Consumible
11510,VM13 BASE DENTINE A2 50G,Analogo
11510,VM13 BASE DENTINE A2 50G,Ceramica De Recubrimiento
11510,VM13 BASE DENTINE A2 50G,Consumible
11519,VM13 BASE DENTINE A3 12G,Analogo
11519,VM13 BASE DENTINE A3 12G,Consumible
11519,VM13 BASE DENTINE A3 12G,Ceramica De Recubrimiento
11522,VM13 BASE DENTINE A3 50G,Analogo
11522,VM13 BASE DENTINE A3 50G,Ceramica De Recubrimiento
11513,VM13 BASE DENTINE A3.5 12G,Analogo
11513,VM13 BASE DENTINE A3.5 12G,Ceramica De Recubrimiento
11513,VM13 BASE DENTINE A3.5 12G,Consumible
11516,VM13 BASE DENTINE A3.5 50G,Analogo
11516,VM13 BASE DENTINE A3.5 50G,Ceramica De Recubrimiento
11525,VM13 BASE DENTINE A4 12G,Analogo
11525,VM13 BASE DENTINE A4 12G,Ceramica De Recubrimiento
11525,VM13 BASE DENTINE A4 12G,Consumible
11528,VM13 BASE DENTINE A4 50G,Analogo
11528,VM13 BASE DENTINE A4 50G,Consumible
11528,VM13 BASE DENTINE A4 50G,Ceramica De Recubrimiento
11531,VM13 BASE DENTINE B1 12G,Analogo
11531,VM13 BASE DENTINE B1 12G,Consumible
11531,VM13 BASE DENTINE B1 12G,Ceramica De Recubrimiento
11534,VM13 BASE DENTINE B1 50G,Analogo
11534,VM13 BASE DENTINE B1 50G,Consumible
11534,VM13 BASE DENTINE B1 50G,Ceramica De Recubrimiento
11537,VM13 BASE DENTINE B2 12G,Analogo
11537,VM13 BASE DENTINE B2 12G,Consumible
11537,VM13 BASE DENTINE B2 12G,Ceramica De Recubrimiento
11540,VM13 BASE DENTINE B2 50G,Analogo
11540,VM13 BASE DENTINE B2 50G,Ceramica De Recubrimiento
11543,VM13 BASE DENTINE B3 12G,Analogo
11543,VM13 BASE DENTINE B3 12G,Consumible
11543,VM13 BASE DENTINE B3 12G,Ceramica De Recubrimiento
11546,VM13 BASE DENTINE B3 50G,Analogo
11546,VM13 BASE DENTINE B3 50G,Consumible
11546,VM13 BASE DENTINE B3 50G,Ceramica De Recubrimiento
11549,VM13 BASE DENTINE B4 12G,Analogo
11549,VM13 BASE DENTINE B4 12G,Consumible
11549,VM13 BASE DENTINE B4 12G,Ceramica De Recubrimiento
11552,VM13 BASE DENTINE B4 50G,Analogo
11552,VM13 BASE DENTINE B4 50G,Ceramica De Recubrimiento
11555,VM13 BASE DENTINE C1 12G,Analogo
11555,VM13 BASE DENTINE C1 12G,Consumible
11555,VM13 BASE DENTINE C1 12G,Ceramica De Recubrimiento
11558,VM13 BASE DENTINE C1 50G,Analogo
11558,VM13 BASE DENTINE C1 50G,Ceramica De Recubrimiento
11561,VM13 BASE DENTINE C2 12G,Analogo
11561,VM13 BASE DENTINE C2 12G,Consumible
11561,VM13 BASE DENTINE C2 12G,Ceramica De Recubrimiento
11564,VM13 BASE DENTINE C2 50G,Analogo
11564,VM13 BASE DENTINE C2 50G,Ceramica De Recubrimiento
11567,VM13 BASE DENTINE C3 12G,Analogo
11567,VM13 BASE DENTINE C3 12G,Consumible
11567,VM13 BASE DENTINE C3 12G,Ceramica De Recubrimiento
11570,VM13 BASE DENTINE C3 50G,Analogo
11570,VM13 BASE DENTINE C3 50G,Consumible
11570,VM13 BASE DENTINE C3 50G,Ceramica De Recubrimiento
11573,VM13 BASE DENTINE C4 12G,Analogo
11573,VM13 BASE DENTINE C4 12G,Consumible
11573,VM13 BASE DENTINE C4 12G,Ceramica De Recubrimiento
11576,VM13 BASE DENTINE C4 50G,Analogo
11576,VM13 BASE DENTINE C4 50G,Ceramica De Recubrimiento
11579,VM13 BASE DENTINE D2 12G,Analogo
11579,VM13 BASE DENTINE D2 12G,Consumible
11579,VM13 BASE DENTINE D2 12G,Ceramica De Recubrimiento
11582,VM13 BASE DENTINE D2 50G,Analogo
11582,VM13 BASE DENTINE D2 50G,Ceramica De Recubrimiento
11585,VM13 BASE DENTINE D3 12G,Analogo
11585,VM13 BASE DENTINE D3 12G,Consumible
11585,VM13 BASE DENTINE D3 12G,Ceramica De Recubrimiento
11588,VM13 BASE DENTINE D3 50G,Analogo
11588,VM13 BASE DENTINE D3 50G,Ceramica De Recubrimiento
11591,VM13 BASE DENTINE D4 12G,Analogo
11591,VM13 BASE DENTINE D4 12G,Consumible
11591,VM13 BASE DENTINE D4 12G,Ceramica De Recubrimiento
11594,VM13 BASE DENTINE D4 50G,Analogo
11594,VM13 BASE DENTINE D4 50G,Ceramica De Recubrimiento
86585,VM13 BASIC KIT SMALL POWDER (3D),Analogo
86585,VM13 BASIC KIT SMALL POWDER (3D),Ceramica De Recubrimiento
86581,VM13 BASIC KIT SMALL POWDER CLASSICAL,Analogo
86581,VM13 BASIC KIT SMALL POWDER CLASSICAL,Ceramica De Recubrimiento
86575,VM13 BLEACHED COLOR KIT POWDER,Analogo
86575,VM13 BLEACHED COLOR KIT POWDER,Ceramica De Recubrimiento
5747,VM13 BUILD UP KIT SMALL 3D-MASTER,Analogo
5747,VM13 BUILD UP KIT SMALL 3D-MASTER,Ceramica De Recubrimiento
5747,VM13 BUILD UP KIT SMALL 3D-MASTER,Consumible
11615,VM13 CHROMA PLUS CP1,Analogo
11615,VM13 CHROMA PLUS CP1,Consumible
11615,VM13 CHROMA PLUS CP1,Ceramica De Recubrimiento
11618,VM13 CHROMA PLUS CP2,Analogo
11618,VM13 CHROMA PLUS CP2,Ceramica De Recubrimiento
11618,VM13 CHROMA PLUS CP2,Consumible
11621,VM13 CHROMA PLUS CP3,Analogo
11621,VM13 CHROMA PLUS CP3,Ceramica De Recubrimiento
11621,VM13 CHROMA PLUS CP3,Consumible
11624,VM13 CHROMA PLUS CP4,Analogo
11624,VM13 CHROMA PLUS CP4,Consumible
11624,VM13 CHROMA PLUS CP4,Ceramica De Recubrimiento
11627,VM13 CHROMA PLUS CP5,Analogo
11627,VM13 CHROMA PLUS CP5,Consumible
11627,VM13 CHROMA PLUS CP5,Ceramica De Recubrimiento
11597,VM13 COLOR OPAQUE CO1,Analogo
11597,VM13 COLOR OPAQUE CO1,Ceramica De Recubrimiento
11600,VM13 COLOR OPAQUE CO2,Analogo
11600,VM13 COLOR OPAQUE CO2,Ceramica De Recubrimiento
11603,VM13 COLOR OPAQUE CO3,Analogo
11603,VM13 COLOR OPAQUE CO3,Ceramica De Recubrimiento
11606,VM13 CORRECTIVE COR1,Analogo
11606,VM13 CORRECTIVE COR1,Ceramica De Recubrimiento
11606,VM13 CORRECTIVE COR1,Consumible
11609,VM13 CORRECTIVE COR2,Analogo
11609,VM13 CORRECTIVE COR2,Consumible
11609,VM13 CORRECTIVE COR2,Ceramica De Recubrimiento
11612,VM13 CORRECTIVE COR3,Analogo
11612,VM13 CORRECTIVE COR3,Ceramica De Recubrimiento
11630,VM13 EFFECT CHROMA EC1,Analogo
11630,VM13 EFFECT CHROMA EC1,Ceramica De Recubrimiento
11633,VM13 EFFECT CHROMA EC10,Analogo
11633,VM13 EFFECT CHROMA EC10,Consumible
11633,VM13 EFFECT CHROMA EC10,Ceramica De Recubrimiento
11636,VM13 EFFECT CHROMA EC11,Analogo
11636,VM13 EFFECT CHROMA EC11,Ceramica De Recubrimiento
11639,VM13 EFFECT CHROMA EC2,Analogo
11639,VM13 EFFECT CHROMA EC2,Ceramica De Recubrimiento
11642,VM13 EFFECT CHROMA EC3,Analogo
11642,VM13 EFFECT CHROMA EC3,Consumible
11642,VM13 EFFECT CHROMA EC3,Ceramica De Recubrimiento
11645,VM13 EFFECT CHROMA EC4,Analogo
11645,VM13 EFFECT CHROMA EC4,Ceramica De Recubrimiento
11648,VM13 EFFECT CHROMA EC5,Analogo
11648,VM13 EFFECT CHROMA EC5,Ceramica De Recubrimiento
11651,VM13 EFFECT CHROMA EC6,Analogo
11651,VM13 EFFECT CHROMA EC6,Ceramica De Recubrimiento
11651,VM13 EFFECT CHROMA EC6,Consumible
11654,VM13 EFFECT CHROMA EC7,Analogo
11654,VM13 EFFECT CHROMA EC7,Ceramica De Recubrimiento
11657,VM13 EFFECT CHROMA EC8,Analogo
11657,VM13 EFFECT CHROMA EC8,Ceramica De Recubrimiento
11660,VM13 EFFECT CHROMA EC9,Analogo
11660,VM13 EFFECT CHROMA EC9,Ceramica De Recubrimiento
11663,VM13 EFFECT ENAMEL EE1,Analogo
11663,VM13 EFFECT ENAMEL EE1,Ceramica De Recubrimiento
11663,VM13 EFFECT ENAMEL EE1,Consumible
11666,VM13 EFFECT ENAMEL EE10,Analogo
11666,VM13 EFFECT ENAMEL EE10,Ceramica De Recubrimiento
11669,VM13 EFFECT ENAMEL EE11,Analogo
11669,VM13 EFFECT ENAMEL EE11,Consumible
11669,VM13 EFFECT ENAMEL EE11,Ceramica De Recubrimiento
11672,VM13 EFFECT ENAMEL EE2,Analogo
11672,VM13 EFFECT ENAMEL EE2,Ceramica De Recubrimiento
11675,VM13 EFFECT ENAMEL EE3,Analogo
11675,VM13 EFFECT ENAMEL EE3,Consumible
11675,VM13 EFFECT ENAMEL EE3,Ceramica De Recubrimiento
11678,VM13 EFFECT ENAMEL EE4,Analogo
11678,VM13 EFFECT ENAMEL EE4,Consumible
11678,VM13 EFFECT ENAMEL EE4,Ceramica De Recubrimiento
11681,VM13 EFFECT ENAMEL EE5,Analogo
11681,VM13 EFFECT ENAMEL EE5,Consumible
11681,VM13 EFFECT ENAMEL EE5,Ceramica De Recubrimiento
11684,VM13 EFFECT ENAMEL EE6,Analogo
11684,VM13 EFFECT ENAMEL EE6,Ceramica De Recubrimiento
11687,VM13 EFFECT ENAMEL EE7,Analogo
11687,VM13 EFFECT ENAMEL EE7,Consumible
11687,VM13 EFFECT ENAMEL EE7,Ceramica De Recubrimiento
11690,VM13 EFFECT ENAMEL EE8,Analogo
11690,VM13 EFFECT ENAMEL EE8,Ceramica De Recubrimiento
11693,VM13 EFFECT ENAMEL EE9,Analogo
11693,VM13 EFFECT ENAMEL EE9,Ceramica De Recubrimiento
11693,VM13 EFFECT ENAMEL EE9,Consumible
11696,VM13 EFFECT LINER EL1,Analogo
11696,VM13 EFFECT LINER EL1,Ceramica De Recubrimiento
11699,VM13 EFFECT LINER EL2,Analogo
11699,VM13 EFFECT LINER EL2,Ceramica De Recubrimiento
11702,VM13 EFFECT LINER EL3,Analogo
11702,VM13 EFFECT LINER EL3,Ceramica De Recubrimiento
11705,VM13 EFFECT LINER EL4,Analogo
11705,VM13 EFFECT LINER EL4,Ceramica De Recubrimiento
11708,VM13 EFFECT LINER EL5,Analogo
11708,VM13 EFFECT LINER EL5,Ceramica De Recubrimiento
11711,VM13 EFFECT LINER EL6,Analogo
11711,VM13 EFFECT LINER EL6,Ceramica De Recubrimiento
11726,VM13 EFFECT OPAL EO1,Analogo
11726,VM13 EFFECT OPAL EO1,Consumible
11726,VM13 EFFECT OPAL EO1,Ceramica De Recubrimiento
11729,VM13 EFFECT OPAL EO2,Analogo
11729,VM13 EFFECT OPAL EO2,Consumible
11729,VM13 EFFECT OPAL EO2,Ceramica De Recubrimiento
11732,VM13 EFFECT OPAL EO3,Analogo
11732,VM13 EFFECT OPAL EO3,Consumible
11732,VM13 EFFECT OPAL EO3,Ceramica De Recubrimiento
11735,VM13 EFFECT OPAL EO4,Analogo
11735,VM13 EFFECT OPAL EO4,Ceramica De Recubrimiento
11738,VM13 EFFECT OPAL EO5,Analogo
11738,VM13 EFFECT OPAL EO5,Ceramica De Recubrimiento
11741,VM13 EFFECT PEARL EP1,Analogo
11741,VM13 EFFECT PEARL EP1,Consumible
11741,VM13 EFFECT PEARL EP1,Ceramica De Recubrimiento
11744,VM13 EFFECT PEARL EP2,Analogo
11744,VM13 EFFECT PEARL EP2,Ceramica De Recubrimiento
11747,VM13 EFFECT PEARL EP3,Analogo
11747,VM13 EFFECT PEARL EP3,Ceramica De Recubrimiento
11714,VM13 ENAMEL END 12G,Analogo
11714,VM13 ENAMEL END 12G,Ceramica De Recubrimiento
11714,VM13 ENAMEL END 12G,Consumible
11717,VM13 ENAMEL END 50G,Analogo
11717,VM13 ENAMEL END 50G,Consumible
11717,VM13 ENAMEL END 50G,Ceramica De Recubrimiento
11720,VM13 ENAMEL ENL 12G,Analogo
11720,VM13 ENAMEL ENL 12G,Ceramica De Recubrimiento
11720,VM13 ENAMEL ENL 12G,Consumible
11723,VM13 ENAMEL ENL 50G,Analogo
11723,VM13 ENAMEL ENL 50G,Consumible
11723,VM13 ENAMEL ENL 50G,Ceramica De Recubrimiento
11750,VM13 GINGIVA G1,Analogo
11750,VM13 GINGIVA G1,Ceramica De Recubrimiento
11750,VM13 GINGIVA G1,Consumible
11753,VM13 GINGIVA G2,Analogo
11753,VM13 GINGIVA G2,Ceramica De Recubrimiento
11753,VM13 GINGIVA G2,Consumible
11756,VM13 GINGIVA G3,Analogo
11756,VM13 GINGIVA G3,Consumible
11756,VM13 GINGIVA G3,Ceramica De Recubrimiento
11759,VM13 GINGIVA G4,Analogo
11759,VM13 GINGIVA G4,Consumible
11759,VM13 GINGIVA G4,Ceramica De Recubrimiento
11762,VM13 GINGIVA G5,Analogo
11762,VM13 GINGIVA G5,Consumible
11762,VM13 GINGIVA G5,Ceramica De Recubrimiento
11765,VM13 GINGIVA GOD,Analogo
11765,VM13 GINGIVA GOD,Ceramica De Recubrimiento
11768,VM13 GINGIVA GOL,Analogo
11768,VM13 GINGIVA GOL,Consumible
11768,VM13 GINGIVA GOL,Ceramica De Recubrimiento
11789,VM13 MAMELON MM1,Analogo
11789,VM13 MAMELON MM1,Ceramica De Recubrimiento
11792,VM13 MAMELON MM2,Analogo
11792,VM13 MAMELON MM2,Ceramica De Recubrimiento
11795,VM13 MAMELON MM3,Analogo
11795,VM13 MAMELON MM3,Ceramica De Recubrimiento
11771,VM13 MARGIN M1,Analogo
11771,VM13 MARGIN M1,Consumible
11771,VM13 MARGIN M1,Ceramica De Recubrimiento
11774,VM13 MARGIN M4,Analogo
11774,VM13 MARGIN M4,Consumible
11774,VM13 MARGIN M4,Ceramica De Recubrimiento
11777,VM13 MARGIN M5,Analogo
11777,VM13 MARGIN M5,Ceramica De Recubrimiento
11780,VM13 MARGIN M7,Analogo
11780,VM13 MARGIN M7,Ceramica De Recubrimiento
11783,VM13 MARGIN M8,Analogo
11783,VM13 MARGIN M8,Ceramica De Recubrimiento
11786,VM13 MARGIN M9,Analogo
11786,VM13 MARGIN M9,Consumible
11786,VM13 MARGIN M9,Ceramica De Recubrimiento
11798,VM13 NEUTRAL NT 12G,Analogo
11798,VM13 NEUTRAL NT 12G,Ceramica De Recubrimiento
11798,VM13 NEUTRAL NT 12G,Consumible
11801,VM13 NEUTRAL NT 50G,Analogo
11801,VM13 NEUTRAL NT 50G,Ceramica De Recubrimiento
11801,VM13 NEUTRAL NT 50G,Consumible
82445,VM13 ONE COLOR KIT A3,Analogo
82445,VM13 ONE COLOR KIT A3,Ceramica De Recubrimiento
82445,VM13 ONE COLOR KIT A3,Consumible
11804,VM13 OPAQUE A1 12G,Analogo
11804,VM13 OPAQUE A1 12G,Ceramica De Recubrimiento
11807,VM13 OPAQUE A2 12G,Analogo
11807,VM13 OPAQUE A2 12G,Consumible
11807,VM13 OPAQUE A2 12G,Ceramica De Recubrimiento
11813,VM13 OPAQUE A3 12G,Analogo
11813,VM13 OPAQUE A3 12G,Ceramica De Recubrimiento
11813,VM13 OPAQUE A3 12G,Consumible
11810,VM13 OPAQUE A3.5 12G,Analogo
11810,VM13 OPAQUE A3.5 12G,Consumible
11810,VM13 OPAQUE A3.5 12G,Ceramica De Recubrimiento
11816,VM13 OPAQUE A4 12G,Analogo
11816,VM13 OPAQUE A4 12G,Ceramica De Recubrimiento
11819,VM13 OPAQUE B1 12G,Analogo
11819,VM13 OPAQUE B1 12G,Consumible
11819,VM13 OPAQUE B1 12G,Ceramica De Recubrimiento
11822,VM13 OPAQUE B2 12G,Analogo
11822,VM13 OPAQUE B2 12G,Ceramica De Recubrimiento
11825,VM13 OPAQUE B3 12G,Analogo
11825,VM13 OPAQUE B3 12G,Consumible
11825,VM13 OPAQUE B3 12G,Ceramica De Recubrimiento
11828,VM13 OPAQUE B4 12G,Analogo
11828,VM13 OPAQUE B4 12G,Ceramica De Recubrimiento
11831,VM13 OPAQUE C1 12G,Analogo
11831,VM13 OPAQUE C1 12G,Ceramica De Recubrimiento
11834,VM13 OPAQUE C2 12G,Analogo
11834,VM13 OPAQUE C2 12G,Ceramica De Recubrimiento
11834,VM13 OPAQUE C2 12G,Consumible
11837,VM13 OPAQUE C3 12G,Analogo
11837,VM13 OPAQUE C3 12G,Ceramica De Recubrimiento
11837,VM13 OPAQUE C3 12G,Consumible
11840,VM13 OPAQUE C4 12G,Analogo
11840,VM13 OPAQUE C4 12G,Ceramica De Recubrimiento
11843,VM13 OPAQUE D2 12G,Analogo
11843,VM13 OPAQUE D2 12G,Ceramica De Recubrimiento
11846,VM13 OPAQUE D3 12G,Analogo
11846,VM13 OPAQUE D3 12G,Ceramica De Recubrimiento
11849,VM13 OPAQUE D4 12G,Analogo
11849,VM13 OPAQUE D4 12G,Ceramica De Recubrimiento
11852,VM13 OPAQUE OP0 12G,Analogo
11852,VM13 OPAQUE OP0 12G,Consumible
11852,VM13 OPAQUE OP0 12G,Ceramica De Recubrimiento
11855,VM13 OPAQUE OP0 50G,Analogo
11855,VM13 OPAQUE OP0 50G,Ceramica De Recubrimiento
11858,VM13 OPAQUE OP1 12G,Analogo
11858,VM13 OPAQUE OP1 12G,Consumible
11858,VM13 OPAQUE OP1 12G,Ceramica De Recubrimiento
11861,VM13 OPAQUE OP1 50G,Analogo
11861,VM13 OPAQUE OP1 50G,Consumible
11861,VM13 OPAQUE OP1 50G,Ceramica De Recubrimiento
11864,VM13 OPAQUE OP2 12G,Analogo
11864,VM13 OPAQUE OP2 12G,Consumible
11864,VM13 OPAQUE OP2 12G,Ceramica De Recubrimiento
11867,VM13 OPAQUE OP2 50G,Analogo
11867,VM13 OPAQUE OP2 50G,Consumible
11867,VM13 OPAQUE OP2 50G,Ceramica De Recubrimiento
11870,VM13 OPAQUE OP3 12G,Analogo
11870,VM13 OPAQUE OP3 12G,Ceramica De Recubrimiento
11870,VM13 OPAQUE OP3 12G,Consumible
11873,VM13 OPAQUE OP3 50G,Analogo
11873,VM13 OPAQUE OP3 50G,Consumible
11873,VM13 OPAQUE OP3 50G,Ceramica De Recubrimiento
11876,VM13 OPAQUE OP4 12G,Analogo
11876,VM13 OPAQUE OP4 12G,Consumible
11876,VM13 OPAQUE OP4 12G,Ceramica De Recubrimiento
11879,VM13 OPAQUE OP4 50G,Analogo
11879,VM13 OPAQUE OP4 50G,Ceramica De Recubrimiento
11882,VM13 OPAQUE OP5 12G,Analogo
11882,VM13 OPAQUE OP5 12G,Consumible
11882,VM13 OPAQUE OP5 12G,Ceramica De Recubrimiento
11885,VM13 OPAQUE OP5 50G,Analogo
11885,VM13 OPAQUE OP5 50G,Ceramica De Recubrimiento
11888,VM13 PROFESSIONAL KIT,Analogo
11888,VM13 PROFESSIONAL KIT,Ceramica De Recubrimiento
11891,VM13 SUN DENTINE SD1,Analogo
11891,VM13 SUN DENTINE SD1,Ceramica De Recubrimiento
11894,VM13 SUN DENTINE SD2,Analogo
11894,VM13 SUN DENTINE SD2,Ceramica De Recubrimiento
11897,VM13 SUN DENTINE SD3,Analogo
11897,VM13 SUN DENTINE SD3,Ceramica De Recubrimiento
11900,VM13 SUN OPAQUE SO1,Analogo
11900,VM13 SUN OPAQUE SO1,Ceramica De Recubrimiento
11903,VM13 SUN OPAQUE SO2,Analogo
11903,VM13 SUN OPAQUE SO2,Ceramica De Recubrimiento
11906,VM13 SUN OPAQUE SO3,Analogo
11906,VM13 SUN OPAQUE SO3,Ceramica De Recubrimiento
11909,VM13 TRANSPA DENTINE 0M1 12G,Analogo
11909,VM13 TRANSPA DENTINE 0M1 12G,Ceramica De Recubrimiento
11912,VM13 TRANSPA DENTINE 0M1 50G,Analogo
11912,VM13 TRANSPA DENTINE 0M1 50G,Ceramica De Recubrimiento
11915,VM13 TRANSPA DENTINE 0M2 12G,Analogo
11915,VM13 TRANSPA DENTINE 0M2 12G,Ceramica De Recubrimiento
11918,VM13 TRANSPA DENTINE 0M2 50G,Analogo
11918,VM13 TRANSPA DENTINE 0M2 50G,Ceramica De Recubrimiento
11921,VM13 TRANSPA DENTINE 0M3 12G,Analogo
11921,VM13 TRANSPA DENTINE 0M3 12G,Ceramica De Recubrimiento
11924,VM13 TRANSPA DENTINE 0M3 50G,Analogo
11924,VM13 TRANSPA DENTINE 0M3 50G,Ceramica De Recubrimiento
11927,VM13 TRANSPA DENTINE 1M1 12G,Analogo
11927,VM13 TRANSPA DENTINE 1M1 12G,Consumible
11927,VM13 TRANSPA DENTINE 1M1 12G,Ceramica De Recubrimiento
11930,VM13 TRANSPA DENTINE 1M1 50G,Analogo
11930,VM13 TRANSPA DENTINE 1M1 50G,Ceramica De Recubrimiento
11933,VM13 TRANSPA DENTINE 1M2 12G,Analogo
11933,VM13 TRANSPA DENTINE 1M2 12G,Consumible
11933,VM13 TRANSPA DENTINE 1M2 12G,Ceramica De Recubrimiento
11936,VM13 TRANSPA DENTINE 1M2 50G,Analogo
11936,VM13 TRANSPA DENTINE 1M2 50G,Ceramica De Recubrimiento
11939,VM13 TRANSPA DENTINE 2L1.5 12G,Analogo
11939,VM13 TRANSPA DENTINE 2L1.5 12G,Consumible
11939,VM13 TRANSPA DENTINE 2L1.5 12G,Ceramica De Recubrimiento
11942,VM13 TRANSPA DENTINE 2L1.5 50G,Analogo
11942,VM13 TRANSPA DENTINE 2L1.5 50G,Ceramica De Recubrimiento
11945,VM13 TRANSPA DENTINE 2L2.5 12G,Analogo
11945,VM13 TRANSPA DENTINE 2L2.5 12G,Ceramica De Recubrimiento
11945,VM13 TRANSPA DENTINE 2L2.5 12G,Consumible
11948,VM13 TRANSPA DENTINE 2L2.5 50G,Analogo
11948,VM13 TRANSPA DENTINE 2L2.5 50G,Ceramica De Recubrimiento
11951,VM13 TRANSPA DENTINE 2M1 12G,Analogo
11951,VM13 TRANSPA DENTINE 2M1 12G,Consumible
11951,VM13 TRANSPA DENTINE 2M1 12G,Ceramica De Recubrimiento
11954,VM13 TRANSPA DENTINE 2M1 50G,Analogo
11954,VM13 TRANSPA DENTINE 2M1 50G,Ceramica De Recubrimiento
11957,VM13 TRANSPA DENTINE 2M2 12G,Analogo
11957,VM13 TRANSPA DENTINE 2M2 12G,Ceramica De Recubrimiento
11957,VM13 TRANSPA DENTINE 2M2 12G,Consumible
11960,VM13 TRANSPA DENTINE 2M2 50G,Analogo
11960,VM13 TRANSPA DENTINE 2M2 50G,Ceramica De Recubrimiento
11963,VM13 TRANSPA DENTINE 2M3 12G,Analogo
11963,VM13 TRANSPA DENTINE 2M3 12G,Ceramica De Recubrimiento
11963,VM13 TRANSPA DENTINE 2M3 12G,Consumible
11966,VM13 TRANSPA DENTINE 2M3 50G,Analogo
11966,VM13 TRANSPA DENTINE 2M3 50G,Ceramica De Recubrimiento
11969,VM13 TRANSPA DENTINE 2R1.5 12G,Analogo
11969,VM13 TRANSPA DENTINE 2R1.5 12G,Consumible
11969,VM13 TRANSPA DENTINE 2R1.5 12G,Ceramica De Recubrimiento
11972,VM13 TRANSPA DENTINE 2R1.5 50G,Analogo
11972,VM13 TRANSPA DENTINE 2R1.5 50G,Ceramica De Recubrimiento
11975,VM13 TRANSPA DENTINE 2R2.5 12G,Analogo
11975,VM13 TRANSPA DENTINE 2R2.5 12G,Ceramica De Recubrimiento
11975,VM13 TRANSPA DENTINE 2R2.5 12G,Consumible
11978,VM13 TRANSPA DENTINE 2R2.5 50G,Analogo
11978,VM13 TRANSPA DENTINE 2R2.5 50G,Ceramica De Recubrimiento
11981,VM13 TRANSPA DENTINE 3L1.5 12G,Analogo
11981,VM13 TRANSPA DENTINE 3L1.5 12G,Consumible
11981,VM13 TRANSPA DENTINE 3L1.5 12G,Ceramica De Recubrimiento
11984,VM13 TRANSPA DENTINE 3L1.5 50G,Analogo
11984,VM13 TRANSPA DENTINE 3L1.5 50G,Ceramica De Recubrimiento
11987,VM13 TRANSPA DENTINE 3L2.5 12G,Analogo
11987,VM13 TRANSPA DENTINE 3L2.5 12G,Consumible
11987,VM13 TRANSPA DENTINE 3L2.5 12G,Ceramica De Recubrimiento
11990,VM13 TRANSPA DENTINE 3L2.5 50G,Analogo
11990,VM13 TRANSPA DENTINE 3L2.5 50G,Ceramica De Recubrimiento
11993,VM13 TRANSPA DENTINE 3M1 12G,Analogo
11993,VM13 TRANSPA DENTINE 3M1 12G,Consumible
11993,VM13 TRANSPA DENTINE 3M1 12G,Ceramica De Recubrimiento
11996,VM13 TRANSPA DENTINE 3M1 50G,Analogo
11996,VM13 TRANSPA DENTINE 3M1 50G,Ceramica De Recubrimiento
11999,VM13 TRANSPA DENTINE 3M2 12G,Analogo
11999,VM13 TRANSPA DENTINE 3M2 12G,Ceramica De Recubrimiento
11999,VM13 TRANSPA DENTINE 3M2 12G,Consumible
12002,VM13 TRANSPA DENTINE 3M2 50G,Analogo
12002,VM13 TRANSPA DENTINE 3M2 50G,Ceramica De Recubrimiento
12005,VM13 TRANSPA DENTINE 3M3 12G,Analogo
12005,VM13 TRANSPA DENTINE 3M3 12G,Consumible
12005,VM13 TRANSPA DENTINE 3M3 12G,Ceramica De Recubrimiento
12008,VM13 TRANSPA DENTINE 3M3 50G,Analogo
12008,VM13 TRANSPA DENTINE 3M3 50G,Ceramica De Recubrimiento
12011,VM13 TRANSPA DENTINE 3R1.5 12G,Analogo
12011,VM13 TRANSPA DENTINE 3R1.5 12G,Consumible
12011,VM13 TRANSPA DENTINE 3R1.5 12G,Ceramica De Recubrimiento
12014,VM13 TRANSPA DENTINE 3R1.5 50G,Analogo
12014,VM13 TRANSPA DENTINE 3R1.5 50G,Ceramica De Recubrimiento
12017,VM13 TRANSPA DENTINE 3R2.5 12G,Analogo
12017,VM13 TRANSPA DENTINE 3R2.5 12G,Ceramica De Recubrimiento
12017,VM13 TRANSPA DENTINE 3R2.5 12G,Consumible
12020,VM13 TRANSPA DENTINE 3R2.5 50G,Analogo
12020,VM13 TRANSPA DENTINE 3R2.5 50G,Ceramica De Recubrimiento
12023,VM13 TRANSPA DENTINE 4L1.5 12G,Analogo
12023,VM13 TRANSPA DENTINE 4L1.5 12G,Consumible
12023,VM13 TRANSPA DENTINE 4L1.5 12G,Ceramica De Recubrimiento
12026,VM13 TRANSPA DENTINE 4L1.5 50G,Analogo
12026,VM13 TRANSPA DENTINE 4L1.5 50G,Ceramica De Recubrimiento
12029,VM13 TRANSPA DENTINE 4L2.5 12G,Analogo
12029,VM13 TRANSPA DENTINE 4L2.5 12G,Consumible
12029,VM13 TRANSPA DENTINE 4L2.5 12G,Ceramica De Recubrimiento
12032,VM13 TRANSPA DENTINE 4L2.5 50G,Analogo
12032,VM13 TRANSPA DENTINE 4L2.5 50G,Ceramica De Recubrimiento
12035,VM13 TRANSPA DENTINE 4M1 12G,Analogo
12035,VM13 TRANSPA DENTINE 4M1 12G,Ceramica De Recubrimiento
12038,VM13 TRANSPA DENTINE 4M1 50G,Analogo
12038,VM13 TRANSPA DENTINE 4M1 50G,Ceramica De Recubrimiento
12041,VM13 TRANSPA DENTINE 4M2 12G,Analogo
12041,VM13 TRANSPA DENTINE 4M2 12G,Consumible
12041,VM13 TRANSPA DENTINE 4M2 12G,Ceramica De Recubrimiento
12044,VM13 TRANSPA DENTINE 4M2 50G,Analogo
12044,VM13 TRANSPA DENTINE 4M2 50G,Ceramica De Recubrimiento
12047,VM13 TRANSPA DENTINE 4M3 12G,Analogo
12047,VM13 TRANSPA DENTINE 4M3 12G,Ceramica De Recubrimiento
12050,VM13 TRANSPA DENTINE 4M3 50G,Analogo
12050,VM13 TRANSPA DENTINE 4M3 50G,Ceramica De Recubrimiento
12053,VM13 TRANSPA DENTINE 4R1.5 12G,Analogo
12053,VM13 TRANSPA DENTINE 4R1.5 12G,Consumible
12053,VM13 TRANSPA DENTINE 4R1.5 12G,Ceramica De Recubrimiento
12056,VM13 TRANSPA DENTINE 4R1.5 50G,Analogo
12056,VM13 TRANSPA DENTINE 4R1.5 50G,Ceramica De Recubrimiento
12059,VM13 TRANSPA DENTINE 4R2.5 12G,Analogo
12059,VM13 TRANSPA DENTINE 4R2.5 12G,Ceramica De Recubrimiento
12062,VM13 TRANSPA DENTINE 4R2.5 50G,Analogo
12062,VM13 TRANSPA DENTINE 4R2.5 50G,Ceramica De Recubrimiento
12065,VM13 TRANSPA DENTINE 5M1 12G,Analogo
12065,VM13 TRANSPA DENTINE 5M1 12G,Ceramica De Recubrimiento
12068,VM13 TRANSPA DENTINE 5M1 50G,Analogo
12068,VM13 TRANSPA DENTINE 5M1 50G,Ceramica De Recubrimiento
12071,VM13 TRANSPA DENTINE 5M2 12G,Analogo
12071,VM13 TRANSPA DENTINE 5M2 12G,Ceramica De Recubrimiento
12074,VM13 TRANSPA DENTINE 5M2 50G,Analogo
12074,VM13 TRANSPA DENTINE 5M2 50G,Ceramica De Recubrimiento
12077,VM13 TRANSPA DENTINE 5M3 12G,Analogo
12077,VM13 TRANSPA DENTINE 5M3 12G,Ceramica De Recubrimiento
12080,VM13 TRANSPA DENTINE 5M3 50G,Analogo
12080,VM13 TRANSPA DENTINE 5M3 50G,Ceramica De Recubrimiento
12083,VM13 TRANSPA DENTINE A1 12G,Analogo
12083,VM13 TRANSPA DENTINE A1 12G,Consumible
12083,VM13 TRANSPA DENTINE A1 12G,Ceramica De Recubrimiento
12086,VM13 TRANSPA DENTINE A1 50G,Analogo
12086,VM13 TRANSPA DENTINE A1 50G,Consumible
12086,VM13 TRANSPA DENTINE A1 50G,Ceramica De Recubrimiento
12089,VM13 TRANSPA DENTINE A2 12G,Analogo
12089,VM13 TRANSPA DENTINE A2 12G,Consumible
12089,VM13 TRANSPA DENTINE A2 12G,Ceramica De Recubrimiento
12092,VM13 TRANSPA DENTINE A2 50G,Analogo
12092,VM13 TRANSPA DENTINE A2 50G,Ceramica De Recubrimiento
12092,VM13 TRANSPA DENTINE A2 50G,Consumible
12101,VM13 TRANSPA DENTINE A3 12G,Analogo
12101,VM13 TRANSPA DENTINE A3 12G,Consumible
12101,VM13 TRANSPA DENTINE A3 12G,Ceramica De Recubrimiento
12104,VM13 TRANSPA DENTINE A3 50G,Analogo
12104,VM13 TRANSPA DENTINE A3 50G,Ceramica De Recubrimiento
12095,VM13 TRANSPA DENTINE A3.5 12G,Analogo
12095,VM13 TRANSPA DENTINE A3.5 12G,Consumible
12095,VM13 TRANSPA DENTINE A3.5 12G,Ceramica De Recubrimiento
12098,VM13 TRANSPA DENTINE A3.5 50G,Analogo
12098,VM13 TRANSPA DENTINE A3.5 50G,Consumible
12098,VM13 TRANSPA DENTINE A3.5 50G,Ceramica De Recubrimiento
12107,VM13 TRANSPA DENTINE A4 12G,Analogo
12107,VM13 TRANSPA DENTINE A4 12G,Consumible
12107,VM13 TRANSPA DENTINE A4 12G,Ceramica De Recubrimiento
12110,VM13 TRANSPA DENTINE A4 50G,Analogo
12110,VM13 TRANSPA DENTINE A4 50G,Ceramica De Recubrimiento
12113,VM13 TRANSPA DENTINE B1 12G,Analogo
12113,VM13 TRANSPA DENTINE B1 12G,Consumible
12113,VM13 TRANSPA DENTINE B1 12G,Ceramica De Recubrimiento
12116,VM13 TRANSPA DENTINE B1 50G,Analogo
12116,VM13 TRANSPA DENTINE B1 50G,Consumible
12116,VM13 TRANSPA DENTINE B1 50G,Ceramica De Recubrimiento
12119,VM13 TRANSPA DENTINE B2 12G,Analogo
12119,VM13 TRANSPA DENTINE B2 12G,Consumible
12119,VM13 TRANSPA DENTINE B2 12G,Ceramica De Recubrimiento
12122,VM13 TRANSPA DENTINE B2 50G,Analogo
12122,VM13 TRANSPA DENTINE B2 50G,Ceramica De Recubrimiento
12125,VM13 TRANSPA DENTINE B3 12G,Analogo
12125,VM13 TRANSPA DENTINE B3 12G,Consumible
12125,VM13 TRANSPA DENTINE B3 12G,Ceramica De Recubrimiento
12128,VM13 TRANSPA DENTINE B3 50G,Analogo
12128,VM13 TRANSPA DENTINE B3 50G,Consumible
12128,VM13 TRANSPA DENTINE B3 50G,Ceramica De Recubrimiento
12131,VM13 TRANSPA DENTINE B4 12G,Analogo
12131,VM13 TRANSPA DENTINE B4 12G,Consumible
12131,VM13 TRANSPA DENTINE B4 12G,Ceramica De Recubrimiento
12134,VM13 TRANSPA DENTINE B4 50G,Analogo
12134,VM13 TRANSPA DENTINE B4 50G,Ceramica De Recubrimiento
12137,VM13 TRANSPA DENTINE C1 12G,Analogo
12137,VM13 TRANSPA DENTINE C1 12G,Ceramica De Recubrimiento
12140,VM13 TRANSPA DENTINE C1 50G,Analogo
12140,VM13 TRANSPA DENTINE C1 50G,Consumible
12140,VM13 TRANSPA DENTINE C1 50G,Ceramica De Recubrimiento
12143,VM13 TRANSPA DENTINE C2 12G,Analogo
12143,VM13 TRANSPA DENTINE C2 12G,Consumible
12143,VM13 TRANSPA DENTINE C2 12G,Ceramica De Recubrimiento
12146,VM13 TRANSPA DENTINE C2 50G,Analogo
12146,VM13 TRANSPA DENTINE C2 50G,Consumible
12146,VM13 TRANSPA DENTINE C2 50G,Ceramica De Recubrimiento
12149,VM13 TRANSPA DENTINE C3 12G,Analogo
12149,VM13 TRANSPA DENTINE C3 12G,Consumible
12149,VM13 TRANSPA DENTINE C3 12G,Ceramica De Recubrimiento
12152,VM13 TRANSPA DENTINE C3 50G,Analogo
12152,VM13 TRANSPA DENTINE C3 50G,Ceramica De Recubrimiento
12155,VM13 TRANSPA DENTINE C4 12G,Analogo
12155,VM13 TRANSPA DENTINE C4 12G,Ceramica De Recubrimiento
12155,VM13 TRANSPA DENTINE C4 12G,Consumible
12158,VM13 TRANSPA DENTINE C4 50G,Analogo
12158,VM13 TRANSPA DENTINE C4 50G,Ceramica De Recubrimiento
12161,VM13 TRANSPA DENTINE D2 12G,Analogo
12161,VM13 TRANSPA DENTINE D2 12G,Consumible
12161,VM13 TRANSPA DENTINE D2 12G,Ceramica De Recubrimiento
12164,VM13 TRANSPA DENTINE D2 50G,Analogo
12164,VM13 TRANSPA DENTINE D2 50G,Ceramica De Recubrimiento
12167,VM13 TRANSPA DENTINE D3 12G,Analogo
12167,VM13 TRANSPA DENTINE D3 12G,Consumible
12167,VM13 TRANSPA DENTINE D3 12G,Ceramica De Recubrimiento
12170,VM13 TRANSPA DENTINE D3 50G,Analogo
12170,VM13 TRANSPA DENTINE D3 50G,Ceramica De Recubrimiento
12173,VM13 TRANSPA DENTINE D4 12G,Analogo
12173,VM13 TRANSPA DENTINE D4 12G,Consumible
12173,VM13 TRANSPA DENTINE D4 12G,Ceramica De Recubrimiento
12176,VM13 TRANSPA DENTINE D4 50G,Analogo
12176,VM13 TRANSPA DENTINE D4 50G,Ceramica De Recubrimiento
12185,VM13 WASH OPAQUE WO 12G,Analogo
12185,VM13 WASH OPAQUE WO 12G,Ceramica De Recubrimiento
12185,VM13 WASH OPAQUE WO 12G,Consumible
12188,VM13 WASH OPAQUE WO 50G,Analogo
12188,VM13 WASH OPAQUE WO 50G,Ceramica De Recubrimiento
12179,VM13 WINDOW WIN 12G,Analogo
12179,VM13 WINDOW WIN 12G,Ceramica De Recubrimiento
12179,VM13 WINDOW WIN 12G,Consumible
12182,VM13 WINDOW WIN 50G,Analogo
12182,VM13 WINDOW WIN 50G,Ceramica De Recubrimiento
12182,VM13 WINDOW WIN 50G,Consumible
12191,VM9 ADD-ON ADD1,Analogo
12191,VM9 ADD-ON ADD1,Consumible
12191,VM9 ADD-ON ADD1,Ceramica De Recubrimiento
12194,VM9 ADD-ON ADD2,Analogo
12194,VM9 ADD-ON ADD2,Ceramica De Recubrimiento
12197,VM9 ADD-ON ADD3,Analogo
12197,VM9 ADD-ON ADD3,Consumible
12197,VM9 ADD-ON ADD3,Ceramica De Recubrimiento
12200,VM9 ADD-ON ADD4,Analogo
12200,VM9 ADD-ON ADD4,Consumible
12200,VM9 ADD-ON ADD4,Ceramica De Recubrimiento
12203,VM9 ADD-ON ADD5,Analogo
12203,VM9 ADD-ON ADD5,Consumible
12203,VM9 ADD-ON ADD5,Ceramica De Recubrimiento
12206,VM9 ADD-ON ADD6,Analogo
12206,VM9 ADD-ON ADD6,Consumible
12206,VM9 ADD-ON ADD6,Ceramica De Recubrimiento
12209,VM9 ADD-ON ADD7,Analogo
12209,VM9 ADD-ON ADD7,Consumible
12209,VM9 ADD-ON ADD7,Ceramica De Recubrimiento
12212,VM9 ADD-ON ADD8,Analogo
12212,VM9 ADD-ON ADD8,Ceramica De Recubrimiento
12221,VM9 BASE DENTINE 0M1 12G,Analogo
12221,VM9 BASE DENTINE 0M1 12G,Consumible
12221,VM9 BASE DENTINE 0M1 12G,Ceramica De Recubrimiento
12224,VM9 BASE DENTINE 0M1 50G,Analogo
12224,VM9 BASE DENTINE 0M1 50G,Ceramica De Recubrimiento
12227,VM9 BASE DENTINE 0M2 12G,Analogo
12227,VM9 BASE DENTINE 0M2 12G,Consumible
12227,VM9 BASE DENTINE 0M2 12G,Ceramica De Recubrimiento
12230,VM9 BASE DENTINE 0M2 50G,Analogo
12230,VM9 BASE DENTINE 0M2 50G,Ceramica De Recubrimiento
12233,VM9 BASE DENTINE 0M3 12G,Analogo
12233,VM9 BASE DENTINE 0M3 12G,Consumible
12233,VM9 BASE DENTINE 0M3 12G,Ceramica De Recubrimiento
12236,VM9 BASE DENTINE 0M3 50G,Analogo
12236,VM9 BASE DENTINE 0M3 50G,Ceramica De Recubrimiento
12239,VM9 BASE DENTINE 1M1 12G,Analogo
12239,VM9 BASE DENTINE 1M1 12G,Ceramica De Recubrimiento
12239,VM9 BASE DENTINE 1M1 12G,Consumible
12242,VM9 BASE DENTINE 1M1 50G,Analogo
12242,VM9 BASE DENTINE 1M1 50G,Ceramica De Recubrimiento
12245,VM9 BASE DENTINE 1M2 12G,Analogo
12245,VM9 BASE DENTINE 1M2 12G,Consumible
12245,VM9 BASE DENTINE 1M2 12G,Ceramica De Recubrimiento
12248,VM9 BASE DENTINE 1M2 50G,Analogo
12248,VM9 BASE DENTINE 1M2 50G,Ceramica De Recubrimiento
12251,VM9 BASE DENTINE 2L1.5 12G,Analogo
12251,VM9 BASE DENTINE 2L1.5 12G,Consumible
12251,VM9 BASE DENTINE 2L1.5 12G,Ceramica De Recubrimiento
12254,VM9 BASE DENTINE 2L1.5 50G,Analogo
12254,VM9 BASE DENTINE 2L1.5 50G,Ceramica De Recubrimiento
12257,VM9 BASE DENTINE 2L2.5 12G,Analogo
12257,VM9 BASE DENTINE 2L2.5 12G,Consumible
12257,VM9 BASE DENTINE 2L2.5 12G,Ceramica De Recubrimiento
12260,VM9 BASE DENTINE 2L2.5 50G,Consumible
12260,VM9 BASE DENTINE 2L2.5 50G,Analogo
12260,VM9 BASE DENTINE 2L2.5 50G,Ceramica De Recubrimiento
12263,VM9 BASE DENTINE 2M1 12G,Analogo
12263,VM9 BASE DENTINE 2M1 12G,Ceramica De Recubrimiento
12263,VM9 BASE DENTINE 2M1 12G,Consumible
12266,VM9 BASE DENTINE 2M1 50G,Analogo
12266,VM9 BASE DENTINE 2M1 50G,Consumible
12266,VM9 BASE DENTINE 2M1 50G,Ceramica De Recubrimiento
12269,VM9 BASE DENTINE 2M2 12G,Analogo
12269,VM9 BASE DENTINE 2M2 12G,Ceramica De Recubrimiento
12269,VM9 BASE DENTINE 2M2 12G,Consumible
12272,VM9 BASE DENTINE 2M2 50G,Analogo
12272,VM9 BASE DENTINE 2M2 50G,Consumible
12272,VM9 BASE DENTINE 2M2 50G,Ceramica De Recubrimiento
12275,VM9 BASE DENTINE 2M3 12G,Analogo
12275,VM9 BASE DENTINE 2M3 12G,Consumible
12275,VM9 BASE DENTINE 2M3 12G,Ceramica De Recubrimiento
12278,VM9 BASE DENTINE 2M3 50G,Analogo
12278,VM9 BASE DENTINE 2M3 50G,Ceramica De Recubrimiento
12281,VM9 BASE DENTINE 2R1.5 12G,Analogo
12281,VM9 BASE DENTINE 2R1.5 12G,Consumible
12281,VM9 BASE DENTINE 2R1.5 12G,Ceramica De Recubrimiento
12284,VM9 BASE DENTINE 2R1.5 50G,Analogo
12284,VM9 BASE DENTINE 2R1.5 50G,Ceramica De Recubrimiento
12284,VM9 BASE DENTINE 2R1.5 50G,Consumible
12287,VM9 BASE DENTINE 2R2.5 12G,Analogo
12287,VM9 BASE DENTINE 2R2.5 12G,Consumible
12287,VM9 BASE DENTINE 2R2.5 12G,Ceramica De Recubrimiento
12290,VM9 BASE DENTINE 2R2.5 50G,Analogo
12290,VM9 BASE DENTINE 2R2.5 50G,Consumible
12290,VM9 BASE DENTINE 2R2.5 50G,Ceramica De Recubrimiento
12293,VM9 BASE DENTINE 3L1.5 12G,Analogo
12293,VM9 BASE DENTINE 3L1.5 12G,Consumible
12293,VM9 BASE DENTINE 3L1.5 12G,Ceramica De Recubrimiento
12296,VM9 BASE DENTINE 3L1.5 50G,Analogo
12296,VM9 BASE DENTINE 3L1.5 50G,Ceramica De Recubrimiento
12299,VM9 BASE DENTINE 3L2.5 12G,Analogo
12299,VM9 BASE DENTINE 3L2.5 12G,Ceramica De Recubrimiento
12299,VM9 BASE DENTINE 3L2.5 12G,Consumible
12302,VM9 BASE DENTINE 3L2.5 50G,Analogo
12302,VM9 BASE DENTINE 3L2.5 50G,Ceramica De Recubrimiento
12305,VM9 BASE DENTINE 3M1 12G,Analogo
12305,VM9 BASE DENTINE 3M1 12G,Ceramica De Recubrimiento
12305,VM9 BASE DENTINE 3M1 12G,Consumible
12308,VM9 BASE DENTINE 3M1 50G,Analogo
12308,VM9 BASE DENTINE 3M1 50G,Ceramica De Recubrimiento
12311,VM9 BASE DENTINE 3M2 12G,Analogo
12311,VM9 BASE DENTINE 3M2 12G,Consumible
12311,VM9 BASE DENTINE 3M2 12G,Ceramica De Recubrimiento
12314,VM9 BASE DENTINE 3M2 50G,Analogo
12314,VM9 BASE DENTINE 3M2 50G,Ceramica De Recubrimiento
12314,VM9 BASE DENTINE 3M2 50G,Consumible
12317,VM9 BASE DENTINE 3M3 12G,Analogo
12317,VM9 BASE DENTINE 3M3 12G,Consumible
12317,VM9 BASE DENTINE 3M3 12G,Ceramica De Recubrimiento
12320,VM9 BASE DENTINE 3M3 50G,Analogo
12320,VM9 BASE DENTINE 3M3 50G,Ceramica De Recubrimiento
12323,VM9 BASE DENTINE 3R1.5 12G,Analogo
12323,VM9 BASE DENTINE 3R1.5 12G,Ceramica De Recubrimiento
12323,VM9 BASE DENTINE 3R1.5 12G,Consumible
12326,VM9 BASE DENTINE 3R1.5 50G,Analogo
12326,VM9 BASE DENTINE 3R1.5 50G,Ceramica De Recubrimiento
12329,VM9 BASE DENTINE 3R2.5 12G,Analogo
12329,VM9 BASE DENTINE 3R2.5 12G,Consumible
12329,VM9 BASE DENTINE 3R2.5 12G,Ceramica De Recubrimiento
12332,VM9 BASE DENTINE 3R2.5 50G,Analogo
12332,VM9 BASE DENTINE 3R2.5 50G,Ceramica De Recubrimiento
12335,VM9 BASE DENTINE 4L1.5 12G,Analogo
12335,VM9 BASE DENTINE 4L1.5 12G,Consumible
12335,VM9 BASE DENTINE 4L1.5 12G,Ceramica De Recubrimiento
12338,VM9 BASE DENTINE 4L1.5 50G,Analogo
12338,VM9 BASE DENTINE 4L1.5 50G,Ceramica De Recubrimiento
12341,VM9 BASE DENTINE 4L2.5 12G,Analogo
12341,VM9 BASE DENTINE 4L2.5 12G,Consumible
12341,VM9 BASE DENTINE 4L2.5 12G,Ceramica De Recubrimiento
12344,VM9 BASE DENTINE 4L2.5 50G,Analogo
12344,VM9 BASE DENTINE 4L2.5 50G,Ceramica De Recubrimiento
12344,VM9 BASE DENTINE 4L2.5 50G,Consumible
12347,VM9 BASE DENTINE 4M1 12G,Analogo
12347,VM9 BASE DENTINE 4M1 12G,Consumible
12347,VM9 BASE DENTINE 4M1 12G,Ceramica De Recubrimiento
12350,VM9 BASE DENTINE 4M1 50G,Analogo
12350,VM9 BASE DENTINE 4M1 50G,Ceramica De Recubrimiento
12353,VM9 BASE DENTINE 4M2 12G,Analogo
12353,VM9 BASE DENTINE 4M2 12G,Consumible
12353,VM9 BASE DENTINE 4M2 12G,Ceramica De Recubrimiento
12356,VM9 BASE DENTINE 4M2 50G,Analogo
12356,VM9 BASE DENTINE 4M2 50G,Ceramica De Recubrimiento
12359,VM9 BASE DENTINE 4M3 12G,Analogo
12359,VM9 BASE DENTINE 4M3 12G,Consumible
12359,VM9 BASE DENTINE 4M3 12G,Ceramica De Recubrimiento
12362,VM9 BASE DENTINE 4M3 50G,Analogo
12362,VM9 BASE DENTINE 4M3 50G,Ceramica De Recubrimiento
12365,VM9 BASE DENTINE 4R1.5 12G,Analogo
12365,VM9 BASE DENTINE 4R1.5 12G,Consumible
12365,VM9 BASE DENTINE 4R1.5 12G,Ceramica De Recubrimiento
12368,VM9 BASE DENTINE 4R1.5 50G,Analogo
12368,VM9 BASE DENTINE 4R1.5 50G,Ceramica De Recubrimiento
12371,VM9 BASE DENTINE 4R2.5 12G,Analogo
12371,VM9 BASE DENTINE 4R2.5 12G,Consumible
12371,VM9 BASE DENTINE 4R2.5 12G,Ceramica De Recubrimiento
12374,VM9 BASE DENTINE 4R2.5 50G,Analogo
12374,VM9 BASE DENTINE 4R2.5 50G,Ceramica De Recubrimiento
12377,VM9 BASE DENTINE 5M1 12G,Analogo
12377,VM9 BASE DENTINE 5M1 12G,Consumible
12377,VM9 BASE DENTINE 5M1 12G,Ceramica De Recubrimiento
12380,VM9 BASE DENTINE 5M1 50G,Analogo
12380,VM9 BASE DENTINE 5M1 50G,Ceramica De Recubrimiento
12383,VM9 BASE DENTINE 5M2 12G,Analogo
12383,VM9 BASE DENTINE 5M2 12G,Consumible
12383,VM9 BASE DENTINE 5M2 12G,Ceramica De Recubrimiento
12386,VM9 BASE DENTINE 5M2 50G,Analogo
12386,VM9 BASE DENTINE 5M2 50G,Ceramica De Recubrimiento
12389,VM9 BASE DENTINE 5M3 12G,Analogo
12389,VM9 BASE DENTINE 5M3 12G,Consumible
12389,VM9 BASE DENTINE 5M3 12G,Ceramica De Recubrimiento
12392,VM9 BASE DENTINE 5M3 50G,Analogo
12392,VM9 BASE DENTINE 5M3 50G,Ceramica De Recubrimiento
12395,VM9 BASE DENTINE A1 12G,Analogo
12395,VM9 BASE DENTINE A1 12G,Consumible
12395,VM9 BASE DENTINE A1 12G,Ceramica De Recubrimiento
12398,VM9 BASE DENTINE A1 50G,Analogo
12398,VM9 BASE DENTINE A1 50G,Consumible
12398,VM9 BASE DENTINE A1 50G,Ceramica De Recubrimiento
12401,VM9 BASE DENTINE A2 12G,Analogo
12401,VM9 BASE DENTINE A2 12G,Consumible
12401,VM9 BASE DENTINE A2 12G,Ceramica De Recubrimiento
12404,VM9 BASE DENTINE A2 50G,Analogo
12404,VM9 BASE DENTINE A2 50G,Consumible
12404,VM9 BASE DENTINE A2 50G,Ceramica De Recubrimiento
12413,VM9 BASE DENTINE A3 12G,Analogo
12413,VM9 BASE DENTINE A3 12G,Consumible
12413,VM9 BASE DENTINE A3 12G,Ceramica De Recubrimiento
12416,VM9 BASE DENTINE A3 50G,Analogo
12416,VM9 BASE DENTINE A3 50G,Consumible
12416,VM9 BASE DENTINE A3 50G,Ceramica De Recubrimiento
12407,VM9 BASE DENTINE A3.5 12G,Analogo
12407,VM9 BASE DENTINE A3.5 12G,Consumible
12407,VM9 BASE DENTINE A3.5 12G,Ceramica De Recubrimiento
12410,VM9 BASE DENTINE A3.5 50G,Analogo
12410,VM9 BASE DENTINE A3.5 50G,Consumible
12410,VM9 BASE DENTINE A3.5 50G,Ceramica De Recubrimiento
12419,VM9 BASE DENTINE A4 12G,Analogo
12419,VM9 BASE DENTINE A4 12G,Consumible
12419,VM9 BASE DENTINE A4 12G,Ceramica De Recubrimiento
12422,VM9 BASE DENTINE A4 50G,Analogo
12422,VM9 BASE DENTINE A4 50G,Consumible
12422,VM9 BASE DENTINE A4 50G,Ceramica De Recubrimiento
12425,VM9 BASE DENTINE B1 12G,Analogo
12425,VM9 BASE DENTINE B1 12G,Consumible
12425,VM9 BASE DENTINE B1 12G,Ceramica De Recubrimiento
12428,VM9 BASE DENTINE B1 50G,Analogo
12428,VM9 BASE DENTINE B1 50G,Ceramica De Recubrimiento
12431,VM9 BASE DENTINE B2 12G,Analogo
12431,VM9 BASE DENTINE B2 12G,Consumible
12431,VM9 BASE DENTINE B2 12G,Ceramica De Recubrimiento
12434,VM9 BASE DENTINE B2 50G,Analogo
12434,VM9 BASE DENTINE B2 50G,Ceramica De Recubrimiento
12437,VM9 BASE DENTINE B3 12G,Analogo
12437,VM9 BASE DENTINE B3 12G,Consumible
12437,VM9 BASE DENTINE B3 12G,Ceramica De Recubrimiento
12440,VM9 BASE DENTINE B3 50G,Analogo
12440,VM9 BASE DENTINE B3 50G,Ceramica De Recubrimiento
12443,VM9 BASE DENTINE B4 12G,Analogo
12443,VM9 BASE DENTINE B4 12G,Ceramica De Recubrimiento
12446,VM9 BASE DENTINE B4 50G,Analogo
12446,VM9 BASE DENTINE B4 50G,Ceramica De Recubrimiento
12449,VM9 BASE DENTINE C1 12G,Analogo
12449,VM9 BASE DENTINE C1 12G,Ceramica De Recubrimiento
12452,VM9 BASE DENTINE C1 50G,Analogo
12452,VM9 BASE DENTINE C1 50G,Ceramica De Recubrimiento
12455,VM9 BASE DENTINE C2 12G,Analogo
12455,VM9 BASE DENTINE C2 12G,Consumible
12455,VM9 BASE DENTINE C2 12G,Ceramica De Recubrimiento
12458,VM9 BASE DENTINE C2 50G,Analogo
12458,VM9 BASE DENTINE C2 50G,Ceramica De Recubrimiento
12461,VM9 BASE DENTINE C3 12G,Analogo
12461,VM9 BASE DENTINE C3 12G,Consumible
12461,VM9 BASE DENTINE C3 12G,Ceramica De Recubrimiento
12464,VM9 BASE DENTINE C3 50G,Analogo
12464,VM9 BASE DENTINE C3 50G,Ceramica De Recubrimiento
12467,VM9 BASE DENTINE C4 12G,Analogo
12467,VM9 BASE DENTINE C4 12G,Consumible
12467,VM9 BASE DENTINE C4 12G,Ceramica De Recubrimiento
12470,VM9 BASE DENTINE C4 50G,Analogo
12470,VM9 BASE DENTINE C4 50G,Ceramica De Recubrimiento
12473,VM9 BASE DENTINE D2 12G,Analogo
12473,VM9 BASE DENTINE D2 12G,Consumible
12473,VM9 BASE DENTINE D2 12G,Ceramica De Recubrimiento
12476,VM9 BASE DENTINE D2 50G,Analogo
12476,VM9 BASE DENTINE D2 50G,Ceramica De Recubrimiento
12479,VM9 BASE DENTINE D3 12G,Analogo
12479,VM9 BASE DENTINE D3 12G,Consumible
12479,VM9 BASE DENTINE D3 12G,Ceramica De Recubrimiento
12482,VM9 BASE DENTINE D3 50G,Analogo
12482,VM9 BASE DENTINE D3 50G,Ceramica De Recubrimiento
12485,VM9 BASE DENTINE D4 12G,Analogo
12485,VM9 BASE DENTINE D4 12G,Ceramica De Recubrimiento
12488,VM9 BASE DENTINE D4 50G,Analogo
12488,VM9 BASE DENTINE D4 50G,Ceramica De Recubrimiento
12215,VM9 BASIC KIT 3D MASTER,Analogo
12215,VM9 BASIC KIT 3D MASTER,Ceramica De Recubrimiento
12218,VM9 BASIC KIT SMALL,Analogo
12218,VM9 BASIC KIT SMALL,Ceramica De Recubrimiento
12218,VM9 BASIC KIT SMALL,Kit Small
12491,VM9 BUILD UP SMALL KIT (3D),Analogo
12491,VM9 BUILD UP SMALL KIT (3D),Ceramica De Recubrimiento
86549,VM9 BUILD UP SMALL KIT CLASSICAL,Analogo
86549,VM9 BUILD UP SMALL KIT CLASSICAL,Ceramica De Recubrimiento
86549,VM9 BUILD UP SMALL KIT CLASSICAL,Consumible
12503,VM9 CHROMA PLUS CP1,Analogo
12503,VM9 CHROMA PLUS CP1,Ceramica De Recubrimiento
12506,VM9 CHROMA PLUS CP2,Analogo
12506,VM9 CHROMA PLUS CP2,Consumible
12506,VM9 CHROMA PLUS CP2,Ceramica De Recubrimiento
12509,VM9 CHROMA PLUS CP3,Analogo
12509,VM9 CHROMA PLUS CP3,Ceramica De Recubrimiento
12509,VM9 CHROMA PLUS CP3,Consumible
12512,VM9 CHROMA PLUS CP4,Analogo
12512,VM9 CHROMA PLUS CP4,Ceramica De Recubrimiento
12512,VM9 CHROMA PLUS CP4,Consumible
12515,VM9 CHROMA PLUS CP5,Analogo
12515,VM9 CHROMA PLUS CP5,Consumible
12515,VM9 CHROMA PLUS CP5,Ceramica De Recubrimiento
12494,VM9 CORRECTIVE COR1,Analogo
12494,VM9 CORRECTIVE COR1,Consumible
12494,VM9 CORRECTIVE COR1,Ceramica De Recubrimiento
12497,VM9 CORRECTIVE COR2,Analogo
12497,VM9 CORRECTIVE COR2,Ceramica De Recubrimiento
12497,VM9 CORRECTIVE COR2,Consumible
12500,VM9 CORRECTIVE COR3,Analogo
12500,VM9 CORRECTIVE COR3,Ceramica De Recubrimiento
12518,VM9 EFFECT BONDER EB0,Analogo
12518,VM9 EFFECT BONDER EB0,Ceramica De Recubrimiento
12521,VM9 EFFECT BONDER EB1,Analogo
12521,VM9 EFFECT BONDER EB1,Ceramica De Recubrimiento
12524,VM9 EFFECT BONDER EB2,Analogo
12524,VM9 EFFECT BONDER EB2,Ceramica De Recubrimiento
12527,VM9 EFFECT BONDER EB3,Analogo
12527,VM9 EFFECT BONDER EB3,Ceramica De Recubrimiento
12530,VM9 EFFECT BONDER EB4,Analogo
12530,VM9 EFFECT BONDER EB4,Ceramica De Recubrimiento
12533,VM9 EFFECT BONDER EB5,Analogo
12533,VM9 EFFECT BONDER EB5,Ceramica De Recubrimiento
12536,VM9 EFFECT CHROMA EC1,Analogo
12536,VM9 EFFECT CHROMA EC1,Consumible
12536,VM9 EFFECT CHROMA EC1,Ceramica De Recubrimiento
12539,VM9 EFFECT CHROMA EC10,Analogo
12539,VM9 EFFECT CHROMA EC10,Ceramica De Recubrimiento
12542,VM9 EFFECT CHROMA EC11,Analogo
12542,VM9 EFFECT CHROMA EC11,Consumible
12542,VM9 EFFECT CHROMA EC11,Ceramica De Recubrimiento
12545,VM9 EFFECT CHROMA EC2,Analogo
12545,VM9 EFFECT CHROMA EC2,Ceramica De Recubrimiento
12548,VM9 EFFECT CHROMA EC3,Analogo
12548,VM9 EFFECT CHROMA EC3,Consumible
12548,VM9 EFFECT CHROMA EC3,Ceramica De Recubrimiento
12551,VM9 EFFECT CHROMA EC4,Analogo
12551,VM9 EFFECT CHROMA EC4,Ceramica De Recubrimiento
12551,VM9 EFFECT CHROMA EC4,Consumible
12554,VM9 EFFECT CHROMA EC5,Analogo
12554,VM9 EFFECT CHROMA EC5,Consumible
12554,VM9 EFFECT CHROMA EC5,Ceramica De Recubrimiento
12557,VM9 EFFECT CHROMA EC6,Analogo
12557,VM9 EFFECT CHROMA EC6,Consumible
12557,VM9 EFFECT CHROMA EC6,Ceramica De Recubrimiento
12560,VM9 EFFECT CHROMA EC7,Analogo
12560,VM9 EFFECT CHROMA EC7,Ceramica De Recubrimiento
12563,VM9 EFFECT CHROMA EC8,Analogo
12563,VM9 EFFECT CHROMA EC8,Ceramica De Recubrimiento
12566,VM9 EFFECT CHROMA EC9,Analogo
12566,VM9 EFFECT CHROMA EC9,Consumible
12566,VM9 EFFECT CHROMA EC9,Ceramica De Recubrimiento
12569,VM9 EFFECT ENAMEL EE1,Consumible
12569,VM9 EFFECT ENAMEL EE1,Analogo
12569,VM9 EFFECT ENAMEL EE1,Ceramica De Recubrimiento
12572,VM9 EFFECT ENAMEL EE10,Analogo
12572,VM9 EFFECT ENAMEL EE10,Ceramica De Recubrimiento
12575,VM9 EFFECT ENAMEL EE11,Analogo
12575,VM9 EFFECT ENAMEL EE11,Consumible
12575,VM9 EFFECT ENAMEL EE11,Ceramica De Recubrimiento
12578,VM9 EFFECT ENAMEL EE2,Consumible
12578,VM9 EFFECT ENAMEL EE2,Analogo
12578,VM9 EFFECT ENAMEL EE2,Ceramica De Recubrimiento
12581,VM9 EFFECT ENAMEL EE3,Analogo
12581,VM9 EFFECT ENAMEL EE3,Consumible
12581,VM9 EFFECT ENAMEL EE3,Ceramica De Recubrimiento
12584,VM9 EFFECT ENAMEL EE4,Analogo
12584,VM9 EFFECT ENAMEL EE4,Ceramica De Recubrimiento
12584,VM9 EFFECT ENAMEL EE4,Consumible
12587,VM9 EFFECT ENAMEL EE5,Analogo
12587,VM9 EFFECT ENAMEL EE5,Ceramica De Recubrimiento
12590,VM9 EFFECT ENAMEL EE6,Analogo
12590,VM9 EFFECT ENAMEL EE6,Consumible
12590,VM9 EFFECT ENAMEL EE6,Ceramica De Recubrimiento
12593,VM9 EFFECT ENAMEL EE7,Analogo
12593,VM9 EFFECT ENAMEL EE7,Ceramica De Recubrimiento
12596,VM9 EFFECT ENAMEL EE8,Analogo
12596,VM9 EFFECT ENAMEL EE8,Ceramica De Recubrimiento
12599,VM9 EFFECT ENAMEL EE9,Analogo
12599,VM9 EFFECT ENAMEL EE9,Consumible
12599,VM9 EFFECT ENAMEL EE9,Ceramica De Recubrimiento
12602,VM9 EFFECT LINER EL1,Analogo
12602,VM9 EFFECT LINER EL1,Consumible
12602,VM9 EFFECT LINER EL1,Ceramica De Recubrimiento
12605,VM9 EFFECT LINER EL2,Analogo
12605,VM9 EFFECT LINER EL2,Consumible
12605,VM9 EFFECT LINER EL2,Ceramica De Recubrimiento
12608,VM9 EFFECT LINER EL3,Analogo
12608,VM9 EFFECT LINER EL3,Ceramica De Recubrimiento
12611,VM9 EFFECT LINER EL4,Analogo
12611,VM9 EFFECT LINER EL4,Consumible
12611,VM9 EFFECT LINER EL4,Ceramica De Recubrimiento
12614,VM9 EFFECT LINER EL5,Analogo
12614,VM9 EFFECT LINER EL5,Ceramica De Recubrimiento
12617,VM9 EFFECT LINER EL6,Analogo
12617,VM9 EFFECT LINER EL6,Ceramica De Recubrimiento
12632,VM9 EFFECT OPAL EO1,Analogo
12632,VM9 EFFECT OPAL EO1,Consumible
12632,VM9 EFFECT OPAL EO1,Ceramica De Recubrimiento
12635,VM9 EFFECT OPAL EO2,Analogo
12635,VM9 EFFECT OPAL EO2,Consumible
12635,VM9 EFFECT OPAL EO2,Ceramica De Recubrimiento
12638,VM9 EFFECT OPAL EO3,Analogo
12638,VM9 EFFECT OPAL EO3,Consumible
12638,VM9 EFFECT OPAL EO3,Ceramica De Recubrimiento
12641,VM9 EFFECT OPAL EO4,Analogo
12641,VM9 EFFECT OPAL EO4,Ceramica De Recubrimiento
12644,VM9 EFFECT OPAL EO5,Analogo
12644,VM9 EFFECT OPAL EO5,Ceramica De Recubrimiento
12647,VM9 EFFECT PEARL EP1,Analogo
12647,VM9 EFFECT PEARL EP1,Consumible
12647,VM9 EFFECT PEARL EP1,Ceramica De Recubrimiento
12650,VM9 EFFECT PEARL EP2,Analogo
12650,VM9 EFFECT PEARL EP2,Ceramica De Recubrimiento
12653,VM9 EFFECT PEARL EP3,Analogo
12653,VM9 EFFECT PEARL EP3,Ceramica De Recubrimiento
12620,VM9 ENAMEL END 12G,Analogo
12620,VM9 ENAMEL END 12G,Ceramica De Recubrimiento
12620,VM9 ENAMEL END 12G,Consumible
12623,VM9 ENAMEL END 50G,Analogo
12623,VM9 ENAMEL END 50G,Ceramica De Recubrimiento
12623,VM9 ENAMEL END 50G,Consumible
12626,VM9 ENAMEL ENL 12G,Analogo
12626,VM9 ENAMEL ENL 12G,Consumible
12626,VM9 ENAMEL ENL 12G,Ceramica De Recubrimiento
12629,VM9 ENAMEL ENL 50G,Analogo
12629,VM9 ENAMEL ENL 50G,Consumible
12629,VM9 ENAMEL ENL 50G,Ceramica De Recubrimiento
12656,VM9 GINGIVA G1,Analogo
12656,VM9 GINGIVA G1,Consumible
12656,VM9 GINGIVA G1,Ceramica De Recubrimiento
12659,VM9 GINGIVA G2,Analogo
12659,VM9 GINGIVA G2,Consumible
12659,VM9 GINGIVA G2,Ceramica De Recubrimiento
12662,VM9 GINGIVA G3,Analogo
12662,VM9 GINGIVA G3,Consumible
12662,VM9 GINGIVA G3,Ceramica De Recubrimiento
12665,VM9 GINGIVA G4,Analogo
12665,VM9 GINGIVA G4,Consumible
12665,VM9 GINGIVA G4,Ceramica De Recubrimiento
12668,VM9 GINGIVA G5,Analogo
12668,VM9 GINGIVA G5,Consumible
12668,VM9 GINGIVA G5,Ceramica De Recubrimiento
12671,VM9 GINGIVA KIT,Analogo
12671,VM9 GINGIVA KIT,Ceramica De Recubrimiento
12671,VM9 GINGIVA KIT,Consumible
12692,VM9 MAMELON MM1,Analogo
12692,VM9 MAMELON MM1,Consumible
12692,VM9 MAMELON MM1,Ceramica De Recubrimiento
12695,VM9 MAMELON MM2,Analogo
12695,VM9 MAMELON MM2,Consumible
12695,VM9 MAMELON MM2,Ceramica De Recubrimiento
12698,VM9 MAMELON MM3,Analogo
12698,VM9 MAMELON MM3,Ceramica De Recubrimiento
86554,VM9 MARGIN KIT,Analogo
86554,VM9 MARGIN KIT,Ceramica De Recubrimiento
12674,VM9 MARGIN M1,Analogo
12674,VM9 MARGIN M1,Ceramica De Recubrimiento
12677,VM9 MARGIN M4,Analogo
12677,VM9 MARGIN M4,Ceramica De Recubrimiento
12680,VM9 MARGIN M5,Analogo
12680,VM9 MARGIN M5,Consumible
12680,VM9 MARGIN M5,Ceramica De Recubrimiento
12683,VM9 MARGIN M7,Analogo
12683,VM9 MARGIN M7,Ceramica De Recubrimiento
12686,VM9 MARGIN M8,Analogo
12686,VM9 MARGIN M8,Consumible
12686,VM9 MARGIN M8,Ceramica De Recubrimiento
12689,VM9 MARGIN M9,Analogo
12689,VM9 MARGIN M9,Ceramica De Recubrimiento
12701,VM9 NEUTRAL NT 12G,Analogo
12701,VM9 NEUTRAL NT 12G,Ceramica De Recubrimiento
12701,VM9 NEUTRAL NT 12G,Consumible
12704,VM9 NEUTRAL NT 50G,Analogo
12704,VM9 NEUTRAL NT 50G,Consumible
12704,VM9 NEUTRAL NT 50G,Ceramica De Recubrimiento
12707,VM9 PROFESSIONAL KIT,Analogo
12707,VM9 PROFESSIONAL KIT,Ceramica De Recubrimiento
12710,VM9 SUN DENTINE SD1,Analogo
12710,VM9 SUN DENTINE SD1,Consumible
12710,VM9 SUN DENTINE SD1,Ceramica De Recubrimiento
12713,VM9 SUN DENTINE SD2,Analogo
12713,VM9 SUN DENTINE SD2,Consumible
12713,VM9 SUN DENTINE SD2,Ceramica De Recubrimiento
12716,VM9 SUN DENTINE SD3,Analogo
12716,VM9 SUN DENTINE SD3,Ceramica De Recubrimiento
12719,VM9 TRANSPA DENTINE 0M1 12G,Analogo
12719,VM9 TRANSPA DENTINE 0M1 12G,Consumible
12719,VM9 TRANSPA DENTINE 0M1 12G,Ceramica De Recubrimiento
12722,VM9 TRANSPA DENTINE 0M1 50G,Analogo
12722,VM9 TRANSPA DENTINE 0M1 50G,Ceramica De Recubrimiento
12725,VM9 TRANSPA DENTINE 0M2 12G,Analogo
12725,VM9 TRANSPA DENTINE 0M2 12G,Ceramica De Recubrimiento
12728,VM9 TRANSPA DENTINE 0M2 50G,Analogo
12728,VM9 TRANSPA DENTINE 0M2 50G,Ceramica De Recubrimiento
12731,VM9 TRANSPA DENTINE 0M3 12G,Analogo
12731,VM9 TRANSPA DENTINE 0M3 12G,Consumible
12731,VM9 TRANSPA DENTINE 0M3 12G,Ceramica De Recubrimiento
12734,VM9 TRANSPA DENTINE 0M3 50G,Analogo
12734,VM9 TRANSPA DENTINE 0M3 50G,Ceramica De Recubrimiento
12737,VM9 TRANSPA DENTINE 1M1 12G,Analogo
12737,VM9 TRANSPA DENTINE 1M1 12G,Consumible
12737,VM9 TRANSPA DENTINE 1M1 12G,Ceramica De Recubrimiento
12740,VM9 TRANSPA DENTINE 1M1 50G,Analogo
12740,VM9 TRANSPA DENTINE 1M1 50G,Consumible
12740,VM9 TRANSPA DENTINE 1M1 50G,Ceramica De Recubrimiento
12743,VM9 TRANSPA DENTINE 1M2 12G,Analogo
12743,VM9 TRANSPA DENTINE 1M2 12G,Consumible
12743,VM9 TRANSPA DENTINE 1M2 12G,Ceramica De Recubrimiento
12746,VM9 TRANSPA DENTINE 1M2 50G,Analogo
12746,VM9 TRANSPA DENTINE 1M2 50G,Ceramica De Recubrimiento
12749,VM9 TRANSPA DENTINE 2L1.5 12G,Analogo
12749,VM9 TRANSPA DENTINE 2L1.5 12G,Consumible
12749,VM9 TRANSPA DENTINE 2L1.5 12G,Ceramica De Recubrimiento
12752,VM9 TRANSPA DENTINE 2L1.5 50G,Analogo
12752,VM9 TRANSPA DENTINE 2L1.5 50G,Ceramica De Recubrimiento
12755,VM9 TRANSPA DENTINE 2L2.5 12G,Analogo
12755,VM9 TRANSPA DENTINE 2L2.5 12G,Ceramica De Recubrimiento
12758,VM9 TRANSPA DENTINE 2L2.5 50G,Analogo
12758,VM9 TRANSPA DENTINE 2L2.5 50G,Ceramica De Recubrimiento
12761,VM9 TRANSPA DENTINE 2M1 12G,Analogo
12761,VM9 TRANSPA DENTINE 2M1 12G,Consumible
12761,VM9 TRANSPA DENTINE 2M1 12G,Ceramica De Recubrimiento
12764,VM9 TRANSPA DENTINE 2M1 50G,Analogo
12764,VM9 TRANSPA DENTINE 2M1 50G,Consumible
12764,VM9 TRANSPA DENTINE 2M1 50G,Ceramica De Recubrimiento
12767,VM9 TRANSPA DENTINE 2M2 12G,Analogo
12767,VM9 TRANSPA DENTINE 2M2 12G,Consumible
12767,VM9 TRANSPA DENTINE 2M2 12G,Ceramica De Recubrimiento
12770,VM9 TRANSPA DENTINE 2M2 50G,Analogo
12770,VM9 TRANSPA DENTINE 2M2 50G,Consumible
12770,VM9 TRANSPA DENTINE 2M2 50G,Ceramica De Recubrimiento
12773,VM9 TRANSPA DENTINE 2M3 12G,Analogo
12773,VM9 TRANSPA DENTINE 2M3 12G,Consumible
12773,VM9 TRANSPA DENTINE 2M3 12G,Ceramica De Recubrimiento
12776,VM9 TRANSPA DENTINE 2M3 50G,Analogo
12776,VM9 TRANSPA DENTINE 2M3 50G,Ceramica De Recubrimiento
12779,VM9 TRANSPA DENTINE 2R1.5 12G,Analogo
12779,VM9 TRANSPA DENTINE 2R1.5 12G,Consumible
12779,VM9 TRANSPA DENTINE 2R1.5 12G,Ceramica De Recubrimiento
12782,VM9 TRANSPA DENTINE 2R1.5 50G,Analogo
12782,VM9 TRANSPA DENTINE 2R1.5 50G,Ceramica De Recubrimiento
12785,VM9 TRANSPA DENTINE 2R2.5 12G,Analogo
12785,VM9 TRANSPA DENTINE 2R2.5 12G,Ceramica De Recubrimiento
12788,VM9 TRANSPA DENTINE 2R2.5 50G,Analogo
12788,VM9 TRANSPA DENTINE 2R2.5 50G,Consumible
12788,VM9 TRANSPA DENTINE 2R2.5 50G,Ceramica De Recubrimiento
12791,VM9 TRANSPA DENTINE 3L1.5 12G,Analogo
12791,VM9 TRANSPA DENTINE 3L1.5 12G,Consumible
12791,VM9 TRANSPA DENTINE 3L1.5 12G,Ceramica De Recubrimiento
12794,VM9 TRANSPA DENTINE 3L1.5 50G,Analogo
12794,VM9 TRANSPA DENTINE 3L1.5 50G,Ceramica De Recubrimiento
12797,VM9 TRANSPA DENTINE 3L2.5 12G,Analogo
12797,VM9 TRANSPA DENTINE 3L2.5 12G,Ceramica De Recubrimiento
12800,VM9 TRANSPA DENTINE 3L2.5 50G,Analogo
12800,VM9 TRANSPA DENTINE 3L2.5 50G,Ceramica De Recubrimiento
12803,VM9 TRANSPA DENTINE 3M1 12G,Analogo
12803,VM9 TRANSPA DENTINE 3M1 12G,Consumible
12803,VM9 TRANSPA DENTINE 3M1 12G,Ceramica De Recubrimiento
12806,VM9 TRANSPA DENTINE 3M1 50G,Analogo
12806,VM9 TRANSPA DENTINE 3M1 50G,Ceramica De Recubrimiento
12809,VM9 TRANSPA DENTINE 3M2 12G,Analogo
12809,VM9 TRANSPA DENTINE 3M2 12G,Consumible
12809,VM9 TRANSPA DENTINE 3M2 12G,Ceramica De Recubrimiento
12812,VM9 TRANSPA DENTINE 3M2 50G,Analogo
12812,VM9 TRANSPA DENTINE 3M2 50G,Consumible
12812,VM9 TRANSPA DENTINE 3M2 50G,Ceramica De Recubrimiento
12815,VM9 TRANSPA DENTINE 3M3 12G,Analogo
12815,VM9 TRANSPA DENTINE 3M3 12G,Consumible
12815,VM9 TRANSPA DENTINE 3M3 12G,Ceramica De Recubrimiento
12818,VM9 TRANSPA DENTINE 3M3 50G,Analogo
12818,VM9 TRANSPA DENTINE 3M3 50G,Ceramica De Recubrimiento
12821,VM9 TRANSPA DENTINE 3R1.5 12G,Analogo
12821,VM9 TRANSPA DENTINE 3R1.5 12G,Consumible
12821,VM9 TRANSPA DENTINE 3R1.5 12G,Ceramica De Recubrimiento
12824,VM9 TRANSPA DENTINE 3R1.5 50G,Analogo
12824,VM9 TRANSPA DENTINE 3R1.5 50G,Ceramica De Recubrimiento
12827,VM9 TRANSPA DENTINE 3R2.5 12G,Analogo
12827,VM9 TRANSPA DENTINE 3R2.5 12G,Consumible
12827,VM9 TRANSPA DENTINE 3R2.5 12G,Ceramica De Recubrimiento
12830,VM9 TRANSPA DENTINE 3R2.5 50G,Analogo
12830,VM9 TRANSPA DENTINE 3R2.5 50G,Consumible
12830,VM9 TRANSPA DENTINE 3R2.5 50G,Ceramica De Recubrimiento
12833,VM9 TRANSPA DENTINE 4L1.5 12G,Analogo
12833,VM9 TRANSPA DENTINE 4L1.5 12G,Consumible
12833,VM9 TRANSPA DENTINE 4L1.5 12G,Ceramica De Recubrimiento
12836,VM9 TRANSPA DENTINE 4L1.5 50G,Analogo
12836,VM9 TRANSPA DENTINE 4L1.5 50G,Ceramica De Recubrimiento
12839,VM9 TRANSPA DENTINE 4L2.5 12G,Analogo
12839,VM9 TRANSPA DENTINE 4L2.5 12G,Ceramica De Recubrimiento
12842,VM9 TRANSPA DENTINE 4L2.5 50G,Analogo
12842,VM9 TRANSPA DENTINE 4L2.5 50G,Ceramica De Recubrimiento
12845,VM9 TRANSPA DENTINE 4M1 12G,Analogo
12845,VM9 TRANSPA DENTINE 4M1 12G,Consumible
12845,VM9 TRANSPA DENTINE 4M1 12G,Ceramica De Recubrimiento
12848,VM9 TRANSPA DENTINE 4M1 50G,Analogo
12848,VM9 TRANSPA DENTINE 4M1 50G,Ceramica De Recubrimiento
12851,VM9 TRANSPA DENTINE 4M2 12G,Analogo
12851,VM9 TRANSPA DENTINE 4M2 12G,Consumible
12851,VM9 TRANSPA DENTINE 4M2 12G,Ceramica De Recubrimiento
12854,VM9 TRANSPA DENTINE 4M2 50G,Analogo
12854,VM9 TRANSPA DENTINE 4M2 50G,Ceramica De Recubrimiento
12857,VM9 TRANSPA DENTINE 4M3 12G,Analogo
12857,VM9 TRANSPA DENTINE 4M3 12G,Consumible
12857,VM9 TRANSPA DENTINE 4M3 12G,Ceramica De Recubrimiento
12860,VM9 TRANSPA DENTINE 4M3 50G,Analogo
12860,VM9 TRANSPA DENTINE 4M3 50G,Ceramica De Recubrimiento
12863,VM9 TRANSPA DENTINE 4R1.5 12G,Analogo
12863,VM9 TRANSPA DENTINE 4R1.5 12G,Ceramica De Recubrimiento
12866,VM9 TRANSPA DENTINE 4R1.5 50G,Analogo
12866,VM9 TRANSPA DENTINE 4R1.5 50G,Ceramica De Recubrimiento
12869,VM9 TRANSPA DENTINE 4R2.5 12G,Analogo
12869,VM9 TRANSPA DENTINE 4R2.5 12G,Ceramica De Recubrimiento
12872,VM9 TRANSPA DENTINE 4R2.5 50G,Analogo
12872,VM9 TRANSPA DENTINE 4R2.5 50G,Ceramica De Recubrimiento
12875,VM9 TRANSPA DENTINE 5M1 12G,Analogo
12875,VM9 TRANSPA DENTINE 5M1 12G,Ceramica De Recubrimiento
12875,VM9 TRANSPA DENTINE 5M1 12G,Consumible
12878,VM9 TRANSPA DENTINE 5M1 50G,Analogo
12878,VM9 TRANSPA DENTINE 5M1 50G,Ceramica De Recubrimiento
12881,VM9 TRANSPA DENTINE 5M2 12G,Analogo
12881,VM9 TRANSPA DENTINE 5M2 12G,Ceramica De Recubrimiento
12884,VM9 TRANSPA DENTINE 5M2 50G,Analogo
12884,VM9 TRANSPA DENTINE 5M2 50G,Ceramica De Recubrimiento
12887,VM9 TRANSPA DENTINE 5M3 12G,Analogo
12887,VM9 TRANSPA DENTINE 5M3 12G,Ceramica De Recubrimiento
12890,VM9 TRANSPA DENTINE 5M3 50G,Analogo
12890,VM9 TRANSPA DENTINE 5M3 50G,Ceramica De Recubrimiento
12893,VM9 TRANSPA DENTINE A1 12G,Analogo
12893,VM9 TRANSPA DENTINE A1 12G,Ceramica De Recubrimiento
12893,VM9 TRANSPA DENTINE A1 12G,Consumible
12896,VM9 TRANSPA DENTINE A1 50G,Analogo
12896,VM9 TRANSPA DENTINE A1 50G,Ceramica De Recubrimiento
12899,VM9 TRANSPA DENTINE A2 12G,Analogo
12899,VM9 TRANSPA DENTINE A2 12G,Consumible
12899,VM9 TRANSPA DENTINE A2 12G,Ceramica De Recubrimiento
12902,VM9 TRANSPA DENTINE A2 50G,Analogo
12902,VM9 TRANSPA DENTINE A2 50G,Consumible
12902,VM9 TRANSPA DENTINE A2 50G,Ceramica De Recubrimiento
12911,VM9 TRANSPA DENTINE A3 12G,Analogo
12911,VM9 TRANSPA DENTINE A3 12G,Consumible
12911,VM9 TRANSPA DENTINE A3 12G,Ceramica De Recubrimiento
12914,VM9 TRANSPA DENTINE A3 50G,Analogo
12914,VM9 TRANSPA DENTINE A3 50G,Ceramica De Recubrimiento
12905,VM9 TRANSPA DENTINE A3.5 12G,Analogo
12905,VM9 TRANSPA DENTINE A3.5 12G,Ceramica De Recubrimiento
12905,VM9 TRANSPA DENTINE A3.5 12G,Consumible
12908,VM9 TRANSPA DENTINE A3.5 50G,Analogo
12908,VM9 TRANSPA DENTINE A3.5 50G,Ceramica De Recubrimiento
12917,VM9 TRANSPA DENTINE A4 12G,Analogo
12917,VM9 TRANSPA DENTINE A4 12G,Consumible
12917,VM9 TRANSPA DENTINE A4 12G,Ceramica De Recubrimiento
12920,VM9 TRANSPA DENTINE A4 50G,Analogo
12920,VM9 TRANSPA DENTINE A4 50G,Ceramica De Recubrimiento
12923,VM9 TRANSPA DENTINE B1 12G,Analogo
12923,VM9 TRANSPA DENTINE B1 12G,Ceramica De Recubrimiento
12926,VM9 TRANSPA DENTINE B1 50G,Analogo
12926,VM9 TRANSPA DENTINE B1 50G,Ceramica De Recubrimiento
12929,VM9 TRANSPA DENTINE B2 12G,Analogo
12929,VM9 TRANSPA DENTINE B2 12G,Consumible
12929,VM9 TRANSPA DENTINE B2 12G,Ceramica De Recubrimiento
12932,VM9 TRANSPA DENTINE B2 50G,Analogo
12932,VM9 TRANSPA DENTINE B2 50G,Ceramica De Recubrimiento
12935,VM9 TRANSPA DENTINE B3 12G,Analogo
12935,VM9 TRANSPA DENTINE B3 12G,Consumible
12935,VM9 TRANSPA DENTINE B3 12G,Ceramica De Recubrimiento
12938,VM9 TRANSPA DENTINE B3 50G,Analogo
12938,VM9 TRANSPA DENTINE B3 50G,Ceramica De Recubrimiento
12941,VM9 TRANSPA DENTINE B4 12G,Analogo
12941,VM9 TRANSPA DENTINE B4 12G,Consumible
12941,VM9 TRANSPA DENTINE B4 12G,Ceramica De Recubrimiento
12944,VM9 TRANSPA DENTINE B4 50G,Analogo
12944,VM9 TRANSPA DENTINE B4 50G,Ceramica De Recubrimiento
12947,VM9 TRANSPA DENTINE C1 12G,Analogo
12947,VM9 TRANSPA DENTINE C1 12G,Ceramica De Recubrimiento
12950,VM9 TRANSPA DENTINE C1 50G,Analogo
12950,VM9 TRANSPA DENTINE C1 50G,Ceramica De Recubrimiento
12953,VM9 TRANSPA DENTINE C2 12G,Analogo
12953,VM9 TRANSPA DENTINE C2 12G,Consumible
12953,VM9 TRANSPA DENTINE C2 12G,Ceramica De Recubrimiento
12956,VM9 TRANSPA DENTINE C2 50G,Analogo
12956,VM9 TRANSPA DENTINE C2 50G,Ceramica De Recubrimiento
12959,VM9 TRANSPA DENTINE C3 12G,Analogo
12959,VM9 TRANSPA DENTINE C3 12G,Consumible
12959,VM9 TRANSPA DENTINE C3 12G,Ceramica De Recubrimiento
12962,VM9 TRANSPA DENTINE C3 50G,Analogo
12962,VM9 TRANSPA DENTINE C3 50G,Ceramica De Recubrimiento
12965,VM9 TRANSPA DENTINE C4 12G,Analogo
12965,VM9 TRANSPA DENTINE C4 12G,Ceramica De Recubrimiento
12968,VM9 TRANSPA DENTINE C4 50G,Analogo
12968,VM9 TRANSPA DENTINE C4 50G,Ceramica De Recubrimiento
12971,VM9 TRANSPA DENTINE D2 12G,Analogo
12971,VM9 TRANSPA DENTINE D2 12G,Ceramica De Recubrimiento
12974,VM9 TRANSPA DENTINE D2 50G,Analogo
12974,VM9 TRANSPA DENTINE D2 50G,Ceramica De Recubrimiento
12977,VM9 TRANSPA DENTINE D3 12G,Analogo
12977,VM9 TRANSPA DENTINE D3 12G,Consumible
12977,VM9 TRANSPA DENTINE D3 12G,Ceramica De Recubrimiento
12980,VM9 TRANSPA DENTINE D3 50G,Analogo
12980,VM9 TRANSPA DENTINE D3 50G,Ceramica De Recubrimiento
12983,VM9 TRANSPA DENTINE D4 12G,Analogo
12983,VM9 TRANSPA DENTINE D4 12G,Ceramica De Recubrimiento
12986,VM9 TRANSPA DENTINE D4 50G,Analogo
12986,VM9 TRANSPA DENTINE D4 50G,Ceramica De Recubrimiento
12989,VM9 WINDOW WIN 12G,Analogo
12989,VM9 WINDOW WIN 12G,Ceramica De Recubrimiento
12989,VM9 WINDOW WIN 12G,Consumible
12992,VM9 WINDOW WIN 50G,Analogo
12992,VM9 WINDOW WIN 50G,Ceramica De Recubrimiento
12992,VM9 WINDOW WIN 50G,Consumible
12995,VMCC BASE DENTINE 1M1 30G,Analogo
12995,VMCC BASE DENTINE 1M1 30G,Ceromero
12995,VMCC BASE DENTINE 1M1 30G,Polimero Acrilico
12998,VMCC BASE DENTINE 2L1.5 30G,Analogo
12998,VMCC BASE DENTINE 2L1.5 30G,Polimero Acrilico
12998,VMCC BASE DENTINE 2L1.5 30G,Consumible
13001,VMCC BASE DENTINE 2L2.5 30GR,Analogo
13001,VMCC BASE DENTINE 2L2.5 30GR,Consumible
13001,VMCC BASE DENTINE 2L2.5 30GR,Polimero Acrilico
13004,VMCC BASE DENTINE 2M1 100G,Analogo
13004,VMCC BASE DENTINE 2M1 100G,Consumible
13004,VMCC BASE DENTINE 2M1 100G,Polimero Acrilico
13049,VMCC BASE DENTINE 30G,Analogo
13049,VMCC BASE DENTINE 30G,Consumible
13049,VMCC BASE DENTINE 30G,Polimero Acrilico
13007,VMCC BASE DENTINE 3L1.5 30G,Analogo
13007,VMCC BASE DENTINE 3L1.5 30G,Consumible
13007,VMCC BASE DENTINE 3L1.5 30G,Polimero Acrilico
13010,VMCC BASE DENTINE 3L2.5 30G,Analogo
13010,VMCC BASE DENTINE 3L2.5 30G,Consumible
13010,VMCC BASE DENTINE 3L2.5 30G,Polimero Acrilico
13013,VMCC BASE DENTINE 3M3 30G,Analogo
13013,VMCC BASE DENTINE 3M3 30G,Consumible
13013,VMCC BASE DENTINE 3M3 30G,Polimero Acrilico
13016,VMCC BASE DENTINE 4M2 30G,Analogo
13016,VMCC BASE DENTINE 4M2 30G,Consumible
13016,VMCC BASE DENTINE 4M2 30G,Polimero Acrilico
13019,VMCC BASE DENTINE A1 100G,Analogo
13019,VMCC BASE DENTINE A1 100G,Consumible
13019,VMCC BASE DENTINE A1 100G,Polimero Acrilico
13022,VMCC BASE DENTINE A1 30G,Analogo
13022,VMCC BASE DENTINE A1 30G,Consumible
13022,VMCC BASE DENTINE A1 30G,Polimero Acrilico
13025,VMCC BASE DENTINE A2 100G,Analogo
13025,VMCC BASE DENTINE A2 100G,Consumible
13025,VMCC BASE DENTINE A2 100G,Polimero Acrilico
13028,VMCC BASE DENTINE A2 30G,Analogo
13028,VMCC BASE DENTINE A2 30G,Consumible
13028,VMCC BASE DENTINE A2 30G,Polimero Acrilico
13034,VMCC BASE DENTINE A3 100G,Analogo
13034,VMCC BASE DENTINE A3 100G,Consumible
13034,VMCC BASE DENTINE A3 100G,Polimero Acrilico
13037,VMCC BASE DENTINE A3 30G,Analogo
13037,VMCC BASE DENTINE A3 30G,Consumible
13037,VMCC BASE DENTINE A3 30G,Polimero Acrilico
13031,VMCC BASE DENTINE A3.5 30G,Analogo
13031,VMCC BASE DENTINE A3.5 30G,Consumible
13031,VMCC BASE DENTINE A3.5 30G,Polimero Acrilico
13040,VMCC BASE DENTINE B2 30G,Analogo
13040,VMCC BASE DENTINE B2 30G,Consumible
13040,VMCC BASE DENTINE B2 30G,Polimero Acrilico
13043,VMCC BASE DENTINE B3 30G,Analogo
13043,VMCC BASE DENTINE B3 30G,Consumible
13043,VMCC BASE DENTINE B3 30G,Polimero Acrilico
13046,VMCC BASE DENTINE D2 30G,Analogo
13046,VMCC BASE DENTINE D2 30G,Consumible
13046,VMCC BASE DENTINE D2 30G,Polimero Acrilico
13052,VMCC EFFECT LINER EL2 30G,Analogo
13052,VMCC EFFECT LINER EL2 30G,Consumible
13052,VMCC EFFECT LINER EL2 30G,Polimero Acrilico
13055,VMCC EFFECT LINER EL4 30G,Analogo
13055,VMCC EFFECT LINER EL4 30G,Consumible
13055,VMCC EFFECT LINER EL4 30G,Polimero Acrilico
13058,VMCC ENAMEL END 30G,Analogo
13058,VMCC ENAMEL END 30G,Consumible
13058,VMCC ENAMEL END 30G,Polimero Acrilico
13061,VMCC ENAMEL ENL 100G,Analogo
13061,VMCC ENAMEL ENL 100G,Consumible
13061,VMCC ENAMEL ENL 100G,Polimero Acrilico
13064,VMCC ENAMEL ENL 30G,Analogo
13064,VMCC ENAMEL ENL 30G,Consumible
13064,VMCC ENAMEL ENL 30G,Polimero Acrilico
13067,VMCC LIQUID 100ML,Analogo
13067,VMCC LIQUID 100ML,Consumible
13067,VMCC LIQUID 100ML,Polimero Acrilico
13070,VMCC LIQUID 30ML,Analogo
13070,VMCC LIQUID 30ML,Consumible
13070,VMCC LIQUID 30ML,Polimero Acrilico
13073,VMCC WINDOW 30G,Analogo
13073,VMCC WINDOW 30G,Consumible
13073,VMCC WINDOW 30G,Polimero Acrilico
13076,VMK 10 COLOR SET,Analogo
13076,VMK 10 COLOR SET,Ceramica De Recubrimiento
13079,VMK ADDITIONAL SET KIT,Analogo
13079,VMK ADDITIONAL SET KIT,Ceramica De Recubrimiento
87430,VMK BLEACHED COLOR SET KIT,Analogo
87430,VMK BLEACHED COLOR SET KIT,Ceramica De Recubrimiento
87430,VMK BLEACHED COLOR SET KIT,Consumible
13082,VMK CERVICAL CE1,Analogo
13082,VMK CERVICAL CE1,Ceramica De Recubrimiento
13082,VMK CERVICAL CE1,Consumible
13085,VMK CERVICAL CE2,Analogo
13085,VMK CERVICAL CE2,Ceramica De Recubrimiento
13085,VMK CERVICAL CE2,Consumible
13088,VMK CERVICAL CE3,Analogo
13088,VMK CERVICAL CE3,Ceramica De Recubrimiento
13088,VMK CERVICAL CE3,Consumible
13091,VMK CORRECTIVE COR1,Analogo
13091,VMK CORRECTIVE COR1,Ceramica De Recubrimiento
13091,VMK CORRECTIVE COR1,Consumible
13094,VMK CORRECTIVE COR2,Analogo
13094,VMK CORRECTIVE COR2,Ceramica De Recubrimiento
13094,VMK CORRECTIVE COR2,Consumible
13097,VMK DENTINE 0M1 12G,Analogo
13097,VMK DENTINE 0M1 12G,Consumible
13097,VMK DENTINE 0M1 12G,Ceramica De Recubrimiento
13100,VMK DENTINE 0M1 50G,Analogo
13100,VMK DENTINE 0M1 50G,Ceramica De Recubrimiento
13103,VMK DENTINE 0M2 12G,Analogo
13103,VMK DENTINE 0M2 12G,Consumible
13103,VMK DENTINE 0M2 12G,Ceramica De Recubrimiento
13106,VMK DENTINE 0M2 50G,Analogo
13106,VMK DENTINE 0M2 50G,Ceramica De Recubrimiento
13109,VMK DENTINE 0M3 12G,Analogo
13109,VMK DENTINE 0M3 12G,Ceramica De Recubrimiento
13112,VMK DENTINE 0M3 50G,Analogo
13112,VMK DENTINE 0M3 50G,Ceramica De Recubrimiento
13115,VMK DENTINE 1M1 12G,Analogo
13115,VMK DENTINE 1M1 12G,Ceramica De Recubrimiento
13115,VMK DENTINE 1M1 12G,Consumible
13118,VMK DENTINE 1M1 50G,Analogo
13118,VMK DENTINE 1M1 50G,Consumible
13118,VMK DENTINE 1M1 50G,Ceramica De Recubrimiento
13121,VMK DENTINE 1M2 12G,Analogo
13121,VMK DENTINE 1M2 12G,Ceramica De Recubrimiento
13121,VMK DENTINE 1M2 12G,Consumible
13124,VMK DENTINE 1M2 50G,Analogo
13124,VMK DENTINE 1M2 50G,Consumible
13124,VMK DENTINE 1M2 50G,Ceramica De Recubrimiento
13127,VMK DENTINE 2L1.5 12G,Analogo
13127,VMK DENTINE 2L1.5 12G,Ceramica De Recubrimiento
13127,VMK DENTINE 2L1.5 12G,Consumible
13130,VMK DENTINE 2L1.5 50G,Analogo
13130,VMK DENTINE 2L1.5 50G,Consumible
13130,VMK DENTINE 2L1.5 50G,Ceramica De Recubrimiento
13133,VMK DENTINE 2L2.5 12G,Analogo
13133,VMK DENTINE 2L2.5 12G,Ceramica De Recubrimiento
13133,VMK DENTINE 2L2.5 12G,Consumible
13136,VMK DENTINE 2L2.5 50G,Analogo
13136,VMK DENTINE 2L2.5 50G,Consumible
13136,VMK DENTINE 2L2.5 50G,Ceramica De Recubrimiento
13139,VMK DENTINE 2M1 12G,Analogo
13139,VMK DENTINE 2M1 12G,Ceramica De Recubrimiento
13139,VMK DENTINE 2M1 12G,Consumible
13142,VMK DENTINE 2M1 50G,Analogo
13142,VMK DENTINE 2M1 50G,Consumible
13142,VMK DENTINE 2M1 50G,Ceramica De Recubrimiento
13145,VMK DENTINE 2M2 12G,Analogo
13145,VMK DENTINE 2M2 12G,Ceramica De Recubrimiento
13145,VMK DENTINE 2M2 12G,Consumible
13148,VMK DENTINE 2M2 50G,Analogo
13148,VMK DENTINE 2M2 50G,Ceramica De Recubrimiento
13148,VMK DENTINE 2M2 50G,Consumible
13151,VMK DENTINE 2M3 12G,Analogo
13151,VMK DENTINE 2M3 12G,Ceramica De Recubrimiento
13151,VMK DENTINE 2M3 12G,Consumible
13154,VMK DENTINE 2M3 50G,Analogo
13154,VMK DENTINE 2M3 50G,Consumible
13154,VMK DENTINE 2M3 50G,Ceramica De Recubrimiento
13157,VMK DENTINE 2R1.5 12G,Analogo
13157,VMK DENTINE 2R1.5 12G,Ceramica De Recubrimiento
13157,VMK DENTINE 2R1.5 12G,Consumible
13160,VMK DENTINE 2R1.5 50G,Analogo
13160,VMK DENTINE 2R1.5 50G,Consumible
13160,VMK DENTINE 2R1.5 50G,Ceramica De Recubrimiento
13163,VMK DENTINE 2R2.5 12G,Analogo
13163,VMK DENTINE 2R2.5 12G,Ceramica De Recubrimiento
13163,VMK DENTINE 2R2.5 12G,Consumible
13166,VMK DENTINE 2R2.5 50G,Analogo
13166,VMK DENTINE 2R2.5 50G,Consumible
13166,VMK DENTINE 2R2.5 50G,Ceramica De Recubrimiento
13169,VMK DENTINE 3L1.5 12G,Analogo
13169,VMK DENTINE 3L1.5 12G,Ceramica De Recubrimiento
13169,VMK DENTINE 3L1.5 12G,Consumible
13172,VMK DENTINE 3L1.5 50G,Analogo
13172,VMK DENTINE 3L1.5 50G,Consumible
13172,VMK DENTINE 3L1.5 50G,Ceramica De Recubrimiento
13175,VMK DENTINE 3L2.5 12G,Consumible
13175,VMK DENTINE 3L2.5 12G,Analogo
13175,VMK DENTINE 3L2.5 12G,Ceramica De Recubrimiento
13178,VMK DENTINE 3L2.5 50G,Analogo
13178,VMK DENTINE 3L2.5 50G,Consumible
13178,VMK DENTINE 3L2.5 50G,Ceramica De Recubrimiento
13181,VMK DENTINE 3M1 12G,Analogo
13181,VMK DENTINE 3M1 12G,Ceramica De Recubrimiento
13181,VMK DENTINE 3M1 12G,Consumible
13184,VMK DENTINE 3M1 50G,Analogo
13184,VMK DENTINE 3M1 50G,Consumible
13184,VMK DENTINE 3M1 50G,Ceramica De Recubrimiento
13187,VMK DENTINE 3M2 12G,Analogo
13187,VMK DENTINE 3M2 12G,Ceramica De Recubrimiento
13187,VMK DENTINE 3M2 12G,Consumible
13190,VMK DENTINE 3M2 50G,Analogo
13190,VMK DENTINE 3M2 50G,Ceramica De Recubrimiento
13190,VMK DENTINE 3M2 50G,Consumible
13193,VMK DENTINE 3M3 12G,Analogo
13193,VMK DENTINE 3M3 12G,Ceramica De Recubrimiento
13193,VMK DENTINE 3M3 12G,Consumible
13196,VMK DENTINE 3M3 50G,Analogo
13196,VMK DENTINE 3M3 50G,Consumible
13196,VMK DENTINE 3M3 50G,Ceramica De Recubrimiento
13199,VMK DENTINE 3R1.5 12G,Analogo
13199,VMK DENTINE 3R1.5 12G,Ceramica De Recubrimiento
13199,VMK DENTINE 3R1.5 12G,Consumible
13202,VMK DENTINE 3R1.5 50G,Analogo
13202,VMK DENTINE 3R1.5 50G,Consumible
13202,VMK DENTINE 3R1.5 50G,Ceramica De Recubrimiento
13205,VMK DENTINE 3R2.5 12G,Analogo
13205,VMK DENTINE 3R2.5 12G,Ceramica De Recubrimiento
13205,VMK DENTINE 3R2.5 12G,Consumible
13208,VMK DENTINE 3R2.5 50G,Analogo
13208,VMK DENTINE 3R2.5 50G,Consumible
13208,VMK DENTINE 3R2.5 50G,Ceramica De Recubrimiento
13211,VMK DENTINE 4L1.5 12G,Analogo
13211,VMK DENTINE 4L1.5 12G,Ceramica De Recubrimiento
13211,VMK DENTINE 4L1.5 12G,Consumible
13214,VMK DENTINE 4L1.5 50G,Analogo
13214,VMK DENTINE 4L1.5 50G,Consumible
13214,VMK DENTINE 4L1.5 50G,Ceramica De Recubrimiento
13217,VMK DENTINE 4L2.5 12G,Consumible
13217,VMK DENTINE 4L2.5 12G,Analogo
13217,VMK DENTINE 4L2.5 12G,Ceramica De Recubrimiento
13220,VMK DENTINE 4L2.5 50G,Analogo
13220,VMK DENTINE 4L2.5 50G,Consumible
13220,VMK DENTINE 4L2.5 50G,Ceramica De Recubrimiento
13223,VMK DENTINE 4M1 12G,Analogo
13223,VMK DENTINE 4M1 12G,Ceramica De Recubrimiento
13223,VMK DENTINE 4M1 12G,Consumible
13226,VMK DENTINE 4M1 50G,Analogo
13226,VMK DENTINE 4M1 50G,Consumible
13226,VMK DENTINE 4M1 50G,Ceramica De Recubrimiento
13229,VMK DENTINE 4M2 12G,Analogo
13229,VMK DENTINE 4M2 12G,Ceramica De Recubrimiento
13229,VMK DENTINE 4M2 12G,Consumible
13232,VMK DENTINE 4M2 50G,Analogo
13232,VMK DENTINE 4M2 50G,Consumible
13232,VMK DENTINE 4M2 50G,Ceramica De Recubrimiento
13235,VMK DENTINE 4M3 12G,Analogo
13235,VMK DENTINE 4M3 12G,Ceramica De Recubrimiento
13235,VMK DENTINE 4M3 12G,Consumible
13238,VMK DENTINE 4M3 50G,Analogo
13238,VMK DENTINE 4M3 50G,Consumible
13238,VMK DENTINE 4M3 50G,Ceramica De Recubrimiento
13241,VMK DENTINE 4R1.5 12G,Consumible
13241,VMK DENTINE 4R1.5 12G,Analogo
13241,VMK DENTINE 4R1.5 12G,Ceramica De Recubrimiento
13244,VMK DENTINE 4R1.5 50G,Analogo
13244,VMK DENTINE 4R1.5 50G,Consumible
13244,VMK DENTINE 4R1.5 50G,Ceramica De Recubrimiento
13247,VMK DENTINE 4R2.5 12G,Analogo
13247,VMK DENTINE 4R2.5 12G,Ceramica De Recubrimiento
13247,VMK DENTINE 4R2.5 12G,Consumible
13250,VMK DENTINE 4R2.5 50G,Analogo
13250,VMK DENTINE 4R2.5 50G,Consumible
13250,VMK DENTINE 4R2.5 50G,Ceramica De Recubrimiento
13253,VMK DENTINE 5M1 12G,Analogo
13253,VMK DENTINE 5M1 12G,Ceramica De Recubrimiento
13253,VMK DENTINE 5M1 12G,Consumible
13256,VMK DENTINE 5M1 50G,Analogo
13256,VMK DENTINE 5M1 50G,Consumible
13256,VMK DENTINE 5M1 50G,Ceramica De Recubrimiento
13259,VMK DENTINE 5M2 12G,Analogo
13259,VMK DENTINE 5M2 12G,Consumible
13259,VMK DENTINE 5M2 12G,Ceramica De Recubrimiento
13262,VMK DENTINE 5M2 50G,Analogo
13262,VMK DENTINE 5M2 50G,Ceramica De Recubrimiento
13265,VMK DENTINE 5M3 12G,Analogo
13265,VMK DENTINE 5M3 12G,Consumible
13265,VMK DENTINE 5M3 12G,Ceramica De Recubrimiento
13268,VMK DENTINE 5M3 50G,Analogo
13268,VMK DENTINE 5M3 50G,Ceramica De Recubrimiento
13271,VMK DENTINE A1 12G,Analogo
13271,VMK DENTINE A1 12G,Ceramica De Recubrimiento
13271,VMK DENTINE A1 12G,Consumible
13274,VMK DENTINE A1 50G,Analogo
13274,VMK DENTINE A1 50G,Ceramica De Recubrimiento
13274,VMK DENTINE A1 50G,Consumible
13277,VMK DENTINE A2 12G,Analogo
13277,VMK DENTINE A2 12G,Ceramica De Recubrimiento
13277,VMK DENTINE A2 12G,Consumible
13280,VMK DENTINE A2 50G,Analogo
13280,VMK DENTINE A2 50G,Ceramica De Recubrimiento
13280,VMK DENTINE A2 50G,Consumible
13289,VMK DENTINE A3 12G,Analogo
13289,VMK DENTINE A3 12G,Ceramica De Recubrimiento
13289,VMK DENTINE A3 12G,Consumible
13292,VMK DENTINE A3 50G,Analogo
13292,VMK DENTINE A3 50G,Ceramica De Recubrimiento
13292,VMK DENTINE A3 50G,Consumible
13283,VMK DENTINE A3.5 12G,Analogo
13283,VMK DENTINE A3.5 12G,Ceramica De Recubrimiento
13283,VMK DENTINE A3.5 12G,Consumible
13286,VMK DENTINE A3.5 50G,Analogo
13286,VMK DENTINE A3.5 50G,Consumible
13286,VMK DENTINE A3.5 50G,Ceramica De Recubrimiento
13295,VMK DENTINE A4 12G,Analogo
13295,VMK DENTINE A4 12G,Ceramica De Recubrimiento
13295,VMK DENTINE A4 12G,Consumible
13298,VMK DENTINE A4 50G,Analogo
13298,VMK DENTINE A4 50G,Consumible
13298,VMK DENTINE A4 50G,Ceramica De Recubrimiento
13301,VMK DENTINE B1 12G,Analogo
13301,VMK DENTINE B1 12G,Ceramica De Recubrimiento
13301,VMK DENTINE B1 12G,Consumible
13304,VMK DENTINE B1 50G,Analogo
13304,VMK DENTINE B1 50G,Ceramica De Recubrimiento
13304,VMK DENTINE B1 50G,Consumible
13307,VMK DENTINE B2 12G,Analogo
13307,VMK DENTINE B2 12G,Ceramica De Recubrimiento
13307,VMK DENTINE B2 12G,Consumible
13310,VMK DENTINE B2 50G,Analogo
13310,VMK DENTINE B2 50G,Ceramica De Recubrimiento
13310,VMK DENTINE B2 50G,Consumible
13313,VMK DENTINE B3 12G,Ceramica De Recubrimiento
13313,VMK DENTINE B3 12G,Analogo
13313,VMK DENTINE B3 12G,Consumible
13316,VMK DENTINE B3 50G,Analogo
13316,VMK DENTINE B3 50G,Consumible
13316,VMK DENTINE B3 50G,Ceramica De Recubrimiento
13319,VMK DENTINE B4 12G,Analogo
13319,VMK DENTINE B4 12G,Consumible
13319,VMK DENTINE B4 12G,Ceramica De Recubrimiento
13322,VMK DENTINE B4 50G,Analogo
13322,VMK DENTINE B4 50G,Ceramica De Recubrimiento
13325,VMK DENTINE C1 12G,Analogo
13325,VMK DENTINE C1 12G,Consumible
13325,VMK DENTINE C1 12G,Ceramica De Recubrimiento
13328,VMK DENTINE C1 50G,Analogo
13328,VMK DENTINE C1 50G,Consumible
13328,VMK DENTINE C1 50G,Ceramica De Recubrimiento
13331,VMK DENTINE C2 12G,Analogo
13331,VMK DENTINE C2 12G,Ceramica De Recubrimiento
13331,VMK DENTINE C2 12G,Consumible
13334,VMK DENTINE C2 50G,Analogo
13334,VMK DENTINE C2 50G,Consumible
13334,VMK DENTINE C2 50G,Ceramica De Recubrimiento
13337,VMK DENTINE C3 12G,Analogo
13337,VMK DENTINE C3 12G,Ceramica De Recubrimiento
13337,VMK DENTINE C3 12G,Consumible
13340,VMK DENTINE C3 50G,Analogo
13340,VMK DENTINE C3 50G,Ceramica De Recubrimiento
13343,VMK DENTINE C4 12G,Analogo
13343,VMK DENTINE C4 12G,Ceramica De Recubrimiento
13343,VMK DENTINE C4 12G,Consumible
13346,VMK DENTINE C4 50G,Analogo
13346,VMK DENTINE C4 50G,Consumible
13346,VMK DENTINE C4 50G,Ceramica De Recubrimiento
13349,VMK DENTINE D2 12G,Analogo
13349,VMK DENTINE D2 12G,Ceramica De Recubrimiento
13349,VMK DENTINE D2 12G,Consumible
13352,VMK DENTINE D2 50G,Analogo
13352,VMK DENTINE D2 50G,Consumible
13352,VMK DENTINE D2 50G,Ceramica De Recubrimiento
13355,VMK DENTINE D3 12G,Analogo
13355,VMK DENTINE D3 12G,Ceramica De Recubrimiento
13355,VMK DENTINE D3 12G,Consumible
13358,VMK DENTINE D3 50G,Analogo
13358,VMK DENTINE D3 50G,Consumible
13358,VMK DENTINE D3 50G,Ceramica De Recubrimiento
13361,VMK DENTINE D4 12G,Analogo
13361,VMK DENTINE D4 12G,Consumible
13361,VMK DENTINE D4 12G,Ceramica De Recubrimiento
13364,VMK DENTINE D4 50G,Analogo
13364,VMK DENTINE D4 50G,Ceramica De Recubrimiento
13367,VMK DENTINE MODIFIER DM1,Analogo
13367,VMK DENTINE MODIFIER DM1,Ceramica De Recubrimiento
13367,VMK DENTINE MODIFIER DM1,Consumible
13370,VMK DENTINE MODIFIER DM2,Analogo
13370,VMK DENTINE MODIFIER DM2,Ceramica De Recubrimiento
13370,VMK DENTINE MODIFIER DM2,Consumible
13373,VMK DENTINE MODIFIER DM3,Analogo
13373,VMK DENTINE MODIFIER DM3,Ceramica De Recubrimiento
13373,VMK DENTINE MODIFIER DM3,Consumible
13376,VMK DENTINE MODIFIER DM4,Analogo
13376,VMK DENTINE MODIFIER DM4,Consumible
13376,VMK DENTINE MODIFIER DM4,Ceramica De Recubrimiento
13379,VMK DENTINE MODIFIER DM5,Analogo
13379,VMK DENTINE MODIFIER DM5,Consumible
13379,VMK DENTINE MODIFIER DM5,Ceramica De Recubrimiento
13382,VMK DENTINE MODIFIER DM6,Analogo
13382,VMK DENTINE MODIFIER DM6,Ceramica De Recubrimiento
13385,VMK DENTINE MODIFIER DM7,Analogo
13385,VMK DENTINE MODIFIER DM7,Ceramica De Recubrimiento
13385,VMK DENTINE MODIFIER DM7,Consumible
13388,VMK DENTINE MODIFIER DM8,Analogo
13388,VMK DENTINE MODIFIER DM8,Consumible
13388,VMK DENTINE MODIFIER DM8,Ceramica De Recubrimiento
13391,VMK ENAMEL EN1 12G,Analogo
13391,VMK ENAMEL EN1 12G,Ceramica De Recubrimiento
13391,VMK ENAMEL EN1 12G,Consumible
13394,VMK ENAMEL EN1 50G,Analogo
13394,VMK ENAMEL EN1 50G,Ceramica De Recubrimiento
13394,VMK ENAMEL EN1 50G,Consumible
13397,VMK ENAMEL EN2 12G,Analogo
13397,VMK ENAMEL EN2 12G,Ceramica De Recubrimiento
13397,VMK ENAMEL EN2 12G,Consumible
13400,VMK ENAMEL EN2 50G,Analogo
13400,VMK ENAMEL EN2 50G,Ceramica De Recubrimiento
13400,VMK ENAMEL EN2 50G,Consumible
13403,VMK ENAMEL EN3 12G,Analogo
13403,VMK ENAMEL EN3 12G,Ceramica De Recubrimiento
13403,VMK ENAMEL EN3 12G,Consumible
13406,VMK ENAMEL EN3 50G,Analogo
13406,VMK ENAMEL EN3 50G,Ceramica De Recubrimiento
13406,VMK ENAMEL EN3 50G,Consumible
13409,VMK GINGIVA G1,Analogo
13409,VMK GINGIVA G1,Ceramica De Recubrimiento
13409,VMK GINGIVA G1,Consumible
13412,VMK GINGIVA G2,Analogo
13412,VMK GINGIVA G2,Ceramica De Recubrimiento
13412,VMK GINGIVA G2,Consumible
13415,VMK GINGIVA G3,Analogo
13415,VMK GINGIVA G3,Ceramica De Recubrimiento
13415,VMK GINGIVA G3,Consumible
13418,VMK GINGIVA G4,Analogo
13418,VMK GINGIVA G4,Ceramica De Recubrimiento
13418,VMK GINGIVA G4,Consumible
13421,VMK GINGIVA G5,Analogo
13421,VMK GINGIVA G5,Consumible
13421,VMK GINGIVA G5,Ceramica De Recubrimiento
13427,VMK GINGIVA OPAQUE GOD,Analogo
13427,VMK GINGIVA OPAQUE GOD,Ceramica De Recubrimiento
13427,VMK GINGIVA OPAQUE GOD,Consumible
13430,VMK GINGIVA OPAQUE GOL,Analogo
13430,VMK GINGIVA OPAQUE GOL,Ceramica De Recubrimiento
13430,VMK GINGIVA OPAQUE GOL,Consumible
13424,VMK GINGIVA SET KIT,Analogo
13424,VMK GINGIVA SET KIT,Consumible
13424,VMK GINGIVA SET KIT,Ceramica De Recubrimiento
13433,VMK LUMINARY LM1,Analogo
13433,VMK LUMINARY LM1,Ceramica De Recubrimiento
13433,VMK LUMINARY LM1,Consumible
13436,VMK LUMINARY LM2,Analogo
13436,VMK LUMINARY LM2,Ceramica De Recubrimiento
13436,VMK LUMINARY LM2,Consumible
13439,VMK LUMINARY LM3,Analogo
13439,VMK LUMINARY LM3,Ceramica De Recubrimiento
13439,VMK LUMINARY LM3,Consumible
13442,VMK LUMINARY LM4,Analogo
13442,VMK LUMINARY LM4,Ceramica De Recubrimiento
13442,VMK LUMINARY LM4,Consumible
13445,VMK LUMINARY LM5,Analogo
13445,VMK LUMINARY LM5,Ceramica De Recubrimiento
13445,VMK LUMINARY LM5,Consumible
13448,VMK LUMINARY LM6,Analogo
13448,VMK LUMINARY LM6,Ceramica De Recubrimiento
13448,VMK LUMINARY LM6,Consumible
13451,VMK MARGIN M1,Analogo
13451,VMK MARGIN M1,Ceramica De Recubrimiento
13451,VMK MARGIN M1,Consumible
13454,VMK MARGIN M2,Analogo
13454,VMK MARGIN M2,Ceramica De Recubrimiento
13454,VMK MARGIN M2,Consumible
13457,VMK MARGIN M3,Analogo
13457,VMK MARGIN M3,Consumible
13457,VMK MARGIN M3,Ceramica De Recubrimiento
13460,VMK MARGIN M4,Analogo
13460,VMK MARGIN M4,Consumible
13460,VMK MARGIN M4,Ceramica De Recubrimiento
13463,VMK MARGIN M5,Analogo
13463,VMK MARGIN M5,Consumible
13463,VMK MARGIN M5,Ceramica De Recubrimiento
13466,VMK MARGIN M6,Analogo
13466,VMK MARGIN M6,Ceramica De Recubrimiento
13469,VMK MARGIN MN,Analogo
13469,VMK MARGIN MN,Consumible
13469,VMK MARGIN MN,Ceramica De Recubrimiento
13472,VMK NECK N1,Analogo
13472,VMK NECK N1,Ceramica De Recubrimiento
13472,VMK NECK N1,Consumible
13475,VMK NECK N2,Analogo
13475,VMK NECK N2,Ceramica De Recubrimiento
13475,VMK NECK N2,Consumible
13478,VMK NECK N3,Analogo
13478,VMK NECK N3,Ceramica De Recubrimiento
13478,VMK NECK N3,Consumible
13481,VMK NECK N4,Analogo
13481,VMK NECK N4,Consumible
13481,VMK NECK N4,Ceramica De Recubrimiento
13484,VMK NECK N5,Analogo
13484,VMK NECK N5,Ceramica De Recubrimiento
13484,VMK NECK N5,Consumible
13853,VMK ONE COLOR KIT 2M2,Analogo
13853,VMK ONE COLOR KIT 2M2,Ceramica De Recubrimiento
13853,VMK ONE COLOR KIT 2M2,Consumible
13856,VMK ONE COLOR KIT 3M2,Analogo
13856,VMK ONE COLOR KIT 3M2,Ceramica De Recubrimiento
13859,VMK ONE COLOR KIT A2,Analogo
13859,VMK ONE COLOR KIT A2,Ceramica De Recubrimiento
13859,VMK ONE COLOR KIT A2,Consumible
13862,VMK ONE COLOR KIT A3,Analogo
13862,VMK ONE COLOR KIT A3,Ceramica De Recubrimiento
13901,VMK OPAL TRANSLUCENT OT1,Analogo
13901,VMK OPAL TRANSLUCENT OT1,Ceramica De Recubrimiento
13901,VMK OPAL TRANSLUCENT OT1,Consumible
13487,VMK OPAQUE A1 12G,Analogo
13487,VMK OPAQUE A1 12G,Ceramica De Recubrimiento
13487,VMK OPAQUE A1 12G,Consumible
13490,VMK OPAQUE A1 50G,Analogo
13490,VMK OPAQUE A1 50G,Consumible
13490,VMK OPAQUE A1 50G,Ceramica De Recubrimiento
13493,VMK OPAQUE A2 12G,Analogo
13493,VMK OPAQUE A2 12G,Ceramica De Recubrimiento
13493,VMK OPAQUE A2 12G,Consumible
13496,VMK OPAQUE A2 50G,Analogo
13496,VMK OPAQUE A2 50G,Consumible
13496,VMK OPAQUE A2 50G,Ceramica De Recubrimiento
13505,VMK OPAQUE A3 12G,Analogo
13505,VMK OPAQUE A3 12G,Ceramica De Recubrimiento
13505,VMK OPAQUE A3 12G,Consumible
13508,VMK OPAQUE A3 50G,Analogo
13508,VMK OPAQUE A3 50G,Consumible
13508,VMK OPAQUE A3 50G,Ceramica De Recubrimiento
13499,VMK OPAQUE A3.5 12G,Analogo
13499,VMK OPAQUE A3.5 12G,Ceramica De Recubrimiento
13499,VMK OPAQUE A3.5 12G,Consumible
13502,VMK OPAQUE A3.5 50G,Analogo
13502,VMK OPAQUE A3.5 50G,Consumible
13502,VMK OPAQUE A3.5 50G,Ceramica De Recubrimiento
13511,VMK OPAQUE A4 12G,Analogo
13511,VMK OPAQUE A4 12G,Consumible
13511,VMK OPAQUE A4 12G,Ceramica De Recubrimiento
13514,VMK OPAQUE A4 50G,Analogo
13514,VMK OPAQUE A4 50G,Consumible
13514,VMK OPAQUE A4 50G,Ceramica De Recubrimiento
13517,VMK OPAQUE B1 12G,Analogo
13517,VMK OPAQUE B1 12G,Consumible
13517,VMK OPAQUE B1 12G,Ceramica De Recubrimiento
13520,VMK OPAQUE B1 50G,Analogo
13520,VMK OPAQUE B1 50G,Consumible
13520,VMK OPAQUE B1 50G,Ceramica De Recubrimiento
13523,VMK OPAQUE B2 12G,Analogo
13523,VMK OPAQUE B2 12G,Ceramica De Recubrimiento
13523,VMK OPAQUE B2 12G,Consumible
13526,VMK OPAQUE B2 50G,Analogo
13526,VMK OPAQUE B2 50G,Consumible
13526,VMK OPAQUE B2 50G,Ceramica De Recubrimiento
13529,VMK OPAQUE B3 12G,Analogo
13529,VMK OPAQUE B3 12G,Ceramica De Recubrimiento
13529,VMK OPAQUE B3 12G,Consumible
13532,VMK OPAQUE B3 50G,Analogo
13532,VMK OPAQUE B3 50G,Consumible
13532,VMK OPAQUE B3 50G,Ceramica De Recubrimiento
13535,VMK OPAQUE B4 12G,Analogo
13535,VMK OPAQUE B4 12G,Consumible
13535,VMK OPAQUE B4 12G,Ceramica De Recubrimiento
13538,VMK OPAQUE B4 50G,Analogo
13538,VMK OPAQUE B4 50G,Consumible
13538,VMK OPAQUE B4 50G,Ceramica De Recubrimiento
13541,VMK OPAQUE C1 12G,Analogo
13541,VMK OPAQUE C1 12G,Consumible
13541,VMK OPAQUE C1 12G,Ceramica De Recubrimiento
13544,VMK OPAQUE C1 50G,Analogo
13544,VMK OPAQUE C1 50G,Ceramica De Recubrimiento
13547,VMK OPAQUE C2 12G,Analogo
13547,VMK OPAQUE C2 12G,Ceramica De Recubrimiento
13547,VMK OPAQUE C2 12G,Consumible
13550,VMK OPAQUE C2 50G,Analogo
13550,VMK OPAQUE C2 50G,Consumible
13550,VMK OPAQUE C2 50G,Ceramica De Recubrimiento
13553,VMK OPAQUE C3 12G,Analogo
13553,VMK OPAQUE C3 12G,Ceramica De Recubrimiento
13553,VMK OPAQUE C3 12G,Consumible
13556,VMK OPAQUE C3 50G,Analogo
13556,VMK OPAQUE C3 50G,Ceramica De Recubrimiento
13559,VMK OPAQUE C4 12G,Analogo
13559,VMK OPAQUE C4 12G,Consumible
13559,VMK OPAQUE C4 12G,Ceramica De Recubrimiento
13562,VMK OPAQUE C4 50G,Analogo
13562,VMK OPAQUE C4 50G,Ceramica De Recubrimiento
13595,VMK OPAQUE D2 12G,Analogo
13595,VMK OPAQUE D2 12G,Ceramica De Recubrimiento
13595,VMK OPAQUE D2 12G,Consumible
13598,VMK OPAQUE D2 50G,Analogo
13598,VMK OPAQUE D2 50G,Ceramica De Recubrimiento
13643,VMK OPAQUE D3 12G,Analogo
13643,VMK OPAQUE D3 12G,Consumible
13643,VMK OPAQUE D3 12G,Ceramica De Recubrimiento
13646,VMK OPAQUE D3 50G,Analogo
13646,VMK OPAQUE D3 50G,Ceramica De Recubrimiento
13691,VMK OPAQUE D4 12G,Analogo
13691,VMK OPAQUE D4 12G,Consumible
13691,VMK OPAQUE D4 12G,Ceramica De Recubrimiento
13694,VMK OPAQUE D4 50G,Analogo
13694,VMK OPAQUE D4 50G,Ceramica De Recubrimiento
13565,VMK OPAQUE DENTINE 0M1 12G,Analogo
13565,VMK OPAQUE DENTINE 0M1 12G,Consumible
13565,VMK OPAQUE DENTINE 0M1 12G,Ceramica De Recubrimiento
13568,VMK OPAQUE DENTINE 0M1 50G,Analogo
13568,VMK OPAQUE DENTINE 0M1 50G,Ceramica De Recubrimiento
13571,VMK OPAQUE DENTINE 0M2 12G,Analogo
13571,VMK OPAQUE DENTINE 0M2 12G,Ceramica De Recubrimiento
13574,VMK OPAQUE DENTINE 0M2 50G,Analogo
13574,VMK OPAQUE DENTINE 0M2 50G,Ceramica De Recubrimiento
13577,VMK OPAQUE DENTINE 0M3 12G,Analogo
13577,VMK OPAQUE DENTINE 0M3 12G,Ceramica De Recubrimiento
13580,VMK OPAQUE DENTINE 0M3 50G,Analogo
13580,VMK OPAQUE DENTINE 0M3 50G,Ceramica De Recubrimiento
13583,VMK OPAQUE DENTINE 1M1 12G,Analogo
13583,VMK OPAQUE DENTINE 1M1 12G,Consumible
13583,VMK OPAQUE DENTINE 1M1 12G,Ceramica De Recubrimiento
13586,VMK OPAQUE DENTINE 1M1 50G,Analogo
13586,VMK OPAQUE DENTINE 1M1 50G,Ceramica De Recubrimiento
13589,VMK OPAQUE DENTINE 1M2 12G,Analogo
13589,VMK OPAQUE DENTINE 1M2 12G,Ceramica De Recubrimiento
13589,VMK OPAQUE DENTINE 1M2 12G,Consumible
13592,VMK OPAQUE DENTINE 1M2 50G,Analogo
13592,VMK OPAQUE DENTINE 1M2 50G,Ceramica De Recubrimiento
13601,VMK OPAQUE DENTINE 2L1.5 12G,Analogo
13601,VMK OPAQUE DENTINE 2L1.5 12G,Ceramica De Recubrimiento
13601,VMK OPAQUE DENTINE 2L1.5 12G,Consumible
13604,VMK OPAQUE DENTINE 2L1.5 50G,Analogo
13604,VMK OPAQUE DENTINE 2L1.5 50G,Ceramica De Recubrimiento
13604,VMK OPAQUE DENTINE 2L1.5 50G,Consumible
13607,VMK OPAQUE DENTINE 2L2.5 12G,Analogo
13607,VMK OPAQUE DENTINE 2L2.5 12G,Ceramica De Recubrimiento
13607,VMK OPAQUE DENTINE 2L2.5 12G,Consumible
13610,VMK OPAQUE DENTINE 2L2.5 50G,Analogo
13610,VMK OPAQUE DENTINE 2L2.5 50G,Ceramica De Recubrimiento
13613,VMK OPAQUE DENTINE 2M1 12G,Analogo
13613,VMK OPAQUE DENTINE 2M1 12G,Ceramica De Recubrimiento
13613,VMK OPAQUE DENTINE 2M1 12G,Consumible
13616,VMK OPAQUE DENTINE 2M1 50G,Analogo
13616,VMK OPAQUE DENTINE 2M1 50G,Consumible
13616,VMK OPAQUE DENTINE 2M1 50G,Ceramica De Recubrimiento
13619,VMK OPAQUE DENTINE 2M2 12G,Analogo
13619,VMK OPAQUE DENTINE 2M2 12G,Ceramica De Recubrimiento
13619,VMK OPAQUE DENTINE 2M2 12G,Consumible
13622,VMK OPAQUE DENTINE 2M2 50G,Analogo
13622,VMK OPAQUE DENTINE 2M2 50G,Consumible
13622,VMK OPAQUE DENTINE 2M2 50G,Ceramica De Recubrimiento
13625,VMK OPAQUE DENTINE 2M3 12G,Analogo
13625,VMK OPAQUE DENTINE 2M3 12G,Ceramica De Recubrimiento
13625,VMK OPAQUE DENTINE 2M3 12G,Consumible
13628,VMK OPAQUE DENTINE 2M3 50G,Analogo
13628,VMK OPAQUE DENTINE 2M3 50G,Consumible
13628,VMK OPAQUE DENTINE 2M3 50G,Ceramica De Recubrimiento
13631,VMK OPAQUE DENTINE 2R1.5 12G,Analogo
13631,VMK OPAQUE DENTINE 2R1.5 12G,Ceramica De Recubrimiento
13631,VMK OPAQUE DENTINE 2R1.5 12G,Consumible
13634,VMK OPAQUE DENTINE 2R1.5 50G,Analogo
13634,VMK OPAQUE DENTINE 2R1.5 50G,Ceramica De Recubrimiento
13637,VMK OPAQUE DENTINE 2R2.5 12G,Analogo
13637,VMK OPAQUE DENTINE 2R2.5 12G,Ceramica De Recubrimiento
13637,VMK OPAQUE DENTINE 2R2.5 12G,Consumible
13640,VMK OPAQUE DENTINE 2R2.5 50G,Analogo
13640,VMK OPAQUE DENTINE 2R2.5 50G,Consumible
13640,VMK OPAQUE DENTINE 2R2.5 50G,Ceramica De Recubrimiento
13649,VMK OPAQUE DENTINE 3L1.5 12G,Analogo
13649,VMK OPAQUE DENTINE 3L1.5 12G,Ceramica De Recubrimiento
13649,VMK OPAQUE DENTINE 3L1.5 12G,Consumible
13652,VMK OPAQUE DENTINE 3L1.5 50G,Analogo
13652,VMK OPAQUE DENTINE 3L1.5 50G,Ceramica De Recubrimiento
13655,VMK OPAQUE DENTINE 3L2.5 12G,Analogo
13655,VMK OPAQUE DENTINE 3L2.5 12G,Consumible
13655,VMK OPAQUE DENTINE 3L2.5 12G,Ceramica De Recubrimiento
13658,VMK OPAQUE DENTINE 3L2.5 50G,Analogo
13658,VMK OPAQUE DENTINE 3L2.5 50G,Ceramica De Recubrimiento
13661,VMK OPAQUE DENTINE 3M1 12G,Analogo
13661,VMK OPAQUE DENTINE 3M1 12G,Ceramica De Recubrimiento
13661,VMK OPAQUE DENTINE 3M1 12G,Consumible
13664,VMK OPAQUE DENTINE 3M1 50G,Analogo
13664,VMK OPAQUE DENTINE 3M1 50G,Ceramica De Recubrimiento
13667,VMK OPAQUE DENTINE 3M2 12G,Analogo
13667,VMK OPAQUE DENTINE 3M2 12G,Ceramica De Recubrimiento
13667,VMK OPAQUE DENTINE 3M2 12G,Consumible
13670,VMK OPAQUE DENTINE 3M2 50G,Analogo
13670,VMK OPAQUE DENTINE 3M2 50G,Ceramica De Recubrimiento
13673,VMK OPAQUE DENTINE 3M3 12G,Analogo
13673,VMK OPAQUE DENTINE 3M3 12G,Ceramica De Recubrimiento
13673,VMK OPAQUE DENTINE 3M3 12G,Consumible
13676,VMK OPAQUE DENTINE 3M3 50G,Analogo
13676,VMK OPAQUE DENTINE 3M3 50G,Consumible
13676,VMK OPAQUE DENTINE 3M3 50G,Ceramica De Recubrimiento
13679,VMK OPAQUE DENTINE 3R1.5 12G,Analogo
13679,VMK OPAQUE DENTINE 3R1.5 12G,Consumible
13679,VMK OPAQUE DENTINE 3R1.5 12G,Ceramica De Recubrimiento
13682,VMK OPAQUE DENTINE 3R1.5 50G,Analogo
13682,VMK OPAQUE DENTINE 3R1.5 50G,Ceramica De Recubrimiento
13685,VMK OPAQUE DENTINE 3R2.5 12G,Analogo
13685,VMK OPAQUE DENTINE 3R2.5 12G,Consumible
13685,VMK OPAQUE DENTINE 3R2.5 12G,Ceramica De Recubrimiento
13688,VMK OPAQUE DENTINE 3R2.5 50G,Analogo
13688,VMK OPAQUE DENTINE 3R2.5 50G,Consumible
13688,VMK OPAQUE DENTINE 3R2.5 50G,Ceramica De Recubrimiento
13697,VMK OPAQUE DENTINE 4L1.5 12G,Analogo
13697,VMK OPAQUE DENTINE 4L1.5 12G,Ceramica De Recubrimiento
13697,VMK OPAQUE DENTINE 4L1.5 12G,Consumible
13700,VMK OPAQUE DENTINE 4L1.5 50G,Analogo
13700,VMK OPAQUE DENTINE 4L1.5 50G,Ceramica De Recubrimiento
13703,VMK OPAQUE DENTINE 4L2.5 12G,Analogo
13703,VMK OPAQUE DENTINE 4L2.5 12G,Consumible
13703,VMK OPAQUE DENTINE 4L2.5 12G,Ceramica De Recubrimiento
13706,VMK OPAQUE DENTINE 4L2.5 50G,Analogo
13706,VMK OPAQUE DENTINE 4L2.5 50G,Ceramica De Recubrimiento
13709,VMK OPAQUE DENTINE 4M1 12G,Analogo
13709,VMK OPAQUE DENTINE 4M1 12G,Consumible
13709,VMK OPAQUE DENTINE 4M1 12G,Ceramica De Recubrimiento
13712,VMK OPAQUE DENTINE 4M1 50G,Analogo
13712,VMK OPAQUE DENTINE 4M1 50G,Ceramica De Recubrimiento
13715,VMK OPAQUE DENTINE 4M2 12G,Analogo
13715,VMK OPAQUE DENTINE 4M2 12G,Consumible
13715,VMK OPAQUE DENTINE 4M2 12G,Ceramica De Recubrimiento
13718,VMK OPAQUE DENTINE 4M2 50G,Analogo
13718,VMK OPAQUE DENTINE 4M2 50G,Ceramica De Recubrimiento
13721,VMK OPAQUE DENTINE 4M3 12G,Analogo
13721,VMK OPAQUE DENTINE 4M3 12G,Consumible
13721,VMK OPAQUE DENTINE 4M3 12G,Ceramica De Recubrimiento
13724,VMK OPAQUE DENTINE 4M3 50G,Analogo
13724,VMK OPAQUE DENTINE 4M3 50G,Ceramica De Recubrimiento
13727,VMK OPAQUE DENTINE 4R1.5 12G,Analogo
13727,VMK OPAQUE DENTINE 4R1.5 12G,Consumible
13727,VMK OPAQUE DENTINE 4R1.5 12G,Ceramica De Recubrimiento
13730,VMK OPAQUE DENTINE 4R1.5 50G,Analogo
13730,VMK OPAQUE DENTINE 4R1.5 50G,Ceramica De Recubrimiento
13733,VMK OPAQUE DENTINE 4R2.5 12G,Analogo
13733,VMK OPAQUE DENTINE 4R2.5 12G,Consumible
13733,VMK OPAQUE DENTINE 4R2.5 12G,Ceramica De Recubrimiento
13736,VMK OPAQUE DENTINE 4R2.5 50G,Analogo
13736,VMK OPAQUE DENTINE 4R2.5 50G,Ceramica De Recubrimiento
13739,VMK OPAQUE DENTINE 5M1 12G,Analogo
13739,VMK OPAQUE DENTINE 5M1 12G,Consumible
13739,VMK OPAQUE DENTINE 5M1 12G,Ceramica De Recubrimiento
13742,VMK OPAQUE DENTINE 5M1 50G,Analogo
13742,VMK OPAQUE DENTINE 5M1 50G,Ceramica De Recubrimiento
13745,VMK OPAQUE DENTINE 5M2 12G,Analogo
13745,VMK OPAQUE DENTINE 5M2 12G,Ceramica De Recubrimiento
13745,VMK OPAQUE DENTINE 5M2 12G,Consumible
13748,VMK OPAQUE DENTINE 5M2 50G,Analogo
13748,VMK OPAQUE DENTINE 5M2 50G,Ceramica De Recubrimiento
13751,VMK OPAQUE DENTINE 5M3 12G,Analogo
13751,VMK OPAQUE DENTINE 5M3 12G,Consumible
13751,VMK OPAQUE DENTINE 5M3 12G,Ceramica De Recubrimiento
13754,VMK OPAQUE DENTINE 5M3 50G,Analogo
13754,VMK OPAQUE DENTINE 5M3 50G,Ceramica De Recubrimiento
13757,VMK OPAQUE DENTINE A1 12G,Analogo
13757,VMK OPAQUE DENTINE A1 12G,Ceramica De Recubrimiento
13757,VMK OPAQUE DENTINE A1 12G,Consumible
13760,VMK OPAQUE DENTINE A1 50G,Analogo
13760,VMK OPAQUE DENTINE A1 50G,Ceramica De Recubrimiento
13760,VMK OPAQUE DENTINE A1 50G,Consumible
13763,VMK OPAQUE DENTINE A2 12G,Analogo
13763,VMK OPAQUE DENTINE A2 12G,Ceramica De Recubrimiento
13763,VMK OPAQUE DENTINE A2 12G,Consumible
13766,VMK OPAQUE DENTINE A2 50G,Analogo
13766,VMK OPAQUE DENTINE A2 50G,Ceramica De Recubrimiento
13766,VMK OPAQUE DENTINE A2 50G,Consumible
13775,VMK OPAQUE DENTINE A3 12G,Analogo
13775,VMK OPAQUE DENTINE A3 12G,Ceramica De Recubrimiento
13775,VMK OPAQUE DENTINE A3 12G,Consumible
13778,VMK OPAQUE DENTINE A3 50G,Analogo
13778,VMK OPAQUE DENTINE A3 50G,Ceramica De Recubrimiento
13778,VMK OPAQUE DENTINE A3 50G,Consumible
13769,VMK OPAQUE DENTINE A3.5 12G,Analogo
13769,VMK OPAQUE DENTINE A3.5 12G,Ceramica De Recubrimiento
13769,VMK OPAQUE DENTINE A3.5 12G,Consumible
13772,VMK OPAQUE DENTINE A3.5 50G,Analogo
13772,VMK OPAQUE DENTINE A3.5 50G,Ceramica De Recubrimiento
13781,VMK OPAQUE DENTINE A4 12G,Analogo
13781,VMK OPAQUE DENTINE A4 12G,Ceramica De Recubrimiento
13781,VMK OPAQUE DENTINE A4 12G,Consumible
13784,VMK OPAQUE DENTINE A4 50G,Analogo
13784,VMK OPAQUE DENTINE A4 50G,Ceramica De Recubrimiento
13787,VMK OPAQUE DENTINE B1 12G,Analogo
13787,VMK OPAQUE DENTINE B1 12G,Ceramica De Recubrimiento
13787,VMK OPAQUE DENTINE B1 12G,Consumible
13790,VMK OPAQUE DENTINE B1 50G,Analogo
13790,VMK OPAQUE DENTINE B1 50G,Ceramica De Recubrimiento
13793,VMK OPAQUE DENTINE B2 12G,Analogo
13793,VMK OPAQUE DENTINE B2 12G,Ceramica De Recubrimiento
13793,VMK OPAQUE DENTINE B2 12G,Consumible
13796,VMK OPAQUE DENTINE B2 50G,Analogo
13796,VMK OPAQUE DENTINE B2 50G,Ceramica De Recubrimiento
13799,VMK OPAQUE DENTINE B3 12G,Analogo
13799,VMK OPAQUE DENTINE B3 12G,Ceramica De Recubrimiento
13799,VMK OPAQUE DENTINE B3 12G,Consumible
13802,VMK OPAQUE DENTINE B3 50G,Analogo
13802,VMK OPAQUE DENTINE B3 50G,Ceramica De Recubrimiento
13805,VMK OPAQUE DENTINE B4 12G,Analogo
13805,VMK OPAQUE DENTINE B4 12G,Ceramica De Recubrimiento
13805,VMK OPAQUE DENTINE B4 12G,Consumible
13808,VMK OPAQUE DENTINE B4 50G,Analogo
13808,VMK OPAQUE DENTINE B4 50G,Ceramica De Recubrimiento
13811,VMK OPAQUE DENTINE C1 12G,Analogo
13811,VMK OPAQUE DENTINE C1 12G,Consumible
13811,VMK OPAQUE DENTINE C1 12G,Ceramica De Recubrimiento
13814,VMK OPAQUE DENTINE C1 50G,Analogo
13814,VMK OPAQUE DENTINE C1 50G,Ceramica De Recubrimiento
13817,VMK OPAQUE DENTINE C2 12G,Analogo
13817,VMK OPAQUE DENTINE C2 12G,Consumible
13817,VMK OPAQUE DENTINE C2 12G,Ceramica De Recubrimiento
13820,VMK OPAQUE DENTINE C2 50G,Analogo
13820,VMK OPAQUE DENTINE C2 50G,Ceramica De Recubrimiento
13823,VMK OPAQUE DENTINE C3 12G,Analogo
13823,VMK OPAQUE DENTINE C3 12G,Ceramica De Recubrimiento
13823,VMK OPAQUE DENTINE C3 12G,Consumible
13826,VMK OPAQUE DENTINE C3 50G,Analogo
13826,VMK OPAQUE DENTINE C3 50G,Ceramica De Recubrimiento
13829,VMK OPAQUE DENTINE C4 12G,Analogo
13829,VMK OPAQUE DENTINE C4 12G,Ceramica De Recubrimiento
13829,VMK OPAQUE DENTINE C4 12G,Consumible
13832,VMK OPAQUE DENTINE C4 50G,Analogo
13832,VMK OPAQUE DENTINE C4 50G,Ceramica De Recubrimiento
13835,VMK OPAQUE DENTINE D2 12G,Analogo
13835,VMK OPAQUE DENTINE D2 12G,Ceramica De Recubrimiento
13835,VMK OPAQUE DENTINE D2 12G,Consumible
13838,VMK OPAQUE DENTINE D2 50G,Analogo
13838,VMK OPAQUE DENTINE D2 50G,Ceramica De Recubrimiento
13841,VMK OPAQUE DENTINE D3 12G,Analogo
13841,VMK OPAQUE DENTINE D3 12G,Ceramica De Recubrimiento
13841,VMK OPAQUE DENTINE D3 12G,Consumible
13844,VMK OPAQUE DENTINE D3 50G,Analogo
13844,VMK OPAQUE DENTINE D3 50G,Ceramica De Recubrimiento
13847,VMK OPAQUE DENTINE D4 12G,Analogo
13847,VMK OPAQUE DENTINE D4 12G,Consumible
13847,VMK OPAQUE DENTINE D4 12G,Ceramica De Recubrimiento
13850,VMK OPAQUE DENTINE D4 50G,Analogo
13850,VMK OPAQUE DENTINE D4 50G,Ceramica De Recubrimiento
13865,VMK OPAQUE OP0 12G,Analogo
13865,VMK OPAQUE OP0 12G,Consumible
13865,VMK OPAQUE OP0 12G,Ceramica De Recubrimiento
13868,VMK OPAQUE OP0 50G,Analogo
13868,VMK OPAQUE OP0 50G,Ceramica De Recubrimiento
13871,VMK OPAQUE OP1 12G,Analogo
13871,VMK OPAQUE OP1 12G,Ceramica De Recubrimiento
13871,VMK OPAQUE OP1 12G,Consumible
13874,VMK OPAQUE OP1 50G,Analogo
13874,VMK OPAQUE OP1 50G,Consumible
13874,VMK OPAQUE OP1 50G,Ceramica De Recubrimiento
13877,VMK OPAQUE OP2 12G,Analogo
13877,VMK OPAQUE OP2 12G,Ceramica De Recubrimiento
13877,VMK OPAQUE OP2 12G,Consumible
13880,VMK OPAQUE OP2 50G,Analogo
13880,VMK OPAQUE OP2 50G,Consumible
13880,VMK OPAQUE OP2 50G,Ceramica De Recubrimiento
13883,VMK OPAQUE OP3 12G,Analogo
13883,VMK OPAQUE OP3 12G,Ceramica De Recubrimiento
13883,VMK OPAQUE OP3 12G,Consumible
13886,VMK OPAQUE OP3 50G,Analogo
13886,VMK OPAQUE OP3 50G,Consumible
13886,VMK OPAQUE OP3 50G,Ceramica De Recubrimiento
13889,VMK OPAQUE OP4 12G,Analogo
13889,VMK OPAQUE OP4 12G,Ceramica De Recubrimiento
13889,VMK OPAQUE OP4 12G,Consumible
13892,VMK OPAQUE OP4 50G,Analogo
13892,VMK OPAQUE OP4 50G,Consumible
13892,VMK OPAQUE OP4 50G,Ceramica De Recubrimiento
13895,VMK OPAQUE OP5 12G,Analogo
13895,VMK OPAQUE OP5 12G,Ceramica De Recubrimiento
13895,VMK OPAQUE OP5 12G,Consumible
13898,VMK OPAQUE OP5 50G,Analogo
13898,VMK OPAQUE OP5 50G,Ceramica De Recubrimiento
13904,VMK PEARL TRANSLUCENT PLT1,Analogo
13904,VMK PEARL TRANSLUCENT PLT1,Ceramica De Recubrimiento
13904,VMK PEARL TRANSLUCENT PLT1,Consumible
13910,VMK STANDARD SET POWDER 3D MASTER,Analogo
13910,VMK STANDARD SET POWDER 3D MASTER,Ceramica De Recubrimiento
13907,VMK STARTER SET 3D MASTER,Analogo
13907,VMK STARTER SET 3D MASTER,Ceramica De Recubrimiento
13913,VMK STARTER SET POWDER CLASSICAL A2/A3,Analogo
13913,VMK STARTER SET POWDER CLASSICAL A2/A3,Ceramica De Recubrimiento
13916,VMK TRANSLUCENT T1 12G,Analogo
13916,VMK TRANSLUCENT T1 12G,Ceramica De Recubrimiento
13916,VMK TRANSLUCENT T1 12G,Consumible
13919,VMK TRANSLUCENT T2 12G,Analogo
13919,VMK TRANSLUCENT T2 12G,Ceramica De Recubrimiento
13919,VMK TRANSLUCENT T2 12G,Consumible
13922,VMK TRANSLUCENT T3 12G,Analogo
13922,VMK TRANSLUCENT T3 12G,Consumible
13922,VMK TRANSLUCENT T3 12G,Ceramica De Recubrimiento
13925,VMK TRANSLUCENT T4 12G,Analogo
13925,VMK TRANSLUCENT T4 12G,Ceramica De Recubrimiento
13925,VMK TRANSLUCENT T4 12G,Consumible
13928,VMK TRANSLUCENT T4 50G,Analogo
13928,VMK TRANSLUCENT T4 50G,Consumible
13928,VMK TRANSLUCENT T4 50G,Ceramica De Recubrimiento
13931,VMK TRANSLUCENT T5 12G,Analogo
13931,VMK TRANSLUCENT T5 12G,Ceramica De Recubrimiento
13931,VMK TRANSLUCENT T5 12G,Consumible
13934,VMK TRANSLUCENT T5 50G,Analogo
13934,VMK TRANSLUCENT T5 50G,Ceramica De Recubrimiento
13937,VMK TRANSLUCENT T6 12G,Analogo
13937,VMK TRANSLUCENT T6 12G,Ceramica De Recubrimiento
13937,VMK TRANSLUCENT T6 12G,Consumible
13940,VMK TRANSLUCENT T7 12G,Analogo
13940,VMK TRANSLUCENT T7 12G,Consumible
13940,VMK TRANSLUCENT T7 12G,Ceramica De Recubrimiento
13943,VMK TRANSLUCENT T8 12G,Analogo
13943,VMK TRANSLUCENT T8 12G,Ceramica De Recubrimiento
13943,VMK TRANSLUCENT T8 12G,Consumible
13952,VMK WASH OPAQUE WO 12G,Analogo
13952,VMK WASH OPAQUE WO 12G,Ceramica De Recubrimiento
13952,VMK WASH OPAQUE WO 12G,Consumible
13955,VMK WASH OPAQUE WO 50G,Analogo
13955,VMK WASH OPAQUE WO 50G,Consumible
13955,VMK WASH OPAQUE WO 50G,Ceramica De Recubrimiento
13946,VMK WINDOW WIN 12G,Analogo
13946,VMK WINDOW WIN 12G,Ceramica De Recubrimiento
13946,VMK WINDOW WIN 12G,Consumible
13949,VMK WINDOW WIN 50G,Analogo
13949,VMK WINDOW WIN 50G,Ceramica De Recubrimiento
13949,VMK WINDOW WIN 50G,Consumible
13958,VMLC BASE DENTINE 0M1 4G,Analogo
13958,VMLC BASE DENTINE 0M1 4G,Consumible
13958,VMLC BASE DENTINE 0M1 4G,Composite Fotopolimerizable
13961,VMLC BASE DENTINE 0M2 4G,Analogo
13961,VMLC BASE DENTINE 0M2 4G,Consumible
13961,VMLC BASE DENTINE 0M2 4G,Composite Fotopolimerizable
13964,VMLC BASE DENTINE 0M3 4G,Analogo
13964,VMLC BASE DENTINE 0M3 4G,Consumible
13964,VMLC BASE DENTINE 0M3 4G,Composite Fotopolimerizable
13967,VMLC BASE DENTINE 1M1 4G,Analogo
13967,VMLC BASE DENTINE 1M1 4G,Consumible
13967,VMLC BASE DENTINE 1M1 4G,Composite Fotopolimerizable
13970,VMLC BASE DENTINE 1M2 4G,Analogo
13970,VMLC BASE DENTINE 1M2 4G,Consumible
13970,VMLC BASE DENTINE 1M2 4G,Composite Fotopolimerizable
13973,VMLC BASE DENTINE 2L1.5 4G,Analogo
13973,VMLC BASE DENTINE 2L1.5 4G,Consumible
13973,VMLC BASE DENTINE 2L1.5 4G,Composite Fotopolimerizable
13976,VMLC BASE DENTINE 2L2.5 4G,Analogo
13976,VMLC BASE DENTINE 2L2.5 4G,Consumible
13976,VMLC BASE DENTINE 2L2.5 4G,Composite Fotopolimerizable
13979,VMLC BASE DENTINE 2M1 4G,Analogo
13979,VMLC BASE DENTINE 2M1 4G,Consumible
13979,VMLC BASE DENTINE 2M1 4G,Composite Fotopolimerizable
13982,VMLC BASE DENTINE 2M2 4G,Analogo
13982,VMLC BASE DENTINE 2M2 4G,Consumible
13982,VMLC BASE DENTINE 2M2 4G,Composite Fotopolimerizable
13985,VMLC BASE DENTINE 2M3 4G,Analogo
13985,VMLC BASE DENTINE 2M3 4G,Consumible
13985,VMLC BASE DENTINE 2M3 4G,Composite Fotopolimerizable
13988,VMLC BASE DENTINE 2R1.5 4G,Analogo
13988,VMLC BASE DENTINE 2R1.5 4G,Consumible
13988,VMLC BASE DENTINE 2R1.5 4G,Composite Fotopolimerizable
13991,VMLC BASE DENTINE 2R2.5 4G,Analogo
13991,VMLC BASE DENTINE 2R2.5 4G,Consumible
13991,VMLC BASE DENTINE 2R2.5 4G,Composite Fotopolimerizable
13994,VMLC BASE DENTINE 3L1.5 4G,Analogo
13994,VMLC BASE DENTINE 3L1.5 4G,Consumible
13994,VMLC BASE DENTINE 3L1.5 4G,Composite Fotopolimerizable
13997,VMLC BASE DENTINE 3L2.5 4G,Analogo
13997,VMLC BASE DENTINE 3L2.5 4G,Consumible
13997,VMLC BASE DENTINE 3L2.5 4G,Composite Fotopolimerizable
14000,VMLC BASE DENTINE 3M1 4G,Analogo
14000,VMLC BASE DENTINE 3M1 4G,Consumible
14000,VMLC BASE DENTINE 3M1 4G,Composite Fotopolimerizable
14003,VMLC BASE DENTINE 3M2 4G,Analogo
14003,VMLC BASE DENTINE 3M2 4G,Consumible
14003,VMLC BASE DENTINE 3M2 4G,Composite Fotopolimerizable
14006,VMLC BASE DENTINE 3M3 4G,Analogo
14006,VMLC BASE DENTINE 3M3 4G,Consumible
14006,VMLC BASE DENTINE 3M3 4G,Composite Fotopolimerizable
14009,VMLC BASE DENTINE 3R1.5 4G,Analogo
14009,VMLC BASE DENTINE 3R1.5 4G,Consumible
14009,VMLC BASE DENTINE 3R1.5 4G,Composite Fotopolimerizable
14012,VMLC BASE DENTINE 3R2.5 4G,Analogo
14012,VMLC BASE DENTINE 3R2.5 4G,Consumible
14012,VMLC BASE DENTINE 3R2.5 4G,Composite Fotopolimerizable
14015,VMLC BASE DENTINE 4L1.5 4G,Analogo
14015,VMLC BASE DENTINE 4L1.5 4G,Consumible
14015,VMLC BASE DENTINE 4L1.5 4G,Composite Fotopolimerizable
14018,VMLC BASE DENTINE 4L2.5 4G,Analogo
14018,VMLC BASE DENTINE 4L2.5 4G,Consumible
14018,VMLC BASE DENTINE 4L2.5 4G,Composite Fotopolimerizable
14021,VMLC BASE DENTINE 4M1 4G,Analogo
14021,VMLC BASE DENTINE 4M1 4G,Consumible
14021,VMLC BASE DENTINE 4M1 4G,Composite Fotopolimerizable
14024,VMLC BASE DENTINE 4M2 4G,Analogo
14024,VMLC BASE DENTINE 4M2 4G,Consumible
14024,VMLC BASE DENTINE 4M2 4G,Composite Fotopolimerizable
14027,VMLC BASE DENTINE 4M3 4G,Analogo
14027,VMLC BASE DENTINE 4M3 4G,Consumible
14027,VMLC BASE DENTINE 4M3 4G,Composite Fotopolimerizable
14030,VMLC BASE DENTINE 4R1.5 4G,Analogo
14030,VMLC BASE DENTINE 4R1.5 4G,Consumible
14030,VMLC BASE DENTINE 4R1.5 4G,Composite Fotopolimerizable
14033,VMLC BASE DENTINE 4R2.5 4G,Analogo
14033,VMLC BASE DENTINE 4R2.5 4G,Consumible
14033,VMLC BASE DENTINE 4R2.5 4G,Composite Fotopolimerizable
14036,VMLC BASE DENTINE 5M1 4G,Analogo
14036,VMLC BASE DENTINE 5M1 4G,Consumible
14036,VMLC BASE DENTINE 5M1 4G,Composite Fotopolimerizable
14039,VMLC BASE DENTINE 5M2 4G,Analogo
14039,VMLC BASE DENTINE 5M2 4G,Consumible
14039,VMLC BASE DENTINE 5M2 4G,Composite Fotopolimerizable
14042,VMLC BASE DENTINE 5M3 4G,Analogo
14042,VMLC BASE DENTINE 5M3 4G,Consumible
14042,VMLC BASE DENTINE 5M3 4G,Composite Fotopolimerizable
14045,VMLC BASE DENTINE A1 4G,Analogo
14045,VMLC BASE DENTINE A1 4G,Consumible
14045,VMLC BASE DENTINE A1 4G,Composite Fotopolimerizable
14048,VMLC BASE DENTINE A2 4G,Analogo
14048,VMLC BASE DENTINE A2 4G,Consumible
14048,VMLC BASE DENTINE A2 4G,Composite Fotopolimerizable
14054,VMLC BASE DENTINE A3 4G,Analogo
14054,VMLC BASE DENTINE A3 4G,Consumible
14054,VMLC BASE DENTINE A3 4G,Composite Fotopolimerizable
14051,VMLC BASE DENTINE A3.5 4G,Analogo
14051,VMLC BASE DENTINE A3.5 4G,Consumible
14051,VMLC BASE DENTINE A3.5 4G,Composite Fotopolimerizable
14057,VMLC BASE DENTINE A4 4G,Analogo
14057,VMLC BASE DENTINE A4 4G,Consumible
14057,VMLC BASE DENTINE A4 4G,Composite Fotopolimerizable
14060,VMLC BASE DENTINE B1 4G,Analogo
14060,VMLC BASE DENTINE B1 4G,Consumible
14060,VMLC BASE DENTINE B1 4G,Composite Fotopolimerizable
14063,VMLC BASE DENTINE B2 4G,Analogo
14063,VMLC BASE DENTINE B2 4G,Consumible
14063,VMLC BASE DENTINE B2 4G,Composite Fotopolimerizable
14066,VMLC BASE DENTINE B3 4G,Analogo
14066,VMLC BASE DENTINE B3 4G,Consumible
14066,VMLC BASE DENTINE B3 4G,Composite Fotopolimerizable
14069,VMLC BASE DENTINE B4 4G,Analogo
14069,VMLC BASE DENTINE B4 4G,Consumible
14069,VMLC BASE DENTINE B4 4G,Composite Fotopolimerizable
14072,VMLC BASE DENTINE C1 4G,Analogo
14072,VMLC BASE DENTINE C1 4G,Consumible
14072,VMLC BASE DENTINE C1 4G,Composite Fotopolimerizable
14075,VMLC BASE DENTINE C2 4G,Analogo
14075,VMLC BASE DENTINE C2 4G,Consumible
14075,VMLC BASE DENTINE C2 4G,Composite Fotopolimerizable
14078,VMLC BASE DENTINE C3 4G,Analogo
14078,VMLC BASE DENTINE C3 4G,Consumible
14078,VMLC BASE DENTINE C3 4G,Composite Fotopolimerizable
14081,VMLC BASE DENTINE C4 4G,Analogo
14081,VMLC BASE DENTINE C4 4G,Consumible
14081,VMLC BASE DENTINE C4 4G,Composite Fotopolimerizable
14084,VMLC BASE DENTINE D2 4G,Analogo
14084,VMLC BASE DENTINE D2 4G,Consumible
14084,VMLC BASE DENTINE D2 4G,Composite Fotopolimerizable
14087,VMLC BASE DENTINE D3 4G,Analogo
14087,VMLC BASE DENTINE D3 4G,Consumible
14087,VMLC BASE DENTINE D3 4G,Composite Fotopolimerizable
14090,VMLC BASE DENTINE D4 4G,Analogo
14090,VMLC BASE DENTINE D4 4G,Consumible
14090,VMLC BASE DENTINE D4 4G,Composite Fotopolimerizable
14093,VMLC CHROMA PLUS CP1,Analogo
14093,VMLC CHROMA PLUS CP1,Consumible
14093,VMLC CHROMA PLUS CP1,Composite Fotopolimerizable
14099,VMLC CHROMA PLUS CP2,Analogo
14099,VMLC CHROMA PLUS CP2,Consumible
14099,VMLC CHROMA PLUS CP2,Composite Fotopolimerizable
14105,VMLC CHROMA PLUS CP3,Analogo
14105,VMLC CHROMA PLUS CP3,Consumible
14105,VMLC CHROMA PLUS CP3,Composite Fotopolimerizable
14111,VMLC CHROMA PLUS CP4,Analogo
14111,VMLC CHROMA PLUS CP4,Consumible
14111,VMLC CHROMA PLUS CP4,Composite Fotopolimerizable
14117,VMLC CHROMA PLUS CP5,Analogo
14117,VMLC CHROMA PLUS CP5,Consumible
14117,VMLC CHROMA PLUS CP5,Composite Fotopolimerizable
14096,VMLC CHROMA PLUS FLOW CP1,Analogo
14096,VMLC CHROMA PLUS FLOW CP1,Consumible
14096,VMLC CHROMA PLUS FLOW CP1,Composite Fotopolimerizable
14102,VMLC CHROMA PLUS FLOW CP2,Analogo
14102,VMLC CHROMA PLUS FLOW CP2,Consumible
14102,VMLC CHROMA PLUS FLOW CP2,Composite Fotopolimerizable
14108,VMLC CHROMA PLUS FLOW CP3,Analogo
14108,VMLC CHROMA PLUS FLOW CP3,Consumible
14108,VMLC CHROMA PLUS FLOW CP3,Composite Fotopolimerizable
14114,VMLC CHROMA PLUS FLOW CP4,Analogo
14114,VMLC CHROMA PLUS FLOW CP4,Consumible
14114,VMLC CHROMA PLUS FLOW CP4,Composite Fotopolimerizable
14120,VMLC CHROMA PLUS FLOW CP5,Analogo
14120,VMLC CHROMA PLUS FLOW CP5,Consumible
14120,VMLC CHROMA PLUS FLOW CP5,Composite Fotopolimerizable
14132,VMLC EFFECT ENAMEL EE1 FLOW,Analogo
14132,VMLC EFFECT ENAMEL EE1 FLOW,Ceromero
14123,VMLC EFFECT ENAMEL EE10 FLOW,Analogo
14123,VMLC EFFECT ENAMEL EE10 FLOW,Ceromero
14126,VMLC EFFECT ENAMEL EE11 FLOW,Analogo
14126,VMLC EFFECT ENAMEL EE11 FLOW,Ceromero
14129,VMLC EFFECT ENAMEL EE12 FLOW,Analogo
14129,VMLC EFFECT ENAMEL EE12 FLOW,Ceromero
14135,VMLC EFFECT ENAMEL EE2,Analogo
14135,VMLC EFFECT ENAMEL EE2,Ceromero
14138,VMLC EFFECT ENAMEL EE2 FLOW,Analogo
14138,VMLC EFFECT ENAMEL EE2 FLOW,Ceromero
14141,VMLC EFFECT ENAMEL EE3 FLOW,Analogo
14141,VMLC EFFECT ENAMEL EE3 FLOW,Ceromero
14144,VMLC EFFECT ENAMEL EE4 FLOW,Analogo
14144,VMLC EFFECT ENAMEL EE4 FLOW,Ceromero
14147,VMLC EFFECT ENAMEL EE5 FLOW,Analogo
14147,VMLC EFFECT ENAMEL EE5 FLOW,Ceromero
14150,VMLC EFFECT ENAMEL EE6 FLOW,Analogo
14150,VMLC EFFECT ENAMEL EE6 FLOW,Ceromero
14153,VMLC EFFECT ENAMEL EE7 FLOW,Analogo
14153,VMLC EFFECT ENAMEL EE7 FLOW,Ceromero
14156,VMLC EFFECT ENAMEL EE8 FLOW,Analogo
14156,VMLC EFFECT ENAMEL EE8 FLOW,Ceromero
14159,VMLC EFFECT ENAMEL EE9 FLOW,Analogo
14159,VMLC EFFECT ENAMEL EE9 FLOW,Ceromero
14162,VMLC EFFECT LINER EL1,Analogo
14162,VMLC EFFECT LINER EL1,Ceromero
14165,VMLC EFFECT LINER EL2,Analogo
14165,VMLC EFFECT LINER EL2,Ceromero
14168,VMLC EFFECT LINER EL3,Analogo
14168,VMLC EFFECT LINER EL3,Ceromero
14171,VMLC EFFECT LINER EL4,Analogo
14171,VMLC EFFECT LINER EL4,Ceromero
14174,VMLC EFFECT LINER EL5,Analogo
14174,VMLC EFFECT LINER EL5,Ceromero
14177,VMLC EFFECT LINER EL6,Analogo
14177,VMLC EFFECT LINER EL6,Ceromero
14180,VMLC ENAMEL END 4G,Analogo
14180,VMLC ENAMEL END 4G,Consumible
14180,VMLC ENAMEL END 4G,Ceromero
14183,VMLC ENAMEL ENL 4G,Analogo
14183,VMLC ENAMEL ENL 4G,Ceromero
14183,VMLC ENAMEL ENL 4G,Consumible
14186,VMLC FLOW ENAMEL END 4G,Analogo
14186,VMLC FLOW ENAMEL END 4G,Ceromero
14189,VMLC FLOW ENAMEL ENL 4G,Analogo
14189,VMLC FLOW ENAMEL ENL 4G,Consumible
14189,VMLC FLOW ENAMEL ENL 4G,Ceromero
14192,VMLC FLOW NEUTRAL NT 4G,Analogo
14192,VMLC FLOW NEUTRAL NT 4G,Consumible
14192,VMLC FLOW NEUTRAL NT 4G,Ceromero
14201,VMLC FLOW WINDOW WIN 3G,Analogo
14201,VMLC FLOW WINDOW WIN 3G,Consumible
14201,VMLC FLOW WINDOW WIN 3G,Ceromero
14204,VMLC GINGIVA G1,Analogo
14204,VMLC GINGIVA G1,Ceromero
14207,VMLC GINGIVA G1 FLOW,Analogo
14207,VMLC GINGIVA G1 FLOW,Ceromero
14210,VMLC GINGIVA G2,Analogo
14210,VMLC GINGIVA G2,Ceromero
14213,VMLC GINGIVA G2 FLOW,Analogo
14213,VMLC GINGIVA G2 FLOW,Ceromero
14216,VMLC GINGIVA G3,Analogo
14216,VMLC GINGIVA G3,Ceromero
14219,VMLC GINGIVA G3 FLOW,Analogo
14219,VMLC GINGIVA G3 FLOW,Ceromero
14222,VMLC GINGIVA G4,Analogo
14222,VMLC GINGIVA G4,Ceromero
14225,VMLC GINGIVA G4 FLOW,Analogo
14225,VMLC GINGIVA G4 FLOW,Ceromero
14228,VMLC GINGIVA G5,Analogo
14228,VMLC GINGIVA G5,Ceromero
14231,VMLC GINGIVA OPAQUE GOL,Analogo
14231,VMLC GINGIVA OPAQUE GOL,Ceromero
14234,VMLC MODELLING LIQUID 10ML,Liquidos
14234,VMLC MODELLING LIQUID 10ML,Analogo
14234,VMLC MODELLING LIQUID 10ML,Consumible
8447,VMLC MODELLING LIQUID 30ML,Liquidos
8447,VMLC MODELLING LIQUID 30ML,Analogo
8447,VMLC MODELLING LIQUID 30ML,Liquidos Para Ceramica
8447,VMLC MODELLING LIQUID 30ML,Consumible
14237,VMLC NEUTRAL NT 4G,Analogo
14237,VMLC NEUTRAL NT 4G,Ceromero
14240,VMLC OPAQUE 2M2 10G,Analogo
14240,VMLC OPAQUE 2M2 10G,Ceromero
14243,VMLC OPAQUE 3M2 10G,Analogo
14243,VMLC OPAQUE 3M2 10G,Ceromero
14246,VMLC OPAQUE LIQUID 10ML,Analogo
14246,VMLC OPAQUE LIQUID 10ML,Liquidos
14246,VMLC OPAQUE LIQUID 10ML,Consumible
8483,VMLC OPAQUE LIQUID 5ML,Liquidos
8483,VMLC OPAQUE LIQUID 5ML,Analogo
8483,VMLC OPAQUE LIQUID 5ML,Resinas
8483,VMLC OPAQUE LIQUID 5ML,Consumible
14249,VMLC PAINT PT1,Analogo
14249,VMLC PAINT PT1,Ceromero
14252,VMLC PAINT PT12,Analogo
14252,VMLC PAINT PT12,Ceromero
14255,VMLC PAINT PT13,Analogo
14255,VMLC PAINT PT13,Ceromero
14258,VMLC PAINT PT15,Analogo
14258,VMLC PAINT PT15,Ceromero
14261,VMLC PAINT PT17,Analogo
14261,VMLC PAINT PT17,Consumible
14261,VMLC PAINT PT17,Ceromero
14264,VMLC PAINT PT19,Analogo
14264,VMLC PAINT PT19,Ceromero
14267,VMLC PAINT PT3,Analogo
14267,VMLC PAINT PT3,Ceromero
14270,VMLC PAINT PT5,Analogo
14270,VMLC PAINT PT5,Ceromero
14273,VMLC PAINT PT8,Analogo
14273,VMLC PAINT PT8,Ceromero
14276,VMLC PAINT PT9,Analogo
14276,VMLC PAINT PT9,Ceromero
14279,VMLC SEPARADOR 30ML,Analogo
14279,VMLC SEPARADOR 30ML,Ceromero
14279,VMLC SEPARADOR 30ML,Consumible
14282,VMLC WINDOW WIN 4G,Analogo
14282,VMLC WINDOW WIN 4G,Ceromero
121679,VOLANTE HORNOS DEKEMA,Folletos
121683,VOLANTE HORNOS SERIE I DEKEMA,Folletos
121664,VOLANTE INFOMATIVO ARTEX 2022,Folletos
121660,VOLANTE INFORMATIVO CAMEO PRESS + MILL 2022,Folletos
121671,VOLANTE INFORMATIVO YETI + DATA 2022,Folletos
121668,VOLANTE INFROMATIVO MEDIT I500 + I700 2022,Folletos
121755,VOLANTE MIYO,Folletos
121675,VOLANTE PHROZEN 4K 2022,Folletos
99851,VPAD COMFORT,Analogo
99851,VPAD COMFORT,Accesorio
82443,VPAD EXCELLENCE,Analogo
82443,VPAD EXCELLENCE,Accesorio
96924,VPAD POWER INJECTOR CABLE,Analogo
96924,VPAD POWER INJECTOR CABLE,Equipo
98450,WASHER,Digital
98450,WASHER,Refaccion
98450,WASHER,Impresoras 3d
121262,WASHER 6.4 MM,Accesorio
121262,WASHER 6.4 MM,Analogo
98525,WASHER SCHICK,Digital
98525,WASHER SCHICK,Refaccion
98525,WASHER SCHICK,Impresoras 3d
234076,WATER TANK GLASS CERAMIC MOTION DRS,Digital
234076,WATER TANK GLASS CERAMIC MOTION DRS,Refaccion
234076,WATER TANK GLASS CERAMIC MOTION DRS,Fresadoras
4934,WAX GIANT CERA GRIS OPACA 75G,Analogo
4934,WAX GIANT CERA GRIS OPACA 75G,Ceras De Modelado
4934,WAX GIANT CERA GRIS OPACA 75G,Consumible
4949,WAX GIANT CERA IVORY ASH-FREE 75G,Analogo
4949,WAX GIANT CERA IVORY ASH-FREE 75G,Ceras De Modelado
4949,WAX GIANT CERA IVORY ASH-FREE 75G,Consumible
4946,WAX GIANT CERA SAHARA ASH-FREE 75G,Analogo
4946,WAX GIANT CERA SAHARA ASH-FREE 75G,Ceras De Modelado
4946,WAX GIANT CERA SAHARA ASH-FREE 75G,Consumible
4940,WAX GIANT CERA SUNLIGHT ASH-FREE 45G,Analogo
4940,WAX GIANT CERA SUNLIGHT ASH-FREE 45G,Ceras De Modelado
4940,WAX GIANT CERA SUNLIGHT ASH-FREE 45G,Consumible
4943,WAX GIANT CERA SUNLIGHT ASH-FREE 8G,Analogo
4943,WAX GIANT CERA SUNLIGHT ASH-FREE 8G,Ceras De Modelado
4943,WAX GIANT CERA SUNLIGHT ASH-FREE 8G,Consumible
4937,WAX GIANT CERA WOOD ASH-FREE 75G,Analogo
4937,WAX GIANT CERA WOOD ASH-FREE 75G,Ceras De Modelado
4937,WAX GIANT CERA WOOD ASH-FREE 75G,Consumible
89952,WAX GIANT SINGLE LINE SNOR WHITE 75G (OPACA),Analogo
89952,WAX GIANT SINGLE LINE SNOR WHITE 75G (OPACA),Ceras De Modelado
89952,WAX GIANT SINGLE LINE SNOR WHITE 75G (OPACA),Consumible
80703,WAXLECTRIC I 100-240 V 50/60HZ USA,Analogo
80703,WAXLECTRIC I 100-240 V 50/60HZ USA,Equipo
80703,WAXLECTRIC I 100-240 V 50/60HZ USA,Enceradoras
80754,WAXLECTRIC LIGHT I 100-240 V 50/60HZ USA,Analogo
80754,WAXLECTRIC LIGHT I 100-240 V 50/60HZ USA,Equipo
80754,WAXLECTRIC LIGHT I 100-240 V 50/60HZ USA,Enceradoras
96154,WERKSTÜCKHALTER 98 MIKRO (5X),Digital
96154,WERKSTÜCKHALTER 98 MIKRO (5X),Fresadoras
96154,WERKSTÜCKHALTER 98 MIKRO (5X),Refaccion
96157,WERKSTÜCKHALTERUNG 98 (4X),Digital
96157,WERKSTÜCKHALTERUNG 98 (4X),Fresadoras
96157,WERKSTÜCKHALTERUNG 98 (4X),Refaccion
3680,WERKSTÜCKHALTERUNG GK 3FACH M2 (5X) HOLDER DE VICTROCERAMICA,Digital
3680,WERKSTÜCKHALTERUNG GK 3FACH M2 (5X) HOLDER DE VICTROCERAMICA,Fresadoras
3680,WERKSTÜCKHALTERUNG GK 3FACH M2 (5X) HOLDER DE VICTROCERAMICA,Refaccion
100844,WHITE RIBBON FOR SONIC 4K,Digital
100844,WHITE RIBBON FOR SONIC 4K,Impresoras 3d
100844,WHITE RIBBON FOR SONIC 4K,Refaccion
100844,WHITE RIBBON FOR SONIC 4K,Impresoras Lcd
232954,WORKPIECE HOLDER C- CLAMP M2,Digital
232954,WORKPIECE HOLDER C- CLAMP M2,Accesorio
232954,WORKPIECE HOLDER C- CLAMP M2,Fresadoras
85532,"X/Y/Z AXIS MOTOR INCL ENCODER 4X AND 5X FOR MIKRO 4X, 5X, IC, CS",Digital
85532,"X/Y/Z AXIS MOTOR INCL ENCODER 4X AND 5X FOR MIKRO 4X, 5X, IC, CS",Fresadoras
85532,"X/Y/Z AXIS MOTOR INCL ENCODER 4X AND 5X FOR MIKRO 4X, 5X, IC, CS",Refaccion
85514,X/Y/Z AXIS MOTOR INCL. ENCODER M2 FOR MOTION 2,Digital
85514,X/Y/Z AXIS MOTOR INCL. ENCODER M2 FOR MOTION 2,Fresadoras
85514,X/Y/Z AXIS MOTOR INCL. ENCODER M2 FOR MOTION 2,Refaccion
115695,X/Y/Z AXIS MOTOR INCL. ENCODER MATIK,Refaccion
115695,X/Y/Z AXIS MOTOR INCL. ENCODER MATIK,Digital
85514,X/Y/Z AXIS MOTOR INCL. ENCODER PARA M2/3,Digital
85514,X/Y/Z AXIS MOTOR INCL. ENCODER PARA M2/3,Refaccion
85514,X/Y/Z AXIS MOTOR INCL. ENCODER PARA M2/3,Fresadoras
85514,X/Y/Z AXIS MOTOR INCL. ENCODER PARA MOTION 2,Digital
85514,X/Y/Z AXIS MOTOR INCL. ENCODER PARA MOTION 2,Refaccion
85514,X/Y/Z AXIS MOTOR INCL. ENCODER PARA MOTION 2,Fresadoras
89996,YETI CORUNDO BLANCO 110MY (SACO 25KG),Analogo
89996,YETI CORUNDO BLANCO 110MY (SACO 25KG),Arenas
89996,YETI CORUNDO BLANCO 110MY (SACO 25KG),Consumible
89993,YETI CORUNDO BLANCO 50MY (SACO 25KG),Analogo
89993,YETI CORUNDO BLANCO 50MY (SACO 25KG),Arenas
89993,YETI CORUNDO BLANCO 50MY (SACO 25KG),Consumible
89990,YETI EXPANSION PLUS LIQUIDO 1000ML,Analogo
89990,YETI EXPANSION PLUS LIQUIDO 1000ML,Investimento
89990,YETI EXPANSION PLUS LIQUIDO 1000ML,Consumible
89982,YETI EXPANSION PLUS REVESTIMIENTO 50X100G + 1 LIQUIDO,Analogo
89982,YETI EXPANSION PLUS REVESTIMIENTO 50X100G + 1 LIQUIDO,Investimento
89982,YETI EXPANSION PLUS REVESTIMIENTO 50X100G + 1 LIQUIDO,Consumible
89985,YETI EXPANSION PLUS REVESTIMIENTO 50X100G+ LIQUIDO TEST KIT,Analogo
89985,YETI EXPANSION PLUS REVESTIMIENTO 50X100G+ LIQUIDO TEST KIT,Investimento
89985,YETI EXPANSION PLUS REVESTIMIENTO 50X100G+ LIQUIDO TEST KIT,Consumible
4826,YETI LUBE 18 ML,Analogo
4826,YETI LUBE 18 ML,Espaciador
4826,YETI LUBE 18 ML,Consumible
4823,YETI LUBE 3 ML,Analogo
4823,YETI LUBE 3 ML,Espaciador
4823,YETI LUBE 3 ML,Consumible
89999,YETI PERLAS DE VETRO PARA BRILLAR 50MY (SACO 25KG),Analogo
89999,YETI PERLAS DE VETRO PARA BRILLAR 50MY (SACO 25KG),Arenas
89999,YETI PERLAS DE VETRO PARA BRILLAR 50MY (SACO 25KG),Consumible
5459,YETI SIERRA,Analogo
5459,YETI SIERRA,Insumos De Laboratorio
5459,YETI SIERRA,Consumible
209516,Z-AXIS WITH MOTER FOR MIGHTY 4K,Digital
209516,Z-AXIS WITH MOTER FOR MIGHTY 4K,Refaccion
209516,Z-AXIS WITH MOTER FOR MIGHTY 4K,Impresoras 3d
209516,Z-AXIS WITH MOTER FOR MIGHTY 4K,Impresoras Lcd
215362,Z-AXIS WITH MOTER FOR MIGHTY 8K,Digital
215362,Z-AXIS WITH MOTER FOR MIGHTY 8K,Refaccion
215362,Z-AXIS WITH MOTER FOR MIGHTY 8K,Impresoras 3d
209520,Z-AXIS WITH MOTER FOR SM8K,Digital
209520,Z-AXIS WITH MOTER FOR SM8K,Refaccion
209520,Z-AXIS WITH MOTER FOR SM8K,Impresoras 3d
215407,Z-AXIS WITH MOTER FOR SONIC MINI 8K S,Digital
215407,Z-AXIS WITH MOTER FOR SONIC MINI 8K S,Refaccion
215407,Z-AXIS WITH MOTER FOR SONIC MINI 8K S,Impresoras 3d
189576,ZEBRIS ADAPTADOR PARA HORQUILLA DE MORDIDA,Digital
189576,ZEBRIS ADAPTADOR PARA HORQUILLA DE MORDIDA,Arco Facial Digital
189576,ZEBRIS ADAPTADOR PARA HORQUILLA DE MORDIDA,Accesorio
195200,ZEBRIS FOLIO DE POSICIONAMIENTO,Digital
195200,ZEBRIS FOLIO DE POSICIONAMIENTO,Arco Facial Digital
195200,ZEBRIS FOLIO DE POSICIONAMIENTO,Accesorio
191177,ZEBRIS FOR CERAMILL,Digital
191177,ZEBRIS FOR CERAMILL,Arco Facial Digital
191177,ZEBRIS FOR CERAMILL,Equipo
189565,ZEBRIS HORQUILLA DE MORDIDA,Digital
189565,ZEBRIS HORQUILLA DE MORDIDA,Arco Facial Digital
189565,ZEBRIS HORQUILLA DE MORDIDA,Accesorio
195206,ZEBRIS SET TORNILLOS PARA ESTADO TRANSFER,Digital
195206,ZEBRIS SET TORNILLOS PARA ESTADO TRANSFER,Arco Facial Digital
195206,ZEBRIS SET TORNILLOS PARA ESTADO TRANSFER,Accesorio
298204,ZI-CT BLEACH DENTINE BD-A 20G,Analogo
298204,ZI-CT BLEACH DENTINE BD-A 20G,Consumible
298204,ZI-CT BLEACH DENTINE BD-A 20G,Ceramica De Recubrimiento
298204,ZI-CT BLEACH DENTINE BD-A 20G,Ceramica Para Circonio
298177,ZI-CT DENTINE D-A1 20G,Analogo
298177,ZI-CT DENTINE D-A1 20G,Consumible
298177,ZI-CT DENTINE D-A1 20G,Ceramica De Recubrimiento
298177,ZI-CT DENTINE D-A1 20G,Ceramica Para Circonio
298180,ZI-CT DENTINE D-A2 20G,Analogo
298180,ZI-CT DENTINE D-A2 20G,Consumible
298180,ZI-CT DENTINE D-A2 20G,Ceramica De Recubrimiento
298180,ZI-CT DENTINE D-A2 20G,Ceramica Para Circonio
298184,ZI-CT DENTINE D-A3 20G,Analogo
298184,ZI-CT DENTINE D-A3 20G,Consumible
298184,ZI-CT DENTINE D-A3 20G,Ceramica De Recubrimiento
298184,ZI-CT DENTINE D-A3 20G,Ceramica Para Circonio
298207,ZI-CT EFFECT ENAMEL SI-06 HEAVY ORANGE 20G,Analogo
298207,ZI-CT EFFECT ENAMEL SI-06 HEAVY ORANGE 20G,Consumible
298207,ZI-CT EFFECT ENAMEL SI-06 HEAVY ORANGE 20G,Ceramica De Recubrimiento
298207,ZI-CT EFFECT ENAMEL SI-06 HEAVY ORANGE 20G,Ceramica Para Circonio
298195,ZI-CT ENAMEL E-57 20G,Analogo
298195,ZI-CT ENAMEL E-57 20G,Consumible
298195,ZI-CT ENAMEL E-57 20G,Ceramica De Recubrimiento
298195,ZI-CT ENAMEL E-57 20G,Ceramica Para Circonio
298198,ZI-CT ENAMEL E-58 20G,Analogo
298198,ZI-CT ENAMEL E-58 20G,Consumible
298198,ZI-CT ENAMEL E-58 20G,Ceramica De Recubrimiento
298198,ZI-CT ENAMEL E-58 20G,Ceramica Para Circonio
298201,ZI-CT ENAMEL E-59 20G,Analogo
298201,ZI-CT ENAMEL E-59 20G,Consumible
298201,ZI-CT ENAMEL E-59 20G,Ceramica De Recubrimiento
298201,ZI-CT ENAMEL E-59 20G,Ceramica Para Circonio
298259,ZI-CT NECK TRANSPA HT-55 BORDEAUX 15G,Analogo
298259,ZI-CT NECK TRANSPA HT-55 BORDEAUX 15G,Consumible
298259,ZI-CT NECK TRANSPA HT-55 BORDEAUX 15G,Ceramica De Recubrimiento
298259,ZI-CT NECK TRANSPA HT-55 BORDEAUX 15G,Ceramica Para Circonio
298228,ZI-CT PEARL ENAMEL PS-3 ORANGE 20G,Analogo
298228,ZI-CT PEARL ENAMEL PS-3 ORANGE 20G,Consumible
298228,ZI-CT PEARL ENAMEL PS-3 ORANGE 20G,Ceramica De Recubrimiento
298228,ZI-CT PEARL ENAMEL PS-3 ORANGE 20G,Ceramica Para Circonio
298225,ZI-CT TRANSPA GELLER MIX 20G,Analogo
298225,ZI-CT TRANSPA GELLER MIX 20G,Consumible
298225,ZI-CT TRANSPA GELLER MIX 20G,Ceramica De Recubrimiento
298225,ZI-CT TRANSPA GELLER MIX 20G,Ceramica Para Circonio
298210,ZI-CT TRANSPA NT NEUTRAL 20G,Analogo
298210,ZI-CT TRANSPA NT NEUTRAL 20G,Consumible
298210,ZI-CT TRANSPA NT NEUTRAL 20G,Ceramica De Recubrimiento
298210,ZI-CT TRANSPA NT NEUTRAL 20G,Ceramica Para Circonio
298213,ZI-CT TRANSPA OT OPAL 20G,Analogo
298213,ZI-CT TRANSPA OT OPAL 20G,Consumible
298213,ZI-CT TRANSPA OT OPAL 20G,Ceramica De Recubrimiento
298213,ZI-CT TRANSPA OT OPAL 20G,Ceramica Para Circonio
298222,ZI-CT TRANSPA OT+ 20G,Analogo
298222,ZI-CT TRANSPA OT+ 20G,Consumible
298222,ZI-CT TRANSPA OT+ 20G,Ceramica De Recubrimiento
298222,ZI-CT TRANSPA OT+ 20G,Ceramica Para Circonio
298216,ZI-CT TRANSPA TI-1 BLUE 20G,Analogo
298216,ZI-CT TRANSPA TI-1 BLUE 20G,Consumible
298216,ZI-CT TRANSPA TI-1 BLUE 20G,Ceramica De Recubrimiento
298216,ZI-CT TRANSPA TI-1 BLUE 20G,Ceramica Para Circonio
298219,ZI-CT TRANSPA TI-5 GRAY 20G,Analogo
298219,ZI-CT TRANSPA TI-5 GRAY 20G,Consumible
298219,ZI-CT TRANSPA TI-5 GRAY 20G,Ceramica De Recubrimiento
298219,ZI-CT TRANSPA TI-5 GRAY 20G,Ceramica Para Circonio
4409,ZIRCONIA STAIN 3 IN 1 BRUSH KIT BY MPF,Digital
4409,ZIRCONIA STAIN 3 IN 1 BRUSH KIT BY MPF,Pinceles Para Circonio
4409,ZIRCONIA STAIN 3 IN 1 BRUSH KIT BY MPF,Consumible
195295,ZOLID BION A1 98X18 F ZRO2,Digital
195295,ZOLID BION A1 98X18 F ZRO2,Discos De Circonio
195295,ZOLID BION A1 98X18 F ZRO2,Consumible
195295,ZOLID BION A1 98X18 F ZRO2,Discos
195299,ZOLID BION A1 98X20 F ZRO2,Digital
195299,ZOLID BION A1 98X20 F ZRO2,Discos De Circonio
195299,ZOLID BION A1 98X20 F ZRO2,Consumible
195299,ZOLID BION A1 98X20 F ZRO2,Discos
195303,ZOLID BION A1 98X25 FZRO2,Digital
195303,ZOLID BION A1 98X25 FZRO2,Discos De Circonio
195303,ZOLID BION A1 98X25 FZRO2,Consumible
195303,ZOLID BION A1 98X25 FZRO2,Discos
195307,ZOLID BION A2 98X16 F ZRO2,Digital
195307,ZOLID BION A2 98X16 F ZRO2,Discos De Circonio
195307,ZOLID BION A2 98X16 F ZRO2,Consumible
195307,ZOLID BION A2 98X16 F ZRO2,Discos
195312,ZOLID BION A2 98X18 F ZRO2,Digital
195312,ZOLID BION A2 98X18 F ZRO2,Discos De Circonio
195312,ZOLID BION A2 98X18 F ZRO2,Consumible
195312,ZOLID BION A2 98X18 F ZRO2,Discos
288680,ZOLID BION A2 98X20 F,Digital
288680,ZOLID BION A2 98X20 F,Consumible
288680,ZOLID BION A2 98X20 F,Discos De Circonio
288680,ZOLID BION A2 98X20 F,Discos
195317,ZOLID BION A3 98X16 F ZRO2,Digital
195317,ZOLID BION A3 98X16 F ZRO2,Discos De Circonio
195317,ZOLID BION A3 98X16 F ZRO2,Consumible
195317,ZOLID BION A3 98X16 F ZRO2,Discos
288683,ZOLID BION B1 98X16 F,Discos De Circonio
288683,ZOLID BION B1 98X16 F,Consumible
288683,ZOLID BION B1 98X16 F,Digital
288683,ZOLID BION B1 98X16 F,Discos
195283,ZOLID BION BL1 98X20 F ZRO2,Digital
195283,ZOLID BION BL1 98X20 F ZRO2,Discos De Circonio
195283,ZOLID BION BL1 98X20 F ZRO2,Consumible
195283,ZOLID BION BL1 98X20 F ZRO2,Discos
195291,ZOLID BION BL1 98X25 F ZRO2,Digital
195291,ZOLID BION BL1 98X25 F ZRO2,Discos De Circonio
195291,ZOLID BION BL1 98X25 F ZRO2,Consumible
195291,ZOLID BION BL1 98X25 F ZRO2,Discos
195237,ZOLID DRS A1 B40,Digital
195237,ZOLID DRS A1 B40,Bloques De Circonio
195237,ZOLID DRS A1 B40,Consumible
195237,ZOLID DRS A1 B40,Bloques
195230,ZOLID DRS A1 C20,Digital
195230,ZOLID DRS A1 C20,Bloques De Circonio
195230,ZOLID DRS A1 C20,Consumible
195230,ZOLID DRS A1 C20,Bloques
195250,ZOLID DRS A2 B40,Digital
195250,ZOLID DRS A2 B40,Bloques De Circonio
195250,ZOLID DRS A2 B40,Consumible
195250,ZOLID DRS A2 B40,Bloques
195243,ZOLID DRS A2 C20,Digital
195243,ZOLID DRS A2 C20,Bloques De Circonio
195243,ZOLID DRS A2 C20,Consumible
195243,ZOLID DRS A2 C20,Bloques
195260,ZOLID DRS A3 B40,Digital
195260,ZOLID DRS A3 B40,Bloques De Circonio
195260,ZOLID DRS A3 B40,Consumible
195260,ZOLID DRS A3 B40,Bloques
195224,ZOLID DRS BL3 B40,Digital
195224,ZOLID DRS BL3 B40,Bloques De Circonio
195224,ZOLID DRS BL3 B40,Consumible
195224,ZOLID DRS BL3 B40,Bloques
195213,ZOLID DRS BL3 C20,Digital
195213,ZOLID DRS BL3 C20,Bloques De Circonio
195213,ZOLID DRS BL3 C20,Consumible
195213,ZOLID DRS BL3 C20,Bloques
4355,ZOLID FX ML B2/B3 71X14MM,Digital
4355,ZOLID FX ML B2/B3 71X14MM,Discos De Circonio
4355,ZOLID FX ML B2/B3 71X14MM,Consumible
4355,ZOLID FX ML B2/B3 71X14MM,Discos
4358,ZOLID FX ML B2/B3 71X16MM,Digital
4358,ZOLID FX ML B2/B3 71X16MM,Discos De Circonio
4358,ZOLID FX ML B2/B3 71X16MM,Consumible
4358,ZOLID FX ML B2/B3 71X16MM,Discos
92443,ZOLID GEN X A1 98X16,Discos
92443,ZOLID GEN X A1 98X16,Digital
92443,ZOLID GEN X A1 98X16,Discos De Circonio
92443,ZOLID GEN X A1 98X16,Consumible
96142,ZOLID GEN X A2 98X25,Discos
96142,ZOLID GEN X A2 98X25,Digital
96142,ZOLID GEN X A2 98X25,Discos De Circonio
96142,ZOLID GEN X A2 98X25,Consumible
288458,ZOLID GEN-X A1 98X14 F,Digital
288458,ZOLID GEN-X A1 98X14 F,Consumible
288458,ZOLID GEN-X A1 98X14 F,Discos De Circonio
288458,ZOLID GEN-X A1 98X14 F,Discos
293327,ZOLID GEN-X A1 98X16 F,Digital
293327,ZOLID GEN-X A1 98X16 F,Consumible
293327,ZOLID GEN-X A1 98X16 F,Discos
293327,ZOLID GEN-X A1 98X16 F,Discos De Circonio
293327,ZOLID GEN-X A1 98X16 F ZRO2,Digital
293327,ZOLID GEN-X A1 98X16 F ZRO2,Consumible
293327,ZOLID GEN-X A1 98X16 F ZRO2,Discos
293327,ZOLID GEN-X A1 98X16 F ZRO2,Discos De Circonio
293327,ZOLID GEN-X A1 98X16 F ZRO3,Consumible
293327,ZOLID GEN-X A1 98X16 F ZRO4,Discos
293327,ZOLID GEN-X A1 98X16 F ZRO5,Discos De Circonio
288461,ZOLID GEN-X A1 98X18 F,Digital
288461,ZOLID GEN-X A1 98X18 F,Consumible
288461,ZOLID GEN-X A1 98X18 F,Discos De Circonio
288461,ZOLID GEN-X A1 98X18 F,Discos
96730,ZOLID GEN-X A1 98X22,Discos
96730,ZOLID GEN-X A1 98X22,Digital
96730,ZOLID GEN-X A1 98X22,Discos De Circonio
96730,ZOLID GEN-X A1 98X22,Consumible
288464,ZOLID GEN-X A1 98X22 F,Digital
288464,ZOLID GEN-X A1 98X22 F,Consumible
288464,ZOLID GEN-X A1 98X22 F,Discos De Circonio
288464,ZOLID GEN-X A1 98X22 F,Discos
288467,ZOLID GEN-X A1 98X25 F,Digital
288467,ZOLID GEN-X A1 98X25 F,Consumible
288467,ZOLID GEN-X A1 98X25 F,Discos De Circonio
288467,ZOLID GEN-X A1 98X25 F,Discos
4457,ZOLID GEN-X A2 71X16 ZRO2,Discos
4457,ZOLID GEN-X A2 71X16 ZRO2,Digital
4457,ZOLID GEN-X A2 71X16 ZRO2,Discos De Circonio
4457,ZOLID GEN-X A2 71X16 ZRO2,Consumible
232902,ZOLID GEN-X A2 98X14 ZRO2,Digital
232902,ZOLID GEN-X A2 98X14 ZRO2,Consumible
232902,ZOLID GEN-X A2 98X14 ZRO2,Discos De Circonio
232902,ZOLID GEN-X A2 98X14 ZRO2,Discos
288647,ZOLID GEN-X A2 98X16 F,Digital
288647,ZOLID GEN-X A2 98X16 F,Consumible
288647,ZOLID GEN-X A2 98X16 F,Discos De Circonio
288647,ZOLID GEN-X A2 98X16 F,Discos
288647,ZOLID GEN-X A2 98X16 F ZRO2,Digital
288647,ZOLID GEN-X A2 98X16 F ZRO2,Consumible
288647,ZOLID GEN-X A2 98X16 F ZRO2,Discos
288647,ZOLID GEN-X A2 98X16 F ZRO2,Discos De Circonio
288647,ZOLID GEN-X A2 98X16 F ZRO3,Consumible
288647,ZOLID GEN-X A2 98X16 F ZRO4,Discos
288647,ZOLID GEN-X A2 98X16 F ZRO5,Discos De Circonio
4466,ZOLID GEN-X A2 98X16 ZRO2,Discos
4466,ZOLID GEN-X A2 98X16 ZRO2,Digital
4466,ZOLID GEN-X A2 98X16 ZRO2,Discos De Circonio
4466,ZOLID GEN-X A2 98X16 ZRO2,Consumible
288650,ZOLID GEN-X A2 98X18 F,Digital
288650,ZOLID GEN-X A2 98X18 F,Consumible
288650,ZOLID GEN-X A2 98X18 F,Discos De Circonio
288650,ZOLID GEN-X A2 98X18 F,Discos
288653,ZOLID GEN-X A2 98X20 F,Digital
288653,ZOLID GEN-X A2 98X20 F,Consumible
288653,ZOLID GEN-X A2 98X20 F,Discos De Circonio
288653,ZOLID GEN-X A2 98X20 F,Discos
99505,ZOLID GEN-X A2 98X22,Discos
99505,ZOLID GEN-X A2 98X22,Digital
99505,ZOLID GEN-X A2 98X22,Discos De Circonio
99505,ZOLID GEN-X A2 98X22,Consumible
288656,ZOLID GEN-X A2 98X22 F,Digital
288656,ZOLID GEN-X A2 98X22 F,Consumible
288656,ZOLID GEN-X A2 98X22 F,Discos De Circonio
288656,ZOLID GEN-X A2 98X22 F,Discos
288659,ZOLID GEN-X A2 98X25 F,Digital
288659,ZOLID GEN-X A2 98X25 F,Consumible
288659,ZOLID GEN-X A2 98X25 F,Discos De Circonio
288659,ZOLID GEN-X A2 98X25 F,Discos
4460,ZOLID GEN-X A3 71X16 ZRO2,Discos
4460,ZOLID GEN-X A3 71X16 ZRO2,Digital
4460,ZOLID GEN-X A3 71X16 ZRO2,Discos De Circonio
4460,ZOLID GEN-X A3 71X16 ZRO2,Consumible
288662,ZOLID GEN-X A3 98X14 F,Digital
288662,ZOLID GEN-X A3 98X14 F,Consumible
288662,ZOLID GEN-X A3 98X14 F,Discos De Circonio
288662,ZOLID GEN-X A3 98X14 F,Discos
85820,ZOLID GEN-X A3 98X16,Discos
85820,ZOLID GEN-X A3 98X16,Digital
85820,ZOLID GEN-X A3 98X16,Discos De Circonio
85820,ZOLID GEN-X A3 98X16,Consumible
288665,ZOLID GEN-X A3 98X16 F,Digital
288665,ZOLID GEN-X A3 98X16 F,Consumible
288665,ZOLID GEN-X A3 98X16 F,Discos De Circonio
288665,ZOLID GEN-X A3 98X16 F,Discos
288665,ZOLID GEN-X A3 98X16 F ZRO2,Digital
288665,ZOLID GEN-X A3 98X16 F ZRO2,Consumible
288665,ZOLID GEN-X A3 98X16 F ZRO2,Discos
288665,ZOLID GEN-X A3 98X16 F ZRO2,Discos De Circonio
288668,ZOLID GEN-X A3 98X18 F,Digital
288668,ZOLID GEN-X A3 98X18 F,Discos De Circonio
288668,ZOLID GEN-X A3 98X18 F,Consumible
288668,ZOLID GEN-X A3 98X18 F,Discos
4463,ZOLID GEN-X B1 71X16 ZRO2,Digital
4463,ZOLID GEN-X B1 71X16 ZRO2,Discos De Circonio
4463,ZOLID GEN-X B1 71X16 ZRO2,Consumible
4463,ZOLID GEN-X B1 71X16 ZRO2,Discos
232915,ZOLID GEN-X B1 98X14 ZRO2,Digital
232915,ZOLID GEN-X B1 98X14 ZRO2,Consumible
232915,ZOLID GEN-X B1 98X14 ZRO2,Discos De Circonio
232915,ZOLID GEN-X B1 98X14 ZRO2,Discos
4469,ZOLID GEN-X B1 98X16 ZRO2,Discos
4469,ZOLID GEN-X B1 98X16 ZRO2,Digital
4469,ZOLID GEN-X B1 98X16 ZRO2,Discos De Circonio
4469,ZOLID GEN-X B1 98X16 ZRO2,Consumible
232922,ZOLID GEN-X B1 98X18 ZRO2,Digital
232922,ZOLID GEN-X B1 98X18 ZRO2,Consumible
232922,ZOLID GEN-X B1 98X18 ZRO2,Discos De Circonio
232922,ZOLID GEN-X B1 98X18 ZRO2,Discos
232937,ZOLID GEN-X B1 98X20 ZRO2,Digital
232937,ZOLID GEN-X B1 98X20 ZRO2,Consumible
232937,ZOLID GEN-X B1 98X20 ZRO2,Discos De Circonio
232937,ZOLID GEN-X B1 98X20 ZRO2,Discos
288671,ZOLID GEN-X B1 98X22 F,Digital
288671,ZOLID GEN-X B1 98X22 F,Consumible
288671,ZOLID GEN-X B1 98X22 F,Discos De Circonio
288671,ZOLID GEN-X B1 98X22 F,Discos
195275,ZOLID GEN-X B1 98X22 ZRO2,Digital
195275,ZOLID GEN-X B1 98X22 ZRO2,Discos De Circonio
195275,ZOLID GEN-X B1 98X22 ZRO2,Consumible
195275,ZOLID GEN-X B1 98X22 ZRO2,Discos
293330,ZOLID GEN-X B1 98X25 F,Digital
293330,ZOLID GEN-X B1 98X25 F,Consumible
293330,ZOLID GEN-X B1 98X25 F,Discos
293330,ZOLID GEN-X B1 98X25 F,Discos De Circonio
293330,ZOLID GEN-X B1 98X25 F ZRO2,Digital
293330,ZOLID GEN-X B1 98X25 F ZRO2,Consumible
293330,ZOLID GEN-X B1 98X25 F ZRO2,Discos
293330,ZOLID GEN-X B1 98X25 F ZRO2,Discos De Circonio
195279,ZOLID GEN-X B1 98X25 ZRO2,Digital
195279,ZOLID GEN-X B1 98X25 ZRO2,Discos De Circonio
195279,ZOLID GEN-X B1 98X25 ZRO2,Consumible
195279,ZOLID GEN-X B1 98X25 ZRO2,Discos
288674,ZOLID GEN-X B2 98X16 F,Digital
288674,ZOLID GEN-X B2 98X16 F,Consumible
288674,ZOLID GEN-X B2 98X16 F,Discos De Circonio
288674,ZOLID GEN-X B2 98X16 F,Discos
154177,ZOLID GEN-X BL1 98X16 ZRO2,Digital
154177,ZOLID GEN-X BL1 98X16 ZRO2,Discos De Circonio
154177,ZOLID GEN-X BL1 98X16 ZRO2,Consumible
154177,ZOLID GEN-X BL1 98X16 ZRO2,Discos
154274,ZOLID GEN-X BL1 98X22 ZRO2,Digital
154274,ZOLID GEN-X BL1 98X22 ZRO2,Discos De Circonio
154274,ZOLID GEN-X BL1 98X22 ZRO2,Consumible
154274,ZOLID GEN-X BL1 98X22 ZRO2,Discos
195266,ZOLID GEN-X BL1 98X25,Digital
195266,ZOLID GEN-X BL1 98X25,Discos De Circonio
195266,ZOLID GEN-X BL1 98X25,Consumible
195266,ZOLID GEN-X BL1 98X25,Discos
293333,ZOLID GEN-X BL1 98X25 F,Digital
293333,ZOLID GEN-X BL1 98X25 F,Consumible
293333,ZOLID GEN-X BL1 98X25 F,Discos
293333,ZOLID GEN-X BL1 98X25 F,Discos De Circonio
97154,ZOLID GEN-X BL3 98X16,Discos
97154,ZOLID GEN-X BL3 98X16,Digital
97154,ZOLID GEN-X BL3 98X16,Discos De Circonio
97154,ZOLID GEN-X BL3 98X16,Consumible
154454,ZOLID GEN-X BL3 98X22 ZRO2,Digital
154454,ZOLID GEN-X BL3 98X22 ZRO2,Discos De Circonio
154454,ZOLID GEN-X BL3 98X22 ZRO2,Consumible
154454,ZOLID GEN-X BL3 98X22 ZRO2,Discos
293323,ZOLID GEN-X BL3 98X25 F,Digital
293323,ZOLID GEN-X BL3 98X25 F,Consumible
293323,ZOLID GEN-X BL3 98X25 F,Discos
293323,ZOLID GEN-X BL3 98X25 F,Discos De Circonio
293323,ZOLID GEN-X BL3 98X25 F ZRO2,Digital
293323,ZOLID GEN-X BL3 98X25 F ZRO2,Consumible
293323,ZOLID GEN-X BL3 98X25 F ZRO2,Discos
293323,ZOLID GEN-X BL3 98X25 F ZRO2,Discos De Circonio
195270,ZOLID GEN-X BL3 98X25 ZRO2,Digital
195270,ZOLID GEN-X BL3 98X25 ZRO2,Discos De Circonio
195270,ZOLID GEN-X BL3 98X25 ZRO2,Consumible
195270,ZOLID GEN-X BL3 98X25 ZRO2,Discos
4415,ZOLID HT + WHITE 71X14,Digital
4415,ZOLID HT + WHITE 71X14,Discos De Circonio
4415,ZOLID HT + WHITE 71X14,Consumible
4415,ZOLID HT + WHITE 71X14,Discos
4418,ZOLID HT + WHITE 71X16,Digital
4418,ZOLID HT + WHITE 71X16,Discos De Circonio
4418,ZOLID HT + WHITE 71X16,Consumible
4418,ZOLID HT + WHITE 71X16,Discos
4427,ZOLID HT + WHITE 71X25,Digital
4427,ZOLID HT + WHITE 71X25,Discos De Circonio
4427,ZOLID HT + WHITE 71X25,Consumible
4427,ZOLID HT + WHITE 71X25,Discos
4430,ZOLID HT + WHITE 98X14,Discos
4430,ZOLID HT + WHITE 98X14,Digital
4430,ZOLID HT + WHITE 98X14,Discos De Circonio
4430,ZOLID HT + WHITE 98X14,Consumible
4433,ZOLID HT + WHITE 98X16,Discos
4433,ZOLID HT + WHITE 98X16,Digital
4433,ZOLID HT + WHITE 98X16,Discos De Circonio
4433,ZOLID HT + WHITE 98X16,Consumible
4436,ZOLID HT + WHITE 98X18,Discos
4436,ZOLID HT + WHITE 98X18,Digital
4436,ZOLID HT + WHITE 98X18,Discos De Circonio
4436,ZOLID HT + WHITE 98X18,Consumible
4412,ZOLID HT+ WHITE 71X12,Digital
4412,ZOLID HT+ WHITE 71X12,Discos De Circonio
4412,ZOLID HT+ WHITE 71X12,Consumible
4412,ZOLID HT+ WHITE 71X12,Discos
4421,ZOLID HT+ WHITE 71X18,Digital
4421,ZOLID HT+ WHITE 71X18,Discos De Circonio
4421,ZOLID HT+ WHITE 71X18,Consumible
4421,ZOLID HT+ WHITE 71X18,Discos
4523,ZOLID SINTER STATE POLISHING KIT,Analogo
4523,ZOLID SINTER STATE POLISHING KIT,Fresones
4523,ZOLID SINTER STATE POLISHING KIT,Consumible
195254,ZOLIDDRS A3 C20,Digital
195254,ZOLIDDRS A3 C20,Bloques De Circonio
195254,ZOLIDDRS A3 C20,Consumible
195254,ZOLIDDRS A3 C20,Bloques
309637,DISCO CERAMILL SINTRON 98X 12 F COCRMO 98X12 F,Digital
309637,DISCO CERAMILL SINTRON 98X 12 F COCRMO 98X12 F,Consumible
309637,DISCO CERAMILL SINTRON 98X 12 F COCRMO 98X12 F,Discos
309637,DISCO CERAMILL SINTRON 98X 12 F COCRMO 98X12 F,Discos De Metal
307912,DISCO CERAMILL ZOLID FX ML C1/C2 98 X 16 F,Digital
307912,DISCO CERAMILL ZOLID FX ML C1/C2 98 X 16 F,Consumible
307912,DISCO CERAMILL ZOLID FX ML C1/C2 98 X 16 F,Discos
307912,DISCO CERAMILL ZOLID FX ML C1/C2 98 X 16 F,Discos De Circonio
306877,ENAMIC UNIVERSAL 2M2 T EM14,Digital
306877,ENAMIC UNIVERSAL 2M2 T EM14,Consumible
306877,ENAMIC UNIVERSAL 2M2 T EM14,Bloques
306877,ENAMIC UNIVERSAL 2M2 T EM14,Bloques De Ceramica Hibrida
13109,VMK DENTINE 0M3 12G,Consumible
2266859,CONGRESO DIGITAL DAY (PREVENTA),Boletos
304905,ASSY CALIBRATION IO3 PARA I600/I700/I700W,Digital
304905,ASSY CALIBRATION IO3 PARA I600/I700/I700W,Accesorio
304905,ASSY CALIBRATION IO3 PARA I600/I700/I700W,Escaner Intraoral
288677,DISCO ZOLID BION BL1 98 X 16 F,Digital
288677,DISCO ZOLID BION BL1 98 X 16 F,Consumible
288677,DISCO ZOLID BION BL1 98 X 16 F,Discos
288677,DISCO ZOLID BION BL1 98 X 16 F,Disco De Circonio
295081,FRESA ROTO RFID CALIB 6MM,Digital
295081,FRESA ROTO RFID CALIB 6MM,Consumible
102036,ROTO RFID 2.0 DIAMOND BLG,Fresas
295081,FRESA ROTO RFID CALIB 6MM,Fresas De Calibracion
309395,CINTURON FILTRANTE CLEANSTREAM 3PZS,Accesorio
5917899,KIT CAMEO TITAN MAX,Equipo
5917899,KIT CAMEO TITAN MAX,Hornos
5917899,KIT CAMEO TITAN MAX,Hornos De Desencerado
409905,CAMEO MILL BLOCK B40 HT A1,Digital
409905,CAMEO MILL BLOCK B40 HT A1,Consumible
409905,CAMEO MILL BLOCK B40 HT A1,Bloques
409905,CAMEO MILL BLOCK B40 HT A1,Disilicato De Litio Para Fresar
295124,2L ULTRA ULTRAGLOSS BUILD TRAY,Digital
295124,2L ULTRA ULTRAGLOSS BUILD TRAY,Impresoras 3d
295124,2L ULTRA ULTRAGLOSS BUILD TRAY,Accesorio
808297,5L ULTRA ENDURANCE BUILD TRAY,Digital
808297,5L ULTRA ENDURANCE BUILD TRAY,Impresoras 3d
808297,5L ULTRA ENDURANCE BUILD TRAY,Accesorio
2266886,CONGRESO DIGITAL DAY (ESTUDIANTE),Boletos
288677,DISCO ZOLID BION BL1 98 X 16 F,Discos De Circonio
808198,KIT MATRON + DRS,Digital
808198,KIT MATRON + DRS,Equipo
808198,KIT MATRON + DRS,Fresadoras
6150116,AIZIR 98 X 16MM A3,Digital
6150116,AIZIR 98 X 16MM A3,Consumible
6150116,AIZIR 98 X 16MM A3,Discos
6150116,AIZIR 98 X 16MM A3,Discos De Circonio
6150140,AIZIR 98 X 25MM B1,Digital
6150140,AIZIR 98 X 25MM B1,Consumible
6150140,AIZIR 98 X 25MM B1,Discos
6150140,AIZIR 98 X 25MM B1,Discos De Circonio
295045,FILTROS DE AGUA CLEANSTREAM COOLANTFLOW,Digital
295045,FILTROS DE AGUA CLEANSTREAM COOLANTFLOW,Refaccion
295045,FILTROS DE AGUA CLEANSTREAM COOLANTFLOW,Fresadoras
121323,VEHICULO USADO,Servicios
2259482,CUOTA DE RECUPERACION POR GARANTIA,Servicios
791800,CAMEO MILL BLOCS BOX C14 HT A3,Digital
791800,CAMEO MILL BLOCS BOX C14 HT A3,Consumible
791800,CAMEO MILL BLOCS BOX C14 HT A3,Bloques
791800,CAMEO MILL BLOCS BOX C14 HT A3,Bloques De Disilicato De Litio
13868,VMK OPAQUE OP0 50G,Consumible
13718,VMK OPAQUE DENTINE 4M2 50G,Consumible
6739237,SUPERCAST V3 500G BOTTLE,Digital
6739237,SUPERCAST V3 500G BOTTLE,Consumible
6739237,SUPERCAST V3 500G BOTTLE,Resinas De Impresion
6150068,AIZIR 98 X 16MM A1,Digital
6150068,AIZIR 98 X 16MM A1,Consumible
6150068,AIZIR 98 X 16MM A1,Discos
6150068,AIZIR 98 X 16MM A1,Discos De Circonio
6150064,AIZIR 98 X 16MM A2,Digital
6150064,AIZIR 98 X 16MM A2,Consumible
6150064,AIZIR 98 X 16MM A2,Discos
6150064,AIZIR 98 X 16MM A2,Discos De Circonio
6150104,NEW SUPERFECT ZIR PM 16MM A1,Digital
6150104,NEW SUPERFECT ZIR PM 16MM A1,Consumible
6150104,NEW SUPERFECT ZIR PM 16MM A1,Discos
6150104,NEW SUPERFECT ZIR PM 16MM A1,Discos De Circonio
6150108,NEW SUPERFECT ZIR PM 16MM A2,Digital
6150108,NEW SUPERFECT ZIR PM 16MM A2,Consumible
6150108,NEW SUPERFECT ZIR PM 16MM A2,Discos
6150108,NEW SUPERFECT ZIR PM 16MM A2,Discos De Circonio
6738590,ZOLID NATURALS STARTER SET,Digital
6738590,ZOLID NATURALS STARTER SET,Consumible
6738590,ZOLID NATURALS STARTER SET,Ceramica Liquida
6150092,NEW SUPERFECT ZIR PM 16MM A3,Digital
6150092,NEW SUPERFECT ZIR PM 16MM A3,Consumible
6150092,NEW SUPERFECT ZIR PM 16MM A3,Discos
6150092,NEW SUPERFECT ZIR PM 16MM A3,Discos De Circonio
309631,DISCO ZOLID GEN-X BL1 98X16 F ZRO2,Digital
309631,DISCO ZOLID GEN-X BL1 98X16 F ZRO2,Consumible
309631,DISCO ZOLID GEN-X BL1 98X16 F ZRO2,Discos
309631,DISCO ZOLID GEN-X BL1 98X16 F ZRO2,Discos De Circonio
11333,VM13 BASE DENTINE 0M2 12G,Consumible
6150100,NEW SUPERFECT ZIR PM 18MM A2,Digital
6150100,NEW SUPERFECT ZIR PM 18MM A2,Consumible
6150100,NEW SUPERFECT ZIR PM 18MM A2,Discos
6150100,NEW SUPERFECT ZIR PM 18MM A2,Discos De Circonio
6739234,KIT WASH AND CURE MAS RESINAS,Digital
6739234,KIT WASH AND CURE MAS RESINAS,Fotocurado
6739234,KIT WASH AND CURE MAS RESINAS,Consumible
6739234,KIT WASH AND CURE MAS RESINAS,Impresoras 3d
6739234,KIT WASH AND CURE MAS RESINAS,Impresoras Lcd
4327246,UV RESIN STANDARD WATER WASHABLE TOUGH WHITE 1000G V4,Digital
4327246,UV RESIN STANDARD WATER WASHABLE TOUGH WHITE 1000G V4,Consumible
4327246,UV RESIN STANDARD WATER WASHABLE TOUGH WHITE 1000G V4,Resinas De Impresion
6150073,NEW SUPERFECT ZIR PM 14MM A1,Digital
6150073,NEW SUPERFECT ZIR PM 14MM A1,Consumible
6150073,NEW SUPERFECT ZIR PM 14MM A1,Discos
6150073,NEW SUPERFECT ZIR PM 14MM A1,Discos De Circonio
6150084,NEW SUPERFECT ZIR PM 14MM A3,Digital
6150084,NEW SUPERFECT ZIR PM 14MM A3,Consumible
6150084,NEW SUPERFECT ZIR PM 14MM A3,Discos
6150084,NEW SUPERFECT ZIR PM 14MM A3,Discos De Circonio
12188,VM13 WASH OPAQUE WO 50G,Consumible
6150112,AIZIR 98 X 16MM B1,Digital
6150112,AIZIR 98 X 16MM B1,Consumible
6150112,AIZIR 98 X 16MM B1,Discos
6150112,AIZIR 98 X 16MM B1,Discos De Circonio
12320,VM9 BASE DENTINE 3M3 50G,Consumible
12356,VM9 BASE DENTINE 4M2 50G,Consumible
12332,VM9 BASE DENTINE 3R2.5 50G,Consumible
12776,VM9 TRANSPA DENTINE 2M3 50G,Consumible
12818,VM9 TRANSPA DENTINE 3M3 50G,Consumible
12854,VM9 TRANSPA DENTINE 4M2 50G,Consumible
12758,VM9 TRANSPA DENTINE 2L2.5 50G,Consumible
12800,VM9 TRANSPA DENTINE 3L2.5 50G,Consumible
6150132,AIZIR 98 X 20MM A2,Digital
6150132,AIZIR 98 X 20MM A2,Consumible
6150132,AIZIR 98 X 20MM A2,Discos
6150132,AIZIR 98 X 20MM A2,Discos De Circonio
6150080,NEW SUPERFECT ZIR PM 14MM A2,Digital
6150080,NEW SUPERFECT ZIR PM 14MM A2,Consumible
6150080,NEW SUPERFECT ZIR PM 14MM A2,Discos
6150080,NEW SUPERFECT ZIR PM 14MM A2,Discos De Circonio
6150120,AIZIR 98 X 20MM A1,Digital
6150120,AIZIR 98 X 20MM A1,Consumible
6150120,AIZIR 98 X 20MM A1,Discos
6150120,AIZIR 98 X 20MM A1,Discos De Circonio
8011377,SCAN LADDER DIRECT,Digital
8011377,SCAN LADDER DIRECT,Consumible
8011377,SCAN LADDER DIRECT,Aditamentos Para Implantes
7244814,KIT I600 & SCANLADDER,Digital
7244814,KIT I600 & SCANLADDER,Equipo
7244814,KIT I600 & SCANLADDER,Escaner Intraoral
7242605,SACAN LADDER DIRECT,Digital
7242605,SACAN LADDER DIRECT,Consumible
7242605,SACAN LADDER DIRECT,Aditamentos Para Implantes
6739637,FRESADORA CERAMILL MOTION 3 AIR,Digital
6739637,FRESADORA CERAMILL MOTION 3 AIR,Equipo
6739637,FRESADORA CERAMILL MOTION 3 AIR,Fresadoras
6739642,KIT MOTION 3 AIR,Digital
6739642,KIT MOTION 3 AIR,Equipo
6739642,KIT MOTION 3 AIR,Fresadoras
7244807,KIT I700 UNIVERSITARIO,Digital
7244807,KIT I700 UNIVERSITARIO,Equipo
7244807,KIT I700 UNIVERSITARIO,Escaner Intraoral
7242956,KIT CAMARA UV,Digital
7242956,KIT CAMARA UV,Equipo
7242956,KIT CAMARA UV,Impresoras 3d
2266436,FRESA ROTO RFID GREY 0.6,Digital
2266436,FRESA ROTO RFID GREY 0.6,Consumible
170076,ROTO RFID 2.0 T - SHAPE,Fresas
2266432,FRESA ROTO RFID GREY 1.0,Digital
2266432,FRESA ROTO RFID GREY 1.0,Consumible
85854,ROTO RFID 2.0 TI DM 2.0,Fresas
2266424,FRESA ROTO RFID GREY 2.5,Digital
2266424,FRESA ROTO RFID GREY 2.5,Consumible
115663,ROTO RFID 2.0 TITAN DM,Fresas
7613597,ARTEX PRINT&CLICK SET,Analogo
7613597,ARTEX PRINT&CLICK SET,Consumible
7613597,ARTEX PRINT&CLICK SET,Articuladores
7242889,KIT I700 & SCANLADDER,Digital
7242889,KIT I700 & SCANLADDER,Equipo
7242889,KIT I700 & SCANLADDER,Escaner Intraoral
8328188,PROMOCION APLICADA,Servicios
4327253,SENSOR LINE SONIC MIGHTY 8K,Digital
4327253,SENSOR LINE SONIC MIGHTY 8K,Refaccion
4327253,SENSOR LINE SONIC MIGHTY 8K,Impresoras 3d
7209001,ACTUALIZACION SOFTWARE MATCH2,Digital
7209001,ACTUALIZACION SOFTWARE MATCH2,Software
7209001,ACTUALIZACION SOFTWARE MATCH2,Fresadoras
3512,SILICON HOSE FOR PUMP 2M,Refaccion
791736,CAMEO MILL BLOCS BOX B40 HT A3,Digital
791736,CAMEO MILL BLOCS BOX B40 HT A3,Consumible
791736,CAMEO MILL BLOCS BOX B40 HT A3,Disilicato De Litio Para Fresar
11879,VM13 OPAQUE OP4 50G,Consumible
13340,VMK DENTINE C3 50G,Consumible
13364,VMK DENTINE D4 50G,Consumible
8426919,INSTALACION DE EQUIPOS,Servicios
6150124,AIZIR 98 X 20MM B1,Digital
6150124,AIZIR 98 X 20MM B1,Consumible
6150124,AIZIR 98 X 20MM B1,Discos
6150124,AIZIR 98 X 20MM B1,Discos De Circonio
6150128,NEW SUPERFECT ZIR PM 18MM A3,Digital
6150128,NEW SUPERFECT ZIR PM 18MM A3,Consumible
6150128,NEW SUPERFECT ZIR PM 18MM A3,Discos
6150128,NEW SUPERFECT ZIR PM 18MM A3,Discos De Circonio
7616907,DIAMOND POLISHER LAB SWIVEL 2 PCS,Consumible
7613624,HIGH GLOSS DIAMOND POLISHER LAB SWIVEL 2 PCS,Consumible
7209139,MILLING MACHINE AMD-500E PRO-IN98,Digital
7209139,MILLING MACHINE AMD-500E PRO-IN98,Equipo
7209139,MILLING MACHINE AMD-500E PRO-IN98,Fresadoras
7209147,VACUUM CLEANER R-112 220V,Digital
7209147,VACUUM CLEANER R-112 220V,Accesorio
7209147,VACUUM CLEANER R-112 220V,Fresadoras
7241925,KIT AIDITE AMD-500E PRO,Digital
7241925,KIT AIDITE AMD-500E PRO,Equipo
7241925,KIT AIDITE AMD-500E PRO,Fresadoras
9185109,MILLING BUR ZIR 1.0 DC ROTO FOR AMD-500,Digital
9185109,MILLING BUR ZIR 1.0 DC ROTO FOR AMD-500,Consumible
85875,ROTO RFID 2.5 COCR,Fresas
9185107,MILLING BUR ZIR 1.5 DC FLAT FOR AMD-500,Digital
9185107,MILLING BUR ZIR 1.5 DC FLAT FOR AMD-500,Consumible
195321,ROTO RFID 2.5 DC BLM 2.5 MM,Fresas
9185104,MILLING BUR ZIR 2.0 DC ROTO FOR AMD-500,Digital
9185104,MILLING BUR ZIR 2.0 DC ROTO FOR AMD-500,Consumible
85863,ROTO RFID 2.5 DMB DC,Fresas
7209143,ZIRCONIA SINTERING FURNACE CSF-400PRO-SIC 220V,Digital
7209143,ZIRCONIA SINTERING FURNACE CSF-400PRO-SIC 220V,Equipo
7209143,ZIRCONIA SINTERING FURNACE CSF-400PRO-SIC 220V,Hornos
7209143,ZIRCONIA SINTERING FURNACE CSF-400PRO-SIC 220V,Hornos De Sinterizado
7209135,PORCELAIN FURNACE CFP-200 110V + BOMBA DE VACIO,Analogo
7209135,PORCELAIN FURNACE CFP-200 110V + BOMBA DE VACIO,Equipo
7209135,PORCELAIN FURNACE CFP-200 110V + BOMBA DE VACIO,Hornos
7209135,PORCELAIN FURNACE CFP-200 110V + BOMBA DE VACIO,Hornos De Coccion
307035,LINGOFORM 21L SUPERIOR 2M2,Analogo
307035,LINGOFORM 21L SUPERIOR 2M2,Consumible
307035,LINGOFORM 21L SUPERIOR 2M2,Dientes
8426000,ZI-CT CL-O 20G,Digital
8426000,ZI-CT CL-O 20G,Consumible
8426000,ZI-CT CL-O 20G,Ceramica De Recubrimiento
8426000,ZI-CT CL-O 20G,Ceramica Para Circonio
326736,ZI-CT GINGIVA G5 ROSE,Digital
326736,ZI-CT GINGIVA G5 ROSE,Consumible
326736,ZI-CT GINGIVA G5 ROSE,Ceramica De Recubrimiento
326736,ZI-CT GINGIVA G5 ROSE,Ceramica Para Circonio
8426025,ZI-CT ENAMEL E-60 20G,Digital
8426025,ZI-CT ENAMEL E-60 20G,Consumible
8426025,ZI-CT ENAMEL E-60 20G,Ceramica De Recubrimiento
8426025,ZI-CT ENAMEL E-60 20G,Ceramica Para Circonio
326723,ZI-CT GINGIVA G1 PURPLE,Digital
326723,ZI-CT GINGIVA G1 PURPLE,Consumible
326723,ZI-CT GINGIVA G1 PURPLE,Ceramica De Recubrimiento
326723,ZI-CT GINGIVA G1 PURPLE,Ceramica Para Circonio
326739,ZI-CT GINGIVA G7 VIOLET,Digital
326739,ZI-CT GINGIVA G7 VIOLET,Consumible
326739,ZI-CT GINGIVA G7 VIOLET,Ceramica De Recubrimiento
326739,ZI-CT GINGIVA G7 VIOLET,Ceramica Para Circonio
326717,ZI-CT MAKE IN MI-65 GOLD,Digital
326717,ZI-CT MAKE IN MI-65 GOLD,Consumible
326717,ZI-CT MAKE IN MI-65 GOLD,Ceramica De Recubrimiento
326717,ZI-CT MAKE IN MI-65 GOLD,Ceramica Para Circonio
326714,ZI-CT MAKE IN MI-63 HONEY,Digital
326714,ZI-CT MAKE IN MI-63 HONEY,Consumible
326714,ZI-CT MAKE IN MI-63 HONEY,Ceramica De Recubrimiento
326714,ZI-CT MAKE IN MI-63 HONEY,Ceramica Para Circonio
326732,ZI-CT GINGIVA G4 FLAMINGO,Digital
326732,ZI-CT GINGIVA G4 FLAMINGO,Consumible
326732,ZI-CT GINGIVA G4 FLAMINGO,Ceramica De Recubrimiento
326732,ZI-CT GINGIVA G4 FLAMINGO,Ceramica Para Circonio
326726,ZI-CT GINGIVA G2 DARK PINK,Digital
326726,ZI-CT GINGIVA G2 DARK PINK,Consumible
326726,ZI-CT GINGIVA G2 DARK PINK,Ceramica De Recubrimiento
326726,ZI-CT GINGIVA G2 DARK PINK,Ceramica Para Circonio
326729,ZI-CT GINGIVA G3 LIGHT PINK,Digital
326729,ZI-CT GINGIVA G3 LIGHT PINK,Consumible
326729,ZI-CT GINGIVA G3 LIGHT PINK,Ceramica De Recubrimiento
326729,ZI-CT GINGIVA G3 LIGHT PINK,Ceramica Para Circonio
8425996,ZI-CT TRANSPA T3-1 PINK 20G,Digital
8425996,ZI-CT TRANSPA T3-1 PINK 20G,Consumible
8425996,ZI-CT TRANSPA T3-1 PINK 20G,Ceramica De Recubrimiento
8425996,ZI-CT TRANSPA T3-1 PINK 20G,Ceramica Para Circonio
8425990,ZI-CT TRANSPA TI-2 WHITE 20G,Digital
8425990,ZI-CT TRANSPA TI-2 WHITE 20G,Consumible
8425990,ZI-CT TRANSPA TI-2 WHITE 20G,Ceramica De Recubrimiento
8425990,ZI-CT TRANSPA TI-2 WHITE 20G,Ceramica Para Circonio
8425800,ZI-CT SHOULDER SP-21 NEUTRAL,Digital
8425800,ZI-CT SHOULDER SP-21 NEUTRAL,Consumible
8425800,ZI-CT SHOULDER SP-21 NEUTRAL,Ceramica De Recubrimiento
8425800,ZI-CT SHOULDER SP-21 NEUTRAL,Ceramica Para Circonio
326702,ZI-CT NECK TRANSPA HT-52 KAKI,Digital
326702,ZI-CT NECK TRANSPA HT-52 KAKI,Consumible
326702,ZI-CT NECK TRANSPA HT-52 KAKI,Ceramica De Recubrimiento
326702,ZI-CT NECK TRANSPA HT-52 KAKI,Ceramica Para Circonio
8426015,ZI-CT NECK TRANSPA HT-53 SAND,Digital
8426015,ZI-CT NECK TRANSPA HT-53 SAND,Consumible
8426015,ZI-CT NECK TRANSPA HT-53 SAND,Ceramica De Recubrimiento
8426015,ZI-CT NECK TRANSPA HT-53 SAND,Ceramica Para Circonio
8425998,ZI-CT TRANSPA TI-4 YELLOW 20G,Digital
8425998,ZI-CT TRANSPA TI-4 YELLOW 20G,Consumible
8425998,ZI-CT TRANSPA TI-4 YELLOW 20G,Ceramica De Recubrimiento
8425998,ZI-CT TRANSPA TI-4 YELLOW 20G,Ceramica Para Circonio
326708,ZI-CT PEARL ENAMEL PS-0 WHITE,Digital
326708,ZI-CT PEARL ENAMEL PS-0 WHITE,Consumible
326708,ZI-CT PEARL ENAMEL PS-0 WHITE,Ceramica De Recubrimiento
326708,ZI-CT PEARL ENAMEL PS-0 WHITE,Ceramica Para Circonio
8425804,ZI-CT SHOULDER SP-22 FLAMINGO,Digital
8425804,ZI-CT SHOULDER SP-22 FLAMINGO,Consumible
8425804,ZI-CT SHOULDER SP-22 FLAMINGO,Ceramica De Recubrimiento
8425804,ZI-CT SHOULDER SP-22 FLAMINGO,Ceramica Para Circonio
326748,ZI-CT EFFECT ENAMEL SO-10 BLUE,Digital
326748,ZI-CT EFFECT ENAMEL SO-10 BLUE,Consumible
326748,ZI-CT EFFECT ENAMEL SO-10 BLUE,Ceramica De Recubrimiento
326748,ZI-CT EFFECT ENAMEL SO-10 BLUE,Ceramica Para Circonio
326705,ZI-CT NECK TRANSPA HT-54 HONEY,Digital
326705,ZI-CT NECK TRANSPA HT-54 HONEY,Consumible
326705,ZI-CT NECK TRANSPA HT-54 HONEY,Ceramica De Recubrimiento
326705,ZI-CT NECK TRANSPA HT-54 HONEY,Ceramica Para Circonio
8426017,ZI-CT NECK TRANSPA HT-56 OCHRE,Digital
8426017,ZI-CT NECK TRANSPA HT-56 OCHRE,Consumible
8426017,ZI-CT NECK TRANSPA HT-56 OCHRE,Ceramica De Recubrimiento
8426017,ZI-CT NECK TRANSPA HT-56 OCHRE,Ceramica Para Circonio
326696,ZI-CT OPAQUE DENTINE OD-43 IVORY,Digital
326696,ZI-CT OPAQUE DENTINE OD-43 IVORY,Consumible
326696,ZI-CT OPAQUE DENTINE OD-43 IVORY,Ceramica De Recubrimiento
326696,ZI-CT OPAQUE DENTINE OD-43 IVORY,Ceramica Para Circonio
7245050,ZI-CT PEARL ENAMEL PS-2 FLAMINGO,Digital
7245050,ZI-CT PEARL ENAMEL PS-2 FLAMINGO,Consumible
7245050,ZI-CT PEARL ENAMEL PS-2 FLAMINGO,Ceramica De Recubrimiento
7245050,ZI-CT PEARL ENAMEL PS-2 FLAMINGO,Ceramica Para Circonio
8425796,ZI-CT SHOULDER SP-26 YELLOW GREY,Digital
8425796,ZI-CT SHOULDER SP-26 YELLOW GREY,Consumible
8425796,ZI-CT SHOULDER SP-26 YELLOW GREY,Ceramica De Recubrimiento
8425796,ZI-CT SHOULDER SP-26 YELLOW GREY,Ceramica Para Circonio
8425808,ZI-CT GINGIVA G6 DARK PINK OPAQUE,Digital
8425808,ZI-CT GINGIVA G6 DARK PINK OPAQUE,Consumible
8425808,ZI-CT GINGIVA G6 DARK PINK OPAQUE,Ceramica De Recubrimiento
8425808,ZI-CT GINGIVA G6 DARK PINK OPAQUE,Ceramica Para Circonio
7245058,ZI-CT OPAQUE DENTINE OD-32 HAVANNA,Digital
7245058,ZI-CT OPAQUE DENTINE OD-32 HAVANNA,Consumible
7245058,ZI-CT OPAQUE DENTINE OD-32 HAVANNA,Ceramica De Recubrimiento
7245058,ZI-CT OPAQUE DENTINE OD-32 HAVANNA,Ceramica Para Circonio
8425985,ZI-CT PEARL ENAMEL PS-1 BLUE WHITE,Digital
8425985,ZI-CT PEARL ENAMEL PS-1 BLUE WHITE,Consumible
8425985,ZI-CT PEARL ENAMEL PS-1 BLUE WHITE,Ceramica De Recubrimiento
8425985,ZI-CT PEARL ENAMEL PS-1 BLUE WHITE,Ceramica Para Circonio
326699,ZI-CT NECK TRANSPA HT-51 IRIDESCENT,Digital
326699,ZI-CT NECK TRANSPA HT-51 IRIDESCENT,Consumible
326699,ZI-CT NECK TRANSPA HT-51 IRIDESCENT,Ceramica De Recubrimiento
326699,ZI-CT NECK TRANSPA HT-51 IRIDESCENT,Ceramica Para Circonio
7245046,ZI-CT EFFECT ENAMEL SI-01 LIGHT YELLOW,Digital
7245046,ZI-CT EFFECT ENAMEL SI-01 LIGHT YELLOW,Consumible
7245046,ZI-CT EFFECT ENAMEL SI-01 LIGHT YELLOW,Ceramica De Recubrimiento
7245046,ZI-CT EFFECT ENAMEL SI-01 LIGHT YELLOW,Ceramica Para Circonio
8425968,ZI-CT EFFECT ENAMEL SI-03 HEAVY YELLOW,Digital
8425968,ZI-CT EFFECT ENAMEL SI-03 HEAVY YELLOW,Consumible
8425968,ZI-CT EFFECT ENAMEL SI-03 HEAVY YELLOW,Ceramica De Recubrimiento
8425968,ZI-CT EFFECT ENAMEL SI-03 HEAVY YELLOW,Ceramica Para Circonio
8425973,ZI-CT EFFECT ENAMEL SI-04 LIGHT ORANGE,Digital
8425973,ZI-CT EFFECT ENAMEL SI-04 LIGHT ORANGE,Consumible
8425973,ZI-CT EFFECT ENAMEL SI-04 LIGHT ORANGE,Ceramica De Recubrimiento
8425973,ZI-CT EFFECT ENAMEL SI-04 LIGHT ORANGE,Ceramica Para Circonio
8425964,ZI-CT EFFECT ENAMEL SI-02 MEDIUM YELLOW,Digital
8425964,ZI-CT EFFECT ENAMEL SI-02 MEDIUM YELLOW,Consumible
8425964,ZI-CT EFFECT ENAMEL SI-02 MEDIUM YELLOW,Ceramica De Recubrimiento
8425964,ZI-CT EFFECT ENAMEL SI-02 MEDIUM YELLOW,Ceramica Para Circonio
4327240,LCD FRAME TAPE FOR SM4K / S4K2022,Refaccion
6150088,NEW SUPERFECT ZIR PM 16MM B1,Digital
6150088,NEW SUPERFECT ZIR PM 16MM B1,Consumible
6150088,NEW SUPERFECT ZIR PM 16MM B1,Discos
6150088,NEW SUPERFECT ZIR PM 16MM B1,Discos De Circonio
6150096,NEW SUPERFECT ZIR PM 18MM A1,Digital
6150096,NEW SUPERFECT ZIR PM 18MM A1,Consumible
6150096,NEW SUPERFECT ZIR PM 18MM A1,Discos
6150096,NEW SUPERFECT ZIR PM 18MM A1,Discos De Circonio
2266418,DISCO ZOLID GEN X BL3 98 X 22 F,Digital
2266418,DISCO ZOLID GEN X BL3 98 X 22 F,Consumible
2266418,DISCO ZOLID GEN X BL3 98 X 22 F,Discos
2266418,DISCO ZOLID GEN X BL3 98 X 22 F,Discos De Circonio
305052,ASSY POWER HUB IO3 PARA I600/I700,Accesorio
9185101,DESING SOFTWARE MILLBOX ECO 500E PRO,Digital
9185101,DESING SOFTWARE MILLBOX ECO 500E PRO,Software
9185101,DESING SOFTWARE MILLBOX ECO 500E PRO,Fresadoras
9185111,MILLING BUR ZIR 0.6 DC ROTO FOR AMD-500,Digital
9185111,MILLING BUR ZIR 0.6 DC ROTO FOR AMD-500,Consumible
85841,ROTO RFID 2.5 PMMA/WAX DM 2.5,Fresas
7244876,ARTEX CR LIMITED EDITION,Analogo
7244876,ARTEX CR LIMITED EDITION,Equipo
7244876,ARTEX CR LIMITED EDITION,Articuladores
13659061,KIT DRS,Digital
13659061,KIT DRS,Equipo
13659061,KIT DRS,Fresadoras
7244803,KIT I600 UNIVERSITARIO,Digital
7244803,KIT I600 UNIVERSITARIO,Equipo
7244803,KIT I600 UNIVERSITARIO,Escaner Intraoral
11923947,KIT I700W,Digital
11923947,KIT I700W,Equipo
11923947,KIT I700W,Escaner Intraoral
6150136,AIZIR 98 X 25MM OM3,Digital
6150136,AIZIR 98 X 25MM OM3,Consumible
6150136,AIZIR 98 X 25MM OM3,Discos
6150136,AIZIR 98 X 25MM OM3,Discos De Circonio
2267350,"PHROZEN NFEP FILM-10""",Digital
2267350,"PHROZEN NFEP FILM-10""",Accesorio
2267350,"PHROZEN NFEP FILM-10""",Impresoras 3d
10990802,THE SHOW 10 LAYERS U A1 25 MM,Digital
10990802,THE SHOW 10 LAYERS U A1 25 MM,Consumible
10990802,THE SHOW 10 LAYERS U A1 25 MM,Discos
10990802,THE SHOW 10 LAYERS U A1 25 MM,Discos De Pmma
306871,ENAMIC UNIVERSAL 2M2 HT EM14,Digital
306871,ENAMIC UNIVERSAL 2M2 HT EM14,Consumible
306871,ENAMIC UNIVERSAL 2M2 HT EM14,Bloques
306871,ENAMIC UNIVERSAL 2M2 HT EM14,Bloques De Ceramica Hibrida
9185119,AIZIR 98 X 14MM A1,Digital
9185119,AIZIR 98 X 14MM A1,Consumible
9185119,AIZIR 98 X 14MM A1,Discos
9185119,AIZIR 98 X 14MM A1,Discos De Circonio
300906,HORNO AUSTROMAT 624,Equipo
326720,ZI-CT WINDOW UC,Analogo
326720,ZI-CT WINDOW UC,Consumible
326720,ZI-CT WINDOW UC,Ceramica De Recubrimiento
326720,ZI-CT WINDOW UC,Ceramica Para Circonio
326711,ZI-CT MAKE IN MI-61 IVORY,Analogo
326711,ZI-CT MAKE IN MI-61 IVORY,Consumible
326711,ZI-CT MAKE IN MI-61 IVORY,Ceramica De Recubrimiento
326711,ZI-CT MAKE IN MI-61 IVORY,Ceramica Para Circonio
7245038,CC/ STARTER KIT,Analogo
7245038,CC/ STARTER KIT,Consumible
7245038,CC/ STARTER KIT,Ceramica De Recubrimiento
7245038,CC/ STARTER KIT,Ceramica Para Metal
12582152,RENOVACION DE LICENCIA,Servicios
11919333,KIT AIDITE CFP-200,Analogo
11919333,KIT AIDITE CFP-200,Equipo
11919333,KIT AIDITE CFP-200,Hornos
11919333,KIT AIDITE CFP-200,Horno De Coccion
11920377,ZI-CT GINGIVA KIT,Analogo
11920377,ZI-CT GINGIVA KIT,Consumible
11920377,ZI-CT GINGIVA KIT,Ceramica De Recubrimiento
11920377,ZI-CT GINGIVA KIT,Ceramica Para Circonio
115330,UNIDAD MANTENIMIENTO MOTION M X BASE,Digital
115330,UNIDAD MANTENIMIENTO MOTION M X BASE,Refaccion
115330,UNIDAD MANTENIMIENTO MOTION M X BASE,Fresadoras
16298116,CAMEO MILL BLOCS BOX C14 LT BL3,Digital
16298116,CAMEO MILL BLOCS BOX C14 LT BL3,Consumible
16298116,CAMEO MILL BLOCS BOX C14 LT BL3,Bloques
16298116,CAMEO MILL BLOCS BOX C14 LT BL3,Bloques De Disilicato De Litio
16298094,CAMEO MILL BLOCS BOX C14 LT A3.5,Digital
16298094,CAMEO MILL BLOCS BOX C14 LT A3.5,Consumible
16298094,CAMEO MILL BLOCS BOX C14 LT A3.5,Bloques
16298094,CAMEO MILL BLOCS BOX C14 LT A3.5,Bloques De Disilicato De Litio
16301366,AIZIR 98 X 16MM D3,Digital
16301366,AIZIR 98 X 16MM D3,Consumible
16301366,AIZIR 98 X 16MM D3,Discos
16301366,AIZIR 98 X 16MM D3,Discos De Circonio
16301372,AIZIR 98 X 18MM A2,Digital
16301372,AIZIR 98 X 18MM A2,Consumible
16301372,AIZIR 98 X 18MM A2,Discos
16301372,AIZIR 98 X 18MM A2,Discos De Circonio
16379122,AIZIR 98 X 18MM A3,Digital
16379122,AIZIR 98 X 18MM A3,Consumible
16379122,AIZIR 98 X 18MM A3,Discos
16379122,AIZIR 98 X 18MM A3,Discos De Circonio
16301355,AIZIR 98 X 16MM B2,Digital
16301355,AIZIR 98 X 16MM B2,Consumible
16301355,AIZIR 98 X 16MM B2,Discos
16301355,AIZIR 98 X 16MM B2,Discos De Circonio
307017,LINGOFORM 22L SUPERIOR 3M2,Analogo
307017,LINGOFORM 22L SUPERIOR 3M2,Consumible
307017,LINGOFORM 22L SUPERIOR 3M2,Dientes
16301359,AIZIR 98 X 16MM C2,Digital
16301359,AIZIR 98 X 16MM C2,Consumible
16301359,AIZIR 98 X 16MM C2,Discos
16301359,AIZIR 98 X 16MM C2,Discos De Circonio
16363490,AIZIR 98 X 22MM A1,Digital
16363490,AIZIR 98 X 22MM A1,Consumible
16363490,AIZIR 98 X 22MM A1,Discos
16363490,AIZIR 98 X 22MM A1,Discos De Circonio
16301337,AIZIR 98 X 14MM B1,Digital
16301337,AIZIR 98 X 14MM B1,Consumible
16301337,AIZIR 98 X 14MM B1,Discos
16301337,AIZIR 98 X 14MM B1,Discos De Circonio
16298142,AIZIR 98 X 14MM A2,Digital
16298142,AIZIR 98 X 14MM A2,Consumible
16298142,AIZIR 98 X 14MM A2,Discos
16298142,AIZIR 98 X 14MM A2,Discos De Circonio
16298144,AIZIR 98 X 14MM A3,Digital
16298144,AIZIR 98 X 14MM A3,Consumible
16298144,AIZIR 98 X 14MM A3,Discos
16298144,AIZIR 98 X 14MM A3,Discos De Circonio
16363494,AIZIR 98 X 25MM A1,Digital
16363494,AIZIR 98 X 25MM A1,Consumible
16363494,AIZIR 98 X 25MM A1,Discos
16363494,AIZIR 98 X 25MM A1,Discos De Circonio
16363496,AIZIR 98 X 25MM A2,Digital
16363496,AIZIR 98 X 25MM A2,Consumible
16363496,AIZIR 98 X 25MM A2,Discos
16363496,AIZIR 98 X 25MM A2,Discos De Circonio
16301370,AIZIR 98 X 18MM A1,Digital
16301370,AIZIR 98 X 18MM A1,Consumible
16301370,AIZIR 98 X 18MM A1,Discos
16301370,AIZIR 98 X 18MM A1,Discos De Circonio
16301374,AIZIR 98 X 18MM B1,Digital
16301374,AIZIR 98 X 18MM B1,Consumible
16301374,AIZIR 98 X 18MM B1,Discos
16301374,AIZIR 98 X 18MM B1,Discos De Circonio
16304489,AIZIR 98 X 20MM OM1,Digital
16304489,AIZIR 98 X 20MM OM1,Consumible
16304489,AIZIR 98 X 20MM OM1,Discos
16304489,AIZIR 98 X 20MM OM1,Discos De Circonio
16304491,AIZIR 98 X 20MM OM2,Digital
16304491,AIZIR 98 X 20MM OM2,Consumible
16304491,AIZIR 98 X 20MM OM2,Discos
16304491,AIZIR 98 X 20MM OM2,Discos De Circonio
16304493,AIZIR 98 X 20MM OM3,Digital
16304493,AIZIR 98 X 20MM OM3,Consumible
16304493,AIZIR 98 X 20MM OM3,Discos
16304493,AIZIR 98 X 20MM OM3,Discos De Circonio
16363503,AIZIR 98 X 25MM OM2,Digital
16363503,AIZIR 98 X 25MM OM2,Consumible
16363503,AIZIR 98 X 25MM OM2,Discos
16363503,AIZIR 98 X 25MM OM2,Discos De Circonio
16301368,AIZIR 98 X 16MM OM2,Digital
16301368,AIZIR 98 X 16MM OM2,Consumible
16301368,AIZIR 98 X 16MM OM2,Discos
16301368,AIZIR 98 X 16MM OM2,Discos De Circonio
16724872,KIT T310 & PRINT,Digital
16724872,KIT T310 & PRINT,Equipo
16724872,KIT T310 & PRINT,Escaner Intraoral
16298134,CAMEO MILL BLOCS BOX C14 LT C3,Digital
16298134,CAMEO MILL BLOCS BOX C14 LT C3,Consumible
16298134,CAMEO MILL BLOCS BOX C14 LT C3,Bloques
16298134,CAMEO MILL BLOCS BOX C14 LT C3,Bloques De Disilicato De Litio
16301352,AIZIR 98 X 16MM A3.5,Digital
16301352,AIZIR 98 X 16MM A3.5,Consumible
16301352,AIZIR 98 X 16MM A3.5,Discos
16301352,AIZIR 98 X 16MM A3.5,Discos De Circonio
10990793,THE SHOW 10 LAYERS U A1 20MM,Digital
10990793,THE SHOW 10 LAYERS U A1 20MM,Consumible
10990793,THE SHOW 10 LAYERS U A1 20MM,Discos
10990793,THE SHOW 10 LAYERS U A1 20MM,Discos De Pmma
16301357,AIZIR 98 X 16MM B3,Digital
16301357,AIZIR 98 X 16MM B3,Consumible
16301357,AIZIR 98 X 16MM B3,Discos
16301357,AIZIR 98 X 16MM B3,Discos De Circonio
16301381,AIZIR 98 X 18MM OM2,Digital
16301381,AIZIR 98 X 18MM OM2,Consumible
16301381,AIZIR 98 X 18MM OM2,Discos
16301381,AIZIR 98 X 18MM OM2,Discos De Circonio
16301383,AIZIR 98 X 18MM OM3,Digital
16301383,AIZIR 98 X 18MM OM3,Consumible
16301383,AIZIR 98 X 18MM OM3,Discos
16301383,AIZIR 98 X 18MM OM3,Discos De Circonio
16298121,CAMEO MILL BLOCS BOX C14 LT BL4,Digital
16298121,CAMEO MILL BLOCS BOX C14 LT BL4,Consumible
16298121,CAMEO MILL BLOCS BOX C14 LT BL4,Bloques
16298121,CAMEO MILL BLOCS BOX C14 LT BL4,Bloques De Disilicato De Litio
341002,FINE FILTER SET FOR 2-CYLINDER COMPRESSORS SILVER AIRLINE,Refaccion
10990817,PMMA MULTI BLANK U A2 20MM,Digital
10990817,PMMA MULTI BLANK U A2 20MM,Consumible
10990817,PMMA MULTI BLANK U A2 20MM,Discos
10990817,PMMA MULTI BLANK U A2 20MM,Discos De Pmma
11501910,"DISPLAY TFT 5,7''",Refaccion
11501914,MEMBRANE KEYBOARD WITH FRAME,Refaccion
7623189,"PLACA CIRCUITO+ PANTALLA ARGOTH.2, THERM3",Refaccion
2266861,CONGRESO DIGITAL DAY (REGULAR),Boletos
7244904,MEDICAL ADAPTER ASSY ADAPTER IO1 I500,Digital
7244904,MEDICAL ADAPTER ASSY ADAPTER IO1 I500,Accesorio
7244904,MEDICAL ADAPTER ASSY ADAPTER IO1 I500,Escaner Intraoral
16304485,AIZIR 98 X 20MM A3,Digital
16304485,AIZIR 98 X 20MM A3,Consumible
16304485,AIZIR 98 X 20MM A3,Discos
16304485,AIZIR 98 X 20MM A3,Discos De Circonio
17026737,DENTALCAD ULTIMATE BUNDLE TRADE UP,Digital
17026737,DENTALCAD ULTIMATE BUNDLE TRADE UP,Software
16301363,AIZIR 98 X 16MM C3,Digital
16301363,AIZIR 98 X 16MM C3,Consumible
16301363,AIZIR 98 X 16MM C3,Discos
16301363,AIZIR 98 X 16MM C3,Discos De Circonio
16544242,KIT LUMI DLP CON W&C,Equipo
16544242,KIT LUMI DLP CON W&C,Impresoras 3d
16544242,KIT LUMI DLP CON W&C,Digital
17424669,MIYO TRANS MOSS FLUOR PASTE 4G,Analogo
17424669,MIYO TRANS MOSS FLUOR PASTE 4G,Consumible
17424669,MIYO TRANS MOSS FLUOR PASTE 4G,Ceramica Liquida
2266440,FRESA ROTO RFID PURPLE 1.2 EM,Digital
2266440,FRESA ROTO RFID PURPLE 1.2 EM,Consumible
92431,ROTO RFID 2.5 SC,Fresas
2266446,FRESA ROTO RFID PURPLE 1.2 TS,Digital
2266446,FRESA ROTO RFID PURPLE 1.2 TS,Consumible
85828,ROTO RFID 2.5 SINTRON DM 2.5,Fresas
16301346,AIZIR 98 X 14MM OM1,Digital
16301346,AIZIR 98 X 14MM OM1,Consumible
16301346,AIZIR 98 X 14MM OM1,Discos
16301346,AIZIR 98 X 14MM OM1,Discos De Circonio
16301348,AIZIR 98 X 14MM OM3,Digital
16301348,AIZIR 98 X 14MM OM3,Consumible
16301348,AIZIR 98 X 14MM OM3,Discos
16301348,AIZIR 98 X 14MM OM3,Discos De Circonio
12572784,UMRÜSTKIT SYCOTEC SPINDEL MOTION 3,Digital
12572784,UMRÜSTKIT SYCOTEC SPINDEL MOTION 3,Refaccion
12572784,UMRÜSTKIT SYCOTEC SPINDEL MOTION 3,Fresadoras
16363492,AIZIR 98 X 22MM A2,Digital
16363492,AIZIR 98 X 22MM A2,Consumible
16363492,AIZIR 98 X 22MM A2,Discos
16363492,AIZIR 98 X 22MM A2,Discos De Circonio
19277384,CONSULTORIA Y ASESORIA GENERAL,Servicios
292727,GARANTIA 1 AÑO,Servicios
7244908,MEDICAL ADAPTER ASSY ADAPTOR IO3 I600 I700,Digital
7244908,MEDICAL ADAPTER ASSY ADAPTOR IO3 I600 I700,Accesorio
7244908,MEDICAL ADAPTER ASSY ADAPTOR IO3 I600 I700,Escaner Intraoral
16301339,AIZIR 98 X 14MM B2,Digital
16301339,AIZIR 98 X 14MM B2,Consumible
16301339,AIZIR 98 X 14MM B2,Discos
16301339,AIZIR 98 X 14MM B2,Discos De Circonio
16301341,AIZIR 98 X 14MM C2,Digital
16301341,AIZIR 98 X 14MM C2,Consumible
16301341,AIZIR 98 X 14MM C2,Discos
16301341,AIZIR 98 X 14MM C2,Discos De Circonio
16301344,AIZIR 98 X 14MM D3,Digital
16301344,AIZIR 98 X 14MM D3,Consumible
16301344,AIZIR 98 X 14MM D3,Discos
16301344,AIZIR 98 X 14MM D3,Discos De Circonio
16301335,AIZIR 98 X 14MM A3.5,Digital
16301335,AIZIR 98 X 14MM A3.5,Consumible
16301335,AIZIR 98 X 14MM A3.5,Discos
16301335,AIZIR 98 X 14MM A3.5,Discos De Circonio
16724701,KIT DENTAL CAD FLEX CORE & MIGHTY 4K,Digital
16724701,KIT DENTAL CAD FLEX CORE & MIGHTY 4K,Software
8424854,FIRING TRAY G (PACK OF 2 TRAYS AND 20 PINS),Analogo
8424854,FIRING TRAY G (PACK OF 2 TRAYS AND 20 PINS),Accesorio
98081,RENFERT BASIC ECO 25-70Μ/70-250Μ 120V 50/60HZ,Analogo
98081,RENFERT BASIC ECO 25-70Μ/70-250Μ 120V 50/60HZ,Equipo
98081,RENFERT BASIC ECO 25-70Μ/70-250Μ 120V 50/60HZ,Hornos
98081,RENFERT BASIC ECO 25-70Μ/70-250Μ 120V 50/60HZ,Hornos De Desencerado
303799,FRESA ROTO RFID GREEN 0.6 DM,Digital
303799,FRESA ROTO RFID GREEN 0.6 DM,Consumible
4232,ROTO RFID 2.5 ZI DM,Fresas
81126,PINCEL TAKANISHI TAMAÑO 12,Analogo
81126,PINCEL TAKANISHI TAMAÑO 12,Consumible
81126,PINCEL TAKANISHI TAMAÑO 12,Pinceles
81129,PINCEL TAKANISHI. TAMAÑO 10,Analogo
81129,PINCEL TAKANISHI. TAMAÑO 10,Consumible
81129,PINCEL TAKANISHI. TAMAÑO 10,Pinceles
6824379,KIT DE PROTESIS DENTAL,Analogo
6824379,KIT DE PROTESIS DENTAL,Consumible
6824379,KIT DE PROTESIS DENTAL,Dientes
81153,PINCEL KOLINSKY TAMAÑO 8 2PZ,Analogo
81153,PINCEL KOLINSKY TAMAÑO 8 2PZ,Consumible
81153,PINCEL KOLINSKY TAMAÑO 8 2PZ,Pinceles
98067,BRENNSOCKEL - PRESSEN,Analogo
98067,BRENNSOCKEL - PRESSEN,Refaccion
80562,BI-PIN CORTO CON MANGUITO 1000 PZ.,Analogo
80562,BI-PIN CORTO CON MANGUITO 1000 PZ.,Accesorio
300755,LIFT SEAT PRESS I DENT,Analogo
300755,LIFT SEAT PRESS I DENT,Refaccion
81288,CALIPRETTO CR,Analogo
81288,CALIPRETTO CR,Refaccion
12572,VM9 EFFECT ENAMEL EE10,Consumible
19317914,TYSCOR VS 4 CENTRAL COMBINED SUCTION UNIT WITH RADIAL-TECHNOLOGY 9,Digital
19317914,TYSCOR VS 4 CENTRAL COMBINED SUCTION UNIT WITH RADIAL-TECHNOLOGY 9,Equipo
19317914,TYSCOR VS 4 CENTRAL COMBINED SUCTION UNIT WITH RADIAL-TECHNOLOGY 9,Compresores
19308581,ZOLID NATURALS BL,Analogo
19308581,ZOLID NATURALS BL,Consumible
19308581,ZOLID NATURALS BL,Stains
19305461,ZOLID NATURALS GR,Analogo
19305461,ZOLID NATURALS GR,Consumible
19305461,ZOLID NATURALS GR,Stains
19270918,ZOLID NATURALS OR,Analogo
19270918,ZOLID NATURALS OR,Consumible
19270918,ZOLID NATURALS OR,Stains
19308577,ZOLID NATURALS VIO,Analogo
19308577,ZOLID NATURALS VIO,Consumible
19308577,ZOLID NATURALS VIO,Stains
19270926,ZOLID NATURALS OPACIFIER,Analogo
19270926,ZOLID NATURALS OPACIFIER,Consumible
19270926,ZOLID NATURALS OPACIFIER,Stains
16301379,AIZIR 98 X 18MM OM1,Digital
16301379,AIZIR 98 X 18MM OM1,Consumible
16301379,AIZIR 98 X 18MM OM1,Discos
16301379,AIZIR 98 X 18MM OM1,Discos De Circonio
2266450,FRESA ROTO RFID GREY 0.3,Digital
2266450,FRESA ROTO RFID GREY 0.3,Consumible
115659,ROTO RFID 3.0 TITAN DM,Fresas
2266450,FRESA ROTO RFID GREY 0.3,Fresas Diamond Rfid
7209007,ACTUALIZACION REFRESH FEE,Digital
7209007,ACTUALIZACION REFRESH FEE,Software
38058874,SOFTWARE MIGRACION EXOCAD,Digital
38058874,SOFTWARE MIGRACION EXOCAD,Software
10990805,THE SHOW 10 LAYERS U B1 25 MM,Digital
10990805,THE SHOW 10 LAYERS U B1 25 MM,Consumible
10990805,THE SHOW 10 LAYERS U B1 25 MM,Discos
10990805,THE SHOW 10 LAYERS U B1 25 MM,Discos De Pmma
10990789,THE SHOW 10 LAYERS U BLEACH 1 20 MM,Digital
10990789,THE SHOW 10 LAYERS U BLEACH 1 20 MM,Consumible
10990789,THE SHOW 10 LAYERS U BLEACH 1 20 MM,Discos
10990789,THE SHOW 10 LAYERS U BLEACH 1 20 MM,Discos De Pmma
10990811,PMMA MULTI BLANK U A1 20MM,Digital
10990811,PMMA MULTI BLANK U A1 20MM,Consumible
10990811,PMMA MULTI BLANK U A1 20MM,Discos
10990811,PMMA MULTI BLANK U A1 20MM,Discos De Pmma
11920371,ZI-CT STARTER KIT,Analogo
11920371,ZI-CT STARTER KIT,Consumible
11920371,ZI-CT STARTER KIT,Ceramica De Recubrimiento
11920371,ZI-CT STARTER KIT,Ceramica Para Circonio
40768827,MACBOOK,Digital
40768827,MACBOOK,Equipo De Computo
13577,VMK OPAQUE DENTINE 0M3 12G,Consumible
16363499,AIZIR 98 X 25MM B2,Digital
16363499,AIZIR 98 X 25MM B2,Consumible
16363499,AIZIR 98 X 25MM B2,Discos
16363499,AIZIR 98 X 25MM B2,Discos De Circonio
16301376,AIZIR 98 X 18MM B2,Digital
16301376,AIZIR 98 X 18MM B2,Consumible
16301376,AIZIR 98 X 18MM B2,Discos
16301376,AIZIR 98 X 18MM B2,Discos De Circonio
19258357,ZOLID NATURALS A2,Digital
19258357,ZOLID NATURALS A2,Consumible
19258357,ZOLID NATURALS A2,Tintes
19258357,ZOLID NATURALS A2,Tintes Para Circonio
19258410,ZOLID NATURALS C2,Digital
19258410,ZOLID NATURALS C2,Consumible
19258410,ZOLID NATURALS C2,Tintes
19258410,ZOLID NATURALS C2,Tintes Para Circonio
19258361,ZOLID NATURALS A3,Digital
19258361,ZOLID NATURALS A3,Consumible
19258361,ZOLID NATURALS A3,Tintes
19258361,ZOLID NATURALS A3,Tintes Para Circonio
19308577,ZOLID NATURALS VIO,Digital
19308577,ZOLID NATURALS VIO,Tintes
19308577,ZOLID NATURALS VIO,Tintes Para Circonio
10990799,THE SHOW 10 LAYERS U BLEACH 1 25MM,Digital
10990799,THE SHOW 10 LAYERS U BLEACH 1 25MM,Consumible
10990799,THE SHOW 10 LAYERS U BLEACH 1 25MM,Discos
10990799,THE SHOW 10 LAYERS U BLEACH 1 25MM,Discos De Pmma
19258376,ZOLID NATURALS B1,Digital
19258376,ZOLID NATURALS B1,Consumible
19258376,ZOLID NATURALS B1,Tintes
19258376,ZOLID NATURALS B1,Tintes Para Circonio
295024,SILENT POWERCAM EC INTERFACE CABLE,Refaccion
27817902,SILENT COMPACTCAM.,Refaccion
234028,AG SELLO DE SILICONA CUELLO RELLENO X3,Refaccion
10990814,PMMA MULTI BLANK U B1 20 MM,Digital
10990814,PMMA MULTI BLANK U B1 20 MM,Consumible
10990814,PMMA MULTI BLANK U B1 20 MM,Discos
10990814,PMMA MULTI BLANK U B1 20 MM,Discos De Pmma
12485,VM9 BASE DENTINE D4 12G,Consumible
11920363,ZI-CT DENTINE D-C3 20G,Digital
11920363,ZI-CT DENTINE D-C3 20G,Consumible
11920363,ZI-CT DENTINE D-C3 20G,Ceramica De Recubrimiento
11920363,ZI-CT DENTINE D-C3 20G,Ceramica Para Circonio
13772,VMK OPAQUE DENTINE A3.5 50G,Consumible
16304487,AIZIR 98 X 20MM B2,Digital
16304487,AIZIR 98 X 20MM B2,Consumible
16304487,AIZIR 98 X 20MM B2,Discos
16304487,AIZIR 98 X 20MM B2,Discos De Circonio
42007876,CAMEO MILL BLOCS BOX C14 HT C2,Digital
42007876,CAMEO MILL BLOCS BOX C14 HT C2,Consumible
42007876,CAMEO MILL BLOCS BOX C14 HT C2,Bloques
42007876,CAMEO MILL BLOCS BOX C14 HT C2,Bloques De Disilicato De Litio
17424666,MIYO TRANS NIGHT FLUOR PASTE 4G,Analogo
17424666,MIYO TRANS NIGHT FLUOR PASTE 4G,Consumible
17424666,MIYO TRANS NIGHT FLUOR PASTE 4G,Ceramica Liquida
43422432,SCAN LADDER 8X KIT SCREW 1.40,Digital
43422432,SCAN LADDER 8X KIT SCREW 1.40,Consumible
43422432,SCAN LADDER 8X KIT SCREW 1.40,Aditamentos Para Implantes
42325752,ZIRCONIA SINTERING FURNACE CSF-400PRO-SIC,Digital
42325752,ZIRCONIA SINTERING FURNACE CSF-400PRO-SIC,Equipo
42325752,ZIRCONIA SINTERING FURNACE CSF-400PRO-SIC,Hornos
42325752,ZIRCONIA SINTERING FURNACE CSF-400PRO-SIC,Hornos De Sinterizado
42215642,CAMEO MILL BLOCS BOX C14 HT C1,Digital
42215642,CAMEO MILL BLOCS BOX C14 HT C1,Consumible
42215642,CAMEO MILL BLOCS BOX C14 HT C1,Bloques
42215642,CAMEO MILL BLOCS BOX C14 HT C1,Bloques De Disilicato De Litio
42212501,CAMEO MILL BLOCS BOX C14 HT B2,Digital
42212501,CAMEO MILL BLOCS BOX C14 HT B2,Consumible
42212501,CAMEO MILL BLOCS BOX C14 HT B2,Bloques
42212501,CAMEO MILL BLOCS BOX C14 HT B2,Bloques De Disilicato De Litio
42215658,CAMEO MILL BLOCS BOX C14 HT C3,Digital
42215658,CAMEO MILL BLOCS BOX C14 HT C3,Consumible
42215658,CAMEO MILL BLOCS BOX C14 HT C3,Bloques
42215658,CAMEO MILL BLOCS BOX C14 HT C3,Bloques De Disilicato De Litio
42007886,CAMEO MILL BLOCS BOX C14 HT A3.5,Digital
42007886,CAMEO MILL BLOCS BOX C14 HT A3.5,Consumible
42007886,CAMEO MILL BLOCS BOX C14 HT A3.5,Bloques
42007886,CAMEO MILL BLOCS BOX C14 HT A3.5,Bloques De Disilicato De Litio
43491698,COMPRESSOR AGGREGATE DUO 230V,Digital
43491698,COMPRESSOR AGGREGATE DUO 230V,Equipo
43491698,COMPRESSOR AGGREGATE DUO 230V,Compresores
42218809,SUPERFECTZIR SHT-PM A1,Digital
42218809,SUPERFECTZIR SHT-PM A1,Consumible
42218809,SUPERFECTZIR SHT-PM A1,Discos
42218809,SUPERFECTZIR SHT-PM A1,Discos De Circonio
42221972,SUPERFECTZIR SHT-PM B1,Digital
42221972,SUPERFECTZIR SHT-PM B1,Consumible
42221972,SUPERFECTZIR SHT-PM B1,Discos
42221972,SUPERFECTZIR SHT-PM B1,Discos De Circonio
42221982,SUPERFECTZIR SHT-PM A2,Digital
42221982,SUPERFECTZIR SHT-PM A2,Consumible
42221982,SUPERFECTZIR SHT-PM A2,Discos
42221982,SUPERFECTZIR SHT-PM A2,Discos De Circonio
42221986,SUPERFECTZIR SHT-PM D2,Digital
42221986,SUPERFECTZIR SHT-PM D2,Consumible
42221986,SUPERFECTZIR SHT-PM D2,Discos
42221986,SUPERFECTZIR SHT-PM D2,Discos De Circonio
42221968,SUPERFECTZIR SHT-PM A3,Digital
42221968,SUPERFECTZIR SHT-PM A3,Consumible
42221968,SUPERFECTZIR SHT-PM A3,Discos
42221968,SUPERFECTZIR SHT-PM A3,Discos De Circonio
11920302,ZI-CT DENTINE D-B1 20G,Analogo
11920302,ZI-CT DENTINE D-B1 20G,Consumible
11920302,ZI-CT DENTINE D-B1 20G,Ceramica De Recubrimiento
11920302,ZI-CT DENTINE D-B1 20G,Ceramica Para Circonio
11920336,ZI-CT DENTINE D-B3 20G,Analogo
11920336,ZI-CT DENTINE D-B3 20G,Consumible
11920336,ZI-CT DENTINE D-B3 20G,Ceramica De Recubrimiento
11920336,ZI-CT DENTINE D-B3 20G,Ceramica Para Circonio
11920298,ZI-CT DENTINE D-A4 20G,Analogo
11920298,ZI-CT DENTINE D-A4 20G,Consumible
11920298,ZI-CT DENTINE D-A4 20G,Ceramica De Recubrimiento
11920298,ZI-CT DENTINE D-A4 20G,Ceramica Para Circonio
41562124,ARTEX TYP CR,Analogo
41562124,ARTEX TYP CR,Equipo
41562124,ARTEX TYP CR,Articuladores
19293008,COOLING LIQUID 125ML + 10X FILTER ZR,Digital
19293008,COOLING LIQUID 125ML + 10X FILTER ZR,Consumible
19293008,COOLING LIQUID 125ML + 10X FILTER ZR,Liquidos Refrigerantes
13724,VMK OPAQUE DENTINE 4M3 50G,Consumible
13610,VMK OPAQUE DENTINE 2L2.5 50G,Consumible
13658,VMK OPAQUE DENTINE 3L2.5 50G,Consumible
307027,LINGOFORM 23L INFERIOR 2M2,Analogo
307027,LINGOFORM 23L INFERIOR 2M2,Consumible
307027,LINGOFORM 23L INFERIOR 2M2,Dientes
307031,LINGOFORM 23L SUPERIOR 2M2,Analogo
307031,LINGOFORM 23L SUPERIOR 2M2,Consumible
307031,LINGOFORM 23L SUPERIOR 2M2,Dientes
16372815,FRESA DE PMMA 1.0 16MM,Digital
16372815,FRESA DE PMMA 1.0 16MM,Consumible
19314796,ROTO RFID BROWN 0.5 EM,Fresas
16372818,FRESA DE PMMA 2.0 16MM,Digital
16372818,FRESA DE PMMA 2.0 16MM,Consumible
19314802,ROTO RFID BROWN 0.5 SM 3MM SHAFT,Fresas
16372813,FRESA DE PMMA 0.6,Digital
16372813,FRESA DE PMMA 0.6,Consumible
19314792,ROTO RFID BROWN 1.2 EM 3MM SHAFT,Fresas
13322,VMK DENTINE B4 50G,Consumible
13100,VMK DENTINE 0M1 50G,Consumible
13106,VMK DENTINE 0M2 50G,Consumible
12755,VM9 TRANSPA DENTINE 2L2.5 12G,Consumible
12839,VM9 TRANSPA DENTINE 4L2.5 12G,Consumible
46561435,MEDIT INTRA ORAL SCANNER I700 UNI,Digital
46561435,MEDIT INTRA ORAL SCANNER I700 UNI,Equipo
46561435,MEDIT INTRA ORAL SCANNER I700 UNI,Escaner Intraoral
46561417,MEDIT SCANNER I600 UNI,Digital
46561417,MEDIT SCANNER I600 UNI,Equipo
46561417,MEDIT SCANNER I600 UNI,Escaner Intraoral
46239445,VITA LUMEX UNIQUE STANDARD KIT,Analogo
46239445,VITA LUMEX UNIQUE STANDARD KIT,Consumible
46239445,VITA LUMEX UNIQUE STANDARD KIT,Ceramica De Recubrimiento
45051578,SUPERFECT ZIR SHT-PM 18MM C2,Digital
45051578,SUPERFECT ZIR SHT-PM 18MM C2,Consumible
45051578,SUPERFECT ZIR SHT-PM 18MM C2,Discos
45051578,SUPERFECT ZIR SHT-PM 18MM C2,Discos De Circonio
45051586,SUPERFECT ZIR SHT-PM 16MM B2,Digital
45051586,SUPERFECT ZIR SHT-PM 16MM B2,Consumible
45051586,SUPERFECT ZIR SHT-PM 16MM B2,Discos
45051586,SUPERFECT ZIR SHT-PM 16MM B2,Discos De Circonio
45051502,SUPERFECT ZIR SHT-PM 16MM C2,Digital
45051502,SUPERFECT ZIR SHT-PM 16MM C2,Consumible
45051502,SUPERFECT ZIR SHT-PM 16MM C2,Discos
45051502,SUPERFECT ZIR SHT-PM 16MM C2,Discos De Circonio
42218815,SUPERFECT ZIR SHT-PM 20MM OM1,Digital
42218815,SUPERFECT ZIR SHT-PM 20MM OM1,Consumible
42218815,SUPERFECT ZIR SHT-PM 20MM OM1,Discos
42218815,SUPERFECT ZIR SHT-PM 20MM OM1,Discos De Circonio
42221990,SUPERFECT ZIR SHT-PM 20MM OM3,Digital
42221990,SUPERFECT ZIR SHT-PM 20MM OM3,Consumible
42221990,SUPERFECT ZIR SHT-PM 20MM OM3,Discos
42221990,SUPERFECT ZIR SHT-PM 20MM OM3,Discos De Circonio
45051582,SUPERFECT ZIR SHT-PM 18MM B1,Digital
45051582,SUPERFECT ZIR SHT-PM 18MM B1,Consumible
45051582,SUPERFECT ZIR SHT-PM 18MM B1,Discos
45051582,SUPERFECT ZIR SHT-PM 18MM B1,Discos De Circonio
13268,VMK DENTINE 5M3 50G,Consumible
12797,VM9 TRANSPA DENTINE 3L2.5 12G,Consumible
298925,KIT GIROFORM PIN DRILL Y JUEGO,Analogo
298925,KIT GIROFORM PIN DRILL Y JUEGO,Equipo
298925,KIT GIROFORM PIN DRILL Y JUEGO,Perforadora De Pines
19314796,ROTO RFID BROWN 0.5 EM,Digital
19314796,ROTO RFID BROWN 0.5 EM,Consumible
85885,ROTO RFID PIN DE CALIBRACION EJE 3MM,Fresas
19314802,ROTO RFID BROWN 0.5 SM 3MM SHAFT,Digital
19314802,ROTO RFID BROWN 0.5 SM 3MM SHAFT,Consumible
4217,ROTO SC 0.6,Fresas
19314792,ROTO RFID BROWN 1.2 EM 3MM SHAFT,Digital
19314792,ROTO RFID BROWN 1.2 EM 3MM SHAFT,Consumible
4214,ROTO SC 1.0,Fresas
11846,VM13 OPAQUE D3 12G,Consumible
41209527,ARTEX TYP CP O CPR,Analogo
41209527,ARTEX TYP CP O CPR,Equipo
41209527,ARTEX TYP CP O CPR,Articuladores
42652622,PMMA BLOKS 16MM A1,Digital
42652622,PMMA BLOKS 16MM A1,Consumible
42652622,PMMA BLOKS 16MM A1,Bloques
42652622,PMMA BLOKS 16MM A1,Bloques De Pmma
44871866,CALIBRATING RODS FOR CUTTING MACHINES,Accesorio
45048429,SUPERFECT ZIR SHT-PM 14MM B1,Digital
45048429,SUPERFECT ZIR SHT-PM 14MM B1,Consumible
45048429,SUPERFECT ZIR SHT-PM 14MM B1,Discos
45048429,SUPERFECT ZIR SHT-PM 14MM B1,Discos De Circonio
45048436,AIZIR 98 X 22MM B1,Digital
45048436,AIZIR 98 X 22MM B1,Consumible
45048436,AIZIR 98 X 22MM B1,Discos
45048436,AIZIR 98 X 22MM B1,Discos De Circonio
45048420,SUPERFECT ZIR SHT-PM 18MM B2,Digital
45048420,SUPERFECT ZIR SHT-PM 18MM B2,Consumible
45048420,SUPERFECT ZIR SHT-PM 18MM B2,Discos
45048420,SUPERFECT ZIR SHT-PM 18MM B2,Discos De Circonio
102279,FIRING PASTE,Consumible
305100,ASSY SMALL TIP PACKING IO3 PARA I600/I700/I700W,Accesorio
7623177,TOOL PRESENCE SENSOR MOTION 3,Refaccion
4327250,"ALUMINUM ALLOY RESIN TANK (9.3"" NFEP FILM)",Accesorio
19258372,ZOLID NATURALS A INTENSE,Consumible
19258372,ZOLID NATURALS A INTENSE,Tintes
19258397,ZOLID NATURALS B INTENSE,Consumible
19258397,ZOLID NATURALS B INTENSE,Tintes
19270902,ZOLID NATURALS C INTENSE,Consumible
19270902,ZOLID NATURALS C INTENSE,Tintes
19270914,ZOLID NATURALS D INTENSE,Consumible
19270914,ZOLID NATURALS D INTENSE,Tintes
19308581,ZOLID NATURALS BL,Tintes
13262,VMK DENTINE 5M2 50G,Consumible
8426524,FRESA ROTO RFID GREEN 0.3 DM,Digital
8426524,FRESA ROTO RFID GREEN 0.3 DM,Consumible
4211,ROTO SC 2.5,Fresas
51432264,DISCO TITANIO GRADO 5 98X14,Digital
51432264,DISCO TITANIO GRADO 5 98X14,Consumible
51432264,DISCO TITANIO GRADO 5 98X14,Discos
51432264,DISCO TITANIO GRADO 5 98X14,Discos De Titanio
51435368,DISCO TITANIO GRADO 5 98X18,Digital
51435368,DISCO TITANIO GRADO 5 98X18,Consumible
51435368,DISCO TITANIO GRADO 5 98X18,Discos
51435368,DISCO TITANIO GRADO 5 98X18,Discos De Titanio
40768827,MACBOOK,Equipo
49559856,MAX CROWN KIT SET,Consumible
51432269,DISCO TITANIO GRADO 5 98X16,Discos
51432269,DISCO TITANIO GRADO 5 98X16,Consumible
51432269,DISCO TITANIO GRADO 5 98X16,Discos De Circonio
297459,TOOL LENGTH SENSOR MOTION 2 O 3,Refaccion
51432254,DISCO TITANIO GRADO 5 98X10MM,Consumible
51432254,DISCO TITANIO GRADO 5 98X10MM,Digital
51432254,DISCO TITANIO GRADO 5 98X10MM,Discos
51432254,DISCO TITANIO GRADO 5 98X10MM,Discos De Titanio
51432260,DISCO TITANIO GRADO 5 98X12,Consumible
51432260,DISCO TITANIO GRADO 5 98X12,Discos
51432260,DISCO TITANIO GRADO 5 98X12,Discos De Titanio
8426494,FRESA ROTO RFID PURPLE 2.0 TS,Digital
8426494,FRESA ROTO RFID PURPLE 2.0 TS,Consumible
4007,ROTO ST 0.6,Fresas
8426504,FRESA ROTO RFID PURPLE 1.8 TS,Digital
8426504,FRESA ROTO RFID PURPLE 1.8 TS,Consumible
49550326,MAX CROWN KIT BUILD TRAY,Digital
49550326,MAX CROWN KIT BUILD TRAY,Accesorio
291603,ARMARIO DENTAL S8 CON 8 CAJONES,Accesorio
16372820,FRESA DE PMMA 1.5,Digital
16372820,FRESA DE PMMA 1.5,Consumible
4010,ROTO ST 1.2,Fresas
16372822,FRESA DE PMMA 3.0,Digital
16372822,FRESA DE PMMA 3.0,Consumible
4205,ROTO TI 1.0,Fresas
16522102,FRESA DE PMMA 1.0 20MM,Digital
16522102,FRESA DE PMMA 1.0 20MM,Consumible
4208,ROTO TI 2.0,Fresas
16522104,FRESA DE PMMA 2.0 25MM,Digital
16522104,FRESA DE PMMA 2.0 25MM,Consumible
309233,SILENT POWERCAM MTN,Fresas
42218827,SUPERFECT ZIR SHT-PM 20MM OM2,Digital
42218827,SUPERFECT ZIR SHT-PM 20MM OM2,Consumible
42218827,SUPERFECT ZIR SHT-PM 20MM OM2,Fresas
10990796,THE SHOW 10 LAYERS U B1 20MM,Digital
10990796,THE SHOW 10 LAYERS U B1 20MM,Consumible
10990796,THE SHOW 10 LAYERS U B1 20MM,Discos
309291,CABLE DE INTERFAZ TIPO D PARA AG,Accesorio
11920344,ZI-CT DENTINE D-C1 20G,Digital
11920344,ZI-CT DENTINE D-C1 20G,Consumible
11920344,ZI-CT DENTINE D-C1 20G,Ceramica De Recubrimiento
43491886,EU BIOMIC STAINS,Analogo
43491886,EU BIOMIC STAINS,Consumible
43491886,EU BIOMIC STAINS,Stains