,articulo_id,nombre_articulo,marca,nombre_almacen,existencias,valor_total_inventario
0,97759,10L MAX BUILD TRAY,Asiga ,Almacén General,4,17308.44
1,295121,1L MAX LOW FORCE BUILD TRAY,Asiga ,Almacén General,4,3749.14
2,309437,2-2 VALVULA DIRECCIONAL AGUA AIRE,Amann Girrbach,Almacén General,2,6458.84
3,85167,2L MAX BUILD PLASTIC TRAY FOR MAX 3D PRINTER,Asiga ,Almacén General,1,1565.35
4,295124,2L ULTRA ULTRAGLOSS BUILD TRAY,Asiga ,Almacén General,1,2905.36
5,65738172,3D PRO MULTILAYER 98 X 18 A1,Aidite,Almacén General,5,3698.56
6,89497,5L MAX BUILD TRAY,Asiga ,Almacén General,13,30820.11
7,808297,5L ULTRA ENDURANCE BUILD TRAY,Asiga ,Almacén General,11,21260.71
8,85792,A AXIS MOTOR INCL ENCODER 4X AND 5X FOR MIKRO 4X 5X MOTION 2,Amann Girrbach,Almacén General,7,26262.09
9,85797,A AXIS MOTOR INCL ENCODER MIKRO IC+CS FOR MIKRO IC CHAIRSIDE,Amann Girrbach,Almacén General,2,9456.03
10,7620068,ABUTMENT ADAPTER DESS MATRON/MATIK,Amann Girrbach,Almacén General,3,17846.82
11,104172,ACRYLINE LIQUID 1000ML,Anax Dent,Almacén General,3,5667.55
12,116816,ACRYLINE LIQUID 100ML,Anax Dent,Almacén General,20,9738.9
13,249089,ACRYLINE LIQUID 500 ML,Anax Dent,Almacén General,5,7001.28
14,116812,ACRYLINE POWDER CLAER 500G,Anax Dent,Almacén General,7,8892.13
15,104169,ACRYLINE POWDER CLEAR 1000G,Anax Dent,Almacén General,1,2093.99
16,116793,ACRYLINE POWDER CLEAR 100G,Anax Dent,Almacén General,9,3736.27
17,116824,ACRYLINE POWDER INTENSE RED 100G,Anax Dent,Almacén General,3,2398.27
18,116828,ACRYLINE POWDER INTENSE VIOLET 100G,Anax Dent,Almacén General,2,1058.15
19,116804,ACRYLINE POWDER LIGTH PINK 100G,Anax Dent,Almacén General,5,2075.72
20,116800,ACRYLINE POWDER REGULAR 100G,Anax Dent,Almacén General,2,1255.08
21,116820,ACRYLINE SHADE GUIDE SET,Anax Dent,Almacén General,4,1947.49
22,116808,ACRYLINE STUTTGART COMPOSITION 100G,Anax Dent,Almacén General,4,1996.44
23,62621277,ADDITIVE MANUFACTURED LIGHT DENTURE RESIN,Aidite,Almacén General,17,82576.48
24,62621281,ADDITIVE MANUFACTURING LIGHT CURING CROWN BRIDGE RESIN,Aidite,Almacén General,5,44237.4
25,3800,AG BASE DE TRANSFERENCIA SPLITEX INCL MESA,Amann Girrbach,Almacén General,31,304.24
26,309530,AG CASO DE SERVICIO-CERAMILL MOTION/DRS,Amann Girrbach,Almacén General,1,51464.21
27,295063,AIR NOOZLE SPINDLE MATRON,Amann Girrbach,Almacén General,1,557.88
28,42646271,A-IS PRO 3 ESCANER,Aidite,Almacén General,1,105427.15
29,64721612,AIZIR 98 X 12MM A1,Aidite,Almacén General,213,111128.49
30,64721629,AIZIR 98 X 12MM A2,Aidite,Almacén General,268,139823.64
31,64724725,AIZIR 98 X 12MM A3,Aidite,Almacén General,55,28695.15
32,64724745,AIZIR 98 X 12MM B1,Aidite,Almacén General,153,79824.69
33,9185119,AIZIR 98 X 14MM A1,Aidite,Almacén General,422,266686.77
34,16298142,AIZIR 98 X 14MM A2,Aidite,Almacén General,315,191735.78
35,16298144,AIZIR 98 X 14MM A3,Aidite,Almacén General,249,151562.56
36,16301335,AIZIR 98 X 14MM A3.5,Aidite,Almacén General,117,71216.15
37,16301337,AIZIR 98 X 14MM B1,Aidite,Almacén General,168,102259.08
38,16301339,AIZIR 98 X 14MM B2,Aidite,Almacén General,104,63303.24
39,64724740,AIZIR 98 X 14MM B3,Aidite,Almacén General,50,30434.25
40,64721623,AIZIR 98 X 14MM C3,Aidite,Almacén General,71,43216.64
41,16301346,AIZIR 98 X 14MM OM1,Aidite,Almacén General,2,1554.9
42,6150068,AIZIR 98 X 16MM A1,Aidite,Almacén General,50,41342.39
43,6150064,AIZIR 98 X 16MM A2,Aidite,Almacén General,292,203396.85
44,6150116,AIZIR 98 X 16MM A3,Aidite,Almacén General,231,160692.84
45,16301379,AIZIR 98 X 18MM OM1,Aidite,Almacén General,9,8996.24
46,16301381,AIZIR 98 X 18MM OM2,Aidite,Almacén General,14,13994.14
47,6150120,AIZIR 98 X 20MM A1,Aidite,Almacén General,82,92897.39
48,6150124,AIZIR 98 X 20MM B1,Aidite,Almacén General,47,53674.27
49,16304487,AIZIR 98 X 20MM B2,Aidite,Almacén General,24,27428.0
50,16304489,AIZIR 98 X 20MM OM1,Aidite,Almacén General,59,57668.53
51,16304491,AIZIR 98 X 20MM OM2,Aidite,Almacén General,19,21581.92
52,16304493,AIZIR 98 X 20MM OM3,Aidite,Almacén General,34,31399.58
53,16363496,AIZIR 98 X 25MM A2,Aidite,Almacén General,1,1332.77
54,16363499,AIZIR 98 X 25MM B2,Aidite,Almacén General,4,5434.1
55,16363503,AIZIR 98 X 25MM OM2,Aidite,Almacén General,64,85297.56
56,6150136,AIZIR 98 X 25MM OM3,Aidite,Almacén General,57,76170.13
57,9185113,AIZIR SHADE GUIDE,Aidite,Almacén General,60,862.6
58,199223,AKZENT LC CHROMA STAINS CORN-YELLOW 2.5 ML,Vita,Almacén General,11,8281.94
59,199232,AKZENT LC CHROMA STAINS DARK-YELLOW 2.5 ML,Vita,Almacén General,10,7786.82
60,199198,AKZENT LC CHROMA STAINS GREY-BROWN 2.5 ML,Vita,Almacén General,12,9128.74
61,199202,AKZENT LC CHROMA STAINS GREY-RED 2.5 ML,Vita,Almacén General,12,9046.37
62,199236,AKZENT LC CHROMA STAINS LIGHT-RED 2.5 ML,Vita,Almacén General,11,8541.57
63,199187,AKZENT LC CHROMA STAINS RED-BROWN 2.5 ML,Vita,Almacén General,18,13569.57
64,199192,AKZENT LC CHROMA STAINS RED-SUN 2.5 ML,Vita,Almacén General,8,6030.92
65,199227,AKZENT LC CHROMA STAINS RED-YELLOW 2.5 ML,Vita,Almacén General,4,2994.34
66,199178,AKZENT LC EFFECT STAINS BLACK 2.5 ML,Vita,Almacén General,3,2251.01
67,199138,AKZENT LC EFFECT STAINS BLUE 2.5 ML,Vita,Almacén General,8,6030.92
68,199033,AKZENT LC EFFECT STAINS CREAM 2.5 ML,Vita,Almacén General,7,5876.48
69,199126,AKZENT LC EFFECT STAINS DARK-RED 2.5 ML,Vita,Almacén General,7,5277.05
70,199173,AKZENT LC EFFECT STAINS GREY 2.5 ML,Vita,Almacén General,9,6925.05
71,199144,AKZENT LC EFFECT STAINS GREY-BLUE 2.5 ML,Vita,Almacén General,12,9046.37
72,199088,AKZENT LC EFFECT STAINS KHAKI 2.5 ML,Vita,Almacén General,2,1611.29
73,199056,AKZENT LC EFFECT STAINS LEMON 2.5 ML,Vita,Almacén General,3,2604.13
74,199078,AKZENT LC EFFECT STAINS ORANGE 2.5 ML,Vita,Almacén General,9,6784.78
75,199095,AKZENT LC EFFECT STAINS PINK 2.5 ML,Vita,Almacén General,24,18092.75
76,199132,AKZENT LC EFFECT STAINS PURPLE 2.5 ML,Vita,Almacén General,4,3243.8
77,199082,AKZENT LC EFFECT STAINS RUSSET 2.5 ML,Vita,Almacén General,5,4106.32
78,199062,AKZENT LC EFFECT STAINS SUN 2.5 ML,Vita,Almacén General,6,4459.82
79,199240,AKZENT LC GLAZE 5 ML,Vita,Almacén General,29,21862.08
80,198884,AKZENT LC STANDARD KIT,Vita,Almacén General,6,34929.16
81,5492,AKZENT PLUS BODY STAINS BS01 3G,Vita,Almacén General,14,2395.36
82,5495,AKZENT PLUS BODY STAINS BS02 3G,Vita,Almacén General,3,394.9
83,5498,AKZENT PLUS BODY STAINS BS03 3G,Vita,Almacén General,4,749.89
84,5501,AKZENT PLUS BODY STAINS BS04 3G,Vita,Almacén General,5,884.19
85,5504,AKZENT PLUS BODY STAINS BS05 3G,Vita,Almacén General,2,369.13
86,5507,AKZENT PLUS CHROMA STAINS A 3G,Vita,Almacén General,1,180.38
87,5510,AKZENT PLUS CHROMA STAINS B 3G,Vita,Almacén General,7,1365.54
88,5513,AKZENT PLUS CHROMA STAINS C 3G,Vita,Almacén General,4,721.53
89,5516,AKZENT PLUS CHROMA STAINS D 3G,Vita,Almacén General,2,372.66
90,5525,AKZENT PLUS EFFECT STAINS ES02 3G,Vita,Almacén General,9,1623.44
91,5528,AKZENT PLUS EFFECT STAINS ES03 3G,Vita,Almacén General,11,1984.21
92,5531,AKZENT PLUS EFFECT STAINS ES04 3G,Vita,Almacén General,11,1984.21
93,5537,AKZENT PLUS EFFECT STAINS ES06 3G,Vita,Almacén General,11,1984.21
94,5543,AKZENT PLUS EFFECT STAINS ES08 3G,Vita,Almacén General,1,188.62
95,5546,AKZENT PLUS EFFECT STAINS ES09 3G,Vita,Almacén General,13,2344.97
96,5549,AKZENT PLUS EFFECT STAINS ES10 3G,Vita,Almacén General,6,1082.76
97,5552,AKZENT PLUS EFFECT STAINS ES11 3G,Vita,Almacén General,6,1082.31
98,5555,AKZENT PLUS EFFECT STAINS ES12 3G,Vita,Almacén General,9,1623.44
99,5558,AKZENT PLUS EFFECT STAINS ES13 3G,Vita,Almacén General,1,193.4
100,5561,AKZENT PLUS EFFECT STAINS ES14 3G,Vita,Almacén General,3,528.31
101,5564,AKZENT PLUS FINISHING AGENT 5G,Vita,Almacén General,8,2530.06
102,5567,AKZENT PLUS GLAZE 30G,Vita,Almacén General,12,15392.29
103,5570,AKZENT PLUS GLAZE 5G,Vita,Almacén General,33,7070.51
104,5576,AKZENT PLUS GLAZE LT SPRAY 75ML,Vita,Almacén General,9,7677.67
105,5579,AKZENT PLUS MINI KIT,Vita,Almacén General,3,6872.8
106,5582,AKZENT PLUS POWDER KIT,Vita,Almacén General,1,6629.36
107,5585,AKZENT POWDER FLUID 20ML,Vita,Almacén General,1,132.2
108,5624,AMBER LISI-POZ R10 HT A2,Hass,Almacén General,5,5515.15
109,5627,AMBER LISI-POZ R10 HT A3,Hass,Almacén General,6,6618.18
110,5630,AMBER LISI-POZ R10 LT A1,Hass,Almacén General,6,6618.18
111,5636,AMBER LISI-POZ R10 LT A3,Hass,Almacén General,6,6618.18
112,5717,AMBER PRESS R10 HT W2,Hass,Almacén General,2,2206.06
113,5594,AMBRIA 0M1 HT S 5 PCS,Vita,Almacén General,6,8864.34
114,5600,AMBRIA A1 HT S 5 PCS,Vita,Almacén General,28,43198.11
115,5681,AMBRIA A1 T S 5 PCS,Vita,Almacén General,31,44501.36
116,5603,AMBRIA A2 HT S 5 PCS,Vita,Almacén General,13,12800.27
117,5684,AMBRIA A2 T S 5 PCS,Vita,Almacén General,51,73432.08
118,5606,AMBRIA A3 HT S 5 PCS,Vita,Almacén General,41,58381.86
119,5687,AMBRIA A3 T S 5 PCS,Vita,Almacén General,28,40398.22
120,5609,AMBRIA B1 HT S 5 PCS,Vita,Almacén General,13,13667.88
121,5690,AMBRIA B1 T S 5 PCS,Vita,Almacén General,35,49695.69
122,5612,AMBRIA B2 HT S 5 PCS,Vita,Almacén General,28,40056.9
123,5693,AMBRIA B2 T S 5 PCS,Vita,Almacén General,16,23638.24
124,5615,AMBRIA C2 HT S 5 PCS,Vita,Almacén General,14,19525.45
125,5696,AMBRIA C2 T S 5 PCS,Vita,Almacén General,19,26829.68
126,5618,AMBRIA D2 HT S 5 PCS,Vita,Almacén General,16,22369.47
127,5699,AMBRIA D2 T S 5 PCS,Vita,Almacén General,16,22470.49
128,5597,AMBRIA OM3 HT S 5 PCS,Vita,Almacén General,13,19206.07
129,5678,AMBRIA STARTER KIT VITA,Vita,Almacén General,1,7097.47
130,117008,ANABLEND PAINT CREAM 3G,Anax Dent,Almacén General,10,9222.5
131,65144044,ANALOG DENTIUM SUPERLINE (CONIC DENT) - NO ANODIZED,Dess,Almacén General,4,3026.6
132,65144024,ANALOG NP 3.5 (HEX ACTIVE) - ANODIZED - PURPLE,Dess,Almacén General,4,3930.18
133,65144028,ANALOG RP 4.3/5.0 (HEX ACTIVE) - ANODIZED - YELLOW,Dess,Almacén General,4,3930.18
134,65144032,ANALOG RP RC/4.1-4.8 (CONICAL BL) - NO ANODIZED,Dess,Almacén General,4,3026.6
135,103908,ANAXBLEND BOND LC 10ML,Anax Dent,Almacén General,10,9525.39
136,116960,ANAXBLEND COLORS S BLUE 1G,Anax Dent,Almacén General,6,2286.41
137,116966,ANAXBLEND COLORS S BROWN 1G,Anax Dent,Almacén General,5,1858.98
138,116970,ANAXBLEND COLORS S CHOCO 1G,Anax Dent,Almacén General,5,2548.0
139,116946,ANAXBLEND COLORS S CLEAR 1G,Anax Dent,Almacén General,8,3296.57
140,116956,ANAXBLEND COLORS S ORANGE 1G,Anax Dent,Almacén General,8,3296.57
141,103923,ANAXBLEND COLORS S SET 8 X 1 G,Anax Dent,Almacén General,12,43083.22
142,116949,ANAXBLEND COLORS S WHITE 1G,Anax Dent,Almacén General,6,2368.58
143,116952,ANAXBLEND COLORS S YELLOW 1G,Anax Dent,Almacén General,5,1652.54
144,116937,ANAXBLEND DENTIN A3 PASTE 4G,Anax Dent,Almacén General,2,942.15
145,116832,ANAXBLEND DENTIN AB FLOW 3G,Anax Dent,Almacén General,5,2251.94
146,116929,ANAXBLEND DENTIN D A1 PASTE 4G,Anax Dent,Almacén General,5,3190.27
147,116933,ANAXBLEND DENTIN D A2 PASTE 4G,Anax Dent,Almacén General,3,1914.17
148,116840,ANAXBLEND DENTN D A2 FLOW 3G,Anax Dent,Almacén General,8,4226.14
149,103918,ANAXBLEND DIVORCE 20 ML,Anax Dent,Almacén General,11,4254.09
150,116851,ANAXBLEND ENAMEL S 57 FLOW 3G,Anax Dent,Almacén General,4,1696.4
151,116907,ANAXBLEND ENAMEL S 57 FLOW BIG BLOCK 20G,Anax Dent,Almacén General,2,3618.7
152,103926,ANAXBLEND ENAMEL S57 PASTE 4G,Anax Dent,Almacén General,3,1994.92
153,116895,ANAXBLEND ENAMEL S 58 FLOW 3G,Anax Dent,Almacén General,7,2862.37
154,116911,ANAXBLEND ENAMEL S 58 FLOW BIG BLOCK 20G,Anax Dent,Almacén General,2,3618.7
155,103941,ANAXBLEND ENAMEL S58 PASTE 4G,Anax Dent,Almacén General,4,2114.93
156,291471,ANAXBLEND ENAMEL S 59 FLOW 3G,Anax Dent,Almacén General,1,560.18
157,116847,ANAXBLEND ENAMEL SCHNEIDE S AB FLOW 3G,Anax Dent,Almacén General,11,2398.58
158,116899,ANAXBLEND ENAMEL SI 02 YELLOW FLOW 3G,Anax Dent,Almacén General,2,726.76
159,116903,ANAXBLEND ENAMEL SI 06 ORANGE FLOW 3G,Anax Dent,Almacén General,1,363.38
160,103881,ANAXBLEND INTRO KIT A2 FLOW,Anax Dent,Almacén General,2,2040.15
161,103891,ANAXBLEND INTRO KIT A2 PASTE,Anax Dent,Almacén General,2,2596.94
162,103884,ANAXBLEND KIT S FLOW,Anax Dent,Almacén General,1,2398.72
163,103894,ANAXBLEND KIT S PASTE,Anax Dent,Almacén General,5,16500.66
164,103888,ANAXBLEND KIT XL FLOW,Anax Dent,Almacén General,1,10890.08
165,103897,ANAXBLEND KIT XL PASTE,Anax Dent,Almacén General,2,23439.55
166,103915,ANAXBLEND METAL BONDER 5ML,Anax Dent,Almacén General,11,20094.42
167,116973,ANAXBLEND MODEL LC,Anax Dent,Almacén General,8,5556.25
168,116940,ANAXBLEND OPAQUER O A1 3G,Anax Dent,Almacén General,5,2128.69
169,249143,ANAXBLEND OPAQUER O AB 3G,Anax Dent,Almacén General,2,904.89
170,116943,ANAXBLEND PASTEN OPAQUER O A2 3G,Anax Dent,Almacén General,3,1643.59
171,103900,ANAXBLEND PEKK BLOND 10 ML,Anax Dent,Almacén General,2,2637.01
172,116917,ANAXBLEND TRANSPA CL 0 CRYSTAL CLEAR FLOW 3G,Anax Dent,Almacén General,5,2019.32
173,116925,ANAXBLEND TRANSPA HT 54 YELLOWISH FLOW 3G,Anax Dent,Almacén General,4,1564.78
174,116921,ANAXBLEND TRANSPA NT TRASLUCENT FLOW 3G,Anax Dent,Almacén General,5,2044.62
175,103912,ANAXBLEND ZIRCON BONDER 5ML,Anax Dent,Almacén General,6,10126.97
176,116963,ANAXBLENT COLORS S KHAKI 1G,Anax Dent,Almacén General,9,4633.05
177,116836,ANAXBLENT DENTIN A1 FLOW 3G,Anax Dent,Almacén General,2,780.08
178,65738144,ANAXGUM GINGIVA FLOW DARK PINK 3G,Anax Dent,Almacén General,30,18535.4
179,116979,ANAXGUM GINGIVA FLOW LIGHT PINK 3G,Anax Dent,Almacén General,4,1921.54
180,116982,ANAXGUM GINGIVA FLOW ORANGE PINK 3G,Anax Dent,Almacén General,27,14530.4
181,249165,ANAXGUM GINGIVA FLOW TRANSLUCENT PINK 3G,Anax Dent,Almacén General,4,2873.57
182,116998,ANAXGUM GINGIVA PASTE BROWN PINK 4G,Anax Dent,Almacén General,3,1681.47
183,116985,ANAXGUM GINGIVA PASTE DARK PINK 4G,Anax Dent,Almacén General,24,19202.46
184,249173,ANAXGUM GINGIVA PASTE LIGHT PINK 4G,Anax Dent,Almacén General,5,3192.15
185,116992,ANAXGUM GINGIVA PASTE ORANGE PINK 4G,Anax Dent,Almacén General,25,19831.5
186,116995,ANAXGUM GINGIVA PASTE PURPLE PINK 4G,Anax Dent,Almacén General,1,1370.04
187,103944,ANAXGUM KIT S,Anax Dent,Almacén General,3,10267.07
188,103947,ANAXGUM KIT XL,Anax Dent,Almacén General,1,9481.53
189,117011,ANAXGUM PAINT DARK BROWN 3G,Anax Dent,Almacén General,5,5810.88
190,117002,ANAXGUM PAINT FLOW RED 3G,Anax Dent,Almacén General,22,17811.89
191,117005,ANAXGUM PAINT PURPLE 3G,Anax Dent,Almacén General,3,2254.43
192,117016,ANAXGUM PAINT YELLOW 3G,Anax Dent,Almacén General,6,6272.0
193,116976,ANAXGUM PO I 3G,Anax Dent,Almacén General,12,8812.68
194,95865,ANILLO DE SELLADO EJE A O B MOTION 2 O 3,Amann Girrbach,Almacén General,30,15481.1
195,83410,ANTI-MICROBIAL FILTER BAGS 5/BX,Quatro,Almacén General,20,23391.1
196,3827,ARCO FACIAL ARTEX,Amann Girrbach,Almacén General,45,386588.83
197,5891,ARENA DE ELCOR 250UM 5 KG/ALUMINIU OXIDE,Roko,Almacén General,3,1101.21
198,7244876,ARTEX CR LIMITED EDITION,Amann Girrbach,Almacén General,5,151859.2
199,3818,ARTEX QUICKBITE 10PCS,Amann Girrbach,Almacén General,1,727.23
200,41209527,ARTEX TYP CP O CPR,Amann Girrbach,Almacén General,1,15861.93
201,41562124,ARTEX TYP CR,Amann Girrbach,Almacén General,28,500276.03
202,48974092,ARTEX TYP CT,Amann Girrbach,Almacén General,7,44693.74
203,295130,ASIGA FLASH LAMP UV,Asiga ,Almacén General,2,2021.59
204,305094,ASSY CABLE USB MAIN IO3 PARA I600/I700,Medit,Almacén General,34,12347.38
205,305100,ASSY SMALL TIP PACKING IO3 PARA I600/I700/I700W,Medit,Almacén General,16,60035.46
206,3509,AUSTROMAT 674I LINE BLACK,Dekema,Almacén General,3,631730.98
207,295027,AUTOCALIBRATION KIT MATRON,Amann Girrbach,Almacén General,7,143075.68
208,3809,BAJA ARTEX TYP CT,Amann Girrbach,Almacén General,1,6384.82
209,299895,BANDA TRANSPORTADORA PARA MATIK ENTRETELA MULTIDIRECCIONAL,Amann Girrbach,Almacén General,5,3216.0
210,125510,BASE DE SINTERIZADO DE HORNO 6100 MS,Vita,Almacén General,8,100759.37
211,85800,B AXIS MOTOR INCHL ENCODER 5X,Amann Girrbach,Almacén General,2,11966.47
212,5726,BC ECOGRAY RESIN FOR MODEL LCD/DLP PRINT,3dgar,Almacén General,4,4152.72
213,5729,BC KMD LCD/DLP RESIN MODELPRINTERS ACRYL,3dgar,Almacén General,2,3303.3
214,116914,BIG BLOCK DISPENSER GUN,Anax Dent,Almacén General,3,3029.77
215,65738180,BIOMIC STAIN AES S,Aidite,Almacén General,5,4438.34
216,65738184,BIOMIC STAIN GUM S,Aidite,Almacén General,5,4438.34
217,295036,BLANK HOLDER 98 MATRON,Amann Girrbach,Almacén General,2,18063.95
218,295039,BLANK HOLDER BLOCKS 4X UN MATRON,Amann Girrbach,Almacén General,6,68782.12
219,252317,BLANK HOLDER BLOCS 9X UN MOTION 3,Amann Girrbach,Almacén General,4,83082.46
220,295033,BLANK HOLDER C CLAMP MATRON,Amann Girrbach,Almacén General,18,182802.43
221,112914,BLANK HOLDER C-CLAMP MOTION 3,Amann Girrbach,Almacén General,31,655079.42
222,295042,BLANK HOLDER METAL MATRON,Amann Girrbach,Almacén General,18,331637.52
223,3689,BLANK SOCKET FOR ROTATION MILLING,Amann Girrbach,Almacén General,1,777.21
224,195237,BLOQUE ZOLID DRS A1 B40,Amann Girrbach,Almacén General,17,50140.44
225,195230,BLOQUE ZOLID DRS A1 C20,Amann Girrbach,Almacén General,18,31301.91
226,195250,BLOQUE ZOLID DRS A2 B40,Amann Girrbach,Almacén General,17,50185.64
227,195243,BLOQUE ZOLID DRS A2 C20,Amann Girrbach,Almacén General,18,31022.19
228,195260,BLOQUE ZOLID DRS A3 B40,Amann Girrbach,Almacén General,7,20679.57
229,195254,BLOQUE ZOLID DRS A3 C20,Amann Girrbach,Almacén General,7,12064.18
230,195224,BLOQUE ZOLID DRS BL3 B40,Amann Girrbach,Almacén General,19,56175.71
231,195213,BLOQUE ZOLID DRS BL3 C20,Amann Girrbach,Almacén General,5,6985.53
232,3488,BLUE PLACE HOLDER BOX SPECIAL DIAMETER,Dekema,Almacén General,30,16120.67
233,3572,BOLAS DE SINTERIZACION 200G 1MM,Amann Girrbach,Almacén General,1,1406.76
234,115326,BOMBA DE REFRIGERANTE MIKRO IC/M2I/M2DNA,Amann Girrbach,Almacén General,4,20878.57
235,4256,BONDING KIT FOR CERAMIC BLANKS,Amann Girrbach,Almacén General,2,2456.08
236,3662,CABLE,Amann Girrbach,Almacén General,8,1893.46
237,309291,CABLE DE INTERFAZ TIPO D PARA AG,Renfert,Almacén General,1,1570.81
238,100947,CABLE MIGHTY,Phrozen,Almacén General,30,2092.06
239,409905,CAMEO MILL BLOCS BOX B40 HT A1,Aidite,Almacén General,16,29048.14
240,409909,CAMEO MILL BLOCS BOX B40 HT A2,Aidite,Almacén General,11,19970.59
241,791736,CAMEO MILL BLOCS BOX B40 HT A3,Aidite,Almacén General,1,1815.51
242,86918,CAMEO MILL BLOCS BOX B40 LT A1,Aidite,Almacén General,9,10929.24
243,86923,CAMEO MILL BLOCS BOX B40 LT A2,Aidite,Almacén General,15,27232.63
244,86926,CAMEO MILL BLOCS BOX B40 LT A3,Aidite,Almacén General,5,6071.8
245,5756,CAMEO MILL BLOCS BOX C14 HT A1,Aidite,Almacén General,778,236777.21
246,5759,CAMEO MILL BLOCS BOX C14 HT A2,Aidite,Almacén General,882,274155.09
247,791800,CAMEO MILL BLOCS BOX C14 HT A3,Aidite,Almacén General,367,143097.54
248,42007886,CAMEO MILL BLOCS BOX C14 HT A3.5,Aidite,Almacén General,106,28689.33
249,5762,CAMEO MILL BLOCS BOX C14 HT B1,Aidite,Almacén General,746,288213.41
250,42212501,CAMEO MILL BLOCS BOX C14 HT B2,Aidite,Almacén General,271,70694.41
251,64721588,CAMEO MILL BLOCS BOX C14 HT B3,Aidite,Almacén General,85,22173.52
252,96010,CAMEO MILL BLOCS BOX C14 HT BL1/W1,Aidite,Almacén General,95,36732.28
253,218183,CAMEO MILL BLOCS BOX C14 HT BL2,Aidite,Almacén General,458,177086.84
254,5765,CAMEO MILL BLOCS BOX C14 HT BL3/W3,Aidite,Almacén General,369,112240.52
255,218187,CAMEO MILL BLOCS BOX C14 HT BL4,Aidite,Almacén General,429,133407.7
256,42215642,CAMEO MILL BLOCS BOX C14 HT C1,Aidite,Almacén General,43,15145.84
257,42007876,CAMEO MILL BLOCS BOX C14 HT C2,Aidite,Almacén General,28,9862.41
258,42215658,CAMEO MILL BLOCS BOX C14 HT C3,Aidite,Almacén General,47,16554.76
259,5768,CAMEO MILL BLOCS BOX C14 LT A1,Aidite,Almacén General,310,117802.87
260,5771,CAMEO MILL BLOCS BOX C14 LT A2,Aidite,Almacén General,378,141363.69
261,5774,CAMEO MILL BLOCS BOX C14 LT A3,Aidite,Almacén General,201,69328.82
262,5777,CAMEO MILL BLOCS BOX C14 LT B1,Aidite,Almacén General,80,31098.02
263,5780,CAMEO MILL BLOCS BOX C14 LT B2,Aidite,Almacén General,223,87011.55
264,86619,CAMEO MILL BLOCS BOX C14 LT BL1,Aidite,Almacén General,38,14891.61
265,86616,CAMEO MILL BLOCS BOX C14 LT BL2,Aidite,Almacén General,83,32689.27
266,16298121,CAMEO MILL BLOCS BOX C14 LT BL4,Aidite,Almacén General,7,2721.08
267,218179,CAMEO MILL BLOCS BOX C14 LT C1,Aidite,Almacén General,21,8163.22
268,218175,CAMEO MILL BLOCS BOX C14 LT C2,Aidite,Almacén General,63,24489.71
269,16298134,CAMEO MILL BLOCS BOX C14 LT C3,Aidite,Almacén General,71,27599.52
270,86965,CAMEO PMMA MULTI T40 A1,Aidite,Almacén General,104,71698.98
271,86969,CAMEO PMMA MULTI T40 A2,Aidite,Almacén General,66,45614.24
272,86972,CAMEO PMMA MULTI T40 B1,Aidite,Almacén General,26,18004.09
273,5801,CAMEO PRESS INGOT BOX HT A1,Aidite,Almacén General,825,283052.11
274,5804,CAMEO PRESS INGOT BOX HT A2,Aidite,Almacén General,1439,406712.81
275,5807,CAMEO PRESS INGOT BOX HT A3,Aidite,Almacén General,398,126084.47
276,64721582,CAMEO PRESS INGOT BOX HT A3.5,Aidite,Almacén General,80,20869.2
277,5810,CAMEO PRESS INGOT BOX HT B1,Aidite,Almacén General,85,38856.37
278,91771,CAMEO PRESS INGOT BOX HT B2,Aidite,Almacén General,450,147219.44
279,218191,CAMEO PRESS INGOT BOX HT BL2,Aidite,Almacén General,70,24106.25
280,5813,CAMEO PRESS INGOT BOX HT BL3/W3,Aidite,Almacén General,233,60772.34
281,218196,CAMEO PRESS INGOT BOX HT BL4,Aidite,Almacén General,92,39599.1
282,5816,CAMEO PRESS INGOT BOX LT A1,Aidite,Almacén General,1086,291691.15
283,5819,CAMEO PRESS INGOT BOX LT A2,Aidite,Almacén General,900,241374.92
284,5822,CAMEO PRESS INGOT BOX LT A3,Aidite,Almacén General,183,74639.3
285,64721599,CAMEO PRESS INGOT BOX LT A3.5,Aidite,Almacén General,185,48260.02
286,83147,CAMEO PRESS INGOT BOX LT B1,Aidite,Almacén General,45,11969.5
287,5825,CAMEO PRESS INGOT BOX LT B2,Aidite,Almacén General,36,12373.43
288,86613,CAMEO PRESS INGOT BOX LT BL1,Aidite,Almacén General,21,5464.62
289,86610,CAMEO PRESS INGOT BOX LT BL2,Aidite,Almacén General,82,21390.93
290,84073,CAMEO PRESS INGOT BOX LT C1,Aidite,Almacén General,19,4944.18
291,63105411,CAMERA UNIT MATRON,Amann Girrbach,Almacén General,1,5006.95
292,43444459,CAMERA UNIT MOTION 3,Amann Girrbach,Almacén General,6,30041.71
293,122824,CAPACITOR SCHAFFNER RD6127-6-15M0,Parmex,Almacén General,2,2314.98
294,297664,CC BLEACH DENTINE BD-A 20G,Creation,Almacén General,4,1442.46
295,297667,CC BLEACH DENTINE BD-B 20G,Creation,Almacén General,4,1442.46
296,297670,CC BLEACH ENAMEL S-AB 20G,Creation,Almacén General,2,721.12
297,297661,CC BLEACH OPAQUE O-AB 20G,Creation,Almacén General,2,721.12
298,297757,CC CORRECTION POWDER KM 20G,Creation,Almacén General,3,1734.19
299,297580,CC DENTINE D-A1 20G,Creation,Almacén General,13,4688.0
300,297583,CC DENTINE D-A2 20G,Creation,Almacén General,16,5769.84
301,297586,CC DENTINE D-A3 20G,Creation,Almacén General,6,2163.69
302,297589,CC DENTINE D-A 3.5 20G,Creation,Almacén General,1,360.65
303,297592,CC DENTINE D-A4 20G,Creation,Almacén General,1,360.56
304,297595,CC DENTINE D-B1 20G,Creation,Almacén General,5,1803.08
305,297598,CC DENTINE D-B2 20G,Creation,Almacén General,3,1081.84
306,297604,CC DENTINE D-B3 20G,Creation,Almacén General,2,721.31
307,297609,CC DENTINE D-B4 20G,Creation,Almacén General,1,360.57
308,297637,CC DENTINE D-C1 20G,Creation,Almacén General,2,721.31
309,297640,CC DENTINE D-C2 20G,Creation,Almacén General,3,1081.96
310,297643,CC DENTINE D-C3 20G,Creation,Almacén General,2,721.12
311,297646,CC DENTINE D-C4 20G,Creation,Almacén General,1,360.57
312,297658,CC DENTINE D-CW CALIFORNIA WHITE 20G,Creation,Almacén General,5,1803.08
313,297649,CC DENTINE D-D2 20G,Creation,Almacén General,1,360.57
314,297655,CC DENTINE D-D4 20G,Creation,Almacén General,1,360.57
315,297685,CC EFFECT ENAMEL SI-01 LIGHT YELLOW 20G,Creation,Almacén General,4,1516.82
316,297688,CC EFFECT ENAMEL SI-02 MEDIUM YELLOW 20G,Creation,Almacén General,4,1516.82
317,297691,CC EFFECT ENAMEL SI-03 HEAVY YELLOW 20G,Creation,Almacén General,2,758.3
318,297694,CC EFFECT ENAMEL SI-04 LIGHT ORANGE 20G,Creation,Almacén General,4,1516.82
319,297697,CC EFFECT ENAMEL SI-05 MEDIUM ORANGE 20G,Creation,Almacén General,5,1896.03
320,297700,CC EFFECT ENAMEL SI-06 HEAVY ORANGE 20G,Creation,Almacén General,1,379.15
321,297745,CC EFFECT ENAMEL SO-10 BLUE 20G,Creation,Almacén General,2,837.94
322,297748,CC EFFECT ENAMEL SO-11 ORANGE 20G,Creation,Almacén General,3,1256.91
323,297673,CC ENAMEL S-057 20G,Creation,Almacén General,10,3606.17
324,297676,CC ENAMEL S-058 20G,Creation,Almacén General,7,2634.71
325,298155,CC GINGIVA G1 PURPLE 15G,Creation,Almacén General,2,758.29
326,298158,CC GINGIVA G2 DARK PINK 15G,Creation,Almacén General,2,758.3
327,298168,CC GINGIVA G4 FLAMINGO 15G,Creation,Almacén General,2,758.29
328,298171,CC GINGIVA G5 ROSE 15G,Creation,Almacén General,3,1137.44
329,298174,CC GINGIVA G7 VIOLET 15G,Creation,Almacén General,1,379.14
330,297712,CC GLAZE GL 20G,Creation,Almacén General,2,1113.67
331,7234682,CC KIT 1 804 (INCL. SHADE GUIDE) 710G,Creation,Almacén General,4,55208.72
332,7245042,CC/ KIT 2 1508 (INCL. SHADE GUIDE) 650G,Creation,Almacén General,4,49742.33
333,297501,CC LF CREA ALLOY BOND 8G,Creation,Almacén General,5,5860.01
334,298113,CC NECK TRANSPA HT-51 IRIDESCENT 15G,Creation,Almacén General,3,1018.21
335,298116,CC NECK TRANSPA HT-52 KHAKI 15G,Creation,Almacén General,4,1357.61
336,298119,CC NECK TRANSPA HT-53 SAND 15G,Creation,Almacén General,3,1018.21
337,298122,CC NECK TRANSPA HT-54 HONEY 15G,Creation,Almacén General,5,1697.01
338,298125,CC NECK TRANSPA HT-55 BORDEAUX 15G,Creation,Almacén General,1,339.37
339,298107,CC OPAQUE DENTINE OD-32 A2-A3 15G,Creation,Almacén General,5,1896.03
340,298110,CC OPAQUE DENTINE OD-37 B4 15G,Creation,Almacén General,5,1896.03
341,298131,CC OPAQUE DENTINE OD-A1 15G,Creation,Almacén General,3,1137.44
342,298134,CC OPAQUE DENTINE OD-A2 15G,Creation,Almacén General,3,1137.44
343,298137,CC OPAQUE DENTINE OD-A3 15G,Creation,Almacén General,3,1137.44
344,298140,CC OPAQUE DENTINE OD-A3.5 15G,Creation,Almacén General,2,758.3
345,298143,CC OPAQUE DENTINE OD-B1 15G,Creation,Almacén General,2,758.3
346,298146,CC OPAQUE DENTINE OD-B2 15G,Creation,Almacén General,2,758.3
347,298149,CC OPAQUE DENTINE OD-B3 15G,Creation,Almacén General,2,758.3
348,298152,CC OPAQUE DENTINE OD-C2 15G,Creation,Almacén General,2,758.28
349,297577,CC OPAQUE FOP 20G,Creation,Almacén General,1,360.57
350,297513,CC OPAQUE O-A1 20G,Creation,Almacén General,9,3245.53
351,297516,CC OPAQUE O-A2 20G,Creation,Almacén General,9,3245.55
352,297519,CC OPAQUE O-A3 20G,Creation,Almacén General,4,1442.46
353,297522,CC OPAQUE O-A3.5 20G,Creation,Almacén General,2,721.12
354,297525,CC OPAQUE O-A4 20G,Creation,Almacén General,1,360.57
355,297547,CC OPAQUE O-B1 20G,Creation,Almacén General,3,1081.96
356,297550,CC OPAQUE O-B2 20G,Creation,Almacén General,3,1081.96
357,297553,CC OPAQUE O-B3 20G,Creation,Almacén General,1,360.57
358,297556,CC OPAQUE O-B4 20G,Creation,Almacén General,1,360.57
359,297559,CC OPAQUE O-C1 20G,Creation,Almacén General,3,1081.96
360,297562,CC OPAQUE O-C2 20G,Creation,Almacén General,2,721.12
361,297565,CC OPAQUE O-C3 20G,Creation,Almacén General,1,360.57
362,297568,CC OPAQUE O-C4 20G,Creation,Almacén General,1,360.57
363,297571,CC OPAQUE O-D2 20G,Creation,Almacén General,1,360.57
364,297574,CC OPAQUE O-D3 20G,Creation,Almacén General,1,360.57
365,298507,CC OPAQUE O-D4 20G,Creation,Almacén General,1,360.57
366,297733,CC PEARL ENAMEL PS-0 WHITE 20G,Creation,Almacén General,4,1675.81
367,297736,CC PEARL ENAMEL PS-1 BLUE WHITE 20G,Creation,Almacén General,5,2094.76
368,297739,CC PEARL ENAMEL PS-2 FLAMINGO 20G,Creation,Almacén General,3,1256.91
369,297742,CC PEARL ENAMEL PS-3 ORANGE 20G,Creation,Almacén General,2,837.94
370,298077,CC SHOULDER SP-21 NEUTRAL 15G,Creation,Almacén General,5,1896.03
371,298080,CC SHOULDER SP-22 FLAMINGO 15G,Creation,Almacén General,5,1896.03
372,298083,CC SHOULDER SP-23 SAND 15G,Creation,Almacén General,5,1896.03
373,298086,CC SHOULDER SP-24 GOLD 15G,Creation,Almacén General,5,1896.03
374,298089,CC SHOULDER SP-25 RED BROWN 15G,Creation,Almacén General,5,1896.03
375,298092,CC SHOULDER SP-26 YELLOW GRAY 15G,Creation,Almacén General,5,1896.03
376,298095,CC SHOULDER SP-27 IVORY 15G,Creation,Almacén General,5,1895.74
377,298098,CC SHOULDER SP-28 OPAC YELLOW 15G,Creation,Almacén General,5,1896.03
378,298101,CC SHOULDER SP-29 HONEY 15G,Creation,Almacén General,5,1895.74
379,298104,CC SHOULDER SP-G GINGIVA 15G,Creation,Almacén General,5,1896.03
380,7245038,CC/ STARTER KIT,Creation,Almacén General,1,13588.78
381,297754,CC TRANSPA GELLER MIX 20G,Creation,Almacén General,8,3309.18
382,297706,CC TRANSPA NT NEUTRAL 20G,Creation,Almacén General,5,1803.08
383,297751,CC TRANSPA OT+ 20G,Creation,Almacén General,10,4136.48
384,297715,CC TRANSPA OT OPAL 20G,Creation,Almacén General,5,1896.03
385,297718,CC TRANSPA TI-1 BLUE 20G,Creation,Almacén General,4,1516.78
386,297721,CC TRANSPA TI-2 WHITE 20G,Creation,Almacén General,6,2275.17
387,297724,CC TRANSPA TI-3 PINK 20G,Creation,Almacén General,1,379.14
388,297727,CC TRANSPA TI-4 YELLOW 20G,Creation,Almacén General,3,1137.44
389,297730,CC TRANSPA TI-5 GRAY 20G,Creation,Almacén General,3,1137.44
390,297703,CC WINDOW UC 20G,Creation,Almacén General,10,3606.17
391,295102,CENTROFIX COMPL,Amann Girrbach,Almacén General,1,8402.37
392,295018,CERAMILL CART MATRON,Amann Girrbach,Almacén General,3,126309.17
393,85814,CERAMILL CLEANSTREAM,Amann Girrbach,Almacén General,1,146290.5
394,295015,CERAMILL COOLANTFLOW MATRON,Amann Girrbach,Almacén General,4,165075.78
395,3596,CERAMILL COOLSTREAM CART,Amann Girrbach,Almacén General,6,211706.73
396,3593,CERAMILL COOLSTREAM WATER TANK,Amann Girrbach,Almacén General,9,334613.19
397,4154,CERAMILL DIMMER LIQUID REFILL,Amann Girrbach,Almacén General,8,1785.68
398,3626,CERAMILL FIXATOR,Amann Girrbach,Almacén General,2,12427.22
399,92543,CERAMILL MATCH 2 CAM DONGLE,Amann Girrbach,Almacén General,20,797971.52
400,85811,CERAMILL MATIK,Amann Girrbach,Almacén General,1,660177.82
401,295009,CERAMILL MATRON,Amann Girrbach,Almacén General,2,1348026.0
402,307925,CERAMILL MATRON SNAPMAG,Amann Girrbach,Almacén General,6,35131.74
403,90285,CERAMILL MIND + MATCH 2,Amann Girrbach,Almacén General,3,373093.76
404,96626,CERAMILL MINDSERVE 4TB,Amann Girrbach,Almacén General,2,60377.66
405,295012,CERAMILL TANK MATRON,Amann Girrbach,Almacén General,5,59425.89
406,98446,"CHUCK 2, 35MM",Schick,Almacén General,2,1812.41
407,295072,CHUCK 3MM MATRON,Amann Girrbach,Almacén General,8,20981.85
408,43828558,CHUCK 6MM MATRON,Amann Girrbach,Almacén General,4,13333.28
409,309395,CINTURON FILTRANTE CLEANSTREAM 3PZS,Amann Girrbach,Almacén General,20,58298.21
410,4691,CLINOMETRO LABORATORIO,Amann Girrbach,Almacén General,3,22310.25
411,5786,COLORIMETRO 3D MASTER,Vita,Almacén General,411,811028.35
412,4763,COMPRESOR DUO TANDEM CON 2 CABEZAS MTN,Durr Dental,Almacén General,5,565351.37
413,3536,CONJUNTO DE EMPAQUETADURAS PARA TAPA,Amann Girrbach,Almacén General,10,2231.51
414,3797,CONTRA PLACA SPLITEX CLASSIC PLACAS DE R,Amann Girrbach,Almacén General,5,9274.37
415,85697,CONTROL M2I DNA GENERATION,Amann Girrbach,Almacén General,1,40306.65
416,4637,COOLING LIQUID,Amann Girrbach,Almacén General,585,533049.47
417,297510,CREATION GLASS PLATE,Creation,Almacén General,16,14636.76
418,101899,CRISOL ROTOCAST CRISTAL,Roko,Almacén General,30,5255.36
419,85226,CROWN FORCEPS,Scheftner,Almacén General,3,1558.33
420,5831,CURE POST CURING UV LAMP V2,Phrozen,Almacén General,44,134259.31
421,49547148,DENTAFORM BEIGE 1KG BOTTLE,Asiga ,Almacén General,7,6560.99
422,292624,DENTALCAD EDUCATIONAL FLEX EXOPLAN UNIVERSIDADES,Exocad,Almacén General,4,48753.6
423,59093595,DENTALCAD EXOPLAN FLEX WITH GUIDE CREATOR,Exocad,Almacén General,7,17780.03
424,59093544,DENTALCAD FLEX IMPLANT BUNDLE,Exocad,Almacén General,8,27974.85
425,59093581,DENTALCAD FLEX ULTIMATE BUNDLE,Exocad,Almacén General,18,87056.09
426,111364,DENTALCAD PERPETUAL CORE VERSION,Exocad,Almacén General,1,60556.86
427,84076,DENTAL GRINDING AND POLISHING BURS,Aidite,Almacén General,15,19885.27
428,294847,DENTAL ORTHO MODEL GRAY 1KG,Phrozen,Almacén General,12,3661.62
429,80571,DEPÓSITO ADICIONAL 70-250Μ BASIC QUATTRO (1),Renfert,Almacén General,1,6142.83
430,9185101,DESING SOFTWARE MILLBOX ECO 500E PRO,Aidite,Almacén General,4,2532.02
431,49100178,DESING SOFTWARE MILLBOX STD/520 PRO,Aidite,Almacén General,1,949.5
432,86242,DIAGNOSTIC WAX STAR SET,Scheftner,Almacén General,1,317.0
433,7616907,DIAMOND POLISHER LAB SWIVEL 2 PCS,Amann Girrbach,Almacén General,28,12114.21
434,3887,DIASTAR POLIERPASTE,Scheftner,Almacén General,1,620.52
435,212037,DIENTES HU TABLILLA ZAHN4ALL ANTERIOR INFERIOR L10 COLOR A1,Huge,Almacén General,164,1904.16
436,212153,DIENTES HU TABLILLA ZAHN4ALL ANTERIOR INFERIOR L10 COLOR A2,Huge,Almacén General,121,1404.93
437,212260,DIENTES HU TABLILLA ZAHN4ALL ANTERIOR INFERIOR L10 COLOR A3,Huge,Almacén General,182,2113.2
438,212368,DIENTES HU TABLILLA ZAHN4ALL ANTERIOR INFERIOR L10 COLOR A3.5,Huge,Almacén General,147,1706.81
439,212931,DIENTES HU TABLILLA ZAHN4ALL ANTERIOR INFERIOR L10 COLOR B2,Huge,Almacén General,238,2763.35
440,213019,DIENTES HU TABLILLA ZAHN4ALL ANTERIOR INFERIOR L10 COLOR B3,Huge,Almacén General,255,2960.74
441,212017,DIENTES HU TABLILLA ZAHN4ALL ANTERIOR INFERIOR L2 COLOR A1,Huge,Almacén General,214,2484.7
442,212136,DIENTES HU TABLILLA ZAHN4ALL ANTERIOR INFERIOR L2 COLOR A2,Huge,Almacén General,332,3854.78
443,212238,DIENTES HU TABLILLA ZAHN4ALL ANTERIOR INFERIOR L2 COLOR A3,Huge,Almacén General,450,5224.87
444,212338,DIENTES HU TABLILLA ZAHN4ALL ANTERIOR INFERIOR L2 COLOR A3.5,Huge,Almacén General,212,2461.49
445,212551,DIENTES HU TABLILLA ZAHN4ALL ANTERIOR INFERIOR L2 COLOR B2,Huge,Almacén General,253,2937.52
446,213003,DIENTES HU TABLILLA ZAHN4ALL ANTERIOR INFERIOR L2 COLOR B3,Huge,Almacén General,279,3239.4
447,212024,DIENTES HU TABLILLA ZAHN4ALL ANTERIOR INFERIOR L4 COLOR A1,Huge,Almacén General,161,1869.33
448,212140,DIENTES HU TABLILLA ZAHN4ALL ANTERIOR INFERIOR L4 COLOR A2,Huge,Almacén General,226,2624.08
449,212248,DIENTES HU TABLILLA ZAHN4ALL ANTERIOR INFERIOR L4 COLOR A3,Huge,Almacén General,337,4039.68
450,212344,DIENTES HU TABLILLA ZAHN4ALL ANTERIOR INFERIOR L4 COLOR A3.5,Huge,Almacén General,217,2519.55
451,212555,DIENTES HU TABLILLA ZAHN4ALL ANTERIOR INFERIOR L4 COLOR B2,Huge,Almacén General,244,2833.03
452,213007,DIENTES HU TABLILLA ZAHN4ALL ANTERIOR INFERIOR L4 COLOR B3,Huge,Almacén General,274,3181.35
453,212028,DIENTES HU TABLILLA ZAHN4ALL ANTERIOR INFERIOR L6 COLOR A1,Huge,Almacén General,116,1346.84
454,212252,DIENTES HU TABLILLA ZAHN4ALL ANTERIOR INFERIOR L6 COLOR A3,Huge,Almacén General,108,1337.68
455,212359,DIENTES HU TABLILLA ZAHN4ALL ANTERIOR INFERIOR L6 COLOR A3.5,Huge,Almacén General,129,1497.82
456,212558,DIENTES HU TABLILLA ZAHN4ALL ANTERIOR INFERIOR L6 COLOR B2,Huge,Almacén General,176,2043.51
457,213011,DIENTES HU TABLILLA ZAHN4ALL ANTERIOR INFERIOR L6 COLOR B3,Huge,Almacén General,255,2960.74
458,212032,DIENTES HU TABLILLA ZAHN4ALL ANTERIOR INFERIOR L8 COLOR A1,Huge,Almacén General,106,1230.74
459,212256,DIENTES HU TABLILLA ZAHN4ALL ANTERIOR INFERIOR L8 COLOR A3,Huge,Almacén General,11,131.59
460,212364,DIENTES HU TABLILLA ZAHN4ALL ANTERIOR INFERIOR L8 COLOR A3.5,Huge,Almacén General,122,1416.54
461,212927,DIENTES HU TABLILLA ZAHN4ALL ANTERIOR INFERIOR L8 COLOR B2,Huge,Almacén General,182,2113.16
462,213015,DIENTES HU TABLILLA ZAHN4ALL ANTERIOR INFERIOR L8 COLOR B3,Huge,Almacén General,259,3007.19
463,211967,DIENTES HU TABLILLA ZAHN4ALL ANTERIOR SUPERIOR S2 COLOR A1,Huge,Almacén General,46,534.07
464,212079,DIENTES HU TABLILLA ZAHN4ALL ANTERIOR SUPERIOR S2 COLOR A2,Huge,Almacén General,17,197.38
465,212191,DIENTES HU TABLILLA ZAHN4ALL ANTERIOR SUPERIOR S2 COLOR A3,Huge,Almacén General,170,1973.83
466,212299,DIENTES HU TABLILLA ZAHN4ALL ANTERIOR SUPERIOR S2 COLOR A3.5,Huge,Almacén General,66,766.27
467,212418,DIENTES HU TABLILLA ZAHN4ALL ANTERIOR SUPERIOR S2 COLOR B2,Huge,Almacén General,118,1369.99
468,212967,DIENTES HU TABLILLA ZAHN4ALL ANTERIOR SUPERIOR S2 COLOR B3,Huge,Almacén General,127,1474.48
469,211984,DIENTES HU TABLILLA ZAHN4ALL ANTERIOR SUPERIOR S4 COLOR A1,Huge,Almacén General,220,2554.37
470,212083,DIENTES HU TABLILLA ZAHN4ALL ANTERIOR SUPERIOR S4 COLOR A2,Huge,Almacén General,308,3576.15
471,212195,DIENTES HU TABLILLA ZAHN4ALL ANTERIOR SUPERIOR S4 COLOR A3,Huge,Almacén General,424,4923.01
472,212304,DIENTES HU TABLILLA ZAHN4ALL ANTERIOR SUPERIOR S4 COLOR A3.5,Huge,Almacén General,236,2740.14
473,212514,DIENTES HU TABLILLA ZAHN4ALL ANTERIOR SUPERIOR S4 COLOR B2,Huge,Almacén General,283,3285.84
474,212971,DIENTES HU TABLILLA ZAHN4ALL ANTERIOR SUPERIOR S4 COLOR B3,Huge,Almacén General,282,3274.04
475,211989,DIENTES HU TABLILLA ZAHN4ALL ANTERIOR SUPERIOR S6 COLOR A1,Huge,Almacén General,453,5259.68
476,212087,DIENTES HU TABLILLA ZAHN4ALL ANTERIOR SUPERIOR S6 COLOR A2,Huge,Almacén General,736,8545.41
477,212202,DIENTES HU TABLILLA ZAHN4ALL ANTERIOR SUPERIOR S6 COLOR A3,Huge,Almacén General,893,10368.49
478,212308,DIENTES HU TABLILLA ZAHN4ALL ANTERIOR SUPERIOR S6 COLOR A3.5,Huge,Almacén General,489,5677.51
479,212519,DIENTES HU TABLILLA ZAHN4ALL ANTERIOR SUPERIOR S6 COLOR B2,Huge,Almacén General,515,5979.37
480,212975,DIENTES HU TABLILLA ZAHN4ALL ANTERIOR SUPERIOR S6 COLOR B3,Huge,Almacén General,547,6351.12
481,211993,DIENTES HU TABLILLA ZAHN4ALL ANTERIOR SUPERIOR S8 COLOR A1,Huge,Almacén General,9,104.49
482,212979,DIENTES HU TABLILLA ZAHN4ALL ANTERIOR SUPERIOR S8 COLOR B3,Huge,Almacén General,26,301.87
483,212013,DIENTES HU TABLILLA ZAHN4ALL ANTERIOR SUPERIOR T10 COLOR A1,Huge,Almacén General,123,1428.12
484,212334,DIENTES HU TABLILLA ZAHN4ALL ANTERIOR SUPERIOR T10 COLOR A3.5,Huge,Almacén General,147,1706.8
485,212547,DIENTES HU TABLILLA ZAHN4ALL ANTERIOR SUPERIOR T10 COLOR B2,Huge,Almacén General,204,2368.59
486,212999,DIENTES HU TABLILLA ZAHN4ALL ANTERIOR SUPERIOR T10 COLOR B3,Huge,Almacén General,233,2705.31
487,211997,DIENTES HU TABLILLA ZAHN4ALL ANTERIOR SUPERIOR T2 COLOR A1,Huge,Almacén General,48,557.29
488,212115,DIENTES HU TABLILLA ZAHN4ALL ANTERIOR SUPERIOR T2 COLOR A2,Huge,Almacén General,44,510.89
489,212212,DIENTES HU TABLILLA ZAHN4ALL ANTERIOR SUPERIOR T2 COLOR A3,Huge,Almacén General,111,1288.8
490,212316,DIENTES HU TABLILLA ZAHN4ALL ANTERIOR SUPERIOR T2 COLOR A3.5,Huge,Almacén General,61,708.22
491,212531,DIENTES HU TABLILLA ZAHN4ALL ANTERIOR SUPERIOR T2 COLOR B2,Huge,Almacén General,118,1369.99
492,212983,DIENTES HU TABLILLA ZAHN4ALL ANTERIOR SUPERIOR T2 COLOR B3,Huge,Almacén General,129,1497.7
493,212001,DIENTES HU TABLILLA ZAHN4ALL ANTERIOR SUPERIOR T4 COLOR A1,Huge,Almacén General,26,301.87
494,212220,DIENTES HU TABLILLA ZAHN4ALL ANTERIOR SUPERIOR T4 COLOR A3,Huge,Almacén General,9,104.5
495,212320,DIENTES HU TABLILLA ZAHN4ALL ANTERIOR SUPERIOR T4 COLOR A3.5,Huge,Almacén General,65,754.66
496,212535,DIENTES HU TABLILLA ZAHN4ALL ANTERIOR SUPERIOR T4 COLOR B2,Huge,Almacén General,78,905.59
497,212987,DIENTES HU TABLILLA ZAHN4ALL ANTERIOR SUPERIOR T4 COLOR B3,Huge,Almacén General,106,1230.67
498,212991,DIENTES HU TABLILLA ZAHN4ALL ANTERIOR SUPERIOR T6 COLOR B3,Huge,Almacén General,3,34.83
499,212045,DIENTES HU TABLILLA ZAHN4ALL POSTERIOR INFERIOR 30 COLOR A1,Huge,Almacén General,40,619.25
500,212268,DIENTES HU TABLILLA ZAHN4ALL POSTERIOR INFERIOR 30 COLOR A3,Huge,Almacén General,97,1501.67
501,212377,DIENTES HU TABLILLA ZAHN4ALL POSTERIOR INFERIOR 30 COLOR A3.5,Huge,Almacén General,95,1470.71
502,212939,DIENTES HU TABLILLA ZAHN4ALL POSTERIOR INFERIOR 30 COLOR B2,Huge,Almacén General,115,1780.22
503,213027,DIENTES HU TABLILLA ZAHN4ALL POSTERIOR INFERIOR 30 COLOR B3,Huge,Almacén General,186,2879.47
504,212055,DIENTES HU TABLILLA ZAHN4ALL POSTERIOR INFERIOR 32 COLOR A1,Huge,Almacén General,5,77.41
505,212041,DIENTES HU TABLILLA ZAHN4ALL POSTERIOR SUPERIOR 30 COLOR A1,Huge,Almacén General,173,2678.17
506,212157,DIENTES HU TABLILLA ZAHN4ALL POSTERIOR SUPERIOR 30 COLOR A2,Huge,Almacén General,155,2399.57
507,212264,DIENTES HU TABLILLA ZAHN4ALL POSTERIOR SUPERIOR 30 COLOR A3,Huge,Almacén General,317,4907.51
508,212374,DIENTES HU TABLILLA ZAHN4ALL POSTERIOR SUPERIOR 30 COLOR A3.5,Huge,Almacén General,218,3374.8
509,212935,DIENTES HU TABLILLA ZAHN4ALL POSTERIOR SUPERIOR 30 COLOR B2,Huge,Almacén General,256,3963.05
510,213023,DIENTES HU TABLILLA ZAHN4ALL POSTERIOR SUPERIOR 30 COLOR B3,Huge,Almacén General,310,4799.03
511,212049,DIENTES HU TABLILLA ZAHN4ALL POSTERIOR SUPERIOR 32 COLOR A1,Huge,Almacén General,124,1919.61
512,212384,DIENTES HU TABLILLA ZAHN4ALL POSTERIOR SUPERIOR 32 COLOR A3.5,Huge,Almacén General,119,1842.22
513,212943,DIENTES HU TABLILLA ZAHN4ALL POSTERIOR SUPERIOR 32 COLOR B2,Huge,Almacén General,121,1873.16
514,213031,DIENTES HU TABLILLA ZAHN4ALL POSTERIOR SUPERIOR 32 COLOR B3,Huge,Almacén General,180,2786.52
515,212059,DIENTES HU TABLILLA ZAHN4ALL POSTERIOR SUPERIOR 34 COLOR A1,Huge,Almacén General,88,1362.3
516,212400,DIENTES HU TABLILLA ZAHN4ALL POSTERIOR SUPERIOR 34 COLOR A3.5,Huge,Almacén General,44,681.16
517,212951,DIENTES HU TABLILLA ZAHN4ALL POSTERIOR SUPERIOR 34 COLOR B2,Huge,Almacén General,61,944.32
518,213042,DIENTES HU TABLILLA ZAHN4ALL POSTERIOR SUPERIOR 34 COLOR B3,Huge,Almacén General,115,1780.27
519,212070,DIENTES HU TABLILLA ZAHN4ALL POSTERIOR SUPERIOR 36M COLOR A1,Huge,Almacén General,81,1253.9
520,212408,DIENTES HU TABLILLA ZAHN4ALL POSTERIOR SUPERIOR 36M COLOR A3.5,Huge,Almacén General,58,897.91
521,212959,DIENTES HU TABLILLA ZAHN4ALL POSTERIOR SUPERIOR 36M COLOR B2,Huge,Almacén General,99,1532.62
522,213051,DIENTES HU TABLILLA ZAHN4ALL POSTERIOR SUPERIOR 36M COLOR B3,Huge,Almacén General,65,1006.28
523,4784,DIE SPACER ARGENTEO 3 ML,Yeti,Almacén General,0,60.6
524,65144040,DIGITAL ANALOG MIS 3.3 (INT. HEX MI) - NO ANODIZED,Dess,Almacén General,4,5911.6
525,102229,DISCO BLUE SOLID WAX 98 X 14MM,Aidite,Almacén General,758,39502.37
526,102233,DISCO BLUE SOLID WAX 98 X 20MM,Aidite,Almacén General,795,41442.09
527,4265,DISCO CERAMILL A TEMP ML 0/A1 71 X 16,Amann Girrbach,Almacén General,218,178264.63
528,4268,DISCO CERAMILL A TEMP ML 0/A1 71 X 20,Amann Girrbach,Almacén General,155,162293.53
529,4274,DISCO CERAMILL A TEMP ML A2/A3 71 X 20,Amann Girrbach,Almacén General,112,106512.9
530,4277,DISCO CERAMILL A TEMP ML B2/B3 71 X 16,Amann Girrbach,Almacén General,2,2338.5
531,154517,DISCO CERAMILL A TEMP ML C1/C2 98 X 14 PMMA,Amann Girrbach,Almacén General,3,2274.89
532,4139,DISCO CERAMILL PEEK NATURAL 71 X 20,Amann Girrbach,Almacén General,13,49417.16
533,309634,DISCO CERAMILL SINTRON 98X 10 F COCRMO 98X10 F,Amann Girrbach,Almacén General,15,45719.51
534,309637,DISCO CERAMILL SINTRON 98X 12 F COCRMO 98X12 F,Amann Girrbach,Almacén General,18,60556.77
535,293320,DISCO CERAMILL SINTRON 98 X 14 F,Amann Girrbach,Almacén General,30,87716.11
536,309640,DISCO CERAMILL SINTRON 98X 16 F COCRMO 98X16 F,Amann Girrbach,Almacén General,26,78805.66
537,309643,DISCO CERAMILL SINTRON 98X 18 F COCRMO 98X18 F,Amann Girrbach,Almacén General,19,71220.9
538,309646,DISCO CERAMILL SINTRON 98X 20 F COCRMO 98X20 F,Amann Girrbach,Almacén General,25,104260.71
539,309649,DISCO CERAMILL SINTRON 98X 25 F COCRMO 98X25 F,Amann Girrbach,Almacén General,21,101468.92
540,99530,DISCO CERAMILL TEST 98 X 20,Amann Girrbach,Almacén General,40,18075.24
541,4079,DISCO CERAMILL WAX 71 XS 13MM,Amann Girrbach,Almacén General,127,95523.05
542,4052,DISCO CERAMILL ZI 71 XS 12MM,Amann Girrbach,Almacén General,9,16396.83
543,4034,DISCO CERAMILL ZOLID FX 71,Amann Girrbach,Almacén General,53,75428.59
544,303757,DISCO CERAMILL ZOLID FX ML 0/A1 98 X 16 F,Amann Girrbach,Almacén General,38,98554.33
545,4370,DISCO CERAMILL ZOLID FX ML 0/A1 98 X 16 N,Amann Girrbach,Almacén General,107,250192.37
546,288446,DISCO CERAMILL ZOLID FX ML 0/B1 98 X 16 F,Amann Girrbach,Almacén General,139,310118.23
547,92448,DISCO CERAMILL ZOLID FX ML 0/B1 98 X 16 N,Amann Girrbach,Almacén General,1,2595.58
548,307912,DISCO CERAMILL ZOLID FX ML C1/C2 98 X 16 F,Amann Girrbach,Almacén General,4,9606.85
549,288453,DISCO CERAMILL ZOLID FX ML D2/D3 98 X 16 F,Amann Girrbach,Almacén General,3,7120.63
550,96733,DISCO CERAMILL ZOLID HT + PS A1 98 X 14,Amann Girrbach,Almacén General,63,119711.65
551,96736,DISCO CERAMILL ZOLID HT + PS B1 98 X 16,Amann Girrbach,Almacén General,5,9326.47
552,96739,DISCO CERAMILL ZOLID HT + PS B2 98 X 16,Amann Girrbach,Almacén General,127,243389.07
553,4436,DISCO CERAMILL ZOLID HT + WHITE 98 X 18,Amann Girrbach,Almacén General,23,49832.39
554,303751,DISCO GEN X B1 98 X 18 F ZRO2,Amann Girrbach,Almacén General,6,9539.59
555,292790,DISCO MICRA DISC 98X30 MM OM2,Aidite,Almacén General,10,19152.07
556,85192,DISCO MOGUCERA C 10MM,Scheftner,Almacén General,1,2431.83
557,85196,DISCO MOGUCERA C 13.5MM,Scheftner,Almacén General,1,2853.56
558,85198,DISCO MOGUCERA C 16MM,Scheftner,Almacén General,3,9253.09
559,62491175,DISCO PMMA MONO 98 X 16 A1,Aidite,Almacén General,94,11423.07
560,62491189,DISCO PMMA MONO 98 X 16 A2,Aidite,Almacén General,65,7893.34
561,62488050,DISCO PMMA MONO 98 X 16 A3,Aidite,Almacén General,7,850.05
562,62488032,DISCO PMMA MONO 98 X 16 B1,Aidite,Almacén General,85,10322.06
563,62491163,DISCO PMMA MONO 98 X 16 B2,Aidite,Almacén General,50,6071.8
564,62494287,DISCO PMMA MONO 98 X 20 A1,Aidite,Almacén General,370,44931.31
565,62488026,DISCO PMMA MONO 98 X 20 A2,Aidite,Almacén General,371,45052.75
566,62484928,DISCO PMMA MONO 98 X 20 A3,Aidite,Almacén General,80,9714.88
567,62491195,DISCO PMMA MONO 98 X 20 B1,Aidite,Almacén General,385,46752.86
568,62488060,DISCO PMMA MONO 98 X 20 B2,Aidite,Almacén General,185,22465.66
569,62494292,DISCO PMMA MONO 98 X 20 OM1,Aidite,Almacén General,40,4857.44
570,62488036,DISCO PMMA MONO 98 X 20 OM2,Aidite,Almacén General,185,22465.66
571,62491185,DISCO PMMA MONO 98 X 20 OM3,Aidite,Almacén General,183,22222.78
572,62488055,DISCO PMMA MONO 98 X 25 A1,Aidite,Almacén General,185,22465.66
573,62491181,DISCO PMMA MONO 98 X 25 A2,Aidite,Almacén General,185,22465.66
574,62491171,DISCO PMMA MONO 98 X 25 A3,Aidite,Almacén General,40,4857.44
575,62488046,DISCO PMMA MONO 98 X 25 B1,Aidite,Almacén General,185,22465.66
576,62491157,DISCO PMMA MONO 98 X 25 B2,Aidite,Almacén General,85,10322.06
577,62491167,DISCO PMMA MONO 98 X 25 OM1,Aidite,Almacén General,30,3643.08
578,62484933,DISCO PMMA MONO 98 X 25 OM2,Aidite,Almacén General,85,10322.06
579,62488040,DISCO PMMA MONO 98 X 25 OM3,Aidite,Almacén General,85,10322.06
580,64724911,DISCO PMMA MULTI 98 X 14 A1,Aidite,Almacén General,54,15964.94
581,64724824,DISCO PMMA MULTI 98 X 14 A2,Aidite,Almacén General,59,17443.17
582,64724850,DISCO PMMA MULTI 98 X 14 A3,Aidite,Almacén General,32,9460.71
583,64724907,DISCO PMMA MULTI 98 X 14 B1,Aidite,Almacén General,25,7391.18
584,64724903,DISCO PMMA MULTI 98 X 14 OM2,Aidite,Almacén General,25,7391.18
585,42652622,DISCO PMMA MULTI 98 X 16 A1,Aidite,Almacén General,121,35773.28
586,64724927,DISCO PMMA MULTI 98 X 16 A2,Aidite,Almacén General,125,36955.87
587,64724862,DISCO PMMA MULTI 98 X 16 A3,Aidite,Almacén General,80,23651.76
588,64724845,DISCO PMMA MULTI 98 X 16 B1,Aidite,Almacén General,66,19512.7
589,64724832,DISCO PMMA MULTI 98 X 16 B2,Aidite,Almacén General,67,19808.35
590,64724815,DISCO PMMA MULTI 98 X 16 OM2,Aidite,Almacén General,50,14782.35
591,64724866,DISCO PMMA MULTI 98 X 20 A1,Aidite,Almacén General,167,49373.05
592,64724819,DISCO PMMA MULTI 98 X 20 A2,Aidite,Almacén General,117,34590.7
593,64724899,DISCO PMMA MULTI 98 X 20 A3,Aidite,Almacén General,50,14782.35
594,64724854,DISCO PMMA MULTI 98 X 20 B1,Aidite,Almacén General,97,28677.76
595,64724874,DISCO PMMA MULTI 98 X 20 B2,Aidite,Almacén General,50,14782.35
596,64724811,DISCO PMMA MULTI 98 X 20 OM1,Aidite,Almacén General,75,22173.53
597,64724870,DISCO PMMA MULTI 98 X 20 OM2,Aidite,Almacén General,75,22173.53
598,64724931,DISCO PMMA MULTI 98 X 20 OM3,Aidite,Almacén General,75,22173.53
599,64724828,DISCO PMMA MULTI 98 X 25 A1,Aidite,Almacén General,75,22173.52
600,64724881,DISCO PMMA MULTI 98 X 25 A2,Aidite,Almacén General,65,19217.05
601,64724885,DISCO PMMA MULTI 98 X 25 A3,Aidite,Almacén General,45,13304.11
602,64724806,DISCO PMMA MULTI 98 X 25 B1,Aidite,Almacén General,65,19217.05
603,64724893,DISCO PMMA MULTI 98 X 25 B2,Aidite,Almacén General,35,10347.64
604,64724889,DISCO PMMA MULTI 98 X 25 OM1,Aidite,Almacén General,50,14782.35
605,64724837,DISCO PMMA MULTI 98 X 25 OM2,Aidite,Almacén General,30,8869.41
606,64724858,DISCO PMMA MULTI 98 X 25 OM3,Aidite,Almacén General,50,14782.35
607,64724915,DISCO PMMA TRANSPA 98 X 16 T,Aidite,Almacén General,173,48138.29
608,62491152,DISCO PMMA TRANSPA 98 X 20 T,Aidite,Almacén General,10,2775.68
609,3788,DISCOS DE RETENCION 100PCS,Amann Girrbach,Almacén General,1,934.35
610,7613611,DISCOS DE RETENCIÓN 100 PZAS,Amann Girrbach,Almacén General,16,15263.27
611,99648,DISCOS DE RETENCION MOTION 3 CLASSIC,Amann Girrbach,Almacén General,10,4926.36
612,51432254,DISCO TITANIO GRADO 5 98X10MM,Aidite,Almacén General,12,4432.62
613,51432260,DISCO TITANIO GRADO 5 98X12,Aidite,Almacén General,17,6940.51
614,51432264,DISCO TITANIO GRADO 5 98X14,Aidite,Almacén General,36,16797.23
615,51432269,DISCO TITANIO GRADO 5 98X16,Aidite,Almacén General,47,23757.21
616,51435368,DISCO TITANIO GRADO 5 98X18,Aidite,Almacén General,8,4354.84
617,51435376,DISCO TITANIO GRADO 5 98X22,Aidite,Almacén General,1,641.56
618,51435380,DISCO TITANIO GRADO 5 98X25,Aidite,Almacén General,1,699.89
619,303760,DISCO ZOLID BION A1 98 X 16 F ZRO2,Amann Girrbach,Almacén General,230,377978.93
620,195295,DISCO ZOLID BION A1 98 X 18 F ZRO2,Amann Girrbach,Almacén General,29,88652.85
621,195299,DISCO ZOLID BION A1 98 X 20 F ZRO2,Amann Girrbach,Almacén General,100,159473.3
622,195303,DISCO ZOLID BION A1 98 X 25 FZRO2,Amann Girrbach,Almacén General,77,125801.4
623,195307,DISCO ZOLID BION A2 98 X 16 F ZRO2,Amann Girrbach,Almacén General,234,332734.82
624,288680,DISCO ZOLID BION A2 98 X 20 F,Amann Girrbach,Almacén General,60,93672.73
625,43762451,DISCO ZOLID BION A2 98 X 25 F,Amann Girrbach,Almacén General,50,79972.14
626,43828579,DISCO ZOLID BION A3.5 98 X 16 F,Amann Girrbach,Almacén General,40,56877.75
627,195317,DISCO ZOLID BION A3 98 X 16 F ZRO2,Amann Girrbach,Almacén General,100,142194.37
628,288683,DISCO ZOLID BION B1 98 X 16 F,Amann Girrbach,Almacén General,76,132567.86
629,43828573,DISCO ZOLID BION B1 98 X 25 F,Amann Girrbach,Almacén General,89,145269.45
630,43828583,DISCO ZOLID BION B2 98 X 16 F,Amann Girrbach,Almacén General,60,85316.62
631,288677,DISCO ZOLID BION BL1 98 X 16 F,Amann Girrbach,Almacén General,10,29532.03
632,195283,DISCO ZOLID BION BL1 98 X 20 F ZRO2,Amann Girrbach,Almacén General,28,93230.16
633,195291,DISCO ZOLID BION BL1 98 X 25 F ZRO2,Amann Girrbach,Almacén General,26,102504.81
634,43762446,DISCO ZOLID BION BL3 98 X 20 F,Amann Girrbach,Almacén General,20,31224.24
635,43828587,DISCO ZOLID BION C2 98 X 16 F,Amann Girrbach,Almacén General,10,14219.44
636,288464,DISCO ZOLID GEN X A1 98 X 22 F ZRO2,Amann Girrbach,Almacén General,51,101126.65
637,4466,DISCO ZOLID GEN X A2 98 X 16 ZRO2,Amann Girrbach,Almacén General,2,4777.22
638,4460,DISCO ZOLID GEN X A3 71 X 16 ZRO2,Amann Girrbach,Almacén General,15,497.47
639,232915,DISCO ZOLID GEN X B1 98 X 14 ZRO2,Amann Girrbach,Almacén General,69,101909.72
640,309628,DISCO ZOLID GEN-X B1 98X16 F ZRO2,Amann Girrbach,Almacén General,112,179654.47
641,293330,DISCO ZOLID GEN X B1 98 X 25 F ZRO2,Amann Girrbach,Almacén General,48,89002.32
642,288674,DISCO ZOLID GEN X B2 98 X 16 F,Amann Girrbach,Almacén General,1,1322.67
643,309631,DISCO ZOLID GEN-X BL1 98X16 F ZRO2,Amann Girrbach,Almacén General,9,15818.52
644,154177,DISCO ZOLID GEN X BL1 98 X 16 ZRO2,Amann Girrbach,Almacén General,1,1617.69
645,154274,DISCO ZOLID GEN X BL1 98 X 22 ZRO2,Amann Girrbach,Almacén General,65,131841.64
646,293333,DISCO ZOLID GEN X BL1 98 X 25 F ZRO2,Amann Girrbach,Almacén General,75,167690.55
647,97154,DISCO ZOLID GEN X BL3 98 X 16,Amann Girrbach,Almacén General,98,224067.91
648,2266418,DISCO ZOLID GEN X BL3 98 X 22 F,Amann Girrbach,Almacén General,80,153832.0
649,154454,DISCO ZOLID GEN X BL3 98 X 22 ZRO2,Amann Girrbach,Almacén General,20,40510.18
650,293323,DISCO ZOLID GEN X BL3 98 X 25 F ZRO2,Amann Girrbach,Almacén General,41,90205.96
651,103950,DISPENSER GUN,Anax Dent,Almacén General,33,35501.76
652,232544,DISPLAY HMI 10.1 INCL WLAN MODUL,Amann Girrbach,Almacén General,1,24965.02
653,8742725,DISPLAY MATRON,Amann Girrbach,Almacén General,2,106226.4
654,3857,DOWEL PINS SIZE 1 WITHOUT PLUG IN NEED,Scheftner,Almacén General,14,10849.34
655,85218,DOWEL PINS SIZE 2 WITHOUT GUIDE PLUG,Scheftner,Almacén General,5,3902.84
656,4571,DURR DENTAL COMPRESOR DUO 110V CON UNIDAD DE SECADO,Durr Dental,Almacén General,1,69821.98
657,102717,EASYSHADE V 100-230V,Vita,Almacén General,1,23472.06
658,5900,ENAMIC 0M1 HT EM14,Vita,Almacén General,16,22735.94
659,5903,ENAMIC 0M1 T EM14,Vita,Almacén General,17,25684.96
660,5909,ENAMIC 1M1 HT EM14,Vita,Almacén General,27,35879.93
661,198681,ENAMIC 1M1 HT EMC16,Vita,Almacén General,12,38358.67
662,198651,ENAMIC 1M1 ST EM14,Vita,Almacén General,15,36122.17
663,5912,ENAMIC 1M1 T EM14,Vita,Almacén General,2,3021.76
664,5918,ENAMIC 1M2 HT EM14,Vita,Almacén General,24,33027.71
665,198677,ENAMIC 1M2 HT EMC16,Vita,Almacén General,27,54661.09
666,198647,ENAMIC 1M2 ST EM14,Vita,Almacén General,26,62611.75
667,5921,ENAMIC 1M2 T EM14,Vita,Almacén General,5,7554.4
668,5924,ENAMIC 2M1 HT EM14,Vita,Almacén General,35,46511.02
669,198661,ENAMIC 2M1 T EM14,Vita,Almacén General,17,22591.07
670,5930,ENAMIC 2M2 HT EM14,Vita,Almacén General,41,54484.35
671,198671,ENAMIC 2M2 HT EMC16,Vita,Almacén General,3,9589.66
672,198641,ENAMIC 2M2 ST EM14,Vita,Almacén General,10,17659.75
673,5933,ENAMIC 2M2 T EM14,Vita,Almacén General,16,21262.18
674,5936,ENAMIC 3M1 HT EM14,Vita,Almacén General,20,26577.73
675,5939,ENAMIC 3M2 HT EM10,Vita,Almacén General,5,7554.4
676,5942,ENAMIC 3M2 HT EM14,Vita,Almacén General,27,36630.28
677,198655,ENAMIC 3M2 ST EM14,Vita,Almacén General,2,4816.29
678,5945,ENAMIC 3M2 T EM14,Vita,Almacén General,24,34999.67
679,5948,ENAMIC 3M3 HT EM14,Vita,Almacén General,10,13288.86
680,5951,ENAMIC 4M2 HT EM14,Vita,Almacén General,5,6644.43
681,5954,ENAMIC 4M2 T EM14,Vita,Almacén General,5,6644.43
682,306868,ENAMIC UNIVERSAL 0M1 HT EM14,Vita,Almacén General,11,30017.7
683,306880,ENAMIC UNIVERSAL 1M1 HT EM10,Vita,Almacén General,5,11870.65
684,306874,ENAMIC UNIVERSAL 3M2 HT EM14,Vita,Almacén General,4,10915.53
685,4685,ESPIGA INDIVIDUAL VERS C,Amann Girrbach,Almacén General,13,60161.55
686,114075,ESTACION DE SERVICIO/SOPORTE TIPO CARRO PARA PROYECTOR,Cyberpuerta,Almacén General,4,5496.56
687,59092931,EU 3D PRO MULTILAYER 98 X 14 OM1,Aidite,Almacén General,2,3132.54
688,62621305,EZ PRIN MODEL WHITE,Aidite,Almacén General,16,10547.59
689,64712068,EZ PRINT CAST,Aidite,Almacén General,32,38955.84
690,42646281,EZ PRINT MODEL ALMOND,Aidite,Almacén General,487,253965.03
691,42646275,EZ PRINT MODEL GRAY,Aidite,Almacén General,653,181520.92
692,62621309,EZ PRINT MODEL SURGICAL GUIDE,Aidite,Almacén General,41,46943.67
693,62621297,EZ PRINT MODEL YELLOW,Aidite,Almacén General,89,46319.16
694,43822237,FAN HOUSING MOTION / MIKRO IC / MATRON,Amann Girrbach,Almacén General,4,7196.62
695,85216,FIBRE TRAY 5 PCS,Scheftner,Almacén General,3,438.01
696,43828562,FILTER BAG COOLSTREAM,Amann Girrbach,Almacén General,10,11994.37
697,180258,FILTER BAGS YELLOW 2/BX,Quatro,Almacén General,32,63097.12
698,83407,FILTER BAGS YELLOW F205 5/BX,Quatro,Almacén General,15,64448.78
699,295045,FILTROS DE AGUA CLEANSTREAM COOLANTFLOW,Amann Girrbach,Almacén General,41,14295.61
700,102279,FIRING PASTE,Aidite,Almacén General,48,7679.84
701,295111,FLOAT SINTERIZACION DISCO 2,Amann Girrbach,Almacén General,2,5099.86
702,16372813,FRESA DE PMMA 0.6,Aidite,Almacén General,7,2044.8
703,16372815,FRESA DE PMMA 1.0 16MM,Aidite,Almacén General,9,2631.64
704,16522102,FRESA DE PMMA 1.0 20MM,Aidite,Almacén General,30,8730.89
705,16372820,FRESA DE PMMA 1.5,Aidite,Almacén General,8,2349.53
706,16372818,FRESA DE PMMA 2.0 16MM,Aidite,Almacén General,11,3216.45
707,16522104,FRESA DE PMMA 2.0 25MM,Aidite,Almacén General,50,14585.21
708,16372822,FRESA DE PMMA 3.0,Aidite,Almacén General,38,10973.17
709,4223,FRESA DIAMOND 1.4 FARBRING ORANGE,Amann Girrbach,Almacén General,10,3462.3
710,4250,"FRESA DIAMOND RFID 1,0 DM",Amann Girrbach,Almacén General,101,61560.07
711,4247,FRESA DIAMOND RFID 1.4 DM,Amann Girrbach,Almacén General,126,77484.5
712,4244,FRESA DIAMOND RFID 1.8 DM,Amann Girrbach,Almacén General,150,92210.16
713,6739637,FRESADORA CERAMILL MOTION 3 AIR,Amann Girrbach,Almacén General,9,3310706.16
714,85872,FRESA ROTO RFID 0.3 DMB DC,Amann Girrbach,Almacén General,7,11441.88
715,85860,FRESA ROTO RFID 0.3 SC DM 0.3,Amann Girrbach,Almacén General,7,4928.1
716,85838,FRESA ROTO RFID 0.3 SINTRON DM 0.3,Amann Girrbach,Almacén General,2,1250.23
717,4241,FRESA ROTO RFID 0.3 ZI,Amann Girrbach,Almacén General,30,17320.8
718,102045,FRESA ROTO RFID 0.4 DIAMOND BLG,Amann Girrbach,Almacén General,62,36205.33
719,4253,FRESA ROTO RFID 0.4 DM,Amann Girrbach,Almacén General,20,12074.02
720,195329,FRESA ROTO RFID 0.6 DC BLM 0.6MM,Amann Girrbach,Almacén General,12,9333.07
721,85869,FRESA ROTO RFID 0.6 DMB DC,Amann Girrbach,Almacén General,5,6129.0
722,85848,FRESA ROTO RFID 0.6 PMMA WAX DM 0.6,Amann Girrbach,Almacén General,293,174398.38
723,85857,FRESA ROTO RFID 0.6 SC DM 0.6,Amann Girrbach,Almacén General,49,29581.35
724,85835,FRESA ROTO RFID 0.6 SINTRON,Amann Girrbach,Almacén General,7,4391.06
725,4016,FRESA ROTO RFID 0.6 ST DM,Amann Girrbach,Almacén General,3,2198.12
726,4238,FRESA ROTO RFID 0.6 ZI DM,Amann Girrbach,Almacén General,456,270808.06
727,85881,FRESA ROTO RFID 1.0 COCR,Amann Girrbach,Almacén General,1,635.1
728,195325,FRESA ROTO RFID 1.0 DC BLM 1.0MM,Amann Girrbach,Almacén General,23,17474.36
729,102042,FRESA ROTO RFID 1.0 DIAMOND BLG,Amann Girrbach,Almacén General,277,168225.53
730,85866,FRESA ROTO RFID 1.0 DMB DC,Amann Girrbach,Almacén General,15,23106.94
731,85844,FRESA ROTO RFID 1.0 PMMA WAX DM 1.0,Amann Girrbach,Almacén General,721,427089.38
732,92435,FRESA ROTO RFID 1.0  SC DM,Amann Girrbach,Almacén General,50,30185.05
733,85831,FRESA ROTO RFID 1.0 SINTRON DM 1.0,Amann Girrbach,Almacén General,15,9548.33
734,99561,FRESA ROTO RFID 1.0 TI,Amann Girrbach,Almacén General,4,2569.2
735,115675,FRESA ROTO RFID 1.0 TITAN DM,Amann Girrbach,Almacén General,13,7652.2
736,4235,FRESA ROTO RFID 1.0 ZI DM,Amann Girrbach,Almacén General,453,268515.47
737,115679,FRESA ROTO RFID 1.2 R TITAN DM,Amann Girrbach,Almacén General,2,1419.17
738,115671,FRESA ROTO RFID 1.2 TITAN DM,Amann Girrbach,Almacén General,20,14191.76
739,115667,FRESA ROTO RFID 1.5 TITAN DM,Amann Girrbach,Almacén General,4,2458.67
740,4019,FRESA ROTO RFID 1.5 T SHAPE,Amann Girrbach,Almacén General,9,7165.6
741,154523,FRESA ROTO RFID 1.5 T SHAPE TITAN,Amann Girrbach,Almacén General,4,2619.85
742,170068,FRESA ROTO RFID 1.8 T SHAPE,Amann Girrbach,Almacén General,20,13635.63
743,102036,FRESA ROTO RFID 2.0 DIAMOND BLG,Amann Girrbach,Almacén General,371,222464.45
744,85854,FRESA ROTO RFID 2.0 TI DM 2.0,Amann Girrbach,Almacén General,13,7879.03
745,115663,FRESA ROTO RFID 2.0 TITAN DM,Amann Girrbach,Almacén General,14,8478.05
746,170076,FRESA ROTO RFID 2.0 T SHAPE,Amann Girrbach,Almacén General,20,13635.63
747,195321,FRESA ROTO RFID 2.5 DC BLM 2.5MM,Amann Girrbach,Almacén General,25,18993.87
748,85863,FRESA ROTO RFID 2.5 DMB DC,Amann Girrbach,Almacén General,17,17897.49
749,85841,FRESA ROTO RFID 2.5 PMMA WAX DM 2.5,Amann Girrbach,Almacén General,481,285217.1
750,92431,FRESA ROTO RFID 2.5 SC,Amann Girrbach,Almacén General,83,50107.19
751,85828,FRESA ROTO RFID 2.5 SINTRON DM 2.5,Amann Girrbach,Almacén General,28,17823.54
752,4232,FRESA ROTO RFID 2.5 ZI DM,Amann Girrbach,Almacén General,815,498981.57
753,303775,FRESA ROTO RFID BROWN 1.0 DM,Amann Girrbach,Almacén General,27,18356.56
754,303772,FRESA ROTO RFID BROWN 1.5 DM,Amann Girrbach,Almacén General,58,45355.13
755,303787,FRESA ROTO RFID BROWN 1.5 SM DM 1.5,Amann Girrbach,Almacén General,36,27219.45
756,303784,FRESA ROTO RFID BROWN 1.5 TS DM,Amann Girrbach,Almacén General,7,6224.64
757,303769,FRESA ROTO RFID BROWN 2.0,Amann Girrbach,Almacén General,34,27047.3
758,303766,FRESA ROTO RFID BROWN 2.5 DM,Amann Girrbach,Almacén General,55,42478.75
759,303763,FRESA ROTO RFID BROWN 3.0 DM,Amann Girrbach,Almacén General,72,34958.44
760,303781,FRESA ROTO RFID BROWN F 1.2 EM DM,Amann Girrbach,Almacén General,13,10666.17
761,303778,FRESA ROTO RFID BROWN R 1.2 EM DM,Amann Girrbach,Almacén General,25,18626.06
762,57367747,FRESA ROTO RFID D3 BROWN 0.5 EM,Amann Girrbach,Almacén General,5,3426.42
763,57367751,FRESA ROTO RFID D3 BROWN 0.5 SM,Amann Girrbach,Almacén General,5,3426.42
764,57364713,FRESA ROTO RFID D3 BROWN 1.2 EM,Amann Girrbach,Almacén General,4,2741.13
765,303799,FRESA ROTO RFID GREEN 0.6 DM,Amann Girrbach,Almacén General,28,20699.93
766,303796,FRESA ROTO RFID GREEN 1.0 DM,Amann Girrbach,Almacén General,6,4737.27
767,303793,FRESA ROTO RFID GREEN 1.5 DM,Amann Girrbach,Almacén General,21,15176.58
768,303790,FRESA ROTO RFID GREEN 2.5 DM,Amann Girrbach,Almacén General,15,13303.72
769,2266436,FRESA ROTO RFID GREY 0.6,Amann Girrbach,Almacén General,8,6461.24
770,2266432,FRESA ROTO RFID GREY 1.0,Amann Girrbach,Almacén General,3,2601.85
771,8426520,FRESA ROTO RFID ORANGE G 0.4 DM,Amann Girrbach,Almacén General,5,2086.18
772,8426516,FRESA ROTO RFID ORANGE G 1.0,Amann Girrbach,Almacén General,23,19486.63
773,8426512,FRESA ROTO RFID ORANGE G 2.0 DM,Amann Girrbach,Almacén General,23,19486.63
774,8426508,FRESA ROTO RFID PURPLE 0.6 EM,Amann Girrbach,Almacén General,13,10188.64
775,2266440,FRESA ROTO RFID PURPLE 1.2 EM,Amann Girrbach,Almacén General,16,15161.88
776,2266446,FRESA ROTO RFID PURPLE 1.5 TS,Amann Girrbach,Almacén General,1,889.24
777,8426504,FRESA ROTO RFID PURPLE 1.8 TS,Amann Girrbach,Almacén General,22,20716.49
778,8426494,FRESA ROTO RFID PURPLE 2.0 TS,Amann Girrbach,Almacén General,21,19774.83
779,4010,FRESA ROTO ST 1.2,Amann Girrbach,Almacén General,1,1415.67
780,4208,FRESA ROTO TI 2.0,Amann Girrbach,Almacén General,2,1382.9
781,43825398,FRONT WORKPIECE CHANGER MATRON,Amann Girrbach,Almacén General,1,21709.51
782,268815,GABINETE PARA ESCANER MEDICO DENTAL,Roko,Almacén General,39,745048.4
783,294839,GINGIVA MASK RESIN 0.5KG,Phrozen,Almacén General,5,1525.67
784,3563,GIROFORM CARBURO DE TUNGSTENO BURR,Amann Girrbach,Almacén General,7,3817.02
785,3977,GIROFORM CLASSIC L 100PCS,Amann Girrbach,Almacén General,38,27769.83
786,3557,GIROFORM PIN DRILL 100-230V,Amann Girrbach,Almacén General,6,164678.13
787,3962,GIROFORM PINS 10000PCS,Amann Girrbach,Almacén General,1,4284.91
788,3959,GIROFORM PINS 1000PCS,Amann Girrbach,Almacén General,1,453.57
789,295075,GRIPPER BLANK HOLDER MATRON,Amann Girrbach,Almacén General,3,42217.38
790,100833,HDMI CABLE,Phrozen,Almacén General,2,371.93
791,50807628,HEATING ELEMENT,Aidite,Almacén General,5,82033.35
792,98939,HEIZKÖRPER MIT SCHRAUBEN SET 664 (BIS NR K004),Dekema,Almacén General,2,9620.63
793,7613624,HIGH GLOSS DIAMOND POLISHER LAB SWIVEL 2 PCS,Amann Girrbach,Almacén General,11,4759.16
794,85208,HOLDING PIN SET,Scheftner,Almacén General,50,13056.25
795,86280,HORNO 6000MP 110V,Vita,Almacén General,39,2266579.96
796,122789,HORNO TITANIO ECO 50,Roko,Almacén General,2,35776.39
797,98392,HORNO TITANIO MAX 50,Roko,Almacén General,6,137994.69
798,198723,HORNO V60I LINE PLUS 110V,Vita,Almacén General,11,529145.4
799,90218,HORNO ZYRCOMAT 6100 MS 230V,Vita,Almacén General,11,1325220.1
800,85161,IMPRESORA 3D MAX UV 110-220V,Asiga ,Almacén General,1,132322.02
801,294803,IMPRESORA 3D SONIC MIGHTY 14K REVO DESKTOP,Phrozen,Almacén General,1,16210.29
802,113752,IMPRESORA 3D SONIC MIGHTY 8K,Phrozen,Almacén General,1,10099.97
803,297773,IN NOVA NEO FLUID 25ML,Creation,Almacén General,5,1312.68
804,11920293,IN NOVA NEO INN-10 MAIS,Creation,Almacén General,4,2426.55
805,11920277,IN NOVA NEO INN-1 MELONE,Creation,Almacén General,4,2426.55
806,11920281,IN NOVA NEO INN-3 YELLOW,Creation,Almacén General,3,1819.8
807,11920285,IN NOVA NEO INN-5 BROWN,Creation,Almacén General,3,1819.8
808,11920289,IN NOVA NEO INN-9 WHITE,Creation,Almacén General,4,2426.55
809,297770,IN NOVA NEO INN-CRL CRACKLINER 3G,Creation,Almacén General,10,7265.34
810,297766,IN NOVA NEO INN-IL ILLUSION 3G,Creation,Almacén General,9,6807.34
811,297760,IN NOVA NEO KIT 36G,Creation,Almacén General,1,8617.66
812,14288,INSYNC ZR GLAZE LIQUID 25 ML,Jensen,Almacén General,26,5595.59
813,14291,INSYN FC GLAZE PASTE 4G,Jensen,Almacén General,72,34092.97
814,6530,INTERNO POWDER 04 3G,Vita,Almacén General,1,26.98
815,6536,INTERNO POWDER 06  3G,Vita,Almacén General,2,53.97
816,97903,INTRA ORAL SCANNER I700 WIRELESS,Medit,Almacén General,36,3644807.18
817,4577,IQ KIT DE CERAS OPAQUE 6 CERAS 8G,Yeti,Almacén General,0,8951.47
818,85220,ISOGIPS CLASSIC 1000ML,Scheftner,Almacén General,5,2709.52
819,3866,ISOSIL SILICONE SPRAY MULTI PURPOSE  IN,Scheftner,Almacén General,1,221.81
820,3974,JUEGO DE INTRODUCCION GIROFORM,Amann Girrbach,Almacén General,7,53800.24
821,19293004,KIT DE LIMPIEZA ST,Amann Girrbach,Almacén General,4,4016.72
822,4526,LIBRO FORMA DE DIENTES KNUT MILLER DT/EN-FR/IT,Amann Girrbach,Almacén General,14,295.68
823,100881,LICENSE DONGLE,Phrozen,Almacén General,5,13947.1
824,94252,LINGOFORM 21L INFERIOR 0M3,Vita,Almacén General,2,487.48
825,94260,LINGOFORM 21L INFERIOR 1M1,Vita,Almacén General,1,243.74
826,86515,LINGOFORM 21L INFERIOR 1M2,Vita,Almacén General,1,243.74
827,104718,LINGOFORM 21L INFERIOR 2M1,Vita,Almacén General,1,211.69
828,82644,LINGOFORM 21L INFERIOR 2M2,Vita,Almacén General,8,2118.88
829,7070,LINGOFORM 21L INFERIOR A1,Vita,Almacén General,2,568.89
830,7073,LINGOFORM 21L INFERIOR A2,Vita,Almacén General,3,853.33
831,7076,LINGOFORM 21L INFERIOR A3,Vita,Almacén General,5,1422.22
832,94250,LINGOFORM 21L SUPERIOR 0M3,Vita,Almacén General,5,1218.7
833,94258,LINGOFORM 21L SUPERIOR 1M1,Vita,Almacén General,3,731.22
834,86512,LINGOFORM 21L SUPERIOR 1M2,Vita,Almacén General,1,243.74
835,307035,LINGOFORM 21L SUPERIOR 2M2,Vita,Almacén General,9,2479.44
836,7079,LINGOFORM 21L SUPERIOR 3R2.5,Vita,Almacén General,6,1302.21
837,7082,LINGOFORM 21L SUPERIOR A1,Vita,Almacén General,3,687.52
838,7085,LINGOFORM 21L SUPERIOR A2,Vita,Almacén General,3,853.33
839,7088,LINGOFORM 21L SUPERIOR A3,Vita,Almacén General,5,1422.22
840,307011,LINGOFORM2 23LSUPERIOR 3M2,Vita,Almacén General,10,2754.93
841,94256,LINGOFORM 22L INFERIOR 0M3,Vita,Almacén General,2,487.48
842,94266,LINGOFORM 22L INFERIOR 1M1,Vita,Almacén General,2,487.48
843,7091,LINGOFORM 22L INFERIOR 1M2,Vita,Almacén General,11,2998.67
844,7094,LINGOFORM 22L INFERIOR 2M1,Vita,Almacén General,1,243.74
845,7100,LINGOFORM 22L INFERIOR 3M2,Vita,Almacén General,13,3328.08
846,7103,LINGOFORM 22L INFERIOR 3R2.5,Vita,Almacén General,4,868.14
847,7106,LINGOFORM 22L INFERIOR A1,Vita,Almacén General,5,1422.22
848,7109,LINGOFORM 22L INFERIOR A2,Vita,Almacén General,2,568.89
849,7112,LINGOFORM 22L INFERIOR A3,Vita,Almacén General,4,1137.78
850,94254,LINGOFORM 22L SUPERIOR 0M3,Vita,Almacén General,7,1706.18
851,94262,LINGOFORM 22L SUPERIOR 1M1,Vita,Almacén General,1,243.74
852,7115,LINGOFORM 22L SUPERIOR 1M2,Vita,Almacén General,14,3729.89
853,307017,LINGOFORM 22L SUPERIOR 3M2,Vita,Almacén General,2,550.99
854,7121,LINGOFORM 22L SUPERIOR 3R2.5,Vita,Almacén General,3,635.08
855,7124,LINGOFORM 22L SUPERIOR A1,Vita,Almacén General,5,1422.22
856,7127,LINGOFORM 22L SUPERIOR A2,Vita,Almacén General,2,568.89
857,7133,LINGOFORM 23L INFERIOR 0M3,Vita,Almacén General,3,731.22
858,94282,LINGOFORM 23L INFERIOR 1M1,Vita,Almacén General,5,1085.17
859,7136,LINGOFORM 23L INFERIOR 1M2,Vita,Almacén General,4,974.96
860,307027,LINGOFORM 23L INFERIOR 2M2,Vita,Almacén General,9,2479.44
861,92260,LINGOFORM 23L INFERIOR 3M2,Vita,Almacén General,14,3601.71
862,7139,LINGOFORM 23L INFERIOR 4M2,Vita,Almacén General,5,1058.47
863,7142,LINGOFORM 23L INFERIOR A1,Vita,Almacén General,5,1422.22
864,7145,LINGOFORM 23L INFERIOR A2,Vita,Almacén General,5,1422.22
865,7148,LINGOFORM 23L INFERIOR A3,Vita,Almacén General,5,1422.22
866,7151,LINGOFORM 23L SUPERIOR 0M3,Vita,Almacén General,2,487.48
867,94280,LINGOFORM 23L SUPERIOR 1M1,Vita,Almacén General,2,455.43
868,7154,LINGOFORM 23L SUPERIOR 1M2,Vita,Almacén General,5,1218.7
869,307031,LINGOFORM 23L SUPERIOR 2M2,Vita,Almacén General,9,2479.44
870,7157,LINGOFORM 23L SUPERIOR A1,Vita,Almacén General,5,1422.22
871,7160,LINGOFORM 23L SUPERIOR A2,Vita,Almacén General,5,1422.22
872,7163,LINGOFORM 23L SUPERIOR A3,Vita,Almacén General,5,1422.22
873,7166,LINGOFORM 24L INFERIOR 0M3,Vita,Almacén General,2,423.39
874,94289,LINGOFORM 24L INFERIOR 1M1,Vita,Almacén General,2,487.48
875,94308,LINGOFORM 24L INFERIOR 1M2,Vita,Almacén General,4,846.78
876,7169,LINGOFORM 24L INFERIOR 2M1,Vita,Almacén General,6,1302.21
877,307023,LINGOFORM 24L INFERIOR 2M2,Vita,Almacén General,10,2754.93
878,123811,LINGOFORM 24L INFERIOR 3R2.5,Vita,Almacén General,14,3856.91
879,7172,LINGOFORM 24L INFERIOR A1,Vita,Almacén General,3,671.14
880,7175,LINGOFORM 24L INFERIOR A2,Vita,Almacén General,5,1422.22
881,7178,LINGOFORM 24L INFERIOR A3,Vita,Almacén General,2,447.42
882,7181,LINGOFORM 24L SUPERIOR 0M3,Vita,Almacén General,2,423.39
883,94287,LINGOFORM 24L SUPERIOR 1M1,Vita,Almacén General,2,487.48
884,94305,LINGOFORM 24L SUPERIOR 1M2,Vita,Almacén General,4,846.78
885,7184,LINGOFORM 24L SUPERIOR 2M1,Vita,Almacén General,2,423.39
886,7187,LINGOFORM 24L SUPERIOR 3R2.5,Vita,Almacén General,11,2998.67
887,7190,LINGOFORM 24L SUPERIOR A1,Vita,Almacén General,9,2330.77
888,7193,LINGOFORM 24L SUPERIOR A2,Vita,Almacén General,7,1614.02
889,7196,LINGOFORM 24L SUPERIOR A3,Vita,Almacén General,6,1767.51
890,4682,LLAVE DE MONTAJE PARA POTENCIOMETROS MAGNETICOS C VERSI,Amann Girrbach,Almacén General,1,1228.04
891,295030,LLAVE PARA PINZA SYC 3/6 DE CERAMILL MATRON,Amann Girrbach,Almacén General,2,3498.49
892,298325,LS BLEACH DENTINE BD-A 20G,Creation,Almacén General,5,2916.74
893,298328,LS BLEACH DENTINE BD-B 20G,Creation,Almacén General,1,583.35
894,298262,LS DENTINE D-A1 20G,Creation,Almacén General,16,9333.58
895,298265,LS DENTINE D-A2 20G,Creation,Almacén General,2,1166.69
896,298271,LS DENTINE D-A3.5 20G,Creation,Almacén General,2,1166.7
897,298274,LS DENTINE D-A4 20G,Creation,Almacén General,2,1166.7
898,298280,LS DENTINE D-B2 20G,Creation,Almacén General,4,2333.39
899,298283,LS DENTINE D-B3 20G,Creation,Almacén General,4,2333.4
900,298286,LS DENTINE D-B4 20G,Creation,Almacén General,1,583.35
901,298289,LS DENTINE D-C1 20G,Creation,Almacén General,3,1750.05
902,298298,LS DENTINE D-C4 20G,Creation,Almacén General,1,583.35
903,298301,LS DENTINE D-D2 20G,Creation,Almacén General,1,583.35
904,298310,LS ENAMEL E-57 20G,Creation,Almacén General,1,583.34
905,298313,LS ENAMEL E-58 20G,Creation,Almacén General,3,1750.04
906,298316,LS ENAMEL E-59 20G,Creation,Almacén General,5,2916.75
907,298319,LS ENAMEL E-60 20G,Creation,Almacén General,1,583.35
908,298381,LS OPAQUE DENTINE OD-41 15G,Creation,Almacén General,4,2110.78
909,298424,LS PRESS HT-1 5X3G,Creation,Almacén General,1,1364.22
910,298427,LS PRESS HT-2 5X3G,Creation,Almacén General,2,2728.45
911,298430,LS PRESS HT-B00 5X3G,Creation,Almacén General,2,2728.45
912,298433,LS PRESS LT-A1 5X3G,Creation,Almacén General,33,46280.65
913,298439,LS PRESS LT-A3 5X3G,Creation,Almacén General,3,4092.76
914,298448,LS PRESS LT-B00 5X3G,Creation,Almacén General,4,5455.49
915,298445,LS PRESS LT-B0 5X3G,Creation,Almacén General,3,4092.76
916,298442,LS PRESS LT-B1 5X3G,Creation,Almacén General,5,7044.15
917,298399,LS PRESS MO-0 5X3G,Creation,Almacén General,12,16937.12
918,7245078,LS/PRESS MO-1 5X3G,Creation,Almacén General,4,5777.85
919,298409,LS PRESS MT-A1 5X3G,Creation,Almacén General,18,25911.92
920,298412,LS PRESS MT-A2 5X3G,Creation,Almacén General,5,7222.32
921,298415,LS PRESS MT-A3 5X3G,Creation,Almacén General,13,18604.2
922,298402,LS PRESS MT-B00 5X3G,Creation,Almacén General,7,9900.69
923,298406,LS PRESS MT-B0 5X3G,Creation,Almacén General,17,23929.28
924,298421,LS PRESS MT-B2 5X3G,Creation,Almacén General,3,4293.27
925,7245082,LS/PRESS MT-D2 5X3G,Creation,Almacén General,5,7222.31
926,7245074,LS/PRESS STARTER KIT,Creation,Almacén General,5,83084.85
927,298393,LS TRANSPA GELLER MIX 20G,Creation,Almacén General,23,15673.63
928,298390,LS TRANSPA OT+ 20G,Creation,Almacén General,16,10903.31
929,7406,LUMEX AC GINGIVA KIT,Vita,Almacén General,1,2434.49
930,7334,LUMEX AC STANDARD KIT,Vita,Almacén General,2,27607.23
931,7331,LUMEX AC STARTER KIT,Vita,Almacén General,6,53234.43
932,7199,LUMEX CHROMA INTENSE ALMOND 12 G,Vita,Almacén General,19,5261.48
933,7202,LUMEX CHROMA INTENSE HAZELNUT 12 G,Vita,Almacén General,9,2328.54
934,7205,LUMEX CHROMA INTENSE IVORY 12 G,Vita,Almacén General,14,3789.57
935,7208,LUMEX CORRECTIVE DESERT 12 G,Vita,Almacén General,2,574.77
936,7211,"LUMEX CORRECTIVE, NEUTRAL, 12 GR",Vita,Almacén General,2,474.36
937,7214,"LUMEX DENTINE, A1, 12 G",Vita,Almacén General,26,7141.61
938,7217,"LUMEX DENTINE, A2, 12 G",Vita,Almacén General,24,6229.8
939,7223,"LUMEX DENTINE, A3, 12 G",Vita,Almacén General,21,5502.27
940,7220,"LUMEX DENTINE, A3.5, 12 G",Vita,Almacén General,5,944.46
941,7226,"LUMEX DENTINE, A4, 12 G",Vita,Almacén General,2,519.15
942,7232,"LUMEX DENTINE, B2, 12 G",Vita,Almacén General,1,311.84
943,7235,"LUMEX DENTINE, B3, 12 G",Vita,Almacén General,5,1422.54
944,7238,"LUMEX DENTINE, B4, 12 G",Vita,Almacén General,2,413.53
945,7241,"LUMEX DENTINE, C1, 12 G",Vita,Almacén General,3,702.97
946,7244,"LUMEX DENTINE, C2, 12 G",Vita,Almacén General,2,484.95
947,7250,"LUMEX DENTINE, C4, 12 G",Vita,Almacén General,3,882.04
948,7253,"LUMEX DENTINE, D2, 12 G",Vita,Almacén General,1,196.44
949,7256,"LUMEX DENTINE, D3, 12 G",Vita,Almacén General,2,570.31
950,7259,"LUMEX DENTINE, D4, 12 G",Vita,Almacén General,2,234.3
951,7262,"LUMEX DENTINE MODIFIER, BROWN, 12 G",Vita,Almacén General,5,1507.84
952,7265,"LUMEX DENTINE MODIFIER, CARAMEL, 12 G",Vita,Almacén General,8,2441.12
953,7268,"LUMEX DENTINE MODIFIER, CLOUDY-WHITE, 12",Vita,Almacén General,6,1581.16
954,7271,"LUMEX DENTINE MODIFIER, COPPER, 12 G",Vita,Almacén General,7,1687.24
955,7274,"LUMEX DENTINE MODIFIER, HONEY, 12 G",Vita,Almacén General,8,2418.02
956,7277,"LUMEX ENAMEL, CLEAR, 12 G",Vita,Almacén General,28,7864.12
957,7280,"LUMEX ENAMEL, FOG, 12 G",Vita,Almacén General,20,3790.5
958,7283,"LUMEX ENAMEL, INTENSE, 12 G",Vita,Almacén General,11,2047.59
959,7286,"LUMEX ENAMEL, LIGHT, 12 G",Vita,Almacén General,27,7644.2
960,7289,"LUMEX ENAMEL, MEDIUM, 12 G",Vita,Almacén General,10,2595.75
961,7298,"LUMEX FLUO INTENSE, ARCTIC-WHITE, 12 G",Vita,Almacén General,19,3904.05
962,7292,"LUMEX FLUO INTENSE, CAPPUCCINO, 12 G",Vita,Almacén General,16,3382.89
963,7295,"LUMEX FLUO INTENSE, CREAM, 12 G",Vita,Almacén General,14,2960.03
964,7301,"LUMEX FLUO INTENSE, SAND, 12 G",Vita,Almacén General,4,700.18
965,7304,"LUMEX FLUO INTENSE, SESAME, 12 G",Vita,Almacén General,13,2493.19
966,7307,LUMEX GINGIVA DARK-RED 12G,Vita,Almacén General,8,2076.59
967,7310,LUMEX GINGIVA DEEP-RED 12G,Vita,Almacén General,8,2076.59
968,7313,LUMEX GINGIVA GRAPEFRUIT 12G,Vita,Almacén General,7,1817.02
969,7316,LUMEX GINGIVA LIGHT-ROSE 12G,Vita,Almacén General,6,1557.45
970,7319,LUMEX GINGIVA NECTARINE 12G,Vita,Almacén General,6,1557.45
971,7322,LUMEX GINGIVA PALE-PAPILLA 12G,Vita,Almacén General,7,1817.02
972,7325,LUMEX GINGIVA PURPLE 12G,Vita,Almacén General,2,556.55
973,7328,LUMEX GINGIVA ROSEWOOD 12G,Vita,Almacén General,5,1297.87
974,7337,"LUMEX MAMELON, HONEY-MELON, 12 G",Vita,Almacén General,3,986.62
975,7343,"LUMEX MAMELON, SAFFRON, 12 G",Vita,Almacén General,6,2195.76
976,7340,"LUMEX MODELLING LIQUID, 50 ML",Vita,Almacén General,2,156.23
977,7394,"LUMEX OPAL TRANSLUCENT, OPAL-AZURE, 12 G",Vita,Almacén General,10,3751.74
978,7400,"LUMEX OPAL TRANSLUCENT, OPAL-SKY, 12G",Vita,Almacén General,6,477.12
979,7346,LUMEX OPAQUE DENTINE A1 12 G,Vita,Almacén General,4,924.3
980,7349,"LUMEX OPAQUE DENTINE, A2, 12 G",Vita,Almacén General,1,261.75
981,7355,"LUMEX OPAQUE DENTINE, A3, 12 G",Vita,Almacén General,9,2470.01
982,7352,"LUMEX OPAQUE DENTINE, A3.5, 12 G",Vita,Almacén General,10,2184.34
983,7358,"LUMEX OPAQUE DENTINE, A4, 12 G",Vita,Almacén General,7,1767.41
984,7361,"LUMEX OPAQUE DENTINE, B1, 12 G",Vita,Almacén General,6,1829.39
985,7364,"LUMEX OPAQUE DENTINE, B2, 12 G",Vita,Almacén General,2,566.64
986,7367,"LUMEX OPAQUE DENTINE, B3, 12 G",Vita,Almacén General,3,849.96
987,7370,"LUMEX OPAQUE DENTINE, B4, 12 G",Vita,Almacén General,2,551.85
988,7373,"LUMEX OPAQUE DENTINE, C1, 12 G",Vita,Almacén General,2,554.81
989,7379,"LUMEX OPAQUE DENTINE, C3, 12 G",Vita,Almacén General,1,251.98
990,7382,"LUMEX OPAQUE DENTINE, C4, 12 G",Vita,Almacén General,1,253.75
991,7385,"LUMEX OPAQUE DENTINE, D2, 12 G",Vita,Almacén General,7,778.7
992,7388,"LUMEX OPAQUE DENTINE, D3, 12 G",Vita,Almacén General,2,621.71
993,7391,"LUMEX OPAQUE DENTINE, D4, 12 G",Vita,Almacén General,2,531.17
994,7403,"LUMEX PEARL, SHELL, 12 G",Vita,Almacén General,5,623.29
995,7412,"LUMEX TRANSLUCENT, FOGGY-GREY, 12 G",Vita,Almacén General,7,1629.23
996,7415,"LUMEX TRANSLUCENT, LIGHT-BLONDE, 12 G",Vita,Almacén General,4,1245.02
997,7418,"LUMEX TRANSLUCENT, MISTY-ROSE, 12 G",Vita,Almacén General,3,939.75
998,7421,"LUMEX TRANSLUCENT, SMOKY-WHITE, 12G",Vita,Almacén General,5,1762.73
999,7427,"LUMEX TRANSLUCENT, SUN-INTENSE, 12G",Vita,Almacén General,6,1381.43
1000,7424,"LUMEX TRANSLUCENT, SUNLIGHT, 12 G",Vita,Almacén General,5,1528.64
1001,7430,"LUMEX TRANSLUCENT, WATERDROP, 12G",Vita,Almacén General,5,1735.74
1002,40768827,MACBOOK,Apple,Almacén General,9,132556.86
1003,297976,MAGIC COLOUR DENTIN SHADE DS-A 3G,Creation,Almacén General,25,16970.14
1004,297979,MAGIC COLOUR DENTIN SHADE DS-B 3G,Creation,Almacén General,1,678.8
1005,297982,MAGIC COLOUR DENTIN SHADE DS-C 3G,Creation,Almacén General,6,4072.83
1006,297985,MAGIC COLOUR DENTIN SHADE DS-D 3G,Creation,Almacén General,3,2036.41
1007,297994,MAGIC COLOUR GINGIVA SHADE 1 RASPBERRY 3G,Creation,Almacén General,17,11539.7
1008,297997,MAGIC COLOUR GINGIVA SHADE 2 SALMON RED 3G,Creation,Almacén General,12,8145.66
1009,298000,MAGIC COLOUR GINGIVA SHADE 3 RED VIOLET 3G,Creation,Almacén General,2,1357.61
1010,298003,MAGIC COLOUR GLAZE 3G,Creation,Almacén General,4,2715.22
1011,298068,MAGIC COLOUR GLAZE FLUO 10G,Creation,Almacén General,6,8734.35
1012,298006,MAGIC COLOUR GLAZE FLUO 3G,Creation,Almacén General,9,6109.25
1013,298071,MAGIC COLOUR LIQUID GL 25ML,Creation,Almacén General,10,2412.95
1014,297988,MAGIC COLOUR MAKE IN MI-61 3G,Creation,Almacén General,3,2036.53
1015,297991,MAGIC COLOUR MAKE IN MI-63 3G,Creation,Almacén General,3,2036.53
1016,298050,MAGIC COLOURS HIGHLIGHT 10 RED 3G,Creation,Almacén General,4,2715.23
1017,298053,MAGIC COLOURS HIGHLIGHT 11 DOVE BLUE 3G,Creation,Almacén General,3,2036.42
1018,298062,MAGIC COLOURS HIGHLIGHT 14 FISSURE 3G,Creation,Almacén General,1,678.84
1019,298065,MAGIC COLOURS HIGHLIGHT 15 ILLUSION 3G,Creation,Almacén General,4,2715.23
1020,298009,MAGIC COLOURS HIGHLIGHT 1 WHITE 3G,Creation,Almacén General,4,2715.23
1021,298012,MAGIC COLOURS HIGHLIGHT 2 EGGSHELL 3G,Creation,Almacén General,4,2715.23
1022,298015,MAGIC COLOURS HIGHLIGHT 3 LEMON YELLOW 3G,Creation,Almacén General,3,2036.53
1023,298018,MAGIC COLOURS HIGHLIGHT 4 MANDARINE 3G,Creation,Almacén General,4,2715.23
1024,298021,MAGIC COLOURS HIGHLIGHT 5 FLAMINGO 3G,Creation,Almacén General,4,2715.23
1025,298024,MAGIC COLOURS HIGHLIGHT 6 APRICOT 3G,Creation,Almacén General,4,2715.23
1026,298031,MAGIC COLOURS HIGHLIGHT 7 LIGHT BROWN 3G,Creation,Almacén General,5,3394.04
1027,298044,MAGIC COLOURS HIGHLIGHT 8 MEDIUM BROWN 3G,Creation,Almacén General,3,2036.53
1028,298047,MAGIC COLOURS HIGHLIGHT 9 OLIVE 3G,Creation,Almacén General,2,1357.69
1029,298074,MAGIC COLOUR SPECIAL LIQUID ML 25ML,Creation,Almacén General,18,5679.69
1030,297779,MAGIC COLOUR STARTER KIT LS 73G,Creation,Almacén General,2,17500.47
1031,43825420,MAINTENANCE SET MATRON,Amann Girrbach,Almacén General,4,44909.15
1032,11920206,MAKE UP NEO MN-F13 DEEP BLUE,Creation,Almacén General,3,1813.59
1033,11920202,MAKE UP NEO MN-F8 MEDIUM BROWN,Creation,Almacén General,3,1813.59
1034,3821,MALETIN ARTEX,Amann Girrbach,Almacén General,66,49052.32
1035,3716,MAP 600,Amann Girrbach,Almacén General,1,185008.94
1036,7439,MARK II 0M1C I14,Vita,Almacén General,18,12616.31
1037,7442,MARK II 1M1C I10,Vita,Almacén General,11,6389.57
1038,7445,MARK II 1M1C I12,Vita,Almacén General,19,11036.53
1039,7448,MARK II 1M1C I14,Vita,Almacén General,25,18048.12
1040,7454,MARK II 1M2C I10,Vita,Almacén General,3,1742.61
1041,7457,MARK II 1M2C I12,Vita,Almacén General,6,3485.22
1042,7460,MARK II 1M2C I14,Vita,Almacén General,30,21271.97
1043,7463,MARK II 1M2C I8,Vita,Almacén General,1,580.87
1044,7466,MARK II 2M1C I10,Vita,Almacén General,16,9293.92
1045,7469,MARK II 2M1C I12,Vita,Almacén General,14,8132.18
1046,7472,MARK II 2M1C I14,Vita,Almacén General,14,9224.98
1047,7484,MARK II 2M2C I14,Vita,Almacén General,52,37910.28
1048,7493,MARK II 2M3C I12,Vita,Almacén General,10,5808.7
1049,7496,MARK II 2M3C I14,Vita,Almacén General,48,33492.47
1050,7502,MARK II 3M1C I10,Vita,Almacén General,10,5808.7
1051,7505,MARK II 3M1C I12,Vita,Almacén General,1,580.87
1052,7508,MARK II 3M1C I14,Vita,Almacén General,20,15569.01
1053,7514,MARK II 3M2C I10,Vita,Almacén General,6,3485.22
1054,7517,MARK II 3M2C I12,Vita,Almacén General,39,22653.93
1055,7520,MARK II 3M2C I14,Vita,Almacén General,25,19462.35
1056,7526,MARK II 3M3C I10,Vita,Almacén General,7,4066.09
1057,7529,MARK II 3M3C I12,Vita,Almacén General,14,8132.18
1058,7532,MARK II 3M3C I14,Vita,Almacén General,11,8921.22
1059,7538,MARK II 4M2C I10,Vita,Almacén General,2,1161.74
1060,7544,MARK II 4M2C I14,Vita,Almacén General,6,3667.4
1061,7550,MARK II A1C I12,Vita,Almacén General,1,580.87
1062,7553,MARK II A1C I14,Vita,Almacén General,58,40627.9
1063,7559,MARK II A2C I14,Vita,Almacén General,70,46990.37
1064,7562,MARK II A3.5C I12,Vita,Almacén General,3,1742.61
1065,7565,MARK II A3.5C I14,Vita,Almacén General,12,8191.03
1066,7568,MARK II A3C I10,Vita,Almacén General,3,1742.61
1067,7571,MARK II A3C I12,Vita,Almacén General,13,7551.31
1068,7574,MARK II A3C I14,Vita,Almacén General,20,14105.0
1069,7577,MARK II B2C I12,Vita,Almacén General,8,4646.96
1070,7580,MARK II B2C I14,Vita,Almacén General,14,10029.38
1071,7583,MARK II B3C I12,Vita,Almacén General,3,1742.61
1072,7586,MARK II B3C I14,Vita,Almacén General,12,8191.03
1073,7589,MARK II C2C I12,Vita,Almacén General,3,1742.61
1074,7592,MARK II C2C I14,Vita,Almacén General,2,1622.04
1075,7595,MARK II C3C I12,Vita,Almacén General,2,1161.74
1076,7598,MARK II C3C I14,Vita,Almacén General,2,1622.04
1077,117029,MATRIX FLOW 70 CLEAR 2 X 50ML CARTRIDGE,Anax Dent,Almacén General,19,20082.27
1078,117032,MATRIX FLOW 70 GINGIVA PINK 2 X 50 ML,Anax Dent,Almacén General,19,16856.43
1079,117025,MATRIX FORM 60 A + B 1KG PACKAGE,Anax Dent,Almacén General,3,1925.09
1080,249178,MATRIX FORM 70 A + B 10KG PACKAGE,Anax Dent,Almacén General,1,3735.91
1081,49550326,MAX CROWN KIT BUILD TRAY,Asiga ,Almacén General,2,1874.57
1082,85165,MAX/PICO BUIL TRAY STORAGE CASE,Asiga ,Almacén General,3,6502.96
1083,84025,MEDIT INTRA ORAL SCANNER I700,Medit,Almacén General,24,2163270.6
1084,46561435,MEDIT INTRA ORAL SCANNER I700 UNI,Medit,Almacén General,1,79769.94
1085,103803,MEDIT SCANNER I600,Medit,Almacén General,41,3420186.43
1086,11297,MEZCLADOR DE VACIO TWIST ECO VACUUM MIXER 110V,Roko,Almacén General,18,271504.89
1087,7601,MFT L33 0M3,Vita,Almacén General,35,2766.12
1088,7607,MFT L33 2L1.5,Vita,Almacén General,14,1111.77
1089,7610,MFT L33 2M1,Vita,Almacén General,1,79.41
1090,7613,MFT L33 2M2,Vita,Almacén General,40,3246.32
1091,7616,MFT L33 3L1.5,Vita,Almacén General,92,7520.08
1092,7619,MFT L33 3L2.5,Vita,Almacén General,35,2860.9
1093,7622,MFT L33 3M2,Vita,Almacén General,24,1907.71
1094,7628,MFT L33 4M2,Vita,Almacén General,32,2513.83
1095,7631,MFT L34 0M3,Vita,Almacén General,4,323.34
1096,7634,MFT L34 1M1,Vita,Almacén General,72,6069.95
1097,7637,MFT L34 2L1.5,Vita,Almacén General,49,4088.26
1098,7643,MFT L34 2M2,Vita,Almacén General,185,14691.27
1099,7646,MFT L34 3L1.5,Vita,Almacén General,41,3351.34
1100,7652,MFT L34 3M2,Vita,Almacén General,66,5241.21
1101,7658,MFT L34 4M2,Vita,Almacén General,1,78.21
1102,7664,MFT L37 1M1,Vita,Almacén General,41,3255.91
1103,7667,MFT L37 2L1.5,Vita,Almacén General,12,952.94
1104,7673,MFT L37 2M2,Vita,Almacén General,233,18861.09
1105,7679,MFT L37 3L2.5,Vita,Almacén General,2,167.11
1106,7682,MFT L37 3M2,Vita,Almacén General,129,10390.3
1107,7691,MFT L37LN 0M3,Vita,Almacén General,12,1050.64
1108,7694,MFT L37LN 1M1,Vita,Almacén General,35,2760.97
1109,7697,MFT L37LN 2L1.5,Vita,Almacén General,2,158.68
1110,7700,MFT L37LN 2M1,Vita,Almacén General,2,155.71
1111,7703,MFT L37LN 2M2,Vita,Almacén General,11,873.54
1112,7706,MFT L37LN 3L1.5,Vita,Almacén General,91,7234.84
1113,7709,MFT L37LN 3L2.5,Vita,Almacén General,77,6259.51
1114,7712,MFT L37LN 3M2,Vita,Almacén General,34,2700.01
1115,7718,MFT L37LN 4M2,Vita,Almacén General,6,470.5
1116,7721,MFT L40 0M3,Vita,Almacén General,12,952.94
1117,7724,MFT L40 1M1,Vita,Almacén General,48,3849.21
1118,7727,MFT L40 2L1.5,Vita,Almacén General,48,3906.31
1119,7730,MFT L40 2M1,Vita,Almacén General,54,4316.33
1120,7733,MFT L40 2M2,Vita,Almacén General,159,12712.93
1121,7736,MFT L40 3L1.5,Vita,Almacén General,6,470.04
1122,7739,MFT L40 3L2.5,Vita,Almacén General,3,245.07
1123,7742,MFT L40 3M2,Vita,Almacén General,117,9402.71
1124,7748,MFT L40 4M2,Vita,Almacén General,3,231.19
1125,7751,MFT O40 0M3,Vita,Almacén General,8,653.92
1126,7754,MFT O40 1M1,Vita,Almacén General,61,4919.38
1127,7757,MFT O40 2L1.5,Vita,Almacén General,125,10144.07
1128,7760,MFT O40 2M1,Vita,Almacén General,72,5649.15
1129,7763,MFT O40 2M2,Vita,Almacén General,24,1905.9
1130,7766,MFT O40 3L1.5,Vita,Almacén General,133,10871.42
1131,7769,MFT O40 3L2.5,Vita,Almacén General,98,7978.24
1132,7772,MFT O40 3M2,Vita,Almacén General,100,8010.86
1133,7775,MFT O40 3R2.5,Vita,Almacén General,76,6113.95
1134,7778,MFT O40 4M2,Vita,Almacén General,73,5775.58
1135,7781,MFT O44 0M3,Vita,Almacén General,35,2626.22
1136,7784,MFT O44 1M1,Vita,Almacén General,16,1329.4
1137,7787,MFT O44 2L1.5,Vita,Almacén General,78,6277.45
1138,7790,MFT O44 2M1,Vita,Almacén General,27,2155.1
1139,7793,MFT O44 2M2,Vita,Almacén General,22,1747.08
1140,7796,MFT O44 3L1.5,Vita,Almacén General,71,5695.7
1141,7799,MFT O44 3L2.5,Vita,Almacén General,150,12226.77
1142,7802,MFT O44 3M2,Vita,Almacén General,9,714.71
1143,7808,MFT O44 4M2,Vita,Almacén General,32,2545.76
1144,7811,MFT O49 0M3,Vita,Almacén General,13,1011.95
1145,7814,MFT O49 1M1,Vita,Almacén General,67,5303.44
1146,7817,MFT O49 2L1.5,Vita,Almacén General,195,15457.42
1147,7820,MFT O49 2M1,Vita,Almacén General,104,8172.4
1148,7823,MFT O49 2M2,Vita,Almacén General,49,3891.2
1149,7826,MFT O49 3L1.5,Vita,Almacén General,57,4659.18
1150,7829,MFT O49 3L2.5,Vita,Almacén General,123,10054.02
1151,7832,MFT O49 3M2,Vita,Almacén General,98,7808.06
1152,7838,MFT O49 4M2,Vita,Almacén General,2,158.86
1153,7841,MFT PL29 0M3,Vita,Almacén General,20,1666.83
1154,7844,MFT PL29 1M1,Vita,Almacén General,19,1533.7
1155,7847,MFT PL29 2L1.5,Vita,Almacén General,33,2598.82
1156,7853,MFT PL29 2M2,Vita,Almacén General,113,8899.04
1157,7859,MFT PL29 3L2.5,Vita,Almacén General,28,2268.06
1158,7862,MFT PL29 3M2,Vita,Almacén General,35,2756.34
1159,7865,MFT PL29 3R2.5,Vita,Almacén General,1,79.72
1160,7868,MFT PL29 4M2,Vita,Almacén General,30,2415.15
1161,7871,MFT PL31 0M3,Vita,Almacén General,14,1124.19
1162,7874,MFT PL31 1M1,Vita,Almacén General,9,708.77
1163,7877,MFT PL31 2L1.5,Vita,Almacén General,18,1417.54
1164,7880,MFT PL31 2M1,Vita,Almacén General,26,2047.57
1165,7883,MFT PL31 2M2,Vita,Almacén General,321,25279.49
1166,7892,MFT PL31 3M2,Vita,Almacén General,96,7560.22
1167,7895,MFT PL31 3R2.5,Vita,Almacén General,19,1496.3
1168,7904,MFT PL33 1M1,Vita,Almacén General,51,4028.71
1169,7907,MFT PL33 2L1.5,Vita,Almacén General,26,2047.56
1170,7910,MFT PL33 2M1,Vita,Almacén General,148,11975.63
1171,7913,MFT PL33 2M2,Vita,Almacén General,167,13151.66
1172,7919,MFT PL33 3L2.5,Vita,Almacén General,21,1653.8
1173,7922,MFT PL33 3M2,Vita,Almacén General,226,18069.43
1174,7925,MFT PL33 3R2.5,Vita,Almacén General,7,551.27
1175,7931,MFT PU29 0M3,Vita,Almacén General,22,1732.55
1176,7934,MFT PU29 1M1,Vita,Almacén General,35,2789.05
1177,7937,MFT PU29 2L1.5,Vita,Almacén General,47,3701.36
1178,7943,MFT PU29 2M2,Vita,Almacén General,157,12364.14
1179,7949,MFT PU29 3L2.5,Vita,Almacén General,154,12546.69
1180,7952,MFT PU29 3M2,Vita,Almacén General,56,4410.14
1181,7961,MFT PU31 0M3,Vita,Almacén General,15,1181.28
1182,7964,MFT PU31 1M1,Vita,Almacén General,34,2684.21
1183,7967,MFT PU31 2L1.5,Vita,Almacén General,2,157.51
1184,7970,MFT PU31 2M1,Vita,Almacén General,44,3465.11
1185,7973,MFT PU31 2M2,Vita,Almacén General,471,37092.32
1186,7982,MFT PU31 3M2,Vita,Almacén General,61,4803.91
1187,7985,MFT PU31 3R2.5,Vita,Almacén General,15,1181.29
1188,7991,MFT PU33 0M3,Vita,Almacén General,11,866.27
1189,7994,MFT PU33 1M1,Vita,Almacén General,55,4331.37
1190,8000,MFT PU33 2M1,Vita,Almacén General,82,6457.7
1191,8003,MFT PU33 2M2,Vita,Almacén General,205,16144.25
1192,8021,MFT R42 0M3,Vita,Almacén General,50,4052.76
1193,8024,MFT R42 1M1,Vita,Almacén General,22,1751.25
1194,8027,MFT R42 2L1.5,Vita,Almacén General,92,7383.98
1195,8030,MFT R42 2M1,Vita,Almacén General,45,3573.54
1196,8033,MFT R42 2M2,Vita,Almacén General,100,8167.25
1197,8036,MFT R42 3L1.5,Vita,Almacén General,109,8909.66
1198,8039,MFT R42 3L2.5,Vita,Almacén General,140,11411.22
1199,8042,MFT R42 3M2,Vita,Almacén General,21,1667.67
1200,8045,MFT R42 3R2.5,Vita,Almacén General,12,952.69
1201,8048,MFT R42 4M2,Vita,Almacén General,21,1659.44
1202,8051,MFT R45 0M3,Vita,Almacén General,18,1488.77
1203,8054,MFT R45 1M1,Vita,Almacén General,8,637.24
1204,8057,MFT R45 2L1.5,Vita,Almacén General,7,555.89
1205,8063,MFT R45 2M2,Vita,Almacén General,138,10958.92
1206,8069,MFT R45 3L2.5,Vita,Almacén General,42,3407.35
1207,8072,MFT R45 3M2,Vita,Almacén General,121,9900.98
1208,8084,MFT R47 1M1,Vita,Almacén General,10,824.67
1209,8087,MFT R47 2L1.5,Vita,Almacén General,33,2622.57
1210,8093,MFT R47 2M2,Vita,Almacén General,112,8900.92
1211,8099,MFT R47 3L2.5,Vita,Almacén General,58,4707.71
1212,8102,MFT R47 3M2,Vita,Almacén General,98,8091.39
1213,8111,MFT S47 0M3,Vita,Almacén General,32,2500.72
1214,8114,MFT S47 1M1,Vita,Almacén General,14,1102.9
1215,8117,MFT S47 2L1.5,Vita,Almacén General,31,2474.5
1216,8120,MFT S47 2M1,Vita,Almacén General,12,974.46
1217,8123,MFT S47 2M2,Vita,Almacén General,102,8110.53
1218,8126,MFT S47 3L1.5,Vita,Almacén General,5,408.7
1219,8129,MFT S47 3L2.5,Vita,Almacén General,66,5394.84
1220,8132,MFT S47 3M2,Vita,Almacén General,50,4039.14
1221,8141,MFT S50 0M3,Vita,Almacén General,26,2207.75
1222,8144,MFT S50 1M1,Vita,Almacén General,10,794.12
1223,8147,MFT S50 2L1.5,Vita,Almacén General,40,3179.82
1224,8150,MFT S50 2M1,Vita,Almacén General,33,2620.6
1225,8153,MFT S50 2M2,Vita,Almacén General,116,9556.32
1226,8159,MFT S50 3L2.5,Vita,Almacén General,42,3404.31
1227,8162,MFT S50 3M2,Vita,Almacén General,101,8355.98
1228,8171,MFT T41 0M3,Vita,Almacén General,34,2568.07
1229,8177,MFT T41 2L1.5,Vita,Almacén General,104,8372.34
1230,8180,MFT T41 2M1,Vita,Almacén General,29,2302.97
1231,8183,MFT T41 2M2,Vita,Almacén General,55,4440.96
1232,8186,MFT T41 3L1.5,Vita,Almacén General,108,8827.92
1233,8189,MFT T41 3L2.5,Vita,Almacén General,125,10186.09
1234,8192,MFT T41 3M2,Vita,Almacén General,58,4605.92
1235,8195,MFT T41 3R2.5,Vita,Almacén General,2,158.83
1236,8204,MFT T43 1M1,Vita,Almacén General,38,3084.44
1237,8207,MFT T43 2L1.5,Vita,Almacén General,16,1270.6
1238,8213,MFT T43 2M2,Vita,Almacén General,145,11550.51
1239,8216,MFT T43 3L1.5,Vita,Almacén General,7,660.69
1240,8219,MFT T43 3L2.5,Vita,Almacén General,43,3491.36
1241,8222,MFT T43 3M2,Vita,Almacén General,92,7305.93
1242,8228,MFT T43 4M2,Vita,Almacén General,2,155.95
1243,8231,MFT T46 0M3,Vita,Almacén General,5,473.97
1244,8237,MFT T46 2L1.5,Vita,Almacén General,14,1111.78
1245,8243,MFT T46 2M2,Vita,Almacén General,148,11753.02
1246,8246,MFT T46 3L1.5,Vita,Almacén General,24,2025.37
1247,8249,MFT T46 3L2.5,Vita,Almacén General,9,718.6
1248,8252,MFT T46 3M2,Vita,Almacén General,92,7326.65
1249,8258,MFT T46 4M2,Vita,Almacén General,60,4652.7
1250,8261,MFT T49 0M3,Vita,Almacén General,1,72.35
1251,8264,MFT T49 1M1,Vita,Almacén General,16,1287.44
1252,8267,MFT T49 2L1.5,Vita,Almacén General,87,6836.96
1253,8270,MFT T49 2M1,Vita,Almacén General,9,714.72
1254,8273,MFT T49 2M2,Vita,Almacén General,60,4764.74
1255,8276,MFT T49 3L1.5,Vita,Almacén General,7,642.58
1256,8282,MFT T49 3M2,Vita,Almacén General,75,5955.94
1257,292787,MICRA 98 X 25MM OM1,Aidite,Almacén General,97,134400.96
1258,9185111,MILLING BUR ZIR 0.6 DC ROTO FOR AMD-500,Aidite,Almacén General,120,35777.33
1259,9185109,MILLING BUR ZIR 1.0 DC ROTO FOR AMD-500,Aidite,Almacén General,110,33119.21
1260,16522090,MILLING BUR ZIR 1.0 DC ROTO LONG FOR AMD-500,Aidite,Almacén General,13,4992.74
1261,9185107,MILLING BUR ZIR 1.5 DC FLAT FOR AMD-500,Aidite,Almacén General,3,955.93
1262,9185104,MILLING BUR ZIR 2.0 DC ROTO FOR AMD-500,Aidite,Almacén General,111,33465.17
1263,16522092,MILLING BUR ZIR 2.0 DC ROTO LONG FOR AMD-500,Aidite,Almacén General,15,5760.85
1264,54958293,MILLING MACHINE AMM-520 PRO-IN,Aidite,Almacén General,1,298628.48
1265,116781,MIXING TIPS BLUE 4:1 PACK OF 50 16990002,Anax Dent,Almacén General,5,3036.22
1266,8321,MIYO AUTUMN SPRING FLUOR PASTE 4G,Jensen,Almacén General,7,4447.93
1267,8426,MIYO ESTHETIC FINISHING SYSTEM KIT,Jensen,Almacén General,4,59077.46
1268,8420,MIYO GINGIVAL CARNATION 4G,Jensen,Almacén General,23,16208.9
1269,8366,MIYO GINGIVAL CRIMSON PASTE 4G,Jensen,Almacén General,10,6508.07
1270,87161,MIYO GINGIVAL FINISHING SYSTEM KIT,Jensen,Almacén General,1,10455.98
1271,8363,MIYO GINGIVAL FLAMINGO PASTE 4G,Jensen,Almacén General,38,26657.95
1272,8294,MIYO GINGIVAL GLAZE PASTE NO FLOUR 4G,Jensen,Almacén General,16,10875.41
1273,8375,MIYO GINGIVAL MERLOT PASTE 4G,Jensen,Almacén General,43,28392.94
1274,8411,MIYO GINGIVAL SABLE PASTE 4G,Jensen,Almacén General,11,7055.64
1275,8387,MIYO GINGIVAL SALMON PASTE 4G,Jensen,Almacén General,24,16280.16
1276,8378,MIYO GINGIVAL SORBET PASTE 4G,Jensen,Almacén General,9,5775.47
1277,8396,MIYO GINGIVAL STRUCTURE FROST PASTE 4G,Jensen,Almacén General,2,1395.07
1278,8390,MIYO GINGIVAL STRUCTURE ORCHID PASTE 4G,Jensen,Almacén General,9,5748.46
1279,8393,MIYO GINGIVAL STRUCTURE ROUGE PASTE 4G,Jensen,Almacén General,37,23510.44
1280,8414,MIYO GINGIVAL THISTLE PASTE 4G,Jensen,Almacén General,5,3177.09
1281,8384,MIYO GINGIVAL TRANS COPPER PASTE 4G,Jensen,Almacén General,10,6354.18
1282,8369,MIYO GINGIVAL TRANS MIDNIGHT PASTE 4G,Jensen,Almacén General,18,11437.51
1283,8381,MIYO GINGIVAL TRANS RASPBERRY PASTE 4G,Jensen,Almacén General,16,10443.93
1284,8423,MIYO GINGIVAL VENULE 4G,Jensen,Almacén General,5,3208.59
1285,8318,MIYO HALO SPRIN FLUOR PASTE 4G,Jensen,Almacén General,2,1409.47
1286,87155,MIYO HIGH FUSING STRUCTURE ENAMEL PASTE 4G,Jensen,Almacén General,11,7405.5
1287,87158,MIYO HIGH FUSING STRUCTURE WINDOW PASTE 4G,Jensen,Almacén General,1,646.52
1288,8300,MIYO LINEN FLUOR PASTE 4G,Jensen,Almacén General,4,2754.9
1289,8327,MIYO MAMELON CORAL FLUOR PASTE 4G,Jensen,Almacén General,4,2722.89
1290,8330,MIYO MAMELON PUMPKIN FLUOR PASTE 4G,Jensen,Almacén General,17,11314.31
1291,8324,MIYO MAMELON WHEAT FLUOR PASTE 4G,Jensen,Almacén General,12,8164.0
1292,8297,MIYO SNOW FLUOR PASTE 4G,Jensen,Almacén General,8,5331.8
1293,86186,MIYO STRUCTURE BLUSH FLUOR PASTE 4G,Jensen,Almacén General,15,9531.26
1294,8339,MIYO STRUCTURE ENAMEL FLUOR PASTE 4G,Jensen,Almacén General,7,4447.93
1295,8342,MIYO STRUCTURE GHOST FLUOR PASTE 4G,Jensen,Almacén General,10,6354.18
1296,8336,MIYO STRUCTURE ICE FLUOR PASTE 4G,Jensen,Almacén General,14,8895.84
1297,8333,MIYO STRUCTURE WINDOW FLUOR PASTE 4G,Jensen,Almacén General,10,6820.55
1298,8315,MIYO TRANS CLEMENTINE FLUOR PASTE 4G,Jensen,Almacén General,34,24338.69
1299,8402,MIYO TRANS COBALT FLUOR PASTE 4G,Jensen,Almacén General,15,10216.19
1300,8309,MIYO TRANS LOTUS FLUOR PASTE 4G,Jensen,Almacén General,10,6354.17
1301,8348,MIYO TRANS LUMIN FLUOR PASTE 4G,Jensen,Almacén General,39,28396.09
1302,8408,MIYO TRANS LUMIN PLUS FLUOR PASTE 4G,Jensen,Almacén General,14,8934.04
1303,17424669,MIYO TRANS MOSS FLUOR PASTE 4G,Jensen,Almacén General,4,2674.86
1304,17424666,MIYO TRANS NIGHT FLUOR PASTE 4G,Jensen,Almacén General,2,1337.42
1305,8351,MIYO TRANS SHADE A FLUOR PASTE 4G,Jensen,Almacén General,44,27958.35
1306,8354,MIYO TRANS SHADE B FLUOR PASTE 4G,Jensen,Almacén General,34,23210.86
1307,8357,MIYO TRANS SHADE C FLUOR PASTE 4G,Jensen,Almacén General,21,13634.9
1308,8360,MIYO TRANS SHADE D FLUOR PASTE 4G,Jensen,Almacén General,4,2541.66
1309,8405,MIYO TRANS SLATE FLUOR PASTE 4G,Jensen,Almacén General,29,20445.79
1310,8345,MIYO TRANS SMOKE FLUOR PASTE 4G,Jensen,Almacén General,26,17193.26
1311,8306,MIYO TRANS STORM FLUOR PASTE 4G,Jensen,Almacén General,12,8453.84
1312,8312,MIYO TRANS STRAW FLUOR PASTE 4G,Jensen,Almacén General,12,7625.01
1313,8417,MIYO TRANS SUNFLOWER 4G,Jensen,Almacén General,8,5637.88
1314,116797,MOCK UP DIRECT DENTIN FLOW A1 2G,Anax Dent,Almacén General,10,4339.0
1315,249132,MOCK UP DIRECT DENTINPASTE A1 4G,Anax Dent,Almacén General,9,4688.15
1316,249136,MOCK UP DIRECT DENTIN PASTE B1 4G,Anax Dent,Almacén General,10,5208.98
1317,103865,MOCK UP DIRECT KIT FLOW,Anax Dent,Almacén General,13,15513.81
1318,103868,MOCK UP DIRECT KIT PASTE,Anax Dent,Almacén General,2,3260.16
1319,103873,MOCK UP SET A1,Anax Dent,Almacén General,16,47229.15
1320,103877,MOCK UP SET A2,Anax Dent,Almacén General,2,6311.74
1321,3881,MODELCAST S LIQUID 1000ML,Scheftner,Almacén General,24,2712.98
1322,3884,MODELCAST S LIQUID 5000ML,Scheftner,Almacén General,96,102307.51
1323,297492,MODELIING LIQUID LOW FUSING ML L 50ML,Creation,Almacén General,27,4510.48
1324,8441,"MODELLING FLUID (NARANJA, VMK) 250ML",Vita,Almacén General,10,4493.68
1325,8444,"MODELLING FLUID (NARANJA, VMK) 50ML",Vita,Almacén General,23,2716.87
1326,8435,MODELLING FLUID RS (ROSA) 250ML,Vita,Almacén General,2,1239.35
1327,8438,MODELLING FLUID RS (ROSA) 50ML,Vita,Almacén General,61,6563.64
1328,297489,MODELLING LIQUID HIGH FUSING ML H 50ML,Creation,Almacén General,4,668.23
1329,140707,MODEL TABLE STAINLESS STEEL,Schick,Almacén General,2,13343.5
1330,8432,MODISOL SEP PEN CERAMIC GAINST PLASTER,Vita,Almacén General,7,4262.41
1331,297504,MOISTURING FLUID 25ML,Creation,Almacén General,2,1341.65
1332,304363,MONITOR PARA EQUIPO NS,Cyberpuerta,Almacén General,3,5172.42
1333,43825407,MOTOR ENCODER SPINDLE (X-AXIS) MATRON BC,Amann Girrbach,Almacén General,2,11966.48
1334,43825412,MOTOR ENCODER SPINDLE (Y-AXIS) MATRON BC,Amann Girrbach,Almacén General,2,11966.48
1335,43825416,MOTOR ENCODER WELLE (Z-ACHS) MATRON BC,Amann Girrbach,Almacén General,2,11966.48
1336,3971,MUFLA DE DUPLICAR GIROFORM,Amann Girrbach,Almacén General,5,20224.35
1337,103845,NEW OUTLINE INTRO KIT,Anax Dent,Almacén General,26,26312.69
1338,6150073,NEW SUPERFECT ZIR PM 14MM A1,Aidite,Almacén General,432,246838.02
1339,6150080,NEW SUPERFECT ZIR PM 14MM A2,Aidite,Almacén General,457,261131.17
1340,6150084,NEW SUPERFECT ZIR PM 14MM A3,Aidite,Almacén General,29,16557.98
1341,6150104,NEW SUPERFECT ZIR PM 16MM A1,Aidite,Almacén General,290,165578.77
1342,6150108,NEW SUPERFECT ZIR PM 16MM A2,Aidite,Almacén General,108,61712.98
1343,6150088,NEW SUPERFECT ZIR PM 16MM B1,Aidite,Almacén General,20,11427.74
1344,6150096,NEW SUPERFECT ZIR PM 18MM A1,Aidite,Almacén General,70,47972.71
1345,6150100,NEW SUPERFECT ZIR PM 18MM A2,Aidite,Almacén General,4,2742.32
1346,3530,NOFLAME PLUS,Amann Girrbach,Almacén General,3,20007.09
1347,80595,NOUSAR BASIC ECO,Renfert,Almacén General,1,12068.97
1348,8477,"OPAQUE FLUID (AMARILLO, VMK) 250ML",Vita,Almacén General,4,1815.7
1349,297495,OPAQUE LIQUID HIGH FUSING OL H 25ML,Creation,Almacén General,14,1893.36
1350,103861,OUTLINE BONDING FLUID 10ML,Anax Dent,Almacén General,4,5211.67
1351,116700,OUTLINE DENTIN A1 100G,Anax Dent,Almacén General,18,19673.37
1352,116710,OUTLINE DENTIN A2 100G,Anax Dent,Almacén General,14,14836.6
1353,116714,OUTLINE DENTIN A3 100G,Anax Dent,Almacén General,1,993.34
1354,116694,OUTLINE DENTIN AB BLEACH F 100G,Anax Dent,Almacén General,15,16892.6
1355,116719,OUTLINE DENTIN B1 100G,Anax Dent,Almacén General,2,1986.68
1356,249112,OUTLINE INCISAL HIGH VALUE 100G,Anax Dent,Almacén General,2,2385.14
1357,116731,OUTLINE INCISAL LOW VALUE 100G,Anax Dent,Almacén General,4,4451.53
1358,116727,OUTLINE INCISAL MEDIUM VALUE 100G,Anax Dent,Almacén General,11,11474.63
1359,116735,OUTLINE LIQUID 100ML,Anax Dent,Almacén General,13,12931.77
1360,116739,OUTLINE LIQUID 250ML,Anax Dent,Almacén General,3,5406.28
1361,103858,OUTLINE SKIN GLAZE 10ML,Anax Dent,Almacén General,4,2039.49
1362,103855,OUTLINE SKIN PRIMER 10ML,Anax Dent,Almacén General,3,1411.81
1363,103848,OUTLINE STARTER KIT S,Anax Dent,Almacén General,5,40144.89
1364,103852,OUTLINE STARTER KIT XL,Anax Dent,Almacén General,2,25860.11
1365,116723,OUTLINE TRASNPA CLEAR 100G,Anax Dent,Almacén General,3,3338.65
1366,8486,PAN CUSPIFORM 40C INFERIOR 2M1,Vita,Almacén General,4,799.4
1367,8489,PAN CUSPIFORM 40C INFERIOR 2M2,Vita,Almacén General,5,999.25
1368,8492,PAN CUSPIFORM 40C INFERIOR 3M2,Vita,Almacén General,5,999.25
1369,8495,PAN CUSPIFORM 40C SUPERIOR 2M1,Vita,Almacén General,2,399.7
1370,8498,PAN CUSPIFORM 40C SUPERIOR 2M2,Vita,Almacén General,5,999.25
1371,8501,PAN CUSPIFORM 40C SUPERIOR 3M2,Vita,Almacén General,5,999.25
1372,8504,PAN CUSPIFORM 41C INFERIOR 2M1,Vita,Almacén General,5,999.25
1373,8507,PAN CUSPIFORM 41C INFERIOR 2M2,Vita,Almacén General,4,799.4
1374,8510,PAN CUSPIFORM 41C INFERIOR 3M2,Vita,Almacén General,5,999.0
1375,8513,PAN CUSPIFORM 41C SUPERIOR 2M1,Vita,Almacén General,5,999.25
1376,8516,PAN CUSPIFORM 41C SUPERIOR 2M2,Vita,Almacén General,4,799.4
1377,8519,PAN CUSPIFORM 41C SUPERIOR 3M2,Vita,Almacén General,5,999.0
1378,8522,PAN CUSPIFORM 42C INFERIOR 2M1,Vita,Almacén General,10,1998.5
1379,8525,PAN CUSPIFORM 42C INFERIOR 2M2,Vita,Almacén General,9,1798.65
1380,8528,PAN CUSPIFORM 42C INFERIOR 3M2,Vita,Almacén General,10,1998.0
1381,8531,PAN CUSPIFORM 42C SUPERIOR 2M1,Vita,Almacén General,10,1998.5
1382,8534,PAN CUSPIFORM 42C SUPERIOR 2M2,Vita,Almacén General,10,1998.5
1383,8537,PAN CUSPIFORM 42C SUPERIOR 3M2,Vita,Almacén General,10,1998.0
1384,8540,PAN CUSPIFORM 43C INFERIOR 2M1,Vita,Almacén General,5,999.25
1385,8543,PAN CUSPIFORM 43C INFERIOR 2M2,Vita,Almacén General,10,1998.5
1386,8546,PAN CUSPIFORM 43C INFERIOR 3M2,Vita,Almacén General,10,1998.0
1387,8549,PAN CUSPIFORM 43C SUPERIOR 2M1,Vita,Almacén General,10,1998.5
1388,8552,PAN CUSPIFORM 43C SUPERIOR 2M2,Vita,Almacén General,10,1998.5
1389,8555,PAN CUSPIFORM 43C SUPERIOR 3M2,Vita,Almacén General,10,1998.0
1390,8558,PAN CUSPIFORM 44C INFERIOR 2M1,Vita,Almacén General,4,799.4
1391,8561,PAN CUSPIFORM 44C INFERIOR 2M2,Vita,Almacén General,5,999.25
1392,8567,PAN CUSPIFORM 44C SUPERIOR 2M1,Vita,Almacén General,4,799.4
1393,8570,PAN CUSPIFORM 44C SUPERIOR 2M2,Vita,Almacén General,5,999.25
1394,8573,PAN CUSPIFORM 44C SUPERIOR 3M2,Vita,Almacén General,5,999.0
1395,8576,PAN CUSPIFORM 45C INFERIOR 2M1,Vita,Almacén General,4,799.4
1396,8579,PAN CUSPIFORM 45C INFERIOR 2M2,Vita,Almacén General,3,599.55
1397,8582,PAN CUSPIFORM 45C INFERIOR 3M2,Vita,Almacén General,5,999.0
1398,8585,PAN CUSPIFORM 45C SUPERIOR 2M1,Vita,Almacén General,4,799.4
1399,8588,PAN CUSPIFORM 45C SUPERIOR 2M2,Vita,Almacén General,3,599.55
1400,8591,PAN CUSPIFORM 45C SUPERIOR 3M2,Vita,Almacén General,5,999.0
1401,8594,PAN EXCELL L33 A1,Vita,Almacén General,2,427.35
1402,8597,PAN EXCELL L33 A2,Vita,Almacén General,4,982.86
1403,8600,PAN EXCELL L33 A3,Vita,Almacén General,8,1157.14
1404,8609,PAN EXCELL L35 A3,Vita,Almacén General,7,899.56
1405,8612,PAN EXCELL L37 A1,Vita,Almacén General,3,737.14
1406,8618,PAN EXCELL L37 A3,Vita,Almacén General,9,1275.43
1407,8627,PAN EXCELL L39 A3,Vita,Almacén General,15,1988.83
1408,8630,PAN EXCELL L41 A1,Vita,Almacén General,9,1301.79
1409,8633,PAN EXCELL L41 A2,Vita,Almacén General,5,786.79
1410,8636,PAN EXCELL L41 A3,Vita,Almacén General,24,3163.32
1411,8639,PAN EXCELL O41 A1,Vita,Almacén General,9,1285.09
1412,8642,PAN EXCELL O41 A2,Vita,Almacén General,20,2661.43
1413,8645,PAN EXCELL O41 A3,Vita,Almacén General,12,1807.61
1414,8648,PAN EXCELL O43 A1,Vita,Almacén General,11,1988.14
1415,8651,PAN EXCELL O43 A2,Vita,Almacén General,16,2128.52
1416,8654,PAN EXCELL O43 A3,Vita,Almacén General,24,3182.14
1417,8657,PAN EXCELL O45 A1,Vita,Almacén General,2,289.29
1418,8660,PAN EXCELL O45 A2,Vita,Almacén General,11,1558.86
1419,8663,PAN EXCELL O45 A3,Vita,Almacén General,23,3040.17
1420,8666,PAN EXCELL O47 A1,Vita,Almacén General,13,2725.66
1421,8669,PAN EXCELL O47 A2,Vita,Almacén General,18,2490.38
1422,8672,PAN EXCELL O47 A3,Vita,Almacén General,24,3304.53
1423,8675,PAN EXCELL O49 A1,Vita,Almacén General,10,1427.88
1424,8678,PAN EXCELL O49 A2,Vita,Almacén General,19,2536.8
1425,8681,PAN EXCELL O49 A3,Vita,Almacén General,23,3040.17
1426,8684,PAN EXCELL O51 A1,Vita,Almacén General,20,3836.02
1427,8687,PAN EXCELL O51 A2,Vita,Almacén General,21,2793.69
1428,8693,PAN EXCELL R45 A1,Vita,Almacén General,7,1028.07
1429,8696,PAN EXCELL R45 A2,Vita,Almacén General,15,2029.1
1430,8699,PAN EXCELL R45 A3,Vita,Almacén General,15,2019.43
1431,8702,PAN EXCELL R47 A1,Vita,Almacén General,4,623.07
1432,8705,PAN EXCELL R47 A2,Vita,Almacén General,15,1988.83
1433,8708,PAN EXCELL R47 A3,Vita,Almacén General,21,2784.37
1434,8711,PAN EXCELL R49 A1,Vita,Almacén General,9,1739.21
1435,8714,PAN EXCELL R49 A2,Vita,Almacén General,18,2386.6
1436,8717,PAN EXCELL R49 A3,Vita,Almacén General,17,2254.01
1437,8720,PAN EXCELL S46 A1,Vita,Almacén General,13,2385.72
1438,8723,PAN EXCELL S46 A2,Vita,Almacén General,22,3015.13
1439,8726,PAN EXCELL S46 A3,Vita,Almacén General,22,2907.99
1440,8729,PAN EXCELL T42 A1,Vita,Almacén General,10,1835.17
1441,8732,PAN EXCELL T42 A2,Vita,Almacén General,18,2385.88
1442,8735,PAN EXCELL T42 A3,Vita,Almacén General,21,2891.46
1443,8738,PAN EXCELL T44 A1,Vita,Almacén General,11,2042.42
1444,8741,PAN EXCELL T44 A2,Vita,Almacén General,9,1360.68
1445,8744,PAN EXCELL T44 A3,Vita,Almacén General,15,2051.83
1446,8747,PAN EXCELL T46 A1,Vita,Almacén General,9,1655.27
1447,8750,PAN EXCELL T46 A2,Vita,Almacén General,10,1340.15
1448,8753,PAN EXCELL T46 A3,Vita,Almacén General,14,1862.46
1449,8756,PAN EXCELL T47 A1,Vita,Almacén General,13,2368.22
1450,8759,PAN EXCELL T47 A2,Vita,Almacén General,15,2073.14
1451,8762,PAN EXCELL T47 A3,Vita,Almacén General,19,2642.51
1452,8765,PAN EXCELL T48 A1,Vita,Almacén General,8,1587.8
1453,8768,PAN EXCELL T48 A2,Vita,Almacén General,15,1981.87
1454,8771,PAN EXCELL T48 A3,Vita,Almacén General,19,2628.73
1455,8774,PAN EXCELL T50 A1,Vita,Almacén General,10,1427.88
1456,8777,PAN EXCELL T50 A2,Vita,Almacén General,12,1602.18
1457,8780,PAN EXCELL T50 A3,Vita,Almacén General,18,2490.38
1458,8783,PAN EXCELL T54 A1,Vita,Almacén General,9,1285.09
1459,8786,PAN EXCELL T54 A2,Vita,Almacén General,22,2899.71
1460,8789,PAN EXCELL T54 A3,Vita,Almacén General,22,2692.58
1461,8792,PAN SYNOFORM 10S INFERIOR A2,Vita,Almacén General,4,758.08
1462,8795,PAN SYNOFORM 10S INFERIOR A3,Vita,Almacén General,10,1895.2
1463,8798,PAN SYNOFORM 10S INFERIOR A3.5,Vita,Almacén General,10,1892.0
1464,8801,PAN SYNOFORM 10S INFERIOR A4,Vita,Almacén General,10,1892.0
1465,8804,PAN SYNOFORM 10S INFERIOR C2,Vita,Almacén General,9,1702.8
1466,8807,PAN SYNOFORM 10S SUPERIOR A2,Vita,Almacén General,4,758.08
1467,8810,PAN SYNOFORM 10S SUPERIOR A3,Vita,Almacén General,10,1895.2
1468,8813,PAN SYNOFORM 10S SUPERIOR A3.5,Vita,Almacén General,10,1892.0
1469,8816,PAN SYNOFORM 10S SUPERIOR A4,Vita,Almacén General,10,1892.0
1470,8819,PAN SYNOFORM 10S SUPERIOR C2,Vita,Almacén General,9,1702.8
1471,8822,PAN SYNOFORM 11S INFERIOR A2,Vita,Almacén General,2,379.04
1472,8825,PAN SYNOFORM 11S INFERIOR A3,Vita,Almacén General,10,1895.2
1473,8828,PAN SYNOFORM 11S INFERIOR A3.5,Vita,Almacén General,10,1892.0
1474,8831,PAN SYNOFORM 11S INFERIOR A4,Vita,Almacén General,10,1892.0
1475,8834,PAN SYNOFORM 11S INFERIOR C2,Vita,Almacén General,10,1892.0
1476,8837,PAN SYNOFORM 11S SUPERIOR A2,Vita,Almacén General,1,189.52
1477,8840,PAN SYNOFORM 11S SUPERIOR A3,Vita,Almacén General,9,1705.68
1478,8843,PAN SYNOFORM 11S SUPERIOR A3.5,Vita,Almacén General,10,1892.0
1479,8846,PAN SYNOFORM 11S SUPERIOR A4,Vita,Almacén General,10,1892.0
1480,8849,PAN SYNOFORM 11S SUPERIOR C2,Vita,Almacén General,10,1892.0
1481,8852,PAN SYNOFORM 12S INFERIOR A2,Vita,Almacén General,4,866.38
1482,8855,PAN SYNOFORM 12S INFERIOR A3,Vita,Almacén General,7,1324.4
1483,8858,PAN SYNOFORM 12S INFERIOR A3.5,Vita,Almacén General,10,1892.0
1484,8861,PAN SYNOFORM 12S INFERIOR A4,Vita,Almacén General,10,1892.0
1485,8864,PAN SYNOFORM 12S INFERIOR C2,Vita,Almacén General,10,1892.0
1486,8867,PAN SYNOFORM 12S SUPERIOR A2,Vita,Almacén General,3,663.32
1487,8870,PAN SYNOFORM 12S SUPERIOR A3,Vita,Almacén General,9,1702.8
1488,8873,PAN SYNOFORM 12S SUPERIOR A3.5,Vita,Almacén General,10,1892.0
1489,8876,PAN SYNOFORM 12S SUPERIOR A4,Vita,Almacén General,10,1892.0
1490,8879,PAN SYNOFORM 12S SUPERIOR C2,Vita,Almacén General,10,1892.0
1491,8885,PAN SYNOFORM 13S INFERIOR A2,Vita,Almacén General,8,1516.16
1492,8888,PAN SYNOFORM 13S INFERIOR A3,Vita,Almacén General,10,1892.0
1493,8891,PAN SYNOFORM 13S INFERIOR A3.5,Vita,Almacén General,10,1892.0
1494,8894,PAN SYNOFORM 13S INFERIOR A4,Vita,Almacén General,10,1892.0
1495,8897,PAN SYNOFORM 13S INFERIOR C2,Vita,Almacén General,10,1892.0
1496,8900,PAN SYNOFORM 13S SUPERIOR A2,Vita,Almacén General,7,1326.64
1497,8903,PAN SYNOFORM 13S SUPERIOR A3,Vita,Almacén General,10,1892.0
1498,8906,PAN SYNOFORM 13S SUPERIOR A3.5,Vita,Almacén General,10,1892.0
1499,8909,PAN SYNOFORM 13S SUPERIOR A4,Vita,Almacén General,10,1892.0
1500,8912,PAN SYNOFORM 13S SUPERIOR C2,Vita,Almacén General,10,1892.0
1501,8915,PAN SYNOFORM 14S INFERIOR A2,Vita,Almacén General,6,1138.65
1502,8921,PAN SYNOFORM 14S INFERIOR A3.5,Vita,Almacén General,8,1513.6
1503,8924,PAN SYNOFORM 14S INFERIOR A4,Vita,Almacén General,10,1892.0
1504,8927,PAN SYNOFORM 14S INFERIOR C2,Vita,Almacén General,10,1892.0
1505,8930,PAN SYNOFORM 14S SUPERIOR A2,Vita,Almacén General,6,1138.65
1506,8933,PAN SYNOFORM 14S SUPERIOR A3,Vita,Almacén General,10,1892.0
1507,8936,PAN SYNOFORM 14S SUPERIOR A3.5,Vita,Almacén General,7,1324.4
1508,8939,PAN SYNOFORM 14S SUPERIOR A4,Vita,Almacén General,10,1892.0
1509,8942,PAN SYNOFORM 14S SUPERIOR C2,Vita,Almacén General,9,1702.8
1510,63105448,PAQUETE DE ACCESORIOS MATIK,Amann Girrbach,Almacén General,1,19924.2
1511,3842,PASTA FLUX SPECIAL SOLDERING PASTE JELE,Scheftner,Almacén General,3,1214.04
1512,103959,PASTA GRIGIA I,Anax Dent,Almacén General,25,12291.3
1513,103962,PASTA GRIGIA II,Anax Dent,Almacén General,19,11826.52
1514,103956,PASTA ROSSA 3G,Anax Dent,Almacén General,97,43058.11
1515,3995,PASTEBRUSH 2 PCS 2.4,Amann Girrbach,Almacén General,3,2183.7
1516,3608,PERFORADOS SINTERIZADOS SINTROM,Amann Girrbach,Almacén General,3,2406.87
1517,209524,PH FUENTE DE ALIMENTACION MINI 4K,Phrozen,Almacén General,3,897.26
1518,116749,PHROZEN WASH & CURE KIT,Phrozen,Almacén General,1,4989.97
1519,294792,PHROZEN WASH + POST PRINTING CLEANER,Phrozen,Almacén General,41,347949.08
1520,117518,PH TAPA DE PLASTICO MINI 4K,Phrozen,Almacén General,2,1288.38
1521,206778,PH TAPA DE PLASTICO MINI 8K,Phrozen,Almacén General,2,2024.6
1522,206802,PH TAPA DE PLASTICO PARA MIGHTY 8K,Phrozen,Almacén General,2,2070.61
1523,210369,PH WATER WASHABLE RESIN GRAY,Phrozen,Almacén General,113,61353.91
1524,8945,PHYSIODENS 20E INFERIOR 1M1,Vita,Almacén General,14,3317.39
1525,8948,PHYSIODENS 20E INFERIOR 1M2,Vita,Almacén General,4,974.96
1526,8951,PHYSIODENS 20E INFERIOR 2L1.5,Vita,Almacén General,3,697.3
1527,8954,PHYSIODENS 20E INFERIOR 2L2.5,Vita,Almacén General,9,2193.66
1528,8957,PHYSIODENS 20E INFERIOR 2M1,Vita,Almacén General,3,690.52
1529,8960,PHYSIODENS 20E INFERIOR 2M2,Vita,Almacén General,1,289.19
1530,8963,PHYSIODENS 20E INFERIOR 2M3,Vita,Almacén General,3,731.22
1531,8966,PHYSIODENS 20E INFERIOR 2R1.5,Vita,Almacén General,6,1462.44
1532,8969,PHYSIODENS 20E INFERIOR 2R2.5,Vita,Almacén General,9,2193.66
1533,8972,PHYSIODENS 20E INFERIOR 3L1.5,Vita,Almacén General,5,1218.7
1534,8975,PHYSIODENS 20E INFERIOR 3L2.5,Vita,Almacén General,8,1949.92
1535,8978,PHYSIODENS 20E INFERIOR 3M1,Vita,Almacén General,6,1462.44
1536,8981,PHYSIODENS 20E INFERIOR 3M2,Vita,Almacén General,2,619.2
1537,8984,PHYSIODENS 20E INFERIOR 3R1.5,Vita,Almacén General,10,2437.4
1538,8987,PHYSIODENS 20E INFERIOR 3R2.5,Vita,Almacén General,7,1706.18
1539,8990,PHYSIODENS 20E INFERIOR 4M2,Vita,Almacén General,6,1462.44
1540,8993,PHYSIODENS 20E SUPERIOR 1M1,Vita,Almacén General,16,3899.84
1541,8996,PHYSIODENS 20E SUPERIOR 1M2,Vita,Almacén General,8,1949.92
1542,8999,PHYSIODENS 20E SUPERIOR 2L1.5,Vita,Almacén General,5,1453.92
1543,9002,PHYSIODENS 20E SUPERIOR 2L2.5,Vita,Almacén General,10,2437.4
1544,9005,PHYSIODENS 20E SUPERIOR 2M1,Vita,Almacén General,4,974.96
1545,9008,PHYSIODENS 20E SUPERIOR 2M2,Vita,Almacén General,7,2167.18
1546,9011,PHYSIODENS 20E SUPERIOR 2M3,Vita,Almacén General,3,731.22
1547,9014,PHYSIODENS 20E SUPERIOR 2R1.5,Vita,Almacén General,6,1462.44
1548,9017,PHYSIODENS 20E SUPERIOR 2R2.5,Vita,Almacén General,7,1706.18
1549,9020,PHYSIODENS 20E SUPERIOR 3L1.5,Vita,Almacén General,12,2924.88
1550,9023,PHYSIODENS 20E SUPERIOR 3L2.5,Vita,Almacén General,5,1218.7
1551,9026,PHYSIODENS 20E SUPERIOR 3M1,Vita,Almacén General,12,2924.88
1552,9029,PHYSIODENS 20E SUPERIOR 3M2,Vita,Almacén General,1,309.6
1553,9032,PHYSIODENS 20E SUPERIOR 3R1.5,Vita,Almacén General,10,2437.4
1554,9035,PHYSIODENS 20E SUPERIOR 3R2.5,Vita,Almacén General,9,2193.66
1555,9038,PHYSIODENS 20E SUPERIOR 4M2,Vita,Almacén General,6,1462.44
1556,9041,PHYSIODENS 21E INFERIOR 0M3,Vita,Almacén General,1,254.05
1557,9047,PHYSIODENS 21E INFERIOR 1M2,Vita,Almacén General,5,1548.0
1558,9050,PHYSIODENS 21E INFERIOR 2L1.5,Vita,Almacén General,8,2432.44
1559,9053,PHYSIODENS 21E INFERIOR 2L2.5,Vita,Almacén General,6,1462.44
1560,9062,PHYSIODENS 21E INFERIOR 2M3,Vita,Almacén General,7,1638.36
1561,9065,PHYSIODENS 21E INFERIOR 2R1.5,Vita,Almacén General,4,1013.1
1562,9068,PHYSIODENS 21E INFERIOR 2R2.5,Vita,Almacén General,2,487.48
1563,9071,PHYSIODENS 21E INFERIOR 3L1.5,Vita,Almacén General,8,1851.26
1564,9074,PHYSIODENS 21E INFERIOR 3L2.5,Vita,Almacén General,4,974.96
1565,9077,PHYSIODENS 21E INFERIOR 3M1,Vita,Almacén General,3,765.54
1566,9080,PHYSIODENS 21E INFERIOR 3M2,Vita,Almacén General,2,624.76
1567,9083,PHYSIODENS 21E INFERIOR 3R1.5,Vita,Almacén General,8,1949.92
1568,9086,PHYSIODENS 21E INFERIOR 3R2.5,Vita,Almacén General,2,462.81
1569,9089,PHYSIODENS 21E INFERIOR 4M2,Vita,Almacén General,10,2340.51
1570,9092,PHYSIODENS 21E SUPERIOR 0M3,Vita,Almacén General,1,253.27
1571,9095,PHYSIODENS 21E SUPERIOR 1M1,Vita,Almacén General,9,2599.69
1572,9098,PHYSIODENS 21E SUPERIOR 1M2,Vita,Almacén General,4,1203.9
1573,9104,PHYSIODENS 21E SUPERIOR 2L2.5,Vita,Almacén General,4,1022.52
1574,9113,PHYSIODENS 21E SUPERIOR 2M3,Vita,Almacén General,3,690.52
1575,9116,PHYSIODENS 21E SUPERIOR 2R1.5,Vita,Almacén General,4,929.74
1576,9119,PHYSIODENS 21E SUPERIOR 2R2.5,Vita,Almacén General,8,1859.49
1577,9122,PHYSIODENS 21E SUPERIOR 3L1.5,Vita,Almacén General,1,243.74
1578,9125,PHYSIODENS 21E SUPERIOR 3L2.5,Vita,Almacén General,9,2071.57
1579,9128,PHYSIODENS 21E SUPERIOR 3M1,Vita,Almacén General,1,247.52
1580,9134,PHYSIODENS 21E SUPERIOR 3R1.5,Vita,Almacén General,9,2193.66
1581,9137,PHYSIODENS 21E SUPERIOR 3R2.5,Vita,Almacén General,1,230.17
1582,9143,PHYSIODENS 22E INFERIOR 0M3,Vita,Almacén General,11,2781.98
1583,9152,PHYSIODENS 22E INFERIOR 2L1.5,Vita,Almacén General,3,759.82
1584,9155,PHYSIODENS 22E INFERIOR 2L2.5,Vita,Almacén General,7,2007.42
1585,9164,PHYSIODENS 22E INFERIOR 2M3,Vita,Almacén General,2,470.53
1586,9167,PHYSIODENS 22E INFERIOR 2R1.5,Vita,Almacén General,4,944.82
1587,9170,PHYSIODENS 22E INFERIOR 2R2.5,Vita,Almacén General,4,947.83
1588,9176,PHYSIODENS 22E INFERIOR 3L2.5,Vita,Almacén General,9,2193.66
1589,9179,PHYSIODENS 22E INFERIOR 3M1,Vita,Almacén General,4,920.7
1590,9182,PHYSIODENS 22E INFERIOR 3M2,Vita,Almacén General,1,309.6
1591,9185,PHYSIODENS 22E INFERIOR 3R1.5,Vita,Almacén General,6,1462.44
1592,9188,PHYSIODENS 22E INFERIOR 3R2.5,Vita,Almacén General,1,230.17
1593,9191,PHYSIODENS 22E INFERIOR 4M2,Vita,Almacén General,5,1170.25
1594,9194,PHYSIODENS 22E SUPERIOR 0M3,Vita,Almacén General,14,3412.36
1595,9197,PHYSIODENS 22E SUPERIOR 1M1,Vita,Almacén General,1,286.03
1596,9200,PHYSIODENS 22E SUPERIOR 1M2,Vita,Almacén General,15,3985.4
1597,9203,PHYSIODENS 22E SUPERIOR 2L1.5,Vita,Almacén General,7,1706.18
1598,9206,PHYSIODENS 22E SUPERIOR 2L2.5,Vita,Almacén General,5,1473.0
1599,9218,PHYSIODENS 22E SUPERIOR 2R1.5,Vita,Almacén General,4,1020.72
1600,9221,PHYSIODENS 22E SUPERIOR 2R2.5,Vita,Almacén General,4,1238.4
1601,9224,PHYSIODENS 22E SUPERIOR 3L1.5,Vita,Almacén General,7,1706.18
1602,9227,PHYSIODENS 22E SUPERIOR 3L2.5,Vita,Almacén General,25,6093.5
1603,9230,PHYSIODENS 22E SUPERIOR 3M1,Vita,Almacén General,5,1447.07
1604,9236,PHYSIODENS 22E SUPERIOR 3R1.5,Vita,Almacén General,12,2924.88
1605,9239,PHYSIODENS 22E SUPERIOR 3R2.5,Vita,Almacén General,4,1238.4
1606,9242,PHYSIODENS 22E SUPERIOR 4M2,Vita,Almacén General,2,487.48
1607,9245,PHYSIODENS 23E INFERIOR 0M3,Vita,Almacén General,5,1548.0
1608,9248,PHYSIODENS 23E INFERIOR 1M1,Vita,Almacén General,3,899.05
1609,9251,PHYSIODENS 23E INFERIOR 1M2,Vita,Almacén General,4,1198.74
1610,9257,PHYSIODENS 23E INFERIOR 2L2.5,Vita,Almacén General,1,243.74
1611,9266,PHYSIODENS 23E INFERIOR 2M3,Vita,Almacén General,3,702.15
1612,9269,PHYSIODENS 23E INFERIOR 2R1.5,Vita,Almacén General,4,974.96
1613,9272,PHYSIODENS 23E INFERIOR 2R2.5,Vita,Almacén General,6,1411.57
1614,9275,PHYSIODENS 23E INFERIOR 3L1.5,Vita,Almacén General,5,1170.25
1615,9278,PHYSIODENS 23E INFERIOR 3L2.5,Vita,Almacén General,3,731.22
1616,9281,PHYSIODENS 23E INFERIOR 3M1,Vita,Almacén General,3,899.05
1617,9287,PHYSIODENS 23E INFERIOR 3R1.5,Vita,Almacén General,7,1706.18
1618,9290,PHYSIODENS 23E INFERIOR 3R2.5,Vita,Almacén General,2,510.36
1619,9296,PHYSIODENS 23E SUPERIOR 0M3,Vita,Almacén General,4,1020.72
1620,9299,PHYSIODENS 23E SUPERIOR 1M1,Vita,Almacén General,4,1182.93
1621,9302,PHYSIODENS 23E SUPERIOR 1M2,Vita,Almacén General,3,731.22
1622,9308,PHYSIODENS 23E SUPERIOR 2L2.5,Vita,Almacén General,2,510.36
1623,9320,PHYSIODENS 23E SUPERIOR 2R1.5,Vita,Almacén General,4,1020.72
1624,9323,PHYSIODENS 23E SUPERIOR 2R2.5,Vita,Almacén General,5,1218.7
1625,9326,PHYSIODENS 23E SUPERIOR 3L1.5,Vita,Almacén General,5,1548.0
1626,9329,PHYSIODENS 23E SUPERIOR 3L2.5,Vita,Almacén General,17,4143.58
1627,9332,PHYSIODENS 23E SUPERIOR 3M1,Vita,Almacén General,7,2062.2
1628,9338,PHYSIODENS 23E SUPERIOR 3R1.5,Vita,Almacén General,6,1511.47
1629,9344,PHYSIODENS 23E SUPERIOR 4M2,Vita,Almacén General,5,1466.82
1630,9347,PHYSIODENS 24E INFERIOR 0M3,Vita,Almacén General,1,243.74
1631,9350,PHYSIODENS 24E INFERIOR 1M1,Vita,Almacén General,25,6093.5
1632,9356,PHYSIODENS 24E INFERIOR 2L1.5,Vita,Almacén General,3,887.65
1633,9359,PHYSIODENS 24E INFERIOR 2L2.5,Vita,Almacén General,4,974.96
1634,9362,PHYSIODENS 24E INFERIOR 2M1,Vita,Almacén General,5,1150.87
1635,9365,PHYSIODENS 24E INFERIOR 2M2,Vita,Almacén General,3,900.8
1636,9368,PHYSIODENS 24E INFERIOR 2M3,Vita,Almacén General,10,2314.08
1637,9371,PHYSIODENS 24E INFERIOR 2R1.5,Vita,Almacén General,6,1462.44
1638,9374,PHYSIODENS 24E INFERIOR 2R2.5,Vita,Almacén General,6,1462.44
1639,9377,PHYSIODENS 24E INFERIOR 3L1.5,Vita,Almacén General,4,974.96
1640,9383,PHYSIODENS 24E INFERIOR 3M1,Vita,Almacén General,5,1548.0
1641,9389,PHYSIODENS 24E INFERIOR 3R1.5,Vita,Almacén General,8,1949.92
1642,9392,PHYSIODENS 24E INFERIOR 3R2.5,Vita,Almacén General,2,464.87
1643,9395,PHYSIODENS 24E INFERIOR 4M2,Vita,Almacén General,3,702.15
1644,9398,PHYSIODENS 24E SUPERIOR 0M3,Vita,Almacén General,2,464.87
1645,9401,PHYSIODENS 24E SUPERIOR 1M1,Vita,Almacén General,25,6093.5
1646,9404,PHYSIODENS 24E SUPERIOR 1M2,Vita,Almacén General,7,1627.04
1647,9407,PHYSIODENS 24E SUPERIOR 2L1.5,Vita,Almacén General,2,468.21
1648,9410,PHYSIODENS 24E SUPERIOR 2L2.5,Vita,Almacén General,4,974.96
1649,9419,PHYSIODENS 24E SUPERIOR 2M3,Vita,Almacén General,8,1841.4
1650,9422,PHYSIODENS 24E SUPERIOR 2R1.5,Vita,Almacén General,4,974.96
1651,9425,PHYSIODENS 24E SUPERIOR 2R2.5,Vita,Almacén General,6,1462.44
1652,9428,PHYSIODENS 24E SUPERIOR 3L1.5,Vita,Almacén General,3,928.8
1653,9431,PHYSIODENS 24E SUPERIOR 3L2.5,Vita,Almacén General,16,3837.96
1654,9440,PHYSIODENS 24E SUPERIOR 3R1.5,Vita,Almacén General,3,731.22
1655,9443,PHYSIODENS 24E SUPERIOR 3R2.5,Vita,Almacén General,3,690.52
1656,9446,PHYSIODENS 24E SUPERIOR 4M2,Vita,Almacén General,3,928.8
1657,9449,PHYSIODENS 25E INFERIOR 1M1,Vita,Almacén General,4,974.96
1658,9452,PHYSIODENS 25E INFERIOR 1M2,Vita,Almacén General,3,731.22
1659,9455,PHYSIODENS 25E INFERIOR 2L1.5,Vita,Almacén General,8,1949.92
1660,9458,PHYSIODENS 25E INFERIOR 2L2.5,Vita,Almacén General,14,3412.36
1661,9461,PHYSIODENS 25E INFERIOR 2M1,Vita,Almacén General,1,243.24
1662,9464,PHYSIODENS 25E INFERIOR 2M2,Vita,Almacén General,3,934.15
1663,9467,PHYSIODENS 25E INFERIOR 2M3,Vita,Almacén General,7,1706.18
1664,9470,PHYSIODENS 25E INFERIOR 2R1.5,Vita,Almacén General,7,1706.18
1665,9473,PHYSIODENS 25E INFERIOR 2R2.5,Vita,Almacén General,8,1949.92
1666,9476,PHYSIODENS 25E INFERIOR 3L1.5,Vita,Almacén General,6,1462.44
1667,9479,PHYSIODENS 25E INFERIOR 3L2.5,Vita,Almacén General,7,1646.83
1668,9482,PHYSIODENS 25E INFERIOR 3M1,Vita,Almacén General,8,1949.92
1669,9485,PHYSIODENS 25E INFERIOR 3M2,Vita,Almacén General,4,1238.4
1670,9488,PHYSIODENS 25E INFERIOR 3R1.5,Vita,Almacén General,10,2437.4
1671,9491,PHYSIODENS 25E INFERIOR 3R2.5,Vita,Almacén General,2,460.35
1672,9494,PHYSIODENS 25E INFERIOR 4M2,Vita,Almacén General,5,1218.7
1673,9497,PHYSIODENS 25E SUPERIOR 1M1,Vita,Almacén General,1,243.74
1674,9503,PHYSIODENS 25E SUPERIOR 2L1.5,Vita,Almacén General,9,2193.66
1675,9506,PHYSIODENS 25E SUPERIOR 2L2.5,Vita,Almacén General,6,1462.44
1676,9515,PHYSIODENS 25E SUPERIOR 2M3,Vita,Almacén General,7,1706.18
1677,9518,PHYSIODENS 25E SUPERIOR 2R1.5,Vita,Almacén General,8,1949.92
1678,9521,PHYSIODENS 25E SUPERIOR 2R2.5,Vita,Almacén General,8,1949.92
1679,9524,PHYSIODENS 25E SUPERIOR 3L1.5,Vita,Almacén General,2,487.48
1680,9527,PHYSIODENS 25E SUPERIOR 3L2.5,Vita,Almacén General,8,1949.92
1681,9530,PHYSIODENS 25E SUPERIOR 3M1,Vita,Almacén General,5,1218.7
1682,9536,PHYSIODENS 25E SUPERIOR 3R1.5,Vita,Almacén General,10,2437.4
1683,9539,PHYSIODENS 25E SUPERIOR 3R2.5,Vita,Almacén General,3,697.3
1684,9545,PHYSIODENS L1S 0M1,Vita,Almacén General,13,3742.44
1685,9548,PHYSIODENS L1S 0M3,Vita,Almacén General,7,2015.16
1686,9557,PHYSIODENS L1S 2L1.5,Vita,Almacén General,10,2829.72
1687,9560,PHYSIODENS L1S 2L2.5,Vita,Almacén General,9,2590.92
1688,9569,PHYSIODENS L1S 2M3,Vita,Almacén General,2,575.76
1689,9572,PHYSIODENS L1S 2R1.5,Vita,Almacén General,7,2015.16
1690,9575,PHYSIODENS L1S 2R2.5,Vita,Almacén General,4,1151.52
1691,9578,PHYSIODENS L1S 3L1.5,Vita,Almacén General,16,4606.08
1692,9581,PHYSIODENS L1S 3L2.5,Vita,Almacén General,10,2878.8
1693,9584,PHYSIODENS L1S 3M1,Vita,Almacén General,6,1793.36
1694,9587,PHYSIODENS L1S 3M2,Vita,Almacén General,4,1462.86
1695,9590,PHYSIODENS L1S 3R1.5,Vita,Almacén General,9,2590.92
1696,9593,PHYSIODENS L1S 3R2.5,Vita,Almacén General,10,2983.43
1697,9596,PHYSIODENS L1S 4M2,Vita,Almacén General,1,287.88
1698,10250,PHYSIODENS L2M 0M1,Vita,Almacén General,8,2303.04
1699,9602,PHYSIODENS L2M 1M1,Vita,Almacén General,3,863.64
1700,9608,PHYSIODENS L2M 2L1.5,Vita,Almacén General,3,863.64
1701,9611,PHYSIODENS L2M 2L2.5,Vita,Almacén General,26,7484.88
1702,9617,PHYSIODENS L2M 2M2,Vita,Almacén General,5,1413.22
1703,9620,PHYSIODENS L2M 2M3,Vita,Almacén General,4,1204.38
1704,9623,PHYSIODENS L2M 2R1.5,Vita,Almacén General,5,1439.4
1705,9626,PHYSIODENS L2M 2R2.5,Vita,Almacén General,11,3264.18
1706,9629,PHYSIODENS L2M 3L1.5,Vita,Almacén General,21,6045.48
1707,9635,PHYSIODENS L2M 3M1,Vita,Almacén General,9,2590.92
1708,9638,PHYSIODENS L2M 3M2,Vita,Almacén General,5,1385.82
1709,9641,PHYSIODENS L2M 3R1.5,Vita,Almacén General,9,2590.92
1710,9644,PHYSIODENS L2M 3R2.5,Vita,Almacén General,15,4448.97
1711,9647,PHYSIODENS L2M 4M2,Vita,Almacén General,2,575.76
1712,9650,PHYSIODENS L3M 0M1,Vita,Almacén General,13,3742.44
1713,9653,PHYSIODENS L3M 0M3,Vita,Almacén General,14,4030.32
1714,9659,PHYSIODENS L3M 1M2,Vita,Almacén General,9,3186.49
1715,9662,PHYSIODENS L3M 2L1.5,Vita,Almacén General,11,3166.68
1716,9665,PHYSIODENS L3M 2L2.5,Vita,Almacén General,7,2015.16
1717,9674,PHYSIODENS L3M 2M3,Vita,Almacén General,15,4110.38
1718,9677,PHYSIODENS L3M 2R1.5,Vita,Almacén General,6,1727.28
1719,9680,PHYSIODENS L3M 2R2.5,Vita,Almacén General,4,1151.52
1720,9683,PHYSIODENS L3M 3L1.5,Vita,Almacén General,19,5469.72
1721,9686,PHYSIODENS L3M 3L2.5,Vita,Almacén General,3,863.64
1722,9689,PHYSIODENS L3M 3M1,Vita,Almacén General,12,3454.56
1723,9692,PHYSIODENS L3M 3M2,Vita,Almacén General,6,1727.28
1724,9695,PHYSIODENS L3M 3R1.5,Vita,Almacén General,10,2878.8
1725,9698,PHYSIODENS L3M 3R2.5,Vita,Almacén General,10,3540.56
1726,9701,PHYSIODENS L3M 4M2,Vita,Almacén General,1,287.88
1727,9704,PHYSIODENS L4M 0M1,Vita,Almacén General,4,1151.52
1728,9707,PHYSIODENS L4M 0M3,Vita,Almacén General,6,1727.28
1729,9710,PHYSIODENS L4M 1M1,Vita,Almacén General,16,5540.33
1730,9713,PHYSIODENS L4M 1M2,Vita,Almacén General,16,4995.25
1731,9716,PHYSIODENS L4M 2L1.5,Vita,Almacén General,8,2303.04
1732,9719,PHYSIODENS L4M 2L2.5,Vita,Almacén General,12,3454.56
1733,9722,PHYSIODENS L4M 2M1,Vita,Almacén General,8,2303.04
1734,9725,PHYSIODENS L4M 2M2,Vita,Almacén General,40,11515.2
1735,9728,PHYSIODENS L4M 2M3,Vita,Almacén General,8,2303.04
1736,9731,PHYSIODENS L4M 2R1.5,Vita,Almacén General,13,3742.44
1737,9734,PHYSIODENS L4M 2R2.5,Vita,Almacén General,5,1439.4
1738,9737,PHYSIODENS L4M 3L1.5,Vita,Almacén General,24,6909.12
1739,9740,PHYSIODENS L4M 3L2.5,Vita,Almacén General,10,2878.8
1740,9743,PHYSIODENS L4M 3M1,Vita,Almacén General,24,6909.12
1741,9746,PHYSIODENS L4M 3M2,Vita,Almacén General,30,8636.4
1742,9749,PHYSIODENS L4M 3R1.5,Vita,Almacén General,10,2878.8
1743,9752,PHYSIODENS L4M 3R2.5,Vita,Almacén General,2,575.76
1744,9755,PHYSIODENS L4M 4M2,Vita,Almacén General,4,1151.52
1745,9758,PHYSIODENS L5M 0M1,Vita,Almacén General,26,7484.88
1746,9761,PHYSIODENS L5M 0M3,Vita,Almacén General,8,2369.12
1747,9764,PHYSIODENS L5M 1M1,Vita,Almacén General,15,5261.18
1748,9767,PHYSIODENS L5M 1M2,Vita,Almacén General,4,1151.52
1749,9773,PHYSIODENS L5M 2L2.5,Vita,Almacén General,5,1439.4
1750,9782,PHYSIODENS L5M 2M3,Vita,Almacén General,3,863.64
1751,9785,PHYSIODENS L5M 2R1.5,Vita,Almacén General,8,2303.04
1752,9788,PHYSIODENS L5M 2R2.5,Vita,Almacén General,3,863.64
1753,9791,PHYSIODENS L5M 3L1.5,Vita,Almacén General,21,6045.48
1754,9794,PHYSIODENS L5M 3L2.5,Vita,Almacén General,12,3454.56
1755,9797,PHYSIODENS L5M 3M1,Vita,Almacén General,1,287.88
1756,9800,PHYSIODENS L5M 3M2,Vita,Almacén General,10,3407.17
1757,9803,PHYSIODENS L5M 3R1.5,Vita,Almacén General,9,2590.92
1758,9806,PHYSIODENS L5M 3R2.5,Vita,Almacén General,13,3857.66
1759,9812,PHYSIODENS L6L 1M1,Vita,Almacén General,12,3454.56
1760,9818,PHYSIODENS L6L 2L1.5,Vita,Almacén General,4,1151.52
1761,9821,PHYSIODENS L6L 2L2.5,Vita,Almacén General,8,2303.04
1762,9824,PHYSIODENS L6L 2M1,Vita,Almacén General,4,1184.74
1763,9827,PHYSIODENS L6L 2M2,Vita,Almacén General,11,3726.63
1764,9830,PHYSIODENS L6L 2M3,Vita,Almacén General,18,4946.3
1765,9833,PHYSIODENS L6L 2R1.5,Vita,Almacén General,13,3742.44
1766,9836,PHYSIODENS L6L 2R2.5,Vita,Almacén General,12,3454.56
1767,9839,PHYSIODENS L6L 3L1.5,Vita,Almacén General,19,5469.72
1768,9842,PHYSIODENS L6L 3L2.5,Vita,Almacén General,4,1151.52
1769,9845,PHYSIODENS L6L 3M1,Vita,Almacén General,8,2303.04
1770,9848,PHYSIODENS L6L 3M2,Vita,Almacén General,6,1727.28
1771,9851,PHYSIODENS L6L 3R1.5,Vita,Almacén General,10,2878.8
1772,9854,PHYSIODENS L6L 3R2.5,Vita,Almacén General,13,3857.66
1773,9860,PHYSIODENS L7L 1M1,Vita,Almacén General,4,1151.52
1774,9863,PHYSIODENS L7L 1M2,Vita,Almacén General,9,2590.92
1775,9866,PHYSIODENS L7L 2L1.5,Vita,Almacén General,2,575.76
1776,9869,PHYSIODENS L7L 2L2.5,Vita,Almacén General,10,2878.8
1777,9872,PHYSIODENS L7L 2M1,Vita,Almacén General,6,1727.28
1778,9875,PHYSIODENS L7L 2M2,Vita,Almacén General,5,1439.4
1779,9878,PHYSIODENS L7L 2M3,Vita,Almacén General,5,1439.4
1780,9881,PHYSIODENS L7L 2R1.5,Vita,Almacén General,11,3166.68
1781,9884,PHYSIODENS L7L 2R2.5,Vita,Almacén General,7,2015.16
1782,9887,PHYSIODENS L7L 3L1.5,Vita,Almacén General,10,2878.8
1783,9890,PHYSIODENS L7L 3L2.5,Vita,Almacén General,9,2590.92
1784,9893,PHYSIODENS L7L 3M1,Vita,Almacén General,9,2590.92
1785,9896,PHYSIODENS L7L 3M2,Vita,Almacén General,9,2590.92
1786,9899,PHYSIODENS L7L 3R1.5,Vita,Almacén General,11,3166.68
1787,9902,PHYSIODENS L7L 3R2.5,Vita,Almacén General,7,2081.24
1788,9905,PHYSIODENS L7L 4M2,Vita,Almacén General,5,1439.4
1789,9908,PHYSIODENS L8L 1M1,Vita,Almacén General,2,575.76
1790,9911,PHYSIODENS L8L 1M2,Vita,Almacén General,11,3166.68
1791,9914,PHYSIODENS L8L 2L1.5,Vita,Almacén General,9,2590.92
1792,9917,PHYSIODENS L8L 2L2.5,Vita,Almacén General,7,2015.16
1793,9920,PHYSIODENS L8L 2M1,Vita,Almacén General,14,4030.32
1794,9923,PHYSIODENS L8L 2M2,Vita,Almacén General,8,2351.4
1795,9926,PHYSIODENS L8L 2M3,Vita,Almacén General,3,863.64
1796,9929,PHYSIODENS L8L 2R1.5,Vita,Almacén General,15,4318.2
1797,9932,PHYSIODENS L8L 2R2.5,Vita,Almacén General,10,2878.8
1798,9935,PHYSIODENS L8L 3L1.5,Vita,Almacén General,11,3166.68
1799,9938,PHYSIODENS L8L 3L2.5,Vita,Almacén General,18,5314.78
1800,9941,PHYSIODENS L8L 3M1,Vita,Almacén General,11,3166.68
1801,9944,PHYSIODENS L8L 3M2,Vita,Almacén General,10,2878.8
1802,9947,PHYSIODENS L8L 3R1.5,Vita,Almacén General,11,3166.68
1803,9950,PHYSIODENS L8L 3R2.5,Vita,Almacén General,5,1373.97
1804,9953,PHYSIODENS L8L 4M2,Vita,Almacén General,4,1151.52
1805,9956,PHYSIODENS O1S 0M1,Vita,Almacén General,7,2015.16
1806,9959,PHYSIODENS O1S 0M3,Vita,Almacén General,8,2369.12
1807,9962,PHYSIODENS O1S 1M1,Vita,Almacén General,17,5912.97
1808,9965,PHYSIODENS O1S 1M2,Vita,Almacén General,11,3166.68
1809,9968,PHYSIODENS O1S 2L1.5,Vita,Almacén General,17,4893.96
1810,9971,PHYSIODENS O1S 2L2.5,Vita,Almacén General,11,3166.68
1811,9974,PHYSIODENS O1S 2M1,Vita,Almacén General,3,863.64
1812,9980,PHYSIODENS O1S 2M3,Vita,Almacén General,5,1439.4
1813,9983,PHYSIODENS O1S 2R1.5,Vita,Almacén General,13,3742.44
1814,9986,PHYSIODENS O1S 2R2.5,Vita,Almacén General,2,575.76
1815,9989,PHYSIODENS O1S 3L1.5,Vita,Almacén General,16,4606.08
1816,9992,PHYSIODENS O1S 3L2.5,Vita,Almacén General,7,2015.16
1817,9995,PHYSIODENS O1S 3M1,Vita,Almacén General,14,4030.32
1818,9998,PHYSIODENS O1S 3M2,Vita,Almacén General,21,6045.48
1819,10001,PHYSIODENS O1S 3R1.5,Vita,Almacén General,8,2303.04
1820,10004,PHYSIODENS O1S 3R2.5,Vita,Almacén General,4,1088.7
1821,10007,PHYSIODENS O1S 4M2,Vita,Almacén General,2,549.59
1822,10010,PHYSIODENS O2L 1M1,Vita,Almacén General,2,575.76
1823,10013,PHYSIODENS O2L 1M2,Vita,Almacén General,8,2303.04
1824,10016,PHYSIODENS O2L 2L1.5,Vita,Almacén General,4,1462.86
1825,10019,PHYSIODENS O2L 2L2.5,Vita,Almacén General,13,3742.44
1826,10022,PHYSIODENS O2L 2M1,Vita,Almacén General,16,4606.08
1827,10025,PHYSIODENS O2L 2M2,Vita,Almacén General,16,4606.08
1828,10028,PHYSIODENS O2L 2M3,Vita,Almacén General,1,287.88
1829,10031,PHYSIODENS O2L 2R1.5,Vita,Almacén General,6,1727.28
1830,10034,PHYSIODENS O2L 2R2.5,Vita,Almacén General,7,2015.16
1831,10037,PHYSIODENS O2L 3L1.5,Vita,Almacén General,24,6909.12
1832,10040,PHYSIODENS O2L 3L2.5,Vita,Almacén General,4,1088.7
1833,10043,PHYSIODENS O2L 3M1,Vita,Almacén General,15,4318.2
1834,10049,PHYSIODENS O2L 3R1.5,Vita,Almacén General,11,3166.68
1835,10052,PHYSIODENS O2L 3R2.5,Vita,Almacén General,2,544.35
1836,10055,PHYSIODENS O2L 4M2,Vita,Almacén General,3,863.64
1837,10058,PHYSIODENS O3M 1M1,Vita,Almacén General,11,3166.68
1838,10061,PHYSIODENS O3M 1M2,Vita,Almacén General,10,2878.8
1839,10064,PHYSIODENS O3M 2L1.5,Vita,Almacén General,4,1151.52
1840,10067,PHYSIODENS O3M 2L2.5,Vita,Almacén General,14,4030.32
1841,10070,PHYSIODENS O3M 2M1,Vita,Almacén General,30,8636.4
1842,10073,PHYSIODENS O3M 2M2,Vita,Almacén General,21,6045.48
1843,10076,PHYSIODENS O3M 2M3,Vita,Almacén General,5,1439.4
1844,10079,PHYSIODENS O3M 2R1.5,Vita,Almacén General,9,2590.92
1845,10082,PHYSIODENS O3M 2R2.5,Vita,Almacén General,7,2015.16
1846,10085,PHYSIODENS O3M 3L1.5,Vita,Almacén General,17,4893.96
1847,10088,PHYSIODENS O3M 3L2.5,Vita,Almacén General,7,2015.16
1848,10091,PHYSIODENS O3M 3M1,Vita,Almacén General,22,6333.36
1849,10094,PHYSIODENS O3M 3M2,Vita,Almacén General,14,4030.32
1850,10097,PHYSIODENS O3M 3R1.5,Vita,Almacén General,10,2878.8
1851,10100,PHYSIODENS O3M 3R2.5,Vita,Almacén General,3,903.19
1852,10103,PHYSIODENS O3M 4M2,Vita,Almacén General,3,863.64
1853,10106,PHYSIODENS O4L 1M1,Vita,Almacén General,8,2303.04
1854,10109,PHYSIODENS O4L 1M2,Vita,Almacén General,8,2303.04
1855,10112,PHYSIODENS O4L 2L1.5,Vita,Almacén General,19,5469.72
1856,10115,PHYSIODENS O4L 2L2.5,Vita,Almacén General,14,4030.32
1857,10118,PHYSIODENS O4L 2M1,Vita,Almacén General,24,6909.12
1858,10121,PHYSIODENS O4L 2M2,Vita,Almacén General,23,6621.24
1859,10124,PHYSIODENS O4L 2M3,Vita,Almacén General,9,2590.92
1860,10127,PHYSIODENS O4L 2R1.5,Vita,Almacén General,11,3166.68
1861,10130,PHYSIODENS O4L 2R2.5,Vita,Almacén General,10,2878.8
1862,10133,PHYSIODENS O4L 3L1.5,Vita,Almacén General,21,6045.48
1863,10136,PHYSIODENS O4L 3L2.5,Vita,Almacén General,10,2878.8
1864,10139,PHYSIODENS O4L 3M1,Vita,Almacén General,9,2590.92
1865,10142,PHYSIODENS O4L 3M2,Vita,Almacén General,23,6621.24
1866,10145,PHYSIODENS O4L 3R1.5,Vita,Almacén General,11,3166.68
1867,10148,PHYSIODENS O4L 3R2.5,Vita,Almacén General,5,1373.97
1868,10151,PHYSIODENS O4L 4M2,Vita,Almacén General,4,1099.18
1869,10154,PHYSIODENS O5L 1M1,Vita,Almacén General,15,4318.2
1870,10157,PHYSIODENS O5L 1M2,Vita,Almacén General,16,5598.72
1871,10160,PHYSIODENS O5L 2L1.5,Vita,Almacén General,13,3742.44
1872,10163,PHYSIODENS O5L 2L2.5,Vita,Almacén General,12,3454.56
1873,10166,PHYSIODENS O5L 2M1,Vita,Almacén General,16,4606.08
1874,10169,PHYSIODENS O5L 2M2,Vita,Almacén General,20,5757.6
1875,10172,PHYSIODENS O5L 2M3,Vita,Almacén General,11,3166.68
1876,10175,PHYSIODENS O5L 2R1.5,Vita,Almacén General,9,2590.92
1877,10178,PHYSIODENS O5L 2R2.5,Vita,Almacén General,11,3166.68
1878,10181,PHYSIODENS O5L 3L1.5,Vita,Almacén General,21,6045.48
1879,10184,PHYSIODENS O5L 3L2.5,Vita,Almacén General,9,2590.92
1880,10187,PHYSIODENS O5L 3M1,Vita,Almacén General,19,5469.72
1881,10190,PHYSIODENS O5L 3M2,Vita,Almacén General,1,274.79
1882,10193,PHYSIODENS O5L 3R1.5,Vita,Almacén General,11,3166.68
1883,10196,PHYSIODENS O5L 3R2.5,Vita,Almacén General,2,575.76
1884,10199,PHYSIODENS O5L 4M2,Vita,Almacén General,2,575.76
1885,10202,PHYSIODENS O6L 1M1,Vita,Almacén General,4,1151.52
1886,10205,PHYSIODENS O6L 1M2,Vita,Almacén General,10,2878.8
1887,10208,PHYSIODENS O6L 2L1.5,Vita,Almacén General,11,3166.68
1888,10211,PHYSIODENS O6L 2L2.5,Vita,Almacén General,12,3454.56
1889,10214,PHYSIODENS O6L 2M1,Vita,Almacén General,12,3454.56
1890,10217,PHYSIODENS O6L 2M2,Vita,Almacén General,2,575.76
1891,10220,PHYSIODENS O6L 2M3,Vita,Almacén General,7,2015.16
1892,10223,PHYSIODENS O6L 2R1.5,Vita,Almacén General,10,2878.8
1893,10226,PHYSIODENS O6L 2R2.5,Vita,Almacén General,9,2590.92
1894,10229,PHYSIODENS O6L 3L1.5,Vita,Almacén General,8,2303.04
1895,10232,PHYSIODENS O6L 3L2.5,Vita,Almacén General,4,1151.52
1896,10235,PHYSIODENS O6L 3M1,Vita,Almacén General,7,2015.16
1897,10238,PHYSIODENS O6L 3M2,Vita,Almacén General,21,6045.48
1898,10241,PHYSIODENS O6L 3R1.5,Vita,Almacén General,10,2878.8
1899,10244,PHYSIODENS O6L 3R2.5,Vita,Almacén General,5,1360.88
1900,10247,PHYSIODENS O6L 4M2,Vita,Almacén General,10,3489.38
1901,10253,PHYSIODENS T1S 1M1,Vita,Almacén General,13,4602.72
1902,10256,PHYSIODENS T1S 1M2,Vita,Almacén General,9,2590.92
1903,10259,PHYSIODENS T1S 2L1.5,Vita,Almacén General,1,365.71
1904,10262,PHYSIODENS T1S 2L2.5,Vita,Almacén General,9,2590.92
1905,10265,PHYSIODENS T1S 2M1,Vita,Almacén General,3,1030.42
1906,10268,PHYSIODENS T1S 2M2,Vita,Almacén General,12,4388.58
1907,10271,PHYSIODENS T1S 2M3,Vita,Almacén General,1,287.88
1908,10274,PHYSIODENS T1S 2R1.5,Vita,Almacén General,5,1439.4
1909,10277,PHYSIODENS T1S 2R2.5,Vita,Almacén General,5,1373.97
1910,10280,PHYSIODENS T1S 3L1.5,Vita,Almacén General,21,6045.48
1911,10283,PHYSIODENS T1S 3L2.5,Vita,Almacén General,4,1151.52
1912,10286,PHYSIODENS T1S 3M1,Vita,Almacén General,15,4318.2
1913,10289,PHYSIODENS T1S 3M2,Vita,Almacén General,2,735.65
1914,10292,PHYSIODENS T1S 3R1.5,Vita,Almacén General,10,2878.8
1915,10295,PHYSIODENS T1S 3R2.5,Vita,Almacén General,9,2670.69
1916,10298,PHYSIODENS T1S 4M2,Vita,Almacén General,2,575.76
1917,10301,PHYSIODENS T2S 0M1,Vita,Almacén General,3,863.64
1918,10304,PHYSIODENS T2S 0M3,Vita,Almacén General,23,6621.24
1919,10310,PHYSIODENS T2S 1M2,Vita,Almacén General,1,287.88
1920,10313,PHYSIODENS T2S 2L1.5,Vita,Almacén General,10,2878.8
1921,10316,PHYSIODENS T2S 2L2.5,Vita,Almacén General,15,4318.2
1922,10322,PHYSIODENS T2S 2M2,Vita,Almacén General,7,2455.94
1923,10325,PHYSIODENS T2S 2M3,Vita,Almacén General,3,863.64
1924,10328,PHYSIODENS T2S 2R1.5,Vita,Almacén General,10,2878.8
1925,10331,PHYSIODENS T2S 2R2.5,Vita,Almacén General,8,2303.04
1926,10334,PHYSIODENS T2S 3L1.5,Vita,Almacén General,21,6045.48
1927,10337,PHYSIODENS T2S 3L2.5,Vita,Almacén General,2,575.76
1928,10343,PHYSIODENS T2S 3M2,Vita,Almacén General,8,2761.83
1929,10346,PHYSIODENS T2S 3R1.5,Vita,Almacén General,10,2878.8
1930,10349,PHYSIODENS T2S 3R2.5,Vita,Almacén General,12,3554.26
1931,10352,PHYSIODENS T2S 4M2,Vita,Almacén General,11,3166.68
1932,10358,PHYSIODENS T3M 1M2,Vita,Almacén General,13,3742.44
1933,10361,PHYSIODENS T3M 2L1.5,Vita,Almacén General,13,3742.44
1934,10364,PHYSIODENS T3M 2L2.5,Vita,Almacén General,8,2303.04
1935,10367,PHYSIODENS T3M 2M1,Vita,Almacén General,1,287.88
1936,10370,PHYSIODENS T3M 2M2,Vita,Almacén General,2,731.43
1937,10373,PHYSIODENS T3M 2M3,Vita,Almacén General,5,1439.4
1938,10376,PHYSIODENS T3M 2R1.5,Vita,Almacén General,8,2303.04
1939,10379,PHYSIODENS T3M 2R2.5,Vita,Almacén General,2,575.76
1940,10382,PHYSIODENS T3M 3L1.5,Vita,Almacén General,20,5757.6
1941,10385,PHYSIODENS T3M 3L2.5,Vita,Almacén General,9,2590.92
1942,10388,PHYSIODENS T3M 3M1,Vita,Almacén General,16,4606.08
1943,10391,PHYSIODENS T3M 3M2,Vita,Almacén General,16,4606.08
1944,10394,PHYSIODENS T3M 3R1.5,Vita,Almacén General,8,2303.04
1945,10400,PHYSIODENS T3M 4M2,Vita,Almacén General,2,575.76
1946,10403,PHYSIODENS T4M 0M1,Vita,Almacén General,9,2590.92
1947,10406,PHYSIODENS T4M 0M3,Vita,Almacén General,3,1114.04
1948,10409,PHYSIODENS T4M 1M1,Vita,Almacén General,4,1151.52
1949,10412,PHYSIODENS T4M 1M2,Vita,Almacén General,9,2590.92
1950,10415,PHYSIODENS T4M 2L1.5,Vita,Almacén General,12,3454.56
1951,10418,PHYSIODENS T4M 2L2.5,Vita,Almacén General,10,2878.8
1952,10421,PHYSIODENS T4M 2M1,Vita,Almacén General,5,1439.4
1953,10424,PHYSIODENS T4M 2M2,Vita,Almacén General,25,7197.0
1954,10427,PHYSIODENS T4M 2M3,Vita,Almacén General,9,2590.92
1955,10430,PHYSIODENS T4M 2R1.5,Vita,Almacén General,11,3166.68
1956,10433,PHYSIODENS T4M 2R2.5,Vita,Almacén General,10,2878.8
1957,10436,PHYSIODENS T4M 3L1.5,Vita,Almacén General,9,2590.92
1958,10439,PHYSIODENS T4M 3L2.5,Vita,Almacén General,9,2590.92
1959,10442,PHYSIODENS T4M 3M1,Vita,Almacén General,24,6909.12
1960,10445,PHYSIODENS T4M 3M2,Vita,Almacén General,21,6045.48
1961,10448,PHYSIODENS T4M 3R1.5,Vita,Almacén General,10,2878.8
1962,10451,PHYSIODENS T4M 3R2.5,Vita,Almacén General,3,863.64
1963,10454,PHYSIODENS T4M 4M2,Vita,Almacén General,6,1648.76
1964,10457,PHYSIODENS T5M 1M1,Vita,Almacén General,8,2303.04
1965,10460,PHYSIODENS T5M 1M2,Vita,Almacén General,8,2303.04
1966,10463,PHYSIODENS T5M 2L1.5,Vita,Almacén General,5,1439.4
1967,10466,PHYSIODENS T5M 2L2.5,Vita,Almacén General,13,3742.44
1968,10469,PHYSIODENS T5M 2M1,Vita,Almacén General,11,3030.33
1969,10472,PHYSIODENS T5M 2M2,Vita,Almacén General,16,4606.08
1970,10475,PHYSIODENS T5M 2M3,Vita,Almacén General,7,2015.16
1971,10478,PHYSIODENS T5M 2R1.5,Vita,Almacén General,10,2878.8
1972,10481,PHYSIODENS T5M 2R2.5,Vita,Almacén General,10,2878.8
1973,10484,PHYSIODENS T5M 3L1.5,Vita,Almacén General,7,2015.16
1974,10487,PHYSIODENS T5M 3L2.5,Vita,Almacén General,7,2015.16
1975,10490,PHYSIODENS T5M 3M1,Vita,Almacén General,7,2015.16
1976,10493,PHYSIODENS T5M 3M2,Vita,Almacén General,20,5757.6
1977,10496,PHYSIODENS T5M 3R1.5,Vita,Almacén General,10,2878.8
1978,10499,PHYSIODENS T5M 3R2.5,Vita,Almacén General,4,1151.52
1979,10502,PHYSIODENS T5M 4M2,Vita,Almacén General,3,863.64
1980,10505,PHYSIODENS T6L 1M1,Vita,Almacén General,14,4908.51
1981,10508,PHYSIODENS T6L 1M2,Vita,Almacén General,10,2878.8
1982,10511,PHYSIODENS T6L 2L1.5,Vita,Almacén General,13,3742.44
1983,10514,PHYSIODENS T6L 2L2.5,Vita,Almacén General,21,6045.48
1984,10520,PHYSIODENS T6L 2M2,Vita,Almacén General,15,4164.58
1985,10523,PHYSIODENS T6L 2M3,Vita,Almacén General,5,1439.4
1986,10526,PHYSIODENS T6L 2R1.5,Vita,Almacén General,10,2878.8
1987,10529,PHYSIODENS T6L 2R2.5,Vita,Almacén General,6,1727.28
1988,10532,PHYSIODENS T6L 3L1.5,Vita,Almacén General,6,1727.28
1989,10535,PHYSIODENS T6L 3L2.5,Vita,Almacén General,8,2303.04
1990,10538,PHYSIODENS T6L 3M1,Vita,Almacén General,4,1151.52
1991,10541,PHYSIODENS T6L 3M2,Vita,Almacén General,2,742.69
1992,10544,PHYSIODENS T6L 3R1.5,Vita,Almacén General,9,2590.92
1993,10547,PHYSIODENS T6L 3R2.5,Vita,Almacén General,4,1088.7
1994,10550,PHYSIODENS T6L 4M2,Vita,Almacén General,12,3560.92
1995,10553,PHYSIODENS T6S 1M1,Vita,Almacén General,1,287.88
1996,10556,PHYSIODENS T6S 1M2,Vita,Almacén General,4,1151.52
1997,10559,PHYSIODENS T6S 2L1.5,Vita,Almacén General,13,3742.44
1998,10562,PHYSIODENS T6S 2L2.5,Vita,Almacén General,12,3454.56
1999,10565,PHYSIODENS T6S 2M1,Vita,Almacén General,13,3742.44
2000,10568,PHYSIODENS T6S 2M2,Vita,Almacén General,12,3454.56
2001,10571,PHYSIODENS T6S 2M3,Vita,Almacén General,5,1439.4
2002,10574,PHYSIODENS T6S 2R1.5,Vita,Almacén General,9,2590.92
2003,10577,PHYSIODENS T6S 2R2.5,Vita,Almacén General,8,2303.04
2004,10580,PHYSIODENS T6S 3L1.5,Vita,Almacén General,16,4606.08
2005,10583,PHYSIODENS T6S 3L2.5,Vita,Almacén General,3,863.64
2006,10586,PHYSIODENS T6S 3M1,Vita,Almacén General,5,1439.4
2007,10589,PHYSIODENS T6S 3M2,Vita,Almacén General,4,1151.52
2008,10592,PHYSIODENS T6S 3R1.5,Vita,Almacén General,9,2590.92
2009,10595,PHYSIODENS T6S 3R2.5,Vita,Almacén General,10,2878.8
2010,10598,PHYSIODENS T6S 4M2,Vita,Almacén General,14,4030.32
2011,10601,PHYSIODENS T7M 1M1,Vita,Almacén General,7,2015.16
2012,10604,PHYSIODENS T7M 1M2,Vita,Almacén General,12,3454.56
2013,10607,PHYSIODENS T7M 2L1.5,Vita,Almacén General,14,4030.32
2014,10610,PHYSIODENS T7M 2L2.5,Vita,Almacén General,8,2303.04
2015,10613,PHYSIODENS T7M 2M1,Vita,Almacén General,12,4116.32
2016,10619,PHYSIODENS T7M 2M3,Vita,Almacén General,3,863.64
2017,10622,PHYSIODENS T7M 2R1.5,Vita,Almacén General,10,2878.8
2018,10625,PHYSIODENS T7M 2R2.5,Vita,Almacén General,6,1727.28
2019,10628,PHYSIODENS T7M 3L1.5,Vita,Almacén General,10,2878.8
2020,10631,PHYSIODENS T7M 3L2.5,Vita,Almacén General,2,575.76
2021,10634,PHYSIODENS T7M 3M1,Vita,Almacén General,20,5757.6
2022,10637,PHYSIODENS T7M 3M2,Vita,Almacén General,28,8060.64
2023,10640,PHYSIODENS T7M 3R1.5,Vita,Almacén General,11,3166.68
2024,10643,PHYSIODENS T7M 3R2.5,Vita,Almacén General,4,1151.52
2025,10646,PHYSIODENS T7M 4M2,Vita,Almacén General,3,816.52
2026,10649,PHYSIODENS T8L 0M1,Vita,Almacén General,17,4960.61
2027,10652,PHYSIODENS T8L 0M3,Vita,Almacén General,4,1204.38
2028,10655,PHYSIODENS T8L 1M1,Vita,Almacén General,3,903.29
2029,10658,PHYSIODENS T8L 1M2,Vita,Almacén General,13,3742.44
2030,10661,PHYSIODENS T8L 2L1.5,Vita,Almacén General,13,3742.44
2031,10664,PHYSIODENS T8L 2L2.5,Vita,Almacén General,6,1727.28
2032,10667,PHYSIODENS T8L 2M1,Vita,Almacén General,15,4318.2
2033,10670,PHYSIODENS T8L 2M2,Vita,Almacén General,1,287.88
2034,10673,PHYSIODENS T8L 2M3,Vita,Almacén General,3,863.64
2035,10676,PHYSIODENS T8L 2R1.5,Vita,Almacén General,9,2590.92
2036,10679,PHYSIODENS T8L 2R2.5,Vita,Almacén General,10,2878.8
2037,10682,PHYSIODENS T8L 3L1.5,Vita,Almacén General,6,1727.28
2038,10688,PHYSIODENS T8L 3M1,Vita,Almacén General,4,1204.38
2039,10691,PHYSIODENS T8L 3M2,Vita,Almacén General,5,1439.4
2040,10694,PHYSIODENS T8L 3R1.5,Vita,Almacén General,9,2590.92
2041,10697,PHYSIODENS T8L 3R2.5,Vita,Almacén General,3,823.26
2042,10703,PHYSIODENS T9L 1M1,Vita,Almacén General,3,1097.14
2043,10706,PHYSIODENS T9L 1M2,Vita,Almacén General,12,3454.56
2044,10709,PHYSIODENS T9L 2L1.5,Vita,Almacén General,4,1099.18
2045,10712,PHYSIODENS T9L 2L2.5,Vita,Almacén General,4,1151.52
2046,10718,PHYSIODENS T9L 2M2,Vita,Almacén General,3,816.52
2047,10721,PHYSIODENS T9L 2M3,Vita,Almacén General,9,2590.92
2048,10724,PHYSIODENS T9L 2R1.5,Vita,Almacén General,12,3454.56
2049,10727,PHYSIODENS T9L 2R2.5,Vita,Almacén General,6,1727.28
2050,10730,PHYSIODENS T9L 3L1.5,Vita,Almacén General,4,1151.52
2051,10733,PHYSIODENS T9L 3L2.5,Vita,Almacén General,5,1439.4
2052,10736,PHYSIODENS T9L 3M1,Vita,Almacén General,9,2590.92
2053,10742,PHYSIODENS T9L 3R1.5,Vita,Almacén General,13,3742.44
2054,10745,PHYSIODENS T9L 3R2.5,Vita,Almacén General,3,816.52
2055,10751,PHYSIODENS X1M 0M1,Vita,Almacén General,20,6765.9
2056,10754,PHYSIODENS X1M 0M3,Vita,Almacén General,5,1505.48
2057,10757,PHYSIODENS X1M 1M1,Vita,Almacén General,19,6439.6
2058,10760,PHYSIODENS X1M 1M2,Vita,Almacén General,6,1727.28
2059,10763,PHYSIODENS X1M 2L1.5,Vita,Almacén General,2,575.76
2060,10766,PHYSIODENS X1M 2L2.5,Vita,Almacén General,8,2303.04
2061,10769,PHYSIODENS X1M 2M1,Vita,Almacén General,1,272.17
2062,10772,PHYSIODENS X1M 2M2,Vita,Almacén General,11,3312.05
2063,10775,PHYSIODENS X1M 2M3,Vita,Almacén General,7,2015.16
2064,10778,PHYSIODENS X1M 2R1.5,Vita,Almacén General,10,2878.8
2065,10781,PHYSIODENS X1M 2R2.5,Vita,Almacén General,8,2303.04
2066,10784,PHYSIODENS X1M 3L1.5,Vita,Almacén General,8,2303.04
2067,10787,PHYSIODENS X1M 3L2.5,Vita,Almacén General,8,2303.04
2068,10790,PHYSIODENS X1M 3M1,Vita,Almacén General,2,575.76
2069,10793,PHYSIODENS X1M 3M2,Vita,Almacén General,15,4318.2
2070,10796,PHYSIODENS X1M 3R1.5,Vita,Almacén General,9,2590.92
2071,10799,PHYSIODENS X1M 3R2.5,Vita,Almacén General,3,863.64
2072,10802,PHYSIODENS X1M 4M2,Vita,Almacén General,4,1151.52
2073,10805,PHYSIODENS X2L 1M1,Vita,Almacén General,1,287.88
2074,10808,PHYSIODENS X2L 1M2,Vita,Almacén General,11,3166.68
2075,10811,PHYSIODENS X2L 2L1.5,Vita,Almacén General,1,304.23
2076,10814,PHYSIODENS X2L 2L2.5,Vita,Almacén General,11,3166.68
2077,10817,PHYSIODENS X2L 2M1,Vita,Almacén General,8,2373.95
2078,10820,PHYSIODENS X2L 2M2,Vita,Almacén General,18,5181.84
2079,10823,PHYSIODENS X2L 2M3,Vita,Almacén General,7,2015.16
2080,10826,PHYSIODENS X2L 2R1.5,Vita,Almacén General,10,2878.8
2081,10829,PHYSIODENS X2L 2R2.5,Vita,Almacén General,3,863.64
2082,10832,PHYSIODENS X2L 3L1.5,Vita,Almacén General,9,2590.92
2083,10835,PHYSIODENS X2L 3L2.5,Vita,Almacén General,9,2590.92
2084,10838,PHYSIODENS X2L 3M1,Vita,Almacén General,8,2303.04
2085,10841,PHYSIODENS X2L 3M2,Vita,Almacén General,14,4030.32
2086,10844,PHYSIODENS X2L 3R1.5,Vita,Almacén General,11,3166.68
2087,10847,PHYSIODENS X2L 3R2.5,Vita,Almacén General,3,863.64
2088,10850,PHYSIODENS X2L 4M2,Vita,Almacén General,2,575.76
2089,10853,PHYSIODENS X3L 1M1,Vita,Almacén General,15,5310.84
2090,10856,PHYSIODENS X3L 1M2,Vita,Almacén General,6,1674.93
2091,10859,PHYSIODENS X3L 2L1.5,Vita,Almacén General,15,4425.21
2092,10862,PHYSIODENS X3L 2L2.5,Vita,Almacén General,11,3166.68
2093,10865,PHYSIODENS X3L 2M1,Vita,Almacén General,3,903.29
2094,10868,PHYSIODENS X3L 2M2,Vita,Almacén General,7,2416.6
2095,10871,PHYSIODENS X3L 2M3,Vita,Almacén General,10,2878.8
2096,10874,PHYSIODENS X3L 2R1.5,Vita,Almacén General,8,2303.04
2097,10877,PHYSIODENS X3L 2R2.5,Vita,Almacén General,8,2303.04
2098,10880,PHYSIODENS X3L 3L1.5,Vita,Almacén General,8,2303.04
2099,10883,PHYSIODENS X3L 3L2.5,Vita,Almacén General,8,2303.04
2100,10886,PHYSIODENS X3L 3M1,Vita,Almacén General,4,1151.52
2101,10889,PHYSIODENS X3L 3M2,Vita,Almacén General,14,4030.32
2102,10892,PHYSIODENS X3L 3R1.5,Vita,Almacén General,11,3166.68
2103,10895,PHYSIODENS X3L 3R2.5,Vita,Almacén General,4,1151.52
2104,10898,PHYSIODENS X3L 4M2,Vita,Almacén General,4,1151.52
2105,10901,PHYSIODENS Z1S 1M1,Vita,Almacén General,6,1727.28
2106,10904,PHYSIODENS Z1S 1M2,Vita,Almacén General,12,3454.56
2107,10910,PHYSIODENS Z1S 2L2.5,Vita,Almacén General,12,3454.56
2108,10913,PHYSIODENS Z1S 2M1,Vita,Almacén General,1,287.88
2109,10916,PHYSIODENS Z1S 2M2,Vita,Almacén General,18,5462.04
2110,10919,PHYSIODENS Z1S 2M3,Vita,Almacén General,5,1439.4
2111,10922,PHYSIODENS Z1S 2R1.5,Vita,Almacén General,12,3454.56
2112,10925,PHYSIODENS Z1S 2R2.5,Vita,Almacén General,11,3166.68
2113,10928,PHYSIODENS Z1S 3L1.5,Vita,Almacén General,5,1439.4
2114,10931,PHYSIODENS Z1S 3L2.5,Vita,Almacén General,5,1439.4
2115,10934,PHYSIODENS Z1S 3M1,Vita,Almacén General,3,863.64
2116,10937,PHYSIODENS Z1S 3M2,Vita,Almacén General,6,1727.28
2117,10940,PHYSIODENS Z1S 3R1.5,Vita,Almacén General,10,2878.8
2118,10946,PHYSIODENS Z1S 4M2,Vita,Almacén General,5,1360.88
2119,10949,PHYSIODENS Z2S 1M1,Vita,Almacén General,6,1727.28
2120,10952,PHYSIODENS Z2S 1M2,Vita,Almacén General,9,2909.33
2121,10955,PHYSIODENS Z2S 2L1.5,Vita,Almacén General,2,602.19
2122,10958,PHYSIODENS Z2S 2L2.5,Vita,Almacén General,7,2015.16
2123,10964,PHYSIODENS Z2S 2M2,Vita,Almacén General,9,2860.34
2124,10967,PHYSIODENS Z2S 2M3,Vita,Almacén General,2,575.76
2125,10970,PHYSIODENS Z2S 2R1.5,Vita,Almacén General,7,2015.16
2126,10973,PHYSIODENS Z2S 2R2.5,Vita,Almacén General,2,575.76
2127,10976,PHYSIODENS Z2S 3L1.5,Vita,Almacén General,11,3849.12
2128,10979,PHYSIODENS Z2S 3L2.5,Vita,Almacén General,2,575.76
2129,10982,PHYSIODENS Z2S 3M1,Vita,Almacén General,6,1727.28
2130,10985,PHYSIODENS Z2S 3M2,Vita,Almacén General,8,2303.04
2131,10988,PHYSIODENS Z2S 3R1.5,Vita,Almacén General,10,2878.8
2132,10991,PHYSIODENS Z2S 3R2.5,Vita,Almacén General,12,3572.25
2133,10994,PHYSIODENS Z2S 4M2,Vita,Almacén General,15,4318.2
2134,141929,PLACA DE CIRCUITO SMARTBOX X2,Amann Girrbach,Almacén General,2,15871.62
2135,97253,PLACA DE CIRCUITO SMARTMIX C2,Amann Girrbach,Almacén General,3,31338.77
2136,3965,PLASTILINA GIROFORM PUTTY 1KG,Amann Girrbach,Almacén General,8,7739.48
2137,4502,PLASTODON N 250ML,Scheftner,Almacén General,20,5222.5
2138,4505,PLASTODON N LIQUID 500ML,Scheftner,Almacén General,4,1482.52
2139,4493,PLASTOPRESS JET LIQUID 250ML,Scheftner,Almacén General,6,2510.18
2140,4496,PLASTOPRESS JET LIQUID 500ML,Scheftner,Almacén General,2,1485.48
2141,4490,PLASTOPRESS JET PINK 500G,Scheftner,Almacén General,2,1510.59
2142,4487,PLASTOPRESS LT LIQUID 250ML,Scheftner,Almacén General,35,14642.66
2143,85234,PLASTOPRESS LT LIQUID 500ML,Scheftner,Almacén General,6,4329.62
2144,4484,PLASTOPRESS LT ROSA 500G,Scheftner,Almacén General,44,29734.9
2145,10990811,PMMA MULTI BLANK U A1 20MM,Anax Dent,Almacén General,14,20277.32
2146,10990817,PMMA MULTI BLANK U A2 20MM,Anax Dent,Almacén General,5,6427.91
2147,10990808,PMMA MULTI BLANK U AB 20MM,Anax Dent,Almacén General,10,15152.41
2148,10990814,PMMA MULTI BLANK U B1 20 MM,Anax Dent,Almacén General,9,15704.12
2149,63105419,PNEUMATIC CYLINDER CHANGER MATRON,Amann Girrbach,Almacén General,1,4867.48
2150,3566,PORTAIMPRESIONES PARA SEMIPLACAS,Amann Girrbach,Almacén General,10,20760.98
2151,96154,PORTA PCS 98 MIKRO 5X,Amann Girrbach,Almacén General,1,24297.47
2152,85817,PORTAPIEZAS 98 PRODUCCION,Amann Girrbach,Almacén General,20,119385.81
2153,85889,PORTAPIEZAS BLOCS UN PRODUCCION,Amann Girrbach,Almacén General,5,28426.85
2154,231148,PORTAPIEZAS C-CLAMP PARA MATIK,Amann Girrbach,Almacén General,3,18686.2
2155,85895,PORTAPIEZAS METAL PRODUCCION,Amann Girrbach,Almacén General,7,104041.69
2156,85789,PRESOSTATO,Amann Girrbach,Almacén General,3,6652.69
2157,96933,PRESS-PLUNGER,Vita,Almacén General,2,9103.74
2158,43822233,PRESSURE SENSOR MATIK / MATRON,Amann Girrbach,Almacén General,3,6652.69
2159,41704211,PRESSURE SWITCH MODULE MATRON,Amann Girrbach,Almacén General,7,23333.23
2160,10997,PRIMERCAT,3dgar,Almacén General,4,4486.88
2161,297116,PUERTA MOTION 3,Amann Girrbach,Almacén General,4,15005.5
2162,294795,PUMP & FILL RELLENADOR AUTOMATICO DE RESINA,Phrozen,Almacén General,19,40764.1
2163,140723,Q3 BASIC CONTROL TABLE TOP,Schick,Almacén General,10,194229.55
2164,54958329,REGULATED POWER SUPPLY WYQ-5000W,Aidite,Almacén General,2,9367.92
2165,63105444,REGULATOR + PRE-FILTER SET ARGOTHERM 2,Amann Girrbach,Almacén General,4,12217.52
2166,113680,REPL FILTER BAGS 6/BX,Quatro,Almacén General,14,59472.38
2167,250622,RESINA 3D FLEXIBLE DENTURE,Arma Dental,Almacén General,3,6899.98
2168,254219,RESINA 3D PARA GUIAS QUIRURGICAS,Arma Dental,Almacén General,1,2174.44
2169,294859,RESINA DENTAL SERIES DENTAL PRO MODEL LIGHT GRAY 1KG,Phrozen,Almacén General,25,29798.34
2170,95540,RESINA DENTAMODEL 1KG BOTTLE ,Asiga ,Almacén General,4,5045.63
2171,83944,RESINAS NEXTDENT CAST PURPLE,Amann Girrbach,Almacén General,10,32405.15
2172,83950,RESINAS NEXTDENT C&B MFH N1.5,Amann Girrbach,Almacén General,2,13653.23
2173,83958,RESINAS NEXTDENT MODEL 2.0 GREY,Amann Girrbach,Almacén General,1,2219.97
2174,3746,RESIN TRAY ND 5100,Amann Girrbach,Almacén General,11,98015.44
2175,19299242,RFID-PRINT MOTION DRS / M3 / MATRON,Amann Girrbach,Almacén General,2,5843.77
2176,11009,ROSETTA SM C14 HT A1,Hass,Almacén General,1,1374.89
2177,11048,ROSETTA SM C32 HT A2,Hass,Almacén General,1,2105.78
2178,11051,ROSETTA SM C32 HT A3,Hass,Almacén General,6,12634.68
2179,11057,ROSETTA SM C32 LT A3,Hass,Almacén General,6,12634.68
2180,11069,ROSETTA SP R10 HT A3.5,Hass,Almacén General,7,2964.92
2181,11099,ROSETTA SP R10 LT A3.5,Hass,Almacén General,9,3859.69
2182,63105415,ROTARY TABLE MATRON,Amann Girrbach,Almacén General,1,93305.03
2183,19314796,ROTO RFID BROWN 0.5 EM,Amann Girrbach,Almacén General,7,6477.63
2184,19314802,ROTO RFID BROWN 0.5 SM 3MM SHAFT,Amann Girrbach,Almacén General,7,6477.63
2185,19314792,ROTO RFID BROWN 1.2 EM 3MM SHAFT,Amann Girrbach,Almacén General,8,7847.82
2186,85885,ROTO RFID PIN DE CALIBRACION EJE 3MM,Amann Girrbach,Almacén General,5,4812.16
2187,98585,S2 PROFI MILLING UNIT CPL,Schick,Almacén General,1,84683.57
2188,43422432,SCAN LADDER 8X KIT SCREW 1.40,Medit,Almacén General,10,164925.3
2189,89422,SCANNER DE MESA T510,Medit,Almacén General,13,1079091.0
2190,89427,SCANNER DE MESA T710,Medit,Almacén General,2,258244.0
2191,295066,SENSOR BLOCK MATRON,Amann Girrbach,Almacén General,1,6401.65
2192,295048,SENSOR DE PUERTA MIKRO 4X/5X/LC PLATAFORMA,Amann Girrbach,Almacén General,1,292.89
2193,43828569,SERVICE SET JAEGER SPINDLE,Amann Girrbach,Almacén General,1,2635.97
2194,118619,SILENT COMPACTCAM,Renfert,Almacén General,1,28783.28
2195,66742562,SILENT COMPACTCAM 120V US,Amann Girrbach,Almacén General,9,189364.27
2196,295021,SILENT POWERCAM EC 120V,Amann Girrbach,Almacén General,5,204124.01
2197,295024,SILENT POWERCAM EC INTERFACE CABLE,Amann Girrbach,Almacén General,19,18904.09
2198,63524842,SILENT XS ROW 100-240V,Renfert,Almacén General,1,11637.93
2199,85723,SILVER TEST SET 6 CERAMIC 3 SILVER RODS,Vita,Almacén General,5,5009.99
2200,54958321,SINTERING FURNACE CSF-400C-EU,Aidite,Almacén General,5,208176.0
2201,155115,SINTERPEARLS MICROPEARLS 200G,Dekema,Almacén General,1,2003.12
2202,4565,SKYROCK SOCLE FLUID STONE SH IV TERRACOT,Dentine,Almacén General,13,19964.23
2203,4559,SKYROCK SOCLE FLUID STONE SH IV TURQUOI,Dentine,Almacén General,3,4607.13
2204,4562,SKYROCK SOCLE FLUID STONE SH IV WHITE,Dentine,Almacén General,21,32249.91
2205,4544,SKYROCK STONE CLASS III BLUE 25KG,Dentine,Almacén General,1,778.06
2206,43825402,SLIDE WORKPIECE CHANGER (Z AXIS) MATRON,Amann Girrbach,Almacén General,1,43096.04
2207,96752,SMARTMIX X2,Amann Girrbach,Almacén General,20,461114.1
2208,116580,SOLENOIDE 230V 50 HZ - 240V 60 HZ,Parmex,Almacén General,4,2233.56
2209,100505,SONIC 4K 2022,Phrozen,Almacén General,1,16248.37
2210,100501,SONIC XL 4K 2022,Phrozen,Almacén General,2,65039.96
2211,122792,SOPORTE DE CERAMICA PARA TITANIO 25,Roko,Almacén General,3,1535.32
2212,122797,SOPORTE DE CERAMICA PARA TITANIO 50,Roko,Almacén General,2,1023.54
2213,3695,SOPORTE PARA PIEZAS DE TRABAJO 98 MOTION 2 5X,Amann Girrbach,Almacén General,17,223493.38
2214,63105424,SPINDLE CONTROLLER SYCOTEC MATRON,Amann Girrbach,Almacén General,1,14490.87
2215,4676,SPLITEX MOUNTING ARTICULATOR 1PCS,Amann Girrbach,Almacén General,7,55916.13
2216,3743,STAND FOR NEXTDENT 5100 AG,Amann Girrbach,Almacén General,1,14227.39
2217,3956,STARBITE HARD OCCLUSION RIMS,Scheftner,Almacén General,1,678.79
2218,85204,STARTRAY 45 X 45MM HONEYCOMB FIRING TRAYS,Scheftner,Almacén General,20,2639.33
2219,85202,STARTRAY 55 X 55MM HONEYCOMB FIRING TRAYS,Scheftner,Almacén General,34,4773.26
2220,85200,STARTRAY D 62MM HONEYCOMB FIRING TRAYS,Scheftner,Almacén General,25,4492.47
2221,85206,STARTRAY D 79MM HONEYCOMB FIRING TRAYS,Scheftner,Almacén General,27,5079.32
2222,3533,STEAMER X3 230V,Amann Girrbach,Almacén General,5,83535.73
2223,115683,SUJETAESPIGA,Amann Girrbach,Almacén General,2,1832.08
2224,45048429,SUPERFECT ZIR SHT-PM 14MM B1,Aidite,Almacén General,65,37142.07
2225,45051591,SUPERFECT ZIR SHT-PM 14MM B2,Aidite,Almacén General,36,20570.99
2226,45051586,SUPERFECT ZIR SHT-PM 16MM B2,Aidite,Almacén General,63,35999.24
2227,45051582,SUPERFECT ZIR SHT-PM 18MM B1,Aidite,Almacén General,6,4114.2
2228,45048420,SUPERFECT ZIR SHT-PM 18MM B2,Aidite,Almacén General,20,13713.99
2229,42221972,SUPERFECT ZIR SHT-PM 20MM B1,Aidite,Almacén General,25,15095.53
2230,42221978,SUPERFECT ZIR SHT-PM 20MM B2,Aidite,Almacén General,2,1207.64
2231,42218827,SUPERFECT ZIR SHT-PM 20MM OM2,Aidite,Almacén General,3,1811.47
2232,11150,SUPRINITY 0M1 HT LS14,Vita,Almacén General,4,4486.88
2233,11153,SUPRINITY 0M1 T LS14,Vita,Almacén General,9,10095.48
2234,11180,SUPRINITY A3.5 T LS14,Vita,Almacén General,12,13460.64
2235,11186,SUPRINITY A3 T LS14,Vita,Almacén General,4,4486.88
2236,11195,SUPRINITY C2 HT LS14,Vita,Almacén General,4,4486.88
2237,11198,SUPRINITY C2 T LS14,Vita,Almacén General,4,4486.88
2238,11201,SUPRINITY D2 HT LS14,Vita,Almacén General,2,2243.44
2239,11204,SUPRINITY D2 T LS14,Vita,Almacén General,3,3365.16
2240,307928,TAMIZ DE VIRUTAS MOTION 2,Amann Girrbach,Almacén General,2,3319.37
2241,3677,TAPA DE PORTAHERRAMIENTAS MOTION 2,Amann Girrbach,Almacén General,4,2223.54
2242,92940,TFT LCD PANEL 6.1,Phrozen,Almacén General,8,12399.87
2243,10990793,THE SHOW 10 LAYERS U A1 20MM,Anax Dent,Almacén General,20,31410.88
2244,10990802,THE SHOW 10 LAYERS U A1 25 MM,Anax Dent,Almacén General,21,34114.29
2245,10990796,THE SHOW 10 LAYERS U B1 20MM,Anax Dent,Almacén General,8,16644.75
2246,10990805,THE SHOW 10 LAYERS U B1 25 MM,Anax Dent,Almacén General,2,4336.03
2247,10990789,THE SHOW 10 LAYERS U BLEACH 1 20 MM,Anax Dent,Almacén General,3,6241.78
2248,10990799,THE SHOW 10 LAYERS U BLEACH 1 25MM,Anax Dent,Almacén General,8,17344.12
2249,115687,TONILLO SUPERIOR GUIDA INCISALE ARTEX C,Amann Girrbach,Almacén General,4,926.98
2250,295069,TOOL LENGTH SENSOR MATRON,Amann Girrbach,Almacén General,3,21296.98
2251,297459,TOOL LENGTH SENSOR MOTION 2 O 3,Amann Girrbach,Almacén General,2,11966.47
2252,17001766,TORNADO 1 COMPRESOR WITH MEMBRANE DRYING UNIT,Durr Dental,Almacén General,21,770952.0
2253,116785,TRAY OK CLEAR 25 PCS,Anax Dent,Almacén General,8,8682.3
2254,116789,TRAY UK CLEAR 25 PCS,Anax Dent,Almacén General,7,7597.01
2255,11219,TRILUXE 2M2C TRI12,Vita,Almacén General,7,9150.4
2256,11231,TRILUXE 3M2C TRI14,Vita,Almacén General,1,1178.28
2257,11237,TRILUXE A1C TRI12,Vita,Almacén General,1,1515.24
2258,11243,TRILUXE A2C TRI12,Vita,Almacén General,6,9091.44
2259,11261,TRILUXE FORTE 1M2C TF40/19,Vita,Almacén General,3,1893.69
2260,11264,TRILUXE FORTE 2M2C TF12,Vita,Almacén General,8,6851.84
2261,11291,TRILUXE FORTE A2C TF14,Vita,Almacén General,11,10697.02
2262,11294,TRILUXE FORTE A3C TF14,Vita,Almacén General,2,264.91
2263,87056,TRIX CAST TANK,Dekema,Almacén General,3,27921.99
2264,92576,TRIX MODEL TANK IN BOTTLE,Dekema,Almacén General,2,12390.35
2265,89454,TURBINA SILENT COMPACT,Renfert,Almacén General,1,3155.5
2266,309446,UEBERTRAGUNGSKOLBEN,Amann Girrbach,Almacén General,2,560.36
2267,49547180,ULTRA CROWN KIT BUILD TRAY,Asiga ,Almacén General,3,2811.85
2268,297486,UNIVERSAL AND GLAZE LIQUID UF GL 25ML,Creation,Almacén General,10,2572.05
2269,11920198,UNIVERSAL AND GLAZE LIQUID UF GL 50ML,Creation,Almacén General,19,6197.03
2270,4259,UNIV HOLDER FOR GLASS CERAMIC 10PCS,Amann Girrbach,Almacén General,7,2069.9
2271,4327246,UV RESIN STANDARD WATER WASHABLE TOUGH WHITE 1000G V4,Phrozen,Almacén General,72,46538.97
2272,7209147,VACUUM CLEANER R-412 220V,Aidite,Almacén General,2,24287.2
2273,63105405,VALVE TERMINAL MATRON,Amann Girrbach,Almacén General,1,11562.01
2274,63105428,VALVE TERMINAL MATRON CORE,Amann Girrbach,Almacén General,1,9191.03
2275,234044,VALVULA SOLENOIDE 24V ARGOTHERM 2,Amann Girrbach,Almacén General,4,3458.84
2276,116771,VISCO III A1 76G,Anax Dent,Almacén General,8,12387.96
2277,116775,VISCO III A2 76G,Anax Dent,Almacén General,4,7306.69
2278,8387249,"VITABLOCS TRILUXE FORTE FOR CEREC/INLAB, 1M2C, TF-14, 5 PCS",Vita,Almacén General,3,3623.28
2279,91350,VITA BOMBA DE VACIO PARA HORNO 110V,Vita,Almacén General,61,451735.8
2280,96078,VITON- RING 145X4MM,Vita,Almacén General,3,1127.83
2281,11327,VM13 BASE DENTINE 0M1 12G,Vita,Almacén General,16,3951.43
2282,11330,VM13 BASE DENTINE 0M1 50G,Vita,Almacén General,1,926.45
2283,11333,VM13 BASE DENTINE 0M2 12G,Vita,Almacén General,8,2054.01
2284,11336,VM13 BASE DENTINE 0M2 50G,Vita,Almacén General,1,926.45
2285,11339,VM13 BASE DENTINE 0M3 12G,Vita,Almacén General,4,1090.2
2286,11342,VM13 BASE DENTINE 0M3 50G,Vita,Almacén General,1,926.45
2287,11345,VM13 BASE DENTINE 1M1 12G,Vita,Almacén General,2,474.63
2288,11351,VM13 BASE DENTINE 1M2 12G,Vita,Almacén General,2,446.42
2289,11354,VM13 BASE DENTINE 1M2 50G,Vita,Almacén General,2,1852.9
2290,11357,VM13 BASE DENTINE 2L1.5 12G,Vita,Almacén General,9,2058.66
2291,11360,VM13 BASE DENTINE 2L1.5 50G,Vita,Almacén General,4,445.32
2292,11363,VM13 BASE DENTINE 2L2.5 12G,Vita,Almacén General,20,4751.12
2293,11366,VM13 BASE DENTINE 2L2.5 50G,Vita,Almacén General,3,2779.35
2294,11369,VM13 BASE DENTINE 2M1 12G,Vita,Almacén General,26,6263.47
2295,11372,VM13 BASE DENTINE 2M1 50G,Vita,Almacén General,2,222.66
2296,11387,VM13 BASE DENTINE 2R1.5 12G,Vita,Almacén General,9,2297.14
2297,11390,VM13 BASE DENTINE 2R1.5 50G,Vita,Almacén General,1,926.45
2298,11399,VM13 BASE DENTINE 3L1.5 12G,Vita,Almacén General,5,1240.32
2299,11402,VM13 BASE DENTINE 3L1.5 50G,Vita,Almacén General,1,926.45
2300,11405,VM13 BASE DENTINE 3L2.5 12G,Vita,Almacén General,3,756.69
2301,11408,VM13 BASE DENTINE 3L2.5 50G,Vita,Almacén General,2,1852.9
2302,11411,VM13 BASE DENTINE 3M1 12G,Vita,Almacén General,14,3385.97
2303,11414,VM13 BASE DENTINE 3M1 50G,Vita,Almacén General,1,926.45
2304,11429,VM13 BASE DENTINE 3R1.5 12G,Vita,Almacén General,6,1478.19
2305,11432,VM13 BASE DENTINE 3R1.5 50G,Vita,Almacén General,4,3705.8
2306,11435,VM13 BASE DENTINE 3R2.5 12G,Vita,Almacén General,2,190.26
2307,11447,VM13 BASE DENTINE 4L2.5 12G,Vita,Almacén General,9,2250.87
2308,11453,VM13 BASE DENTINE 4M1 12G,Vita,Almacén General,11,2716.61
2309,11456,VM13 BASE DENTINE 4M1 50G,Vita,Almacén General,1,926.45
2310,11459,VM13 BASE DENTINE 4M2 12G,Vita,Almacén General,4,644.1
2311,11465,VM13 BASE DENTINE 4M3 12G,Vita,Almacén General,8,1970.56
2312,11471,VM13 BASE DENTINE 4R1.5 12G,Vita,Almacén General,9,2253.4
2313,11474,VM13 BASE DENTINE 4R1.5 50G,Vita,Almacén General,1,926.45
2314,11477,VM13 BASE DENTINE 4R2.5 12G,Vita,Almacén General,4,999.26
2315,11483,VM13 BASE DENTINE 5M1 12G,Vita,Almacén General,2,410.29
2316,11489,VM13 BASE DENTINE 5M2 12G,Vita,Almacén General,3,774.11
2317,11495,VM13 BASE DENTINE 5M3 12G,Vita,Almacén General,5,1122.95
2318,11501,VM13 BASE DENTINE A1 12G,Vita,Almacén General,11,2663.12
2319,11525,VM13 BASE DENTINE A4 12G,Vita,Almacén General,4,993.45
2320,11534,VM13 BASE DENTINE B1 50G,Vita,Almacén General,1,1015.33
2321,11546,VM13 BASE DENTINE B3 50G,Vita,Almacén General,1,829.78
2322,11549,VM13 BASE DENTINE B4 12G,Vita,Almacén General,3,743.1
2323,11591,VM13 BASE DENTINE D4 12G,Vita,Almacén General,6,1790.41
2324,86585,VM13 BASIC KIT SMALL POWDER (3D),Vita,Almacén General,1,12178.88
2325,86581,VM13 BASIC KIT SMALL POWDER CLASSICAL,Vita,Almacén General,1,9011.75
2326,86575,VM13 BLEACHED COLOR KIT POWDER,Vita,Almacén General,1,3684.08
2327,5747,VM13 BUILD UP KIT SMALL 3D-MASTER,Vita,Almacén General,1,4727.48
2328,11615,VM13 CHROMA PLUS CP1,Vita,Almacén General,3,1091.01
2329,11621,VM13 CHROMA PLUS CP3,Vita,Almacén General,4,1385.82
2330,11624,VM13 CHROMA PLUS CP4,Vita,Almacén General,12,4364.04
2331,11627,VM13 CHROMA PLUS CP5,Vita,Almacén General,10,3636.7
2332,11597,VM13 COLOR OPAQUE CO1,Vita,Almacén General,3,817.65
2333,11600,VM13 COLOR OPAQUE CO2,Vita,Almacén General,4,1090.2
2334,11603,VM13 COLOR OPAQUE CO3,Vita,Almacén General,2,545.1
2335,11606,VM13 CORRECTIVE COR1,Vita,Almacén General,8,2757.59
2336,11609,VM13 CORRECTIVE COR2,Vita,Almacén General,3,1079.62
2337,11612,VM13 CORRECTIVE COR3,Vita,Almacén General,10,3083.32
2338,11630,VM13 EFFECT CHROMA EC1,Vita,Almacén General,9,3273.03
2339,11633,VM13 EFFECT CHROMA EC10,Vita,Almacén General,7,2545.69
2340,11636,VM13 EFFECT CHROMA EC11,Vita,Almacén General,9,3273.03
2341,11639,VM13 EFFECT CHROMA EC2,Vita,Almacén General,15,5455.05
2342,11642,VM13 EFFECT CHROMA EC3,Vita,Almacén General,6,2182.02
2343,11645,VM13 EFFECT CHROMA EC4,Vita,Almacén General,12,4364.04
2344,11648,VM13 EFFECT CHROMA EC5,Vita,Almacén General,6,2182.02
2345,11651,VM13 EFFECT CHROMA EC6,Vita,Almacén General,1,363.67
2346,11654,VM13 EFFECT CHROMA EC7,Vita,Almacén General,9,3273.03
2347,11657,VM13 EFFECT CHROMA EC8,Vita,Almacén General,11,4000.37
2348,11660,VM13 EFFECT CHROMA EC9,Vita,Almacén General,10,3636.7
2349,11666,VM13 EFFECT ENAMEL EE10,Vita,Almacén General,10,3636.7
2350,11669,VM13 EFFECT ENAMEL EE11,Vita,Almacén General,8,2909.36
2351,11672,VM13 EFFECT ENAMEL EE2,Vita,Almacén General,4,1454.68
2352,11675,VM13 EFFECT ENAMEL EE3,Vita,Almacén General,10,3636.7
2353,11678,VM13 EFFECT ENAMEL EE4,Vita,Almacén General,10,3636.7
2354,11681,VM13 EFFECT ENAMEL EE5,Vita,Almacén General,9,3273.03
2355,11684,VM13 EFFECT ENAMEL EE6,Vita,Almacén General,10,3636.7
2356,11687,VM13 EFFECT ENAMEL EE7,Vita,Almacén General,8,2909.36
2357,11690,VM13 EFFECT ENAMEL EE8,Vita,Almacén General,10,3636.7
2358,11693,VM13 EFFECT ENAMEL EE9,Vita,Almacén General,1,257.0
2359,11696,VM13 EFFECT LINER EL1,Vita,Almacén General,6,5437.74
2360,11699,VM13 EFFECT LINER EL2,Vita,Almacén General,10,9062.9
2361,11702,VM13 EFFECT LINER EL3,Vita,Almacén General,5,4531.45
2362,11705,VM13 EFFECT LINER EL4,Vita,Almacén General,4,3625.16
2363,11708,VM13 EFFECT LINER EL5,Vita,Almacén General,4,1232.94
2364,11711,VM13 EFFECT LINER EL6,Vita,Almacén General,4,3625.16
2365,11726,VM13 EFFECT OPAL EO1,Vita,Almacén General,4,1378.79
2366,11729,VM13 EFFECT OPAL EO2,Vita,Almacén General,10,3636.7
2367,11732,VM13 EFFECT OPAL EO3,Vita,Almacén General,11,3493.1
2368,11735,VM13 EFFECT OPAL EO4,Vita,Almacén General,10,3522.87
2369,11738,VM13 EFFECT OPAL EO5,Vita,Almacén General,9,3273.03
2370,11741,VM13 EFFECT PEARL EP1,Vita,Almacén General,3,2718.87
2371,11744,VM13 EFFECT PEARL EP2,Vita,Almacén General,8,7250.32
2372,11747,VM13 EFFECT PEARL EP3,Vita,Almacén General,9,8156.61
2373,11750,VM13 GINGIVA G1,Vita,Almacén General,4,1280.0
2374,11753,VM13 GINGIVA G2,Vita,Almacén General,6,1715.77
2375,11756,VM13 GINGIVA G3,Vita,Almacén General,5,1303.28
2376,11759,VM13 GINGIVA G4,Vita,Almacén General,4,1297.19
2377,11762,VM13 GINGIVA G5,Vita,Almacén General,6,2030.25
2378,11765,VM13 GINGIVA GOD,Vita,Almacén General,5,1362.75
2379,11768,VM13 GINGIVA GOL,Vita,Almacén General,2,545.1
2380,11789,VM13 MAMELON MM1,Vita,Almacén General,5,1818.35
2381,11792,VM13 MAMELON MM2,Vita,Almacén General,7,2545.69
2382,11795,VM13 MAMELON MM3,Vita,Almacén General,6,2182.02
2383,11771,VM13 MARGIN M1,Vita,Almacén General,7,2439.46
2384,11774,VM13 MARGIN M4,Vita,Almacén General,6,1787.8
2385,11777,VM13 MARGIN M5,Vita,Almacén General,9,3136.44
2386,11780,VM13 MARGIN M7,Vita,Almacén General,5,1755.11
2387,11783,VM13 MARGIN M8,Vita,Almacén General,8,2707.0
2388,11786,VM13 MARGIN M9,Vita,Almacén General,6,1787.8
2389,11804,VM13 OPAQUE A1 12G,Vita,Almacén General,12,3067.85
2390,11813,VM13 OPAQUE A3 12G,Vita,Almacén General,3,577.53
2391,11810,VM13 OPAQUE A3.5 12G,Vita,Almacén General,5,1362.75
2392,11816,VM13 OPAQUE A4 12G,Vita,Almacén General,4,824.28
2393,11819,VM13 OPAQUE B1 12G,Vita,Almacén General,4,1009.1
2394,11822,VM13 OPAQUE B2 12G,Vita,Almacén General,6,1554.2
2395,11825,VM13 OPAQUE B3 12G,Vita,Almacén General,4,1027.12
2396,11828,VM13 OPAQUE B4 12G,Vita,Almacén General,5,1283.9
2397,11831,VM13 OPAQUE C1 12G,Vita,Almacén General,3,98.25
2398,11834,VM13 OPAQUE C2 12G,Vita,Almacén General,2,225.37
2399,11837,VM13 OPAQUE C3 12G,Vita,Almacén General,1,175.78
2400,11840,VM13 OPAQUE C4 12G,Vita,Almacén General,2,364.21
2401,11843,VM13 OPAQUE D2 12G,Vita,Almacén General,2,545.1
2402,11846,VM13 OPAQUE D3 12G,Vita,Almacén General,4,1090.2
2403,11849,VM13 OPAQUE D4 12G,Vita,Almacén General,2,364.21
2404,11852,VM13 OPAQUE OP0 12G,Vita,Almacén General,7,1907.85
2405,11858,VM13 OPAQUE OP1 12G,Vita,Almacén General,5,1225.12
2406,11876,VM13 OPAQUE OP4 12G,Vita,Almacén General,3,458.86
2407,11891,VM13 SUN DENTINE SD1,Vita,Almacén General,3,1091.01
2408,11894,VM13 SUN DENTINE SD2,Vita,Almacén General,1,363.67
2409,11897,VM13 SUN DENTINE SD3,Vita,Almacén General,2,727.34
2410,11900,VM13 SUN OPAQUE SO1,Vita,Almacén General,2,545.1
2411,11903,VM13 SUN OPAQUE SO2,Vita,Almacén General,1,219.89
2412,11906,VM13 SUN OPAQUE SO3,Vita,Almacén General,1,272.55
2413,11909,VM13 TRANSPA DENTINE 0M1 12G,Vita,Almacén General,22,5354.82
2414,11915,VM13 TRANSPA DENTINE 0M2 12G,Vita,Almacén General,22,5354.82
2415,11921,VM13 TRANSPA DENTINE 0M3 12G,Vita,Almacén General,18,4854.7
2416,11927,VM13 TRANSPA DENTINE 1M1 12G,Vita,Almacén General,13,3309.24
2417,11930,VM13 TRANSPA DENTINE 1M1 50G,Vita,Almacén General,2,1852.9
2418,11933,VM13 TRANSPA DENTINE 1M2 12G,Vita,Almacén General,9,2122.39
2419,11939,VM13 TRANSPA DENTINE 2L1.5 12G,Vita,Almacén General,13,3312.51
2420,11942,VM13 TRANSPA DENTINE 2L1.5 50G,Vita,Almacén General,1,926.45
2421,11945,VM13 TRANSPA DENTINE 2L2.5 12G,Vita,Almacén General,12,3026.81
2422,11948,VM13 TRANSPA DENTINE 2L2.5 50G,Vita,Almacén General,1,926.45
2423,11951,VM13 TRANSPA DENTINE 2M1 12G,Vita,Almacén General,23,5241.91
2424,11954,VM13 TRANSPA DENTINE 2M1 50G,Vita,Almacén General,1,926.45
2425,11957,VM13 TRANSPA DENTINE 2M2 12G,Vita,Almacén General,13,2508.84
2426,11963,VM13 TRANSPA DENTINE 2M3 12G,Vita,Almacén General,12,2700.71
2427,11969,VM13 TRANSPA DENTINE 2R1.5 12G,Vita,Almacén General,16,4024.4
2428,11972,VM13 TRANSPA DENTINE 2R1.5 50G,Vita,Almacén General,2,1852.9
2429,11975,VM13 TRANSPA DENTINE 2R2.5 12G,Vita,Almacén General,12,2838.49
2430,11981,VM13 TRANSPA DENTINE 3L1.5 12G,Vita,Almacén General,8,2046.45
2431,11984,VM13 TRANSPA DENTINE 3L1.5 50G,Vita,Almacén General,2,1852.9
2432,11987,VM13 TRANSPA DENTINE 3L2.5 12G,Vita,Almacén General,15,3822.14
2433,11990,VM13 TRANSPA DENTINE 3L2.5 50G,Vita,Almacén General,1,926.45
2434,11993,VM13 TRANSPA DENTINE 3M1 12G,Vita,Almacén General,9,2302.24
2435,11996,VM13 TRANSPA DENTINE 3M1 50G,Vita,Almacén General,1,926.45
2436,12005,VM13 TRANSPA DENTINE 3M3 12G,Vita,Almacén General,11,2737.85
2437,12011,VM13 TRANSPA DENTINE 3R1.5 12G,Vita,Almacén General,10,2383.35
2438,12014,VM13 TRANSPA DENTINE 3R1.5 50G,Vita,Almacén General,2,1852.9
2439,12020,VM13 TRANSPA DENTINE 3R2.5 50G,Vita,Almacén General,1,926.45
2440,12023,VM13 TRANSPA DENTINE 4L1.5 12G,Vita,Almacén General,5,1283.9
2441,12029,VM13 TRANSPA DENTINE 4L2.5 12G,Vita,Almacén General,2,545.1
2442,12035,VM13 TRANSPA DENTINE 4M1 12G,Vita,Almacén General,7,1783.67
2443,12041,VM13 TRANSPA DENTINE 4M2 12G,Vita,Almacén General,12,2997.96
2444,12044,VM13 TRANSPA DENTINE 4M2 50G,Vita,Almacén General,1,926.45
2445,12047,VM13 TRANSPA DENTINE 4M3 12G,Vita,Almacén General,6,1528.86
2446,12053,VM13 TRANSPA DENTINE 4R1.5 12G,Vita,Almacén General,3,817.65
2447,12059,VM13 TRANSPA DENTINE 4R2.5 12G,Vita,Almacén General,5,1274.05
2448,12065,VM13 TRANSPA DENTINE 5M1 12G,Vita,Almacén General,11,2824.6
2449,12071,VM13 TRANSPA DENTINE 5M2 12G,Vita,Almacén General,3,817.65
2450,12077,VM13 TRANSPA DENTINE 5M3 12G,Vita,Almacén General,5,1295.17
2451,12083,VM13 TRANSPA DENTINE A1 12G,Vita,Almacén General,17,4284.71
2452,12086,VM13 TRANSPA DENTINE A1 50G,Vita,Almacén General,1,827.49
2453,12089,VM13 TRANSPA DENTINE A2 12G,Vita,Almacén General,4,842.25
2454,12092,VM13 TRANSPA DENTINE A2 50G,Vita,Almacén General,1,844.76
2455,12095,VM13 TRANSPA DENTINE A3.5 12G,Vita,Almacén General,1,272.55
2456,12107,VM13 TRANSPA DENTINE A4 12G,Vita,Almacén General,5,1278.27
2457,12113,VM13 TRANSPA DENTINE B1 12G,Vita,Almacén General,2,545.1
2458,12128,VM13 TRANSPA DENTINE B3 50G,Vita,Almacén General,2,1689.5
2459,12191,VM9 ADD-ON ADD1,Vita,Almacén General,6,2182.02
2460,12194,VM9 ADD-ON ADD2,Vita,Almacén General,5,1818.35
2461,12197,VM9 ADD-ON ADD3,Vita,Almacén General,4,1454.68
2462,12200,VM9 ADD-ON ADD4,Vita,Almacén General,3,1091.01
2463,12203,VM9 ADD-ON ADD5,Vita,Almacén General,2,727.34
2464,12206,VM9 ADD-ON ADD6,Vita,Almacén General,5,1818.35
2465,12209,VM9 ADD-ON ADD7,Vita,Almacén General,6,2182.02
2466,12212,VM9 ADD-ON ADD8,Vita,Almacén General,7,2545.69
2467,12227,VM9 BASE DENTINE 0M2 12G,Vita,Almacén General,1,246.22
2468,12260,VM9 BASE DENTINE 2L2.5 50G,Vita,Almacén General,3,1694.1
2469,12266,VM9 BASE DENTINE 2M1 50G,Vita,Almacén General,2,1129.4
2470,12272,VM9 BASE DENTINE 2M2 50G,Vita,Almacén General,8,6354.92
2471,12284,VM9 BASE DENTINE 2R1.5 50G,Vita,Almacén General,4,2258.8
2472,12290,VM9 BASE DENTINE 2R2.5 50G,Vita,Almacén General,1,564.7
2473,12296,VM9 BASE DENTINE 3L1.5 50G,Vita,Almacén General,3,1694.1
2474,12299,VM9 BASE DENTINE 3L2.5 12G,Vita,Almacén General,7,1794.1
2475,12305,VM9 BASE DENTINE 3M1 12G,Vita,Almacén General,4,1075.98
2476,12308,VM9 BASE DENTINE 3M1 50G,Vita,Almacén General,4,2258.8
2477,12311,VM9 BASE DENTINE 3M2 12G,Vita,Almacén General,2,379.73
2478,12314,VM9 BASE DENTINE 3M2 50G,Vita,Almacén General,15,12076.38
2479,12317,VM9 BASE DENTINE 3M3 12G,Vita,Almacén General,1,245.0
2480,12323,VM9 BASE DENTINE 3R1.5 12G,Vita,Almacén General,9,2386.45
2481,12326,VM9 BASE DENTINE 3R1.5 50G,Vita,Almacén General,1,564.7
2482,12332,VM9 BASE DENTINE 3R2.5 50G,Vita,Almacén General,3,1694.1
2483,12335,VM9 BASE DENTINE 4L1.5 12G,Vita,Almacén General,2,488.23
2484,12338,VM9 BASE DENTINE 4L1.5 50G,Vita,Almacén General,1,564.7
2485,12341,VM9 BASE DENTINE 4L2.5 12G,Vita,Almacén General,3,817.65
2486,12347,VM9 BASE DENTINE 4M1 12G,Vita,Almacén General,2,511.92
2487,12350,VM9 BASE DENTINE 4M1 50G,Vita,Almacén General,1,564.7
2488,12353,VM9 BASE DENTINE 4M2 12G,Vita,Almacén General,3,689.94
2489,12359,VM9 BASE DENTINE 4M3 12G,Vita,Almacén General,3,817.65
2490,12365,VM9 BASE DENTINE 4R1.5 12G,Vita,Almacén General,5,1362.75
2491,12371,VM9 BASE DENTINE 4R2.5 12G,Vita,Almacén General,4,1090.2
2492,12377,VM9 BASE DENTINE 5M1 12G,Vita,Almacén General,4,1010.57
2493,12383,VM9 BASE DENTINE 5M2 12G,Vita,Almacén General,5,1362.75
2494,12389,VM9 BASE DENTINE 5M3 12G,Vita,Almacén General,2,545.1
2495,12398,VM9 BASE DENTINE A1 50G,Vita,Almacén General,1,564.7
2496,12407,VM9 BASE DENTINE A3.5 12G,Vita,Almacén General,2,313.72
2497,12419,VM9 BASE DENTINE A4 12G,Vita,Almacén General,2,385.23
2498,12425,VM9 BASE DENTINE B1 12G,Vita,Almacén General,13,3221.47
2499,12431,VM9 BASE DENTINE B2 12G,Vita,Almacén General,9,2015.83
2500,12437,VM9 BASE DENTINE B3 12G,Vita,Almacén General,6,1513.42
2501,12443,VM9 BASE DENTINE B4 12G,Vita,Almacén General,3,817.65
2502,12449,VM9 BASE DENTINE C1 12G,Vita,Almacén General,6,1537.8
2503,12455,VM9 BASE DENTINE C2 12G,Vita,Almacén General,1,254.11
2504,12461,VM9 BASE DENTINE C3 12G,Vita,Almacén General,1,248.85
2505,12467,VM9 BASE DENTINE C4 12G,Vita,Almacén General,7,1794.1
2506,12473,VM9 BASE DENTINE D2 12G,Vita,Almacén General,4,1011.21
2507,12479,VM9 BASE DENTINE D3 12G,Vita,Almacén General,1,248.42
2508,12485,VM9 BASE DENTINE D4 12G,Vita,Almacén General,7,1758.55
2509,12215,VM9 BASIC KIT 3D MASTER,Vita,Almacén General,2,26450.92
2510,12218,VM9 BASIC KIT SMALL,Vita,Almacén General,1,9547.75
2511,12491,VM9 BUILD UP SMALL KIT (3D),Vita,Almacén General,2,9454.96
2512,86549,VM9 BUILD UP SMALL KIT CLASSICAL,Vita,Almacén General,4,8125.44
2513,12503,VM9 CHROMA PLUS CP1,Vita,Almacén General,11,3924.49
2514,12506,VM9 CHROMA PLUS CP2,Vita,Almacén General,7,2393.92
2515,12509,VM9 CHROMA PLUS CP3,Vita,Almacén General,10,2860.05
2516,12512,VM9 CHROMA PLUS CP4,Vita,Almacén General,8,2738.62
2517,12515,VM9 CHROMA PLUS CP5,Vita,Almacén General,13,4727.71
2518,12500,VM9 CORRECTIVE COR3,Vita,Almacén General,5,1178.35
2519,12518,VM9 EFFECT BONDER EB0,Vita,Almacén General,2,727.34
2520,12533,VM9 EFFECT BONDER EB5,Vita,Almacén General,2,727.34
2521,12536,VM9 EFFECT CHROMA EC1,Vita,Almacén General,11,4000.37
2522,12539,VM9 EFFECT CHROMA EC10,Vita,Almacén General,11,4000.37
2523,12542,VM9 EFFECT CHROMA EC11,Vita,Almacén General,11,4000.37
2524,12545,VM9 EFFECT CHROMA EC2,Vita,Almacén General,14,5091.38
2525,12548,VM9 EFFECT CHROMA EC3,Vita,Almacén General,6,2182.02
2526,12551,VM9 EFFECT CHROMA EC4,Vita,Almacén General,9,3273.03
2527,12554,VM9 EFFECT CHROMA EC5,Vita,Almacén General,9,3193.35
2528,12557,VM9 EFFECT CHROMA EC6,Vita,Almacén General,9,3092.8
2529,12560,VM9 EFFECT CHROMA EC7,Vita,Almacén General,11,4000.37
2530,12563,VM9 EFFECT CHROMA EC8,Vita,Almacén General,10,3636.7
2531,12566,VM9 EFFECT CHROMA EC9,Vita,Almacén General,1,363.67
2532,12572,VM9 EFFECT ENAMEL EE10,Vita,Almacén General,11,4000.37
2533,12575,VM9 EFFECT ENAMEL EE11,Vita,Almacén General,9,3273.03
2534,12578,VM9 EFFECT ENAMEL EE2,Vita,Almacén General,4,558.68
2535,12581,VM9 EFFECT ENAMEL EE3,Vita,Almacén General,6,2182.02
2536,12587,VM9 EFFECT ENAMEL EE5,Vita,Almacén General,4,1454.68
2537,12590,VM9 EFFECT ENAMEL EE6,Vita,Almacén General,11,4000.37
2538,12593,VM9 EFFECT ENAMEL EE7,Vita,Almacén General,7,2545.69
2539,12596,VM9 EFFECT ENAMEL EE8,Vita,Almacén General,11,4000.37
2540,12599,VM9 EFFECT ENAMEL EE9,Vita,Almacén General,3,848.53
2541,12602,VM9 EFFECT LINER EL1,Vita,Almacén General,8,5423.59
2542,12608,VM9 EFFECT LINER EL3,Vita,Almacén General,9,7641.76
2543,12611,VM9 EFFECT LINER EL4,Vita,Almacén General,8,6777.51
2544,12614,VM9 EFFECT LINER EL5,Vita,Almacén General,6,5154.06
2545,12617,VM9 EFFECT LINER EL6,Vita,Almacén General,5,4058.63
2546,12638,VM9 EFFECT OPAL EO3,Vita,Almacén General,6,2182.02
2547,12641,VM9 EFFECT OPAL EO4,Vita,Almacén General,12,4364.04
2548,12644,VM9 EFFECT OPAL EO5,Vita,Almacén General,14,5091.38
2549,12647,VM9 EFFECT PEARL EP1,Vita,Almacén General,10,3636.7
2550,12650,VM9 EFFECT PEARL EP2,Vita,Almacén General,4,1454.68
2551,12653,VM9 EFFECT PEARL EP3,Vita,Almacén General,6,1979.92
2552,12620,VM9 ENAMEL END 12G,Vita,Almacén General,6,1308.63
2553,12623,VM9 ENAMEL END 50G,Vita,Almacén General,5,3601.47
2554,12656,VM9 GINGIVA G1,Vita,Almacén General,4,1329.22
2555,12659,VM9 GINGIVA G2,Vita,Almacén General,3,675.4
2556,12662,VM9 GINGIVA G3,Vita,Almacén General,2,431.03
2557,12665,VM9 GINGIVA G4,Vita,Almacén General,1,325.73
2558,12668,VM9 GINGIVA G5,Vita,Almacén General,9,3059.04
2559,12692,VM9 MAMELON MM1,Vita,Almacén General,3,1091.01
2560,12695,VM9 MAMELON MM2,Vita,Almacén General,5,1818.35
2561,12698,VM9 MAMELON MM3,Vita,Almacén General,12,4364.04
2562,86554,VM9 MARGIN KIT,Vita,Almacén General,2,5060.16
2563,12674,VM9 MARGIN M1,Vita,Almacén General,4,1454.68
2564,12677,VM9 MARGIN M4,Vita,Almacén General,7,2545.69
2565,12680,VM9 MARGIN M5,Vita,Almacén General,5,1818.35
2566,12683,VM9 MARGIN M7,Vita,Almacén General,3,1091.01
2567,12686,VM9 MARGIN M8,Vita,Almacén General,4,1454.68
2568,12689,VM9 MARGIN M9,Vita,Almacén General,3,1091.01
2569,12701,VM9 NEUTRAL NT 12G,Vita,Almacén General,18,4425.57
2570,12704,VM9 NEUTRAL NT 50G,Vita,Almacén General,4,2894.99
2571,12707,VM9 PROFESSIONAL KIT,Vita,Almacén General,1,11321.06
2572,12710,VM9 SUN DENTINE SD1,Vita,Almacén General,9,3273.03
2573,12713,VM9 SUN DENTINE SD2,Vita,Almacén General,6,2182.02
2574,12716,VM9 SUN DENTINE SD3,Vita,Almacén General,9,3273.03
2575,12725,VM9 TRANSPA DENTINE 0M2 12G,Vita,Almacén General,3,98.25
2576,12731,VM9 TRANSPA DENTINE 0M3 12G,Vita,Almacén General,5,323.62
2577,12737,VM9 TRANSPA DENTINE 1M1 12G,Vita,Almacén General,7,1735.02
2578,12743,VM9 TRANSPA DENTINE 1M2 12G,Vita,Almacén General,9,1936.62
2579,12749,VM9 TRANSPA DENTINE 2L1.5 12G,Vita,Almacén General,6,1464.67
2580,12752,VM9 TRANSPA DENTINE 2L1.5 50G,Vita,Almacén General,1,564.7
2581,12755,VM9 TRANSPA DENTINE 2L2.5 12G,Vita,Almacén General,10,2725.5
2582,12758,VM9 TRANSPA DENTINE 2L2.5 50G,Vita,Almacén General,2,1129.4
2583,12761,VM9 TRANSPA DENTINE 2M1 12G,Vita,Almacén General,4,997.77
2584,12764,VM9 TRANSPA DENTINE 2M1 50G,Vita,Almacén General,1,564.7
2585,12770,VM9 TRANSPA DENTINE 2M2 50G,Vita,Almacén General,18,14482.0
2586,12773,VM9 TRANSPA DENTINE 2M3 12G,Vita,Almacén General,9,2291.81
2587,12776,VM9 TRANSPA DENTINE 2M3 50G,Vita,Almacén General,3,1694.1
2588,12779,VM9 TRANSPA DENTINE 2R1.5 12G,Vita,Almacén General,7,1852.55
2589,12782,VM9 TRANSPA DENTINE 2R1.5 50G,Vita,Almacén General,4,2258.8
2590,12785,VM9 TRANSPA DENTINE 2R2.5 12G,Vita,Almacén General,8,2107.28
2591,12788,VM9 TRANSPA DENTINE 2R2.5 50G,Vita,Almacén General,3,1694.1
2592,12791,VM9 TRANSPA DENTINE 3L1.5 12G,Vita,Almacén General,8,2059.07
2593,12794,VM9 TRANSPA DENTINE 3L1.5 50G,Vita,Almacén General,4,2258.8
2594,12797,VM9 TRANSPA DENTINE 3L2.5 12G,Vita,Almacén General,13,3358.31
2595,12800,VM9 TRANSPA DENTINE 3L2.5 50G,Vita,Almacén General,3,1694.1
2596,12803,VM9 TRANSPA DENTINE 3M1 12G,Vita,Almacén General,12,3128.42
2597,12806,VM9 TRANSPA DENTINE 3M1 50G,Vita,Almacén General,4,2258.8
2598,12809,VM9 TRANSPA DENTINE 3M2 12G,Vita,Almacén General,9,2117.42
2599,12812,VM9 TRANSPA DENTINE 3M2 50G,Vita,Almacén General,13,10998.58
2600,12815,VM9 TRANSPA DENTINE 3M3 12G,Vita,Almacén General,10,2463.86
2601,12821,VM9 TRANSPA DENTINE 3R1.5 12G,Vita,Almacén General,9,2329.73
2602,12824,VM9 TRANSPA DENTINE 3R1.5 50G,Vita,Almacén General,4,2258.8
2603,12827,VM9 TRANSPA DENTINE 3R2.5 12G,Vita,Almacén General,13,3327.02
2604,12830,VM9 TRANSPA DENTINE 3R2.5 50G,Vita,Almacén General,1,564.7
2605,12833,VM9 TRANSPA DENTINE 4L1.5 12G,Vita,Almacén General,4,1016.26
2606,12839,VM9 TRANSPA DENTINE 4L2.5 12G,Vita,Almacén General,5,1266.06
2607,12845,VM9 TRANSPA DENTINE 4M1 12G,Vita,Almacén General,5,1311.56
2608,12851,VM9 TRANSPA DENTINE 4M2 12G,Vita,Almacén General,5,1243.31
2609,12854,VM9 TRANSPA DENTINE 4M2 50G,Vita,Almacén General,2,1129.4
2610,12857,VM9 TRANSPA DENTINE 4M3 12G,Vita,Almacén General,6,1635.3
2611,12863,VM9 TRANSPA DENTINE 4R1.5 12G,Vita,Almacén General,6,1635.3
2612,12869,VM9 TRANSPA DENTINE 4R2.5 12G,Vita,Almacén General,7,1907.85
2613,12875,VM9 TRANSPA DENTINE 5M1 12G,Vita,Almacén General,5,1362.75
2614,12881,VM9 TRANSPA DENTINE 5M2 12G,Vita,Almacén General,6,1635.3
2615,12887,VM9 TRANSPA DENTINE 5M3 12G,Vita,Almacén General,6,1635.3
2616,12893,VM9 TRANSPA DENTINE A1 12G,Vita,Almacén General,3,494.56
2617,12899,VM9 TRANSPA DENTINE A2 12G,Vita,Almacén General,1,244.11
2618,12902,VM9 TRANSPA DENTINE A2 50G,Vita,Almacén General,8,6753.9
2619,12911,VM9 TRANSPA DENTINE A3 12G,Vita,Almacén General,6,1261.75
2620,12905,VM9 TRANSPA DENTINE A3.5 12G,Vita,Almacén General,4,1090.2
2621,12917,VM9 TRANSPA DENTINE A4 12G,Vita,Almacén General,3,770.25
2622,12923,VM9 TRANSPA DENTINE B1 12G,Vita,Almacén General,5,375.12
2623,12929,VM9 TRANSPA DENTINE B2 12G,Vita,Almacén General,2,245.96
2624,12935,VM9 TRANSPA DENTINE B3 12G,Vita,Almacén General,3,817.65
2625,12941,VM9 TRANSPA DENTINE B4 12G,Vita,Almacén General,5,1362.75
2626,12947,VM9 TRANSPA DENTINE C1 12G,Vita,Almacén General,3,817.65
2627,12953,VM9 TRANSPA DENTINE C2 12G,Vita,Almacén General,3,752.34
2628,12959,VM9 TRANSPA DENTINE C3 12G,Vita,Almacén General,4,1090.2
2629,12965,VM9 TRANSPA DENTINE C4 12G,Vita,Almacén General,5,1277.43
2630,12971,VM9 TRANSPA DENTINE D2 12G,Vita,Almacén General,5,1277.43
2631,12977,VM9 TRANSPA DENTINE D3 12G,Vita,Almacén General,3,676.42
2632,12983,VM9 TRANSPA DENTINE D4 12G,Vita,Almacén General,4,1033.32
2633,12998,VMCC BASE DENTINE 2L1.5 30G,Vita,Almacén General,15,3988.2
2634,13004,VMCC BASE DENTINE 2M1 100G,Vita,Almacén General,3,2348.39
2635,13049,VMCC BASE DENTINE 30G,Vita,Almacén General,3,797.64
2636,13007,VMCC BASE DENTINE 3L1.5 30G,Vita,Almacén General,2,612.26
2637,13010,VMCC BASE DENTINE 3L2.5 30G,Vita,Almacén General,12,3190.56
2638,13013,VMCC BASE DENTINE 3M3 30G,Vita,Almacén General,5,1329.4
2639,13016,VMCC BASE DENTINE 4M2 30G,Vita,Almacén General,2,531.76
2640,13019,VMCC BASE DENTINE A1 100G,Vita,Almacén General,2,1389.66
2641,13022,VMCC BASE DENTINE A1 30G,Vita,Almacén General,9,2392.92
2642,13025,VMCC BASE DENTINE A2 100G,Vita,Almacén General,2,1389.66
2643,13028,VMCC BASE DENTINE A2 30G,Vita,Almacén General,11,2924.68
2644,13034,VMCC BASE DENTINE A3 100G,Vita,Almacén General,1,694.83
2645,13037,VMCC BASE DENTINE A3 30G,Vita,Almacén General,3,797.64
2646,13031,VMCC BASE DENTINE A3.5 30G,Vita,Almacén General,4,1063.52
2647,13040,VMCC BASE DENTINE B2 30G,Vita,Almacén General,8,2127.04
2648,13043,VMCC BASE DENTINE B3 30G,Vita,Almacén General,10,2658.8
2649,13052,VMCC EFFECT LINER EL2 30G,Vita,Almacén General,2,531.76
2650,13055,VMCC EFFECT LINER EL4 30G,Vita,Almacén General,2,531.76
2651,13058,VMCC ENAMEL END 30G,Vita,Almacén General,9,2392.92
2652,13061,VMCC ENAMEL ENL 100G,Vita,Almacén General,7,4863.81
2653,13064,VMCC ENAMEL ENL 30G,Vita,Almacén General,6,1595.28
2654,13073,VMCC WINDOW 30G,Vita,Almacén General,9,2392.92
2655,13082,VMK CERVICAL CE1,Vita,Almacén General,4,823.9
2656,13088,VMK CERVICAL CE3,Vita,Almacén General,1,207.39
2657,13091,VMK CORRECTIVE COR1,Vita,Almacén General,6,1168.41
2658,13094,VMK CORRECTIVE COR2,Vita,Almacén General,4,834.07
2659,13100,VMK DENTINE 0M1 50G,Vita,Almacén General,2,1213.66
2660,13103,VMK DENTINE 0M2 12G,Vita,Almacén General,8,543.4
2661,13106,VMK DENTINE 0M2 50G,Vita,Almacén General,1,535.78
2662,13109,VMK DENTINE 0M3 12G,Vita,Almacén General,6,829.65
2663,13112,VMK DENTINE 0M3 50G,Vita,Almacén General,2,1071.56
2664,13115,VMK DENTINE 1M1 12G,Vita,Almacén General,3,351.4
2665,13121,VMK DENTINE 1M2 12G,Vita,Almacén General,7,918.47
2666,13127,VMK DENTINE 2L1.5 12G,Vita,Almacén General,9,1320.52
2667,13133,VMK DENTINE 2L2.5 12G,Vita,Almacén General,3,447.52
2668,13139,VMK DENTINE 2M1 12G,Vita,Almacén General,41,3599.44
2669,13142,VMK DENTINE 2M1 50G,Vita,Almacén General,2,1013.22
2670,13145,VMK DENTINE 2M2 12G,Vita,Almacén General,13,1907.43
2671,13148,VMK DENTINE 2M2 50G,Vita,Almacén General,1,506.6
2672,13151,VMK DENTINE 2M3 12G,Vita,Almacén General,11,1728.81
2673,13157,VMK DENTINE 2R1.5 12G,Vita,Almacén General,13,1527.67
2674,13160,VMK DENTINE 2R1.5 50G,Vita,Almacén General,5,2573.92
2675,13169,VMK DENTINE 3L1.5 12G,Vita,Almacén General,31,2945.99
2676,13175,VMK DENTINE 3L2.5 12G,Vita,Almacén General,38,3338.37
2677,13178,VMK DENTINE 3L2.5 50G,Vita,Almacén General,2,390.85
2678,13181,VMK DENTINE 3M1 12G,Vita,Almacén General,35,2700.75
2679,13187,VMK DENTINE 3M2 12G,Vita,Almacén General,13,1907.42
2680,13190,VMK DENTINE 3M2 50G,Vita,Almacén General,2,1013.22
2681,13193,VMK DENTINE 3M3 12G,Vita,Almacén General,3,440.17
2682,13199,VMK DENTINE 3R1.5 12G,Vita,Almacén General,103,7467.17
2683,13205,VMK DENTINE 3R2.5 12G,Vita,Almacén General,1,146.72
2684,13211,VMK DENTINE 4L1.5 12G,Vita,Almacén General,2,293.45
2685,13214,VMK DENTINE 4L1.5 50G,Vita,Almacén General,3,1532.35
2686,13217,VMK DENTINE 4L2.5 12G,Vita,Almacén General,1,148.56
2687,13220,VMK DENTINE 4L2.5 50G,Vita,Almacén General,2,1011.57
2688,13223,VMK DENTINE 4M1 12G,Vita,Almacén General,2,293.45
2689,13235,VMK DENTINE 4M3 12G,Vita,Almacén General,2,312.81
2690,13253,VMK DENTINE 5M1 12G,Vita,Almacén General,1,146.72
2691,13256,VMK DENTINE 5M1 50G,Vita,Almacén General,1,67.85
2692,13259,VMK DENTINE 5M2 12G,Vita,Almacén General,2,293.45
2693,13265,VMK DENTINE 5M3 12G,Vita,Almacén General,6,607.97
2694,13268,VMK DENTINE 5M3 50G,Vita,Almacén General,2,447.66
2695,13271,VMK DENTINE A1 12G,Vita,Almacén General,54,6118.34
2696,13277,VMK DENTINE A2 12G,Vita,Almacén General,1,146.72
2697,13283,VMK DENTINE A3.5 12G,Vita,Almacén General,7,1027.07
2698,13286,VMK DENTINE A3.5 50G,Vita,Almacén General,2,1013.22
2699,13295,VMK DENTINE A4 12G,Vita,Almacén General,4,640.18
2700,13298,VMK DENTINE A4 50G,Vita,Almacén General,3,1001.64
2701,13301,VMK DENTINE B1 12G,Vita,Almacén General,3,440.17
2702,13304,VMK DENTINE B1 50G,Vita,Almacén General,12,4937.75
2703,13307,VMK DENTINE B2 12G,Vita,Almacén General,2,293.45
2704,13310,VMK DENTINE B2 50G,Vita,Almacén General,5,2533.05
2705,13331,VMK DENTINE C2 12G,Vita,Almacén General,1,151.56
2706,13343,VMK DENTINE C4 12G,Vita,Almacén General,1,160.9
2707,13346,VMK DENTINE C4 50G,Vita,Almacén General,1,415.33
2708,13349,VMK DENTINE D2 12G,Vita,Almacén General,3,479.57
2709,13352,VMK DENTINE D2 50G,Vita,Almacén General,1,483.34
2710,13358,VMK DENTINE D3 50G,Vita,Almacén General,1,611.5
2711,13361,VMK DENTINE D4 12G,Vita,Almacén General,3,438.32
2712,13364,VMK DENTINE D4 50G,Vita,Almacén General,1,337.34
2713,13367,VMK DENTINE MODIFIER DM1,Vita,Almacén General,4,715.04
2714,13370,VMK DENTINE MODIFIER DM2,Vita,Almacén General,2,179.69
2715,13373,VMK DENTINE MODIFIER DM3,Vita,Almacén General,1,188.68
2716,13379,VMK DENTINE MODIFIER DM5,Vita,Almacén General,8,1423.8
2717,13382,VMK DENTINE MODIFIER DM6,Vita,Almacén General,9,1574.57
2718,13385,VMK DENTINE MODIFIER DM7,Vita,Almacén General,8,1423.8
2719,13388,VMK DENTINE MODIFIER DM8,Vita,Almacén General,8,1391.56
2720,13391,VMK ENAMEL EN1 12G,Vita,Almacén General,19,2787.77
2721,13406,VMK ENAMEL EN3 50G,Vita,Almacén General,2,1013.22
2722,13418,VMK GINGIVA G4 12G,Vita,Almacén General,1,203.31
2723,13421,VMK GINGIVA G5 12G,Vita,Almacén General,3,510.13
2724,13427,VMK GINGIVA OPAQUE GOD,Vita,Almacén General,3,531.35
2725,13430,VMK GINGIVA OPAQUE GOL,Vita,Almacén General,2,335.95
2726,13433,VMK LUMINARY LM1,Vita,Almacén General,35,4760.3
2727,13436,VMK LUMINARY LM2,Vita,Almacén General,12,678.61
2728,13442,VMK LUMINARY LM4,Vita,Almacén General,9,3500.94
2729,13445,VMK LUMINARY LM5,Vita,Almacén General,5,2004.35
2730,13448,VMK LUMINARY LM6,Vita,Almacén General,6,2405.22
2731,13451,VMK MARGIN M1,Vita,Almacén General,12,444.75
2732,13457,VMK MARGIN M3,Vita,Almacén General,1,150.16
2733,13460,VMK MARGIN M4,Vita,Almacén General,9,676.57
2734,13463,VMK MARGIN M5,Vita,Almacén General,7,413.35
2735,13469,VMK MARGIN MN,Vita,Almacén General,5,420.52
2736,13472,VMK NECK N1,Vita,Almacén General,8,328.2
2737,13475,VMK NECK N2,Vita,Almacén General,3,380.26
2738,13478,VMK NECK N3,Vita,Almacén General,5,892.34
2739,13484,VMK NECK N5,Vita,Almacén General,4,650.47
2740,13853,VMK ONE COLOR KIT 2M2,Vita,Almacén General,6,7013.82
2741,13859,VMK ONE COLOR KIT A2,Vita,Almacén General,6,6656.71
2742,13487,VMK OPAQUE A1 12G,Vita,Almacén General,2,302.19
2743,13490,VMK OPAQUE A1 50G,Vita,Almacén General,2,828.58
2744,13493,VMK OPAQUE A2 12G,Vita,Almacén General,8,1232.76
2745,13505,VMK OPAQUE A3 12G,Vita,Almacén General,3,440.17
2746,13508,VMK OPAQUE A3 50G,Vita,Almacén General,2,135.71
2747,13499,VMK OPAQUE A3.5 12G,Vita,Almacén General,10,1586.82
2748,13502,VMK OPAQUE A3.5 50G,Vita,Almacén General,1,67.85
2749,13511,VMK OPAQUE A4 12G,Vita,Almacén General,1,146.72
2750,13517,VMK OPAQUE B1 12G,Vita,Almacén General,5,733.63
2751,13520,VMK OPAQUE B1 50G,Vita,Almacén General,2,447.66
2752,13523,VMK OPAQUE B2 12G,Vita,Almacén General,4,581.89
2753,13526,VMK OPAQUE B2 50G,Vita,Almacén General,1,67.85
2754,13529,VMK OPAQUE B3 12G,Vita,Almacén General,2,294.25
2755,13532,VMK OPAQUE B3 50G,Vita,Almacén General,1,223.83
2756,13535,VMK OPAQUE B4 12G,Vita,Almacén General,16,2356.49
2757,13538,VMK OPAQUE B4 50G,Vita,Almacén General,1,67.85
2758,13541,VMK OPAQUE C1 12G,Vita,Almacén General,10,1469.36
2759,13544,VMK OPAQUE C1 50G,Vita,Almacén General,1,67.85
2760,13547,VMK OPAQUE C2 12G,Vita,Almacén General,1,175.76
2761,13550,VMK OPAQUE C2 50G,Vita,Almacén General,1,67.85
2762,13553,VMK OPAQUE C3 12G,Vita,Almacén General,1,168.65
2763,13556,VMK OPAQUE C3 50G,Vita,Almacén General,1,67.85
2764,13559,VMK OPAQUE C4 12G,Vita,Almacén General,2,328.57
2765,13562,VMK OPAQUE C4 50G,Vita,Almacén General,1,67.85
2766,13595,VMK OPAQUE D2 12G,Vita,Almacén General,3,442.96
2767,13643,VMK OPAQUE D3 12G,Vita,Almacén General,1,129.58
2768,13691,VMK OPAQUE D4 12G,Vita,Almacén General,3,439.99
2769,13565,VMK OPAQUE DENTINE 0M1 12G,Vita,Almacén General,8,1178.87
2770,13571,VMK OPAQUE DENTINE 0M2 12G,Vita,Almacén General,8,1201.14
2771,13574,VMK OPAQUE DENTINE 0M2 50G,Vita,Almacén General,41,24107.66
2772,13577,VMK OPAQUE DENTINE 0M3 12G,Vita,Almacén General,7,1051.0
2773,13583,VMK OPAQUE DENTINE 1M1 12G,Vita,Almacén General,3,402.07
2774,13586,VMK OPAQUE DENTINE 1M1 50G,Vita,Almacén General,1,535.78
2775,13589,VMK OPAQUE DENTINE 1M2 12G,Vita,Almacén General,2,235.71
2776,13592,VMK OPAQUE DENTINE 1M2 50G,Vita,Almacén General,2,1071.56
2777,13604,VMK OPAQUE DENTINE 2L1.5 50G,Vita,Almacén General,1,616.19
2778,13607,VMK OPAQUE DENTINE 2L2.5 12G,Vita,Almacén General,7,897.01
2779,13610,VMK OPAQUE DENTINE 2L2.5 50G,Vita,Almacén General,1,67.85
2780,13613,VMK OPAQUE DENTINE 2M1 12G,Vita,Almacén General,4,586.9
2781,13616,VMK OPAQUE DENTINE 2M1 50G,Vita,Almacén General,4,583.37
2782,13625,VMK OPAQUE DENTINE 2M3 12G,Vita,Almacén General,7,1101.65
2783,13631,VMK OPAQUE DENTINE 2R1.5 12G,Vita,Almacén General,5,733.63
2784,13634,VMK OPAQUE DENTINE 2R1.5 50G,Vita,Almacén General,2,1071.56
2785,13637,VMK OPAQUE DENTINE 2R2.5 12G,Vita,Almacén General,8,1253.97
2786,13640,VMK OPAQUE DENTINE 2R2.5 50G,Vita,Almacén General,1,535.78
2787,13649,VMK OPAQUE DENTINE 3L1.5 12G,Vita,Almacén General,5,697.25
2788,13652,VMK OPAQUE DENTINE 3L1.5 50G,Vita,Almacén General,2,135.7
2789,13655,VMK OPAQUE DENTINE 3L2.5 12G,Vita,Almacén General,8,991.43
2790,13658,VMK OPAQUE DENTINE 3L2.5 50G,Vita,Almacén General,1,67.85
2791,13661,VMK OPAQUE DENTINE 3M1 12G,Vita,Almacén General,10,1230.89
2792,13664,VMK OPAQUE DENTINE 3M1 50G,Vita,Almacén General,4,1207.27
2793,13673,VMK OPAQUE DENTINE 3M3 12G,Vita,Almacén General,5,545.02
2794,13679,VMK OPAQUE DENTINE 3R1.5 12G,Vita,Almacén General,3,309.64
2795,13682,VMK OPAQUE DENTINE 3R1.5 50G,Vita,Almacén General,2,135.7
2796,13697,VMK OPAQUE DENTINE 4L1.5 12G,Vita,Almacén General,2,343.19
2797,13700,VMK OPAQUE DENTINE 4L1.5 50G,Vita,Almacén General,1,535.78
2798,13703,VMK OPAQUE DENTINE 4L2.5 12G,Vita,Almacén General,4,614.49
2799,13706,VMK OPAQUE DENTINE 4L2.5 50G,Vita,Almacén General,1,535.78
2800,13712,VMK OPAQUE DENTINE 4M1 50G,Vita,Almacén General,1,535.78
2801,13715,VMK OPAQUE DENTINE 4M2 12G,Vita,Almacén General,2,293.45
2802,13730,VMK OPAQUE DENTINE 4R1.5 50G,Vita,Almacén General,1,535.78
2803,13736,VMK OPAQUE DENTINE 4R2.5 50G,Vita,Almacén General,1,535.78
2804,13742,VMK OPAQUE DENTINE 5M1 50G,Vita,Almacén General,1,535.78
2805,13751,VMK OPAQUE DENTINE 5M3 12G,Vita,Almacén General,2,310.72
2806,13754,VMK OPAQUE DENTINE 5M3 50G,Vita,Almacén General,1,535.78
2807,13757,VMK OPAQUE DENTINE A1 12G,Vita,Almacén General,11,1676.47
2808,13781,VMK OPAQUE DENTINE A4 12G,Vita,Almacén General,10,1596.4
2809,13787,VMK OPAQUE DENTINE B1 12G,Vita,Almacén General,23,3261.06
2810,13793,VMK OPAQUE DENTINE B2 12G,Vita,Almacén General,21,3089.52
2811,13799,VMK OPAQUE DENTINE B3 12G,Vita,Almacén General,1,146.72
2812,13805,VMK OPAQUE DENTINE B4 12G,Vita,Almacén General,6,890.04
2813,13808,VMK OPAQUE DENTINE B4 50G,Vita,Almacén General,1,606.83
2814,13811,VMK OPAQUE DENTINE C1 12G,Vita,Almacén General,13,1917.79
2815,13817,VMK OPAQUE DENTINE C2 12G,Vita,Almacén General,1,146.72
2816,13823,VMK OPAQUE DENTINE C3 12G,Vita,Almacén General,2,351.52
2817,13847,VMK OPAQUE DENTINE D4 12G,Vita,Almacén General,2,327.42
2818,13865,VMK OPAQUE OP0 12G,Vita,Almacén General,9,1250.09
2819,13868,VMK OPAQUE OP0 50G,Vita,Almacén General,8,883.14
2820,13871,VMK OPAQUE OP1 12G,Vita,Almacén General,10,1084.13
2821,13874,VMK OPAQUE OP1 50G,Vita,Almacén General,4,1219.07
2822,13877,VMK OPAQUE OP2 12G,Vita,Almacén General,17,2352.57
2823,13880,VMK OPAQUE OP2 50G,Vita,Almacén General,1,452.44
2824,13892,VMK OPAQUE OP4 50G,Vita,Almacén General,1,606.83
2825,13895,VMK OPAQUE OP5 12G,Vita,Almacén General,10,1471.58
2826,13898,VMK OPAQUE OP5 50G,Vita,Almacén General,1,535.78
2827,13904,VMK PEARL TRANSLUCENT PLT1,Vita,Almacén General,34,3329.65
2828,13919,VMK TRANSLUCENT T2 12G,Vita,Almacén General,8,1046.76
2829,13922,VMK TRANSLUCENT T3 12G,Vita,Almacén General,13,1983.49
2830,13925,VMK TRANSLUCENT T4 12G,Vita,Almacén General,10,927.75
2831,13937,VMK TRANSLUCENT T6 12G,Vita,Almacén General,16,2150.0
2832,13940,VMK TRANSLUCENT T7 12G,Vita,Almacén General,7,1051.07
2833,13943,VMK TRANSLUCENT T8 12G,Vita,Almacén General,30,4545.73
2834,13952,VMK WASH OPAQUE WO 12G,Vita,Almacén General,5,733.62
2835,14003,VMLC BASE DENTINE 3M2 4G,Vita,Almacén General,2,931.23
2836,14045,VMLC BASE DENTINE A1 4G,Vita,Almacén General,1,187.16
2837,14048,VMLC BASE DENTINE A2 4G,Vita,Almacén General,2,841.39
2838,14183,VMLC ENAMEL ENL 4G,Vita,Almacén General,7,2570.89
2839,14189,VMLC FLOW ENAMEL ENL 4G,Vita,Almacén General,11,4853.1
2840,14192,VMLC FLOW NEUTRAL NT 4G,Vita,Almacén General,7,3224.24
2841,14201,VMLC FLOW WINDOW WIN 3G,Vita,Almacén General,1,387.4
2842,14219,VMLC GINGIVA G3 FLOW,Vita,Almacén General,1,421.39
2843,14225,VMLC GINGIVA G4 FLOW,Vita,Almacén General,1,421.39
2844,14237,VMLC NEUTRAL NT 4G,Vita,Almacén General,3,1144.46
2845,14246,VMLC OPAQUE LIQUID 10ML,Vita,Almacén General,31,7105.2
2846,14261,VMLC PAINT PT17,Vita,Almacén General,2,64.09
2847,14276,VMLC PAINT PT9,Vita,Almacén General,2,64.08
2848,8450,"VM MODELLING LIQUID 250ML(BLANCO, VM.13)",Vita,Almacén General,26,8830.28
2849,8453,"VM MODELLING LIQUID 50ML (BLANCO, VM.13)",Vita,Almacén General,24,3012.39
2850,8471,"VM OPAQUE FLUID (BLANCO, VM.13, 11) 250M",Vita,Almacén General,10,3757.39
2851,8474,"VM OPAQUE FLUID (BLANCO, VM.13, 11) 50ML",Vita,Almacén General,11,1138.63
2852,99851,VPAD COMFORT,Vita,Almacén General,57,763858.05
2853,96924,VPAD POWER INJECTOR CABLE,Vita,Almacén General,1,1429.23
2854,249215,WARM UP FOR 7 SYRINGES,Anax Dent,Almacén General,3,22020.36
2855,96157,WERKSTÜCKHALTERUNG 98 (4X),Amann Girrbach,Almacén General,3,25659.7
2856,100844,WHITE RIBBON FOR SONIC 4K,Phrozen,Almacén General,4,464.9
2857,232954,WORKPIECE HOLDER C CLAMP MOTION 2,Amann Girrbach,Almacén General,9,170148.1
2858,85532,X/Y/Z AXIS MOTOR INCL ENCODER 4X AND 5X FOR MIKRO 4X 5X IC CS,Amann Girrbach,Almacén General,2,7503.45
2859,215362,Z-AXIS WITH MOTER MIGHTY 8K,Phrozen,Almacén General,2,2668.79
2860,191177,ZEBRIS FOR CERAMILL,Amann Girrbach,Almacén General,4,586927.08
2861,6150047,ZERO POINT CLAMPING SYSTEM MATRON,Amann Girrbach,Almacén General,4,68809.65
2862,298204,ZI-CT BLEACH DENTINE BD-A 20G,Creation,Almacén General,6,2527.65
2863,8426000,ZI-CT CL-O 20G,Creation,Almacén General,7,2792.04
2864,298177,ZI-CT DENTINE D-A1 20G,Creation,Almacén General,31,12770.12
2865,298180,ZI-CT DENTINE D-A2 20G,Creation,Almacén General,20,8037.71
2866,298184,ZI-CT DENTINE D-A3 20G,Creation,Almacén General,16,6441.67
2867,11920395,ZI-CT DENTINE D-A3.5 20G,Creation,Almacén General,4,1595.57
2868,11920298,ZI-CT DENTINE D-A4 20G,Creation,Almacén General,3,1196.68
2869,11920302,ZI-CT DENTINE D-B1 20G,Creation,Almacén General,8,3191.31
2870,11920330,ZI-CT DENTINE D-B2 20G,Creation,Almacén General,10,3988.7
2871,11920336,ZI-CT DENTINE D-B3 20G,Creation,Almacén General,5,1994.28
2872,11920340,ZI-CT DENTINE D-B4 20G,Creation,Almacén General,4,1595.56
2873,11920344,ZI-CT DENTINE D-C1 20G,Creation,Almacén General,3,1196.67
2874,11920363,ZI-CT DENTINE D-C3 20G,Creation,Almacén General,3,1196.67
2875,7245046,ZI-CT EFFECT ENAMEL SI-01 LIGHT YELLOW,Creation,Almacén General,9,4031.77
2876,8425968,ZI-CT EFFECT ENAMEL SI-03 HEAVY YELLOW,Creation,Almacén General,9,3589.83
2877,11920369,ZI-CT EFFECT ENAMEL SI-05 MEDIUM ORANGE,Creation,Almacén General,5,1994.35
2878,298207,ZI-CT EFFECT ENAMEL SI-06 HEAVY ORANGE 20G,Creation,Almacén General,7,3430.02
2879,326748,ZI-CT EFFECT ENAMEL SO-10 BLUE,Creation,Almacén General,12,4786.4
2880,298195,ZI-CT ENAMEL E-57 20G,Creation,Almacén General,4,1909.14
2881,298198,ZI-CT ENAMEL E-58 20G,Creation,Almacén General,18,7794.27
2882,298201,ZI-CT ENAMEL E-59 20G,Creation,Almacén General,17,6844.27
2883,326723,ZI-CT GINGIVA G1 PURPLE,Creation,Almacén General,14,6049.53
2884,326726,ZI-CT GINGIVA G2 DARK PINK,Creation,Almacén General,6,2592.68
2885,326729,ZI-CT GINGIVA G3 LIGHT PINK,Creation,Almacén General,16,6613.12
2886,326732,ZI-CT GINGIVA G4 FLAMINGO,Creation,Almacén General,12,5185.31
2887,326736,ZI-CT GINGIVA G5 ROSE,Creation,Almacén General,10,4321.13
2888,8425808,ZI-CT GINGIVA G6 DARK PINK OPAQUE,Creation,Almacén General,2,864.25
2889,326739,ZI-CT GINGIVA G7 VIOLET,Creation,Almacén General,10,4321.13
2890,11920377,ZI-CT GINGIVA KIT,Creation,Almacén General,1,1951.57
2891,7245066,ZI-CT KIT 1 (599G),Creation,Almacén General,4,37179.66
2892,7245070,ZI-CT KIT 2 (540G),Creation,Almacén General,3,26201.95
2893,326711,ZI-CT MAKE IN MI-61 IVORY,Creation,Almacén General,19,8210.03
2894,7245062,ZI-CT MAKE IN MI-62 LEMON,Creation,Almacén General,5,2738.98
2895,326714,ZI-CT MAKE IN MI-63 HONEY,Creation,Almacén General,36,15556.07
2896,326717,ZI-CT MAKE IN MI-65 GOLD,Creation,Almacén General,21,9074.33
2897,326699,ZI-CT NECK TRANSPA HT-51 IRIDESCENT,Creation,Almacén General,15,5983.12
2898,326702,ZI-CT NECK TRANSPA HT-52 KAKI,Creation,Almacén General,34,13561.67
2899,8426015,ZI-CT NECK TRANSPA HT-53 SAND,Creation,Almacén General,32,12763.72
2900,326705,ZI-CT NECK TRANSPA HT-54 HONEY,Creation,Almacén General,20,7977.36
2901,298259,ZI-CT NECK TRANSPA HT-55 BORDEAUX 15G,Creation,Almacén General,5,2450.02
2902,8426017,ZI-CT NECK TRANSPA HT-56 OCHRE,Creation,Almacén General,5,1994.35
2903,7245058,ZI-CT OPAQUE DENTINE OD-32 HAVANNA,Creation,Almacén General,4,2027.66
2904,326696,ZI-CT OPAQUE DENTINE OD-43 IVORY,Creation,Almacén General,12,4786.37
2905,326708,ZI-CT PEARL ENAMEL PS-0 WHITE,Creation,Almacén General,36,14359.41
2906,8425985,ZI-CT PEARL ENAMEL PS-1 BLUE WHITE,Creation,Almacén General,8,3190.84
2907,7245050,ZI-CT PEARL ENAMEL PS-2 FLAMINGO,Creation,Almacén General,5,2534.58
2908,298228,ZI-CT PEARL ENAMEL PS-3 ORANGE 20G,Creation,Almacén General,7,3429.74
2909,11920379,ZI-CT SHOULDER KIT,Creation,Almacén General,2,5034.49
2910,8425800,ZI-CT SHOULDER SP-21 NEUTRAL,Creation,Almacén General,7,3024.8
2911,8425804,ZI-CT SHOULDER SP-22 FLAMINGO,Creation,Almacén General,3,1296.37
2912,7245054,ZI-CT SHOULDER SP-24 GOLD,Creation,Almacén General,6,3286.78
2913,8425796,ZI-CT SHOULDER SP-26 YELLOW GREY,Creation,Almacén General,3,1296.37
2914,11920371,ZI-CT STARTER KIT,Creation,Almacén General,8,58657.22
2915,298225,ZI-CT TRANSPA GELLER MIX 20G,Creation,Almacén General,17,7265.1
2916,298210,ZI-CT TRANSPA NT NEUTRAL 20G,Creation,Almacén General,5,1994.27
2917,298222,ZI-CT TRANSPA OT+ 20G,Creation,Almacén General,13,5555.66
2918,298213,ZI-CT TRANSPA OT OPAL 20G,Creation,Almacén General,4,1595.48
2919,8425996,ZI-CT TRANSPA T3-1 PINK 20G,Creation,Almacén General,20,7977.33
2920,298216,ZI-CT TRANSPA TI-1 BLUE 20G,Creation,Almacén General,11,4878.4
2921,8425990,ZI-CT TRANSPA TI-2 WHITE 20G,Creation,Almacén General,9,3589.83
2922,8425998,ZI-CT TRANSPA TI-4 YELLOW 20G,Creation,Almacén General,2,797.67
2923,298219,ZI-CT TRANSPA TI-5 GRAY 20G,Creation,Almacén General,16,6447.91
2924,326720,ZI-CT WINDOW UC,Creation,Almacén General,11,4387.57
2925,42325752,ZIRCONIA SINTERING FURNACE CSF-400PRO-SIC,Aidite,Almacén General,1,90573.14
2926,19258350,ZOLID NATURALS A1,Amann Girrbach,Almacén General,2,1039.94
2927,19258361,ZOLID NATURALS A3,Amann Girrbach,Almacén General,1,519.97
2928,19258364,ZOLID NATURALS A3.5,Amann Girrbach,Almacén General,1,519.97
2929,19258368,ZOLID NATURALS A4,Amann Girrbach,Almacén General,1,519.97
2930,19258372,ZOLID NATURALS A INTENSE,Amann Girrbach,Almacén General,4,4213.11
2931,19258376,ZOLID NATURALS B1,Amann Girrbach,Almacén General,1,519.97
2932,19258385,ZOLID NATURALS B2,Amann Girrbach,Almacén General,2,1039.94
2933,19258389,ZOLID NATURALS B3,Amann Girrbach,Almacén General,2,1039.94
2934,19258393,ZOLID NATURALS B4,Amann Girrbach,Almacén General,1,519.97
2935,19258397,ZOLID NATURALS B INTENSE,Amann Girrbach,Almacén General,4,4213.11
2936,19308581,ZOLID NATURALS BL,Amann Girrbach,Almacén General,2,2098.41
2937,19270922,ZOLID NATURALS BR,Amann Girrbach,Almacén General,2,2106.56
2938,19258406,ZOLID NATURALS C1,Amann Girrbach,Almacén General,2,1039.94
2939,19258410,ZOLID NATURALS C2,Amann Girrbach,Almacén General,1,519.97
2940,19270894,ZOLID NATURALS C3,Amann Girrbach,Almacén General,2,1039.94
2941,19270898,ZOLID NATURALS C4,Amann Girrbach,Almacén General,2,1039.94
2942,19270902,ZOLID NATURALS C INTENSE,Amann Girrbach,Almacén General,1,1053.28
2943,19270906,ZOLID NATURALS D2,Amann Girrbach,Almacén General,2,1039.94
2944,19270910,ZOLID NATURALS D3,Amann Girrbach,Almacén General,2,1039.94
2945,19270914,ZOLID NATURALS D INTENSE,Amann Girrbach,Almacén General,1,1053.28
2946,19308571,ZOLID NATURALS GIN,Amann Girrbach,Almacén General,3,3147.6
2947,19305461,ZOLID NATURALS GR,Amann Girrbach,Almacén General,1,1049.2
2948,19270918,ZOLID NATURALS OR,Amann Girrbach,Almacén General,1,1053.28
2949,4523,ZOLID SINTER STATE POLISHING KIT,Amann Girrbach,Almacén General,15,26378.38
