folio,fecha,articulo_id,clave_articulo,nombre_articulo,unidades,precio_unitario,precio_total_neto
C1,2021-03-18T00:00:00Z,82369,179212,JAEGER SPINDLE MOTION,1,77289.56,77289.56
C2,2021-03-30T00:00:00Z,83401,AR175,REPL BLOWER 120V INFINITY,1,4008.33,4008.33
C2,2021-03-30T00:00:00Z,83404,AR176,REPL BLOWER 230V INFINITY,1,4008.33,4008.33
C2,2021-03-30T00:00:00Z,83407,AG205-5,FILTER BAGS YELLOW F205 5/BX,50,2111.9158,105595.79000000001
C2,2021-03-30T00:00:00Z,83424,1-0052-0014,IVAC 2.B TWIN INFINITY 120V,1,37920.59,37920.59
C2,2021-03-30T00:00:00Z,83421,1-0040-0010,IVAC 2.B COMPACT 120V,3,21911.9,65735.70000000001
C2,2021-03-30T00:00:00Z,83418,1-0020-0101,QUATRO JETSTREAM BASIC INFINITY 120V,1,13507.33,13507.33
C2,2021-03-30T00:00:00Z,83415,1-0020-0102,JETSTREAM INFINITY 2STATION 120V,5,15308.31,76541.55
C2,2021-03-30T00:00:00Z,83410,AG113-5,ANTI-MICROBIAL FILTER BAGS 5/BX,10,1142.159,11421.59
C2,2021-03-30T00:00:00Z,83407,AG205-5,FILTER BAGS YELLOW F205 5/BX,5,2111.914,10559.57
C3,2021-04-08T00:00:00Z,80655,26261105,DUSTEX MASTER PLUS 100-120V 50/60HZ,1,14747.66,14747.66
C4,2021-04-15T00:00:00Z,3773,181800,NEXTDENT LC 3D PRINT BOX AG,1,45359.68,45359.68
C4,2021-04-15T00:00:00Z,3776,181810,NEXTDENT LC 3DMIXER AG,1,9192.39,9192.39
C4,2021-04-15T00:00:00Z,3740,181600,NEXTDENT 5100 AG,1,339538.9,339538.9
C4,2021-04-15T00:00:00Z,3743,181601,STAND FOR NEXTDENT 5100 AG,1,28203.94,28203.94
C5,2021-04-15T00:00:00Z,83956,NPAGM2WH01000,RESINAS NEXTDENT MODEL 2.0 WHITE,15,3894.1247,58411.8705
C5,2021-04-15T00:00:00Z,83954,NPAGM2PE01000,RESINAS NEXTDENT MODEL 2.0 PEACH,15,3894.1247,58411.8705
C5,2021-04-15T00:00:00Z,83952,NPAGCMBL01000,RESINAS NEXTDENT C&B MFH BL,10,2464.518,24645.18
C5,2021-04-15T00:00:00Z,83950,NPAGCMN1.501000,RESINAS NEXTDENT C&B MFH N1.5,9,8680.2,78121.8
C5,2021-04-15T00:00:00Z,83948,NPAGCMN101000,RESINAS NEXTDENT C&B MFH N1,20,8680.2,173604.0
C5,2021-04-15T00:00:00Z,83944,NPAGCAPU01000,RESINAS NEXTDENT CAST PURPLE,15,3894.1247,58411.8705
C5,2021-04-15T00:00:00Z,3746,181602,RESIN TRAY ND 5100,5,10488.964,52444.82
C5,2021-04-15T00:00:00Z,83958,NPAGM2GR01000,RESINAS NEXTDENT MODEL 2.0 GREY,15,3894.1247,58411.8705
C5,2021-04-15T00:00:00Z,83960,NPAGORBL01000,RESINAS NEXTDENT ORTHO RIGID,20,5634.5155,112690.31000000001
C6,2021-04-20T00:00:00Z,4991,761102R,DISCO CERAMILL SINTRON 71 XS 12MM,60,3079.6363,184778.178
C6,2021-04-20T00:00:00Z,3791,216200,JUEGO DE PLACAS MADRE SPLITEX 3PARTES,5,7728.144,38640.72
C6,2021-04-20T00:00:00Z,4988,761101R,DISCO CERAMILL SINTRON 71 XXS 10MM,136,2692.2607,366147.45519999997
C6,2021-04-20T00:00:00Z,5003,761106R,DISCO CERAMILL SINTRON 71 L 20MM,40,4629.139,185165.56
C6,2021-04-20T00:00:00Z,4997,761104R,DISCO CERAMILL SINTRON 71 16MM,100,3854.3875,385438.75
C7,2021-04-27T00:00:00Z,84238,18031100,KLETTFIX REPO GRANO 80 MT PLUS MT3& PRO,5,1574.14,7870.7
C9,2021-04-29T00:00:00Z,11345,VM13BD1M112G,VM13 BASE DENTINE 1M1 12G,5,253.68,1268.4
C9,2021-04-29T00:00:00Z,11327,VM13BD0M112G,VM13 BASE DENTINE 0M1 12G,3,253.68,761.04
C9,2021-04-29T00:00:00Z,12167,VM13TDD312G,VM13 TRANSPA DENTINE D3 12G,2,253.68,507.36
C9,2021-04-29T00:00:00Z,12119,VM13TDB212G,VM13 TRANSPA DENTINE B2 12G,2,253.68,507.36
C9,2021-04-29T00:00:00Z,12107,VM13TDA412G,VM13 TRANSPA DENTINE A4 12G,5,253.68,1268.4
C9,2021-04-29T00:00:00Z,12101,VM13TDA312G,VM13 TRANSPA DENTINE A3 12G,10,253.681,2536.81
C9,2021-04-29T00:00:00Z,12089,VM13TDA212G,VM13 TRANSPA DENTINE A2 12G,10,253.681,2536.81
C9,2021-04-29T00:00:00Z,12083,VM13TDA112G,VM13 TRANSPA DENTINE A1 12G,10,253.681,2536.81
C9,2021-04-29T00:00:00Z,11849,VM13OD412G,VM13 OPAQUE D4 12G,1,253.68,253.68
C9,2021-04-29T00:00:00Z,11840,VM13OC412G,VM13 OPAQUE C4 12G,1,253.68,253.68
C9,2021-04-29T00:00:00Z,11837,VM13OC312G,VM13 OPAQUE C3 12G,2,253.68,507.36
C9,2021-04-29T00:00:00Z,11828,VM13OB412G,VM13 OPAQUE B4 12G,2,253.68,507.36
C9,2021-04-29T00:00:00Z,11825,VM13OB312G,VM13 OPAQUE B3 12G,2,253.68,507.36
C9,2021-04-29T00:00:00Z,11822,VM13OB212G,VM13 OPAQUE B2 12G,2,253.68,507.36
C9,2021-04-29T00:00:00Z,11819,VM13OB112G,VM13 OPAQUE B1 12G,3,253.68,761.04
C9,2021-04-29T00:00:00Z,11816,VM13OA412G,VM13 OPAQUE A4 12G,1,253.68,253.68
C9,2021-04-29T00:00:00Z,13769,VMKODA3.512G,VMK OPAQUE DENTINE A3.5 12G,15,152.414,2286.21
C9,2021-04-29T00:00:00Z,13775,VMKODA312G,VMK OPAQUE DENTINE A3 12G,25,152.4144,3810.36
C9,2021-04-29T00:00:00Z,13763,VMKODA212G,VMK OPAQUE DENTINE A2 12G,25,152.4144,3810.36
C9,2021-04-29T00:00:00Z,13757,VMKODA112G,VMK OPAQUE DENTINE A1 12G,15,152.414,2286.21
C9,2021-04-29T00:00:00Z,13691,VMKOD412G,VMK OPAQUE D4 12G,3,152.4133,457.24
C9,2021-04-29T00:00:00Z,13595,VMKOD212G,VMK OPAQUE D2 12G,4,152.415,609.66
C9,2021-04-29T00:00:00Z,13559,VMKOC412G,VMK OPAQUE C4 12G,5,152.414,762.07
C9,2021-04-29T00:00:00Z,13553,VMKOC312G,VMK OPAQUE C3 12G,5,152.414,762.07
C9,2021-04-29T00:00:00Z,13547,VMKOC212G,VMK OPAQUE C2 12G,5,152.414,762.07
C9,2021-04-29T00:00:00Z,13541,VMKOC112G,VMK OPAQUE C1 12G,5,152.414,762.07
C9,2021-04-29T00:00:00Z,13535,VMKOB412G,VMK OPAQUE B4 12G,5,152.414,762.07
C9,2021-04-29T00:00:00Z,13529,VMKOB312G,VMK OPAQUE B3 12G,5,152.414,762.07
C9,2021-04-29T00:00:00Z,13523,VMKOB212G,VMK OPAQUE B2 12G,10,152.415,1524.15
C9,2021-04-29T00:00:00Z,13517,VMKOB112G,VMK OPAQUE B1 12G,10,152.415,1524.15
C9,2021-04-29T00:00:00Z,13499,VMKOA3.512G,VMK OPAQUE A3.5 12G,10,152.415,1524.15
C9,2021-04-29T00:00:00Z,13505,VMKOA312G,VMK OPAQUE A3 12G,35,152.414,5334.49
C9,2021-04-29T00:00:00Z,13493,VMKOA212G,VMK OPAQUE A2 12G,40,152.4143,6096.57
C9,2021-04-29T00:00:00Z,13487,VMKOA112G,VMK OPAQUE A1 12G,35,152.414,5334.49
C9,2021-04-29T00:00:00Z,11621,VM13CP3,VM13 CHROMA PLUS CP3,3,338.4967,1015.49
C9,2021-04-29T00:00:00Z,11549,VM13BDB412G,VM13 BASE DENTINE B4 12G,3,253.68,761.04
C9,2021-04-29T00:00:00Z,11537,VM13BDB212G,VM13 BASE DENTINE B2 12G,5,253.68,1268.4
C9,2021-04-29T00:00:00Z,11531,VM13BDB112G,VM13 BASE DENTINE B1 12G,5,253.68,1268.4
C9,2021-04-29T00:00:00Z,11525,VM13BDA412G,VM13 BASE DENTINE A4 12G,5,253.68,1268.4
C9,2021-04-29T00:00:00Z,11513,VM13BDA3.512G,VM13 BASE DENTINE A3.5 12G,10,253.681,2536.81
C9,2021-04-29T00:00:00Z,11519,VM13BDA312G,VM13 BASE DENTINE A3 12G,15,228.6467,3429.7
C9,2021-04-29T00:00:00Z,11507,VM13BDA212G,VM13 BASE DENTINE A2 12G,20,253.681,5073.62
C9,2021-04-29T00:00:00Z,11501,VM13BDA112G,VM13 BASE DENTINE A1 12G,10,253.681,2536.81
C9,2021-04-29T00:00:00Z,11807,VM13OA212G,VM13 OPAQUE A2 12G,5,253.68,1268.4
C9,2021-04-29T00:00:00Z,11804,VM13OA112G,VM13 OPAQUE A1 12G,5,253.68,1268.4
C9,2021-04-29T00:00:00Z,11591,VM13BDD412G,VM13 BASE DENTINE D4 12G,3,253.68,761.04
C9,2021-04-29T00:00:00Z,11585,VM13BDD312G,VM13 BASE DENTINE D3 12G,1,253.68,253.68
C9,2021-04-29T00:00:00Z,11579,VM13BDD212G,VM13 BASE DENTINE D2 12G,1,253.68,253.68
C9,2021-04-29T00:00:00Z,11567,VM13BDC312G,VM13 BASE DENTINE C3 12G,1,253.68,253.68
C9,2021-04-29T00:00:00Z,11561,VM13BDC212G,VM13 BASE DENTINE C2 12G,2,253.68,507.36
C9,2021-04-29T00:00:00Z,11555,VM13BDC112G,VM13 BASE DENTINE C1 12G,1,253.68,253.68
C9,2021-04-29T00:00:00Z,12413,VM9BDA312G,VM9 BASE DENTINE A3 12G,5,253.68,1268.4
C9,2021-04-29T00:00:00Z,12401,VM9BDA212G,VM9 BASE DENTINE A2 12G,5,253.68,1268.4
C9,2021-04-29T00:00:00Z,12425,VM9BDB112G,VM9 BASE DENTINE B1 12G,2,253.68,507.36
C9,2021-04-29T00:00:00Z,12989,VM9WIN12G,VM9 WINDOW WIN 12G,5,253.68,1268.4
C9,2021-04-29T00:00:00Z,12701,VM9NT12G,VM9 NEUTRAL NT 12G,5,253.68,1268.4
C10,2021-04-29T00:00:00Z,7286,LUMACELIG12G,"LUMEX ENAMEL, LIGHT, 12 G",20,3705.772,74115.44
C9,2021-04-29T00:00:00Z,13781,VMKODA412G,VMK OPAQUE DENTINE A4 12G,10,152.415,1524.15
C9,2021-04-29T00:00:00Z,13787,VMKODB112G,VMK OPAQUE DENTINE B1 12G,15,152.414,2286.21
C9,2021-04-29T00:00:00Z,13325,VMKDC112G,VMK DENTINE C1 12G,10,152.415,1524.15
C9,2021-04-29T00:00:00Z,13331,VMKDC212G,VMK DENTINE C2 12G,10,152.415,1524.15
C9,2021-04-29T00:00:00Z,13337,VMKDC312G,VMK DENTINE C3 12G,10,152.415,1524.15
C9,2021-04-29T00:00:00Z,13343,VMKDC412G,VMK DENTINE C4 12G,10,152.415,1524.15
C9,2021-04-29T00:00:00Z,13349,VMKDD212G,VMK DENTINE D2 12G,10,152.415,1524.15
C9,2021-04-29T00:00:00Z,13355,VMKDD312G,VMK DENTINE D3 12G,10,152.415,1524.15
C9,2021-04-29T00:00:00Z,13361,VMKDD412G,VMK DENTINE D4 12G,10,152.415,1524.15
C9,2021-04-29T00:00:00Z,13946,VMKWIN12G,VMK WINDOW WIN 12G,50,152.4142,7620.71
C9,2021-04-29T00:00:00Z,12626,VM9ENL12G,VM9 ENAMEL ENL 12G,20,253.681,5073.62
C9,2021-04-29T00:00:00Z,13949,VMKWIN50G,VMK WINDOW WIN 50G,15,525.61,7884.15
C9,2021-04-29T00:00:00Z,12620,VM9END12G,VM9 ENAMEL END 12G,5,253.68,1268.4
C9,2021-04-29T00:00:00Z,12902,VM9TDA250G,VM9 TRANSPA DENTINE A2 50G,5,862.31,4311.55
C9,2021-04-29T00:00:00Z,12653,VM9EP3,VM9 EFFECT PEARL EP3,2,338.5,677.0
C9,2021-04-29T00:00:00Z,12599,VM9EE9,VM9 EFFECT ENAMEL EE9,5,338.498,1692.49
C9,2021-04-29T00:00:00Z,12509,VM9CP3,VM9 CHROMA PLUS CP3,3,338.4967,1015.49
C9,2021-04-29T00:00:00Z,12494,VM9COR1,VM9 CORRECTIVE COR1,2,338.5,677.0
C9,2021-04-29T00:00:00Z,12665,VM9G4,VM9 GINGIVA G4,1,338.49,338.49
C9,2021-04-29T00:00:00Z,12659,VM9G2,VM9 GINGIVA G2,1,338.49,338.49
C9,2021-04-29T00:00:00Z,12812,VM9TD3M250G,VM9 TRANSPA DENTINE 3M2 50G,7,862.31,6036.17
C9,2021-04-29T00:00:00Z,12314,VM9BD3M250G,VM9 BASE DENTINE 3M2 50G,10,862.309,8623.09
C9,2021-04-29T00:00:00Z,12770,VM9TD2M250G,VM9 TRANSPA DENTINE 2M2 50G,10,862.309,8623.09
C9,2021-04-29T00:00:00Z,12272,VM9BD2M250G,VM9 BASE DENTINE 2M2 50G,10,862.309,8623.09
C9,2021-04-29T00:00:00Z,13793,VMKODB212G,VMK OPAQUE DENTINE B2 12G,15,152.414,2286.21
C9,2021-04-29T00:00:00Z,13799,VMKODB312G,VMK OPAQUE DENTINE B3 12G,10,152.415,1524.15
C9,2021-04-29T00:00:00Z,7331,LUMACKITINI,LUMEX AC STARTER KIT,20,8872.406,177448.12000000002
C9,2021-04-29T00:00:00Z,13811,VMKODC112G,VMK OPAQUE DENTINE C1 12G,5,152.414,762.07
C9,2021-04-29T00:00:00Z,13817,VMKODC212G,VMK OPAQUE DENTINE C2 12G,5,152.414,762.07
C9,2021-04-29T00:00:00Z,13823,VMKODC312G,VMK OPAQUE DENTINE C3 12G,2,152.415,304.83
C9,2021-04-29T00:00:00Z,13829,VMKODC412G,VMK OPAQUE DENTINE C4 12G,4,152.415,609.66
C9,2021-04-29T00:00:00Z,13835,VMKODD212G,VMK OPAQUE DENTINE D2 12G,1,152.41,152.41
C9,2021-04-29T00:00:00Z,13841,VMKODD312G,VMK OPAQUE DENTINE D3 12G,1,152.41,152.41
C9,2021-04-29T00:00:00Z,13847,VMKODD412G,VMK OPAQUE DENTINE D4 12G,2,152.415,304.83
C9,2021-04-29T00:00:00Z,13271,VMKDA112G,VMK DENTINE A1 12G,100,152.4141,15241.41
C9,2021-04-29T00:00:00Z,13277,VMKDA212G,VMK DENTINE A2 12G,150,152.4142,22862.129999999997
C9,2021-04-29T00:00:00Z,13289,VMKDA312G,VMK DENTINE A3 12G,100,152.4141,15241.41
C9,2021-04-29T00:00:00Z,13283,VMKDA3.512G,VMK DENTINE A3.5 12G,50,152.4142,7620.71
C9,2021-04-29T00:00:00Z,13295,VMKDA412G,VMK DENTINE A4 12G,20,152.414,3048.28
C9,2021-04-29T00:00:00Z,13301,VMKDB112G,VMK DENTINE B1 12G,10,152.415,1524.15
C9,2021-04-29T00:00:00Z,13307,VMKDB212G,VMK DENTINE B2 12G,20,152.414,3048.28
C9,2021-04-29T00:00:00Z,13313,VMKDB312G,VMK DENTINE B3 12G,15,152.414,2286.21
C9,2021-04-29T00:00:00Z,7334,LUMACKITRECEST,LUMEX AC STANDARD KIT,3,13108.13,39324.39
C9,2021-04-29T00:00:00Z,7397,LUMACOTOPANEU,"LUMEX OPAL TRANSLUCENT, OPAL-NEUTRAL, 12",2,318.71,637.42
C9,2021-04-29T00:00:00Z,7409,LUMACTDEEBLU,"LUMEX TRANSLUCENT, DEEP-BLUE, 12G",3,318.7067,956.12
C9,2021-04-29T00:00:00Z,7430,LUMACTWAT,"LUMEX TRANSLUCENT, WATERDROP, 12G",3,318.7067,956.12
C9,2021-04-29T00:00:00Z,7418,LUMACTMISROS,"LUMEX TRANSLUCENT, MISTY-ROSE, 12 G",1,318.71,318.71
C9,2021-04-29T00:00:00Z,7415,LUMACTLIGBLO,"LUMEX TRANSLUCENT, LIGHT-BLONDE, 12 G",3,318.7067,956.12
C9,2021-04-29T00:00:00Z,7421,LUMACTSMOWHI,"LUMEX TRANSLUCENT, SMOKY-WHITE, 12G",1,318.71,318.71
C9,2021-04-29T00:00:00Z,7268,LUMACDMCLOWHU,"LUMEX DENTINE MODIFIER, CLOUDY-WHITE, 12",2,318.71,637.42
C9,2021-04-29T00:00:00Z,7307,LUMACGDARRED,LUMEX GINGIVA DARK-RED 12G,5,263.704,1318.52
C9,2021-04-29T00:00:00Z,7310,LUMACGDEERED,LUMEX GINGIVA DEEP-RED 12G,5,263.704,1318.52
C9,2021-04-29T00:00:00Z,7325,LUMACGPUR,LUMEX GINGIVA PURPLE 12G,3,263.7067,791.12
C9,2021-04-29T00:00:00Z,7328,LUMACGROS,LUMEX GINGIVA ROSEWOOD 12G,4,263.705,1054.82
C9,2021-04-29T00:00:00Z,7313,LUMACGGRA,LUMEX GINGIVA GRAPEFRUIT 12G,5,263.704,1318.52
C9,2021-04-29T00:00:00Z,7319,LUMACGNEC,LUMEX GINGIVA NECTARINE 12G,5,263.704,1318.52
C9,2021-04-29T00:00:00Z,7316,LUMACGLIGROS,LUMEX GINGIVA LIGHT-ROSE 12G,5,263.704,1318.52
C9,2021-04-29T00:00:00Z,7322,LUMACGPALPAP,LUMEX GINGIVA PALE-PAPILLA 12G,2,263.705,527.41
C9,2021-04-29T00:00:00Z,7280,LUMACEFOG12G,"LUMEX ENAMEL, FOG, 12 G",5,263.704,1318.52
C9,2021-04-29T00:00:00Z,7277,LUMACECLE12G,"LUMEX ENAMEL, CLEAR, 12 G",25,263.7048,6592.62
C9,2021-04-29T00:00:00Z,7283,LUMACEINT12G,"LUMEX ENAMEL, INTENSE, 12 G",5,263.704,1318.52
C9,2021-04-29T00:00:00Z,7289,LUMACEMED12G,"LUMEX ENAMEL, MEDIUM, 12 G",15,263.7047,3955.57
C9,2021-04-29T00:00:00Z,7286,LUMACELIG12G,"LUMEX ENAMEL, LIGHT, 12 G",5,263.704,1318.52
C9,2021-04-29T00:00:00Z,7250,LUMACDC412G,"LUMEX DENTINE, C4, 12 G",1,263.7,263.7
C9,2021-04-29T00:00:00Z,7247,LUMACDC312G,"LUMEX DENTINE, C3, 12 G",2,263.705,527.41
C9,2021-04-29T00:00:00Z,7244,LUMACDC212G,"LUMEX DENTINE, C2, 12 G",3,263.7067,791.12
C9,2021-04-29T00:00:00Z,7238,LUMACDB412G,"LUMEX DENTINE, B4, 12 G",2,263.705,527.41
C9,2021-04-29T00:00:00Z,7220,LUMACDA3.512G,"LUMEX DENTINE, A3.5, 12 G",10,263.705,2637.05
C9,2021-04-29T00:00:00Z,7223,LUMACDA312G,"LUMEX DENTINE, A3, 12 G",20,263.705,5274.1
C9,2021-04-29T00:00:00Z,7217,LUMACDA212G,"LUMEX DENTINE, A2, 12 G",25,263.7048,6592.62
C9,2021-04-29T00:00:00Z,7214,LUMACDA112G,"LUMEX DENTINE, A1, 12 G",15,263.7047,3955.57
C9,2021-04-29T00:00:00Z,7382,LUMACODC412G,"LUMEX OPAQUE DENTINE, C4, 12 G",1,263.7,263.7
C9,2021-04-29T00:00:00Z,7355,LUMACODA312G,"LUMEX OPAQUE DENTINE, A3, 12 G",5,263.704,1318.52
C9,2021-04-29T00:00:00Z,7349,LUMACODA212G,"LUMEX OPAQUE DENTINE, A2, 12 G",5,263.704,1318.52
C9,2021-04-29T00:00:00Z,7346,LUMACODA112G,LUMEX OPAQUE DENTINE A1 12 G,5,263.704,1318.52
C9,2021-04-29T00:00:00Z,5612,AMBHTB2S,AMBRIA B2 HT S 5 PCS,10,1449.349,14493.49
C9,2021-04-29T00:00:00Z,5609,AMBHTB1S,AMBRIA B1 HT S 5 PCS,5,1449.348,7246.74
C9,2021-04-29T00:00:00Z,5606,AMBHTA3S,AMBRIA A3 HT S 5 PCS,20,1449.348,28986.96
C9,2021-04-29T00:00:00Z,5603,AMBHTA2S,AMBRIA A2 HT S 5 PCS,10,1449.349,14493.49
C9,2021-04-29T00:00:00Z,5600,AMBHTA1S,AMBRIA A1 HT S 5 PCS,20,1449.348,28986.96
C9,2021-04-29T00:00:00Z,5690,AMBTB1S,AMBRIA B1 T S 5 PCS,20,1449.348,28986.96
C9,2021-04-29T00:00:00Z,5687,AMBTA3S,AMBRIA A3 T S 5 PCS,10,1449.349,14493.49
C9,2021-04-29T00:00:00Z,5684,AMBTA2S,AMBRIA A2 T S 5 PCS,20,1449.348,28986.96
C9,2021-04-29T00:00:00Z,5681,AMBTA1S,AMBRIA A1 T S 5 PCS,20,1449.348,28986.96
C9,2021-04-29T00:00:00Z,11618,VM13CP2,VM13 CHROMA PLUS CP2,3,338.4967,1015.49
C9,2021-04-29T00:00:00Z,11759,VM13G4,VM13 GINGIVA G4,3,338.4967,1015.49
C9,2021-04-29T00:00:00Z,11756,VM13G3,VM13 GINGIVA G3,3,338.4967,1015.49
C9,2021-04-29T00:00:00Z,11753,VM13G2,VM13 GINGIVA G2,4,338.4975,1353.99
C9,2021-04-29T00:00:00Z,11714,VM13END12G,VM13 ENAMEL END 12G,20,253.681,5073.62
C9,2021-04-29T00:00:00Z,11720,VM13ENL12G,VM13 ENAMEL ENL 12G,30,253.681,7610.43
C9,2021-04-29T00:00:00Z,11798,VM13NT12G,VM13 NEUTRAL NT 12G,5,253.68,1268.4
C9,2021-04-29T00:00:00Z,12185,VM13WO12G,VM13 WASH OPAQUE WO 12G,20,253.681,5073.62
C9,2021-04-29T00:00:00Z,12077,VM13TD5M312G,VM13 TRANSPA DENTINE 5M3 12G,2,253.68,507.36
C9,2021-04-29T00:00:00Z,12065,VM13TD5M112G,VM13 TRANSPA DENTINE 5M1 12G,4,253.6825,1014.73
C9,2021-04-29T00:00:00Z,12059,VM13TD4R2.512G,VM13 TRANSPA DENTINE 4R2.5 12G,3,253.68,761.04
C9,2021-04-29T00:00:00Z,12047,VM13TD4M312G,VM13 TRANSPA DENTINE 4M3 12G,3,253.68,761.04
C9,2021-04-29T00:00:00Z,12041,VM13TD4M212G,VM13 TRANSPA DENTINE 4M2 12G,8,253.6813,2029.45
C9,2021-04-29T00:00:00Z,12035,VM13TD4M112G,VM13 TRANSPA DENTINE 4M1 12G,3,253.68,761.04
C9,2021-04-29T00:00:00Z,12023,VM13TD4L1.512G,VM13 TRANSPA DENTINE 4L1.5 12G,2,253.68,507.36
C9,2021-04-29T00:00:00Z,12011,VM13TD3R1.512G,VM13 TRANSPA DENTINE 3R1.5 12G,3,253.68,761.04
C9,2021-04-29T00:00:00Z,12005,VM13TD3M312G,VM13 TRANSPA DENTINE 3M3 12G,9,253.6811,2283.13
C9,2021-04-29T00:00:00Z,11999,VM13TD3M212G,VM13 TRANSPA DENTINE 3M2 12G,9,253.6811,2283.13
C9,2021-04-29T00:00:00Z,11993,VM13TD3M112G,VM13 TRANSPA DENTINE 3M1 12G,5,253.68,1268.4
C9,2021-04-29T00:00:00Z,11987,VM13TD3L2.512G,VM13 TRANSPA DENTINE 3L2.5 12G,6,253.68,1522.08
C9,2021-04-29T00:00:00Z,11981,VM13TD3L1.512G,VM13 TRANSPA DENTINE 3L1.5 12G,5,253.68,1268.4
C9,2021-04-29T00:00:00Z,11969,VM13TD2R1.512G,VM13 TRANSPA DENTINE 2R1.5 12G,8,253.6813,2029.45
C9,2021-04-29T00:00:00Z,11975,VM13TD2R2.512G,VM13 TRANSPA DENTINE 2R2.5 12G,2,253.68,507.36
C9,2021-04-29T00:00:00Z,11963,VM13TD2M312G,VM13 TRANSPA DENTINE 2M3 12G,10,253.681,2536.81
C9,2021-04-29T00:00:00Z,11957,VM13TD2M212G,VM13 TRANSPA DENTINE 2M2 12G,10,253.681,2536.81
C9,2021-04-29T00:00:00Z,11951,VM13TD2M112G,VM13 TRANSPA DENTINE 2M1 12G,1,253.68,253.68
C9,2021-04-29T00:00:00Z,11945,VM13TD2L2.512G,VM13 TRANSPA DENTINE 2L2.5 12G,7,253.6814,1775.77
C9,2021-04-29T00:00:00Z,11939,VM13TD2L1.512G,VM13 TRANSPA DENTINE 2L1.5 12G,6,253.68,1522.08
C9,2021-04-29T00:00:00Z,11933,VM13TD1M212G,VM13 TRANSPA DENTINE 1M2 12G,6,253.68,1522.08
C9,2021-04-29T00:00:00Z,11927,VM13TD1M112G,VM13 TRANSPA DENTINE 1M1 12G,4,253.6825,1014.73
C9,2021-04-29T00:00:00Z,11915,VM13TD0M212G,VM13 TRANSPA DENTINE 0M2 12G,3,253.68,761.04
C9,2021-04-29T00:00:00Z,11909,VM13TD0M112G,VM13 TRANSPA DENTINE 0M1 12G,3,253.68,761.04
C9,2021-04-29T00:00:00Z,11882,VM13OP512G,VM13 OPAQUE OP5 12G,2,253.68,507.36
C9,2021-04-29T00:00:00Z,11876,VM13OP412G,VM13 OPAQUE OP4 12G,2,253.68,507.36
C9,2021-04-29T00:00:00Z,11870,VM13OP312G,VM13 OPAQUE OP3 12G,10,253.681,2536.81
C9,2021-04-29T00:00:00Z,11864,VM13OP212G,VM13 OPAQUE OP2 12G,10,253.681,2536.81
C9,2021-04-29T00:00:00Z,13319,VMKDB412G,VMK DENTINE B4 12G,10,152.415,1524.15
C9,2021-04-29T00:00:00Z,11858,VM13OP112G,VM13 OPAQUE OP1 12G,5,253.68,1268.4
C9,2021-04-29T00:00:00Z,11489,VM13BD5M212G,VM13 BASE DENTINE 5M2 12G,2,253.68,507.36
C9,2021-04-29T00:00:00Z,11483,VM13BD5M112G,VM13 BASE DENTINE 5M1 12G,1,253.68,253.68
C9,2021-04-29T00:00:00Z,11477,VM13BD4R2.512G,VM13 BASE DENTINE 4R2.5 12G,3,253.68,761.04
C9,2021-04-29T00:00:00Z,11471,VM13BD4R1.512G,VM13 BASE DENTINE 4R1.5 12G,2,253.68,507.36
C9,2021-04-29T00:00:00Z,11465,VM13BD4M312G,VM13 BASE DENTINE 4M3 12G,5,253.68,1268.4
C9,2021-04-29T00:00:00Z,11459,VM13BD4M212G,VM13 BASE DENTINE 4M2 12G,4,253.6825,1014.73
C9,2021-04-29T00:00:00Z,11453,VM13BD4M112G,VM13 BASE DENTINE 4M1 12G,3,253.68,761.04
C9,2021-04-29T00:00:00Z,11423,VM13BD3M312G,VM13 BASE DENTINE 3M3 12G,5,253.68,1268.4
C9,2021-04-29T00:00:00Z,11417,VM13BD3M212G,VM13 BASE DENTINE 3M2 12G,10,253.681,2536.81
C9,2021-04-29T00:00:00Z,11399,VM13BD3L1.512G,VM13 BASE DENTINE 3L1.5 12G,1,253.68,253.68
C9,2021-04-29T00:00:00Z,11381,VM13BD2M312G,VM13 BASE DENTINE 2M3 12G,5,253.68,1268.4
C9,2021-04-29T00:00:00Z,11363,VM13BD2L2.512G,VM13 BASE DENTINE 2L2.5 12G,2,253.68,507.36
C9,2021-04-29T00:00:00Z,11357,VM13BD2L1.512G,VM13 BASE DENTINE 2L1.5 12G,10,253.681,2536.81
C9,2021-04-29T00:00:00Z,11351,VM13BD1M212G,VM13 BASE DENTINE 1M2 12G,1,253.68,253.68
C11,2021-05-03T00:00:00Z,7628,MFTL334M2,MFT L33 4M2,10,79.553,795.53
C11,2021-05-03T00:00:00Z,8018,MFTPU334M2,MFT PU33 4M2,50,81.5934,4079.67
C11,2021-05-03T00:00:00Z,7898,MFTPL314M2,MFT PL31 4M2,20,81.593,1631.86
C11,2021-05-03T00:00:00Z,7988,MFTPU314M2,MFT PU31 4M2,30,81.5937,2447.81
C11,2021-05-03T00:00:00Z,7868,MFTPL294M2,MFT PL29 4M2,10,81.593,815.93
C11,2021-05-03T00:00:00Z,7958,MFTPU294M2,MFT PU29 4M2,10,81.593,815.93
C11,2021-05-03T00:00:00Z,7925,MFTPL333R2.5,MFT PL33 3R2.5,120,81.5933,9791.196
C11,2021-05-03T00:00:00Z,8015,MFTPU333R2.5,MFT PU33 3R2.5,100,81.5934,8159.34
C11,2021-05-03T00:00:00Z,7895,MFTPL313R2.5,MFT PL31 3R2.5,70,81.5933,5711.53
C11,2021-05-03T00:00:00Z,7985,MFTPU313R2.5,MFT PU31 3R2.5,80,81.5934,6527.47
C11,2021-05-03T00:00:00Z,7865,MFTPL293R2.5,MFT PL29 3R2.5,20,81.593,1631.86
C11,2021-05-03T00:00:00Z,7955,MFTPU293R2.5,MFT PU29 3R2.5,20,81.593,1631.86
C11,2021-05-03T00:00:00Z,7922,MFTPL333M2,MFT PL33 3M2,350,81.5933,28557.655
C11,2021-05-03T00:00:00Z,8012,MFTPU333M2,MFT PU33 3M2,400,81.5934,32637.36
C11,2021-05-03T00:00:00Z,7892,MFTPL313M2,MFT PL31 3M2,350,81.5933,28557.655
C11,2021-05-03T00:00:00Z,7982,MFTPU313M2,MFT PU31 3M2,350,81.5933,28557.655
C11,2021-05-03T00:00:00Z,7862,MFTPL293M2,MFT PL29 3M2,150,81.5933,12238.994999999999
C11,2021-05-03T00:00:00Z,7952,MFTPU293M2,MFT PU29 3M2,200,81.5934,16318.68
C11,2021-05-03T00:00:00Z,7919,MFTPL333L2.5,MFT PL33 3L2.5,40,81.5935,3263.74
C11,2021-05-03T00:00:00Z,7889,MFTPL313L2.5,MFT PL31 3L2.5,30,81.5937,2447.81
C11,2021-05-03T00:00:00Z,7916,MFTPL333L1.5,MFT PL33 3L1.5,40,81.5935,3263.74
C11,2021-05-03T00:00:00Z,8006,MFTPU333L1.5,MFT PU33 3L1.5,50,81.5934,4079.67
C11,2021-05-03T00:00:00Z,7886,MFTPL313L1.5,MFT PL31 3L1.5,50,81.5934,4079.67
C11,2021-05-03T00:00:00Z,7976,MFTPU313L1.5,MFT PU31 3L1.5,20,81.593,1631.86
C11,2021-05-03T00:00:00Z,7913,MFTPL332M2,MFT PL33 2M2,350,81.5933,28557.655
C11,2021-05-03T00:00:00Z,8003,MFTPU332M2,MFT PU33 2M2,400,81.5934,32637.36
C11,2021-05-03T00:00:00Z,7883,MFTPL312M2,MFT PL31 2M2,400,81.5934,32637.36
C11,2021-05-03T00:00:00Z,7973,MFTPU312M2,MFT PU31 2M2,350,81.5933,28557.655
C11,2021-05-03T00:00:00Z,7853,MFTPL292M2,MFT PL29 2M2,200,81.5934,16318.68
C11,2021-05-03T00:00:00Z,7943,MFTPU292M2,MFT PU29 2M2,150,81.5933,12238.994999999999
C11,2021-05-03T00:00:00Z,7910,MFTPL332M1,MFT PL33 2M1,250,81.5934,20398.350000000002
C11,2021-05-03T00:00:00Z,8000,MFTPU332M1,MFT PU33 2M1,150,81.5933,12238.994999999999
C11,2021-05-03T00:00:00Z,7880,MFTPL312M1,MFT PL31 2M1,180,81.5934,14686.812
C11,2021-05-03T00:00:00Z,7970,MFTPU312M1,MFT PU31 2M1,160,81.5933,13054.928
C11,2021-05-03T00:00:00Z,7850,MFTPL292M1,MFT PL29 2M1,60,81.5933,4895.6
C11,2021-05-03T00:00:00Z,7940,MFTPU292M1,MFT PU29 2M1,70,81.5933,5711.53
C11,2021-05-03T00:00:00Z,7907,MFTPL332L1.5,MFT PL33 2L1.5,70,81.5933,5711.53
C11,2021-05-03T00:00:00Z,7997,MFTPU332L1.5,MFT PU33 2L1.5,80,81.5934,6527.47
C11,2021-05-03T00:00:00Z,7877,MFTPL312L1.5,MFT PL31 2L1.5,80,81.5934,6527.47
C11,2021-05-03T00:00:00Z,7967,MFTPU312L1.5,MFT PU31 2L1.5,80,81.5934,6527.47
C11,2021-05-03T00:00:00Z,7847,MFTPL292L1.5,MFT PL29 2L1.5,20,81.593,1631.86
C11,2021-05-03T00:00:00Z,7937,MFTPU292L1.5,MFT PU29 2L1.5,30,81.5937,2447.81
C11,2021-05-03T00:00:00Z,7904,MFTPL331M1,MFT PL33 1M1,60,81.5933,4895.6
C11,2021-05-03T00:00:00Z,7994,MFTPU331M1,MFT PU33 1M1,45,81.5933,3671.7
C11,2021-05-03T00:00:00Z,7874,MFTPL311M1,MFT PL31 1M1,30,81.5937,2447.81
C11,2021-05-03T00:00:00Z,7964,MFTPU311M1,MFT PU31 1M1,30,81.5937,2447.81
C11,2021-05-03T00:00:00Z,7844,MFTPL291M1,MFT PL29 1M1,15,81.5933,1223.9
C11,2021-05-03T00:00:00Z,7934,MFTPU291M1,MFT PU29 1M1,15,81.5933,1223.9
C11,2021-05-03T00:00:00Z,7901,MFTPL330M3,MFT PL33 0M3,15,81.5933,1223.9
C11,2021-05-03T00:00:00Z,7991,MFTPU330M3,MFT PU33 0M3,15,81.5933,1223.9
C11,2021-05-03T00:00:00Z,7871,MFTPL310M3,MFT PL31 0M3,15,81.5933,1223.9
C11,2021-05-03T00:00:00Z,7961,MFTPU310M3,MFT PU31 0M3,15,81.5933,1223.9
C11,2021-05-03T00:00:00Z,7841,MFTPL290M3,MFT PL29 0M3,15,81.5933,1223.9
C11,2021-05-03T00:00:00Z,7931,MFTPU290M3,MFT PU29 0M3,15,81.5933,1223.9
C11,2021-05-03T00:00:00Z,7748,MFTL404M2,MFT L40 4M2,20,79.5535,1591.07
C11,2021-05-03T00:00:00Z,7688,MFTL374M2,MFT L37 4M2,20,79.5535,1591.07
C11,2021-05-03T00:00:00Z,7658,MFTL344M2,MFT L34 4M2,10,79.553,795.53
C11,2021-05-03T00:00:00Z,7928,MFTPL334M2,MFT PL33 4M2,30,81.5937,2447.81
C11,2021-05-03T00:00:00Z,8288,MFTT494M2,MFT T49 4M2,30,79.5537,2386.61
C11,2021-05-03T00:00:00Z,8258,MFTT464M2,MFT T46 4M2,45,79.5536,3579.91
C11,2021-05-03T00:00:00Z,8168,MFTS504M2,MFT S50 4M2,15,79.554,1193.31
C11,2021-05-03T00:00:00Z,8138,MFTS474M2,MFT S47 4M2,15,79.554,1193.31
C11,2021-05-03T00:00:00Z,8108,MFTR474M2,MFT R47 4M2,15,79.554,1193.31
C11,2021-05-03T00:00:00Z,8078,MFTR454M2,MFT R45 4M2,15,79.554,1193.31
C11,2021-05-03T00:00:00Z,7778,MFTO404M2,MFT O40 4M2,30,79.5537,2386.61
C11,2021-05-03T00:00:00Z,7745,MFTL403R2.5,MFT L40 3R2.5,30,79.5537,2386.61
C11,2021-05-03T00:00:00Z,7685,MFTL373R2.5,MFT L37 3R2.5,30,79.5537,2386.61
C11,2021-05-03T00:00:00Z,7655,MFTL343R2.5,MFT L34 3R2.5,30,79.5537,2386.61
C11,2021-05-03T00:00:00Z,8285,MFTT493R2.5,MFT T49 3R2.5,30,79.5537,2386.61
C11,2021-05-03T00:00:00Z,8255,MFTT463R2.5,MFT T46 3R2.5,15,79.554,1193.31
C11,2021-05-03T00:00:00Z,8225,MFTT433R2.5,MFT T43 3R2.5,15,79.554,1193.31
C11,2021-05-03T00:00:00Z,8165,MFTS503R2.5,MFT S50 3R2.5,30,79.5537,2386.61
C11,2021-05-03T00:00:00Z,8135,MFTS473R2.5,MFT S47 3R2.5,30,79.5537,2386.61
C11,2021-05-03T00:00:00Z,8105,MFTR473R2.5,MFT R47 3R2.5,15,79.554,1193.31
C11,2021-05-03T00:00:00Z,8075,MFTR453R2.5,MFT R45 3R2.5,15,79.554,1193.31
C11,2021-05-03T00:00:00Z,7742,MFTL403M2,MFT L40 3M2,120,79.5535,9546.42
C11,2021-05-03T00:00:00Z,7712,MFTL37LN3M2,MFT L37LN 3M2,120,79.5535,9546.42
C11,2021-05-03T00:00:00Z,7682,MFTL373M2,MFT L37 3M2,165,79.5535,13126.3275
C11,2021-05-03T00:00:00Z,7652,MFTL343M2,MFT L34 3M2,105,79.5535,8353.1175
C11,2021-05-03T00:00:00Z,7622,MFTL333M2,MFT L33 3M2,60,79.5535,4773.21
C11,2021-05-03T00:00:00Z,8282,MFTT493M2,MFT T49 3M2,150,79.5535,11933.025
C11,2021-05-03T00:00:00Z,8252,MFTT463M2,MFT T46 3M2,165,79.5535,13126.3275
C11,2021-05-03T00:00:00Z,8222,MFTT433M2,MFT T43 3M2,105,79.5535,8353.1175
C11,2021-05-03T00:00:00Z,8192,MFTT413M2,MFT T41 3M2,105,79.5535,8353.1175
C11,2021-05-03T00:00:00Z,8162,MFTS503M2,MFT S50 3M2,50,79.5536,3977.68
C11,2021-05-03T00:00:00Z,8132,MFTS473M2,MFT S47 3M2,75,79.5536,5966.52
C11,2021-05-03T00:00:00Z,8102,MFTR473M2,MFT R47 3M2,75,79.5536,5966.52
C11,2021-05-03T00:00:00Z,8072,MFTR453M2,MFT R45 3M2,75,79.5536,5966.52
C11,2021-05-03T00:00:00Z,8216,MFTT433L1.5,MFT T43 3L1.5,15,79.554,1193.31
C11,2021-05-03T00:00:00Z,7733,MFTL402M2,MFT L40 2M2,165,79.5535,13126.3275
C11,2021-05-03T00:00:00Z,7703,MFTL37LN2M2,MFT L37LN 2M2,60,79.5535,4773.21
C11,2021-05-03T00:00:00Z,7673,MFTL372M2,MFT L37 2M2,195,79.5535,15512.9325
C11,2021-05-03T00:00:00Z,7643,MFTL342M2,MFT L34 2M2,165,79.5535,13126.3275
C11,2021-05-03T00:00:00Z,7613,MFTL332M2,MFT L33 2M2,90,79.5536,7159.8240000000005
C11,2021-05-03T00:00:00Z,8273,MFTT492M2,MFT T49 2M2,195,79.5535,15512.9325
C11,2021-05-03T00:00:00Z,8243,MFTT462M2,MFT T46 2M2,300,79.5535,23866.05
C11,2021-05-03T00:00:00Z,8213,MFTT432M2,MFT T43 2M2,165,79.5535,13126.3275
C11,2021-05-03T00:00:00Z,8153,MFTS502M2,MFT S50 2M2,150,79.5535,11933.025
C11,2021-05-03T00:00:00Z,8123,MFTS472M2,MFT S47 2M2,105,79.5535,8353.1175
C11,2021-05-03T00:00:00Z,8093,MFTR472M2,MFT R47 2M2,120,79.5535,9546.42
C11,2021-05-03T00:00:00Z,8063,MFTR452M2,MFT R45 2M2,195,79.5535,15512.9325
C11,2021-05-03T00:00:00Z,8033,MFTR422M2,MFT R42 2M2,60,79.5535,4773.21
C11,2021-05-03T00:00:00Z,7730,MFTL402M1,MFT L40 2M1,60,79.5535,4773.21
C11,2021-05-03T00:00:00Z,7670,MFTL372M1,MFT L37 2M1,60,79.5535,4773.21
C11,2021-05-03T00:00:00Z,7640,MFTL342M1,MFT L34 2M1,30,79.5537,2386.61
C11,2021-05-03T00:00:00Z,7610,MFTL332M1,MFT L33 2M1,45,79.5536,3579.91
C11,2021-05-03T00:00:00Z,8150,MFTS502M1,MFT S50 2M1,30,79.5537,2386.61
C11,2021-05-03T00:00:00Z,7727,MFTL402L1.5,MFT L40 2L1.5,105,79.5535,8353.1175
C11,2021-05-03T00:00:00Z,7667,MFTL372L1.5,MFT L37 2L1.5,45,79.5536,3579.91
C11,2021-05-03T00:00:00Z,7637,MFTL342L1.5,MFT L34 2L1.5,60,79.5535,4773.21
C11,2021-05-03T00:00:00Z,7607,MFTL332L1.5,MFT L33 2L1.5,15,79.554,1193.31
C11,2021-05-03T00:00:00Z,8267,MFTT492L1.5,MFT T49 2L1.5,45,79.5536,3579.91
C11,2021-05-03T00:00:00Z,8237,MFTT462L1.5,MFT T46 2L1.5,75,79.5536,5966.52
C11,2021-05-03T00:00:00Z,8207,MFTT432L1.5,MFT T43 2L1.5,30,79.5537,2386.61
C11,2021-05-03T00:00:00Z,8177,MFTT412L1.5,MFT T41 2L1.5,15,79.554,1193.31
C11,2021-05-03T00:00:00Z,8147,MFTS502L1.5,MFT S50 2L1.5,30,79.5537,2386.61
C11,2021-05-03T00:00:00Z,8117,MFTS472L1.5,MFT S47 2L1.5,30,79.5537,2386.61
C11,2021-05-03T00:00:00Z,8087,MFTR472L1.5,MFT R47 2L1.5,30,79.5537,2386.61
C11,2021-05-03T00:00:00Z,8057,MFTR452L1.5,MFT R45 2L1.5,45,79.5536,3579.91
C11,2021-05-03T00:00:00Z,8027,MFTR422L1.5,MFT R42 2L1.5,30,79.5537,2386.61
C11,2021-05-03T00:00:00Z,7817,MFTO492L1.5,MFT O49 2L1.5,15,79.554,1193.31
C11,2021-05-03T00:00:00Z,7787,MFTO442L1.5,MFT O44 2L1.5,15,79.554,1193.31
C11,2021-05-03T00:00:00Z,7757,MFTO402L1.5,MFT O40 2L1.5,15,79.554,1193.31
C11,2021-05-03T00:00:00Z,7724,MFTL401M1,MFT L40 1M1,30,79.5537,2386.61
C11,2021-05-03T00:00:00Z,8144,MFTS501M1,MFT S50 1M1,15,79.554,1193.31
C11,2021-05-03T00:00:00Z,8114,MFTS471M1,MFT S47 1M1,15,79.554,1193.31
C11,2021-05-03T00:00:00Z,8084,MFTR471M1,MFT R47 1M1,15,79.554,1193.31
C11,2021-05-03T00:00:00Z,7664,MFTL371M1,MFT L37 1M1,45,79.5536,3579.91
C12,2021-05-03T00:00:00Z,85005,MEDITAMJIG,AM JIG MEDIT,1,8162.63,8162.63
C12,2021-05-03T00:00:00Z,85003,MEDITKASSET,KAS SET ARTICULADOR,1,10883.5,10883.5
C12,2021-05-03T00:00:00Z,84157,ERRONEA,SCANNER DE MESA T*,1,91149.32,91149.32
C13,2021-05-10T00:00:00Z,85165,PN/05005,MAX/PICO BUIL TRAY STORAGE CASE,10,210.331,2103.31
C13,2021-05-10T00:00:00Z,85169,PN/02499,1L MAX UNIVERSAL BUILD TRAY,3,1191.8767,3575.63
C13,2021-05-10T00:00:00Z,85167,PN/02500,2L MAX BUILD PLASTIC TRAY FOR MAX 3D PRINTER,3,1822.87,5468.61
C13,2021-05-10T00:00:00Z,85161,PN/02391,IMPRESORA 3D MAX UV 110-220V,3,166944.1933,500832.5799
C14,2021-05-18T00:00:00Z,85234,801025,PLASTOPRESS LT LIQUID 500ML,10,723.603,7236.03
C14,2021-05-18T00:00:00Z,3881,259505,MODELCAST S LIQUID 1000ML,35,247.7709,8671.98
C14,2021-05-18T00:00:00Z,3878,259500,MODELCAST S 50 X 400G,40,1613.325,64533.0
C14,2021-05-18T00:00:00Z,85236,259300S,S&S SPEEDVEST MUSTER/SAMPLE,50,28.1558,1407.79
C14,2021-05-18T00:00:00Z,3872,259300,S&S SPEEDVEST 20 X 160G + 750ML,2000,468.7934,937586.8
C14,2021-05-18T00:00:00Z,4493,801115,PLASTOPRESS JET LIQUID 250ML,8,419.52,3356.16
C14,2021-05-18T00:00:00Z,4511,801315,PLASTODUR LIQUID 250ML,5,284.374,1421.87
C14,2021-05-18T00:00:00Z,4505,801225,PLASTODON N LIQUID 500ML,15,371.656,5574.84
C14,2021-05-18T00:00:00Z,4508,801310,PLASTODUR PINK 500G,5,526.512,2632.56
C14,2021-05-18T00:00:00Z,85231,801240,PLASTODON N 1000G PINK VEINED,10,588.456,5884.56
C14,2021-05-18T00:00:00Z,3554,139000,MOGUCERA N NICR 1KG BE FREE 1,144,1830.1244,263537.91359999997
C14,2021-05-18T00:00:00Z,85192,138110,DISCO MOGUCERA C 10MM,10,2438.57,24385.7
C14,2021-05-18T00:00:00Z,85194,138112,DISCO MOGUCERA C 12MM,10,2656.777,26567.77
C14,2021-05-18T00:00:00Z,85196,138113,DISCO MOGUCERA C 13.5MM,10,2861.47,28614.7
C14,2021-05-18T00:00:00Z,85198,138116,DISCO MOGUCERA C 16MM,10,3092.91,30929.1
C14,2021-05-18T00:00:00Z,85200,230274,STARTRAY D 62MM HONEYCOMB FIRING TRAYS,30,180.1967,5405.9
C14,2021-05-18T00:00:00Z,85202,230275,STARTRAY 55 X 55MM HONEYCOMB FIRING TRAYS,40,140.7788,5631.15
C14,2021-05-18T00:00:00Z,85204,230276,STARTRAY 45 X 45MM HONEYCOMB FIRING TRAYS,20,132.332,2646.64
C14,2021-05-18T00:00:00Z,85206,230277,STARTRAY D 79MM HONEYCOMB FIRING TRAYS,40,188.6438,7545.75
C14,2021-05-18T00:00:00Z,85208,230226,HOLDING PIN SET,70,261.8486,18329.4
C14,2021-05-18T00:00:00Z,85214,230222,CERAMIC HOLDING PIN SET,10,444.861,4448.61
C14,2021-05-18T00:00:00Z,85216,230278,FIBRE TRAY 5 PCS,20,146.41,2928.2
C14,2021-05-18T00:00:00Z,4481,800092,GINGISTAR A AUTOMIX A SILICONE,20,687.0005,13740.01
C14,2021-05-18T00:00:00Z,3857,230281,DOWEL PINS SIZE 1 WITHOUT PLUG IN NEED,15,777.0993,11656.49
C14,2021-05-18T00:00:00Z,85218,230282,DOWEL PINS SIZE 2 WITHOUT GUIDE PLUG,5,782.73,3913.65
C14,2021-05-18T00:00:00Z,3866,230380,ISOSIL SILICONE SPRAY MULTI PURPOSE  IN,14,222.4307,3114.03
C14,2021-05-18T00:00:00Z,85220,230370,ISOGIPS CLASSIC 1000ML,39,543.4062,21192.84
C14,2021-05-18T00:00:00Z,85222,230234,O SPRAY 75ML BLUE,30,140.7787,4223.36
C14,2021-05-18T00:00:00Z,85224,230235,O SPRAY 75ML RED,27,140.7785,3801.02
C14,2021-05-18T00:00:00Z,85226,230240,CROWN FORCEPS,5,520.882,2604.41
C14,2021-05-18T00:00:00Z,3887,271069,DIASTAR POLIERPASTE,15,622.242,9333.63
C14,2021-05-18T00:00:00Z,85228,801000,PLASTOPRESS LT POWDER 500G COLOURLESS,10,757.39,7573.9
C14,2021-05-18T00:00:00Z,4484,801010,PLASTOPRESS LT ROSA 500G,50,757.3898,37869.49
C14,2021-05-18T00:00:00Z,4490,801110,PLASTOPRESS JET PINK 500G,10,757.39,7573.9
C14,2021-05-18T00:00:00Z,4502,801215,PLASTODON N 250ML,50,261.8486,13092.43
C14,2021-05-18T00:00:00Z,4487,801015,PLASTOPRESS LT LIQUID 250ML,40,419.5208,16780.83
C14,2021-05-18T00:00:00Z,4499,801210,PLASTODON N ROSA 500G,40,377.287,15091.48
C14,2021-05-18T00:00:00Z,85238,259450,S&S LIQUID 750ML,10,233.692,2336.92
C14,2021-05-18T00:00:00Z,3884,259515,MODELCAST S LIQUID 5000ML,11,993.8991,10932.89
C15,2021-06-03T00:00:00Z,85817,181211,PORTAPIEZAS 98 PRODUCCION,15,4929.418,73941.26999999999
C15,2021-06-03T00:00:00Z,3584,BAJA178600,BAJA CERAMILL AIRSTREAM,1,34680.2,34680.2
C15,2021-06-03T00:00:00Z,85814,178660,CERAMILL CLEANSTREAM,1,224375.66,224375.66
C15,2021-06-03T00:00:00Z,85811,181200,CERAMILL MATIK,1,871361.77,871361.77
C15,2021-06-03T00:00:00Z,85808,179974,MIKRO 5X DNA FRENTE,1,36597.2,36597.2
C15,2021-06-03T00:00:00Z,85792,180209,A AXIS MOTOR INCL ENCODER 4X AND 5X FOR MIKRO 4X 5X MOTION 2,2,3902.46,7804.92
C15,2021-06-03T00:00:00Z,85532,180208,X/Y/Z AXIS MOTOR INCL ENCODER 4X AND 5X FOR MIKRO 4X 5X IC CS,2,3902.46,7804.92
C15,2021-06-03T00:00:00Z,85783,179325,JUEGO DE TORNILLOS 98,3,354.7667,1064.3
C15,2021-06-03T00:00:00Z,85792,180209,A AXIS MOTOR INCL ENCODER 4X AND 5X FOR MIKRO 4X 5X MOTION 2,1,3902.45,3902.45
C15,2021-06-03T00:00:00Z,85786,180205,ELEMENTO CALEFACTOR T3 AT2 4PCS,8,18653.3663,149226.9304
C15,2021-06-03T00:00:00Z,85709,179924,TOOL DETECTION MIKRO 5X,2,6273.805,12547.61
C15,2021-06-03T00:00:00Z,85719,179923,TOOL LENGTH SENSOR MIKRO 5X,2,9858.835,19717.67
C15,2021-06-03T00:00:00Z,85706,179258,FUELLE MOTION 2,2,4705.355,9410.71
C15,2021-06-03T00:00:00Z,3683,179276,SENSOR DE REFERENCIA MESA GIRATORIA,2,3678.39,7356.78
C15,2021-06-03T00:00:00Z,85803,179309,MESA REDONDA ENCODER B14,2,46493.37,92986.74
C15,2021-06-03T00:00:00Z,85800,180161,B AXIS MOTOR INCHL ENCODER 5X,2,5956.38,11912.76
C15,2021-06-03T00:00:00Z,85797,180210,A AXIS MOTOR INCL ENCODER MIKRO IC+CS FOR MIKRO IC CHAIRSIDE,2,4892.075,9784.15
C15,2021-06-03T00:00:00Z,85532,180208,X/Y/Z AXIS MOTOR INCL ENCODER 4X AND 5X FOR MIKRO 4X 5X IC CS,2,3902.46,7804.92
C15,2021-06-03T00:00:00Z,85792,180209,A AXIS MOTOR INCL ENCODER 4X AND 5X FOR MIKRO 4X 5X MOTION 2,5,3902.456,19512.28
C15,2021-06-03T00:00:00Z,85514,179302,X/Y/Z AXIS MOTOR INCL ENCODER PARA MOTION 2 O 3,5,3771.752,18858.76
C15,2021-06-03T00:00:00Z,85789,179306,PRESOSTATO,5,2221.974,11109.87
C15,2021-06-03T00:00:00Z,85786,180205,ELEMENTO CALEFACTOR T3 AT2 4PCS,5,18653.366,93266.83000000002
C15,2021-06-03T00:00:00Z,3734,180024,MUELLE DE GAS ARGOTHERM O THERM 3,6,840.2433,5041.46
C15,2021-06-03T00:00:00Z,3698,179301,SYCOTEC SPINDEL,1,55829.39,55829.39
C15,2021-06-03T00:00:00Z,85783,179325,JUEGO DE TORNILLOS 98,4,354.77,1419.08
C15,2021-06-03T00:00:00Z,3710,179319,PINZAS DE TENSION 3MM MIKRO,3,2782.1333,8346.4
C15,2021-06-03T00:00:00Z,85780,179922,TOOL HOLDER MIKRO 5X 5-8,3,1755.1733,5265.52
C15,2021-06-03T00:00:00Z,85776,179921,TOOL HOLDER MIKRO 5X 1-4,3,1829.86,5489.58
C15,2021-06-03T00:00:00Z,85749,179316,CUBIERTAS DEL EJE Y,2,1717.825,3435.65
C15,2021-06-03T00:00:00Z,85746,179315,CUBIERTAS DEL EJE X,2,1101.65,2203.3
C15,2021-06-03T00:00:00Z,85719,179923,TOOL LENGTH SENSOR MIKRO 5X,2,9858.835,19717.67
C15,2021-06-03T00:00:00Z,85532,180208,X/Y/Z AXIS MOTOR INCL ENCODER 4X AND 5X FOR MIKRO 4X 5X IC CS,3,3902.4567,11707.3701
C15,2021-06-03T00:00:00Z,85534,180128,CAPUCHON ENCODER 5PCS,3,1867.2033,5601.61
C15,2021-06-03T00:00:00Z,3701,179303,SENSOR DE LONGITUD,10,5863.02,58630.200000000004
C15,2021-06-03T00:00:00Z,3704,179304,SENSOR DE PRESENCIA,10,933.602,9336.02
C15,2021-06-03T00:00:00Z,82369,179212,JAEGER SPINDLE MOTION,1,81951.58,81951.58
C15,2021-06-03T00:00:00Z,85536,179323,JAEGER SPINDLE M2I,2,61412.335,122824.67
C15,2021-06-03T00:00:00Z,85538,179232,JAEGER SPINDLE 100K SHF,3,61431.0067,184293.0201
C15,2021-06-03T00:00:00Z,85540,179969,PUERTA MOTION 2 DNA,1,16132.64,16132.64
C15,2021-06-03T00:00:00Z,3674,179230,PINZA 3MM MOTION 2,5,3715.736,18578.68
C15,2021-06-03T00:00:00Z,3674,179230,PINZA 3MM MOTION 2,4,3715.735,14862.94
C15,2021-06-03T00:00:00Z,85715,180179,CS CUBIERTA DEL EJE A CON SENSOR 2.5MM,1,18653.37,18653.37
C15,2021-06-03T00:00:00Z,85901,181210,PORTAPIEZAS 71 PRODUCCION,1,6604.92,6604.92
C15,2021-06-03T00:00:00Z,85898,181219,BLANK HOLDER FOR PROGRAMILL PRODUCTION,1,6604.92,6604.92
C15,2021-06-03T00:00:00Z,85895,181218,PORTAPIEZAS METAL PRODUCCION,2,20738.41,41476.82
C15,2021-06-03T00:00:00Z,85892,181214,PORTAPIEZAS TI PREFORMS PRODUCCION,1,6604.92,6604.92
C15,2021-06-03T00:00:00Z,85889,181213,PORTAPIEZAS BLOCS UN PRODUCCION,3,6604.9233,19814.7699
C15,2021-06-03T00:00:00Z,85885,181205,ROTO RFID PIN DE CALIBRACION EJE 3MM,5,1568.45,7842.25
C15,2021-06-03T00:00:00Z,85691,179225,UNIDAD NEUMATICA CERAMILL MOTION,2,3715.735,7431.47
C15,2021-06-03T00:00:00Z,85694,179211,JUEGO DE TORNILLOS CERAMILL MOTION 2,4,354.77,1419.08
C15,2021-06-03T00:00:00Z,3677,179251,TAPA DE PORTAHERRAMIENTAS MOTION 2,10,560.161,5601.61
C15,2021-06-03T00:00:00Z,85697,179327,CONTROL M2I DNA GENERATION,1,46493.37,46493.37
C15,2021-06-03T00:00:00Z,85700,179275,CONTROL DE SPINDLE MOTION 2,3,17850.47,53551.41
C15,2021-06-03T00:00:00Z,85703,179265,KIT DE SELLADO MOTION 2,10,93.36,933.6
C15,2021-06-03T00:00:00Z,85706,179258,FUELLE MOTION 2,5,4705.352,23526.76
C15,2021-06-03T00:00:00Z,85709,179924,TOOL DETECTION MIKRO 5X,5,6273.806,31369.03
C15,2021-06-03T00:00:00Z,85712,179954,SENSOR DE REFERENCIA EJE B MIKRO 5X,1,3398.31,3398.31
C15,2021-06-03T00:00:00Z,85881,760690,FRESA ROTO RFID 1.0 COCR,10,801.653,8016.53
C15,2021-06-03T00:00:00Z,85878,760689,FRESA ROTO RFID 1.5 COCR,10,801.653,8016.53
C15,2021-06-03T00:00:00Z,85875,760688,FRESA ROTO RFID 2.5 COCR,10,801.653,8016.53
C15,2021-06-03T00:00:00Z,85872,760687,FRESA ROTO RFID 0.3 DMB DC,5,2439.814,12199.07
C15,2021-06-03T00:00:00Z,85869,760686,FRESA ROTO RFID 0.6 DMB DC,10,2439.813,24398.13
C15,2021-06-03T00:00:00Z,85866,760685,FRESA ROTO RFID 1.0 DMB DC,10,2439.813,24398.13
C15,2021-06-03T00:00:00Z,85863,760684,FRESA ROTO RFID 2.5 DMB DC,10,2439.813,24398.13
C15,2021-06-03T00:00:00Z,85860,760683,FRESA ROTO RFID 0.3 SC DM 0.3,5,1272.188,6360.94
C15,2021-06-03T00:00:00Z,85857,760682,FRESA ROTO RFID 0.6 SC DM 0.6,10,1219.907,12199.07
C15,2021-06-03T00:00:00Z,4253,760679,FRESA ROTO RFID 0.4 DM,10,697.09,6970.9
C15,2021-06-03T00:00:00Z,4250,760678,"FRESA DIAMOND RFID 1,0 DM",20,697.0895,13941.79
C15,2021-06-03T00:00:00Z,4247,760677,FRESA DIAMOND RFID 1.4 DM,20,697.0895,13941.79
C15,2021-06-03T00:00:00Z,4244,760676,FRESA DIAMOND RFID 1.8 DM,20,1195.0105,23900.21
C15,2021-06-03T00:00:00Z,85854,760672,FRESA ROTO RFID 2.0 TI DM 2.0,5,592.028,2960.14
C15,2021-06-03T00:00:00Z,85854,760672,FRESA ROTO RFID 2.0 TI DM 2.0,5,592.028,2960.14
C15,2021-06-03T00:00:00Z,85851,760671,FRESA ROTO RFID 0.3 PMMA WAX DM 0.3,5,939.576,4697.88
C15,2021-06-03T00:00:00Z,85848,760670,FRESA ROTO RFID 0.6 PMMA WAX DM 0.6,10,939.577,9395.77
C15,2021-06-03T00:00:00Z,85844,760669,FRESA ROTO RFID 1.0 PMMA WAX DM 1.0,10,939.577,9395.77
C15,2021-06-03T00:00:00Z,85841,760668,FRESA ROTO RFID 2.5 PMMA WAX DM 2.5,10,939.577,9395.77
C15,2021-06-03T00:00:00Z,85838,760667,FRESA ROTO RFID 0.3 SINTRON DM 0.3,5,939.576,4697.88
C15,2021-06-03T00:00:00Z,85835,760666,FRESA ROTO RFID 0.6 SINTRON,10,939.577,9395.77
C15,2021-06-03T00:00:00Z,85831,760665,FRESA ROTO RFID 1.0 SINTRON DM 1.0,10,939.577,9395.77
C15,2021-06-03T00:00:00Z,85828,760664,FRESA ROTO RFID 2.5 SINTRON DM 2.5,10,939.577,9395.77
C15,2021-06-03T00:00:00Z,85823,116874,VALVULA DE SEGURIDAD STEAMER X3,3,1120.32,3360.96
C15,2021-06-03T00:00:00Z,85820,766837,DISCO ZOLID GEN X A3 98 X 16,3,1244.8033,3734.41
C15,2021-06-03T00:00:00Z,4640,179130NC,CERAMILL MAP 200 +,1,21398.15,21398.15
C18,2021-06-18T00:00:00Z,3503,BAJA105268,BAJA AUSTROMAT 674 BASIC,2,209203.725,418407.45
C19,2021-06-23T00:00:00Z,86619,CMBBC14LTBL1,CAMEO MILL BLOCS BOX C14 LT BL1,30,736.877,22106.31
C19,2021-06-23T00:00:00Z,86923,CMBBB40LTA2,CAMEO MILL BLOCS BOX B40 LT A2,50,2210.6314,110531.57
C19,2021-06-23T00:00:00Z,86975,CPTMBBL2/0M2,CAMEO PMMA MULTI T40 BL2/0M2,8,663.19,5305.52
C19,2021-06-23T00:00:00Z,86972,CPTMBB1,CAMEO PMMA MULTI T40 B1,12,663.1892,7958.27
C19,2021-06-23T00:00:00Z,86969,CPTMBA2,CAMEO PMMA MULTI T40 A2,60,663.1895,39791.37
C19,2021-06-23T00:00:00Z,86965,CPTMBA1,CAMEO PMMA MULTI T40 A1,60,663.1895,39791.37
C19,2021-06-23T00:00:00Z,86923,CMBBB40LTA2,CAMEO MILL BLOCS BOX B40 LT A2,30,2210.6313,66318.939
C19,2021-06-23T00:00:00Z,86918,CMBBB40LTA1,CAMEO MILL BLOCS BOX B40 LT A1,30,2210.6313,66318.939
C19,2021-06-23T00:00:00Z,86926,APG401514MLA3,CAMEO MILL BLOCS BOX B40 LT A3,10,2210.631,22106.31
C19,2021-06-23T00:00:00Z,86918,CMBBB40LTA1,CAMEO MILL BLOCS BOX B40 LT A1,50,2210.6314,110531.57
C19,2021-06-23T00:00:00Z,86616,APG181315MLBL2,CAMEO MILL BLOCS BOX C14 LT BL2,30,736.877,22106.31
C19,2021-06-23T00:00:00Z,5759,CMBBC14HTA2,CAMEO MILL BLOCS BOX C14 HT A2,50,736.8772,36843.86
C19,2021-06-23T00:00:00Z,5756,CMBBC14HTA1,CAMEO MILL BLOCS BOX C14 HT A1,50,736.8772,36843.86
C19,2021-06-23T00:00:00Z,5774,APG181315MLA3,CAMEO MILL BLOCS BOX C14 LT A3,50,736.8772,36843.86
C19,2021-06-23T00:00:00Z,5771,APG181315MLA2,CAMEO MILL BLOCS BOX C14 LT A2,200,736.8772,147375.44
C19,2021-06-23T00:00:00Z,5768,APG181315MLA1,CAMEO MILL BLOCS BOX C14 LT A1,200,736.8772,147375.44
C19,2021-06-23T00:00:00Z,86613,CPIBLTBL1,CAMEO PRESS INGOT BOX LT BL1,30,421.0727,12632.18
C19,2021-06-23T00:00:00Z,86610,CPIBLTBL2,CAMEO PRESS INGOT BOX LT BL2,50,421.0726,21053.63
C19,2021-06-23T00:00:00Z,5807,APG12.510PA3,CAMEO PRESS INGOT BOX HT A3,30,421.0727,12632.18
C19,2021-06-23T00:00:00Z,5804,CPIBHTA2,CAMEO PRESS INGOT BOX HT A2,100,421.0727,42107.27
C19,2021-06-23T00:00:00Z,5822,CPIBLTA3,CAMEO PRESS INGOT BOX LT A3,20,421.0725,8421.45
C19,2021-06-23T00:00:00Z,5819,CPIBLTA2,CAMEO PRESS INGOT BOX LT A2,200,421.0727,84214.54
C19,2021-06-23T00:00:00Z,5816,CPIBLTA1,CAMEO PRESS INGOT BOX LT A1,100,421.0727,42107.27
C20,2021-06-29T00:00:00Z,8291,MI008,MIYO BRUSH KIT,2,4122.92,8245.84
C20,2021-06-29T00:00:00Z,8330,MI868,MIYO MAMELON PUMPKIN FLUOR PASTE 4G,20,884.4025,17688.05
C20,2021-06-29T00:00:00Z,8411,MI897,MIYO GINGIVAL SABLE PASTE 4G,10,884.402,8844.02
C20,2021-06-29T00:00:00Z,8408,MI896,MIYO TRANS LUMIN PLUS FLUOR PASTE 4G,5,884.402,4422.01
C20,2021-06-29T00:00:00Z,8396,MI892,MIYO GINGIVAL STRUCTURE FROST PASTE 4G,5,884.402,4422.01
C20,2021-06-29T00:00:00Z,8393,MI891,MIYO GINGIVAL STRUCTURE ROUGE PASTE 4G,15,884.402,13266.03
C20,2021-06-29T00:00:00Z,8387,MI889,MIYO GINGIVAL SALMON PASTE 4G,15,884.402,13266.03
C20,2021-06-29T00:00:00Z,8384,MI888,MIYO GINGIVAL TRANS COPPER PASTE 4G,10,884.402,8844.02
C20,2021-06-29T00:00:00Z,8381,MI887,MIYO GINGIVAL TRANS RASPBERRY PASTE 4G,10,884.402,8844.02
C20,2021-06-29T00:00:00Z,8378,MI886,MIYO GINGIVAL SORBET PASTE 4G,15,884.402,13266.03
C20,2021-06-29T00:00:00Z,8375,MI885,MIYO GINGIVAL MERLOT PASTE 4G,15,884.402,13266.03
C20,2021-06-29T00:00:00Z,8372,MI884,MIYO GINGIVAL PLUM PASTE 4G,10,884.402,8844.02
C20,2021-06-29T00:00:00Z,87158,MI954,MIYO HIGH FUSING STRUCTURE WINDOW PASTE 4G,5,884.402,4422.01
C20,2021-06-29T00:00:00Z,8369,MI883,MIYO GINGIVAL TRANS MIDNIGHT PASTE 4G,10,884.402,8844.02
C20,2021-06-29T00:00:00Z,8366,MI882,MIYO GINGIVAL CRIMSON PASTE 4G,10,884.402,8844.02
C20,2021-06-29T00:00:00Z,8363,MI881,MIYO GINGIVAL FLAMINGO PASTE 4G,10,884.402,8844.02
C20,2021-06-29T00:00:00Z,8360,MI880,MIYO TRANS SHADE D FLUOR PASTE 4G,5,884.402,4422.01
C20,2021-06-29T00:00:00Z,8357,MI879,MIYO TRANS SHADE C FLUOR PASTE 4G,10,884.402,8844.02
C20,2021-06-29T00:00:00Z,8354,MI878,MIYO TRANS SHADE B FLUOR PASTE 4G,5,884.402,4422.01
C20,2021-06-29T00:00:00Z,8351,MI877,MIYO TRANS SHADE A FLUOR PASTE 4G,20,884.4025,17688.05
C20,2021-06-29T00:00:00Z,8348,MI876,MIYO TRANS LUMIN FLUOR PASTE 4G,10,884.402,8844.02
C20,2021-06-29T00:00:00Z,8339,MI872,MIYO STRUCTURE ENAMEL FLUOR PASTE 4G,5,884.402,4422.01
C20,2021-06-29T00:00:00Z,8324,MI866,MIYO MAMELON WHEAT FLUOR PASTE 4G,5,884.402,4422.01
C20,2021-06-29T00:00:00Z,8315,MI863,MIYO TRANS CLEMENTINE FLUOR PASTE 4G,20,884.4025,17688.05
C20,2021-06-29T00:00:00Z,8297,MI857,MIYO SNOW FLUOR PASTE 4G,5,884.402,4422.01
C20,2021-06-29T00:00:00Z,87161,MI996,MIYO GINGIVAL FINISHING SYSTEM KIT,14,14553.095,203743.33
C20,2021-06-29T00:00:00Z,14291,ZR249,INSYN FC GLAZE PASTE 4G,45,659.0564,29657.54
C20,2021-06-29T00:00:00Z,87155,MI953,MIYO HIGH FUSING STRUCTURE ENAMEL PASTE 4G,5,884.402,4422.01
C20,2021-06-29T00:00:00Z,87152,MI952,MIYO TRANS GARNET PASTE 4G,10,884.402,8844.02
C20,2021-06-29T00:00:00Z,8414,MI898,MIYO GINGIVAL THISTLE PASTE 4G,10,884.402,8844.02
C21,2021-07-27T00:00:00Z,89427,T710,SCANNER DE MESA T710,1,201859.95,201859.95
C21,2021-07-27T00:00:00Z,89422,T510,SCANNER DE MESA T510,1,137631.78,137631.78
C21,2021-07-27T00:00:00Z,89431,T310,SCANNER DE MESA T310,8,89460.6588,715685.2704
C22,2021-08-06T00:00:00Z,3977,576720,GIROFORM CLASSIC L 100PCS,35,1031.642,36107.47
C22,2021-08-06T00:00:00Z,3968,576480,PIN CERAMICO GIROFORM 25PCS,10,1112.555,11125.55
C22,2021-08-06T00:00:00Z,3992,576790,ADAPTADOR GIROFORM PARA VERTEX,40,337.1378,13485.51
C22,2021-08-06T00:00:00Z,4466,766828,DISCO ZOLID GEN X A2 98 X 16 ZRO2,30,2730.8167,81924.50099999999
C22,2021-08-06T00:00:00Z,4466,766828,DISCO ZOLID GEN X A2 98 X 16 ZRO2,100,2720.7025,272070.25
C22,2021-08-06T00:00:00Z,89491,766025,DISCO CERAMILL ZOLID HT + WHITE 98 X 20,50,2809.3218,140466.09
C22,2021-08-06T00:00:00Z,4433,766023,DISCO CERAMILL ZOLID HT + WHITE 98 X 16,13,2408.6092,31311.92
C22,2021-08-06T00:00:00Z,4433,766023,DISCO CERAMILL ZOLID HT + WHITE 98 X 16,50,2407.8868,120394.34000000001
C22,2021-08-06T00:00:00Z,4430,766022,DISCO CERAMILL ZOLID HT + WHITE 98 X 14,13,2208.7346,28713.55
C22,2021-08-06T00:00:00Z,4430,766022,DISCO CERAMILL ZOLID HT + WHITE 98 X 14,50,2207.2898,110364.49
C22,2021-08-06T00:00:00Z,4232,760660,FRESA ROTO RFID 2.5 ZI DM,70,878.9666,61527.66
C22,2021-08-06T00:00:00Z,4238,760662,FRESA ROTO RFID 0.6 ZI DM,140,878.9666,123055.324
C22,2021-08-06T00:00:00Z,3959,576450,GIROFORM PINS 1000PCS,10,488.61,4886.1
C22,2021-08-06T00:00:00Z,3959,576450,GIROFORM PINS 1000PCS,70,486.4419,34050.93
C22,2021-08-06T00:00:00Z,3977,576720,GIROFORM CLASSIC L 100PCS,5,1038.384,5191.92
C23,2021-08-09T00:00:00Z,89497,PN/02501,5L MAX BUILD TRAY,10,2953.262,29532.62
C23,2021-08-09T00:00:00Z,85161,PN/02391,IMPRESORA 3D MAX UV 110-220V,4,163539.725,654158.9
C24,2021-08-18T00:00:00Z,4901,714-0000,THOWAX CERA PARA MODELAR GRIS 70G,400,173.9034,69561.36
C24,2021-08-18T00:00:00Z,4898,713-5100,IQ COMPACT ASHFREE CERA VERDE,100,156.7027,15670.269999999999
C24,2021-08-18T00:00:00Z,4892,710-5100,IQ COMPACT ASHFREE CERA BEIGE 45 G,80,156.7026,12536.21
C24,2021-08-18T00:00:00Z,4889,710-0000M,THOWAX CERA PARA MODELAR BEIGE 8 G,50,29.7966,1489.83
C24,2021-08-18T00:00:00Z,4967,746-1030,DURON HILO DE CERA VERDE DURO 250G 3MM,20,216.7025,4334.05
C24,2021-08-18T00:00:00Z,4886,710-0000,THOWAX CERA PARA MODELAR BEIGE 70G,200,170.6529,34130.579999999994
C24,2021-08-18T00:00:00Z,4850,612-0100,CERA PARA MORDIDAS PREF SEMIDURA VERDE,10,524.149,5241.49
C24,2021-08-18T00:00:00Z,4847,606-2000,CERA P. EL REGISTRO OCLUSAL DURA 2 MM,10,936.153,9361.53
C24,2021-08-18T00:00:00Z,89579,350-0701,K2 CILINDRO EN SILICONA PEQUEÑO 100G+ ZOCALO COMPLETO,10,824.01,8240.1
C24,2021-08-18T00:00:00Z,89579,350-0701,K2 CILINDRO EN SILICONA PEQUEÑO 100G+ ZOCALO COMPLETO,5,915.566,4577.83
C24,2021-08-18T00:00:00Z,89576,350-0205,K2 PISTON PEQUEÑO 2G 5PZ,20,290.11,5802.2
C24,2021-08-18T00:00:00Z,89573,337-0500,K2 BONDER B 5G,1,0.27,0.27
C24,2021-08-18T00:00:00Z,89558,101-1000M,MUESTRAS ESQUELETICA,10,0.271,2.71
C24,2021-08-18T00:00:00Z,89570,336-0010,K2 PASTA DE GLASEADO GL 5G,13,352.1408,4577.83
C24,2021-08-18T00:00:00Z,89567,312-0001,STAIN HUMIDOR SET TRANSPARENTE,11,948.0709,10428.78
C24,2021-08-18T00:00:00Z,89564,191-2000,BARRA MAXILAR INFERIOR AZUL 4.0 X2.0MM 65G,10,241.081,2410.81
C24,2021-08-18T00:00:00Z,89561,181-1300,"BARRA MAXILAR SUPERIOR, AZUL 5.0 X 1.3MM 65G",10,241.081,2410.81
C24,2021-08-18T00:00:00Z,4631,142-1000,REDUCTOR DE TENSIÓN AZUL 1000 ML,10,511.959,5119.59
C24,2021-08-18T00:00:00Z,4628,142-0000,REDUCTOR DE TENSIÓN AZUL 100 ML,30,177.2893,5318.68
C24,2021-08-18T00:00:00Z,4601,116-0000,RETENCIONES EN PLANCHAS PEQ BORDE 15 PZ,50,206.49,10324.5
C24,2021-08-18T00:00:00Z,4598,115-0000,GANCHOS ANILLOS RECTOS CERA VERDE 10 TAB,30,206.49,6194.7
C24,2021-08-18T00:00:00Z,4595,114-0000,GANCHOS ANILLOS CURV CERA VERDE 10 TABLI,50,206.49,10324.5
C24,2021-08-18T00:00:00Z,4592,113-0000,GANCHOS BONYHARD GDE CERA VERDE 10 TABLI,30,206.49,6194.7
C24,2021-08-18T00:00:00Z,4589,112-0000,GANCHOS BONYHARD PEQ CERA VERDE 10 TABLI,20,206.49,4129.8
C24,2021-08-18T00:00:00Z,4586,111-0000,GANCHOS PARA MOLARES CERA VERDE 10 TABL,100,194.8151,19481.51
C24,2021-08-18T00:00:00Z,4583,110-0000,GANCHOS P PREMOLARES CERA VERDE 10 TABL,1,314.22,314.22
C24,2021-08-18T00:00:00Z,4583,110-0000,GANCHOS P PREMOLARES CERA VERDE 10 TABL,60,194.8152,11688.91
C24,2021-08-18T00:00:00Z,89558,101-1000M,MUESTRAS ESQUELETICA,40,189.6143,7584.57
C24,2021-08-18T00:00:00Z,89976,773-0000,PONTICOS SUPERIORES FRENTE AZUL 25PZ (BLOQUES),5,720.534,3602.67
C24,2021-08-18T00:00:00Z,90002,772-0000,PONTICOS SUPERIOES IQUIERDOS AZUL 25PZ,5,720.534,3602.67
C24,2021-08-18T00:00:00Z,89970,771-0000,PONTICOS SUPERIORES DERECHOS AZUL 25PZ (BLOQUES),5,720.534,3602.67
C24,2021-08-18T00:00:00Z,89967,743-3500,DETON HILO DE CERA AZUL 250G 3.5MM,10,216.702,2167.02
C24,2021-08-18T00:00:00Z,89964,742-3000,DETON HILO DE CERA AZUL 250G 3.0MM,39,216.7021,8451.38
C24,2021-08-18T00:00:00Z,89961,741-2500,DETON HILO DE CERA 250G 2.5MM,20,216.7025,4334.05
C24,2021-08-18T00:00:00Z,89961,741-2500,DETON HILO DE CERA 250G 2.5MM,20,216.7025,4334.05
C24,2021-08-18T00:00:00Z,89958,741-0100,"MASTER DIP CERA DE INMERSION GRANULADA, ELASTICO DURO 100G",10,357.558,3575.58
C24,2021-08-18T00:00:00Z,89955,741-0000,DUO DIP CERA DE INMERSION GRANULAD NARANJA 80G,50,182.8424,9142.12
C24,2021-08-18T00:00:00Z,89952,736-5001,WAX GIANT SINGLE LINE SNOR WHITE 75G (OPACA),50,220.2234,11011.17
C24,2021-08-18T00:00:00Z,89946,716-5100,IQ COMPACT ASHFREE CERA PARA MODELAR BLANCO 45G,50,156.8382,7841.91
C24,2021-08-18T00:00:00Z,89943,713-0000,THOWAX CERA PARA MODELAR VERDE 70G,50,195.032,9751.6
C24,2021-08-18T00:00:00Z,89940,709-0000,THOWAX CERA PARA MODELAR AZUL 70G,50,195.032,9751.6
C24,2021-08-18T00:00:00Z,89937,700-0000,THOWAX CERA PARA MODELAR BEIGE-MARRON 70G,50,274.9406,13747.03
C24,2021-08-18T00:00:00Z,89932,680-0000M,MUESTRA SOLIDUS 80,10,0.271,2.71
C24,2021-08-18T00:00:00Z,89927,416-2000,CONTACT E DUO ESTACION DE DESPERTADOR,25,5705.4944,142637.36
C24,2021-08-18T00:00:00Z,89924,413-0115,EASY WAXER 115V,25,2120.9716,53024.29
C24,2021-08-18T00:00:00Z,89917,402-1115,DIPPY EASY 115V,25,1542.106,38552.65
C24,2021-08-18T00:00:00Z,5468,986-0000,SAKURA LÁPIZ MARCADOR  0.5MM,4,154.4,617.6
C24,2021-08-18T00:00:00Z,5465,985-0000,PINCEL PARA CERA,100,109.7055,10970.55
C24,2021-08-18T00:00:00Z,5459,983-0000,YETI SIERRA,40,499.6338,19985.35
C24,2021-08-18T00:00:00Z,5447,972-0000,MULTIFLEX HOJAS DE SIERRA .25X3MM 12 PZ,50,151.6914,7584.57
C24,2021-08-18T00:00:00Z,4931,720-5100,IQ COMPACT ASHFREE CERA NEGRA 45 G,50,156.7026,7835.13
C24,2021-08-18T00:00:00Z,4928,720-0000M,THOWAX CERA CERVICAL ROJA 8G,50,29.7966,1489.83
C24,2021-08-18T00:00:00Z,4925,720-0000,THOWAX CERA CERVICAL ROJA 70G,100,156.0255,15602.55
C24,2021-08-18T00:00:00Z,4904,714-0000M,THOWAX CERA PARA MODELAR GRIS 8G,50,29.7966,1489.83
C24,2021-08-18T00:00:00Z,89990,956-1000,YETI EXPANSION PLUS LIQUIDO 1000ML,20,204.9185,4098.37
C24,2021-08-18T00:00:00Z,89985,956-0001,YETI EXPANSION PLUS REVESTIMIENTO 2X100G+ LIQUIDO TEST KIT,100,2.7088,270.88
C24,2021-08-18T00:00:00Z,89982,956-0000,YETI EXPANSION PLUS REVESTIMIENTO 50X100G + 1 LIQUIDO,60,585.529,35131.74
C24,2021-08-18T00:00:00Z,89982,956-0000,YETI EXPANSION PLUS REVESTIMIENTO 50X100G + 1 LIQUIDO,60,585.529,35131.74
C24,2021-08-18T00:00:00Z,89982,956-0000,YETI EXPANSION PLUS REVESTIMIENTO 50X100G + 1 LIQUIDO,60,585.529,35131.74
C24,2021-08-18T00:00:00Z,89982,956-0000,YETI EXPANSION PLUS REVESTIMIENTO 50X100G + 1 LIQUIDO,120,585.5289,70263.46800000001
C24,2021-08-18T00:00:00Z,89979,944-6000,PRECIGEL GELATINA PARA DUBLICACION VERDE 6KG,30,1321.8823,39656.47
C25,2021-08-18T00:00:00Z,89996,922-1110,YETI CORUNDO BLANCO 110MY (SACO 25KG),70,974.8074,68236.518
C25,2021-08-18T00:00:00Z,89993,922-1050,YETI CORUNDO BLANCO 50MY (SACO 25KG),25,974.8072,24370.18
C25,2021-08-18T00:00:00Z,89999,922-2050,YETI PERLAS DE VETRO PARA BRILLAR 50MY (SACO 25KG),25,525.2724,13131.81
C26,2021-08-23T00:00:00Z,90264,V14652.01,PLACA 2L TECN BLANCO,10,53.055,530.55
C26,2021-08-23T00:00:00Z,11318,V14209,BASE SICURY 2P+T 16A. P302M PLANTA VIMAR,10,104.769,1047.69
C26,2021-08-23T00:00:00Z,90268,V14612,SOPORTE 2M CENTRALES CON TORNILLOS PLANA VIMAR,10,40.644,406.44
C27,2021-08-31T00:00:00Z,84025,INTSCAI700,MEDIT INTRA ORAL SCANNER I700,3,316568.3867,949705.1601
C28,2021-08-31T00:00:00Z,83418,1-0020-0101,QUATRO JETSTREAM BASIC INFINITY 120V,20,10820.588,216411.76
C28,2021-08-31T00:00:00Z,83421,1-0040-0010,IVAC 2.B COMPACT 120V,5,17553.396,87766.98000000001
C28,2021-08-31T00:00:00Z,90430,1-0040-2030,IVAC 2.C COMPACT 230V,1,30377.79,30377.79
C28,2021-08-31T00:00:00Z,83410,AG113-5,ANTI-MICROBIAL FILTER BAGS 5/BX,10,914.972,9149.72
C28,2021-08-31T00:00:00Z,83415,1-0020-0102,JETSTREAM INFINITY 2STATION 120V,5,12263.332,61316.66
C30,2021-09-06T00:00:00Z,13127,VMKD2L1.512G,VMK DENTINE 2L1.5 12G,40,146.6648,5866.59
C29,2021-09-06T00:00:00Z,12767,VM9TD2M212G,VM9 TRANSPA DENTINE 2M2 12G,1,21924.71,21924.71
C29,2021-09-06T00:00:00Z,7289,LUMACEMED12G,"LUMEX ENAMEL, MEDIUM, 12 G",2,22791.19,45582.38
C30,2021-09-06T00:00:00Z,5501,AKZPLUBS043G,AKZENT PLUS BODY STAINS BS04 3G,15,176.838,2652.57
C30,2021-09-06T00:00:00Z,13553,VMKOC312G,VMK OPAQUE C3 12G,15,146.6647,2199.97
C30,2021-09-06T00:00:00Z,13559,VMKOC412G,VMK OPAQUE C4 12G,5,146.664,733.32
C30,2021-09-06T00:00:00Z,13595,VMKOD212G,VMK OPAQUE D2 12G,5,146.664,733.32
C30,2021-09-06T00:00:00Z,13643,VMKOD312G,VMK OPAQUE D3 12G,5,146.664,733.32
C30,2021-09-06T00:00:00Z,13691,VMKOD412G,VMK OPAQUE D4 12G,3,146.6633,439.99
C30,2021-09-06T00:00:00Z,13757,VMKODA112G,VMK OPAQUE DENTINE A1 12G,30,146.6643,4399.93
C30,2021-09-06T00:00:00Z,13763,VMKODA212G,VMK OPAQUE DENTINE A2 12G,44,146.6645,6453.24
C30,2021-09-06T00:00:00Z,13775,VMKODA312G,VMK OPAQUE DENTINE A3 12G,35,146.6649,5133.27
C30,2021-09-06T00:00:00Z,13769,VMKODA3.512G,VMK OPAQUE DENTINE A3.5 12G,20,146.6645,2933.29
C30,2021-09-06T00:00:00Z,13781,VMKODA412G,VMK OPAQUE DENTINE A4 12G,10,146.664,1466.64
C30,2021-09-06T00:00:00Z,13787,VMKODB112G,VMK OPAQUE DENTINE B1 12G,20,146.6645,2933.29
C30,2021-09-06T00:00:00Z,13793,VMKODB212G,VMK OPAQUE DENTINE B2 12G,30,146.6643,4399.93
C30,2021-09-06T00:00:00Z,13793,VMKODB212G,VMK OPAQUE DENTINE B2 12G,30,146.6643,4399.93
C30,2021-09-06T00:00:00Z,13799,VMKODB312G,VMK OPAQUE DENTINE B3 12G,15,146.6647,2199.97
C30,2021-09-06T00:00:00Z,13805,VMKODB412G,VMK OPAQUE DENTINE B4 12G,10,146.664,1466.64
C30,2021-09-06T00:00:00Z,13811,VMKODC112G,VMK OPAQUE DENTINE C1 12G,15,146.6647,2199.97
C30,2021-09-06T00:00:00Z,13817,VMKODC212G,VMK OPAQUE DENTINE C2 12G,20,146.6645,2933.29
C30,2021-09-06T00:00:00Z,13823,VMKODC312G,VMK OPAQUE DENTINE C3 12G,15,146.6647,2199.97
C30,2021-09-06T00:00:00Z,13829,VMKODC412G,VMK OPAQUE DENTINE C4 12G,5,146.664,733.32
C30,2021-09-06T00:00:00Z,13835,VMKODD212G,VMK OPAQUE DENTINE D2 12G,5,146.664,733.32
C30,2021-09-06T00:00:00Z,13841,VMKODD312G,VMK OPAQUE DENTINE D3 12G,6,146.6633,879.98
C30,2021-09-06T00:00:00Z,13847,VMKODD412G,VMK OPAQUE DENTINE D4 12G,2,146.665,293.33
C30,2021-09-06T00:00:00Z,13271,VMKDA112G,VMK DENTINE A1 12G,55,146.6647,8066.56
C30,2021-09-06T00:00:00Z,13277,VMKDA212G,VMK DENTINE A2 12G,180,146.6646,26399.628
C30,2021-09-06T00:00:00Z,13289,VMKDA312G,VMK DENTINE A3 12G,120,146.6647,17599.764000000003
C30,2021-09-06T00:00:00Z,13283,VMKDA3.512G,VMK DENTINE A3.5 12G,50,146.6646,7333.23
C30,2021-09-06T00:00:00Z,13295,VMKDA412G,VMK DENTINE A4 12G,30,146.6643,4399.93
C30,2021-09-06T00:00:00Z,13301,VMKDB112G,VMK DENTINE B1 12G,35,146.6649,5133.27
C30,2021-09-06T00:00:00Z,13307,VMKDB212G,VMK DENTINE B2 12G,40,146.6648,5866.59
C30,2021-09-06T00:00:00Z,13313,VMKDB312G,VMK DENTINE B3 12G,25,146.6644,3666.61
C30,2021-09-06T00:00:00Z,13319,VMKDB412G,VMK DENTINE B4 12G,10,146.664,1466.64
C30,2021-09-06T00:00:00Z,13325,VMKDC112G,VMK DENTINE C1 12G,30,146.6643,4399.93
C30,2021-09-06T00:00:00Z,13331,VMKDC212G,VMK DENTINE C2 12G,35,146.6649,5133.27
C30,2021-09-06T00:00:00Z,13337,VMKDC312G,VMK DENTINE C3 12G,25,146.6644,3666.61
C30,2021-09-06T00:00:00Z,13343,VMKDC412G,VMK DENTINE C4 12G,10,146.664,1466.64
C30,2021-09-06T00:00:00Z,13349,VMKDD212G,VMK DENTINE D2 12G,10,146.664,1466.64
C30,2021-09-06T00:00:00Z,13355,VMKDD312G,VMK DENTINE D3 12G,10,146.664,1466.64
C30,2021-09-06T00:00:00Z,13361,VMKDD412G,VMK DENTINE D4 12G,10,146.664,1466.64
C30,2021-09-06T00:00:00Z,13097,VMKD0M112G,VMK DENTINE 0M1 12G,5,146.664,733.32
C30,2021-09-06T00:00:00Z,13103,VMKD0M212G,VMK DENTINE 0M2 12G,5,146.664,733.32
C30,2021-09-06T00:00:00Z,13109,VMKD0M312G,VMK DENTINE 0M3 12G,5,146.664,733.32
C30,2021-09-06T00:00:00Z,13115,VMKD1M112G,VMK DENTINE 1M1 12G,40,146.6648,5866.59
C30,2021-09-06T00:00:00Z,13121,VMKD1M212G,VMK DENTINE 1M2 12G,40,146.6648,5866.59
C30,2021-09-06T00:00:00Z,13136,VMKD2L2.550G,VMK DENTINE 2L2.5 50G,9,505.7833,4552.05
C30,2021-09-06T00:00:00Z,13139,VMKD2M112G,VMK DENTINE 2M1 12G,45,146.6647,6599.91
C30,2021-09-06T00:00:00Z,13142,VMKD2M150G,VMK DENTINE 2M1 50G,15,505.7827,7586.74
C30,2021-09-06T00:00:00Z,13145,VMKD2M212G,VMK DENTINE 2M2 12G,60,146.6647,8799.88
C30,2021-09-06T00:00:00Z,13148,VMKD2M250G,VMK DENTINE 2M2 50G,25,505.7828,12644.57
C30,2021-09-06T00:00:00Z,13151,VMKD2M312G,VMK DENTINE 2M3 12G,35,146.6649,5133.27
C30,2021-09-06T00:00:00Z,13154,VMKD2M350G,VMK DENTINE 2M3 50G,10,505.783,5057.83
C30,2021-09-06T00:00:00Z,13157,VMKD2R1.512G,VMK DENTINE 2R1.5 12G,30,146.6643,4399.93
C30,2021-09-06T00:00:00Z,13160,VMKD2R1.550G,VMK DENTINE 2R1.5 50G,7,505.7829,3540.48
C30,2021-09-06T00:00:00Z,13163,VMKD2R2.512G,VMK DENTINE 2R2.5 12G,30,146.6643,4399.93
C30,2021-09-06T00:00:00Z,13166,VMKD2R2.550G,VMK DENTINE 2R2.5 50G,5,505.784,2528.92
C30,2021-09-06T00:00:00Z,13169,VMKD3L1.512G,VMK DENTINE 3L1.5 12G,60,146.6647,8799.88
C30,2021-09-06T00:00:00Z,13172,VMKD3L1.550G,VMK DENTINE 3L1.5 50G,8,505.7838,4046.27
C30,2021-09-06T00:00:00Z,13175,VMKD3L2.512G,VMK DENTINE 3L2.5 12G,25,146.6644,3666.61
C30,2021-09-06T00:00:00Z,13178,VMKD3L2.550G,VMK DENTINE 3L2.5 50G,5,505.784,2528.92
C30,2021-09-06T00:00:00Z,13181,VMKD3M112G,VMK DENTINE 3M1 12G,40,146.6648,5866.59
C30,2021-09-06T00:00:00Z,13184,VMKD3M150G,VMK DENTINE 3M1 50G,6,505.7833,3034.7
C30,2021-09-06T00:00:00Z,13187,VMKD3M212G,VMK DENTINE 3M2 12G,120,146.6647,17599.764000000003
C30,2021-09-06T00:00:00Z,13190,VMKD3M250G,VMK DENTINE 3M2 50G,40,505.7828,20231.31
C30,2021-09-06T00:00:00Z,13193,VMKD3M312G,VMK DENTINE 3M3 12G,30,146.6643,4399.93
C30,2021-09-06T00:00:00Z,13196,VMKD3M350G,VMK DENTINE 3M3 50G,5,505.784,2528.92
C30,2021-09-06T00:00:00Z,13199,VMKD3R1.512G,VMK DENTINE 3R1.5 12G,45,146.6647,6599.91
C30,2021-09-06T00:00:00Z,13205,VMKD3R2.512G,VMK DENTINE 3R2.5 12G,50,146.6646,7333.23
C30,2021-09-06T00:00:00Z,13208,VMKD3R2.550G,VMK DENTINE 3R2.5 50G,10,505.783,5057.83
C30,2021-09-06T00:00:00Z,13211,VMKD4L1.512G,VMK DENTINE 4L1.5 12G,10,146.664,1466.64
C30,2021-09-06T00:00:00Z,13214,VMKD4L1.550G,VMK DENTINE 4L1.5 50G,5,505.784,2528.92
C30,2021-09-06T00:00:00Z,13217,VMKD4L2.512G,VMK DENTINE 4L2.5 12G,10,146.664,1466.64
C30,2021-09-06T00:00:00Z,13220,VMKD4L2.550G,VMK DENTINE 4L2.5 50G,5,505.784,2528.92
C30,2021-09-06T00:00:00Z,13223,VMKD4M112G,VMK DENTINE 4M1 12G,10,146.664,1466.64
C30,2021-09-06T00:00:00Z,13229,VMKD4M212G,VMK DENTINE 4M2 12G,30,146.6643,4399.93
C30,2021-09-06T00:00:00Z,13235,VMKD4M312G,VMK DENTINE 4M3 12G,10,146.664,1466.64
C30,2021-09-06T00:00:00Z,13241,VMKD4R1.512G,VMK DENTINE 4R1.5 12G,10,146.664,1466.64
C30,2021-09-06T00:00:00Z,13247,VMKD4R2.512G,VMK DENTINE 4R2.5 12G,10,146.664,1466.64
C30,2021-09-06T00:00:00Z,13253,VMKD5M112G,VMK DENTINE 5M1 12G,5,146.664,733.32
C30,2021-09-06T00:00:00Z,13259,VMKD5M212G,VMK DENTINE 5M2 12G,5,146.664,733.32
C30,2021-09-06T00:00:00Z,13265,VMKD5M312G,VMK DENTINE 5M3 12G,5,146.664,733.32
C30,2021-09-06T00:00:00Z,13565,VMKOD0M112G,VMK OPAQUE DENTINE 0M1 12G,8,146.6638,1173.31
C30,2021-09-06T00:00:00Z,13571,VMKOD0M212G,VMK OPAQUE DENTINE 0M2 12G,6,146.6633,879.98
C30,2021-09-06T00:00:00Z,13577,VMKOD0M312G,VMK OPAQUE DENTINE 0M3 12G,6,146.6633,879.98
C30,2021-09-06T00:00:00Z,13583,VMKOD1M112G,VMK OPAQUE DENTINE 1M1 12G,4,146.665,586.66
C30,2021-09-06T00:00:00Z,13589,VMKOD1M212G,VMK OPAQUE DENTINE 1M2 12G,1,146.66,146.66
C30,2021-09-06T00:00:00Z,13601,VMKOD2L1.512G,VMK OPAQUE DENTINE 2L1.5 12G,1,146.66,146.66
C30,2021-09-06T00:00:00Z,13607,VMKOD2L2.512G,VMK OPAQUE DENTINE 2L2.5 12G,1,145.92,145.92
C30,2021-09-06T00:00:00Z,13613,VMKOD2M112G,VMK OPAQUE DENTINE 2M1 12G,15,146.6647,2199.97
C30,2021-09-06T00:00:00Z,13619,VMKOD2M212G,VMK OPAQUE DENTINE 2M2 12G,40,146.6648,5866.59
C30,2021-09-06T00:00:00Z,13625,VMKOD2M312G,VMK OPAQUE DENTINE 2M3 12G,10,146.664,1466.64
C30,2021-09-06T00:00:00Z,13631,VMKOD2R1.512G,VMK OPAQUE DENTINE 2R1.5 12G,5,146.664,733.32
C30,2021-09-06T00:00:00Z,13637,VMKOD2R2.512G,VMK OPAQUE DENTINE 2R2.5 12G,6,146.6633,879.98
C30,2021-09-06T00:00:00Z,13649,VMKOD3L1.512G,VMK OPAQUE DENTINE 3L1.5 12G,15,146.6647,2199.97
C30,2021-09-06T00:00:00Z,13661,VMKOD3M112G,VMK OPAQUE DENTINE 3M1 12G,7,146.6643,1026.65
C30,2021-09-06T00:00:00Z,13667,VMKOD3M212G,VMK OPAQUE DENTINE 3M2 12G,30,146.6643,4399.93
C30,2021-09-06T00:00:00Z,13673,VMKOD3M312G,VMK OPAQUE DENTINE 3M3 12G,9,146.6644,1319.98
C30,2021-09-06T00:00:00Z,13679,VMKOD3R1.512G,VMK OPAQUE DENTINE 3R1.5 12G,7,146.6643,1026.65
C30,2021-09-06T00:00:00Z,13685,VMKOD3R2.512G,VMK OPAQUE DENTINE 3R2.5 12G,10,146.664,1466.64
C30,2021-09-06T00:00:00Z,13697,VMKOD4L1.512G,VMK OPAQUE DENTINE 4L1.5 12G,7,146.6643,1026.65
C30,2021-09-06T00:00:00Z,13703,VMKOD4L2.512G,VMK OPAQUE DENTINE 4L2.5 12G,2,146.665,293.33
C30,2021-09-06T00:00:00Z,13739,VMKOD5M112G,VMK OPAQUE DENTINE 5M1 12G,2,146.665,293.33
C30,2021-09-06T00:00:00Z,13745,VMKOD5M212G,VMK OPAQUE DENTINE 5M2 12G,4,146.665,586.66
C30,2021-09-06T00:00:00Z,13865,VMKOP012G,VMK OPAQUE OP0 12G,10,146.664,1466.64
C30,2021-09-06T00:00:00Z,13871,VMKOP112G,VMK OPAQUE OP1 12G,29,146.6645,4253.27
C30,2021-09-06T00:00:00Z,13877,VMKOP212G,VMK OPAQUE OP2 12G,64,146.6647,9386.54
C30,2021-09-06T00:00:00Z,13883,VMKOP312G,VMK OPAQUE OP3 12G,55,146.6647,8066.56
C30,2021-09-06T00:00:00Z,13889,VMKOP412G,VMK OPAQUE OP4 12G,9,146.6644,1319.98
C30,2021-09-06T00:00:00Z,13895,VMKOP512G,VMK OPAQUE OP5 12G,14,146.665,2053.31
C30,2021-09-06T00:00:00Z,13916,VMKT112G,VMK TRANSLUCENT T1 12G,30,146.6643,4399.93
C30,2021-09-06T00:00:00Z,13919,VMKT212G,VMK TRANSLUCENT T2 12G,20,146.6645,2933.29
C30,2021-09-06T00:00:00Z,13922,VMKT312G,VMK TRANSLUCENT T3 12G,10,146.664,1466.64
C30,2021-09-06T00:00:00Z,13925,VMKT412G,VMK TRANSLUCENT T4 12G,50,146.6646,7333.23
C30,2021-09-06T00:00:00Z,13931,VMKT512G,VMK TRANSLUCENT T5 12G,25,146.6644,3666.61
C30,2021-09-06T00:00:00Z,13937,VMKT612G,VMK TRANSLUCENT T6 12G,20,146.6645,2933.29
C30,2021-09-06T00:00:00Z,13940,VMKT712G,VMK TRANSLUCENT T7 12G,10,146.664,1466.64
C30,2021-09-06T00:00:00Z,13943,VMKT812G,VMK TRANSLUCENT T8 12G,15,146.6647,2199.97
C30,2021-09-06T00:00:00Z,13367,VMKDM1,VMK DENTINE MODIFIER DM1,7,169.9143,1189.4
C30,2021-09-06T00:00:00Z,13370,VMKDM2,VMK DENTINE MODIFIER DM2,5,169.914,849.57
C30,2021-09-06T00:00:00Z,13373,VMKDM3,VMK DENTINE MODIFIER DM3,8,169.9125,1359.3
C30,2021-09-06T00:00:00Z,13376,VMKDM4,VMK DENTINE MODIFIER DM4,8,169.9125,1359.3
C30,2021-09-06T00:00:00Z,13379,VMKDM5,VMK DENTINE MODIFIER DM5,2,169.915,339.83
C30,2021-09-06T00:00:00Z,13382,VMKDM6,VMK DENTINE MODIFIER DM6,5,169.914,849.57
C30,2021-09-06T00:00:00Z,13385,VMKDM7,VMK DENTINE MODIFIER DM7,2,169.915,339.83
C30,2021-09-06T00:00:00Z,13388,VMKDM8,VMK DENTINE MODIFIER DM8,6,169.9133,1019.48
C30,2021-09-06T00:00:00Z,13904,VMKPLT1,VMK PEARL TRANSLUCENT PLT1,8,169.9125,1359.3
C30,2021-09-06T00:00:00Z,13901,VMKOT1,VMK OPAL TRANSLUCENT OT1,8,169.9125,1359.3
C30,2021-09-06T00:00:00Z,13946,VMKWIN12G,VMK WINDOW WIN 12G,75,146.6645,10999.84
C30,2021-09-06T00:00:00Z,13949,VMKWIN50G,VMK WINDOW WIN 50G,25,505.7828,12644.57
C30,2021-09-06T00:00:00Z,13391,VMKEN112G,VMK ENAMEL EN1 12G,180,146.6646,26399.628
C30,2021-09-06T00:00:00Z,13394,VMKEN150G,VMK ENAMEL EN1 50G,65,505.7828,32875.88
C30,2021-09-06T00:00:00Z,13397,VMKEN212G,VMK ENAMEL EN2 12G,90,146.6646,13199.814
C30,2021-09-06T00:00:00Z,13400,VMKEN250G,VMK ENAMEL EN2 50G,35,505.7826,17702.39
C30,2021-09-06T00:00:00Z,13403,VMKEN312G,VMK ENAMEL EN3 12G,15,146.6647,2199.97
C30,2021-09-06T00:00:00Z,13406,VMKEN350G,VMK ENAMEL EN3 50G,5,505.784,2528.92
C30,2021-09-06T00:00:00Z,13082,VMKCE1,VMK CERVICAL CE1,1,169.91,169.91
C30,2021-09-06T00:00:00Z,13085,VMKCE2,VMK CERVICAL CE2,3,169.9133,509.74
C30,2021-09-06T00:00:00Z,13088,VMKCE3,VMK CERVICAL CE3,2,169.915,339.83
C30,2021-09-06T00:00:00Z,13091,VMKCOR1,VMK CORRECTIVE COR1,4,169.915,679.66
C30,2021-09-06T00:00:00Z,13409,VMKG1,VMK GINGIVA G1,3,169.9133,509.74
C30,2021-09-06T00:00:00Z,13412,VMKG2,VMK GINGIVA G2,3,169.9133,509.74
C30,2021-09-06T00:00:00Z,13415,VMKG3,VMK GINGIVA G3,3,169.9133,509.74
C30,2021-09-06T00:00:00Z,13418,VMKG4,VMK GINGIVA G4 12G,3,169.9133,509.74
C30,2021-09-06T00:00:00Z,13472,VMKN1,VMK NECK N1,7,146.6643,1026.65
C30,2021-09-06T00:00:00Z,13475,VMKN2,VMK NECK N2,8,146.6638,1173.31
C30,2021-09-06T00:00:00Z,13478,VMKN3,VMK NECK N3,10,146.664,1466.64
C30,2021-09-06T00:00:00Z,13481,VMKN4,VMK NECK N4,4,146.665,586.66
C30,2021-09-06T00:00:00Z,13484,VMKN5,VMK NECK N5,3,146.6633,439.99
C30,2021-09-06T00:00:00Z,13952,VMKWO12G,VMK WASH OPAQUE WO 12G,55,146.6647,8066.56
C30,2021-09-06T00:00:00Z,13955,VMKWO50G,VMK WASH OPAQUE WO 50G,10,505.783,5057.83
C30,2021-09-06T00:00:00Z,13469,VMKMN,VMK MARGIN MN,1,169.91,169.91
C30,2021-09-06T00:00:00Z,13430,VMKGOL,VMK GINGIVA OPAQUE GOL,3,146.6633,439.99
C30,2021-09-06T00:00:00Z,13427,VMKGOD,VMK GINGIVA OPAQUE GOD,3,146.6633,439.99
C30,2021-09-06T00:00:00Z,7352,LUMACODA3.512G,"LUMEX OPAQUE DENTINE, A3.5, 12 G",5,253.756,1268.78
C30,2021-09-06T00:00:00Z,7358,LUMACODA412G,"LUMEX OPAQUE DENTINE, A4, 12 G",6,253.7567,1522.54
C30,2021-09-06T00:00:00Z,7370,LUMACODB412G,"LUMEX OPAQUE DENTINE, B4, 12 G",1,253.75,253.75
C30,2021-09-06T00:00:00Z,7355,LUMACODA312G,"LUMEX OPAQUE DENTINE, A3, 12 G",5,253.756,1268.78
C30,2021-09-06T00:00:00Z,7349,LUMACODA212G,"LUMEX OPAQUE DENTINE, A2, 12 G",5,253.756,1268.78
C30,2021-09-06T00:00:00Z,7346,LUMACODA112G,LUMEX OPAQUE DENTINE A1 12 G,5,253.756,1268.78
C30,2021-09-06T00:00:00Z,7373,LUMACODC112G,"LUMEX OPAQUE DENTINE, C1, 12 G",1,253.75,253.75
C30,2021-09-06T00:00:00Z,7376,LUMACODC212G,"LUMEX OPAQUE DENTINE, C2, 12 G",3,253.7567,761.27
C30,2021-09-06T00:00:00Z,7379,LUMACODC312G,"LUMEX OPAQUE DENTINE, C3, 12 G",4,253.7575,1015.03
C30,2021-09-06T00:00:00Z,7382,LUMACODC412G,"LUMEX OPAQUE DENTINE, C4, 12 G",5,253.756,1268.78
C30,2021-09-06T00:00:00Z,7385,LUMACODD212G,"LUMEX OPAQUE DENTINE, D2, 12 G",3,253.7567,761.27
C30,2021-09-06T00:00:00Z,7388,LUMACODD312G,"LUMEX OPAQUE DENTINE, D3, 12 G",3,253.7567,761.27
C30,2021-09-06T00:00:00Z,7391,LUMACODD412G,"LUMEX OPAQUE DENTINE, D4, 12 G",3,253.7567,761.27
C30,2021-09-06T00:00:00Z,7214,LUMACDA112G,"LUMEX DENTINE, A1, 12 G",14,253.7571,3552.6
C30,2021-09-06T00:00:00Z,7217,LUMACDA212G,"LUMEX DENTINE, A2, 12 G",22,253.7568,5582.65
C30,2021-09-06T00:00:00Z,7223,LUMACDA312G,"LUMEX DENTINE, A3, 12 G",17,253.7571,4313.87
C30,2021-09-06T00:00:00Z,7220,LUMACDA3.512G,"LUMEX DENTINE, A3.5, 12 G",10,253.757,2537.57
C30,2021-09-06T00:00:00Z,7226,LUMACDA412G,"LUMEX DENTINE, A4, 12 G",2,253.76,507.52
C30,2021-09-06T00:00:00Z,7235,LUMACDB312G,"LUMEX DENTINE, B3, 12 G",2,253.76,507.52
C30,2021-09-06T00:00:00Z,7238,LUMACDB412G,"LUMEX DENTINE, B4, 12 G",2,253.76,507.52
C30,2021-09-06T00:00:00Z,7241,LUMACDC112G,"LUMEX DENTINE, C1, 12 G",2,253.76,507.52
C30,2021-09-06T00:00:00Z,7244,LUMACDC212G,"LUMEX DENTINE, C2, 12 G",5,253.756,1268.78
C30,2021-09-06T00:00:00Z,7247,LUMACDC312G,"LUMEX DENTINE, C3, 12 G",4,253.7575,1015.03
C30,2021-09-06T00:00:00Z,7250,LUMACDC412G,"LUMEX DENTINE, C4, 12 G",4,253.7575,1015.03
C30,2021-09-06T00:00:00Z,7286,LUMACELIG12G,"LUMEX ENAMEL, LIGHT, 12 G",22,253.7568,5582.65
C30,2021-09-06T00:00:00Z,7289,LUMACEMED12G,"LUMEX ENAMEL, MEDIUM, 12 G",12,253.7567,3045.08
C30,2021-09-06T00:00:00Z,7307,LUMACGDARRED,LUMEX GINGIVA DARK-RED 12G,4,253.7575,1015.03
C30,2021-09-06T00:00:00Z,7310,LUMACGDEERED,LUMEX GINGIVA DEEP-RED 12G,4,253.7575,1015.03
C30,2021-09-06T00:00:00Z,7325,LUMACGPUR,LUMEX GINGIVA PURPLE 12G,3,253.7567,761.27
C30,2021-09-06T00:00:00Z,7328,LUMACGROS,LUMEX GINGIVA ROSEWOOD 12G,4,253.7575,1015.03
C30,2021-09-06T00:00:00Z,7313,LUMACGGRA,LUMEX GINGIVA GRAPEFRUIT 12G,5,253.756,1268.78
C30,2021-09-06T00:00:00Z,7319,LUMACGNEC,LUMEX GINGIVA NECTARINE 12G,5,253.756,1268.78
C30,2021-09-06T00:00:00Z,7316,LUMACGLIGROS,LUMEX GINGIVA LIGHT-ROSE 12G,5,253.756,1268.78
C30,2021-09-06T00:00:00Z,7322,LUMACGPALPAP,LUMEX GINGIVA PALE-PAPILLA 12G,2,253.76,507.52
C30,2021-09-06T00:00:00Z,7280,LUMACEFOG12G,"LUMEX ENAMEL, FOG, 12 G",5,253.756,1268.78
C30,2021-09-06T00:00:00Z,7277,LUMACECLE12G,"LUMEX ENAMEL, CLEAR, 12 G",22,253.7568,5582.65
C30,2021-09-06T00:00:00Z,7283,LUMACEINT12G,"LUMEX ENAMEL, INTENSE, 12 G",5,253.756,1268.78
C30,2021-09-06T00:00:00Z,7262,LUMACDMBRO,"LUMEX DENTINE MODIFIER, BROWN, 12 G",3,306.6867,920.06
C30,2021-09-06T00:00:00Z,7271,LUMACDMCOP,"LUMEX DENTINE MODIFIER, COPPER, 12 G",2,306.685,613.37
C30,2021-09-06T00:00:00Z,7274,LUMACDMHON,"LUMEX DENTINE MODIFIER, HONEY, 12 G",4,306.685,1226.74
C30,2021-09-06T00:00:00Z,7265,LUMACDMCAR,"LUMEX DENTINE MODIFIER, CARAMEL, 12 G",2,306.685,613.37
C30,2021-09-06T00:00:00Z,7268,LUMACDMCLOWHU,"LUMEX DENTINE MODIFIER, CLOUDY-WHITE, 12",6,306.685,1840.11
C30,2021-09-06T00:00:00Z,7343,LUMACMSAF,"LUMEX MAMELON, SAFFRON, 12 G",1,306.68,306.68
C30,2021-09-06T00:00:00Z,7421,LUMACTSMOWHI,"LUMEX TRANSLUCENT, SMOKY-WHITE, 12G",1,306.68,306.68
C30,2021-09-06T00:00:00Z,7415,LUMACTLIGBLO,"LUMEX TRANSLUCENT, LIGHT-BLONDE, 12 G",3,306.6867,920.06
C30,2021-09-06T00:00:00Z,7418,LUMACTMISROS,"LUMEX TRANSLUCENT, MISTY-ROSE, 12 G",1,306.68,306.68
C30,2021-09-06T00:00:00Z,7430,LUMACTWAT,"LUMEX TRANSLUCENT, WATERDROP, 12G",3,306.6867,920.06
C30,2021-09-06T00:00:00Z,7409,LUMACTDEEBLU,"LUMEX TRANSLUCENT, DEEP-BLUE, 12G",3,306.6867,920.06
C30,2021-09-06T00:00:00Z,7397,LUMACOTOPANEU,"LUMEX OPAL TRANSLUCENT, OPAL-NEUTRAL, 12",2,306.685,613.37
C30,2021-09-06T00:00:00Z,7400,LUMACOTOPASKY,"LUMEX OPAL TRANSLUCENT, OPAL-SKY, 12G",1,306.68,306.68
C30,2021-09-06T00:00:00Z,7403,LUMACPSHE,"LUMEX PEARL, SHELL, 12 G",1,306.68,306.68
C30,2021-09-06T00:00:00Z,7211,LUMACCORNEU,"LUMEX CORRECTIVE, NEUTRAL, 12 GR",4,306.685,1226.74
C30,2021-09-06T00:00:00Z,12395,VM9BDA112G,VM9 BASE DENTINE A1 12G,7,244.1114,1708.78
C30,2021-09-06T00:00:00Z,12401,VM9BDA212G,VM9 BASE DENTINE A2 12G,15,244.1113,3661.67
C30,2021-09-06T00:00:00Z,12413,VM9BDA312G,VM9 BASE DENTINE A3 12G,15,244.1113,3661.67
C30,2021-09-06T00:00:00Z,12407,VM9BDA3.512G,VM9 BASE DENTINE A3.5 12G,2,244.11,488.22
C30,2021-09-06T00:00:00Z,12425,VM9BDB112G,VM9 BASE DENTINE B1 12G,15,244.1113,3661.67
C30,2021-09-06T00:00:00Z,12431,VM9BDB212G,VM9 BASE DENTINE B2 12G,14,244.1107,3417.55
C30,2021-09-06T00:00:00Z,12437,VM9BDB312G,VM9 BASE DENTINE B3 12G,8,244.1113,1952.89
C30,2021-09-06T00:00:00Z,12449,VM9BDC112G,VM9 BASE DENTINE C1 12G,4,244.1125,976.45
C30,2021-09-06T00:00:00Z,12455,VM9BDC212G,VM9 BASE DENTINE C2 12G,5,244.112,1220.56
C30,2021-09-06T00:00:00Z,12461,VM9BDC312G,VM9 BASE DENTINE C3 12G,5,244.112,1220.56
C30,2021-09-06T00:00:00Z,12467,VM9BDC412G,VM9 BASE DENTINE C4 12G,4,244.1125,976.45
C30,2021-09-06T00:00:00Z,12473,VM9BDD212G,VM9 BASE DENTINE D2 12G,5,244.112,1220.56
C30,2021-09-06T00:00:00Z,12479,VM9BDD312G,VM9 BASE DENTINE D3 12G,5,244.112,1220.56
C30,2021-09-06T00:00:00Z,12485,VM9BDD412G,VM9 BASE DENTINE D4 12G,5,244.112,1220.56
C30,2021-09-06T00:00:00Z,12893,VM9TDA112G,VM9 TRANSPA DENTINE A1 12G,4,244.1125,976.45
C30,2021-09-06T00:00:00Z,12899,VM9TDA212G,VM9 TRANSPA DENTINE A2 12G,5,244.112,1220.56
C30,2021-09-06T00:00:00Z,12902,VM9TDA250G,VM9 TRANSPA DENTINE A2 50G,5,829.78,4148.9
C30,2021-09-06T00:00:00Z,12911,VM9TDA312G,VM9 TRANSPA DENTINE A3 12G,2,244.11,488.22
C30,2021-09-06T00:00:00Z,12917,VM9TDA412G,VM9 TRANSPA DENTINE A4 12G,1,244.11,244.11
C30,2021-09-06T00:00:00Z,12923,VM9TDB112G,VM9 TRANSPA DENTINE B1 12G,2,244.11,488.22
C30,2021-09-06T00:00:00Z,12929,VM9TDB212G,VM9 TRANSPA DENTINE B2 12G,1,244.11,244.11
C30,2021-09-06T00:00:00Z,12953,VM9TDC212G,VM9 TRANSPA DENTINE C2 12G,2,244.11,488.22
C30,2021-09-06T00:00:00Z,12965,VM9TDC412G,VM9 TRANSPA DENTINE C4 12G,1,244.11,244.11
C30,2021-09-06T00:00:00Z,12971,VM9TDD212G,VM9 TRANSPA DENTINE D2 12G,1,244.11,244.11
C30,2021-09-06T00:00:00Z,12977,VM9TDD312G,VM9 TRANSPA DENTINE D3 12G,1,244.11,244.11
C30,2021-09-06T00:00:00Z,12983,VM9TDD412G,VM9 TRANSPA DENTINE D4 12G,1,244.11,244.11
C30,2021-09-06T00:00:00Z,12221,VM9BD0M112G,VM9 BASE DENTINE 0M1 12G,9,244.1122,2197.01
C30,2021-09-06T00:00:00Z,12239,VM9BD1M112G,VM9 BASE DENTINE 1M1 12G,15,244.1113,3661.67
C30,2021-09-06T00:00:00Z,12245,VM9BD1M212G,VM9 BASE DENTINE 1M2 12G,10,244.112,2441.12
C30,2021-09-06T00:00:00Z,12251,VM9BD2L1.512G,VM9 BASE DENTINE 2L1.5 12G,14,244.1107,3417.55
C30,2021-09-06T00:00:00Z,12275,VM9BD2M312G,VM9 BASE DENTINE 2M3 12G,5,244.112,1220.56
C30,2021-09-06T00:00:00Z,12269,VM9BD2M212G,VM9 BASE DENTINE 2M2 12G,55,244.1113,13426.12
C30,2021-09-06T00:00:00Z,12272,VM9BD2M250G,VM9 BASE DENTINE 2M2 50G,9,829.7811,7468.03
C30,2021-09-06T00:00:00Z,12281,VM9BD2R1.512G,VM9 BASE DENTINE 2R1.5 12G,4,244.1125,976.45
C30,2021-09-06T00:00:00Z,12287,VM9BD2R2.512G,VM9 BASE DENTINE 2R2.5 12G,7,244.1114,1708.78
C30,2021-09-06T00:00:00Z,12293,VM9BD3L1.512G,VM9 BASE DENTINE 3L1.5 12G,11,244.1118,2685.23
C30,2021-09-06T00:00:00Z,12299,VM9BD3L2.512G,VM9 BASE DENTINE 3L2.5 12G,5,244.112,1220.56
C30,2021-09-06T00:00:00Z,12305,VM9BD3M112G,VM9 BASE DENTINE 3M1 12G,6,244.1117,1464.67
C30,2021-09-06T00:00:00Z,12311,VM9BD3M212G,VM9 BASE DENTINE 3M2 12G,35,244.1111,8543.89
C30,2021-09-06T00:00:00Z,12314,VM9BD3M250G,VM9 BASE DENTINE 3M2 50G,9,829.7811,7468.03
C30,2021-09-06T00:00:00Z,12317,VM9BD3M312G,VM9 BASE DENTINE 3M3 12G,15,244.1113,3661.67
C30,2021-09-06T00:00:00Z,12323,VM9BD3R1.512G,VM9 BASE DENTINE 3R1.5 12G,2,244.11,488.22
C30,2021-09-06T00:00:00Z,12329,VM9BD3R2.512G,VM9 BASE DENTINE 3R2.5 12G,10,244.112,2441.12
C30,2021-09-06T00:00:00Z,12335,VM9BD4L1.512G,VM9 BASE DENTINE 4L1.5 12G,4,244.1125,976.45
C30,2021-09-06T00:00:00Z,12347,VM9BD4M112G,VM9 BASE DENTINE 4M1 12G,3,244.1133,732.34
C30,2021-09-06T00:00:00Z,12353,VM9BD4M212G,VM9 BASE DENTINE 4M2 12G,5,244.112,1220.56
C30,2021-09-06T00:00:00Z,12377,VM9BD5M112G,VM9 BASE DENTINE 5M1 12G,2,244.11,488.22
C30,2021-09-06T00:00:00Z,12737,VM9TD1M112G,VM9 TRANSPA DENTINE 1M1 12G,11,244.1118,2685.23
C30,2021-09-06T00:00:00Z,12743,VM9TD1M212G,VM9 TRANSPA DENTINE 1M2 12G,13,244.1108,3173.44
C30,2021-09-06T00:00:00Z,12749,VM9TD2L1.512G,VM9 TRANSPA DENTINE 2L1.5 12G,7,244.1114,1708.78
C30,2021-09-06T00:00:00Z,12761,VM9TD2M112G,VM9 TRANSPA DENTINE 2M1 12G,6,244.1117,1464.67
C30,2021-09-06T00:00:00Z,12767,VM9TD2M212G,VM9 TRANSPA DENTINE 2M2 12G,23,244.1113,5614.56
C30,2021-09-06T00:00:00Z,12770,VM9TD2M250G,VM9 TRANSPA DENTINE 2M2 50G,9,829.7811,7468.03
C30,2021-09-06T00:00:00Z,12773,VM9TD2M312G,VM9 TRANSPA DENTINE 2M3 12G,4,244.1125,976.45
C30,2021-09-06T00:00:00Z,12779,VM9TD2R1.512G,VM9 TRANSPA DENTINE 2R1.5 12G,2,244.11,488.22
C30,2021-09-06T00:00:00Z,12785,VM9TD2R2.512G,VM9 TRANSPA DENTINE 2R2.5 12G,3,244.1133,732.34
C30,2021-09-06T00:00:00Z,12791,VM9TD3L1.512G,VM9 TRANSPA DENTINE 3L1.5 12G,3,244.1133,732.34
C30,2021-09-06T00:00:00Z,12797,VM9TD3L2.512G,VM9 TRANSPA DENTINE 3L2.5 12G,3,244.1133,732.34
C30,2021-09-06T00:00:00Z,12803,VM9TD3M112G,VM9 TRANSPA DENTINE 3M1 12G,3,244.1133,732.34
C30,2021-09-06T00:00:00Z,12809,VM9TD3M212G,VM9 TRANSPA DENTINE 3M2 12G,12,244.1108,2929.33
C30,2021-09-06T00:00:00Z,12812,VM9TD3M250G,VM9 TRANSPA DENTINE 3M2 50G,7,829.78,5808.46
C30,2021-09-06T00:00:00Z,12815,VM9TD3M312G,VM9 TRANSPA DENTINE 3M3 12G,9,244.1122,2197.01
C30,2021-09-06T00:00:00Z,12821,VM9TD3R1.512G,VM9 TRANSPA DENTINE 3R1.5 12G,3,244.1133,732.34
C30,2021-09-06T00:00:00Z,12827,VM9TD3R2.512G,VM9 TRANSPA DENTINE 3R2.5 12G,4,244.1125,976.45
C30,2021-09-06T00:00:00Z,12833,VM9TD4L1.512G,VM9 TRANSPA DENTINE 4L1.5 12G,3,244.1133,732.34
C30,2021-09-06T00:00:00Z,12839,VM9TD4L2.512G,VM9 TRANSPA DENTINE 4L2.5 12G,3,244.1133,732.34
C30,2021-09-06T00:00:00Z,12845,VM9TD4M112G,VM9 TRANSPA DENTINE 4M1 12G,1,244.11,244.11
C30,2021-09-06T00:00:00Z,12851,VM9TD4M212G,VM9 TRANSPA DENTINE 4M2 12G,4,244.1125,976.45
C30,2021-09-06T00:00:00Z,12569,VM9EE1,VM9 EFFECT ENAMEL EE1,7,325.73,2280.11
C30,2021-09-06T00:00:00Z,12584,VM9EE4,VM9 EFFECT ENAMEL EE4,4,325.7275,1302.91
C30,2021-09-06T00:00:00Z,12599,VM9EE9,VM9 EFFECT ENAMEL EE9,8,325.73,2605.84
C30,2021-09-06T00:00:00Z,12554,VM9EC5,VM9 EFFECT CHROMA EC5,2,325.73,651.46
C30,2021-09-06T00:00:00Z,12557,VM9EC6,VM9 EFFECT CHROMA EC6,5,325.728,1628.64
C30,2021-09-06T00:00:00Z,12602,VM9EL1,VM9 EFFECT LINER EL1,7,811.7257,5682.08
C30,2021-09-06T00:00:00Z,12605,VM9EL2,VM9 EFFECT LINER EL2,8,811.725,6493.8
C30,2021-09-06T00:00:00Z,12608,VM9EL3,VM9 EFFECT LINER EL3,5,811.726,4058.63
C30,2021-09-06T00:00:00Z,12611,VM9EL4,VM9 EFFECT LINER EL4,6,811.7267,4870.36
C30,2021-09-06T00:00:00Z,12614,VM9EL5,VM9 EFFECT LINER EL5,2,811.73,1623.46
C30,2021-09-06T00:00:00Z,12617,VM9EL6,VM9 EFFECT LINER EL6,5,811.726,4058.63
C30,2021-09-06T00:00:00Z,12653,VM9EP3,VM9 EFFECT PEARL EP3,2,325.73,651.46
C30,2021-09-06T00:00:00Z,12989,VM9WIN12G,VM9 WINDOW WIN 12G,34,244.1112,8299.78
C30,2021-09-06T00:00:00Z,12620,VM9END12G,VM9 ENAMEL END 12G,41,244.1112,10008.56
C30,2021-09-06T00:00:00Z,12992,VM9WIN50G,VM9 WINDOW WIN 50G,10,829.78,8297.8
C30,2021-09-06T00:00:00Z,12626,VM9ENL12G,VM9 ENAMEL ENL 12G,70,244.1113,17087.79
C30,2021-09-06T00:00:00Z,12629,VM9ENL50G,VM9 ENAMEL ENL 50G,9,829.7811,7468.03
C30,2021-09-06T00:00:00Z,12623,VM9END50G,VM9 ENAMEL END 50G,8,829.78,6638.24
C30,2021-09-06T00:00:00Z,12701,VM9NT12G,VM9 NEUTRAL NT 12G,25,244.1112,6102.78
C30,2021-09-06T00:00:00Z,12704,VM9NT50G,VM9 NEUTRAL NT 50G,3,829.78,2489.34
C30,2021-09-06T00:00:00Z,12656,VM9G1,VM9 GINGIVA G1,8,325.73,2605.84
C30,2021-09-06T00:00:00Z,12659,VM9G2,VM9 GINGIVA G2,9,325.7289,2931.56
C30,2021-09-06T00:00:00Z,12662,VM9G3,VM9 GINGIVA G3,7,325.73,2280.11
C30,2021-09-06T00:00:00Z,12665,VM9G4,VM9 GINGIVA G4,9,325.7289,2931.56
C30,2021-09-06T00:00:00Z,12668,VM9G5,VM9 GINGIVA G5,6,325.7283,1954.37
C30,2021-09-06T00:00:00Z,12503,VM9CP1,VM9 CHROMA PLUS CP1,1,325.73,325.73
C30,2021-09-06T00:00:00Z,12506,VM9CP2,VM9 CHROMA PLUS CP2,6,325.7283,1954.37
C30,2021-09-06T00:00:00Z,12509,VM9CP3,VM9 CHROMA PLUS CP3,6,325.7283,1954.37
C30,2021-09-06T00:00:00Z,12512,VM9CP4,VM9 CHROMA PLUS CP4,5,325.728,1628.64
C30,2021-09-06T00:00:00Z,11804,VM13OA112G,VM13 OPAQUE A1 12G,5,244.112,1220.56
C30,2021-09-06T00:00:00Z,11807,VM13OA212G,VM13 OPAQUE A2 12G,5,244.112,1220.56
C30,2021-09-06T00:00:00Z,11816,VM13OA412G,VM13 OPAQUE A4 12G,1,244.11,244.11
C30,2021-09-06T00:00:00Z,11819,VM13OB112G,VM13 OPAQUE B1 12G,3,244.1133,732.34
C30,2021-09-06T00:00:00Z,11822,VM13OB212G,VM13 OPAQUE B2 12G,2,244.11,488.22
C30,2021-09-06T00:00:00Z,11825,VM13OB312G,VM13 OPAQUE B3 12G,2,244.11,488.22
C30,2021-09-06T00:00:00Z,11828,VM13OB412G,VM13 OPAQUE B4 12G,2,244.11,488.22
C30,2021-09-06T00:00:00Z,11837,VM13OC312G,VM13 OPAQUE C3 12G,2,244.11,488.22
C30,2021-09-06T00:00:00Z,11840,VM13OC412G,VM13 OPAQUE C4 12G,1,244.11,244.11
C30,2021-09-06T00:00:00Z,11849,VM13OD412G,VM13 OPAQUE D4 12G,1,244.11,244.11
C30,2021-09-06T00:00:00Z,11501,VM13BDA112G,VM13 BASE DENTINE A1 12G,15,244.1113,3661.67
C30,2021-09-06T00:00:00Z,11507,VM13BDA212G,VM13 BASE DENTINE A2 12G,20,244.111,4882.22
C30,2021-09-06T00:00:00Z,11519,VM13BDA312G,VM13 BASE DENTINE A3 12G,20,244.111,4882.22
C30,2021-09-06T00:00:00Z,11513,VM13BDA3.512G,VM13 BASE DENTINE A3.5 12G,10,244.112,2441.12
C30,2021-09-06T00:00:00Z,11525,VM13BDA412G,VM13 BASE DENTINE A4 12G,5,244.112,1220.56
C30,2021-09-06T00:00:00Z,11531,VM13BDB112G,VM13 BASE DENTINE B1 12G,5,244.112,1220.56
C30,2021-09-06T00:00:00Z,11537,VM13BDB212G,VM13 BASE DENTINE B2 12G,10,244.112,2441.12
C30,2021-09-06T00:00:00Z,11543,VM13BDB312G,VM13 BASE DENTINE B3 12G,5,244.112,1220.56
C30,2021-09-06T00:00:00Z,11546,VM13BDB350G,VM13 BASE DENTINE B3 50G,2,829.78,1659.56
C30,2021-09-06T00:00:00Z,11549,VM13BDB412G,VM13 BASE DENTINE B4 12G,5,244.112,1220.56
C30,2021-09-06T00:00:00Z,11555,VM13BDC112G,VM13 BASE DENTINE C1 12G,8,244.1113,1952.89
C30,2021-09-06T00:00:00Z,11561,VM13BDC212G,VM13 BASE DENTINE C2 12G,4,244.1125,976.45
C30,2021-09-06T00:00:00Z,11567,VM13BDC312G,VM13 BASE DENTINE C3 12G,3,244.1133,732.34
C30,2021-09-06T00:00:00Z,11573,VM13BDC412G,VM13 BASE DENTINE C4 12G,2,244.11,488.22
C30,2021-09-06T00:00:00Z,11579,VM13BDD212G,VM13 BASE DENTINE D2 12G,1,244.11,244.11
C30,2021-09-06T00:00:00Z,11585,VM13BDD312G,VM13 BASE DENTINE D3 12G,1,244.11,244.11
C30,2021-09-06T00:00:00Z,11591,VM13BDD412G,VM13 BASE DENTINE D4 12G,3,244.1133,732.34
C30,2021-09-06T00:00:00Z,12083,VM13TDA112G,VM13 TRANSPA DENTINE A1 12G,10,244.112,2441.12
C30,2021-09-06T00:00:00Z,12083,VM13TDA112G,VM13 TRANSPA DENTINE A1 12G,2,244.11,488.22
C30,2021-09-06T00:00:00Z,12089,VM13TDA212G,VM13 TRANSPA DENTINE A2 12G,10,244.112,2441.12
C30,2021-09-06T00:00:00Z,12092,VM13TDA250G,VM13 TRANSPA DENTINE A2 50G,3,829.78,2489.34
C30,2021-09-06T00:00:00Z,12101,VM13TDA312G,VM13 TRANSPA DENTINE A3 12G,10,244.112,2441.12
C30,2021-09-06T00:00:00Z,12107,VM13TDA412G,VM13 TRANSPA DENTINE A4 12G,5,244.112,1220.56
C30,2021-09-06T00:00:00Z,12119,VM13TDB212G,VM13 TRANSPA DENTINE B2 12G,2,244.11,488.22
C30,2021-09-06T00:00:00Z,12167,VM13TDD312G,VM13 TRANSPA DENTINE D3 12G,2,244.11,488.22
C30,2021-09-06T00:00:00Z,12173,VM13TDD412G,VM13 TRANSPA DENTINE D4 12G,1,244.11,244.11
C30,2021-09-06T00:00:00Z,11327,VM13BD0M112G,VM13 BASE DENTINE 0M1 12G,15,244.1113,3661.67
C30,2021-09-06T00:00:00Z,11333,VM13BD0M212G,VM13 BASE DENTINE 0M2 12G,5,244.112,1220.56
C30,2021-09-06T00:00:00Z,11345,VM13BD1M112G,VM13 BASE DENTINE 1M1 12G,15,244.1113,3661.67
C30,2021-09-06T00:00:00Z,11351,VM13BD1M212G,VM13 BASE DENTINE 1M2 12G,5,244.112,1220.56
C30,2021-09-06T00:00:00Z,11357,VM13BD2L1.512G,VM13 BASE DENTINE 2L1.5 12G,15,244.1113,3661.67
C30,2021-09-06T00:00:00Z,11363,VM13BD2L2.512G,VM13 BASE DENTINE 2L2.5 12G,15,244.1113,3661.67
C30,2021-09-06T00:00:00Z,11369,VM13BD2M112G,VM13 BASE DENTINE 2M1 12G,15,244.1113,3661.67
C30,2021-09-06T00:00:00Z,11375,VM13BD2M212G,VM13 BASE DENTINE 2M2 12G,40,244.1113,9764.45
C30,2021-09-06T00:00:00Z,11378,VM13BD2M250G,VM13 BASE DENTINE 2M2 50G,9,829.7811,7468.03
C30,2021-09-06T00:00:00Z,11381,VM13BD2M312G,VM13 BASE DENTINE 2M3 12G,15,244.1113,3661.67
C30,2021-09-06T00:00:00Z,11387,VM13BD2R1.512G,VM13 BASE DENTINE 2R1.5 12G,14,244.1107,3417.55
C30,2021-09-06T00:00:00Z,11393,VM13BD2R2.512G,VM13 BASE DENTINE 2R2.5 12G,20,244.111,4882.22
C30,2021-09-06T00:00:00Z,11399,VM13BD3L1.512G,VM13 BASE DENTINE 3L1.5 12G,15,244.1113,3661.67
C30,2021-09-06T00:00:00Z,11405,VM13BD3L2.512G,VM13 BASE DENTINE 3L2.5 12G,15,244.1113,3661.67
C30,2021-09-06T00:00:00Z,11411,VM13BD3M112G,VM13 BASE DENTINE 3M1 12G,15,244.1113,3661.67
C30,2021-09-06T00:00:00Z,11417,VM13BD3M212G,VM13 BASE DENTINE 3M2 12G,16,244.1113,3905.78
C30,2021-09-06T00:00:00Z,11423,VM13BD3M312G,VM13 BASE DENTINE 3M3 12G,15,244.1113,3661.67
C30,2021-09-06T00:00:00Z,11429,VM13BD3R1.512G,VM13 BASE DENTINE 3R1.5 12G,3,244.1133,732.34
C30,2021-09-06T00:00:00Z,11435,VM13BD3R2.512G,VM13 BASE DENTINE 3R2.5 12G,10,244.112,2441.12
C30,2021-09-06T00:00:00Z,11441,VM13BD4L1.512G,VM13 BASE DENTINE 4L1.5 12G,10,244.112,2441.12
C30,2021-09-06T00:00:00Z,11447,VM13BD4L2.512G,VM13 BASE DENTINE 4L2.5 12G,15,244.1113,3661.67
C30,2021-09-06T00:00:00Z,11453,VM13BD4M112G,VM13 BASE DENTINE 4M1 12G,15,244.1113,3661.67
C30,2021-09-06T00:00:00Z,11459,VM13BD4M212G,VM13 BASE DENTINE 4M2 12G,9,244.1122,2197.01
C30,2021-09-06T00:00:00Z,11465,VM13BD4M312G,VM13 BASE DENTINE 4M3 12G,10,244.112,2441.12
C30,2021-09-06T00:00:00Z,11471,VM13BD4R1.512G,VM13 BASE DENTINE 4R1.5 12G,7,244.1114,1708.78
C30,2021-09-06T00:00:00Z,11477,VM13BD4R2.512G,VM13 BASE DENTINE 4R2.5 12G,8,244.1113,1952.89
C30,2021-09-06T00:00:00Z,11483,VM13BD5M112G,VM13 BASE DENTINE 5M1 12G,1,244.11,244.11
C30,2021-09-06T00:00:00Z,11489,VM13BD5M212G,VM13 BASE DENTINE 5M2 12G,2,244.11,488.22
C30,2021-09-06T00:00:00Z,11909,VM13TD0M112G,VM13 TRANSPA DENTINE 0M1 12G,12,244.1108,2929.33
C30,2021-09-06T00:00:00Z,11915,VM13TD0M212G,VM13 TRANSPA DENTINE 0M2 12G,12,244.1108,2929.33
C30,2021-09-06T00:00:00Z,11921,VM13TD0M312G,VM13 TRANSPA DENTINE 0M3 12G,2,244.11,488.22
C30,2021-09-06T00:00:00Z,11927,VM13TD1M112G,VM13 TRANSPA DENTINE 1M1 12G,9,244.1122,2197.01
C30,2021-09-06T00:00:00Z,11933,VM13TD1M212G,VM13 TRANSPA DENTINE 1M2 12G,1,244.11,244.11
C30,2021-09-06T00:00:00Z,11939,VM13TD2L1.512G,VM13 TRANSPA DENTINE 2L1.5 12G,6,244.1117,1464.67
C30,2021-09-06T00:00:00Z,11945,VM13TD2L2.512G,VM13 TRANSPA DENTINE 2L2.5 12G,7,244.1114,1708.78
C30,2021-09-06T00:00:00Z,11951,VM13TD2M112G,VM13 TRANSPA DENTINE 2M1 12G,1,244.11,244.11
C30,2021-09-06T00:00:00Z,11957,VM13TD2M212G,VM13 TRANSPA DENTINE 2M2 12G,9,244.1122,2197.01
C30,2021-09-06T00:00:00Z,11963,VM13TD2M312G,VM13 TRANSPA DENTINE 2M3 12G,9,244.1122,2197.01
C30,2021-09-06T00:00:00Z,11969,VM13TD2R1.512G,VM13 TRANSPA DENTINE 2R1.5 12G,8,244.1113,1952.89
C30,2021-09-06T00:00:00Z,11975,VM13TD2R2.512G,VM13 TRANSPA DENTINE 2R2.5 12G,2,244.11,488.22
C30,2021-09-06T00:00:00Z,11981,VM13TD3L1.512G,VM13 TRANSPA DENTINE 3L1.5 12G,5,244.112,1220.56
C30,2021-09-06T00:00:00Z,11987,VM13TD3L2.512G,VM13 TRANSPA DENTINE 3L2.5 12G,6,244.1117,1464.67
C30,2021-09-06T00:00:00Z,11993,VM13TD3M112G,VM13 TRANSPA DENTINE 3M1 12G,5,244.112,1220.56
C30,2021-09-06T00:00:00Z,11999,VM13TD3M212G,VM13 TRANSPA DENTINE 3M2 12G,9,244.1122,2197.01
C30,2021-09-06T00:00:00Z,12005,VM13TD3M312G,VM13 TRANSPA DENTINE 3M3 12G,9,244.1122,2197.01
C30,2021-09-06T00:00:00Z,12011,VM13TD3R1.512G,VM13 TRANSPA DENTINE 3R1.5 12G,3,244.1133,732.34
C30,2021-09-06T00:00:00Z,12023,VM13TD4L1.512G,VM13 TRANSPA DENTINE 4L1.5 12G,2,244.11,488.22
C30,2021-09-06T00:00:00Z,12035,VM13TD4M112G,VM13 TRANSPA DENTINE 4M1 12G,3,244.1133,732.34
C30,2021-09-06T00:00:00Z,12041,VM13TD4M212G,VM13 TRANSPA DENTINE 4M2 12G,8,244.1113,1952.89
C30,2021-09-06T00:00:00Z,12047,VM13TD4M312G,VM13 TRANSPA DENTINE 4M3 12G,3,244.1133,732.34
C30,2021-09-06T00:00:00Z,12059,VM13TD4R2.512G,VM13 TRANSPA DENTINE 4R2.5 12G,3,244.1133,732.34
C30,2021-09-06T00:00:00Z,12065,VM13TD5M112G,VM13 TRANSPA DENTINE 5M1 12G,4,244.1125,976.45
C30,2021-09-06T00:00:00Z,12077,VM13TD5M312G,VM13 TRANSPA DENTINE 5M3 12G,2,244.11,488.22
C30,2021-09-06T00:00:00Z,11858,VM13OP112G,VM13 OPAQUE OP1 12G,5,244.112,1220.56
C30,2021-09-06T00:00:00Z,11864,VM13OP212G,VM13 OPAQUE OP2 12G,9,244.1122,2197.01
C30,2021-09-06T00:00:00Z,11870,VM13OP312G,VM13 OPAQUE OP3 12G,9,244.1122,2197.01
C30,2021-09-06T00:00:00Z,11876,VM13OP412G,VM13 OPAQUE OP4 12G,2,244.11,488.22
C30,2021-09-06T00:00:00Z,11882,VM13OP512G,VM13 OPAQUE OP5 12G,2,244.11,488.22
C30,2021-09-06T00:00:00Z,11726,VM13EO1,VM13 EFFECT OPAL EO1,5,325.728,1628.64
C30,2021-09-06T00:00:00Z,11732,VM13EO3,VM13 EFFECT OPAL EO3,5,325.728,1628.64
C30,2021-09-06T00:00:00Z,11735,VM13EO4,VM13 EFFECT OPAL EO4,3,325.7267,977.18
C30,2021-09-06T00:00:00Z,11720,VM13ENL12G,VM13 ENAMEL ENL 12G,76,244.1113,18552.46
C30,2021-09-06T00:00:00Z,11723,VM13ENL50G,VM13 ENAMEL ENL 50G,24,829.7804,19914.73
C30,2021-09-06T00:00:00Z,11714,VM13END12G,VM13 ENAMEL END 12G,40,244.1113,9764.45
C30,2021-09-06T00:00:00Z,11717,VM13END50G,VM13 ENAMEL END 50G,4,829.7825,3319.13
C30,2021-09-06T00:00:00Z,11606,VM13COR1,VM13 CORRECTIVE COR1,5,325.728,1628.64
C30,2021-09-06T00:00:00Z,11609,VM13COR2,VM13 CORRECTIVE COR2,1,325.73,325.73
C30,2021-09-06T00:00:00Z,11612,VM13COR3,VM13 CORRECTIVE COR3,5,325.728,1628.64
C30,2021-09-06T00:00:00Z,11750,VM13G1,VM13 GINGIVA G1,5,325.728,1628.64
C30,2021-09-06T00:00:00Z,11753,VM13G2,VM13 GINGIVA G2,8,325.73,2605.84
C30,2021-09-06T00:00:00Z,11756,VM13G3,VM13 GINGIVA G3,7,325.73,2280.11
C30,2021-09-06T00:00:00Z,11759,VM13G4,VM13 GINGIVA G4,8,325.73,2605.84
C30,2021-09-06T00:00:00Z,11762,VM13G5,VM13 GINGIVA G5,6,325.7283,1954.37
C30,2021-09-06T00:00:00Z,11618,VM13CP2,VM13 CHROMA PLUS CP2,3,325.7267,977.18
C30,2021-09-06T00:00:00Z,11621,VM13CP3,VM13 CHROMA PLUS CP3,3,325.7267,977.18
C30,2021-09-06T00:00:00Z,12185,VM13WO12G,VM13 WASH OPAQUE WO 12G,20,244.111,4882.22
C30,2021-09-06T00:00:00Z,11771,VM13M1,VM13 MARGIN M1,4,325.7275,1302.91
C30,2021-09-06T00:00:00Z,11774,VM13M4,VM13 MARGIN M4,6,325.7283,1954.37
C30,2021-09-06T00:00:00Z,11777,VM13M5,VM13 MARGIN M5,4,325.7275,1302.91
C30,2021-09-06T00:00:00Z,11780,VM13M7,VM13 MARGIN M7,3,325.7267,977.18
C30,2021-09-06T00:00:00Z,11783,VM13M8,VM13 MARGIN M8,6,325.7283,1954.37
C30,2021-09-06T00:00:00Z,11786,VM13M9,VM13 MARGIN M9,6,325.7283,1954.37
C30,2021-09-06T00:00:00Z,5516,AKZPLUCHRSTAD3G,AKZENT PLUS CHROMA STAINS D 3G,10,176.838,1768.38
C30,2021-09-06T00:00:00Z,5513,AKZPLUCHRSTAC3G,AKZENT PLUS CHROMA STAINS C 3G,10,176.838,1768.38
C30,2021-09-06T00:00:00Z,5510,AKZPLUCHRSTAB3G,AKZENT PLUS CHROMA STAINS B 3G,10,176.838,1768.38
C30,2021-09-06T00:00:00Z,5507,AKZPLUCHRSTAA3G,AKZENT PLUS CHROMA STAINS A 3G,10,176.838,1768.38
C30,2021-09-06T00:00:00Z,5492,AKZPLUBS013G,AKZENT PLUS BODY STAINS BS01 3G,15,176.838,2652.57
C30,2021-09-06T00:00:00Z,5495,AKZPLUBS023G,AKZENT PLUS BODY STAINS BS02 3G,15,176.838,2652.57
C30,2021-09-06T00:00:00Z,5498,AKZPLUBS033G,AKZENT PLUS BODY STAINS BS03 3G,15,176.838,2652.57
C30,2021-09-06T00:00:00Z,5504,AKZPLUBS053G,AKZENT PLUS BODY STAINS BS05 3G,15,176.838,2652.57
C30,2021-09-06T00:00:00Z,5522,AKZPLUES013G,AKZENT PLUS EFFECT STAINS ES01 3G,15,176.838,2652.57
C30,2021-09-06T00:00:00Z,5525,AKZPLUES023G,AKZENT PLUS EFFECT STAINS ES02 3G,15,176.838,2652.57
C30,2021-09-06T00:00:00Z,5528,AKZPLUES033G,AKZENT PLUS EFFECT STAINS ES03 3G,15,176.838,2652.57
C30,2021-09-06T00:00:00Z,5531,AKZPLUES043G,AKZENT PLUS EFFECT STAINS ES04 3G,15,176.838,2652.57
C30,2021-09-06T00:00:00Z,5534,AKZPLUES053G,AKZENT PLUS EFFECT STAINS ES05 3G,15,176.838,2652.57
C30,2021-09-06T00:00:00Z,5537,AKZPLUES063G,AKZENT PLUS EFFECT STAINS ES06 3G,15,176.838,2652.57
C30,2021-09-06T00:00:00Z,5540,AKZPLUES073G,AKZENT PLUS EFFECT STAINS ES07 3G,15,176.838,2652.57
C30,2021-09-06T00:00:00Z,5543,AKZPLUES083G,AKZENT PLUS EFFECT STAINS ES08 3G,15,176.838,2652.57
C30,2021-09-06T00:00:00Z,5546,AKZPLUES093G,AKZENT PLUS EFFECT STAINS ES09 3G,15,176.838,2652.57
C30,2021-09-06T00:00:00Z,5549,AKZPLUES103G,AKZENT PLUS EFFECT STAINS ES10 3G,15,176.838,2652.57
C30,2021-09-06T00:00:00Z,5552,AKZPLUES113G,AKZENT PLUS EFFECT STAINS ES11 3G,15,176.838,2652.57
C30,2021-09-06T00:00:00Z,5555,AKZPLUES123G,AKZENT PLUS EFFECT STAINS ES12 3G,15,176.838,2652.57
C30,2021-09-06T00:00:00Z,5558,AKZPLUES133G,AKZENT PLUS EFFECT STAINS ES13 3G,15,176.838,2652.57
C30,2021-09-06T00:00:00Z,5561,AKZPLUES143G,AKZENT PLUS EFFECT STAINS ES14 3G,15,176.838,2652.57
C30,2021-09-06T00:00:00Z,5573,AKZPLUGLALT5G,AKZENT PLUS GLAZE LT 5G,50,209.9802,10499.01
C30,2021-09-06T00:00:00Z,5792,COLCLA,COLORIMETRO CLASICO A1-D4,150,1010.5761,151586.415
C30,2021-09-06T00:00:00Z,5795,COLCLABLESHA,COLORIMETRO CLASICO A1-D4 BLEACHED SHADES,50,1213.6312,60681.56
C30,2021-09-06T00:00:00Z,5681,AMBTA1S,AMBRIA A1 T S 5 PCS,20,1394.674,27893.48
C30,2021-09-06T00:00:00Z,5684,AMBTA2S,AMBRIA A2 T S 5 PCS,20,1394.674,27893.48
C30,2021-09-06T00:00:00Z,5687,AMBTA3S,AMBRIA A3 T S 5 PCS,10,1394.675,13946.75
C30,2021-09-06T00:00:00Z,5690,AMBTB1S,AMBRIA B1 T S 5 PCS,20,1394.674,27893.48
C30,2021-09-06T00:00:00Z,5696,AMBTC2S,AMBRIA C2 T S 5 PCS,15,1394.6747,20920.12
C30,2021-09-06T00:00:00Z,5699,AMBTD2S,AMBRIA D2 T S 5 PCS,15,1394.6747,20920.12
C30,2021-09-06T00:00:00Z,5600,AMBHTA1S,AMBRIA A1 HT S 5 PCS,20,1394.674,27893.48
C30,2021-09-06T00:00:00Z,5618,AMBHTD2S,AMBRIA D2 HT S 5 PCS,15,1394.6747,20920.12
C30,2021-09-06T00:00:00Z,5615,AMBHTC2S,AMBRIA C2 HT S 5 PCS,15,1394.6747,20920.12
C30,2021-09-06T00:00:00Z,5612,AMBHTB2S,AMBRIA B2 HT S 5 PCS,10,1394.675,13946.75
C30,2021-09-06T00:00:00Z,5603,AMBHTA2S,AMBRIA A2 HT S 5 PCS,10,1394.675,13946.75
C30,2021-09-06T00:00:00Z,5606,AMBHTA3S,AMBRIA A3 HT S 5 PCS,20,1394.674,27893.48
C30,2021-09-06T00:00:00Z,5609,AMBHTB1S,AMBRIA B1 HT S 5 PCS,5,1394.674,6973.37
C30,2021-09-06T00:00:00Z,13487,VMKOA112G,VMK OPAQUE A1 12G,40,146.6648,5866.59
C30,2021-09-06T00:00:00Z,13493,VMKOA212G,VMK OPAQUE A2 12G,50,146.6646,7333.23
C30,2021-09-06T00:00:00Z,13505,VMKOA312G,VMK OPAQUE A3 12G,39,146.6646,5719.92
C30,2021-09-06T00:00:00Z,13499,VMKOA3.512G,VMK OPAQUE A3.5 12G,25,146.6644,3666.61
C30,2021-09-06T00:00:00Z,13511,VMKOA412G,VMK OPAQUE A4 12G,10,146.664,1466.64
C30,2021-09-06T00:00:00Z,13517,VMKOB112G,VMK OPAQUE B1 12G,15,146.6647,2199.97
C30,2021-09-06T00:00:00Z,13523,VMKOB212G,VMK OPAQUE B2 12G,25,146.6644,3666.61
C30,2021-09-06T00:00:00Z,13529,VMKOB312G,VMK OPAQUE B3 12G,25,146.6644,3666.61
C30,2021-09-06T00:00:00Z,13535,VMKOB412G,VMK OPAQUE B4 12G,25,146.6644,3666.61
C30,2021-09-06T00:00:00Z,13541,VMKOC112G,VMK OPAQUE C1 12G,20,146.6645,2933.29
C30,2021-09-06T00:00:00Z,13547,VMKOC212G,VMK OPAQUE C2 12G,15,146.6647,2199.97
C31,2021-09-07T00:00:00Z,82443,VPADEXC,VPAD EXCELLENCE,50,20933.3348,1046666.74
C31,2021-09-07T00:00:00Z,89294,V60ILIN110V,VITA V60 ILINE 110V,8,42549.5238,340396.1904
C31,2021-09-07T00:00:00Z,86280,6000MP110V,HORNO 6000MP 110V,50,45825.574,2291278.7
C31,2021-09-07T00:00:00Z,90218,6100MS,HORNO ZYRCOMAT 6100 MS 230V,2,116055.05,232110.1
C31,2021-09-07T00:00:00Z,82443,VPADEXC,VPAD EXCELLENCE,2,20933.335,41866.67
C31,2021-09-07T00:00:00Z,91350,BOMVAC110V,VITA BOMBA DE VACIO PARA HORNO 110V,50,9056.622,452831.1
C31,2021-09-07T00:00:00Z,91350,BOMVAC110V,VITA BOMBA DE VACIO PARA HORNO 110V,8,9056.8625,72454.9
C31,2021-09-07T00:00:00Z,90563,SWITCHBOX,SWITCHBOX II VITA,2,3628.11,7256.22
C32,2021-09-08T00:00:00Z,8084,MFTR471M1,MFT R47 1M1,90,76.4911,6884.1990000000005
C32,2021-09-08T00:00:00Z,8114,MFTS471M1,MFT S47 1M1,90,76.4911,6884.1990000000005
C32,2021-09-08T00:00:00Z,8144,MFTS501M1,MFT S50 1M1,15,76.4913,1147.37
C32,2021-09-08T00:00:00Z,8174,MFTT411M1,MFT T41 1M1,15,76.4913,1147.37
C32,2021-09-08T00:00:00Z,7664,MFTL371M1,MFT L37 1M1,120,76.4912,9178.944000000001
C32,2021-09-08T00:00:00Z,7694,MFTL37LN1M1,MFT L37LN 1M1,60,76.4912,4589.47
C32,2021-09-08T00:00:00Z,7724,MFTL401M1,MFT L40 1M1,60,76.4912,4589.47
C32,2021-09-08T00:00:00Z,7787,MFTO442L1.5,MFT O44 2L1.5,15,76.4913,1147.37
C32,2021-09-08T00:00:00Z,7817,MFTO492L1.5,MFT O49 2L1.5,15,76.4913,1147.37
C32,2021-09-08T00:00:00Z,8027,MFTR422L1.5,MFT R42 2L1.5,15,76.4913,1147.37
C32,2021-09-08T00:00:00Z,8057,MFTR452L1.5,MFT R45 2L1.5,60,76.4912,4589.47
C32,2021-09-08T00:00:00Z,8087,MFTR472L1.5,MFT R47 2L1.5,60,76.4912,4589.47
C32,2021-09-08T00:00:00Z,8117,MFTS472L1.5,MFT S47 2L1.5,30,76.4913,2294.74
C32,2021-09-08T00:00:00Z,8147,MFTS502L1.5,MFT S50 2L1.5,30,76.4913,2294.74
C32,2021-09-08T00:00:00Z,8177,MFTT412L1.5,MFT T41 2L1.5,15,76.4913,1147.37
C32,2021-09-08T00:00:00Z,8207,MFTT432L1.5,MFT T43 2L1.5,60,76.4912,4589.47
C32,2021-09-08T00:00:00Z,8207,MFTT432L1.5,MFT T43 2L1.5,60,76.4912,4589.47
C32,2021-09-08T00:00:00Z,8267,MFTT492L1.5,MFT T49 2L1.5,60,76.4912,4589.47
C32,2021-09-08T00:00:00Z,7607,MFTL332L1.5,MFT L33 2L1.5,45,76.4913,3442.11
C32,2021-09-08T00:00:00Z,7637,MFTL342L1.5,MFT L34 2L1.5,90,76.4911,6884.1990000000005
C32,2021-09-08T00:00:00Z,7667,MFTL372L1.5,MFT L37 2L1.5,105,76.4911,8031.565500000001
C32,2021-09-08T00:00:00Z,7697,MFTL37LN2L1.5,MFT L37LN 2L1.5,30,76.7363,2302.09
C32,2021-09-08T00:00:00Z,7727,MFTL402L1.5,MFT L40 2L1.5,90,76.4911,6884.1990000000005
C32,2021-09-08T00:00:00Z,8090,MFTR472M1,MFT R47 2M1,135,76.4912,10326.312000000002
C32,2021-09-08T00:00:00Z,8120,MFTS472M1,MFT S47 2M1,75,76.4912,5736.84
C32,2021-09-08T00:00:00Z,8150,MFTS502M1,MFT S50 2M1,120,76.4912,9178.944000000001
C32,2021-09-08T00:00:00Z,7610,MFTL332M1,MFT L33 2M1,90,76.4911,6884.1990000000005
C32,2021-09-08T00:00:00Z,7640,MFTL342M1,MFT L34 2M1,150,76.4911,11473.665
C32,2021-09-08T00:00:00Z,7670,MFTL372M1,MFT L37 2M1,195,76.4912,14915.784000000001
C32,2021-09-08T00:00:00Z,7700,MFTL37LN2M1,MFT L37LN 2M1,15,76.4913,1147.37
C32,2021-09-08T00:00:00Z,7730,MFTL402M1,MFT L40 2M1,225,76.4912,17210.52
C32,2021-09-08T00:00:00Z,7763,MFTO402M2,MFT O40 2M2,150,76.4911,11473.665
C32,2021-09-08T00:00:00Z,7793,MFTO442M2,MFT O44 2M2,150,76.4911,11473.665
C32,2021-09-08T00:00:00Z,8033,MFTR422M2,MFT R42 2M2,120,76.4912,9178.944000000001
C32,2021-09-08T00:00:00Z,8063,MFTR452M2,MFT R45 2M2,630,76.4912,48189.456000000006
C32,2021-09-08T00:00:00Z,8093,MFTR472M2,MFT R47 2M2,435,76.4912,33273.672000000006
C32,2021-09-08T00:00:00Z,8123,MFTS472M2,MFT S47 2M2,150,76.4911,11473.665
C32,2021-09-08T00:00:00Z,8153,MFTS502M2,MFT S50 2M2,150,76.4911,11473.665
C32,2021-09-08T00:00:00Z,8183,MFTT412M2,MFT T41 2M2,285,76.4912,21799.992000000002
C32,2021-09-08T00:00:00Z,8213,MFTT432M2,MFT T43 2M2,480,76.4912,36715.776000000005
C32,2021-09-08T00:00:00Z,8243,MFTT462M2,MFT T46 2M2,780,76.4912,59663.136000000006
C32,2021-09-08T00:00:00Z,8273,MFTT492M2,MFT T49 2M2,435,76.4912,33273.672000000006
C32,2021-09-08T00:00:00Z,7613,MFTL332M2,MFT L33 2M2,285,76.4912,21799.992000000002
C32,2021-09-08T00:00:00Z,7643,MFTL342M2,MFT L34 2M2,780,76.4912,59663.136000000006
C32,2021-09-08T00:00:00Z,7673,MFTL372M2,MFT L37 2M2,780,76.4912,59663.136000000006
C32,2021-09-08T00:00:00Z,7703,MFTL37LN2M2,MFT L37LN 2M2,120,76.4912,9178.944000000001
C32,2021-09-08T00:00:00Z,7733,MFTL402M2,MFT L40 2M2,330,76.4912,25242.096
C32,2021-09-08T00:00:00Z,7796,MFTO443L1.5,MFT O44 3L1.5,30,76.4913,2294.74
C32,2021-09-08T00:00:00Z,8156,MFTS503L1.5,MFT S50 3L1.5,30,76.4913,2294.74
C32,2021-09-08T00:00:00Z,7706,MFTL37LN3L1.5,MFT L37LN 3L1.5,45,76.4913,3442.11
C32,2021-09-08T00:00:00Z,7736,MFTL403L1.5,MFT L40 3L1.5,30,76.4913,2294.74
C32,2021-09-08T00:00:00Z,7649,MFTL343L2.5,MFT L34 3L2.5,30,76.4913,2294.74
C32,2021-09-08T00:00:00Z,7679,MFTL373L2.5,MFT L37 3L2.5,60,76.4912,4589.47
C32,2021-09-08T00:00:00Z,7739,MFTL403L2.5,MFT L40 3L2.5,30,76.4913,2294.74
C32,2021-09-08T00:00:00Z,7832,MFTO493M2,MFT O49 3M2,105,76.4911,8031.565500000001
C32,2021-09-08T00:00:00Z,8042,MFTR423M2,MFT R42 3M2,150,76.4911,11473.665
C32,2021-09-08T00:00:00Z,8072,MFTR453M2,MFT R45 3M2,285,76.4912,21799.992000000002
C32,2021-09-08T00:00:00Z,8102,MFTR473M2,MFT R47 3M2,255,76.4912,19505.256
C32,2021-09-08T00:00:00Z,8132,MFTS473M2,MFT S47 3M2,135,76.4912,10326.312000000002
C32,2021-09-08T00:00:00Z,8162,MFTS503M2,MFT S50 3M2,120,76.4912,9178.944000000001
C32,2021-09-08T00:00:00Z,8192,MFTT413M2,MFT T41 3M2,105,76.4911,8031.565500000001
C32,2021-09-08T00:00:00Z,8222,MFTT433M2,MFT T43 3M2,300,76.4912,22947.36
C32,2021-09-08T00:00:00Z,8252,MFTT463M2,MFT T46 3M2,300,76.4912,22947.36
C32,2021-09-08T00:00:00Z,8282,MFTT493M2,MFT T49 3M2,244,76.4911,18663.828400000002
C32,2021-09-08T00:00:00Z,7622,MFTL333M2,MFT L33 3M2,135,76.4912,10326.312000000002
C32,2021-09-08T00:00:00Z,7652,MFTL343M2,MFT L34 3M2,360,76.4912,27536.832000000002
C32,2021-09-08T00:00:00Z,7682,MFTL373M2,MFT L37 3M2,480,76.4912,36715.776000000005
C32,2021-09-08T00:00:00Z,7712,MFTL37LN3M2,MFT L37LN 3M2,75,76.4912,5736.84
C32,2021-09-08T00:00:00Z,7742,MFTL403M2,MFT L40 3M2,360,76.4912,27536.832000000002
C32,2021-09-08T00:00:00Z,8045,MFTR423R2.5,MFT R42 3R2.5,60,76.4912,4589.47
C32,2021-09-08T00:00:00Z,8075,MFTR453R2.5,MFT R45 3R2.5,60,76.4912,4589.47
C32,2021-09-08T00:00:00Z,8105,MFTR473R2.5,MFT R47 3R2.5,60,76.4912,4589.47
C32,2021-09-08T00:00:00Z,8135,MFTS473R2.5,MFT S47 3R2.5,60,76.4912,4589.47
C32,2021-09-08T00:00:00Z,8165,MFTS503R2.5,MFT S50 3R2.5,60,76.4912,4589.47
C32,2021-09-08T00:00:00Z,8195,MFTT413R2.5,MFT T41 3R2.5,60,76.4912,4589.47
C32,2021-09-08T00:00:00Z,8225,MFTT433R2.5,MFT T43 3R2.5,60,76.4912,4589.47
C32,2021-09-08T00:00:00Z,9143,PHY22EINF0M3,PHYSIODENS 22E INFERIOR 0M3,15,254.9707,3824.56
C32,2021-09-08T00:00:00Z,8285,MFTT493R2.5,MFT T49 3R2.5,60,76.4912,4589.47
C32,2021-09-08T00:00:00Z,7625,MFTL333R2.5,MFT L33 3R2.5,60,76.4912,4589.47
C32,2021-09-08T00:00:00Z,7655,MFTL343R2.5,MFT L34 3R2.5,60,76.4912,4589.47
C32,2021-09-08T00:00:00Z,7685,MFTL373R2.5,MFT L37 3R2.5,60,76.4912,4589.47
C32,2021-09-08T00:00:00Z,7715,MFTL37LN3R2.5,MFT L37LN 3R2.5,60,76.4912,4589.47
C32,2021-09-08T00:00:00Z,7745,MFTL403R2.5,MFT L40 3R2.5,90,76.4911,6884.1990000000005
C32,2021-09-08T00:00:00Z,7778,MFTO404M2,MFT O40 4M2,30,76.4913,2294.74
C32,2021-09-08T00:00:00Z,7850,MFTPL292M1,MFT PL29 2M1,210,78.4525,16475.025
C32,2021-09-08T00:00:00Z,7808,MFTO444M2,MFT O44 4M2,30,76.4913,2294.74
C32,2021-09-08T00:00:00Z,7838,MFTO494M2,MFT O49 4M2,30,76.4913,2294.74
C32,2021-09-08T00:00:00Z,8048,MFTR424M2,MFT R42 4M2,45,76.4913,3442.11
C32,2021-09-08T00:00:00Z,8078,MFTR454M2,MFT R45 4M2,45,76.4913,3442.11
C32,2021-09-08T00:00:00Z,8108,MFTR474M2,MFT R47 4M2,30,76.4913,2294.74
C32,2021-09-08T00:00:00Z,8138,MFTS474M2,MFT S47 4M2,30,76.4913,2294.74
C32,2021-09-08T00:00:00Z,8168,MFTS504M2,MFT S50 4M2,30,76.4913,2294.74
C32,2021-09-08T00:00:00Z,8198,MFTT414M2,MFT T41 4M2,30,76.4913,2294.74
C32,2021-09-08T00:00:00Z,8228,MFTT434M2,MFT T43 4M2,90,76.4911,6884.1990000000005
C32,2021-09-08T00:00:00Z,8258,MFTT464M2,MFT T46 4M2,90,76.4911,6884.1990000000005
C32,2021-09-08T00:00:00Z,8288,MFTT494M2,MFT T49 4M2,60,76.4912,4589.47
C32,2021-09-08T00:00:00Z,7628,MFTL334M2,MFT L33 4M2,60,76.4912,4589.47
C32,2021-09-08T00:00:00Z,7658,MFTL344M2,MFT L34 4M2,60,76.4912,4589.47
C32,2021-09-08T00:00:00Z,7688,MFTL374M2,MFT L37 4M2,120,76.4912,9178.944000000001
C32,2021-09-08T00:00:00Z,7718,MFTL37LN4M2,MFT L37LN 4M2,30,76.4913,2294.74
C32,2021-09-08T00:00:00Z,7748,MFTL404M2,MFT L40 4M2,120,76.4912,9178.944000000001
C32,2021-09-08T00:00:00Z,7934,MFTPU291M1,MFT PU29 1M1,30,78.4527,2353.58
C32,2021-09-08T00:00:00Z,7844,MFTPL291M1,MFT PL29 1M1,30,78.4527,2353.58
C32,2021-09-08T00:00:00Z,7964,MFTPU311M1,MFT PU31 1M1,105,78.4525,8237.5125
C32,2021-09-08T00:00:00Z,7874,MFTPL311M1,MFT PL31 1M1,105,78.4525,8237.5125
C32,2021-09-08T00:00:00Z,7994,MFTPU331M1,MFT PU33 1M1,150,78.4525,11767.875
C32,2021-09-08T00:00:00Z,7904,MFTPL331M1,MFT PL33 1M1,90,78.4524,7060.715999999999
C32,2021-09-08T00:00:00Z,7937,MFTPU292L1.5,MFT PU29 2L1.5,50,78.4524,3922.62
C32,2021-09-08T00:00:00Z,7847,MFTPL292L1.5,MFT PL29 2L1.5,50,78.4524,3922.62
C32,2021-09-08T00:00:00Z,7967,MFTPU312L1.5,MFT PU31 2L1.5,140,78.4524,10983.336
C32,2021-09-08T00:00:00Z,7877,MFTPL312L1.5,MFT PL31 2L1.5,130,78.4525,10198.825
C32,2021-09-08T00:00:00Z,7997,MFTPU332L1.5,MFT PU33 2L1.5,170,78.4525,13336.925
C32,2021-09-08T00:00:00Z,7907,MFTPL332L1.5,MFT PL33 2L1.5,250,78.4525,19613.125
C32,2021-09-08T00:00:00Z,7940,MFTPU292M1,MFT PU29 2M1,240,78.4525,18828.6
C32,2021-09-08T00:00:00Z,8255,MFTT463R2.5,MFT T46 3R2.5,60,76.4912,4589.47
C32,2021-09-08T00:00:00Z,9050,PHY21EINF2L1.5,PHYSIODENS 21E INFERIOR 2L1.5,15,254.9707,3824.56
C32,2021-09-08T00:00:00Z,9158,PHY22EINF2M1,PHYSIODENS 22E INFERIOR 2M1,15,254.9707,3824.56
C32,2021-09-08T00:00:00Z,9260,PHY23EINF2M1,PHYSIODENS 23E INFERIOR 2M1,15,254.9707,3824.56
C32,2021-09-08T00:00:00Z,9431,PHY24ESUP3L2.5,PHYSIODENS 24E SUPERIOR 3L2.5,15,254.9707,3824.56
C32,2021-09-08T00:00:00Z,7754,MFTO401M1,MFT O40 1M1,15,76.4913,1147.37
C32,2021-09-08T00:00:00Z,7784,MFTO441M1,MFT O44 1M1,15,76.4913,1147.37
C32,2021-09-08T00:00:00Z,8054,MFTR451M1,MFT R45 1M1,30,76.4913,2294.74
C32,2021-09-08T00:00:00Z,7970,MFTPU312M1,MFT PU31 2M1,366,78.4525,28713.615
C32,2021-09-08T00:00:00Z,7880,MFTPL312M1,MFT PL31 2M1,400,78.4525,31381.0
C32,2021-09-08T00:00:00Z,8000,MFTPU332M1,MFT PU33 2M1,315,78.4525,24712.5375
C32,2021-09-08T00:00:00Z,7910,MFTPL332M1,MFT PL33 2M1,350,78.4525,27458.375
C32,2021-09-08T00:00:00Z,7943,MFTPU292M2,MFT PU29 2M2,710,78.4525,55701.275
C32,2021-09-08T00:00:00Z,7853,MFTPL292M2,MFT PL29 2M2,660,78.4525,51778.65
C32,2021-09-08T00:00:00Z,7973,MFTPU312M2,MFT PU31 2M2,1910,78.4525,149844.275
C32,2021-09-08T00:00:00Z,7883,MFTPL312M2,MFT PL31 2M2,1410,78.4525,110618.025
C32,2021-09-08T00:00:00Z,8003,MFTPU332M2,MFT PU33 2M2,1510,78.4525,118463.275
C32,2021-09-08T00:00:00Z,7913,MFTPL332M2,MFT PL33 2M2,1110,78.4525,87082.275
C32,2021-09-08T00:00:00Z,7865,MFTPL293R2.5,MFT PL29 3R2.5,90,78.4524,7060.715999999999
C32,2021-09-08T00:00:00Z,7955,MFTPU293R2.5,MFT PU29 3R2.5,90,78.4524,7060.715999999999
C32,2021-09-08T00:00:00Z,7922,MFTPL333M2,MFT PL33 3M2,610,78.4525,47856.025
C32,2021-09-08T00:00:00Z,8012,MFTPU333M2,MFT PU33 3M2,710,78.4525,55701.275
C32,2021-09-08T00:00:00Z,7892,MFTPL313M2,MFT PL31 3M2,660,78.4525,51778.65
C32,2021-09-08T00:00:00Z,7982,MFTPU313M2,MFT PU31 3M2,710,78.4525,55701.275
C32,2021-09-08T00:00:00Z,7862,MFTPL293M2,MFT PL29 3M2,300,78.4525,23535.75
C32,2021-09-08T00:00:00Z,7952,MFTPU293M2,MFT PU29 3M2,450,78.4525,35303.625
C32,2021-09-08T00:00:00Z,7919,MFTPL333L2.5,MFT PL33 3L2.5,70,78.4524,5491.67
C32,2021-09-08T00:00:00Z,8009,MFTPU333L2.5,MFT PU33 3L2.5,40,78.4525,3138.1
C32,2021-09-08T00:00:00Z,7889,MFTPL313L2.5,MFT PL31 3L2.5,70,78.4524,5491.67
C32,2021-09-08T00:00:00Z,7916,MFTPL333L1.5,MFT PL33 3L1.5,70,78.4524,5491.67
C32,2021-09-08T00:00:00Z,8006,MFTPU333L1.5,MFT PU33 3L1.5,70,78.4524,5491.67
C32,2021-09-08T00:00:00Z,7886,MFTPL313L1.5,MFT PL31 3L1.5,70,78.4524,5491.67
C32,2021-09-08T00:00:00Z,7976,MFTPU313L1.5,MFT PU31 3L1.5,70,78.4524,5491.67
C32,2021-09-08T00:00:00Z,7856,MFTPL293L1.5,MFT PL29 3L1.5,30,78.4527,2353.58
C32,2021-09-08T00:00:00Z,7928,MFTPL334M2,MFT PL33 4M2,150,78.4525,11767.875
C32,2021-09-08T00:00:00Z,8018,MFTPU334M2,MFT PU33 4M2,180,78.4525,14121.45
C32,2021-09-08T00:00:00Z,7898,MFTPL314M2,MFT PL31 4M2,120,78.4525,9414.3
C32,2021-09-08T00:00:00Z,7988,MFTPU314M2,MFT PU31 4M2,150,78.4525,11767.875
C32,2021-09-08T00:00:00Z,7868,MFTPL294M2,MFT PL29 4M2,60,78.4525,4707.15
C32,2021-09-08T00:00:00Z,7958,MFTPU294M2,MFT PU29 4M2,60,78.4525,4707.15
C32,2021-09-08T00:00:00Z,7925,MFTPL333R2.5,MFT PL33 3R2.5,180,78.4525,14121.45
C32,2021-09-08T00:00:00Z,8015,MFTPU333R2.5,MFT PU33 3R2.5,225,78.4525,17651.8125
C32,2021-09-08T00:00:00Z,7895,MFTPL313R2.5,MFT PL31 3R2.5,105,78.4525,8237.5125
C32,2021-09-08T00:00:00Z,7985,MFTPU313R2.5,MFT PU31 3R2.5,205,78.4525,16082.7625
C32,2021-09-08T00:00:00Z,10649,PHYT8L0M1,PHYSIODENS T8L 0M1,15,298.61,4479.15
C32,2021-09-08T00:00:00Z,10859,PHYX3L2L1.5,PHYSIODENS X3L 2L1.5,15,298.61,4479.15
C32,2021-09-08T00:00:00Z,9557,PHYL1S2L1.5,PHYSIODENS L1S 2L1.5,15,298.61,4479.15
C32,2021-09-08T00:00:00Z,10991,PHYZ2S3R2.5,PHYSIODENS Z2S 3R2.5,15,298.61,4479.15
C32,2021-09-08T00:00:00Z,9593,PHYL1S3R2.5,PHYSIODENS L1S 3R2.5,15,298.61,4479.15
C32,2021-09-08T00:00:00Z,9770,PHYL5M2L1.5,PHYSIODENS L5M 2L1.5,15,298.61,4479.15
C32,2021-09-08T00:00:00Z,9644,PHYL2M3R2.5,PHYSIODENS L2M 3R2.5,15,298.61,4479.15
C32,2021-09-08T00:00:00Z,9041,PHY21EINF0M3,PHYSIODENS 21E INFERIOR 0M3,15,254.9707,3824.56
C34,2021-09-17T00:00:00Z,91771,CPIBHTB2,CAMEO PRESS INGOT BOX HT B2,50,420.8094,21040.47
C34,2021-09-17T00:00:00Z,5807,APG12.510PA3,CAMEO PRESS INGOT BOX HT A3,100,420.8095,42080.950000000004
C34,2021-09-17T00:00:00Z,5810,APG12.510PB1,CAMEO PRESS INGOT BOX HT B1,100,420.8095,42080.950000000004
C34,2021-09-17T00:00:00Z,91778,ACGKIT,CAMEO DISILICATE DISPLAY ACG KIT,3,13676.3067,41028.920099999996
C34,2021-09-17T00:00:00Z,5819,CPIBLTA2,CAMEO PRESS INGOT BOX LT A2,450,420.8095,189364.275
C34,2021-09-17T00:00:00Z,5822,CPIBLTA3,CAMEO PRESS INGOT BOX LT A3,100,420.8095,42080.950000000004
C34,2021-09-17T00:00:00Z,83147,CPIBLTB1,CAMEO PRESS INGOT BOX LT B1,80,420.8095,33664.76
C34,2021-09-17T00:00:00Z,91765,CPIBLTC2,CAMEO PRESS INGOT BOX LT C2,10,420.809,4208.09
C34,2021-09-17T00:00:00Z,5801,APG12.510PA1,CAMEO PRESS INGOT BOX HT A1,300,420.8095,126242.85
C34,2021-09-17T00:00:00Z,5804,CPIBHTA2,CAMEO PRESS INGOT BOX HT A2,400,420.8095,168323.80000000002
C34,2021-09-17T00:00:00Z,91768,CPIBLTC3,CAMEO PRESS INGOT BOX LT C3,10,420.809,4208.09
C34,2021-09-17T00:00:00Z,5816,CPIBLTA1,CAMEO PRESS INGOT BOX LT A1,300,420.8095,126242.85
C35,2021-09-21T00:00:00Z,4571,5252100001,DURR DENTAL COMPRESOR DUO 110V CON UNIDAD DE SECADO,4,66988.7,267954.8
C36,2021-09-24T00:00:00Z,89422,T510,SCANNER DE MESA T510,3,138161.2,414483.60000000003
C36,2021-09-24T00:00:00Z,89431,T310,SCANNER DE MESA T310,5,89804.78,449023.9
C38,2021-10-05T00:00:00Z,92215,9413,SCHICK Q BASIC CONTROL UNIT CPL,20,22034.7855,440695.71
C40,2021-10-06T00:00:00Z,90264,V14652.01,PLACA 2L TECN BLANCO,8,54.2338,433.87
C40,2021-10-06T00:00:00Z,11318,V14209,BASE SICURY 2P+T 16A. P302M PLANTA VIMAR,8,107.3425,858.74
C40,2021-10-06T00:00:00Z,90268,V14612,SOPORTE 2M CENTRALES CON TORNILLOS PLANA VIMAR,8,41.8863,335.09
C39,2021-10-06T00:00:00Z,80664,24001500,EASY VIEW 3D 100-240V CON ADAP RED MULT,1,92638.97,92638.97
C42,2021-10-18T00:00:00Z,4268,761042,DISCO CERAMILL A TEMP ML 0/A1 71 X 20,80,1537.2805,122982.44
C42,2021-10-18T00:00:00Z,85835,760666,FRESA ROTO RFID 0.6 SINTRON,5,1320.252,6601.26
C42,2021-10-18T00:00:00Z,4244,760676,FRESA DIAMOND RFID 1.8 DM,70,516.7329,36171.3
C42,2021-10-18T00:00:00Z,4241,760663,FRESA ROTO RFID 0.3 ZI,70,943.0376,66012.632
C42,2021-10-18T00:00:00Z,89491,766025,DISCO CERAMILL ZOLID HT + WHITE 98 X 20,40,2712.8478,108513.912
C42,2021-10-18T00:00:00Z,4232,760660,FRESA ROTO RFID 2.5 ZI DM,280,943.0376,264050.528
C42,2021-10-18T00:00:00Z,4235,760661,FRESA ROTO RFID 1.0 ZI DM,210,943.0376,198037.896
C42,2021-10-18T00:00:00Z,92435,760681,FRESA ROTO RFID 1.0  SC DM,70,904.2826,63299.782
C42,2021-10-18T00:00:00Z,92431,760680,FRESA ROTO RFID 2.5 SC,70,904.2826,63299.782
C42,2021-10-18T00:00:00Z,4280,761082,DISCO CERAMILL A SPLINT 71 X 20,100,723.4261,72342.61
C42,2021-10-18T00:00:00Z,4439,766040,DISCO CERAMILL ZOLID HT + PS A1 71 X 16,200,2066.9317,413386.34
C42,2021-10-18T00:00:00Z,4442,766042,DISCO CERAMILL ZOLID HT + PS A1 71 X 20 ZRO2,70,2454.4814,171813.698
C42,2021-10-18T00:00:00Z,4445,766047,DISCO CERAMILL ZOLID HT + PS A2 71 X 16,200,2066.9317,413386.34
C42,2021-10-18T00:00:00Z,92439,766049,DISCO CERAMILL ZOLID HT + PS A2 71 X 20,80,2454.4814,196358.51200000002
C42,2021-10-18T00:00:00Z,4451,766075,DISCO CERAMILL ZOLID HT + PS B1 71 X 16,80,2066.9318,165354.544
C42,2021-10-18T00:00:00Z,92443,766819,DISCO ZOLID GEN X A1 98 X 16,100,2712.8479,271284.79000000004
C42,2021-10-18T00:00:00Z,85820,766837,DISCO ZOLID GEN X A3 98 X 16,40,2712.8478,108513.912
C42,2021-10-18T00:00:00Z,4469,766864,DISCO ZOLID GEN X B1 98 X 16 ZRO2,87,2712.8478,236017.7586
C42,2021-10-18T00:00:00Z,4370,761777,DISCO CERAMILL ZOLID FX ML 0/A1 98 X 16 N,100,2842.0311,284203.11
C42,2021-10-18T00:00:00Z,4373,761781,DISCO CERAMILL ZOLID FX ML A2/A3 98 X 16 N,100,2842.0311,284203.11
C42,2021-10-18T00:00:00Z,92448,761789,DISCO CERAMILL ZOLID FX ML 0/B1 98 X 16 N,100,2842.0311,284203.11
C42,2021-10-18T00:00:00Z,92543,179164,CERAMILL MATCH 2 CAM DONGLE,3,22607.0667,67821.2001
C42,2021-10-18T00:00:00Z,4433,766023,DISCO CERAMILL ZOLID HT + WHITE 98 X 16,100,2325.2982,232529.82
C42,2021-10-18T00:00:00Z,4436,766024,DISCO CERAMILL ZOLID HT + WHITE 98 X 18,30,2583.6647,77509.94099999999
C42,2021-10-18T00:00:00Z,4430,766022,DISCO CERAMILL ZOLID HT + WHITE 98 X 14,50,2131.5234,106576.17
C45,2021-10-19T00:00:00Z,92567,105462,FIRING TABLE RING 100 28MM 674 I,2,6831.27,13662.54
C44,2021-10-19T00:00:00Z,3503,BAJA105268,BAJA AUSTROMAT 674 BASIC,1,153411.04,153411.04
C44,2021-10-19T00:00:00Z,3494,105059,AUSTROMAT 654 PRESS I DENT,3,173610.1567,520830.4701
C44,2021-10-19T00:00:00Z,3494,105059,AUSTROMAT 654 PRESS I DENT,1,173610.16,173610.16
C45,2021-10-19T00:00:00Z,92570,105648,FIRING TABLE PLATE HYBRID 100 BASIC/674 I,2,8073.325,16146.65
C45,2021-10-19T00:00:00Z,92561,100324,HEATING MUFFLE 11 OHM 115V,1,9936.39,9936.39
C45,2021-10-19T00:00:00Z,92573,106286,RESIN TANK,3,4968.2,14904.599999999999
C45,2021-10-19T00:00:00Z,92576,106350,TRIX MODEL TANK IN BOTTLE,3,6210.25,18630.75
C45,2021-10-19T00:00:00Z,92564,101726,PRESSING TABLE PRESS I DENT SEGMENTED,3,2328.84,6986.52
C45,2021-10-19T00:00:00Z,92579,100285,BATTERY FOR D,2,1552.56,3105.12
C45,2021-10-19T00:00:00Z,3491,101916,"CALIBRATION SET SIC, BASIC, 664, 674",1,3105.12,3105.12
C45,2021-10-19T00:00:00Z,92582,105509-01,"THERMO COUPLE 664 (I), 674 (I) EXTENDEN 90° COMPLETE",1,14283.57,14283.57
C45,2021-10-19T00:00:00Z,92586,101219,EQUALIZER C67 1050MM,1,2484.11,2484.11
C45,2021-10-19T00:00:00Z,3488,101915,BLUE PLACE HOLDER BOX SPECIAL DIAMETER,40,869.4345,34777.38
C46,2021-10-20T00:00:00Z,80931,18261000,TWISTER 100-120V 50/60HZ,1,24878.45,24878.45
C46,2021-10-20T00:00:00Z,80907,18401000,TOP SPIN 100-240V 50/60HZ CON ENCHUFE NE,1,22370.69,22370.69
C47,2021-10-21T00:00:00Z,92698,PCSISTEM,HUAWEI PC SISTEM HUAW,3,14308.62,42925.86
C48,2021-10-28T00:00:00Z,83404,AR176,REPL BLOWER 230V INFINITY,4,3870.8575,15483.43
C48,2021-10-28T00:00:00Z,83401,AR175,REPL BLOWER 120V INFINITY,2,3851.105,7702.21
C51,2021-10-29T00:00:00Z,80361,50100200,BROCA ESCALONADA PARA PINS TAMAÑO 2.0 3P,1,2093.97,2093.97
C51,2021-10-29T00:00:00Z,80931,18261000,TWISTER 100-120V 50/60HZ,1,24879.31,24879.31
C49,2021-10-29T00:00:00Z,84025,INTSCAI700,MEDIT INTRA ORAL SCANNER I700,1,151236.76,151236.76
C50,2021-11-01T00:00:00Z,5972,63010059992001,FEP FILM A4 SIZE 290MM X 210MM,30,191.8187,5754.56
C50,2021-11-01T00:00:00Z,11144,SONMIN4K6.1,IMPRESORA 3D SONIC MINI 4K 6.1,192,5970.3593,1146308.9856
C50,2021-11-01T00:00:00Z,92940,LCDPH6.1,TFT LCD PANEL 6.1,4,239.7725,959.09
C50,2021-11-01T00:00:00Z,92935,RACRYLIVORY1KG,RESINA ACRYLATE IVORY 4K 1KG,120,551.479,66177.48000000001
C50,2021-11-01T00:00:00Z,92932,RACRYLGRAY1KG,RESINA AQUA 4K GRAY 1KG,120,551.479,66177.48000000001
C50,2021-11-01T00:00:00Z,90282,MIGHTY4K,IMPRESORA 3D SONIC MIGHTY DE RESINA LCD 4K,80,9087.4144,726993.152
C50,2021-11-01T00:00:00Z,92944,ESPLC9301,TFT LCD PANEL 9.3 MIGHTY 4K/SXL4K 2022,2,239.775,479.55
C50,2021-11-01T00:00:00Z,92947,ALUMRESVAT6.1,ALUMINIUM RESIN VAT 6.1,15,935.116,14026.74
C52,2021-11-10T00:00:00Z,80595,NOUSARBASICECO,NOUSAR BASIC ECO,1,12068.97,12068.97
C55,2021-11-16T00:00:00Z,93489,101678,IRIN CHAMBER PRESS-I-DENT,1,14108.55,14108.55
C55,2021-11-16T00:00:00Z,93486,100216,"HEATING MUFFLE, LARGE KIT",1,1282.6,1282.6
C55,2021-11-16T00:00:00Z,92561,100324,HEATING MUFFLE 11 OHM 115V,1,6840.51,6840.51
C55,2021-11-16T00:00:00Z,93503,106563,LIFT SEAT ARM INCL LIFT SEAT AUSTROMAT 220,10,5130.382,51303.81999999999
C57,2021-11-16T00:00:00Z,93851,179292,SPLASH GUARD 2.0 MOTION 2 + HOLDER,1,21833.35,21833.35
C55,2021-11-16T00:00:00Z,93492,101522,PUMP KIT 838.3,1,3847.79,3847.79
C55,2021-11-16T00:00:00Z,93495,106002,O-RING SEAT 354 / 654 I 28X1.78,1,192.38,192.38
C55,2021-11-16T00:00:00Z,3491,101916,"CALIBRATION SET SIC, BASIC, 664, 674",5,2137.66,10688.3
C53,2021-11-16T00:00:00Z,93475,106584,TRIX PRINT2-3D PRINTER,1,284019.54,284019.54
C54,2021-11-16T00:00:00Z,93475,106584,TRIX PRINT2-3D PRINTER,1,284019.54,284019.54
C55,2021-11-16T00:00:00Z,93500,106535,ELECTRIC 220 COMPLETE,2,26934.51,53869.02
C55,2021-11-16T00:00:00Z,92586,101219,EQUALIZER C67 1050MM,1,1710.13,1710.13
C55,2021-11-16T00:00:00Z,93506,100043,GEARBOX COMPLETE 654 I,1,10260.77,10260.77
C56,2021-11-17T00:00:00Z,84025,INTSCAI700,MEDIT INTRA ORAL SCANNER I700,2,327907.035,655814.07
C58,2021-11-25T00:00:00Z,3503,BAJA105268,BAJA AUSTROMAT 674 BASIC,3,151414.6,454243.80000000005
C59,2021-11-26T00:00:00Z,93905,IPD/DA-TR-50,TORNILLO TPA 4.8,10,215.985,2159.85
C59,2021-11-26T00:00:00Z,6785,IPD/DB-IR-05/3D,INTERFASE ROTATIVA 4.1 H 2.5MM,10,287.979,2879.79
C59,2021-11-26T00:00:00Z,6632,IPD/AB-RR-00,CALCINABLE ROTATIVO 4.8,200,71.9947,14398.939999999999
C59,2021-11-26T00:00:00Z,6638,IPD/AB-TR-00,TORNILLO TI UNIGRIP M1.4,100,71.9947,7199.469999999999
C59,2021-11-26T00:00:00Z,6608,IPD/AB-AR-00,ANALOGO MULTIUNIT 4.8,40,71.9948,2879.79
C59,2021-11-26T00:00:00Z,6806,IPD/DB-TR-00,TORNILLO TI TORX M1.6,50,71.9948,3599.74
C59,2021-11-26T00:00:00Z,6638,IPD/AB-TR-00,TORNILLO TI UNIGRIP M1.4,10,71.995,719.95
C59,2021-11-26T00:00:00Z,6644,IPD/AB-TR-00/TIN,TORNILLO TI UNIGRIP M1.4 NITRURADO,10,129.591,1295.91
C59,2021-11-26T00:00:00Z,6653,IPD/AC-BN-00,PILAR CRCO ANTIRROTATIVO 3.5,10,302.377,3023.77
C59,2021-11-26T00:00:00Z,6680,IPD/AC-TR-00,TORNILLO TI UNIGRIP M2,10,71.995,719.95
C59,2021-11-26T00:00:00Z,6572,IPD/AA-AR-00,ANALOGO 4.1 AA,10,71.995,719.95
C59,2021-11-26T00:00:00Z,6590,IPD/AA-IR-02/3D,INTERFASE ANTIRROTATIVA 4.1 H 1.5MM ,10,287.979,2879.79
C59,2021-11-26T00:00:00Z,6719,IPD/BA-TR-00,TORNILLO TI HEX 1.2 M2,10,71.995,719.95
C59,2021-11-26T00:00:00Z,6740,IPD/DA-TR-00/TIN,TORNILLO TITANIO TIN SYNOCTA 4.8,10,129.591,1295.91
C59,2021-11-26T00:00:00Z,6782,IPD/DB-IR-04/3D,INTERFASE ANTIRROTATIVA Ø 4.1 H 2.5MM 3D IPD/DB-IR-04/3D,10,287.979,2879.79
C59,2021-11-26T00:00:00Z,93899,IPD/AD-IT-04/3D,CUSTOM INTERFASE ANTIRROTATIVA 3.0 H 2.5 ,10,287.979,2879.79
C59,2021-11-26T00:00:00Z,6698,IPD/AD-BT-00,PILAR CRCO ANTIRROTATIVO 3.0,10,302.377,3023.77
C59,2021-11-26T00:00:00Z,93902,IPD/AD-CT-00,COPING DE IIMPRESION DE CUBETA ABIERTA 3.0,10,431.968,4319.68
C59,2021-11-26T00:00:00Z,6827,IPD/FA-AR-00,ANALOGO 4.5,10,69.834,698.34
C59,2021-11-26T00:00:00Z,6845,IPD/FA-IN-00/3D,INTERFASE ANTIRROTATIVA 3.5 H 0.5MM ,10,287.979,2879.79
C59,2021-11-26T00:00:00Z,6866,IPD/FA-IR-03/3D,INTERFASE ROTATIVA 4.5 H 1.5MM,10,287.979,2879.79
C59,2021-11-26T00:00:00Z,6875,IPD/FA-SN-01,SCAN BODY ROTATIVO 3.5 10MM,10,518.362,5183.62
C59,2021-11-26T00:00:00Z,6887,IPD/FA-TR-00,TORNILLO TITANIO 3.5/4 5/5.7,10,71.995,719.95
C59,2021-11-26T00:00:00Z,93908,IPD/NA-IN-02/3D,CUSTOM INTERFASE ANTIRROTATIVA S2 H 1.5 ,10,287.979,2879.79
C59,2021-11-26T00:00:00Z,93911,IPD/OB-IN-00/3D,CUSTOM INTERFASE ANTIRROTATIVA 3.5 H 0.5,10,287.979,2879.79
C59,2021-11-26T00:00:00Z,93914,IPD/OB-IR-00/3D,CUSTOM INTERFASE ANTIRROTATIVA 4.0 H 0.5,10,287.979,2879.79
C59,2021-11-26T00:00:00Z,93917,IPD/NA-IN-03/3D,CUSTOM INTERFASE ROTATIVA S2 H 1.5,10,287.979,2879.79
C59,2021-11-26T00:00:00Z,6683,IPD/AD-AT-00,ANALOGO 3,10,71.995,719.95
C59,2021-11-26T00:00:00Z,6716,IPD/AD-TT-00,TORNILLO DE TITANIO UNIGRIP M1.4,10,71.995,719.95
C59,2021-11-26T00:00:00Z,93920,IPD/AD-TT-00/TIN,TORNILLO TITANIO TIN 3.0,10,129.591,1295.91
C59,2021-11-26T00:00:00Z,93923,IPD/AD-IT-00/3D,CUSTOM INTERFASE ANTIRROTATIVA 3.0 H 0.8 ,10,287.979,2879.79
C59,2021-11-26T00:00:00Z,93926,IPD/AD-IT-02/3D,CUSTOM INTERFASE ANTIRROTATIVA 3.0 H 1.5 ,10,287.979,2879.79
C60,2021-11-30T00:00:00Z,94090,179333,ANILLO DE FIJACION CON TORNILLOS,1,215.2,215.2
C61,2021-12-01T00:00:00Z,94104,760442,CERAMILL LIQUID C2,2,1266.975,2533.95
C61,2021-12-01T00:00:00Z,83944,NPAGCAPU01000,RESINAS NEXTDENT CAST PURPLE,60,3194.2083,191652.498
C61,2021-12-01T00:00:00Z,4151,760436,CERAMILL LIQUID B1,10,1266.976,12669.76
C61,2021-12-01T00:00:00Z,94101,760445,CERAMILL LIQUID D2,2,1266.975,2533.95
C61,2021-12-01T00:00:00Z,94096,760437,CERAMILL LIQUID B2,10,1266.976,12669.76
C61,2021-12-01T00:00:00Z,4145,760432,CERAMILL LIQUID A2,15,1266.976,19004.64
C61,2021-12-01T00:00:00Z,4148,760433,CERAMILL LIQUID A3,10,1266.976,12669.76
C61,2021-12-01T00:00:00Z,4142,760430,CERAMILL LIQUID A1,15,1266.976,19004.64
C69,2021-12-07T00:00:00Z,14288,ZR190,INSYNC ZR GLAZE LIQUID 25 ML,20,276.351,5527.02
C69,2021-12-07T00:00:00Z,14291,ZR249,INSYN FC GLAZE PASTE 4G,100,641.7487,64174.869999999995
C69,2021-12-07T00:00:00Z,8291,MI008,MIYO BRUSH KIT,2,4014.65,8029.3
C69,2021-12-07T00:00:00Z,87161,MI996,MIYO GINGIVAL FINISHING SYSTEM KIT,10,14170.907,141709.07
C69,2021-12-07T00:00:00Z,8426,MI993,MIYO ESTHETIC FINISHING SYSTEM KIT,12,20016.795,240201.53999999998
C69,2021-12-07T00:00:00Z,8423,MI957,MIYO GINGIVAL VENULE 4G,1,861.17,861.17
C69,2021-12-07T00:00:00Z,87158,MI954,MIYO HIGH FUSING STRUCTURE WINDOW PASTE 4G,1,861.17,861.17
C69,2021-12-07T00:00:00Z,87155,MI953,MIYO HIGH FUSING STRUCTURE ENAMEL PASTE 4G,2,861.18,1722.36
C69,2021-12-07T00:00:00Z,8420,MI951,MIYO GINGIVAL CARNATION 4G,1,861.17,861.17
C69,2021-12-07T00:00:00Z,8396,MI892,MIYO GINGIVAL STRUCTURE FROST PASTE 4G,3,861.1767,2583.53
C69,2021-12-07T00:00:00Z,8393,MI891,MIYO GINGIVAL STRUCTURE ROUGE PASTE 4G,3,861.1767,2583.53
C69,2021-12-07T00:00:00Z,8354,MI878,MIYO TRANS SHADE B FLUOR PASTE 4G,15,861.176,12917.64
C69,2021-12-07T00:00:00Z,8324,MI866,MIYO MAMELON WHEAT FLUOR PASTE 4G,2,861.18,1722.36
C69,2021-12-07T00:00:00Z,8315,MI863,MIYO TRANS CLEMENTINE FLUOR PASTE 4G,20,861.1765,17223.53
C69,2021-12-07T00:00:00Z,8312,MI862,MIYO TRANS STRAW FLUOR PASTE 4G,2,861.18,1722.36
C69,2021-12-07T00:00:00Z,8306,MI860,MIYO TRANS STORM FLUOR PASTE 4G,5,861.176,4305.88
C69,2021-12-07T00:00:00Z,8303,MI859,MIYO FISSURE FLUOR POWDER 4G,2,861.18,1722.36
C69,2021-12-07T00:00:00Z,8300,MI858,MIYO LINEN FLUOR PASTE 4G,3,861.1767,2583.53
C69,2021-12-07T00:00:00Z,8297,MI857,MIYO SNOW FLUOR PASTE 4G,6,861.1767,5167.06
C69,2021-12-07T00:00:00Z,8369,MI883,MIYO GINGIVAL TRANS MIDNIGHT PASTE 4G,1,861.17,861.17
C69,2021-12-07T00:00:00Z,8363,MI881,MIYO GINGIVAL FLAMINGO PASTE 4G,1,861.17,861.17
C69,2021-12-07T00:00:00Z,8318,MI864,MIYO HALO SPRIN FLUOR PASTE 4G,3,861.1767,2583.53
C69,2021-12-07T00:00:00Z,8327,MI867,MIYO MAMELON CORAL FLUOR PASTE 4G,2,861.18,1722.36
C69,2021-12-07T00:00:00Z,8345,MI875,MIYO TRANS SMOKE FLUOR PASTE 4G,6,861.1767,5167.06
C69,2021-12-07T00:00:00Z,8348,MI876,MIYO TRANS LUMIN FLUOR PASTE 4G,3,861.1767,2583.53
C69,2021-12-07T00:00:00Z,8351,MI877,MIYO TRANS SHADE A FLUOR PASTE 4G,50,861.1762,43058.81
C69,2021-12-07T00:00:00Z,8390,MI890,MIYO GINGIVAL STRUCTURE ORCHID PASTE 4G,7,861.1757,6028.23
C69,2021-12-07T00:00:00Z,8387,MI889,MIYO GINGIVAL SALMON PASTE 4G,5,861.176,4305.88
C69,2021-12-07T00:00:00Z,8381,MI887,MIYO GINGIVAL TRANS RASPBERRY PASTE 4G,2,861.18,1722.36
C69,2021-12-07T00:00:00Z,8375,MI885,MIYO GINGIVAL MERLOT PASTE 4G,15,861.176,12917.64
C62,2021-12-15T00:00:00Z,94440,273-0020,HORNO KDF PARA DESCENCERAR 07PL-M100,1,40176.03,40176.03
C67,2021-12-16T00:00:00Z,80973,18060002,FRESA CONICA DE CORTE. DENTADO GRUESO,1,2545.21,2545.21
C67,2021-12-16T00:00:00Z,80532,3670159,BROCA SMART-PIN TAMAÑO 1.59 3PZ,1,1328.07,1328.07
C68,2021-12-16T00:00:00Z,95115,179324,BOMBA REFRIGERANTE MOTION 2,1,3116.4,3116.4
C68,2021-12-16T00:00:00Z,95112,179299,MEDIDOR DE LONGITUD HERRAMIENTA MOTION 2,1,3185.81,3185.81
C68,2021-12-16T00:00:00Z,3725,179917,ISOLATION THERM 3 DOOR,2,2380.68,4761.36
C68,2021-12-16T00:00:00Z,95118,115701,FILTRO DE RECAMBIO 5PCS SMARTMIX X2,3,319.2767,957.83
C63,2021-12-20T00:00:00Z,6344,H71.104.023,FRESAS DE CARBURO H71.104.023,40,23.883,955.32
C63,2021-12-20T00:00:00Z,4835,5850A.104.018,INTRUMENTOS DIAMANTADOS,50,57.8142,2890.71
C63,2021-12-20T00:00:00Z,4838,5850A.104.023,INTRUMENTOS DIAMANTADOS 5850A.104.023,50,57.8142,2890.71
C63,2021-12-20T00:00:00Z,4868,6924.104.180,INSTRUMENTOS DIAMANTADOS 6924.104.180,65,288.3863,18745.11
C63,2021-12-20T00:00:00Z,4871,6924.104.220,INSTRUMENTOS DIAMANTADOS 6924.104.220,45,343.9711,15478.7
C63,2021-12-20T00:00:00Z,4874,6924.104.300,INSTRUMENTOS DIAMANTADOS 6924.104.300,15,383.7773,5756.66
C63,2021-12-20T00:00:00Z,5330,9424.104.055,PULIDORES 9424.104.055,10,39.409,394.09
C63,2021-12-20T00:00:00Z,5339,9433.104.055,PULIDORES 9433.104.055,20,38.6245,772.49
C63,2021-12-20T00:00:00Z,5342,9451.900.220,PULIDORES 9451.900.220,50,35.2914,1764.57
C63,2021-12-20T00:00:00Z,5351,9485F.104.250,PULIDORES 9485F.104.250,10,25.488,254.88
C63,2021-12-20T00:00:00Z,5354,9485M.104.250,PULIDORES 9485M.104.250,30,25.488,764.64
C63,2021-12-20T00:00:00Z,5366,9527.900.200,PULIDORES 9527.900.200,550,58.819,32350.45
C63,2021-12-20T00:00:00Z,94519,94013C.104.170,PULIDORES 94013C.104.170,60,252.9217,15175.3
C63,2021-12-20T00:00:00Z,94516,9958RA.000.100,PULIDORES 9958RA.000.100,60,18.626,1117.56
C63,2021-12-20T00:00:00Z,6308,H71.104.004,FRESAS DE CARBURO H71.104.004,10,27.302,273.02
C63,2021-12-20T00:00:00Z,6302,H41.104.023,FRESAS DE CARBURO H41.104.023,5,67.446,337.23
C63,2021-12-20T00:00:00Z,6263,H33R.104.010,FRESAS DE CARBURO H33R.104.010,15,27.286,409.29
C63,2021-12-20T00:00:00Z,6239,H33.104.016,FRESAS DE CARBURO H33.104.016,15,23.8873,358.31
C63,2021-12-20T00:00:00Z,86288,H283.204.012,FRESAS DE CARBURO H283.204.012,15,100.368,1505.52
C63,2021-12-20T00:00:00Z,5417,9634.000.030,PULIDORES 9634.000.030,50,8.8228,441.14
C63,2021-12-20T00:00:00Z,5411,9622.104.150,PULIDORES 9622.104.150,20,22.3515,447.03
C63,2021-12-20T00:00:00Z,5405,9620.104.045,PULIDORES 9620.104.045,30,22.351,670.53
C63,2021-12-20T00:00:00Z,5402,9612.104.150,PULIDORES 9612.104.150,20,22.3515,447.03
C63,2021-12-20T00:00:00Z,5396,9610.104.045,PULIDORES 9610.104.045,20,22.3515,447.03
C63,2021-12-20T00:00:00Z,5360,9489M.104.100,PULIDORES 9489M.104.100,10,50.388,503.88
C63,2021-12-20T00:00:00Z,5357,9489C.104.100,PULIDORES 9489C.104.100,15,50.3887,755.83
C63,2021-12-20T00:00:00Z,5225,880.104.027,INSTRUMENTOS DIAMANTADOS 880.104.027,15,57.8227,867.34
C63,2021-12-20T00:00:00Z,5174,855.104.025,INSTRUMENTOS DIAMANTADOS 855.104.025,30,57.8143,1734.43
C63,2021-12-20T00:00:00Z,5129,848.104.018,INSTRUMENTOS DIAMANTADOS 848.104.018,20,57.8145,1156.29
C63,2021-12-20T00:00:00Z,5117,847.104.033,INSTRUMENTOS DIAMANTADOS 847.104.033,25,95.5612,2389.03
C63,2021-12-20T00:00:00Z,5099,837.104.016,INSTRUMENTOS DIAMANTADOS 837.104.016,10,57.814,578.14
C63,2021-12-20T00:00:00Z,5090,836.104.027,INSTRUMENTOS DIAMANTADOS 836.104.027,20,57.8145,1156.29
C63,2021-12-20T00:00:00Z,5042,805.104.016,INSTRUMENTOS DIAMANTADOS 805.104.016,10,31.738,317.38
C63,2021-12-20T00:00:00Z,5012,801.104.012,INSTRUMENTOS DIAMANTADOS 801.104.012,70,31.7379,2221.65
C63,2021-12-20T00:00:00Z,4865,6911HF.104.220,INSTRUMENTOS DIAMANTADOS 6911HF.104.220,10,288.384,2883.84
C63,2021-12-20T00:00:00Z,4742,390.104.016,INSTRUMENTOS DIAMANTADOS 390.104.016,15,37.7427,566.14
C63,2021-12-20T00:00:00Z,4727,326.104.020,INSTRUMENTOS DE ACERO,20,156.4585,3129.17
C63,2021-12-20T00:00:00Z,5321,94018F.104.055,PULIDORES 94018F.104.055,20,149.5965,2991.93
C63,2021-12-20T00:00:00Z,5318,94018C.104.055,PULIDORES 94018C.104.055,20,149.5965,2991.93
C63,2021-12-20T00:00:00Z,5315,94012F.104.110,PULIDORES 94012F.104.110,15,149.5967,2243.95
C63,2021-12-20T00:00:00Z,5312,94012C.104.110,PULIDORES 94012C.104.110,15,149.5967,2243.95
C63,2021-12-20T00:00:00Z,5309,94003M.104.260,PULIDORES 94003M.104.260,20,641.519,12830.38
C63,2021-12-20T00:00:00Z,5306,94003F.104.260,PULIDORES,50,641.519,32075.95
C63,2021-12-20T00:00:00Z,5303,94003C.104.260,PULIDORES 94003C.104.260,15,641.5193,9622.79
C63,2021-12-20T00:00:00Z,5297,94002M.104.170,PULIDORES 94002M.104.170,20,361.3445,7226.89
C63,2021-12-20T00:00:00Z,5294,94002F.104.170,PULIDORES 94002F.104.170,48,361.3435,17344.49
C63,2021-12-20T00:00:00Z,5291,94002C.104.170,PULIDORES 94002C.104.170,30,361.3447,10840.34
C63,2021-12-20T00:00:00Z,5285,94001F.104.055,PULIDORES 94001F.104.055,25,149.596,3739.9
C63,2021-12-20T00:00:00Z,5444,9706.104.070,PULIDORES 9706.104.070,75,74.7001,5602.51
C63,2021-12-20T00:00:00Z,5441,9703M.900.220,PULIDORES 9703M.900.220,50,41.9574,2097.87
C63,2021-12-20T00:00:00Z,5438,9703F.900.220,PULIDORES 9703F.900.220,60,41.9575,2517.45
C63,2021-12-20T00:00:00Z,5435,9661.000.030,PULIDORES 9661.000.030,25,8.8228,220.57
C63,2021-12-20T00:00:00Z,5432,9646.000.020,PULIDORES 9646.000.020,25,8.8228,220.57
C63,2021-12-20T00:00:00Z,5429,9644.104.100,PULIDORES 9644.104.100,15,39.4087,591.13
C63,2021-12-20T00:00:00Z,5426,9641.104.100,PULIDORES 9641.104.100,15,39.4087,591.13
C63,2021-12-20T00:00:00Z,5423,9636.000.030,PULIDORES 9636.000.030,25,8.8228,220.57
C63,2021-12-20T00:00:00Z,5207,863.104.012,INSTRUMENTOS DIAMANTADOS 863.104.012,80,57.8141,4625.13
C63,2021-12-20T00:00:00Z,5213,863.104.025,INSTRUMENTOS DIAMANTADOS 863.104.025,30,95.5563,2866.69
C63,2021-12-20T00:00:00Z,5240,892.104.020,INTRUMENTOS DIAMANTADOS 892.104.020,15,127.8173,1917.26
C63,2021-12-20T00:00:00Z,5243,892.104.025,INSTRUMENTOS DIAMANTADOS 892.104.025,75,127.8104,9585.78
C63,2021-12-20T00:00:00Z,5249,909.104.065,INSTRUMENTOS DIAMANTADOS 909.104.065,10,95.556,955.56
C63,2021-12-20T00:00:00Z,5252,911H.104.220,INSTRUMENTOS DIAMANTADOS 911H.104.220,25,288.3896,7209.74
C63,2021-12-20T00:00:00Z,5273,934.104.180,INSTRUMENTOS DIAMANTADOS 934.104.180,15,288.3927,4325.89
C63,2021-12-20T00:00:00Z,5276,934.104.220,INSTRUMENTOS DIAMANTADOS 934.104.220,30,343.9687,10319.06
C63,2021-12-20T00:00:00Z,5333,943.104.100,INTRUMENTOS DIAMANTADOS 943.104.100,40,144.6213,5784.85
C63,2021-12-20T00:00:00Z,5345,946.104.220,INSTRUMENTOS DIAMANTADOS 946.104.220,20,202.7785,4055.57
C63,2021-12-20T00:00:00Z,5144,850.104.023,INSTRUMENTOS DIAMANTADOS 850.104.023,60,95.5563,5733.38
C63,2021-12-20T00:00:00Z,5147,850.104.025,INSTRUMENTOS DIAMANTADOS 850.104.025,45,95.5589,4300.15
C63,2021-12-20T00:00:00Z,5180,856.104.040,INSTRUMENTOS DIAMANTADOS 856.104.040,20,127.809,2556.18
C63,2021-12-20T00:00:00Z,5183,856.104.050,INTRUMENTOS DIAMANTADOS 856.104.050,125,159.3759,19921.9875
C63,2021-12-20T00:00:00Z,5186,858.104.014,INSTRUMENTOS DIAMANTADOS 858.104.014,25,57.8192,1445.48
C63,2021-12-20T00:00:00Z,5189,859.104.010,INSTRUMENTOS DIAMANTADOS 859.104.010,60,57.8142,3468.85
C63,2021-12-20T00:00:00Z,5192,859.104.018,INSTRUMENTOS DIAMANTADOS 859.104.018,115,57.8152,6648.748
C63,2021-12-20T00:00:00Z,5201,862.104.014,INSTRUMENTOS DIAMANTADOS 862.104.014,45,57.8169,2601.76
C63,2021-12-20T00:00:00Z,5210,863.104.016,INSTRUMENTOS DIAMANTADOS 863.104.016,65,57.816,3758.04
C63,2021-12-20T00:00:00Z,5420,9635.000.030,PULIDORES 9635.000.030,25,8.8228,220.57
C63,2021-12-20T00:00:00Z,5414,9629.900.210,PULIDORES 9629.900.210,120,9.0189,1082.268
C63,2021-12-20T00:00:00Z,5393,9603.104.100,PULIDORES 9603.104.100,10,39.409,394.09
C63,2021-12-20T00:00:00Z,5390,9584.104.050,PULIDORES 9584.104.050,60,20.1945,1211.67
C63,2021-12-20T00:00:00Z,5384,9572.900.220,PULIDORES 9572.900.220,140,8.8229,1235.2060000000001
C63,2021-12-20T00:00:00Z,5381,9557.104.060,PULIDORES 9557.104.060,60,15.489,929.34
C63,2021-12-20T00:00:00Z,5372,9529.900.260,PULIDORES 9529.900.260,40,26.4685,1058.74
C63,2021-12-20T00:00:00Z,5369,9529.900.220,PULIDORES 9529.900.220,60,20.7827,1246.96
C63,2021-12-20T00:00:00Z,5840,DCB1.104.025,INSTRUMENTOS DIAMANTADOS DCB1.104.025,73,232.7277,16989.12
C63,2021-12-20T00:00:00Z,5843,DCB1CA.104.025,INTRUMENTOS DIAMANTADOS DCB1CA.104.025,32,232.7256,7447.22
C63,2021-12-20T00:00:00Z,94499,DCB2MA.104.048,INSTRUMENTOS DIAMANTADOS DCB2MA.104.048,50,265.4696,13273.48
C63,2021-12-20T00:00:00Z,94502,DCB2CA.104.065,INSTRUMENTOS DIAMANTADOS DCB2CA.104.065,20,296.6435,5932.87
C63,2021-12-20T00:00:00Z,5861,DCB3CA.104.040,INSTRUMENTOS DIAMANTADOS DCB3CA.104.040,20,264.097,5281.94
C63,2021-12-20T00:00:00Z,5864,DCB4.104.120,INSTRUMENTOS DIAMANTADOS DCB4.104.120,55,366.6382,20165.1
C63,2021-12-20T00:00:00Z,94505,DCB4CA.104.120,INSTRUMENTOS DIAMANTADOS DCB4CA.104.120,20,366.6385,7332.77
C63,2021-12-20T00:00:00Z,5870,DCB5.104.220,INSTRUMENTOS DIAMANTADOS DCB5.104.220,34,414.4791,14092.29
C63,2021-12-20T00:00:00Z,94508,DCB7CA.104.220,INSTRUMENTOS DIAMANTADOS DCB7CA.104.220,70,546.4283,38249.98
C63,2021-12-20T00:00:00Z,5879,DCB8CA.104.035,INTRUMENTOS DIAMANTADOS DCB8CA.104.035,28,264.0993,7394.78
C63,2021-12-20T00:00:00Z,5882,DCB9CA.104.050,INTRUMENTOS DIAMANTADOS DCB9CA.104.050,28,264.0993,7394.78
C63,2021-12-20T00:00:00Z,5834,D2014.104.180,INTRUMENTOS DIAMANTADOS D2014.104.180,13,232.2785,3019.62
C63,2021-12-20T00:00:00Z,5981,H031RS.104.010,FRESAS DE CARBURO,15,27.286,409.29
C63,2021-12-20T00:00:00Z,5984,H031RS.104.012,FRESAS DE CARBURO H031RS.104.012,25,27.292,682.3
C63,2021-12-20T00:00:00Z,6068,H1S.104.010,FRESAS DE CARBURO H1S.104.010,65,27.2905,1773.88
C63,2021-12-20T00:00:00Z,6071,H1S.104.014,FRESAS DE CARBURO H1S.104.014,15,27.286,409.29
C63,2021-12-20T00:00:00Z,6074,H1S.104.018,FRESAS DE CARBURO H1S.104.018,75,27.292,2046.9
C63,2021-12-20T00:00:00Z,6077,H1S.104.023,FRESAS DE CARBURO H1S.104.023,15,27.286,409.29
C63,2021-12-20T00:00:00Z,6080,H2.104.010,FRESA DE CARBURO,15,23.8873,358.31
C63,2021-12-20T00:00:00Z,6083,H2.104.014,FRESA DE CARBURO H2.104.014,15,23.8873,358.31
C63,2021-12-20T00:00:00Z,6086,H23L.104.009,FRESAS DE CARBURO H23L.104.009,25,23.8804,597.01
C63,2021-12-20T00:00:00Z,6089,H23L.104.010,FRESAS DE CARBURO H23L.104.010,25,23.8804,597.01
C63,2021-12-20T00:00:00Z,6092,H23L.104.012,FRESAS DE CARBURO H23L.104.012,15,23.8873,358.31
C63,2021-12-20T00:00:00Z,6095,H23R.104.010,FRESAS DE CARBURO H23R.104.010,30,27.2937,818.81
C63,2021-12-20T00:00:00Z,6101,H23RS.104.008,FRESAS DE CARBURO H23RS.104.008,30,27.2937,818.81
C63,2021-12-20T00:00:00Z,6107,H23RS.104.010,FRESAS DE CARBURO H23RS.104.010,30,27.2937,818.81
C63,2021-12-20T00:00:00Z,6191,H30.104.006,FRESAS DE CARBURO H30.104.006,15,29.6387,444.58
C63,2021-12-20T00:00:00Z,6203,H30.104.012,FRESAS DE CARBURO H30.104.012,10,29.655,296.55
C63,2021-12-20T00:00:00Z,6212,H31.104.008,FRESAS DE CARBURO H31.104.008,20,23.883,477.66
C63,2021-12-20T00:00:00Z,6215,H31.104.010,FRESAS DE CARBURO H31.104.010,15,23.8873,358.31
C63,2021-12-20T00:00:00Z,6221,H31.104.014,FRESAS DE CARBURO H31.104.014,15,23.8873,358.31
C63,2021-12-20T00:00:00Z,6224,H31.104.016,FRESAS DE CARBURO H31.104.016,20,23.883,477.66
C63,2021-12-20T00:00:00Z,6227,H31.104.018,FRESAS DE CARBURO H31.104.018,25,23.8804,597.01
C63,2021-12-20T00:00:00Z,6230,H33.104.009,FRESAS DE CARBURO H33.104.009,35,23.8777,835.72
C63,2021-12-20T00:00:00Z,6233,H33.104.010,FRESAS DE CARBURO H33.104.010,20,23.883,477.66
C63,2021-12-20T00:00:00Z,6236,H33.104.012,FRESAS DE CARBURO H33.104.012,30,23.8787,716.36
C63,2021-12-20T00:00:00Z,6242,H33.104.021,FRESAS DE CARBURO H33.104.021,15,23.8873,358.31
C63,2021-12-20T00:00:00Z,6230,H33.104.009,FRESAS DE CARBURO H33.104.009,15,47.7573,716.36
C63,2021-12-20T00:00:00Z,6251,H33L.104.010,FRESAS DE CARBURO H33L.104.010,30,23.8787,716.36
C63,2021-12-20T00:00:00Z,6254,H33L.104.012,FRESAS DE CARBURO H33L.104.012,35,23.8777,835.72
C63,2021-12-20T00:00:00Z,6257,H33L.104.016,FRESAS DE CARBURO H33L.104.016,15,23.8873,358.31
C63,2021-12-20T00:00:00Z,6260,H33L.104.021,FRESAS DE CARBURO H33L.104.021,15,23.8873,358.31
C63,2021-12-20T00:00:00Z,6266,H33R.104.012,FRESAS DE CARBURO H33R.104.012,20,27.2895,545.79
C63,2021-12-20T00:00:00Z,6305,H71.104.003,FRESAS DE CARBUROS,15,27.286,409.29
C63,2021-12-20T00:00:00Z,6311,H71.104.005,FRESAS DE CARBUROS H71.104.005,15,23.8873,358.31
C63,2021-12-20T00:00:00Z,6314,H71.104.006,FRESAS DE CARBURO H71.104.006,40,23.883,955.32
C63,2021-12-20T00:00:00Z,6317,H71.104.007,FRESAS DE CARBURO H71.104.007,15,23.8873,358.31
C63,2021-12-20T00:00:00Z,6320,H71.104.008,FRESAS DE CARBURO H71.104.008,20,23.883,477.66
C63,2021-12-20T00:00:00Z,6323,H71.104.009,FRESAS DE CARBURO H71.104.009,40,23.883,955.32
C63,2021-12-20T00:00:00Z,6326,H71.104.010,FRESAS DE CARBURO H71.104.010,15,23.8873,358.31
C63,2021-12-20T00:00:00Z,6329,H71.104.012,FRESAS DE CARBURO H71.104.012,40,23.883,955.32
C63,2021-12-20T00:00:00Z,6332,H71.104.014,FRESAS DE CARBURO H71.104.014,20,23.883,477.66
C63,2021-12-20T00:00:00Z,6338,H71.104.018,FRESAS DE CARBURO H71.104.018,45,23.8816,1074.67
C63,2021-12-20T00:00:00Z,6341,H71.104.021,FRESAS DE CARBURO H71.104.021,20,23.883,477.66
C63,2021-12-20T00:00:00Z,6347,H71.104.027,FRESAS DE CARBURO H71.104.027,20,53.403,1068.06
C63,2021-12-20T00:00:00Z,6362,H72E.104.060,FRESAS DE CARBURO P. LAB. H72E.104.060,6,255.7,1534.2
C63,2021-12-20T00:00:00Z,6368,H73E.104.012,FRESAS DE CARBURO P. LAB. H73E.104.012,19,134.1874,2549.56
C63,2021-12-20T00:00:00Z,6374,H73E.104.040,FRESA DE CARBURO P. LAB.,26,255.6835,6647.77
C63,2021-12-20T00:00:00Z,6389,H77E.104.023,FRESAS DE CARBURO P. LAB. H77E.104.023,29,134.1852,3891.37
C63,2021-12-20T00:00:00Z,6392,H77E.104.029,FRESAS DE CARBURO P. LAB. H77E.104.029,22,167.6341,3687.95
C63,2021-12-20T00:00:00Z,6395,H77E.104.040,FRESAS DE CARBURO P. LAB. H77E.104.040,14,255.6879,3579.63
C63,2021-12-20T00:00:00Z,6398,H77E.104.060,FRESAS DE CARBURO P. LAB. H77E.104.060,23,255.6813,5880.67
C63,2021-12-20T00:00:00Z,6410,H77NE.104.023,FRESAS DE CARBURO P. LAB. H77NE.104.023,30,167.634,5029.02
C63,2021-12-20T00:00:00Z,6428,H79E.104.040,FRESAS DE CARBURO P. LAB. H79E.104.040,38,255.6821,9715.92
C63,2021-12-20T00:00:00Z,6431,H79EA.104.040,FRESAS DE CARBURO P. LAB. H79EA.104.040,22,255.6845,5625.06
C63,2021-12-20T00:00:00Z,6443,H79EF.104.040,FRESAS DE CARBURO P. LAB. H79EF.104.040,20,282.1475,5642.95
C63,2021-12-20T00:00:00Z,6461,H79GSQ.104.070,FRESAS DE CARBURO P. LAB. H79GSQ.104.070,25,255.6764,6391.91
C63,2021-12-20T00:00:00Z,6464,H79GTI.104.040,FRESAS DE CARBURO P. LAB. H79GTI.104.040,58,255.6809,14829.49
C63,2021-12-20T00:00:00Z,6470,H79NEF.104.040,FRESAS DE CARBURO P. LAB. H79NEF.104.040,19,282.1505,5360.86
C63,2021-12-20T00:00:00Z,6479,H79SGE.104.070,FRESAS DE CARBURO P. LAB. H79SGE.104.070,9,255.6722,2301.05
C63,2021-12-20T00:00:00Z,6497,H97.104.010,FRESAS DE CARBURO H97.104.010,40,53.4088,2136.35
C63,2021-12-20T00:00:00Z,6509,H97BZ.314.011,FRESAS DE CARBURO H97BZ.314.011,25,100.11,2502.75
C63,2021-12-20T00:00:00Z,5990,H129E.104.023,FRESAS DE CARBURO P. LAB. H129E.104.023,4,134.18,536.72
C63,2021-12-20T00:00:00Z,5993,H129FSQ.104.023,FRESAS DE CARBURO P. LAB. H129FSQ.104.023,22,134.1805,2951.97
C63,2021-12-20T00:00:00Z,6020,H138EF.104.023,FRESAS DE CARBURO P. LAB. H138EF.104.023,30,167.634,5029.02
C63,2021-12-20T00:00:00Z,6023,H138FSQ.104.023,FRESAS DE CARBURO P. LAB. H138FSQ.104.023,30,134.181,4025.43
C63,2021-12-20T00:00:00Z,6035,H138NEX.104.023,FRESAS DE CARBURO P. LAB. H138NEX.104.023,25,167.6344,4190.86
C63,2021-12-20T00:00:00Z,6059,H139NEF.104.023,FRESAS DE CARBURO P. LAB. H139NEF.104.023,28,167.6339,4693.75
C63,2021-12-20T00:00:00Z,6110,H246.104.009,FRESAS DE CARBURO H246.104.009,5,67.446,337.23
C63,2021-12-20T00:00:00Z,6122,H251ACR.104.060,FRESAS DE CARBURO P. LAB. H251ACR.104.060,10,282.16,2821.6
C63,2021-12-20T00:00:00Z,6125,H251E.104.060,FRESAS DE CARBURO P. LAB. H251E.104.060,26,255.6835,6647.77
C63,2021-12-20T00:00:00Z,6128,H251EA.104.060,FRESAS DE CARBURO P. LAB. H251EA.104.060,14,255.6879,3579.63
C63,2021-12-20T00:00:00Z,6131,H251EF.104.060,FRESAS DE CARBURO P. LAB. H251EF.104.060,26,282.1519,7335.95
C63,2021-12-20T00:00:00Z,6143,H251GSQ.104.060,FRESAS DE CARBURO P. LAB. H251GSQ.104.060,20,255.679,5113.58
C63,2021-12-20T00:00:00Z,6149,H251NE.104.060,FRESAS DE CARBURO P. LAB. H251NE.104.060,27,282.1493,7618.03
C63,2021-12-20T00:00:00Z,6161,H257EF.104.023,FRESAS DE CARBURO P. LAB. H257EF.104.023,24,200.9038,4821.69
C63,2021-12-20T00:00:00Z,6173,H261FSQ.104.023,FRESAS DE CARBURO P. LAB. H261FSQ.104.023,22,200.9091,4420.0
C63,2021-12-20T00:00:00Z,6176,H261GSQ.104.023,FRESAS DE CARBURO P. LAB. H261GSQ.104.023,44,200.9034,8839.75
C63,2021-12-20T00:00:00Z,6182,H283.104.012,FRESAS DE CARBURO H283.104.012,15,100.368,1505.52
C63,2021-12-20T00:00:00Z,6278,H351FSQ.104.060,FRESAS DE CARBURO P. LAB. H351FSQ.104.060,20,255.679,5113.58
C63,2021-12-20T00:00:00Z,6293,H364RE.104.023,FRESAS DE CARBURO P. LAB. H364RE.104.023,25,231.6,5790.0
C63,2021-12-20T00:00:00Z,6296,H379.104.014,FRESAS DE CARBURO H379.104.014,20,67.458,1349.16
C63,2021-12-20T00:00:00Z,6299,H379.104.023,FRESA DE CARBURO H379.104.023,15,67.462,1011.93
C63,2021-12-20T00:00:00Z,7064,K79ACR.104.040,FRESON DE CERAMICA K79ACR.104.040,13,584.2685,7595.49
C63,2021-12-20T00:00:00Z,7046,K251ACR.104.060,FRESON DE CERAMICA,10,584.269,5842.69
C63,2021-12-20T00:00:00Z,3455,329.104,INSTRUMENTOS ACERO 329.104,5,24.704,123.52
C63,2021-12-20T00:00:00Z,4736,379.104.014,INSTRUMENTOS DIAMANTADOS 379.104.014,45,31.7404,1428.32
C63,2021-12-20T00:00:00Z,5006,801.104.009,INSTRUMENTOS DIAMANTADOS 801.104.009,40,31.7378,1269.51
C63,2021-12-20T00:00:00Z,5009,801.104.010,INSTRUMENTOS DIAMANTADOS 801.104.010,40,31.7378,1269.51
C63,2021-12-20T00:00:00Z,5015,801.104.014,INSTRUMENTOS DIAMANTADOS 801.104.014,45,31.7404,1428.32
C63,2021-12-20T00:00:00Z,5024,801.104.023,INSTRUMENTOS DIAMANTADOS 801.104.023,20,37.742,754.84
C63,2021-12-20T00:00:00Z,5027,801.104.029,INSTRUMENTOS DIAMANTADOS 801.104.029,25,57.8192,1445.48
C63,2021-12-20T00:00:00Z,5060,805A.104.023,INSTRUMENTOS DIAMANTADOS 805A.104.023,15,37.7427,566.14
C63,2021-12-20T00:00:00Z,5036,805.104.012,INSTRUMENTOS DIAMANTADOS 805.104.012,40,31.7378,1269.51
C63,2021-12-20T00:00:00Z,5045,805.104.018,INSTRUMENTOS DIAMANTADOS 805.104.018,25,31.7428,793.57
C63,2021-12-20T00:00:00Z,5051,805.104.023,INSTRUMENTOS DIAMANTADOS 805.104.023,25,37.7424,943.56
C63,2021-12-20T00:00:00Z,5054,805.104.027,INSTRUMENTOS DIAMANTADOS 805.104.027,15,57.8227,867.34
C63,2021-12-20T00:00:00Z,5057,805.104.042,INSTRUMENTOS DIAMANTADOS 805.104.042,5,95.58,477.9
C63,2021-12-20T00:00:00Z,5063,807.104.016,INSTRUMENTOS DIAMANTADOS 807.104.016,40,31.7378,1269.51
C63,2021-12-20T00:00:00Z,5075,825.104.023,INSTRUMENTOS DIAMANTADOS 825.104.023,30,37.742,1132.26
C63,2021-12-20T00:00:00Z,5078,825.104.050,INSTRUMENTOS DIAMANTADOS 825.104.050,35,77.3751,2708.13
C63,2021-12-20T00:00:00Z,5090,836.104.027,INSTRUMENTOS DIAMANTADOS 836.104.027,20,57.8145,1156.29
C63,2021-12-20T00:00:00Z,5102,842.104.018,INSTRUMENTOS DIAMANTADOS 842.104.018,60,95.5563,5733.38
C63,2021-12-20T00:00:00Z,5105,842R.104.018,INSTRUMENTOS DIAMANTADOS 842R.104.018,70,95.5563,6688.94
C63,2021-12-20T00:00:00Z,5111,847.104.014,INSTRUMENTOS DIAMANTADOS 847.104.014,30,57.8143,1734.43
C63,2021-12-20T00:00:00Z,5114,847.104.018,INSTRUMENTOS DIAMANTADOS 847.104.018,35,57.8177,2023.62
C63,2021-12-20T00:00:00Z,5123,847.104.050,INTRUMENTOS DIAMANTADOS 847.104.050,15,159.3833,2390.75
C63,2021-12-20T00:00:00Z,5126,848.104.016,INSTRUMENTOS DIAMANTADOS 848.104.016,25,57.8192,1445.48
C63,2021-12-20T00:00:00Z,5132,848.104.023,INTRUMENTOS DIAMANTADOS 848.104.023,15,95.564,1433.46
C63,2021-12-20T00:00:00Z,5138,849.104.010,INSTRUMENTOS DIAMANTADOS 849.104.010,25,31.7428,793.57
C63,2021-12-20T00:00:00Z,5141,850.104.016,INSTRUMENTOS DIAMANTADOS 850.104.016,35,57.8177,2023.62
C65,2021-12-21T00:00:00Z,6569,INTSCAI500,3D SCANNER I500,20,182214.9895,3644299.79
C84,2021-12-23T00:00:00Z,4763,4252100027,COMPRESOR DUO TANDEM CON 2 CABEZAS MTN,1,114779.36,114779.36
C66,2021-12-29T00:00:00Z,95100,106533,SILICON HOSE FOR VENTILATION UNIT 0.5M,1,520.27,520.27
C66,2021-12-29T00:00:00Z,3512,105873,SILICON HOSE FOR PUMP 2M,1,1040.54,1040.54
C66,2021-12-29T00:00:00Z,95097,106499-01,VENTILATION UNIT AUSTROMAT 220 100V/115V,1,5852.98,5852.98
C70,2022-01-13T00:00:00Z,95375,179165,SOFTWARE M SPLINT,1,19618.52,19618.52
C71,2022-01-13T00:00:00Z,80598,29484025,BASIC MASTER 25-70U/70-250U 100-120V 50/,2,25862.07,51724.14
C72,2022-01-20T00:00:00Z,95540,PN/03000,RESINA DENTAMODEL 1KG BOTTLE ,8,2356.0238,18848.19
C72,2022-01-20T00:00:00Z,95537,PN/05167,RESINA DENTAFORM 1KG BOTTLE,30,1682.8743,50486.23
C72,2022-01-20T00:00:00Z,85161,PN/02391,IMPRESORA 3D MAX UV 110-220V,2,160288.165,320576.33
C73,2022-01-25T00:00:00Z,90268,V14612,SOPORTE 2M CENTRALES CON TORNILLOS PLANA VIMAR,5,42.012,210.06
C73,2022-01-25T00:00:00Z,11318,V14209,BASE SICURY 2P+T 16A. P302M PLANTA VIMAR,6,108.0633,648.38
C73,2022-01-25T00:00:00Z,90264,V14652.01,PLACA 2L TECN BLANCO,5,54.476,272.38
C74,2022-01-26T00:00:00Z,84025,INTSCAI700,MEDIT INTRA ORAL SCANNER I700,2,336002.93,672005.86
C91,2022-01-26T00:00:00Z,4571,5252100001,DURR DENTAL COMPRESOR DUO 110V CON UNIDAD DE SECADO,5,69441.354,347206.77
C75,2022-02-08T00:00:00Z,84025,INTSCAI700,MEDIT INTRA ORAL SCANNER I700,2,334058.825,668117.65
C75,2022-02-08T00:00:00Z,95842,REUSTIPSI700,I700 REUSABLE TIPS,5,5368.802,26844.01
C75,2022-02-08T00:00:00Z,86959,6A0111588C0,I500 REUSABLE TIPS,5,4772.268,23861.34
C89,2022-02-10T00:00:00Z,96936,D52258A,DECKEL,1,31.99,31.99
C89,2022-02-10T00:00:00Z,96939,D52002,COMPACT CYLINDER,1,171.36,171.36
C89,2022-02-10T00:00:00Z,96933,D52300A,PRESS-PLUNGER,1,269.77,269.77
C89,2022-02-10T00:00:00Z,96930,D52260,THERMOCOUPLE WITH INSULATION,1,152.02,152.02
C78,2022-02-14T00:00:00Z,96078,D23295,VITON- RING 145X4MM,3,263.9567,791.87
C78,2022-02-14T00:00:00Z,96081,D56236,CABLE SET ELECTRONIC,1,306.32,306.32
C78,2022-02-14T00:00:00Z,96075,D47232N,CONTROL MODULE,2,5180.95,10361.9
C80,2022-02-16T00:00:00Z,89422,T510,SCANNER DE MESA T510,1,154978.49,154978.49
C80,2022-02-16T00:00:00Z,89427,T710,SCANNER DE MESA T710,1,227301.79,227301.79
C77,2022-02-17T00:00:00Z,5774,APG181315MLA3,CAMEO MILL BLOCS BOX C14 LT A3,30,783.688,23510.64
C77,2022-02-17T00:00:00Z,5771,APG181315MLA2,CAMEO MILL BLOCS BOX C14 LT A2,20,783.688,15673.76
C77,2022-02-17T00:00:00Z,5768,APG181315MLA1,CAMEO MILL BLOCS BOX C14 LT A1,20,783.688,15673.76
C77,2022-02-17T00:00:00Z,96010,CMBBC14HTBL1,CAMEO MILL BLOCS BOX C14 HT BL1/W1,200,783.688,156737.6
C77,2022-02-17T00:00:00Z,5765,CMBBC14HTBL3W3,CAMEO MILL BLOCS BOX C14 HT BL3/W3,300,783.6879,235106.37
C77,2022-02-17T00:00:00Z,5762,APG181315MB1,CAMEO MILL BLOCS BOX C14 HT B1,40,783.688,31347.52
C77,2022-02-17T00:00:00Z,5759,CMBBC14HTA2,CAMEO MILL BLOCS BOX C14 HT A2,200,783.688,156737.6
C77,2022-02-17T00:00:00Z,5756,CMBBC14HTA1,CAMEO MILL BLOCS BOX C14 HT A1,200,783.688,156737.6
C77,2022-02-17T00:00:00Z,5777,APG181315MLB1,CAMEO MILL BLOCS BOX C14 LT B1,30,783.688,23510.64
C77,2022-02-17T00:00:00Z,5807,APG12.510PA3,CAMEO PRESS INGOT BOX HT A3,50,447.8216,22391.08
C77,2022-02-17T00:00:00Z,5810,APG12.510PB1,CAMEO PRESS INGOT BOX HT B1,100,447.8217,44782.170000000006
C77,2022-02-17T00:00:00Z,86619,CMBBC14LTBL1,CAMEO MILL BLOCS BOX C14 LT BL1,50,783.688,39184.4
C77,2022-02-17T00:00:00Z,86616,APG181315MLBL2,CAMEO MILL BLOCS BOX C14 LT BL2,50,783.688,39184.4
C77,2022-02-17T00:00:00Z,5801,APG12.510PA1,CAMEO PRESS INGOT BOX HT A1,400,447.8217,179128.68000000002
C77,2022-02-17T00:00:00Z,91771,CPIBHTB2,CAMEO PRESS INGOT BOX HT B2,50,447.8216,22391.08
C77,2022-02-17T00:00:00Z,5813,CPIBHTBL3W3,CAMEO PRESS INGOT BOX HT BL3/W3,50,447.8216,22391.08
C77,2022-02-17T00:00:00Z,86972,CPTMBB1,CAMEO PMMA MULTI T40 B1,30,705.319,21159.57
C77,2022-02-17T00:00:00Z,86969,CPTMBA2,CAMEO PMMA MULTI T40 A2,100,705.3191,70531.91
C77,2022-02-17T00:00:00Z,86965,CPTMBA1,CAMEO PMMA MULTI T40 A1,100,705.3191,70531.91
C77,2022-02-17T00:00:00Z,86610,CPIBLTBL2,CAMEO PRESS INGOT BOX LT BL2,50,447.8216,22391.08
C77,2022-02-17T00:00:00Z,86613,CPIBLTBL1,CAMEO PRESS INGOT BOX LT BL1,50,447.8216,22391.08
C77,2022-02-17T00:00:00Z,5822,CPIBLTA3,CAMEO PRESS INGOT BOX LT A3,50,447.8216,22391.08
C77,2022-02-17T00:00:00Z,5819,CPIBLTA2,CAMEO PRESS INGOT BOX LT A2,200,447.8217,89564.34000000001
C77,2022-02-17T00:00:00Z,5816,CPIBLTA1,CAMEO PRESS INGOT BOX LT A1,200,447.8217,89564.34000000001
C77,2022-02-17T00:00:00Z,5804,CPIBHTA2,CAMEO PRESS INGOT BOX HT A2,400,447.8217,179128.68000000002
C79,2022-02-18T00:00:00Z,89431,T310,SCANNER DE MESA T310,8,102268.77,818150.16
C88,2022-02-21T00:00:00Z,96924,D63100,VPAD POWER INJECTOR CABLE,3,73.34,220.02
C81,2022-02-22T00:00:00Z,4652,179250NS,FRESADORA MOTION 2 179250NS,1,322957.57,322957.57
C87,2022-02-22T00:00:00Z,4436,766024,DISCO CERAMILL ZOLID HT + WHITE 98 X 18,37,2302.5911,85195.8707
C87,2022-02-22T00:00:00Z,96739,766202,DISCO CERAMILL ZOLID HT + PS B2 98 X 16,25,2071.652,51791.3
C87,2022-02-22T00:00:00Z,96736,766195,DISCO CERAMILL ZOLID HT + PS B1 98 X 16,22,2078.6945,45731.28
C87,2022-02-22T00:00:00Z,96736,766195,DISCO CERAMILL ZOLID HT + PS B1 98 X 16,37,2078.6943,76911.6891
C87,2022-02-22T00:00:00Z,96733,766159,DISCO CERAMILL ZOLID HT + PS A1 98 X 14,7,3042.7614,21299.33
C87,2022-02-22T00:00:00Z,96730,766822,DISCO ZOLID GEN X A1 98 X 22,7,3731.6929,26121.8503
C87,2022-02-22T00:00:00Z,96730,766822,DISCO ZOLID GEN X A1 98 X 22,25,3731.6932,93292.33
C87,2022-02-22T00:00:00Z,96752,115700,SMARTMIX X2,5,23979.05,119895.25
C87,2022-02-22T00:00:00Z,3959,576450,GIROFORM PINS 1000PCS,12,360.615,4327.38
C87,2022-02-22T00:00:00Z,3977,576720,GIROFORM CLASSIC L 100PCS,18,764.94,13768.92
C87,2022-02-22T00:00:00Z,3557,176701,GIROFORM PIN DRILL 100-230V,3,29781.6633,89344.9899
C87,2022-02-22T00:00:00Z,3797,216235,CONTRA PLACA SPLITEX CLASSIC PLACAS DE R,3,1886.85,5660.55
C87,2022-02-22T00:00:00Z,3827,218600,ARCO FACIAL ARTEX,2,8793.41,17586.82
C87,2022-02-22T00:00:00Z,92435,760681,FRESA ROTO RFID 1.0  SC DM,5,874.216,4371.08
C87,2022-02-22T00:00:00Z,92435,760681,FRESA ROTO RFID 1.0  SC DM,12,874.2167,10490.6
C87,2022-02-22T00:00:00Z,92431,760680,FRESA ROTO RFID 2.5 SC,7,874.2171,6119.52
C87,2022-02-22T00:00:00Z,92431,760680,FRESA ROTO RFID 2.5 SC,18,874.2172,15735.91
C87,2022-02-22T00:00:00Z,4253,760679,FRESA ROTO RFID 0.4 DM,2,486.16,972.32
C87,2022-02-22T00:00:00Z,4253,760679,FRESA ROTO RFID 0.4 DM,6,486.1617,2916.97
C87,2022-02-22T00:00:00Z,4268,761042,DISCO CERAMILL A TEMP ML 0/A1 71 X 20,22,948.5255,20867.56
C87,2022-02-22T00:00:00Z,4265,761041,DISCO CERAMILL A TEMP ML 0/A1 71 X 16,37,778.0532,28787.97
C87,2022-02-22T00:00:00Z,4265,761041,DISCO CERAMILL A TEMP ML 0/A1 71 X 16,11,778.0527,8558.58
C87,2022-02-22T00:00:00Z,4274,761045,DISCO CERAMILL A TEMP ML A2/A3 71 X 20,37,948.5257,35095.45
C87,2022-02-22T00:00:00Z,4274,761045,DISCO CERAMILL A TEMP ML A2/A3 71 X 20,22,948.5255,20867.56
C87,2022-02-22T00:00:00Z,4466,766828,DISCO ZOLID GEN X A2 98 X 16 ZRO2,8,2248.9238,17991.39
C87,2022-02-22T00:00:00Z,96744,761086,DISCO A SPLINT 98 X 20 PMMA,25,509.96,12749.0
C87,2022-02-22T00:00:00Z,96744,761086,DISCO A SPLINT 98 X 20 PMMA,15,509.96,7649.4
C87,2022-02-22T00:00:00Z,3695,179294,SOPORTE PARA PIEZAS DE TRABAJO 98 MOTION 2 5X,1,10131.69,10131.69
C87,2022-02-22T00:00:00Z,96157,179295,WERKSTÜCKHALTERUNG 98 (4X),1,10138.73,10138.73
C87,2022-02-22T00:00:00Z,4268,761042,DISCO CERAMILL A TEMP ML 0/A1 71 X 20,37,948.5257,35095.45
C87,2022-02-22T00:00:00Z,4235,760661,FRESA ROTO RFID 1.0 ZI DM,100,886.3591,88635.91
C87,2022-02-22T00:00:00Z,4235,760661,FRESA ROTO RFID 1.0 ZI DM,40,886.3593,35454.37
C87,2022-02-22T00:00:00Z,4232,760660,FRESA ROTO RFID 2.5 ZI DM,75,886.3591,66476.9325
C87,2022-02-22T00:00:00Z,4232,760660,FRESA ROTO RFID 2.5 ZI DM,30,886.359,26590.77
C87,2022-02-22T00:00:00Z,4238,760662,FRESA ROTO RFID 0.6 ZI DM,50,886.3592,44317.96
C87,2022-02-22T00:00:00Z,4238,760662,FRESA ROTO RFID 0.6 ZI DM,20,886.359,17727.18
C87,2022-02-22T00:00:00Z,4241,760663,FRESA ROTO RFID 0.3 ZI,12,886.3583,10636.3
C87,2022-02-22T00:00:00Z,4241,760663,FRESA ROTO RFID 0.3 ZI,5,886.36,4431.8
C87,2022-02-22T00:00:00Z,4244,760676,FRESA DIAMOND RFID 1.8 DM,62,508.7458,31542.24
C87,2022-02-22T00:00:00Z,4244,760676,FRESA DIAMOND RFID 1.8 DM,25,508.746,12718.65
C87,2022-02-22T00:00:00Z,4370,761777,DISCO CERAMILL ZOLID FX ML 0/A1 98 X 16 N,31,4045.6832,125416.1792
C87,2022-02-22T00:00:00Z,4247,760677,FRESA DIAMOND RFID 1.4 DM,62,486.1619,30142.04
C87,2022-02-22T00:00:00Z,4247,760677,FRESA DIAMOND RFID 1.4 DM,25,486.162,12154.05
C87,2022-02-22T00:00:00Z,4250,760678,"FRESA DIAMOND RFID 1,0 DM",20,486.162,9723.24
C87,2022-02-22T00:00:00Z,4250,760678,"FRESA DIAMOND RFID 1,0 DM",50,486.1618,24308.09
C87,2022-02-22T00:00:00Z,4436,766024,DISCO CERAMILL ZOLID HT + WHITE 98 X 18,22,2302.5909,50657.0
C87,2022-02-22T00:00:00Z,96739,766202,DISCO CERAMILL ZOLID HT + PS B2 98 X 16,15,2071.652,31074.78
C81,2022-02-22T00:00:00Z,96139,181150,MIND ULTIMATE BUNDLE,2,130683.645,261367.29
C81,2022-02-22T00:00:00Z,85817,181211,PORTAPIEZAS 98 PRODUCCION,2,5511.265,11022.53
C81,2022-02-22T00:00:00Z,3584,BAJA178600,BAJA CERAMILL AIRSTREAM,2,28938.03,57876.06
C81,2022-02-22T00:00:00Z,3614,178740,CERAMILL ARGOTHERM 2 INCL ARGOVENT,2,188006.245,376012.49
C81,2022-02-22T00:00:00Z,85901,181210,PORTAPIEZAS 71 PRODUCCION,2,5806.235,11612.47
C81,2022-02-22T00:00:00Z,85817,181211,PORTAPIEZAS 98 PRODUCCION,20,5806.233,116124.66
C81,2022-02-22T00:00:00Z,85895,181218,PORTAPIEZAS METAL PRODUCCION,2,18230.65,36461.3
C81,2022-02-22T00:00:00Z,85889,181213,PORTAPIEZAS BLOCS UN PRODUCCION,4,5806.2325,23224.93
C81,2022-02-22T00:00:00Z,3692,179290,RETENCION DE PIEZAS 98 4X ,3,22826.6167,68479.8501
C81,2022-02-22T00:00:00Z,4466,766828,DISCO ZOLID GEN X A2 98 X 16 ZRO2,28,2252.0218,63056.6104
C81,2022-02-22T00:00:00Z,4466,766828,DISCO ZOLID GEN X A2 98 X 16 ZRO2,30,2185.6357,65569.071
C81,2022-02-22T00:00:00Z,3716,179560,MAP 600,2,171475.37,342950.74
C81,2022-02-22T00:00:00Z,4466,766828,DISCO ZOLID GEN X A2 98 X 16 ZRO2,24,2252.0217,54048.52
C81,2022-02-22T00:00:00Z,4652,179250NS,FRESADORA MOTION 2 179250NS,1,431923.48,431923.48
C81,2022-02-22T00:00:00Z,4658,179330N,CERAMILL MIKRO 5X,1,296621.98,296621.98
C81,2022-02-22T00:00:00Z,4232,760660,FRESA ROTO RFID 2.5 ZI DM,30,783.9883,23519.65
C81,2022-02-22T00:00:00Z,4658,179330N,CERAMILL MIKRO 5X,6,322957.5733,1937745.4397999998
C81,2022-02-22T00:00:00Z,92543,179164,CERAMILL MATCH 2 CAM DONGLE,2,21277.605,42555.21
C81,2022-02-22T00:00:00Z,96145,179300NS,CERAMILL MIKRO 4X,2,272217.17,544434.34
C81,2022-02-22T00:00:00Z,92543,179164,CERAMILL MATCH 2 CAM DONGLE,10,21277.605,212776.05
C81,2022-02-22T00:00:00Z,3593,178641,CERAMILL COOLSTREAM WATER TANK,1,26627.4,26627.4
C81,2022-02-22T00:00:00Z,96142,766832,DISCO ZOLID GEN X A2 98 X 25,22,2995.8868,65909.5096
C81,2022-02-22T00:00:00Z,96139,181150,MIND ULTIMATE BUNDLE,2,213797.375,427594.75
C81,2022-02-22T00:00:00Z,3716,179560,MAP 600,2,171086.54,342173.08
C81,2022-02-22T00:00:00Z,3575,178380,CERAMILL THERM 3,2,90839.565,181679.13
C81,2022-02-22T00:00:00Z,3584,BAJA178600,BAJA CERAMILL AIRSTREAM,2,21292.195,42584.39
C81,2022-02-22T00:00:00Z,92543,179164,CERAMILL MATCH 2 CAM DONGLE,2,13374.495,26748.99
C81,2022-02-22T00:00:00Z,4652,179250NS,FRESADORA MOTION 2 179250NS,2,444033.225,888066.45
C81,2022-02-22T00:00:00Z,4652,179250NS,FRESADORA MOTION 2 179250NS,2,440443.515,880887.03
C81,2022-02-22T00:00:00Z,92543,179164,CERAMILL MATCH 2 CAM DONGLE,2,13404.895,26809.79
C81,2022-02-22T00:00:00Z,3584,BAJA178600,BAJA CERAMILL AIRSTREAM,2,21583.76,43167.52
C81,2022-02-22T00:00:00Z,3575,178380,CERAMILL THERM 3,2,91043.835,182087.67
C81,2022-02-22T00:00:00Z,4469,766864,DISCO ZOLID GEN X B1 98 X 16 ZRO2,13,2553.3131,33193.07
C81,2022-02-22T00:00:00Z,96148,766027,DISCO CERAMILL ZOLID HT + WHITE 98 X 25,20,3039.658,60793.16
C81,2022-02-22T00:00:00Z,4442,766042,DISCO CERAMILL ZOLID HT + PS A1 71 X 20 ZRO2,10,2310.14,23101.4
C81,2022-02-22T00:00:00Z,3692,179290,RETENCION DE PIEZAS 98 4X ,1,15507.6,15507.6
C81,2022-02-22T00:00:00Z,85811,181200,CERAMILL MATIK,2,1154249.295,2308498.59
C81,2022-02-22T00:00:00Z,85814,178660,CERAMILL CLEANSTREAM,2,61075.24,122150.48
C82,2022-02-23T00:00:00Z,4544,6230225,SKYROCK STONE CLASS III BLUE 25KG,180,786.3984,141551.712
C82,2022-02-23T00:00:00Z,4550,6240025,SKYROCK DIE STONE CLASS IV GOLDEN BROWN,90,1457.7142,131194.278
C82,2022-02-23T00:00:00Z,4553,6240125,SKYROCK DIE STONE CLASS IV IVORY,90,1457.7142,131194.278
C82,2022-02-23T00:00:00Z,4541,6230125,SKYROCK STONE CLASS III YELLOW 25KG,180,786.3984,141551.712
C83,2022-02-24T00:00:00Z,89422,T510,SCANNER DE MESA T510,1,163323.75,163323.75
C102,2022-02-25T00:00:00Z,98027,F191S,HEPA FILTER JETSTREAM,5,1912.144,9560.72
C102,2022-02-25T00:00:00Z,98024,AR396,REPL. BLOWER 230V (INFINITY),10,4290.064,42900.64
C85,2022-03-01T00:00:00Z,6569,INTSCAI500,3D SCANNER I500,3,210187.6933,630563.0799
C85,2022-03-01T00:00:00Z,84025,INTSCAI700,MEDIT INTRA ORAL SCANNER I700,1,326958.64,326958.64
C86,2022-03-04T00:00:00Z,96626,179193,CERAMILL MINDSERVE 4TB,3,30188.83,90566.49
C96,2022-03-10T00:00:00Z,8471,OPAFLUVM13250ML,"VM OPAQUE FLUID (BLANCO, VM.13, 11) 250M",2,417.66,835.32
C95,2022-03-10T00:00:00Z,14045,VMLCBDA14G,VMLC BASE DENTINE A1 4G,5,51.87,259.35
C95,2022-03-10T00:00:00Z,7346,LUMACODA112G,LUMEX OPAQUE DENTINE A1 12 G,10,35.133,351.33
C95,2022-03-10T00:00:00Z,7349,LUMACODA212G,"LUMEX OPAQUE DENTINE, A2, 12 G",15,35.1327,526.99
C95,2022-03-10T00:00:00Z,7355,LUMACODA312G,"LUMEX OPAQUE DENTINE, A3, 12 G",10,35.133,351.33
C95,2022-03-10T00:00:00Z,7385,LUMACODD212G,"LUMEX OPAQUE DENTINE, D2, 12 G",10,35.133,351.33
C95,2022-03-10T00:00:00Z,7214,LUMACDA112G,"LUMEX DENTINE, A1, 12 G",40,35.1328,1405.31
C95,2022-03-10T00:00:00Z,7217,LUMACDA212G,"LUMEX DENTINE, A2, 12 G",60,35.1328,2107.97
C95,2022-03-10T00:00:00Z,7223,LUMACDA312G,"LUMEX DENTINE, A3, 12 G",40,35.1328,1405.31
C95,2022-03-10T00:00:00Z,7220,LUMACDA3.512G,"LUMEX DENTINE, A3.5, 12 G",20,35.133,702.66
C95,2022-03-10T00:00:00Z,7226,LUMACDA412G,"LUMEX DENTINE, A4, 12 G",5,35.132,175.66
C95,2022-03-10T00:00:00Z,7229,B5345612,"LUMEX DENTINE, B1, 12 G",15,35.1327,526.99
C95,2022-03-10T00:00:00Z,7232,B5345712,"LUMEX DENTINE, B2, 12 G",15,35.1327,526.99
C95,2022-03-10T00:00:00Z,7235,LUMACDB312G,"LUMEX DENTINE, B3, 12 G",5,35.132,175.66
C95,2022-03-10T00:00:00Z,7238,LUMACDB412G,"LUMEX DENTINE, B4, 12 G",2,35.135,70.27
C95,2022-03-10T00:00:00Z,7241,LUMACDC112G,"LUMEX DENTINE, C1, 12 G",5,35.132,175.66
C95,2022-03-10T00:00:00Z,7244,LUMACDC212G,"LUMEX DENTINE, C2, 12 G",5,35.132,175.66
C95,2022-03-10T00:00:00Z,7253,LUMACDD212G,"LUMEX DENTINE, D2, 12 G",3,35.1333,105.4
C95,2022-03-10T00:00:00Z,7256,LUMACDD312G,"LUMEX DENTINE, D3, 12 G",2,35.135,70.27
C95,2022-03-10T00:00:00Z,7259,LUMACDD412G,"LUMEX DENTINE, D4, 12 G",2,35.135,70.27
C95,2022-03-10T00:00:00Z,7286,LUMACELIG12G,"LUMEX ENAMEL, LIGHT, 12 G",60,35.1328,2107.97
C95,2022-03-10T00:00:00Z,7289,LUMACEMED12G,"LUMEX ENAMEL, MEDIUM, 12 G",30,35.1327,1053.98
C95,2022-03-10T00:00:00Z,7283,LUMACEINT12G,"LUMEX ENAMEL, INTENSE, 12 G",10,35.133,351.33
C95,2022-03-10T00:00:00Z,7277,LUMACECLE12G,"LUMEX ENAMEL, CLEAR, 12 G",10,35.133,351.33
C95,2022-03-10T00:00:00Z,7280,LUMACEFOG12G,"LUMEX ENAMEL, FOG, 12 G",10,35.133,351.33
C95,2022-03-10T00:00:00Z,7316,LUMACGLIGROS,LUMEX GINGIVA LIGHT-ROSE 12G,5,35.132,175.66
C95,2022-03-10T00:00:00Z,7319,LUMACGNEC,LUMEX GINGIVA NECTARINE 12G,5,35.132,175.66
C95,2022-03-10T00:00:00Z,7313,LUMACGGRA,LUMEX GINGIVA GRAPEFRUIT 12G,8,35.1325,281.06
C95,2022-03-10T00:00:00Z,7328,LUMACGROS,LUMEX GINGIVA ROSEWOOD 12G,7,35.1329,245.93
C95,2022-03-10T00:00:00Z,7265,LUMACDMCAR,"LUMEX DENTINE MODIFIER, CARAMEL, 12 G",1,42.44,42.44
C95,2022-03-10T00:00:00Z,7271,LUMACDMCOP,"LUMEX DENTINE MODIFIER, COPPER, 12 G",2,42.44,84.88
C95,2022-03-10T00:00:00Z,7262,LUMACDMBRO,"LUMEX DENTINE MODIFIER, BROWN, 12 G",1,42.44,42.44
C95,2022-03-10T00:00:00Z,7205,LUMACCIIVO,LUMEX CHROMA INTENSE IVORY 12 G,5,42.438,212.19
C95,2022-03-10T00:00:00Z,7199,LUMACCIALM,LUMEX CHROMA INTENSE ALMOND 12 G,5,42.438,212.19
C95,2022-03-10T00:00:00Z,7202,LUMACCIHAZ,LUMEX CHROMA INTENSE HAZELNUT 12 G,5,42.438,212.19
C95,2022-03-10T00:00:00Z,7298,LUMACFINARCWHI,"LUMEX FLUO INTENSE, ARCTIC-WHITE, 12 G",10,42.438,424.38
C95,2022-03-10T00:00:00Z,7295,LUMACFICRE,"LUMEX FLUO INTENSE, CREAM, 12 G",10,42.438,424.38
C95,2022-03-10T00:00:00Z,7292,LUMACFICAP,"LUMEX FLUO INTENSE, CAPPUCCINO, 12 G",10,42.438,424.38
C95,2022-03-10T00:00:00Z,7301,LUMACFISAN,"LUMEX FLUO INTENSE, SAND, 12 G",10,42.438,424.38
C95,2022-03-10T00:00:00Z,7304,LUMACFISES,"LUMEX FLUO INTENSE, SESAME, 12 G",10,42.438,424.38
C95,2022-03-10T00:00:00Z,7343,LUMACMSAF,"LUMEX MAMELON, SAFFRON, 12 G",15,42.438,636.57
C95,2022-03-10T00:00:00Z,7421,LUMACTSMOWHI,"LUMEX TRANSLUCENT, SMOKY-WHITE, 12G",10,42.438,424.38
C95,2022-03-10T00:00:00Z,7427,LUMACTSUNINT,"LUMEX TRANSLUCENT, SUN-INTENSE, 12G",5,42.438,212.19
C95,2022-03-10T00:00:00Z,7430,LUMACTWAT,"LUMEX TRANSLUCENT, WATERDROP, 12G",10,42.438,424.38
C95,2022-03-10T00:00:00Z,7412,LUMACTFOGGRE,"LUMEX TRANSLUCENT, FOGGY-GREY, 12 G",5,42.438,212.19
C95,2022-03-10T00:00:00Z,7397,LUMACOTOPANEU,"LUMEX OPAL TRANSLUCENT, OPAL-NEUTRAL, 12",20,42.4385,848.77
C95,2022-03-10T00:00:00Z,7400,LUMACOTOPASKY,"LUMEX OPAL TRANSLUCENT, OPAL-SKY, 12G",20,42.4385,848.77
C95,2022-03-10T00:00:00Z,7394,LUMACOTOPAAZU,"LUMEX OPAL TRANSLUCENT, OPAL-AZURE, 12 G",20,42.4385,848.77
C95,2022-03-10T00:00:00Z,7403,LUMACPSHE,"LUMEX PEARL, SHELL, 12 G",30,42.4383,1273.15
C95,2022-03-10T00:00:00Z,7211,LUMACCORNEU,"LUMEX CORRECTIVE, NEUTRAL, 12 GR",5,42.438,212.19
C95,2022-03-10T00:00:00Z,7340,LUMACMPDLIQ50ML,"LUMEX MODELLING LIQUID, 50 ML",80,28.7571,2300.57
C95,2022-03-10T00:00:00Z,7406,LUMACRECPORGIN,LUMEX AC GINGIVA KIT,2,329.775,659.55
C95,2022-03-10T00:00:00Z,7334,LUMACKITRECEST,LUMEX AC STANDARD KIT,1,1869.68,1869.68
C95,2022-03-10T00:00:00Z,6530,INTERNOPOWDE04,INTERNO POWDER 04 3G,2,27.825,55.65
C95,2022-03-10T00:00:00Z,6536,INTERNOPOWDE06,INTERNO POWDER 06  3G,2,27.825,55.65
C95,2022-03-10T00:00:00Z,5492,AKZPLUBS013G,AKZENT PLUS BODY STAINS BS01 3G,3,24.4733,73.42
C95,2022-03-10T00:00:00Z,5495,AKZPLUBS023G,AKZENT PLUS BODY STAINS BS02 3G,7,24.4729,171.31
C95,2022-03-10T00:00:00Z,5522,AKZPLUES013G,AKZENT PLUS EFFECT STAINS ES01 3G,27,24.4733,660.78
C95,2022-03-10T00:00:00Z,5534,AKZPLUES053G,AKZENT PLUS EFFECT STAINS ES05 3G,15,24.4733,367.1
C95,2022-03-10T00:00:00Z,5537,AKZPLUES063G,AKZENT PLUS EFFECT STAINS ES06 3G,15,24.4733,367.1
C95,2022-03-10T00:00:00Z,5540,AKZPLUES073G,AKZENT PLUS EFFECT STAINS ES07 3G,21,24.4733,513.94
C95,2022-03-10T00:00:00Z,5543,AKZPLUES083G,AKZENT PLUS EFFECT STAINS ES08 3G,5,24.474,122.37
C95,2022-03-10T00:00:00Z,5546,AKZPLUES093G,AKZENT PLUS EFFECT STAINS ES09 3G,2,24.475,48.95
C95,2022-03-10T00:00:00Z,5552,AKZPLUES113G,AKZENT PLUS EFFECT STAINS ES11 3G,35,24.4734,856.57
C95,2022-03-10T00:00:00Z,5558,AKZPLUES133G,AKZENT PLUS EFFECT STAINS ES13 3G,3,24.4733,73.42
C95,2022-03-10T00:00:00Z,5507,AKZPLUCHRSTAA3G,AKZENT PLUS CHROMA STAINS A 3G,12,24.4733,293.68
C95,2022-03-10T00:00:00Z,5510,AKZPLUCHRSTAB3G,AKZENT PLUS CHROMA STAINS B 3G,5,24.474,122.37
C95,2022-03-10T00:00:00Z,5513,AKZPLUCHRSTAC3G,AKZENT PLUS CHROMA STAINS C 3G,6,24.4733,146.84
C95,2022-03-10T00:00:00Z,5570,AKZPLUGLA5G,AKZENT PLUS GLAZE 5G,100,29.056,2905.6
C95,2022-03-10T00:00:00Z,5573,AKZPLUGLALT5G,AKZENT PLUS GLAZE LT 5G,250,29.056,7264.0
C95,2022-03-10T00:00:00Z,5564,AKZPLUFINAGE5G,AKZENT PLUS FINISHING AGENT 5G,30,35.7637,1072.91
C95,2022-03-10T00:00:00Z,5585,AKZPOWFLU20ML,AKZENT POWDER FLUID 20ML,60,17.8985,1073.91
C95,2022-03-10T00:00:00Z,12395,VM9BDA112G,VM9 BASE DENTINE A1 12G,8,33.7713,270.17
C95,2022-03-10T00:00:00Z,12401,VM9BDA212G,VM9 BASE DENTINE A2 12G,12,33.7717,405.26
C95,2022-03-10T00:00:00Z,12413,VM9BDA312G,VM9 BASE DENTINE A3 12G,10,33.771,337.71
C95,2022-03-10T00:00:00Z,12407,VM9BDA3.512G,VM9 BASE DENTINE A3.5 12G,3,33.77,101.31
C95,2022-03-10T00:00:00Z,12419,VM9BDA412G,VM9 BASE DENTINE A4 12G,1,33.77,33.77
C95,2022-03-10T00:00:00Z,12431,VM9BDB212G,VM9 BASE DENTINE B2 12G,1,33.77,33.77
C95,2022-03-10T00:00:00Z,12893,VM9TDA112G,VM9 TRANSPA DENTINE A1 12G,3,33.77,101.31
C95,2022-03-10T00:00:00Z,12899,VM9TDA212G,VM9 TRANSPA DENTINE A2 12G,5,33.772,168.86
C95,2022-03-10T00:00:00Z,12911,VM9TDA312G,VM9 TRANSPA DENTINE A3 12G,2,33.77,67.54
C95,2022-03-10T00:00:00Z,12923,VM9TDB112G,VM9 TRANSPA DENTINE B1 12G,4,33.7725,135.09
C95,2022-03-10T00:00:00Z,12929,VM9TDB212G,VM9 TRANSPA DENTINE B2 12G,3,33.77,101.31
C95,2022-03-10T00:00:00Z,12977,VM9TDD312G,VM9 TRANSPA DENTINE D3 12G,1,33.77,33.77
C95,2022-03-10T00:00:00Z,12227,VM9BD0M212G,VM9 BASE DENTINE 0M2 12G,2,33.77,67.54
C95,2022-03-10T00:00:00Z,12251,VM9BD2L1.512G,VM9 BASE DENTINE 2L1.5 12G,5,33.772,168.86
C95,2022-03-10T00:00:00Z,12335,VM9BD4L1.512G,VM9 BASE DENTINE 4L1.5 12G,4,33.7725,135.09
C95,2022-03-10T00:00:00Z,12725,VM9TD0M212G,VM9 TRANSPA DENTINE 0M2 12G,2,33.77,67.54
C95,2022-03-10T00:00:00Z,12731,VM9TD0M312G,VM9 TRANSPA DENTINE 0M3 12G,5,33.772,168.86
C95,2022-03-10T00:00:00Z,12989,VM9WIN12G,VM9 WINDOW WIN 12G,2,33.77,67.54
C95,2022-03-10T00:00:00Z,12404,VM9BDA250G,VM9 BASE DENTINE A2 50G,3,114.7967,344.39
C95,2022-03-10T00:00:00Z,12416,VM9BDA350G,VM9 BASE DENTINE A3 50G,2,114.795,229.59
C95,2022-03-10T00:00:00Z,12410,VM9BDA3.550G,VM9 BASE DENTINE A3.5 50G,1,114.8,114.8
C95,2022-03-10T00:00:00Z,12992,VM9WIN50G,VM9 WINDOW WIN 50G,5,114.796,573.98
C95,2022-03-10T00:00:00Z,12659,VM9G2,VM9 GINGIVA G2,3,45.03,135.09
C95,2022-03-10T00:00:00Z,12662,VM9G3,VM9 GINGIVA G3,3,45.03,135.09
C95,2022-03-10T00:00:00Z,12569,VM9EE1,VM9 EFFECT ENAMEL EE1,6,45.0283,270.17
C95,2022-03-10T00:00:00Z,12578,VM9EE2,VM9 EFFECT ENAMEL EE2,5,45.028,225.14
C95,2022-03-10T00:00:00Z,12584,VM9EE4,VM9 EFFECT ENAMEL EE4,2,45.03,90.06
C95,2022-03-10T00:00:00Z,12494,VM9COR1,VM9 CORRECTIVE COR1,3,45.03,135.09
C95,2022-03-10T00:00:00Z,12497,VM9COR2,VM9 CORRECTIVE COR2,3,45.03,135.09
C95,2022-03-10T00:00:00Z,12500,VM9COR3,VM9 CORRECTIVE COR3,2,45.03,90.06
C95,2022-03-10T00:00:00Z,12632,VM9EO1,VM9 EFFECT OPAL EO1,4,45.0275,180.11
C95,2022-03-10T00:00:00Z,12635,VM9EO2,VM9 EFFECT OPAL EO2,5,45.028,225.14
C95,2022-03-10T00:00:00Z,11513,VM13BDA3.512G,VM13 BASE DENTINE A3.5 12G,5,33.772,168.86
C95,2022-03-10T00:00:00Z,11525,VM13BDA412G,VM13 BASE DENTINE A4 12G,1,33.77,33.77
C95,2022-03-10T00:00:00Z,11567,VM13BDC312G,VM13 BASE DENTINE C3 12G,1,33.77,33.77
C95,2022-03-10T00:00:00Z,11813,VM13OA312G,VM13 OPAQUE A3 12G,5,33.772,168.86
C95,2022-03-10T00:00:00Z,11816,VM13OA412G,VM13 OPAQUE A4 12G,1,33.77,33.77
C95,2022-03-10T00:00:00Z,11831,VM13OC112G,VM13 OPAQUE C1 12G,3,33.77,101.31
C95,2022-03-10T00:00:00Z,11834,VM13OC212G,VM13 OPAQUE C2 12G,2,33.77,67.54
C95,2022-03-10T00:00:00Z,11837,VM13OC312G,VM13 OPAQUE C3 12G,1,33.77,33.77
C95,2022-03-10T00:00:00Z,11840,VM13OC412G,VM13 OPAQUE C4 12G,1,33.77,33.77
C95,2022-03-10T00:00:00Z,11849,VM13OD412G,VM13 OPAQUE D4 12G,1,33.77,33.77
C95,2022-03-10T00:00:00Z,12089,VM13TDA212G,VM13 TRANSPA DENTINE A2 12G,5,33.772,168.86
C95,2022-03-10T00:00:00Z,11375,VM13BD2M212G,VM13 BASE DENTINE 2M2 12G,7,33.7714,236.4
C95,2022-03-10T00:00:00Z,11381,VM13BD2M312G,VM13 BASE DENTINE 2M3 12G,10,33.771,337.71
C95,2022-03-10T00:00:00Z,11417,VM13BD3M212G,VM13 BASE DENTINE 3M2 12G,15,33.7713,506.57
C95,2022-03-10T00:00:00Z,11423,VM13BD3M312G,VM13 BASE DENTINE 3M3 12G,15,33.7713,506.57
C95,2022-03-10T00:00:00Z,11435,VM13BD3R2.512G,VM13 BASE DENTINE 3R2.5 12G,20,33.7715,675.43
C95,2022-03-10T00:00:00Z,11459,VM13BD4M212G,VM13 BASE DENTINE 4M2 12G,4,33.7725,135.09
C95,2022-03-10T00:00:00Z,11483,VM13BD5M112G,VM13 BASE DENTINE 5M1 12G,1,33.77,33.77
C95,2022-03-10T00:00:00Z,11495,VM13BD5M312G,VM13 BASE DENTINE 5M3 12G,1,33.77,33.77
C95,2022-03-10T00:00:00Z,11864,VM13OP212G,VM13 OPAQUE OP2 12G,15,33.7713,506.57
C95,2022-03-10T00:00:00Z,11870,VM13OP312G,VM13 OPAQUE OP3 12G,8,33.7713,270.17
C95,2022-03-10T00:00:00Z,11876,VM13OP412G,VM13 OPAQUE OP4 12G,5,33.772,168.86
C95,2022-03-10T00:00:00Z,11933,VM13TD1M212G,VM13 TRANSPA DENTINE 1M2 12G,1,33.77,33.77
C95,2022-03-10T00:00:00Z,11957,VM13TD2M212G,VM13 TRANSPA DENTINE 2M2 12G,10,33.771,337.71
C95,2022-03-10T00:00:00Z,11999,VM13TD3M212G,VM13 TRANSPA DENTINE 3M2 12G,10,33.771,337.71
C95,2022-03-10T00:00:00Z,12017,VM13TD3R2.512G,VM13 TRANSPA DENTINE 3R2.5 12G,3,33.77,101.31
C95,2022-03-10T00:00:00Z,12179,VM13WIN12G,VM13 WINDOW WIN 12G,8,33.7713,270.17
C95,2022-03-10T00:00:00Z,11798,VM13NT12G,VM13 NEUTRAL NT 12G,2,33.77,67.54
C95,2022-03-10T00:00:00Z,11720,VM13ENL12G,VM13 ENAMEL ENL 12G,15,33.7713,506.57
C95,2022-03-10T00:00:00Z,11360,VM13BD2L1.550G,VM13 BASE DENTINE 2L1.5 50G,5,114.796,573.98
C95,2022-03-10T00:00:00Z,11372,VM13BD2M150G,VM13 BASE DENTINE 2M1 50G,5,114.796,573.98
C95,2022-03-10T00:00:00Z,11861,VM13OP150G,VM13 OPAQUE OP1 50G,1,114.8,114.8
C95,2022-03-10T00:00:00Z,11867,VM13OP250G,VM13 OPAQUE OP2 50G,2,114.795,229.59
C95,2022-03-10T00:00:00Z,11873,VM13OP350G,VM13 OPAQUE OP3 50G,2,114.795,229.59
C95,2022-03-10T00:00:00Z,11876,VM13OP412G,VM13 OPAQUE OP4 12G,2,114.795,229.59
C95,2022-03-10T00:00:00Z,11801,VM13NT50G,VM13 NEUTRAL NT 50G,5,114.796,573.98
C95,2022-03-10T00:00:00Z,11753,VM13G2,VM13 GINGIVA G2,1,45.03,45.03
C95,2022-03-10T00:00:00Z,11756,VM13G3,VM13 GINGIVA G3,1,45.03,45.03
C95,2022-03-10T00:00:00Z,11663,VM13EE1,VM13 EFFECT ENAMEL EE1,10,45.028,450.28
C95,2022-03-10T00:00:00Z,11693,VM13EE9,VM13 EFFECT ENAMEL EE9,3,45.03,135.09
C95,2022-03-10T00:00:00Z,11708,VM13EL5,VM13 EFFECT LINER EL5,3,112.2733,336.82
C95,2022-03-10T00:00:00Z,8468,NPBON5G,NP BOND PASTE 5G,20,56.983,1139.66
C95,2022-03-10T00:00:00Z,13424,VMKGINKIT,VMK GINGIVA SET KIT,2,187.185,374.37
C95,2022-03-10T00:00:00Z,13487,VMKOA112G,VMK OPAQUE A1 12G,30,20.2893,608.68
C95,2022-03-10T00:00:00Z,13493,VMKOA212G,VMK OPAQUE A2 12G,110,20.2894,2231.834
C95,2022-03-10T00:00:00Z,13505,VMKOA312G,VMK OPAQUE A3 12G,40,20.2893,811.57
C95,2022-03-10T00:00:00Z,13499,VMKOA3.512G,VMK OPAQUE A3.5 12G,20,20.2895,405.79
C95,2022-03-10T00:00:00Z,13511,VMKOA412G,VMK OPAQUE A4 12G,5,20.29,101.45
C95,2022-03-10T00:00:00Z,13517,VMKOB112G,VMK OPAQUE B1 12G,10,20.289,202.89
C95,2022-03-10T00:00:00Z,13757,VMKODA112G,VMK OPAQUE DENTINE A1 12G,40,20.2893,811.57
C95,2022-03-10T00:00:00Z,13763,VMKODA212G,VMK OPAQUE DENTINE A2 12G,85,20.2894,1724.6
C95,2022-03-10T00:00:00Z,13775,VMKODA312G,VMK OPAQUE DENTINE A3 12G,70,20.2894,1420.26
C95,2022-03-10T00:00:00Z,13769,VMKODA3.512G,VMK OPAQUE DENTINE A3.5 12G,30,20.2893,608.68
C95,2022-03-10T00:00:00Z,13271,VMKDA112G,VMK DENTINE A1 12G,200,20.2894,4057.88
C95,2022-03-10T00:00:00Z,13277,VMKDA212G,VMK DENTINE A2 12G,350,20.2894,7101.29
C95,2022-03-10T00:00:00Z,13289,VMKDA312G,VMK DENTINE A3 12G,280,20.2894,5681.032
C95,2022-03-10T00:00:00Z,13283,VMKDA3.512G,VMK DENTINE A3.5 12G,75,20.2893,1521.7
C95,2022-03-10T00:00:00Z,13295,VMKDA412G,VMK DENTINE A4 12G,10,20.289,202.89
C95,2022-03-10T00:00:00Z,13301,VMKDB112G,VMK DENTINE B1 12G,70,20.2894,1420.26
C95,2022-03-10T00:00:00Z,13307,VMKDB212G,VMK DENTINE B2 12G,70,20.2894,1420.26
C95,2022-03-10T00:00:00Z,13313,VMKDB312G,VMK DENTINE B3 12G,50,20.2894,1014.47
C95,2022-03-10T00:00:00Z,13319,VMKDB412G,VMK DENTINE B4 12G,10,20.289,202.89
C95,2022-03-10T00:00:00Z,13325,VMKDC112G,VMK DENTINE C1 12G,10,20.289,202.89
C95,2022-03-10T00:00:00Z,13331,VMKDC212G,VMK DENTINE C2 12G,10,20.289,202.89
C95,2022-03-10T00:00:00Z,13337,VMKDC312G,VMK DENTINE C3 12G,10,20.289,202.89
C95,2022-03-10T00:00:00Z,13343,VMKDC412G,VMK DENTINE C4 12G,5,20.29,101.45
C95,2022-03-10T00:00:00Z,13349,VMKDD212G,VMK DENTINE D2 12G,6,20.29,121.74
C95,2022-03-10T00:00:00Z,13355,VMKDD312G,VMK DENTINE D3 12G,6,20.29,121.74
C95,2022-03-10T00:00:00Z,13871,VMKOP112G,VMK OPAQUE OP1 12G,40,20.2893,811.57
C95,2022-03-10T00:00:00Z,13877,VMKOP212G,VMK OPAQUE OP2 12G,80,20.2894,1623.15
C95,2022-03-10T00:00:00Z,13883,VMKOP312G,VMK OPAQUE OP3 12G,50,20.2894,1014.47
C95,2022-03-10T00:00:00Z,13889,VMKOP412G,VMK OPAQUE OP4 12G,10,20.289,202.89
C95,2022-03-10T00:00:00Z,13583,VMKOD1M112G,VMK OPAQUE DENTINE 1M1 12G,5,20.29,101.45
C95,2022-03-10T00:00:00Z,13589,VMKOD1M212G,VMK OPAQUE DENTINE 1M2 12G,5,20.29,101.45
C95,2022-03-10T00:00:00Z,13601,VMKOD2L1.512G,VMK OPAQUE DENTINE 2L1.5 12G,15,20.2893,304.34
C95,2022-03-10T00:00:00Z,13607,VMKOD2L2.512G,VMK OPAQUE DENTINE 2L2.5 12G,10,20.289,202.89
C95,2022-03-10T00:00:00Z,13613,VMKOD2M112G,VMK OPAQUE DENTINE 2M1 12G,20,20.2895,405.79
C95,2022-03-10T00:00:00Z,13619,VMKOD2M212G,VMK OPAQUE DENTINE 2M2 12G,50,20.2894,1014.47
C95,2022-03-10T00:00:00Z,13625,VMKOD2M312G,VMK OPAQUE DENTINE 2M3 12G,3,20.29,60.87
C95,2022-03-10T00:00:00Z,13631,VMKOD2R1.512G,VMK OPAQUE DENTINE 2R1.5 12G,10,20.289,202.89
C95,2022-03-10T00:00:00Z,13637,VMKOD2R2.512G,VMK OPAQUE DENTINE 2R2.5 12G,10,20.289,202.89
C95,2022-03-10T00:00:00Z,13649,VMKOD3L1.512G,VMK OPAQUE DENTINE 3L1.5 12G,5,20.29,101.45
C95,2022-03-10T00:00:00Z,13655,VMKOD3L2.512G,VMK OPAQUE DENTINE 3L2.5 12G,10,20.289,202.89
C95,2022-03-10T00:00:00Z,13661,VMKOD3M112G,VMK OPAQUE DENTINE 3M1 12G,10,20.289,202.89
C95,2022-03-10T00:00:00Z,13667,VMKOD3M212G,VMK OPAQUE DENTINE 3M2 12G,55,20.2893,1115.91
C95,2022-03-10T00:00:00Z,13673,VMKOD3M312G,VMK OPAQUE DENTINE 3M3 12G,10,20.289,202.89
C95,2022-03-10T00:00:00Z,13679,VMKOD3R1.512G,VMK OPAQUE DENTINE 3R1.5 12G,11,20.2891,223.18
C95,2022-03-10T00:00:00Z,13685,VMKOD3R2.512G,VMK OPAQUE DENTINE 3R2.5 12G,10,20.289,202.89
C95,2022-03-10T00:00:00Z,13709,VMKOD4M112G,VMK OPAQUE DENTINE 4M1 12G,5,20.29,101.45
C95,2022-03-10T00:00:00Z,13715,VMKOD4M212G,VMK OPAQUE DENTINE 4M2 12G,5,20.29,101.45
C95,2022-03-10T00:00:00Z,13733,VMKOD4R2.512G,VMK OPAQUE DENTINE 4R2.5 12G,5,20.29,101.45
C95,2022-03-10T00:00:00Z,13097,VMKD0M112G,VMK DENTINE 0M1 12G,10,20.289,202.89
C95,2022-03-10T00:00:00Z,13103,VMKD0M212G,VMK DENTINE 0M2 12G,10,20.289,202.89
C95,2022-03-10T00:00:00Z,13115,VMKD1M112G,VMK DENTINE 1M1 12G,10,20.289,202.89
C95,2022-03-10T00:00:00Z,13121,VMKD1M212G,VMK DENTINE 1M2 12G,10,20.289,202.89
C95,2022-03-10T00:00:00Z,13127,VMKD2L1.512G,VMK DENTINE 2L1.5 12G,35,20.2894,710.13
C95,2022-03-10T00:00:00Z,13133,VMKD2L2.512G,VMK DENTINE 2L2.5 12G,30,20.2893,608.68
C95,2022-03-10T00:00:00Z,13139,VMKD2M112G,VMK DENTINE 2M1 12G,80,20.2894,1623.15
C95,2022-03-10T00:00:00Z,13145,VMKD2M212G,VMK DENTINE 2M2 12G,300,20.2894,6086.82
C95,2022-03-10T00:00:00Z,13151,VMKD2M312G,VMK DENTINE 2M3 12G,20,20.2895,405.79
C95,2022-03-10T00:00:00Z,13157,VMKD2R1.512G,VMK DENTINE 2R1.5 12G,20,20.2895,405.79
C95,2022-03-10T00:00:00Z,13163,VMKD2R2.512G,VMK DENTINE 2R2.5 12G,25,20.2892,507.23
C95,2022-03-10T00:00:00Z,13169,VMKD3L1.512G,VMK DENTINE 3L1.5 12G,50,20.2894,1014.47
C95,2022-03-10T00:00:00Z,13175,VMKD3L2.512G,VMK DENTINE 3L2.5 12G,50,20.2894,1014.47
C95,2022-03-10T00:00:00Z,13181,VMKD3M112G,VMK DENTINE 3M1 12G,50,20.2894,1014.47
C95,2022-03-10T00:00:00Z,13187,VMKD3M212G,VMK DENTINE 3M2 12G,150,20.2893,3043.395
C95,2022-03-10T00:00:00Z,13193,VMKD3M312G,VMK DENTINE 3M3 12G,25,20.2892,507.23
C95,2022-03-10T00:00:00Z,13199,VMKD3R1.512G,VMK DENTINE 3R1.5 12G,80,20.2894,1623.15
C95,2022-03-10T00:00:00Z,13205,VMKD3R2.512G,VMK DENTINE 3R2.5 12G,70,20.2894,1420.26
C95,2022-03-10T00:00:00Z,13211,VMKD4L1.512G,VMK DENTINE 4L1.5 12G,10,20.289,202.89
C95,2022-03-10T00:00:00Z,13217,VMKD4L2.512G,VMK DENTINE 4L2.5 12G,5,20.29,101.45
C95,2022-03-10T00:00:00Z,13223,VMKD4M112G,VMK DENTINE 4M1 12G,15,20.2893,304.34
C95,2022-03-10T00:00:00Z,13229,VMKD4M212G,VMK DENTINE 4M2 12G,5,20.29,101.45
C95,2022-03-10T00:00:00Z,13241,VMKD4R1.512G,VMK DENTINE 4R1.5 12G,5,20.29,101.45
C95,2022-03-10T00:00:00Z,13247,VMKD4R2.512G,VMK DENTINE 4R2.5 12G,5,20.29,101.45
C95,2022-03-10T00:00:00Z,13253,VMKD5M112G,VMK DENTINE 5M1 12G,5,20.29,101.45
C95,2022-03-10T00:00:00Z,13259,VMKD5M212G,VMK DENTINE 5M2 12G,5,20.29,101.45
C95,2022-03-10T00:00:00Z,13265,VMKD5M312G,VMK DENTINE 5M3 12G,5,20.29,101.45
C95,2022-03-10T00:00:00Z,13916,VMKT112G,VMK TRANSLUCENT T1 12G,10,20.289,202.89
C95,2022-03-10T00:00:00Z,13919,VMKT212G,VMK TRANSLUCENT T2 12G,10,20.289,202.89
C95,2022-03-10T00:00:00Z,13925,VMKT412G,VMK TRANSLUCENT T4 12G,100,20.2894,2028.94
C95,2022-03-10T00:00:00Z,13931,VMKT512G,VMK TRANSLUCENT T5 12G,10,20.289,202.89
C95,2022-03-10T00:00:00Z,13952,VMKWO12G,VMK WASH OPAQUE WO 12G,20,20.2895,405.79
C95,2022-03-10T00:00:00Z,13391,VMKEN112G,VMK ENAMEL EN1 12G,400,20.2894,8115.76
C95,2022-03-10T00:00:00Z,13397,VMKEN212G,VMK ENAMEL EN2 12G,300,20.2894,6086.82
C95,2022-03-10T00:00:00Z,13403,VMKEN312G,VMK ENAMEL EN3 12G,50,20.2894,1014.47
C95,2022-03-10T00:00:00Z,13946,VMKWIN12G,VMK WINDOW WIN 12G,35,20.2894,710.13
C95,2022-03-10T00:00:00Z,13430,VMKGOL,VMK GINGIVA OPAQUE GOL,5,20.29,101.45
C95,2022-03-10T00:00:00Z,13427,VMKGOD,VMK GINGIVA OPAQUE GOD,5,20.29,101.45
C95,2022-03-10T00:00:00Z,13472,VMKN1,VMK NECK N1,20,20.2895,405.79
C95,2022-03-10T00:00:00Z,13475,VMKN2,VMK NECK N2,20,20.2895,405.79
C95,2022-03-10T00:00:00Z,13478,VMKN3,VMK NECK N3,10,20.289,202.89
C95,2022-03-10T00:00:00Z,13490,VMKOA150G,VMK OPAQUE A1 50G,5,69.966,349.83
C95,2022-03-10T00:00:00Z,13496,VMKOA250G,VMK OPAQUE A2 50G,20,69.9665,1399.33
C95,2022-03-10T00:00:00Z,13508,VMKOA350G,VMK OPAQUE A3 50G,15,69.9667,1049.5
C95,2022-03-10T00:00:00Z,13502,VMKOA3.550G,VMK OPAQUE A3.5 50G,5,69.966,349.83
C95,2022-03-10T00:00:00Z,13514,VMKOA450G,VMK OPAQUE A4 50G,2,69.965,139.93
C95,2022-03-10T00:00:00Z,13520,VMKOB150G,VMK OPAQUE B1 50G,2,69.965,139.93
C95,2022-03-10T00:00:00Z,13526,VMKOB250G,VMK OPAQUE B2 50G,3,69.9667,209.9
C95,2022-03-10T00:00:00Z,13532,VMKOB350G,VMK OPAQUE B3 50G,2,69.965,139.93
C95,2022-03-10T00:00:00Z,13538,VMKOB450G,VMK OPAQUE B4 50G,2,69.965,139.93
C95,2022-03-10T00:00:00Z,13544,VMKOC150G,VMK OPAQUE C1 50G,2,69.965,139.93
C95,2022-03-10T00:00:00Z,13550,VMKOC250G,VMK OPAQUE C2 50G,2,69.965,139.93
C95,2022-03-10T00:00:00Z,13556,VMKOC350G,VMK OPAQUE C3 50G,2,69.965,139.93
C95,2022-03-10T00:00:00Z,13562,VMKOC450G,VMK OPAQUE C4 50G,2,69.965,139.93
C95,2022-03-10T00:00:00Z,13760,VMKODA150G,VMK OPAQUE DENTINE A1 50G,5,69.966,349.83
C95,2022-03-10T00:00:00Z,13766,VMKODA250G,VMK OPAQUE DENTINE A2 50G,10,69.967,699.67
C95,2022-03-10T00:00:00Z,13778,VMKODA350G,VMK OPAQUE DENTINE A3 50G,5,69.966,349.83
C95,2022-03-10T00:00:00Z,13772,VMKODA3.550G,VMK OPAQUE DENTINE A3.5 50G,2,69.965,139.93
C95,2022-03-10T00:00:00Z,13274,VMKDA150G,VMK DENTINE A1 50G,20,69.9665,1399.33
C95,2022-03-10T00:00:00Z,13280,VMKDA250G,VMK DENTINE A2 50G,50,69.9668,3498.34
C95,2022-03-10T00:00:00Z,13292,VMKDA350G,VMK DENTINE A3 50G,40,69.9668,2798.67
C95,2022-03-10T00:00:00Z,13286,VMKDA3.550G,VMK DENTINE A3.5 50G,10,69.967,699.67
C95,2022-03-10T00:00:00Z,13298,VMKDA450G,VMK DENTINE A4 50G,5,69.966,349.83
C95,2022-03-10T00:00:00Z,13304,VMKDB150G,VMK DENTINE B1 50G,10,69.967,699.67
C95,2022-03-10T00:00:00Z,13310,VMKDB250G,VMK DENTINE B2 50G,10,69.967,699.67
C95,2022-03-10T00:00:00Z,13316,VMKDB350G,VMK DENTINE B3 50G,10,69.967,699.67
C95,2022-03-10T00:00:00Z,13322,VMKDB450G,VMK DENTINE B4 50G,2,69.965,139.93
C95,2022-03-10T00:00:00Z,13328,VMKDC150G,VMK DENTINE C1 50G,2,69.965,139.93
C95,2022-03-10T00:00:00Z,13334,VMKDC250G,VMK DENTINE C2 50G,3,69.9667,209.9
C95,2022-03-10T00:00:00Z,13340,VMKDC350G,VMK DENTINE C3 50G,3,69.9667,209.9
C95,2022-03-10T00:00:00Z,13346,VMKDC450G,VMK DENTINE C4 50G,2,69.965,139.93
C95,2022-03-10T00:00:00Z,13352,VMKDD250G,VMK DENTINE D2 50G,2,69.965,139.93
C95,2022-03-10T00:00:00Z,13358,VMKDD350G,VMK DENTINE D3 50G,2,69.965,139.93
C95,2022-03-10T00:00:00Z,13364,VMKDD450G,VMK DENTINE D4 50G,2,69.965,139.93
C95,2022-03-10T00:00:00Z,13868,VMKOP050G,VMK OPAQUE OP0 50G,10,69.967,699.67
C95,2022-03-10T00:00:00Z,13874,VMKOP150G,VMK OPAQUE OP1 50G,5,69.966,349.83
C95,2022-03-10T00:00:00Z,13880,VMKOP250G,VMK OPAQUE OP2 50G,10,69.967,699.67
C95,2022-03-10T00:00:00Z,13604,VMKOD2L1.550G,VMK OPAQUE DENTINE 2L1.5 50G,2,69.965,139.93
C95,2022-03-10T00:00:00Z,13610,VMKOD2L2.550G,VMK OPAQUE DENTINE 2L2.5 50G,2,69.965,139.93
C95,2022-03-10T00:00:00Z,13616,VMKOD2M150G,VMK OPAQUE DENTINE 2M1 50G,5,69.966,349.83
C95,2022-03-10T00:00:00Z,13622,VMKOD2M250G,VMK OPAQUE DENTINE 2M2 50G,10,69.967,699.67
C95,2022-03-10T00:00:00Z,13628,VMKOD2M350G,VMK OPAQUE DENTINE 2M3 50G,2,69.965,139.93
C95,2022-03-10T00:00:00Z,13652,VMKOD3L1.550G,VMK OPAQUE DENTINE 3L1.5 50G,2,69.965,139.93
C95,2022-03-10T00:00:00Z,13658,VMKOD3L2.550G,VMK OPAQUE DENTINE 3L2.5 50G,2,69.965,139.93
C95,2022-03-10T00:00:00Z,13664,VMKOD3M150G,VMK OPAQUE DENTINE 3M1 50G,2,69.965,139.93
C95,2022-03-10T00:00:00Z,13676,VMKOD3M350G,VMK OPAQUE DENTINE 3M3 50G,2,69.965,139.93
C95,2022-03-10T00:00:00Z,13682,VMKOD3R1.550G,VMK OPAQUE DENTINE 3R1.5 50G,2,69.965,139.93
C95,2022-03-10T00:00:00Z,13688,VMKOD3R2.550G,VMK OPAQUE DENTINE 3R2.5 50G,2,69.965,139.93
C95,2022-03-10T00:00:00Z,13118,VMKD1M150G,VMK DENTINE 1M1 50G,5,69.966,349.83
C95,2022-03-10T00:00:00Z,13124,VMKD1M250G,VMK DENTINE 1M2 50G,5,69.966,349.83
C95,2022-03-10T00:00:00Z,13130,VMKD2L1.550G,VMK DENTINE 2L1.5 50G,5,69.966,349.83
C95,2022-03-10T00:00:00Z,13148,VMKD2M250G,VMK DENTINE 2M2 50G,50,69.9668,3498.34
C95,2022-03-10T00:00:00Z,13154,VMKD2M350G,VMK DENTINE 2M3 50G,7,69.9671,489.77
C95,2022-03-10T00:00:00Z,13166,VMKD2R2.550G,VMK DENTINE 2R2.5 50G,5,69.966,349.83
C95,2022-03-10T00:00:00Z,13172,VMKD3L1.550G,VMK DENTINE 3L1.5 50G,5,69.966,349.83
C95,2022-03-10T00:00:00Z,13178,VMKD3L2.550G,VMK DENTINE 3L2.5 50G,10,69.967,699.67
C95,2022-03-10T00:00:00Z,13184,VMKD3M150G,VMK DENTINE 3M1 50G,5,69.966,349.83
C95,2022-03-10T00:00:00Z,13190,VMKD3M250G,VMK DENTINE 3M2 50G,25,69.9668,1749.17
C95,2022-03-10T00:00:00Z,13196,VMKD3M350G,VMK DENTINE 3M3 50G,5,69.966,349.83
C95,2022-03-10T00:00:00Z,13202,VMKD3R1.550G,VMK DENTINE 3R1.5 50G,10,69.967,699.67
C95,2022-03-10T00:00:00Z,13208,VMKD3R2.550G,VMK DENTINE 3R2.5 50G,10,69.967,699.67
C95,2022-03-10T00:00:00Z,13226,VMKD4M150G,VMK DENTINE 4M1 50G,2,69.965,139.93
C95,2022-03-10T00:00:00Z,13232,VMKD4M250G,VMK DENTINE 4M2 50G,2,69.965,139.93
C95,2022-03-10T00:00:00Z,13244,VMKD4R1.550G,VMK DENTINE 4R1.5 50G,2,69.965,139.93
C95,2022-03-10T00:00:00Z,13250,VMKD4R2.550G,VMK DENTINE 4R2.5 50G,2,69.965,139.93
C95,2022-03-10T00:00:00Z,13256,VMKD5M150G,VMK DENTINE 5M1 50G,2,69.965,139.93
C95,2022-03-10T00:00:00Z,13262,VMKD5M250G,VMK DENTINE 5M2 50G,2,69.965,139.93
C95,2022-03-10T00:00:00Z,13268,VMKD5M350G,VMK DENTINE 5M3 50G,2,69.965,139.93
C95,2022-03-10T00:00:00Z,13955,VMKWO50G,VMK WASH OPAQUE WO 50G,15,69.9667,1049.5
C95,2022-03-10T00:00:00Z,13394,VMKEN150G,VMK ENAMEL EN1 50G,80,69.9668,5597.34
C95,2022-03-10T00:00:00Z,13400,VMKEN250G,VMK ENAMEL EN2 50G,40,69.9668,2798.67
C95,2022-03-10T00:00:00Z,13406,VMKEN350G,VMK ENAMEL EN3 50G,5,69.966,349.83
C95,2022-03-10T00:00:00Z,13904,VMKPLT1,VMK PEARL TRANSLUCENT PLT1,30,23.4773,704.32
C95,2022-03-10T00:00:00Z,13901,VMKOT1,VMK OPAL TRANSLUCENT OT1,40,23.4773,939.09
C95,2022-03-10T00:00:00Z,13409,VMKG1,VMK GINGIVA G1,20,23.477,469.54
C95,2022-03-10T00:00:00Z,13412,VMKG2,VMK GINGIVA G2,20,23.477,469.54
C95,2022-03-10T00:00:00Z,13415,VMKG3,VMK GINGIVA G3,10,23.477,234.77
C95,2022-03-10T00:00:00Z,13418,VMKG4,VMK GINGIVA G4 12G,5,23.478,117.39
C95,2022-03-10T00:00:00Z,13421,VMKG5,VMK GINGIVA G5 12G,5,23.478,117.39
C95,2022-03-10T00:00:00Z,13451,VMKM1,VMK MARGIN M1,20,23.477,469.54
C95,2022-03-10T00:00:00Z,13454,VMKM2,VMK MARGIN M2,20,23.477,469.54
C95,2022-03-10T00:00:00Z,13457,VMKM3,VMK MARGIN M3,20,23.477,469.54
C95,2022-03-10T00:00:00Z,13460,VMKM4,VMK MARGIN M4,10,23.477,234.77
C95,2022-03-10T00:00:00Z,13463,VMKM5,VMK MARGIN M5,10,23.477,234.77
C95,2022-03-10T00:00:00Z,13367,VMKDM1,VMK DENTINE MODIFIER DM1,5,23.478,117.39
C95,2022-03-10T00:00:00Z,13370,VMKDM2,VMK DENTINE MODIFIER DM2,5,23.478,117.39
C95,2022-03-10T00:00:00Z,13373,VMKDM3,VMK DENTINE MODIFIER DM3,5,23.478,117.39
C95,2022-03-10T00:00:00Z,13376,VMKDM4,VMK DENTINE MODIFIER DM4,5,23.478,117.39
C95,2022-03-10T00:00:00Z,13082,VMKCE1,VMK CERVICAL CE1,10,23.477,234.77
C95,2022-03-10T00:00:00Z,13085,VMKCE2,VMK CERVICAL CE2,10,23.477,234.77
C95,2022-03-10T00:00:00Z,13088,VMKCE3,VMK CERVICAL CE3,10,23.477,234.77
C95,2022-03-10T00:00:00Z,13091,VMKCOR1,VMK CORRECTIVE COR1,5,23.478,117.39
C95,2022-03-10T00:00:00Z,13094,VMKCOR2,VMK CORRECTIVE COR2,5,23.478,117.39
C95,2022-03-10T00:00:00Z,13433,VMKLM1,VMK LUMINARY LM1,30,58.311,1749.33
C95,2022-03-10T00:00:00Z,13436,VMKLM2,VMK LUMINARY LM2,30,58.311,1749.33
C95,2022-03-10T00:00:00Z,13439,VMKLM3,VMK LUMINARY LM3,10,58.311,583.11
C95,2022-03-10T00:00:00Z,14048,VMLCBDA24G,VMLC BASE DENTINE A2 4G,5,51.87,259.35
C95,2022-03-10T00:00:00Z,14054,VMLCBDA34G,VMLC BASE DENTINE A3 4G,5,51.87,259.35
C95,2022-03-10T00:00:00Z,14183,VMLCENL4G,VMLC ENAMEL ENL 4G,5,51.87,259.35
C95,2022-03-10T00:00:00Z,14261,VMLCPT17,VMLC PAINT PT17,5,33.04,165.2
C95,2022-03-10T00:00:00Z,14276,VMLCPT9,VMLC PAINT PT9,5,33.04,165.2
C95,2022-03-10T00:00:00Z,8444,MODFLUVMK50ML,"MODELLING FLUID (NARANJA, VMK) 50ML",120,15.3748,1844.976
C95,2022-03-10T00:00:00Z,8441,BMF250,"MODELLING FLUID (NARANJA, VMK) 250ML",30,60.1043,1803.13
C95,2022-03-10T00:00:00Z,11288,TRIFORA1CTF14,TRILUXE FORTE A1C TF14,15,136.5793,2048.69
C95,2022-03-10T00:00:00Z,11291,TRIFORA2CTF14,TRILUXE FORTE A2C TF14,15,136.5793,2048.69
C95,2022-03-10T00:00:00Z,11294,TRIFORA3CTF14,TRILUXE FORTE A3C TF14,15,136.5793,2048.69
C95,2022-03-10T00:00:00Z,83862,FIRTRAG,FIRING TRAY G 2 TRAYS  (52 HOLES) 20 PINS,20,82.552,1651.04
C95,2022-03-10T00:00:00Z,5798,COLLINGUI3DM,COLORIMETRO LINEARGUIDE 3D MASTER,25,274.8528,6871.32
C97,2022-03-10T00:00:00Z,14279,VMLCSEP30ML,VMLC SEPARADOR 30ML,20,8.3395,166.79
C96,2022-03-10T00:00:00Z,8474,OPAFLUVM1350ML,"VM OPAQUE FLUID (BLANCO, VM.13, 11) 50ML",15,106.9487,1604.23
C96,2022-03-10T00:00:00Z,13859,VMKONECOLKITA2,VMK ONE COLOR KIT A2,50,1092.098,54604.9
C96,2022-03-10T00:00:00Z,8480,OPAFLUVMK50ML,"OPAQUE FLUID (AMARILLO, VMK) 50ML",85,109.0685,9270.82
C96,2022-03-10T00:00:00Z,8477,OPAFLUVMK250ML,"OPAQUE FLUID (AMARILLO, VMK) 250ML",15,426.38,6395.7
C93,2022-03-11T00:00:00Z,97247,4682-52,COMPRESOR QUATRRO TANDEM CON 2 SECADORES,1,167460.14,167460.14
C94,2022-03-16T00:00:00Z,97253,115706,PLACA DE CIRCUITO SMARTMIX C2,1,10598.42,10598.42
C94,2022-03-16T00:00:00Z,97260,179114,NO PLAST SPLITEX,1,6382.56,6382.56
C90,2022-03-19T00:00:00Z,97167,766021,DISCO CERAMILL ZOLID HT + WHITE 98 X 12,13,2741.8492,35644.04
C90,2022-03-19T00:00:00Z,97157,766160,DISCO CERAMILL ZOLID HT + PS A1 98 X 16,30,3300.3737,99011.21100000001
C90,2022-03-19T00:00:00Z,4652,179250NS,FRESADORA MOTION 2 179250NS,3,321115.4867,963346.4601
C90,2022-03-19T00:00:00Z,4373,761781,DISCO CERAMILL ZOLID FX ML A2/A3 98 X 16 N,38,4028.1484,153069.6392
C90,2022-03-19T00:00:00Z,4436,766024,DISCO CERAMILL ZOLID HT + WHITE 98 X 18,29,3655.7986,106018.1594
C90,2022-03-19T00:00:00Z,92443,766819,DISCO ZOLID GEN X A1 98 X 16,43,3841.9735,165204.8605
C90,2022-03-19T00:00:00Z,4238,760662,FRESA ROTO RFID 0.6 ZI DM,50,1235.5246,61776.23
C90,2022-03-19T00:00:00Z,4241,760663,FRESA ROTO RFID 0.3 ZI,12,1235.5242,14826.29
C90,2022-03-19T00:00:00Z,4235,760661,FRESA ROTO RFID 1.0 ZI DM,100,1235.5245,123552.45
C90,2022-03-19T00:00:00Z,96157,179295,WERKSTÜCKHALTERUNG 98 (4X),2,10148.23,20296.46
C90,2022-03-19T00:00:00Z,3695,179294,SOPORTE PARA PIEZAS DE TRABAJO 98 MOTION 2 5X,2,10148.23,20296.46
C90,2022-03-19T00:00:00Z,96744,761086,DISCO A SPLINT 98 X 20 PMMA,25,812.3996,20309.99
C90,2022-03-19T00:00:00Z,4274,761045,DISCO CERAMILL A TEMP ML A2/A3 71 X 20,38,1506.3245,57240.33
C90,2022-03-19T00:00:00Z,4265,761041,DISCO CERAMILL A TEMP ML 0/A1 71 X 16,38,1235.5247,46949.94
C90,2022-03-19T00:00:00Z,4268,761042,DISCO CERAMILL A TEMP ML 0/A1 71 X 20,38,1506.3245,57240.33
C90,2022-03-19T00:00:00Z,4466,766828,DISCO ZOLID GEN X A2 98 X 16 ZRO2,44,3841.9734,169046.8296
C90,2022-03-19T00:00:00Z,97154,766810,DISCO ZOLID GEN X BL3 98 X 16,44,3841.9734,169046.8296
C90,2022-03-19T00:00:00Z,4232,760660,FRESA ROTO RFID 2.5 ZI DM,75,1235.5245,92664.3375
C90,2022-03-19T00:00:00Z,92443,766819,DISCO ZOLID GEN X A1 98 X 16,44,3841.9734,169046.8296
C90,2022-03-19T00:00:00Z,96752,115700,SMARTMIX X2,5,23923.478,119617.39
C90,2022-03-19T00:00:00Z,3959,576450,GIROFORM PINS 1000PCS,13,359.0523,4667.68
C90,2022-03-19T00:00:00Z,3977,576720,GIROFORM CLASSIC L 100PCS,19,761.6247,14470.87
C90,2022-03-19T00:00:00Z,4244,760676,FRESA DIAMOND RFID 1.8 DM,62,710.8498,44072.69
C90,2022-03-19T00:00:00Z,4247,760677,FRESA DIAMOND RFID 1.4 DM,62,676.9998,41973.99
C90,2022-03-19T00:00:00Z,4250,760678,"FRESA DIAMOND RFID 1,0 DM",50,676.9998,33849.99
C90,2022-03-19T00:00:00Z,4253,760679,FRESA ROTO RFID 0.4 DM,6,677.0,4062.0
C90,2022-03-19T00:00:00Z,92431,760680,FRESA ROTO RFID 2.5 SC,19,1218.5995,23153.39
C90,2022-03-19T00:00:00Z,92435,760681,FRESA ROTO RFID 1.0  SC DM,12,1218.5992,14623.19
C90,2022-03-19T00:00:00Z,3797,216235,CONTRA PLACA SPLITEX CLASSIC PLACAS DE R,3,1878.6733,5636.02
C90,2022-03-19T00:00:00Z,3977,576720,GIROFORM CLASSIC L 100PCS,19,761.6247,14470.87
C90,2022-03-19T00:00:00Z,3959,576450,GIROFORM PINS 1000PCS,12,359.0517,4308.62
C90,2022-03-19T00:00:00Z,96752,115700,SMARTMIX X2,4,23923.4775,95693.91
C90,2022-03-19T00:00:00Z,97154,766810,DISCO ZOLID GEN X BL3 98 X 16,44,3841.9734,169046.8296
C90,2022-03-19T00:00:00Z,4466,766828,DISCO ZOLID GEN X A2 98 X 16 ZRO2,44,3841.9734,169046.8296
C90,2022-03-19T00:00:00Z,4268,761042,DISCO CERAMILL A TEMP ML 0/A1 71 X 20,37,1506.3243,55734.0
C90,2022-03-19T00:00:00Z,4265,761041,DISCO CERAMILL A TEMP ML 0/A1 71 X 16,37,1235.5246,45714.41
C90,2022-03-19T00:00:00Z,4274,761045,DISCO CERAMILL A TEMP ML A2/A3 71 X 20,37,1506.3243,55734.0
C90,2022-03-19T00:00:00Z,96744,761086,DISCO A SPLINT 98 X 20 PMMA,25,812.3996,20309.99
C90,2022-03-19T00:00:00Z,3695,179294,SOPORTE PARA PIEZAS DE TRABAJO 98 MOTION 2 5X,2,10148.23,20296.46
C90,2022-03-19T00:00:00Z,96157,179295,WERKSTÜCKHALTERUNG 98 (4X),2,10148.23,20296.46
C90,2022-03-19T00:00:00Z,3797,216235,CONTRA PLACA SPLITEX CLASSIC PLACAS DE R,3,1878.6733,5636.02
C90,2022-03-19T00:00:00Z,92435,760681,FRESA ROTO RFID 1.0  SC DM,13,1218.5992,15841.79
C90,2022-03-19T00:00:00Z,92431,760680,FRESA ROTO RFID 2.5 SC,19,1218.5995,23153.39
C90,2022-03-19T00:00:00Z,4253,760679,FRESA ROTO RFID 0.4 DM,6,677.0,4062.0
C90,2022-03-19T00:00:00Z,4250,760678,"FRESA DIAMOND RFID 1,0 DM",50,676.9998,33849.99
C90,2022-03-19T00:00:00Z,4247,760677,FRESA DIAMOND RFID 1.4 DM,63,676.9997,42650.98
C90,2022-03-19T00:00:00Z,4244,760676,FRESA DIAMOND RFID 1.8 DM,63,710.8497,44783.53
C90,2022-03-19T00:00:00Z,4241,760663,FRESA ROTO RFID 0.3 ZI,13,1235.5246,16061.82
C90,2022-03-19T00:00:00Z,4238,760662,FRESA ROTO RFID 0.6 ZI DM,50,1235.5246,61776.23
C90,2022-03-19T00:00:00Z,4232,760660,FRESA ROTO RFID 2.5 ZI DM,75,1235.5245,92664.3375
C90,2022-03-19T00:00:00Z,4235,760661,FRESA ROTO RFID 1.0 ZI DM,100,1235.5245,123552.45
C90,2022-03-19T00:00:00Z,4469,766864,DISCO ZOLID GEN X B1 98 X 16 ZRO2,43,3841.9735,165204.8605
C90,2022-03-19T00:00:00Z,4373,761781,DISCO CERAMILL ZOLID FX ML A2/A3 98 X 16 N,37,4028.1484,149041.4908
C90,2022-03-19T00:00:00Z,97167,766021,DISCO CERAMILL ZOLID HT + WHITE 98 X 12,12,2741.8483,32902.18
C90,2022-03-19T00:00:00Z,97164,766167,DISCO CERAMILL ZOLID HT + PS A2 98 X 16,22,3300.3736,72608.21919999999
C90,2022-03-19T00:00:00Z,97160,766166,DISCO CERAMILL ZOLID HT + PS A2 98 X 14,23,3029.5739,69680.1997
C90,2022-03-19T00:00:00Z,97157,766160,DISCO CERAMILL ZOLID HT + PS A1 98 X 16,62,3300.3737,204623.1694
C90,2022-03-19T00:00:00Z,4466,766828,DISCO ZOLID GEN X A2 98 X 16 ZRO2,43,3841.9735,165204.8605
C90,2022-03-19T00:00:00Z,96736,766195,DISCO CERAMILL ZOLID HT + PS B1 98 X 16,38,3300.3739,125414.20820000001
C90,2022-03-19T00:00:00Z,97154,766810,DISCO ZOLID GEN X BL3 98 X 16,43,3841.9735,165204.8605
C99,2022-03-22T00:00:00Z,97756,PN/03569,RESINA DENTABASE N1 1KG BOTTLE,2,3363.27,6726.54
C99,2022-03-22T00:00:00Z,95540,PN/03000,RESINA DENTAMODEL 1KG BOTTLE ,20,2354.2875,47085.75
C99,2022-03-22T00:00:00Z,85161,PN/02391,IMPRESORA 3D MAX UV 110-220V,3,160170.04,480510.12
C99,2022-03-22T00:00:00Z,97765,PN/04504,RESINA DENTAGUIDE 1KG BOTTLE,2,2354.29,4708.58
C99,2022-03-22T00:00:00Z,97759,PN/02502,10L MAX BUILD TRAY,5,3968.656,19843.28
C99,2022-03-22T00:00:00Z,89497,PN/02501,5L MAX BUILD TRAY,10,2892.411,28924.11
C99,2022-03-22T00:00:00Z,97753,PN/03808,RESINA DENTAGUM 500G BOTTLE,2,1681.635,3363.27
C101,2022-03-30T00:00:00Z,4571,5252100001,DURR DENTAL COMPRESOR DUO 110V CON UNIDAD DE SECADO,5,67253.438,336267.18999999994
C101,2022-03-30T00:00:00Z,4571,5252100001,DURR DENTAL COMPRESOR DUO 110V CON UNIDAD DE SECADO,8,67253.4363,538027.4904
C92,2022-04-04T00:00:00Z,97238,7151-02/002,BOMBA DE ASPIRACION VS250 S,1,27894.47,27894.47
C98,2022-04-06T00:00:00Z,8231,MFTT460M3,MFT T46 0M3,30,77.738,2332.14
C98,2022-04-06T00:00:00Z,8003,MFTPU332M2,MFT PU33 2M2,200,77.267,15453.4
C98,2022-04-06T00:00:00Z,7913,MFTPL332M2,MFT PL33 2M2,300,77.2669,23180.070000000003
C98,2022-04-06T00:00:00Z,7976,MFTPU313L1.5,MFT PU31 3L1.5,20,77.267,1545.34
C98,2022-04-06T00:00:00Z,8006,MFTPU333L1.5,MFT PU33 3L1.5,20,77.267,1545.34
C98,2022-04-06T00:00:00Z,8009,MFTPU333L2.5,MFT PU33 3L2.5,110,77.2669,8499.359
C98,2022-04-06T00:00:00Z,7919,MFTPL333L2.5,MFT PL33 3L2.5,70,77.267,5408.69
C98,2022-04-06T00:00:00Z,7982,MFTPU313M2,MFT PU31 3M2,250,77.267,19316.75
C98,2022-04-06T00:00:00Z,7892,MFTPL313M2,MFT PL31 3M2,160,77.2669,12362.704000000002
C98,2022-04-06T00:00:00Z,8012,MFTPU333M2,MFT PU33 3M2,450,77.267,34770.15
C98,2022-04-06T00:00:00Z,7922,MFTPL333M2,MFT PL33 3M2,300,77.2669,23180.070000000003
C98,2022-04-06T00:00:00Z,7985,MFTPU313R2.5,MFT PU31 3R2.5,80,77.2669,6181.35
C98,2022-04-06T00:00:00Z,7895,MFTPL313R2.5,MFT PL31 3R2.5,60,77.267,4636.02
C98,2022-04-06T00:00:00Z,8015,MFTPU333R2.5,MFT PU33 3R2.5,150,77.2669,11590.035000000002
C98,2022-04-06T00:00:00Z,7925,MFTPL333R2.5,MFT PL33 3R2.5,150,77.2669,11590.035000000002
C98,2022-04-06T00:00:00Z,7991,MFTPU330M3,MFT PU33 0M3,30,77.267,2318.01
C98,2022-04-06T00:00:00Z,7871,MFTPL310M3,MFT PL31 0M3,30,77.267,2318.01
C98,2022-04-06T00:00:00Z,7961,MFTPU310M3,MFT PU31 0M3,30,77.267,2318.01
C98,2022-04-06T00:00:00Z,8288,MFTT494M2,MFT T49 4M2,15,77.738,1166.07
C98,2022-04-06T00:00:00Z,8258,MFTT464M2,MFT T46 4M2,150,77.7381,11660.715
C98,2022-04-06T00:00:00Z,8078,MFTR454M2,MFT R45 4M2,15,77.738,1166.07
C98,2022-04-06T00:00:00Z,7745,MFTL403R2.5,MFT L40 3R2.5,45,77.738,3498.21
C98,2022-04-06T00:00:00Z,7910,MFTPL332M1,MFT PL33 2M1,100,77.267,7726.7
C98,2022-04-06T00:00:00Z,9977,PHYO1S2M2,PHYSIODENS O1S 2M2,15,296.818,4452.27
C98,2022-04-06T00:00:00Z,9779,PHYL5M2M2,PHYSIODENS L5M 2M2,15,296.818,4452.27
C98,2022-04-06T00:00:00Z,9923,PHYL8L2M2,PHYSIODENS L8L 2M2,15,296.818,4452.27
C98,2022-04-06T00:00:00Z,9626,PHYL2M2R2.5,PHYSIODENS L2M 2R2.5,15,296.818,4452.27
C98,2022-04-06T00:00:00Z,9938,PHYL8L3L2.5,PHYSIODENS L8L 3L2.5,15,296.818,4452.27
C98,2022-04-06T00:00:00Z,10295,PHYT1S3R2.5,PHYSIODENS T1S 3R2.5,15,296.818,4452.27
C98,2022-04-06T00:00:00Z,10349,PHYT2S3R2.5,PHYSIODENS T2S 3R2.5,15,296.818,4452.27
C98,2022-04-06T00:00:00Z,8111,MFTS470M3,MFT S47 0M3,15,77.738,1166.07
C98,2022-04-06T00:00:00Z,8141,MFTS500M3,MFT S50 0M3,15,77.738,1166.07
C98,2022-04-06T00:00:00Z,8264,MFTT491M1,MFT T49 1M1,30,77.738,2332.14
C98,2022-04-06T00:00:00Z,8084,MFTR471M1,MFT R47 1M1,30,77.738,2332.14
C98,2022-04-06T00:00:00Z,7601,MFTL330M3,MFT L33 0M3,33,77.7379,2565.35
C98,2022-04-06T00:00:00Z,7721,MFTL400M3,MFT L40 0M3,60,77.7382,4664.29
C98,2022-04-06T00:00:00Z,9806,PHYL5M3R2.5,PHYSIODENS L5M 3R2.5,15,296.818,4452.27
C98,2022-04-06T00:00:00Z,7901,MFTPL330M3,MFT PL33 0M3,30,77.267,2318.01
C98,2022-04-06T00:00:00Z,7970,MFTPU312M1,MFT PU31 2M1,60,77.267,4636.02
C98,2022-04-06T00:00:00Z,7850,MFTPL292M1,MFT PL29 2M1,75,77.2669,5795.02
C98,2022-04-06T00:00:00Z,7940,MFTPU292M1,MFT PU29 2M1,20,77.267,1545.34
C98,2022-04-06T00:00:00Z,7997,MFTPU332L1.5,MFT PU33 2L1.5,20,77.267,1545.34
C98,2022-04-06T00:00:00Z,7967,MFTPU312L1.5,MFT PU31 2L1.5,80,77.2669,6181.35
C98,2022-04-06T00:00:00Z,7994,MFTPU331M1,MFT PU33 1M1,50,77.2668,3863.34
C98,2022-04-06T00:00:00Z,7934,MFTPU291M1,MFT PU29 1M1,30,77.267,2318.01
C98,2022-04-06T00:00:00Z,9614,PHYL2M2M1,PHYSIODENS L2M 2M1,15,296.818,4452.27
C98,2022-04-06T00:00:00Z,9776,PHYL5M2M1,PHYSIODENS L5M 2M1,15,296.818,4452.27
C98,2022-04-06T00:00:00Z,9824,PHYL6L2M1,PHYSIODENS L6L 2M1,15,296.818,4452.27
C98,2022-04-06T00:00:00Z,7724,MFTL401M1,MFT L40 1M1,30,77.738,2332.14
C98,2022-04-06T00:00:00Z,7697,MFTL37LN2L1.5,MFT L37LN 2L1.5,15,77.738,1166.07
C98,2022-04-06T00:00:00Z,8240,MFTT462M1,MFT T46 2M1,135,77.7381,10494.6435
C98,2022-04-06T00:00:00Z,8270,MFTT492M1,MFT T49 2M1,30,77.738,2332.14
C98,2022-04-06T00:00:00Z,7640,MFTL342M1,MFT L34 2M1,75,77.738,5830.35
C98,2022-04-06T00:00:00Z,7670,MFTL372M1,MFT L37 2M1,120,77.7381,9328.572
C98,2022-04-06T00:00:00Z,7700,MFTL37LN2M1,MFT L37LN 2M1,60,77.7382,4664.29
C98,2022-04-06T00:00:00Z,7730,MFTL402M1,MFT L40 2M1,30,77.738,2332.14
C98,2022-04-06T00:00:00Z,8153,MFTS502M2,MFT S50 2M2,30,77.738,2332.14
C98,2022-04-06T00:00:00Z,8243,MFTT462M2,MFT T46 2M2,45,77.738,3498.21
C98,2022-04-06T00:00:00Z,7673,MFTL372M2,MFT L37 2M2,105,77.7381,8162.5005
C98,2022-04-06T00:00:00Z,7703,MFTL37LN2M2,MFT L37LN 2M2,75,77.738,5830.35
C98,2022-04-06T00:00:00Z,7733,MFTL402M2,MFT L40 2M2,120,77.7381,9328.572
C98,2022-04-06T00:00:00Z,7679,MFTL373L2.5,MFT L37 3L2.5,30,77.738,2332.14
C98,2022-04-06T00:00:00Z,8072,MFTR453M2,MFT R45 3M2,30,77.738,2332.14
C98,2022-04-06T00:00:00Z,8162,MFTS503M2,MFT S50 3M2,210,77.738,16324.98
C98,2022-04-06T00:00:00Z,8252,MFTT463M2,MFT T46 3M2,45,77.738,3498.21
C98,2022-04-06T00:00:00Z,8282,MFTT493M2,MFT T49 3M2,30,77.738,2332.14
C98,2022-04-06T00:00:00Z,7742,MFTL403M2,MFT L40 3M2,30,77.738,2332.14
C98,2022-04-06T00:00:00Z,8075,MFTR453R2.5,MFT R45 3R2.5,75,77.738,5830.35
C98,2022-04-06T00:00:00Z,10817,PHYX2L2M1,PHYSIODENS X2L 2M1,15,296.818,4452.27
C98,2022-04-06T00:00:00Z,8105,MFTR473R2.5,MFT R47 3R2.5,15,77.738,1166.07
C98,2022-04-06T00:00:00Z,8135,MFTS473R2.5,MFT S47 3R2.5,30,77.738,2332.14
C98,2022-04-06T00:00:00Z,8165,MFTS503R2.5,MFT S50 3R2.5,75,77.738,5830.35
C98,2022-04-06T00:00:00Z,8285,MFTT493R2.5,MFT T49 3R2.5,15,77.738,1166.07
C98,2022-04-06T00:00:00Z,7685,MFTL373R2.5,MFT L37 3R2.5,75,77.738,5830.35
C98,2022-04-06T00:00:00Z,8081,MFTR470M3,MFT R47 0M3,30,77.738,2332.14
C98,2022-04-06T00:00:00Z,10550,PHYT6L4M2,PHYSIODENS T6L 4M2,15,296.818,4452.27
C98,2022-04-06T00:00:00Z,10319,PHYT2S2M1,PHYSIODENS T2S 2M1,15,296.818,4452.27
C98,2022-04-06T00:00:00Z,8000,MFTPU332M1,MFT PU33 2M1,50,77.2668,3863.34
C98,2022-04-06T00:00:00Z,9854,PHYL6L3R2.5,PHYSIODENS L6L 3R2.5,15,296.818,4452.27
C98,2022-04-06T00:00:00Z,8261,MFTT490M3,MFT T49 0M3,30,77.738,2332.14
C98,2022-04-06T00:00:00Z,7973,MFTPU312M2,MFT PU31 2M2,100,77.267,7726.7
C100,2022-04-11T00:00:00Z,97818,106449,AUSTROMAT 220,5,94368.288,471841.44
C100,2022-04-11T00:00:00Z,3494,105059,AUSTROMAT 654 PRESS I DENT,2,177742.21,355484.42
C100,2022-04-11T00:00:00Z,97813,105548GOLDEN,AUSTROMAT 654I PRESS I DENT GOLDELN EDITION,2,217007.795,434015.59
C100,2022-04-11T00:00:00Z,3506,105548,AUSTROMAT 654I PRESS I DENT 105548,1,206798.75,206798.75
C100,2022-04-11T00:00:00Z,3503,BAJA105268,BAJA AUSTROMAT 674 BASIC,6,157062.3383,942374.0298
C100,2022-04-11T00:00:00Z,93475,106584,TRIX PRINT2-3D PRINTER,1,284021.06,284021.06
C103,2022-04-13T00:00:00Z,98081,29494025,RENFERT BASIC ECO 25-70Μ/70-250Μ 120V 50/60HZ,1,14142.86,14142.86
C103,2022-04-13T00:00:00Z,80985,18041000,RENFERT MILLO 120 V 60HZ,1,15627.86,15627.86
C103,2022-04-13T00:00:00Z,98076,18081000,RENFERT MT3 INCL. KLETTFIX 100-120V 50/60HZ,1,15033.22,15033.22
C125,2022-04-20T00:00:00Z,100987,MAINBOARDXL4K,MAINBOARD SONIC XL 4K 2022,3,1627.1633,4881.49
C125,2022-04-20T00:00:00Z,100960,MAINBOARDMINI4K,MAINBOARD MINI 4K,10,1696.897,16968.97
C125,2022-04-20T00:00:00Z,100900,LCDFRAMTAPDIE6.1,LCD FRAME TAPE DIE CUT BLACK STICKERS 6.1,30,69.7353,2092.06
C125,2022-04-20T00:00:00Z,100513,RACRYLTR300,ACRYLATE RESIN TR300,20,860.0715,17201.43
C125,2022-04-20T00:00:00Z,100517,RACRYLMODBROW,RESINA ACRYLATE MODEL BROWN,2,348.675,697.35
C125,2022-04-20T00:00:00Z,100818,LCDMIGHTY4K,TFT LCD (MIGHTY 4K SONIC XL),8,2440.7425,19525.94
C125,2022-04-20T00:00:00Z,100452,LCDFRAMTAPDIE9.3,LCD FRAME TAPE DIE CUT BLACK STICKERS 9.3,8,92.98,743.84
C125,2022-04-20T00:00:00Z,100473,OPTGLASS9.3,OPTICAL GLASS 9.3,1,348.68,348.68
C125,2022-04-20T00:00:00Z,100480,LEDLAMPSSETXL4K22,LED LAMPS SET SONIC XL 4K 2022,2,5857.785,11715.57
C125,2022-04-20T00:00:00Z,100486,TOUCHPANEL5,TOUCH PANEL 5 PULGADAS,1,1022.79,1022.79
C125,2022-04-20T00:00:00Z,100490,CABLESONICXL4K,CABLE SONIC XL 4K,2,116.23,232.46
C125,2022-04-20T00:00:00Z,100829,SDCARDXL4K,SD CARD TF133 SONIC XL 4K,5,209.206,1046.03
C125,2022-04-20T00:00:00Z,100833,HDMICABLE,HDMI CABLE,2,185.965,371.93
C125,2022-04-20T00:00:00Z,100844,WRIBBONSON4K,WHITE RIBBON FOR SONIC 4K,5,116.226,581.13
C125,2022-04-20T00:00:00Z,100848,SENSORSONICXL4K,SENSOR FOR SONIC XL 4K 2022,1,185.96,185.96
C125,2022-04-20T00:00:00Z,100853,MOTOR3DPRINTER,MOTOR FOR 3D PRINTER,1,743.84,743.84
C125,2022-04-20T00:00:00Z,100857,BUILDPLATFXL4K,BUILDING PLATFORM SONIC XL 4K,4,1441.2025,5764.81
C125,2022-04-20T00:00:00Z,100864,RESVAT9.3,RESINA VAT 9.3 MIGHTY 4K/SXL4K 2022,4,1441.2025,5764.81
C125,2022-04-20T00:00:00Z,100870,POWSUPPLY200W,POWER SUPPLY 200W,1,1046.03,1046.03
C125,2022-04-20T00:00:00Z,100881,LDONGLEPHR,LICENSE DONGLE,5,2789.42,13947.1
C125,2022-04-20T00:00:00Z,100889,LCDSONIC4K,TFT LCD SONIC 4K 2022,5,1696.898,8484.49
C125,2022-04-20T00:00:00Z,100900,LCDFRAMTAPDIE6.1,LCD FRAME TAPE DIE CUT BLACK STICKERS 6.1,5,69.736,348.68
C125,2022-04-20T00:00:00Z,100906,OPTGLASS6.1,OPTICAL GLASS 6.1,2,302.185,604.37
C125,2022-04-20T00:00:00Z,100917,DBOARDS4KP,LCD DRIVER BOARD S4KP,1,1162.26,1162.26
C125,2022-04-20T00:00:00Z,100924,DBOARDS4KADAPT,LCD DRIVER BOARD S4KP ADAPTOR,2,116.23,232.46
C125,2022-04-20T00:00:00Z,101036,LEDLAMPSSETXL4K,LED LAMPS SET SONIC XL 4K,2,2208.29,4416.58
C125,2022-04-20T00:00:00Z,98247,BUILDINGPLATMIN4K,BUILDING PLATFORM SONIC MINI 4K,10,906.561,9065.61
C125,2022-04-20T00:00:00Z,100931,RESVAT6.1,RESINA VAT 6.1 SONIC MINI 4K,10,906.561,9065.61
C125,2022-04-20T00:00:00Z,100936,LCDSONMINI4K,TFT LCD SONIC MINI 4K,30,1441.2003,43236.01
C125,2022-04-20T00:00:00Z,100941,DBOARDSMINI4K,LCD DRIVER BOARD SONIC MINI 4K,20,116.226,2324.52
C125,2022-04-20T00:00:00Z,100954,LEDLAMPSSETMINI4K,LED LAMPS SET SONIC MINI 4K,10,1696.897,16968.97
C125,2022-04-20T00:00:00Z,100965,DIECUTBLACKST5.5,DIE CUT BLACK STICKERS FOR 5.5,15,69.7353,1046.03
C125,2022-04-20T00:00:00Z,100947,CABLEMIGHTY,CABLE MIGHTY,30,69.7353,2092.06
C125,2022-04-20T00:00:00Z,11144,SONMIN4K6.1,IMPRESORA 3D SONIC MINI 4K 6.1,192,5788.0464,1111304.9088
C125,2022-04-20T00:00:00Z,90282,MIGHTY4K,IMPRESORA 3D SONIC MIGHTY DE RESINA LCD 4K,40,8809.918,352396.72
C125,2022-04-20T00:00:00Z,100501,SONXL4K8.9,SONIC XL 4K 2022,10,32519.987,325199.87
C125,2022-04-20T00:00:00Z,92932,RACRYLGRAY1KG,RESINA AQUA 4K GRAY 1KG,300,534.6388,160391.63999999998
C125,2022-04-20T00:00:00Z,100983,MAINBOARDS4K,MAINBOARD SONIC 4K 2022,3,1627.1633,4881.49
C125,2022-04-20T00:00:00Z,100505,SON4K6.1,SONIC 4K 2022,20,16248.3715,324967.43
C125,2022-04-20T00:00:00Z,100509,RACRYLTR250LV,RESINA ACRYLATE TR250LV,100,534.6388,53463.88
C125,2022-04-20T00:00:00Z,92935,RACRYLIVORY1KG,RESINA ACRYLATE IVORY 4K 1KG,300,534.6388,160391.63999999998
C125,2022-04-20T00:00:00Z,100971,TPLATE05MINI4K,SONIC MINI 4K T-PLATE 05,4,1046.0325,4184.13
C125,2022-04-20T00:00:00Z,100975,DBOARDSMIGHTY,LCD DRIVER BOARD MIGHTY,10,116.226,1162.26
C125,2022-04-20T00:00:00Z,100979,LEDLAMPSSETMIGHTY,LED LAMPS SET MIGHTY 4K,5,4044.66,20223.3
C125,2022-04-20T00:00:00Z,5972,63010059992001,FEP FILM A4 SIZE 290MM X 210MM,225,185.9613,41841.292499999996
C108,2022-04-27T00:00:00Z,87059,101734,FIRING TABLE PRESS-I-DENT PLAIN,2,505.845,1011.69
C108,2022-04-27T00:00:00Z,3512,105873,SILICON HOSE FOR PUMP 2M,5,219.404,1097.02
C108,2022-04-27T00:00:00Z,3491,101916,"CALIBRATION SET SIC, BASIC, 664, 674",1,676.49,676.49
C108,2022-04-27T00:00:00Z,99069,106652,THERMO COUPLE 664 I/674 I EXTENDED 90° COMPLETE,1,3114.31,3114.31
C108,2022-04-27T00:00:00Z,99072,106615,RESIN TANK 200 X 190 MM,10,1462.691,14626.91
C108,2022-04-27T00:00:00Z,95424,106001,SELLADO DEL ASIENTO ELEVADOR PRENSA 654,3,109.7033,329.11
C109,2022-04-28T00:00:00Z,85538,179232,JAEGER SPINDLE 100K SHF,2,52649.56,105299.12
C109,2022-04-28T00:00:00Z,99149,179308,CAPUCHON SPINDLE ST,4,320.0575,1280.23
C109,2022-04-28T00:00:00Z,99143,179933,GAS PRESSURE SPRING MOTION 2,6,2320.4217,13922.53
C109,2022-04-28T00:00:00Z,85706,179258,FUELLE MOTION 2,3,4160.7533,12482.259900000001
C104,2022-05-10T00:00:00Z,98431,611/1,BALL BEARING,5,709.162,3545.81
C104,2022-05-10T00:00:00Z,98434,3412,SEALING RING,5,48.334,241.67
C104,2022-05-10T00:00:00Z,98446,6642,"CHUCK 2, 35MM",5,908.7,4543.5
C104,2022-05-10T00:00:00Z,98510,4120,BALL BEARING S,5,557.712,2788.56
C104,2022-05-10T00:00:00Z,98450,4124,WASHER,5,59.49,297.45
C104,2022-05-10T00:00:00Z,98462,4319,DISC,5,60.48,302.4
C105,2022-05-10T00:00:00Z,98676,9997,SCHICK Q BASIC ST CPL WITH SLIM HANDPIECE,20,19947.1095,398942.18999999994
C104,2022-05-10T00:00:00Z,98438,3882,CIRCLIP,5,37.676,188.38
C104,2022-05-10T00:00:00Z,98441,4111,COMPRESSION DISC,4,99.8925,399.57
C104,2022-05-10T00:00:00Z,98542,85/2,PIN WRENCH INSERT,1,425.6,425.6
C104,2022-05-10T00:00:00Z,98534,39,KEY FOR THREAD RING,1,1392.55,1392.55
C104,2022-05-10T00:00:00Z,98529,6272,SLEEVE,2,457.82,915.64
C104,2022-05-10T00:00:00Z,98525,5214,WASHER SCHICK,3,43.38,130.14
C104,2022-05-10T00:00:00Z,98492,5212,BALL BEARING SCHICK,5,546.806,2734.03
C104,2022-05-10T00:00:00Z,98486,6668,DRIVER,2,474.43,948.86
C104,2022-05-10T00:00:00Z,98482,10219,TIP CPL,2,540.86,1081.72
C104,2022-05-10T00:00:00Z,98478,4326,COVER DISC,5,53.292,266.46
C104,2022-05-10T00:00:00Z,98474,4324,CAGE CPL,1,204.99,204.99
C104,2022-05-10T00:00:00Z,98470,4323,O RING,5,31.48,157.4
C104,2022-05-10T00:00:00Z,98466,4321,PULLEY,2,43.38,86.76
C104,2022-05-10T00:00:00Z,98454,4125,PIN,5,37.676,188.38
C104,2022-05-10T00:00:00Z,98538,54,SHEET METAL TOLL F DRIVER,1,743.12,743.12
C104,2022-05-10T00:00:00Z,98458,4129,FELP,5,40.404,202.02
C104,2022-05-10T00:00:00Z,98600,1500/501,SCHICK 1500/501 G2 CONCEPT MODEL SAW CPL 115V,3,51283.53,153850.59
C104,2022-05-10T00:00:00Z,98600,1500/501,SCHICK 1500/501 G2 CONCEPT MODEL SAW CPL 115V,1,39448.87,39448.87
C104,2022-05-10T00:00:00Z,98595,2407,MODEL TABLE,1,3953.56,3953.56
C104,2022-05-10T00:00:00Z,98585,2950,S2 PROFI MILLING UNIT CPL,1,59092.74,59092.74
C104,2022-05-10T00:00:00Z,98573,7709,TORQUE WRENCH MAX 20 NM,1,8687.18,8687.18
C104,2022-05-10T00:00:00Z,98569,6497,INSET ENGINEERS WRENCH SW 20,1,1962.9,1962.9
C104,2022-05-10T00:00:00Z,98564,6470,KEY FOR BEARING SLEEVE,1,1166.49,1166.49
C104,2022-05-10T00:00:00Z,98559,6223,COUNTERSTAY WRENCH,1,131.12,131.12
C104,2022-05-10T00:00:00Z,98555,5271,SOKET WRENCH SCHICK,1,1924.97,1924.97
C104,2022-05-10T00:00:00Z,98551,5270,SOCKET WRENCH,1,1657.52,1657.52
C104,2022-05-10T00:00:00Z,98546,4115,CHUCK KEY,1,134.35,134.35
C106,2022-05-12T00:00:00Z,96936,D52258A,DECKEL,3,638.26,1914.78
C106,2022-05-12T00:00:00Z,96933,D52300A,PRESS-PLUNGER,3,5382.1933,16146.5799
C106,2022-05-12T00:00:00Z,96930,D52260,THERMOCOUPLE WITH INSULATION,3,3032.9633,9098.89
C106,2022-05-12T00:00:00Z,96939,D52002,COMPACT CYLINDER,3,3418.8867,10256.660100000001
C110,2022-05-13T00:00:00Z,85514,179302,X/Y/Z AXIS MOTOR INCL ENCODER PARA MOTION 2 O 3,5,1030.1,5150.5
C107,2022-05-13T00:00:00Z,6569,INTSCAI500,3D SCANNER I500,20,169264.74,3385294.8
C111,2022-05-16T00:00:00Z,89422,T510,SCANNER DE MESA T510,20,135769.97,2715399.4
C115,2022-05-20T00:00:00Z,99345,PCSYSTEMG,PC SYSTEM G,1,26416.07,26416.07
C113,2022-05-27T00:00:00Z,99287,D23294U,UNIVERSAL PRESS FIRING BASE,2,1465.32,2930.64
C112,2022-05-31T00:00:00Z,99298,TIBASEHEX1.5,TI BASE HEXAGONAL H1.5,1,713.87,713.87
C112,2022-05-31T00:00:00Z,99293,PROSTHETICSCREW,TORNILLO PROTESICO,8,241.98,1935.84
C116,2022-06-07T00:00:00Z,4235,760661,FRESA ROTO RFID 1.0 ZI DM,100,919.353,91935.29999999999
C116,2022-06-07T00:00:00Z,3974,576702,JUEGO DE INTRODUCCION GIROFORM,5,6047.792,30238.960000000003
C116,2022-06-07T00:00:00Z,4373,761781,DISCO CERAMILL ZOLID FX ML A2/A3 98 X 16 N,37,2314.3327,85630.3099
C116,2022-06-07T00:00:00Z,3827,218600,ARCO FACIAL ARTEX,2,6949.42,13898.84
C116,2022-06-07T00:00:00Z,96730,766822,DISCO ZOLID GEN X A1 98 X 22,25,4357.512,108937.79999999999
C116,2022-06-07T00:00:00Z,3827,218600,ARCO FACIAL ARTEX,3,6949.42,20848.260000000002
C116,2022-06-07T00:00:00Z,99511,766174,DISCO CERAMILL ZOLID HT + PS A3 98 X 16 ZRO2,25,2215.3084,55382.71
C116,2022-06-07T00:00:00Z,96733,766159,DISCO CERAMILL ZOLID HT + PS A1 98 X 14,22,1329.185,29242.07
C116,2022-06-07T00:00:00Z,99505,766831,DISCO ZOLID GEN X A2 98 X 22,10,3101.432,31014.32
C116,2022-06-07T00:00:00Z,99505,766831,DISCO ZOLID GEN X A2 98 X 22,25,3101.4316,77535.79
C116,2022-06-07T00:00:00Z,96142,766832,DISCO ZOLID GEN X A2 98 X 25,10,2729.26,27292.6
C116,2022-06-07T00:00:00Z,85878,760689,FRESA ROTO RFID 1.5 COCR,4,595.475,2381.9
C116,2022-06-07T00:00:00Z,4373,761781,DISCO CERAMILL ZOLID FX ML A2/A3 98 X 16 N,22,2314.3327,50915.32
C116,2022-06-07T00:00:00Z,3968,576480,PIN CERAMICO GIROFORM 25PCS,5,1023.472,5117.36
C116,2022-06-07T00:00:00Z,92435,760681,FRESA ROTO RFID 1.0  SC DM,24,893.2121,21437.09
C116,2022-06-07T00:00:00Z,92435,760681,FRESA ROTO RFID 1.0  SC DM,6,893.2133,5359.28
C116,2022-06-07T00:00:00Z,85835,760666,FRESA ROTO RFID 0.6 SINTRON,32,1132.0228,36224.73
C116,2022-06-07T00:00:00Z,85869,760686,FRESA ROTO RFID 0.6 DMB DC,16,1883.0119,30128.19
C116,2022-06-07T00:00:00Z,85848,760670,FRESA ROTO RFID 0.6 PMMA WAX DM 0.6,16,1163.0369,18608.59
C116,2022-06-07T00:00:00Z,85857,760682,FRESA ROTO RFID 0.6 SC DM 0.6,10,893.213,8932.13
C116,2022-06-07T00:00:00Z,85866,760685,FRESA ROTO RFID 1.0 DMB DC,24,1883.0121,45192.29
C116,2022-06-07T00:00:00Z,85844,760669,FRESA ROTO RFID 1.0 PMMA WAX DM 1.0,16,1163.0369,18608.59
C116,2022-06-07T00:00:00Z,85831,760665,FRESA ROTO RFID 1.0 SINTRON DM 1.0,40,1132.0225,45280.9
C116,2022-06-07T00:00:00Z,85863,760684,FRESA ROTO RFID 2.5 DMB DC,6,1883.0117,11298.07
C116,2022-06-07T00:00:00Z,85841,760668,FRESA ROTO RFID 2.5 PMMA WAX DM 2.5,16,1163.0369,18608.59
C116,2022-06-07T00:00:00Z,85828,760664,FRESA ROTO RFID 2.5 SINTRON DM 2.5,40,1132.0225,45280.9
C116,2022-06-07T00:00:00Z,3986,576770,SEMIPLACA DE BASE GIROFORM 100PCS,5,759.852,3799.26
C116,2022-06-07T00:00:00Z,99561,760673,FRESA ROTO RFID 1.0 TI,8,744.3425,5954.74
C116,2022-06-07T00:00:00Z,99564,NPAGGMPI01000,RESINAS NEXTDENT GINGIVA MASK,5,2837.812,14189.06
C118,2022-06-07T00:00:00Z,92698,PCSISTEM,HUAWEI PC SISTEM HUAW,1,15171.55,15171.55
C116,2022-06-07T00:00:00Z,3776,181810,NEXTDENT LC 3DMIXER AG,2,5299.015,10598.03
C116,2022-06-07T00:00:00Z,3773,181800,NEXTDENT LC 3D PRINT BOX AG,2,26583.7,53167.4
C116,2022-06-07T00:00:00Z,3959,576450,GIROFORM PINS 1000PCS,37,511.7362,18934.24
C116,2022-06-07T00:00:00Z,3977,576720,GIROFORM CLASSIC L 100PCS,31,1085.501,33650.53
C116,2022-06-07T00:00:00Z,4514,875520,CERAMILL GREEN STATE FINISHING KIT,3,1690.28,5070.84
C116,2022-06-07T00:00:00Z,4637,178650-NTR,COOLING LIQUID,20,1132.0225,22640.45
C116,2022-06-07T00:00:00Z,3794,216230,CONTRA PLACA SPLITEX PREMIUM 10PCS,10,449.708,4497.08
C116,2022-06-07T00:00:00Z,4370,761777,DISCO CERAMILL ZOLID FX ML 0/A1 98 X 16 N,10,2952.563,29525.63
C116,2022-06-07T00:00:00Z,4370,761777,DISCO CERAMILL ZOLID FX ML 0/A1 98 X 16 N,40,2952.5633,118102.53199999999
C116,2022-06-07T00:00:00Z,99530,760300,DISCO CERAMILL TEST 98 X 20,50,480.722,24036.1
C116,2022-06-07T00:00:00Z,3740,181600,NEXTDENT 5100 AG,2,180490.035,360980.07
C116,2022-06-07T00:00:00Z,85881,760690,FRESA ROTO RFID 1.0 COCR,1,595.48,595.48
C116,2022-06-07T00:00:00Z,85881,760690,FRESA ROTO RFID 1.0 COCR,4,595.475,2381.9
C116,2022-06-07T00:00:00Z,85878,760689,FRESA ROTO RFID 1.5 COCR,1,595.48,595.48
C116,2022-06-07T00:00:00Z,85875,760688,FRESA ROTO RFID 2.5 COCR,1,595.48,595.48
C116,2022-06-07T00:00:00Z,85875,760688,FRESA ROTO RFID 2.5 COCR,4,595.475,2381.9
C116,2022-06-07T00:00:00Z,3572,178311,BOLAS DE SINTERIZACION 200G 1MM,5,1318.11,6590.55
C116,2022-06-07T00:00:00Z,3695,179294,SOPORTE PARA PIEZAS DE TRABAJO 98 MOTION 2 5X,2,9297.87,18595.74
C116,2022-06-07T00:00:00Z,3959,576450,GIROFORM PINS 1000PCS,13,328.9738,4276.66
C116,2022-06-07T00:00:00Z,3977,576720,GIROFORM CLASSIC L 100PCS,19,697.8226,13258.63
C116,2022-06-07T00:00:00Z,3797,216235,CONTRA PLACA SPLITEX CLASSIC PLACAS DE R,3,1721.5167,5164.55
C116,2022-06-07T00:00:00Z,3827,218600,ARCO FACIAL ARTEX,3,6949.42,20848.260000000002
C116,2022-06-07T00:00:00Z,92435,760681,FRESA ROTO RFID 1.0  SC DM,5,806.372,4031.86
C116,2022-06-07T00:00:00Z,92435,760681,FRESA ROTO RFID 1.0  SC DM,13,806.3723,10482.84
C116,2022-06-07T00:00:00Z,4253,760679,FRESA ROTO RFID 0.4 DM,7,620.2857,4342.0
C116,2022-06-07T00:00:00Z,4241,760663,FRESA ROTO RFID 0.3 ZI,5,919.354,4596.77
C116,2022-06-07T00:00:00Z,4241,760663,FRESA ROTO RFID 0.3 ZI,13,919.3531,11951.59
C116,2022-06-07T00:00:00Z,4238,760662,FRESA ROTO RFID 0.6 ZI DM,20,919.353,18387.06
C116,2022-06-07T00:00:00Z,4238,760662,FRESA ROTO RFID 0.6 ZI DM,50,919.353,45967.65
C116,2022-06-07T00:00:00Z,4232,760660,FRESA ROTO RFID 2.5 ZI DM,30,919.353,27580.59
C116,2022-06-07T00:00:00Z,4232,760660,FRESA ROTO RFID 2.5 ZI DM,75,919.3531,68951.4825
C116,2022-06-07T00:00:00Z,83958,NPAGM2GR01000,RESINAS NEXTDENT MODEL 2.0 GREY,30,2310.5667,69317.00099999999
C116,2022-06-07T00:00:00Z,83954,NPAGM2PE01000,RESINAS NEXTDENT MODEL 2.0 PEACH,25,2310.5668,57764.17
C116,2022-06-07T00:00:00Z,83956,NPAGM2WH01000,RESINAS NEXTDENT MODEL 2.0 WHITE,20,2310.5665,46211.33
C117,2022-06-09T00:00:00Z,3788,216150,DISCOS DE RETENCION 100PCS,5,1126.412,5632.06
C117,2022-06-09T00:00:00Z,3965,576461,PLASTILINA GIROFORM PUTTY 1KG,10,951.624,9516.24
C117,2022-06-09T00:00:00Z,99648,576716,DISCOS DE RETENCION MOTION 3 CLASSIC,5,563.206,2816.03
C117,2022-06-09T00:00:00Z,99643,217589,GUIA INCISAL CON AGUJA DE INCISION,1,951.62,951.62
C120,2022-06-14T00:00:00Z,91350,BOMVAC110V,VITA BOMBA DE VACIO PARA HORNO 110V,10,8725.095,87250.95
C119,2022-06-14T00:00:00Z,99851,VPADCOMFORT,VPAD COMFORT,15,14688.3767,220325.65050000002
C119,2022-06-14T00:00:00Z,90218,6100MS,HORNO ZYRCOMAT 6100 MS 230V,15,109053.358,1635800.3699999999
C120,2022-06-14T00:00:00Z,86280,6000MP110V,HORNO 6000MP 110V,10,49340.715,493407.14999999997
C120,2022-06-14T00:00:00Z,99851,VPADCOMFORT,VPAD COMFORT,10,14628.671,146286.71
C122,2022-06-15T00:00:00Z,91350,BOMVAC110V,VITA BOMBA DE VACIO PARA HORNO 110V,5,8607.47,43037.35
C121,2022-06-15T00:00:00Z,91350,BOMVAC110V,VITA BOMBA DE VACIO PARA HORNO 110V,20,8733.38,174667.59999999998
C121,2022-06-15T00:00:00Z,89294,V60ILIN110V,VITA V60 ILINE 110V,20,39604.4215,792088.4299999999
C122,2022-06-15T00:00:00Z,96924,D63100,VPAD POWER INJECTOR CABLE,3,1136.16,3408.48
C130,2022-06-16T00:00:00Z,102048,10783,Q3 PROFI CONTROL UNIT PL,1,6109.17,6109.17
C123,2022-06-23T00:00:00Z,4268,761042,DISCO CERAMILL A TEMP ML 0/A1 71 X 20,23,758.8148,17452.74
C123,2022-06-23T00:00:00Z,3662,179179,CABLE,2,173.445,346.89
C123,2022-06-23T00:00:00Z,3662,179179,CABLE,2,173.445,346.89
C123,2022-06-23T00:00:00Z,3959,576450,GIROFORM PINS 1000PCS,50,650.4126,32520.63
C123,2022-06-23T00:00:00Z,3593,178641,CERAMILL COOLSTREAM WATER TANK,22,29088.62,639949.64
C123,2022-06-23T00:00:00Z,3596,178642,CERAMILL COOLSTREAM CART,10,37049.237,370492.37
C123,2022-06-23T00:00:00Z,100284,760221,DISCO CERAMILL ZI 98 X 14 N,80,2549.6175,203969.4
C123,2022-06-23T00:00:00Z,100280,760527,DISCO CERAMILL WAX WHITE 98 X 14 N,2,455.285,910.57
C123,2022-06-23T00:00:00Z,100280,760527,DISCO CERAMILL WAX WHITE 98 X 14 N,32,455.2888,14569.24
C123,2022-06-23T00:00:00Z,3662,179179,CABLE,2,173.445,346.89
C123,2022-06-23T00:00:00Z,4271,761044,DISCO CERAMILL A TEMP ML A2/A3 71 X 16,2,650.41,1300.82
C123,2022-06-23T00:00:00Z,4271,761044,DISCO CERAMILL A TEMP ML A2/A3 71 X 16,8,650.4125,5203.3
C123,2022-06-23T00:00:00Z,3818,217650,ARTEX QUICKBITE 10PCS,15,713.286,10699.29
C123,2022-06-23T00:00:00Z,100275,179231,BOTON SOLO MOTION,5,1259.632,6298.16
C123,2022-06-23T00:00:00Z,99149,179308,CAPUCHON SPINDLE ST,4,303.525,1214.1
C123,2022-06-23T00:00:00Z,3593,178641,CERAMILL COOLSTREAM WATER TANK,1,29088.62,29088.62
C123,2022-06-23T00:00:00Z,3593,178641,CERAMILL COOLSTREAM WATER TANK,4,29088.62,116354.48
C123,2022-06-23T00:00:00Z,100264,179250-DRY,FRESADORA CERAMILL MOTION 2 DRY,1,338991.58,338991.58
C123,2022-06-23T00:00:00Z,100264,179250-DRY,FRESADORA CERAMILL MOTION 2 DRY,4,338991.585,1355966.34
C123,2022-06-23T00:00:00Z,96157,179295,WERKSTÜCKHALTERUNG 98 (4X),2,8721.6,17443.2
C123,2022-06-23T00:00:00Z,4274,761045,DISCO CERAMILL A TEMP ML A2/A3 71 X 20,23,758.8148,17452.74
C123,2022-06-23T00:00:00Z,4274,761045,DISCO CERAMILL A TEMP ML A2/A3 71 X 20,38,758.8147,28834.96
C123,2022-06-23T00:00:00Z,4265,761041,DISCO CERAMILL A TEMP ML 0/A1 71 X 16,23,650.4126,14959.49
C123,2022-06-23T00:00:00Z,4265,761041,DISCO CERAMILL A TEMP ML 0/A1 71 X 16,38,650.4126,24715.68
C123,2022-06-23T00:00:00Z,4268,761042,DISCO CERAMILL A TEMP ML 0/A1 71 X 20,38,758.8147,28834.96
C123,2022-06-23T00:00:00Z,4373,761781,DISCO CERAMILL ZOLID FX ML A2/A3 98 X 16 N,23,2168.0422,49864.97
C123,2022-06-23T00:00:00Z,4373,761781,DISCO CERAMILL ZOLID FX ML A2/A3 98 X 16 N,38,2168.0421,82385.59980000001
C123,2022-06-23T00:00:00Z,4436,766024,DISCO CERAMILL ZOLID HT + WHITE 98 X 18,23,1799.4748,41387.92
C123,2022-06-23T00:00:00Z,4436,766024,DISCO CERAMILL ZOLID HT + WHITE 98 X 18,38,1799.4747,68380.0386
C123,2022-06-23T00:00:00Z,96736,766195,DISCO CERAMILL ZOLID HT + PS B1 98 X 16,17,1626.0318,27642.54
C123,2022-06-23T00:00:00Z,4247,760677,FRESA DIAMOND RFID 1.4 DM,25,390.2476,9756.19
C123,2022-06-23T00:00:00Z,4250,760678,"FRESA DIAMOND RFID 1,0 DM",20,390.2475,7804.95
C123,2022-06-23T00:00:00Z,4253,760679,FRESA ROTO RFID 0.4 DM,3,390.2467,1170.74
C123,2022-06-23T00:00:00Z,92431,760680,FRESA ROTO RFID 2.5 SC,19,650.4126,12357.84
C123,2022-06-23T00:00:00Z,92431,760680,FRESA ROTO RFID 2.5 SC,8,650.4125,5203.3
C123,2022-06-23T00:00:00Z,97164,766167,DISCO CERAMILL ZOLID HT + PS A2 98 X 16,63,1821.1552,114732.7776
C123,2022-06-23T00:00:00Z,97164,766167,DISCO CERAMILL ZOLID HT + PS A2 98 X 16,38,1821.1553,69203.9014
C123,2022-06-23T00:00:00Z,99511,766174,DISCO CERAMILL ZOLID HT + PS A3 98 X 16 ZRO2,25,1626.0316,40650.79
C123,2022-06-23T00:00:00Z,4637,178650-NTR,COOLING LIQUID,20,1107.8695,22157.39
C123,2022-06-23T00:00:00Z,99561,760673,FRESA ROTO RFID 1.0 TI,2,739.735,1479.47
C123,2022-06-23T00:00:00Z,85828,760664,FRESA ROTO RFID 2.5 SINTRON DM 2.5,10,1322.072,13220.72
C123,2022-06-23T00:00:00Z,85841,760668,FRESA ROTO RFID 2.5 PMMA WAX DM 2.5,4,1322.0725,5288.29
C123,2022-06-23T00:00:00Z,85863,760684,FRESA ROTO RFID 2.5 DMB DC,24,1322.0721,31729.73
C123,2022-06-23T00:00:00Z,85831,760665,FRESA ROTO RFID 1.0 SINTRON DM 1.0,10,739.736,7397.36
C123,2022-06-23T00:00:00Z,85844,760669,FRESA ROTO RFID 1.0 PMMA WAX DM 1.0,4,739.735,2958.94
C123,2022-06-23T00:00:00Z,85866,760685,FRESA ROTO RFID 1.0 DMB DC,6,739.7367,4438.42
C123,2022-06-23T00:00:00Z,85857,760682,FRESA ROTO RFID 0.6 SC DM 0.6,40,780.4953,31219.81
C123,2022-06-23T00:00:00Z,85848,760670,FRESA ROTO RFID 0.6 PMMA WAX DM 0.6,4,780.495,3121.98
C123,2022-06-23T00:00:00Z,85869,760686,FRESA ROTO RFID 0.6 DMB DC,4,780.495,3121.98
C123,2022-06-23T00:00:00Z,85835,760666,FRESA ROTO RFID 0.6 SINTRON,8,780.495,6243.96
C123,2022-06-23T00:00:00Z,85838,760667,FRESA ROTO RFID 0.3 SINTRON DM 0.3,2,886.295,1772.59
C123,2022-06-23T00:00:00Z,85838,760667,FRESA ROTO RFID 0.3 SINTRON DM 0.3,8,886.295,7090.36
C123,2022-06-23T00:00:00Z,4370,761777,DISCO CERAMILL ZOLID FX ML 0/A1 98 X 16 N,23,1777.7948,40889.28
C123,2022-06-23T00:00:00Z,3833,BAJA218760,BAJA ARTEX TYP CR,2,13753.19,27506.38
C123,2022-06-23T00:00:00Z,99505,766831,DISCO ZOLID GEN X A2 98 X 22,24,3035.2588,72846.2112
C123,2022-06-23T00:00:00Z,97164,766167,DISCO CERAMILL ZOLID HT + PS A2 98 X 16,62,1821.1553,112911.6286
C123,2022-06-23T00:00:00Z,97164,766167,DISCO CERAMILL ZOLID HT + PS A2 98 X 16,37,1821.1554,67382.7498
C123,2022-06-23T00:00:00Z,99511,766174,DISCO CERAMILL ZOLID HT + PS A3 98 X 16 ZRO2,25,1626.0316,40650.79
C123,2022-06-23T00:00:00Z,99511,766174,DISCO CERAMILL ZOLID HT + PS A3 98 X 16 ZRO2,15,1626.032,24390.48
C123,2022-06-23T00:00:00Z,96736,766195,DISCO CERAMILL ZOLID HT + PS B1 98 X 16,37,1626.0316,60163.17
C123,2022-06-23T00:00:00Z,96736,766195,DISCO CERAMILL ZOLID HT + PS B1 98 X 16,22,1626.0314,35772.69
C123,2022-06-23T00:00:00Z,4436,766024,DISCO CERAMILL ZOLID HT + WHITE 98 X 18,37,1799.4749,66580.5713
C123,2022-06-23T00:00:00Z,4436,766024,DISCO CERAMILL ZOLID HT + WHITE 98 X 18,22,1799.4745,39588.44
C123,2022-06-23T00:00:00Z,4235,760661,FRESA ROTO RFID 1.0 ZI DM,40,739.736,29589.44
C123,2022-06-23T00:00:00Z,4244,760676,FRESA DIAMOND RFID 1.8 DM,63,433.6084,27317.33
C123,2022-06-23T00:00:00Z,4244,760676,FRESA DIAMOND RFID 1.8 DM,25,433.6084,10840.21
C123,2022-06-23T00:00:00Z,4247,760677,FRESA DIAMOND RFID 1.4 DM,63,390.2476,24585.6
C123,2022-06-23T00:00:00Z,4250,760678,"FRESA DIAMOND RFID 1,0 DM",50,390.2476,19512.38
C123,2022-06-23T00:00:00Z,100209,178601,CERAMILL AIRSTREAM ADAPTADOR SUCCION,4,424.935,1699.74
C123,2022-06-23T00:00:00Z,3833,BAJA218760,BAJA ARTEX TYP CR,2,13231.78,26463.56
C123,2022-06-23T00:00:00Z,96730,766822,DISCO ZOLID GEN X A1 98 X 22,3,3035.2567,9105.77
C123,2022-06-23T00:00:00Z,97160,766166,DISCO CERAMILL ZOLID HT + PS A2 98 X 14,14,2716.5564,38031.79
C123,2022-06-23T00:00:00Z,97164,766167,DISCO CERAMILL ZOLID HT + PS A2 98 X 16,40,1821.1553,72846.212
C123,2022-06-23T00:00:00Z,97164,766167,DISCO CERAMILL ZOLID HT + PS A2 98 X 16,27,1821.1556,49171.2
C123,2022-06-23T00:00:00Z,99511,766174,DISCO CERAMILL ZOLID HT + PS A3 98 X 16 ZRO2,15,1626.032,24390.48
C123,2022-06-23T00:00:00Z,4370,761777,DISCO CERAMILL ZOLID FX ML 0/A1 98 X 16 N,6,1777.7933,10666.76
C123,2022-06-23T00:00:00Z,4370,761777,DISCO CERAMILL ZOLID FX ML 0/A1 98 X 16 N,22,1777.7945,39111.48
C123,2022-06-23T00:00:00Z,3833,BAJA218760,BAJA ARTEX TYP CR,3,14224.74,42674.22
C123,2022-06-23T00:00:00Z,96730,766822,DISCO ZOLID GEN X A1 98 X 22,9,3035.2589,27317.33
C123,2022-06-23T00:00:00Z,99505,766831,DISCO ZOLID GEN X A2 98 X 22,25,3035.2588,75881.47
C123,2022-06-23T00:00:00Z,99511,766174,DISCO CERAMILL ZOLID HT + PS A3 98 X 16 ZRO2,15,1626.032,24390.48
C123,2022-06-23T00:00:00Z,99505,766831,DISCO ZOLID GEN X A2 98 X 22,10,3035.259,30352.59
C123,2022-06-23T00:00:00Z,97164,766167,DISCO CERAMILL ZOLID HT + PS A2 98 X 16,63,1821.1552,114732.7776
C123,2022-06-23T00:00:00Z,97164,766167,DISCO CERAMILL ZOLID HT + PS A2 98 X 16,38,1821.1553,69203.9014
C123,2022-06-23T00:00:00Z,99511,766174,DISCO CERAMILL ZOLID HT + PS A3 98 X 16 ZRO2,25,1626.0316,40650.79
C123,2022-06-23T00:00:00Z,99511,766174,DISCO CERAMILL ZOLID HT + PS A3 98 X 16 ZRO2,15,1626.032,24390.48
C123,2022-06-23T00:00:00Z,96736,766195,DISCO CERAMILL ZOLID HT + PS B1 98 X 16,22,1626.0314,35772.69
C123,2022-06-23T00:00:00Z,96739,766202,DISCO CERAMILL ZOLID HT + PS B2 98 X 16,25,2959.3772,73984.43
C123,2022-06-23T00:00:00Z,4436,766024,DISCO CERAMILL ZOLID HT + WHITE 98 X 18,9,1799.4756,16195.28
C123,2022-06-23T00:00:00Z,4436,766024,DISCO CERAMILL ZOLID HT + WHITE 98 X 18,23,1799.4748,41387.92
C123,2022-06-23T00:00:00Z,4370,761777,DISCO CERAMILL ZOLID FX ML 0/A1 98 X 16 N,38,1777.7945,67556.19099999999
C124,2022-06-24T00:00:00Z,8408,MI896,MIYO TRANS LUMIN PLUS FLUOR PASTE 4G,11,829.2045,9121.25
C124,2022-06-24T00:00:00Z,8399,MI893,MIYO TRANS SAGE FLUOR PASTE 4G,2,829.2,1658.4
C124,2022-06-24T00:00:00Z,8393,MI891,MIYO GINGIVAL STRUCTURE ROUGE PASTE 4G,9,829.2044,7462.84
C124,2022-06-24T00:00:00Z,8381,MI887,MIYO GINGIVAL TRANS RASPBERRY PASTE 4G,16,829.2044,13267.27
C124,2022-06-24T00:00:00Z,8375,MI885,MIYO GINGIVAL MERLOT PASTE 4G,32,829.2044,26534.54
C124,2022-06-24T00:00:00Z,8354,MI878,MIYO TRANS SHADE B FLUOR PASTE 4G,11,829.2045,9121.25
C124,2022-06-24T00:00:00Z,8351,MI877,MIYO TRANS SHADE A FLUOR PASTE 4G,17,829.2041,14096.47
C124,2022-06-24T00:00:00Z,8426,MI993,MIYO ESTHETIC FINISHING SYSTEM KIT,16,19273.6525,308378.44
C124,2022-06-24T00:00:00Z,87161,MI996,MIYO GINGIVAL FINISHING SYSTEM KIT,13,13644.7985,177382.3805
C124,2022-06-24T00:00:00Z,8348,MI876,MIYO TRANS LUMIN FLUOR PASTE 4G,9,829.2044,7462.84
C124,2022-06-24T00:00:00Z,8345,MI875,MIYO TRANS SMOKE FLUOR PASTE 4G,12,829.2042,9950.45
C124,2022-06-24T00:00:00Z,8333,MI869,MIYO STRUCTURE WINDOW FLUOR PASTE 4G,1,829.2,829.2
C124,2022-06-24T00:00:00Z,8306,MI860,MIYO TRANS STORM FLUOR PASTE 4G,6,829.2033,4975.22
C124,2022-06-24T00:00:00Z,8303,MI859,MIYO FISSURE FLUOR POWDER 4G,5,829.204,4146.02
C124,2022-06-24T00:00:00Z,14288,ZR190,INSYNC ZR GLAZE LIQUID 25 ML,1,266.09,266.09
C124,2022-06-24T00:00:00Z,14291,ZR249,INSYN FC GLAZE PASTE 4G,170,617.9232,105046.94399999999
C126,2022-07-01T00:00:00Z,97903,INTSCAI700W,INTRA ORAL SCANNER I700 WIRELESS,6,388484.5533,2330907.3198
C126,2022-07-01T00:00:00Z,84025,INTSCAI700,MEDIT INTRA ORAL SCANNER I700,2,315643.7,631287.4
C127,2022-07-07T00:00:00Z,98392,TYTANMAX50P,HORNO TITANIO MAX 50,5,21028.192,105140.95999999999
C127,2022-07-07T00:00:00Z,101891,COBRA2P,ARENERO COBRA 2P VP SAND BLASTER 110V,10,11322.872,113228.72
C127,2022-07-07T00:00:00Z,11297,TWISTECO,MEZCLADOR DE VACIO TWIST ECO VACUUM MIXER 110V,40,13156.0995,526243.98
C127,2022-07-07T00:00:00Z,101899,TRCRUCIBLE,CRISOL ROTOCAST CRISTAL,20,161.7555,3235.11
C127,2022-07-07T00:00:00Z,101896,PMIESZADLA500ML,CONTENEDOR DE MEZCLADOR 500ML,30,1078.3687,32351.06
C127,2022-07-07T00:00:00Z,11129,ROTOCAST,CENTRIFUGA ROTOCAST CASTING MACHINE 220V,3,92200.5333,276601.5999
C127,2022-07-07T00:00:00Z,101887,TYTANECO25P,HORNO TITANIO ECO 25,10,13479.61,134796.1
C128,2022-07-12T00:00:00Z,90285,179156,CERAMILL MIND + MATCH 2,5,78059.234,390296.17
C129,2022-07-12T00:00:00Z,85786,180205,ELEMENTO CALEFACTOR T3 AT2 4PCS,1,26787.7,26787.7
C128,2022-07-12T00:00:00Z,99561,760673,FRESA ROTO RFID 1.0 TI,5,750.87,3754.35
C128,2022-07-12T00:00:00Z,102045,751008,FRESA ROTO RFID 0.4 DIAMOND BLG,20,1110.6625,22213.25
C128,2022-07-12T00:00:00Z,102042,751006,FRESA ROTO RFID 1.0 DIAMOND BLG,40,1110.6625,44426.5
C128,2022-07-12T00:00:00Z,102036,751004,FRESA ROTO RFID 2.0 DIAMOND BLG,80,1110.6625,88853.0
C131,2022-07-13T00:00:00Z,99293,PROSTHETICSCREW,TORNILLO PROTESICO,10,252.49,2524.9
C132,2022-07-15T00:00:00Z,99345,PCSYSTEMG,PC SYSTEM G,1,20152.97,20152.97
C133,2022-07-20T00:00:00Z,5780,CMBBC14LTB2,CAMEO MILL BLOCS BOX C14 LT B2,40,788.5555,31542.22
C133,2022-07-20T00:00:00Z,5810,APG12.510PB1,CAMEO PRESS INGOT BOX HT B1,150,450.6031,67590.465
C133,2022-07-20T00:00:00Z,5816,CPIBLTA1,CAMEO PRESS INGOT BOX LT A1,300,450.6031,135180.93
C133,2022-07-20T00:00:00Z,5819,CPIBLTA2,CAMEO PRESS INGOT BOX LT A2,500,450.6031,225301.55
C133,2022-07-20T00:00:00Z,5822,CPIBLTA3,CAMEO PRESS INGOT BOX LT A3,150,450.6031,67590.465
C133,2022-07-20T00:00:00Z,83147,CPIBLTB1,CAMEO PRESS INGOT BOX LT B1,150,450.6031,67590.465
C133,2022-07-20T00:00:00Z,102229,DBSOLIDWAX98X14,DISCO BLUE SOLID WAX 98 X 14MM,300,112.6508,33795.24
C133,2022-07-20T00:00:00Z,5801,APG12.510PA1,CAMEO PRESS INGOT BOX HT A1,500,450.6031,225301.55
C133,2022-07-20T00:00:00Z,86616,APG181315MLBL2,CAMEO MILL BLOCS BOX C14 LT BL2,30,788.5557,23656.67
C133,2022-07-20T00:00:00Z,86619,CMBBC14LTBL1,CAMEO MILL BLOCS BOX C14 LT BL1,50,788.5556,39427.78
C133,2022-07-20T00:00:00Z,5804,CPIBHTA2,CAMEO PRESS INGOT BOX HT A2,400,450.6031,180241.24
C133,2022-07-20T00:00:00Z,5807,APG12.510PA3,CAMEO PRESS INGOT BOX HT A3,198,450.6031,89219.4138
C133,2022-07-20T00:00:00Z,84073,CPIBLTC1,CAMEO PRESS INGOT BOX LT C1,10,450.603,4506.03
C133,2022-07-20T00:00:00Z,5756,CMBBC14HTA1,CAMEO MILL BLOCS BOX C14 HT A1,30,788.5557,23656.67
C133,2022-07-20T00:00:00Z,5759,CMBBC14HTA2,CAMEO MILL BLOCS BOX C14 HT A2,60,788.5555,47313.33
C133,2022-07-20T00:00:00Z,5762,APG181315MB1,CAMEO MILL BLOCS BOX C14 HT B1,70,788.5556,55198.89
C133,2022-07-20T00:00:00Z,5768,APG181315MLA1,CAMEO MILL BLOCS BOX C14 LT A1,400,788.5554,315422.16
C133,2022-07-20T00:00:00Z,5771,APG181315MLA2,CAMEO MILL BLOCS BOX C14 LT A2,300,788.5554,236566.62
C133,2022-07-20T00:00:00Z,5774,APG181315MLA3,CAMEO MILL BLOCS BOX C14 LT A3,80,788.5554,63084.432
C133,2022-07-20T00:00:00Z,5777,APG181315MLB1,CAMEO MILL BLOCS BOX C14 LT B1,100,788.5554,78855.54
C134,2022-07-22T00:00:00Z,83944,NPAGCAPU01000,RESINAS NEXTDENT CAST PURPLE,55,3637.5882,200067.351
C138,2022-08-01T00:00:00Z,103358,178745,CERAMILL ARGOVENT 2,1,49813.07,49813.07
C138,2022-08-01T00:00:00Z,103351,178755,CUENTAS SINTERIZ SINTRON ARGOVENT2 150G,1,2075.81,2075.81
C138,2022-08-01T00:00:00Z,3743,181601,STAND FOR NEXTDENT 5100 AG,2,22060.975,44121.95
C137,2022-08-01T00:00:00Z,103351,178755,CUENTAS SINTERIZ SINTRON ARGOVENT2 150G,1,623.6,623.6
C137,2022-08-01T00:00:00Z,3725,179917,ISOLATION THERM 3 DOOR,3,2348.4533,7045.36
C138,2022-08-01T00:00:00Z,3725,179917,ISOLATION THERM 3 DOOR,3,7817.4033,23452.2099
C137,2022-08-01T00:00:00Z,3743,181601,STAND FOR NEXTDENT 5100 AG,2,6627.42,13254.84
C135,2022-08-04T00:00:00Z,7460,MARII1M2CI14,MARK II 1M2C I14,24,688.4563,16522.95
C135,2022-08-04T00:00:00Z,7472,MARII2M1CI14,MARK II 2M1C I14,24,688.4563,16522.95
C135,2022-08-04T00:00:00Z,7553,MARIIA1CI14,MARK II A1C I14,32,688.4563,22030.6
C135,2022-08-04T00:00:00Z,7565,MARIIA3.5CI14,MARK II A3.5C I14,8,688.4563,5507.65
C135,2022-08-04T00:00:00Z,7574,MARIIA3CI14,MARK II A3C I14,16,688.4563,11015.3
C135,2022-08-04T00:00:00Z,7544,MARII4M2CI14,MARK II 4M2C I14,8,688.4563,5507.65
C135,2022-08-04T00:00:00Z,11273,TRIFOR2M2CTF4019,TRILUXE FORTE 2M2C TF40/19,8,710.98,5687.84
C135,2022-08-04T00:00:00Z,11285,TRIFOR3M2CTF4019,TRILUXE FORTE 3M2C TF40/19,8,710.98,5687.84
C135,2022-08-04T00:00:00Z,7559,MARIIA2CI14,MARK II A2C I14,48,688.456,33045.89
C135,2022-08-04T00:00:00Z,7580,MARIIB2CI14,MARK II B2C I14,8,688.4563,5507.65
C135,2022-08-04T00:00:00Z,7586,MARIIB3CI14,MARK II B3C I14,8,688.4563,5507.65
C135,2022-08-04T00:00:00Z,7439,MARII0M1CI14,MARK II 0M1C I14,32,688.4563,22030.6
C135,2022-08-04T00:00:00Z,7448,MARII1M1CI14,MARK II 1M1C I14,32,688.4563,22030.6
C135,2022-08-04T00:00:00Z,7484,MARII2M2CI14,MARK II 2M2C I14,40,688.4563,27538.25
C135,2022-08-04T00:00:00Z,7496,MARII2M3CI14,MARK II 2M3C I14,24,688.4563,16522.95
C135,2022-08-04T00:00:00Z,11261,TRIFOR1M2CTF4019,TRILUXE FORTE 1M2C TF40/19,8,710.98,5687.84
C139,2022-08-11T00:00:00Z,4763,4252100027,COMPRESOR DUO TANDEM CON 2 CABEZAS MTN,1,111361.36,111361.36
C140,2022-08-16T00:00:00Z,6569,INTSCAI500,3D SCANNER I500,22,172803.3995,3801674.789
C141,2022-08-25T00:00:00Z,104159,180149,GRIPPER CARRIAGE + GRIPPER WORKP CHANGER,1,36232.69,36232.69
C144,2022-08-26T00:00:00Z,85901,181210,PORTAPIEZAS 71 PRODUCCION,2,5136.195,10272.39
C144,2022-08-26T00:00:00Z,85817,181211,PORTAPIEZAS 98 PRODUCCION,4,5136.195,20544.78
C144,2022-08-26T00:00:00Z,85895,181218,PORTAPIEZAS METAL PRODUCCION,2,16126.84,32253.68
C144,2022-08-26T00:00:00Z,85889,181213,PORTAPIEZAS BLOCS UN PRODUCCION,4,5136.195,20544.78
C144,2022-08-26T00:00:00Z,100264,179250-DRY,FRESADORA CERAMILL MOTION 2 DRY,3,347833.72,1043501.1599999999
C144,2022-08-26T00:00:00Z,3680,179260,GK 3FACH MOTION 2 5X HOLDER DE VICTROCERAMICA,4,1075.5525,4302.21
C144,2022-08-26T00:00:00Z,100264,179250-DRY,FRESADORA CERAMILL MOTION 2 DRY,3,347833.72,1043501.1599999999
C144,2022-08-26T00:00:00Z,100264,179250-DRY,FRESADORA CERAMILL MOTION 2 DRY,3,347833.72,1043501.1599999999
C144,2022-08-26T00:00:00Z,3593,178641,CERAMILL COOLSTREAM WATER TANK,2,10755.525,21511.05
C144,2022-08-26T00:00:00Z,3680,179260,GK 3FACH MOTION 2 5X HOLDER DE VICTROCERAMICA,3,1075.5533,3226.66
C144,2022-08-26T00:00:00Z,3593,178641,CERAMILL COOLSTREAM WATER TANK,3,10755.5267,32266.5801
C144,2022-08-26T00:00:00Z,3680,179260,GK 3FACH MOTION 2 5X HOLDER DE VICTROCERAMICA,3,1075.5533,3226.66
C144,2022-08-26T00:00:00Z,3680,179260,GK 3FACH MOTION 2 5X HOLDER DE VICTROCERAMICA,3,1075.5533,3226.66
C144,2022-08-26T00:00:00Z,3533,116910,STEAMER X3 230V,5,27304.194,136520.97
C144,2022-08-26T00:00:00Z,3833,BAJA218760,BAJA ARTEX TYP CR,5,18146.08,90730.40000000001
C144,2022-08-26T00:00:00Z,103771,760225,DISCO CERAMILL ZI 98 X 18 N,48,2481.515,119112.72
C144,2022-08-26T00:00:00Z,103771,760225,DISCO CERAMILL ZI 98 X 18 N,12,2481.515,29778.18
C144,2022-08-26T00:00:00Z,100284,760221,DISCO CERAMILL ZI 98 X 14 N,20,2886.7835,57735.67
C144,2022-08-26T00:00:00Z,3809,BAJA217320,BAJA ARTEX TYP CT,5,8869.008,44345.04
C144,2022-08-26T00:00:00Z,103358,178745,CERAMILL ARGOVENT 2,1,33970.25,33970.25
C142,2022-08-26T00:00:00Z,103897,200000X5,ANAXBLEND KIT XL PASTE,2,12580.245,25160.49
C142,2022-08-26T00:00:00Z,103894,200000S5,ANAXBLEND KIT S PASTE,2,2797.805,5595.61
C142,2022-08-26T00:00:00Z,103891,200000I6,ANAXBLEND INTRO KIT A2 PASTE,3,1310.5467,3931.64
C142,2022-08-26T00:00:00Z,103884,200000S3,ANAXBLEND KIT S FLOW,3,2587.8133,7763.44
C142,2022-08-26T00:00:00Z,103881,200000I2,ANAXBLEND INTRO KIT A2 FLOW,2,1135.535,2271.07
C142,2022-08-26T00:00:00Z,103873,24000001,MOCK UP SET A1,2,2484.58,4969.16
C142,2022-08-26T00:00:00Z,103868,24000004,MOCK UP DIRECT KIT PASTE,3,1802.22,5406.66
C142,2022-08-26T00:00:00Z,103865,24100002,MOCK UP DIRECT KIT FLOW,3,1399.7533,4199.26
C142,2022-08-26T00:00:00Z,103861,16300010,OUTLINE BONDING FLUID 10ML,5,1308.698,6543.49
C142,2022-08-26T00:00:00Z,103858,16201010,OUTLINE SKIN GLAZE 10ML,3,887.0833,2661.25
C142,2022-08-26T00:00:00Z,103855,16200010,OUTLINE SKIN PRIMER 10ML,3,544.9867,1634.96
C142,2022-08-26T00:00:00Z,103852,16000004,OUTLINE STARTER KIT XL,2,13944.195,27888.39
C142,2022-08-26T00:00:00Z,103848,16000001,OUTLINE STARTER KIT S,2,9902.4,19804.8
C142,2022-08-26T00:00:00Z,103959,72000205,PASTA GRIGIA I,5,750.576,3752.88
C142,2022-08-26T00:00:00Z,103962,72000210,PASTA GRIGIA II,5,959.65,4798.25
C142,2022-08-26T00:00:00Z,104169,17011000,ACRYLINE POWDER CLEAR 1000G,2,2103.285,4206.57
C142,2022-08-26T00:00:00Z,104172,17101000,ACRYLINE LIQUID 1000ML,2,1907.145,3814.29
C142,2022-08-26T00:00:00Z,103888,200000X3,ANAXBLEND KIT XL FLOW,2,11635.49,23270.98
C142,2022-08-26T00:00:00Z,103877,24000002,MOCK UP SET A2,2,2484.58,4969.16
C142,2022-08-26T00:00:00Z,103953,29000100,ANAXPAD BLACK,3,597.9533,1793.86
C142,2022-08-26T00:00:00Z,103950,72007080,DISPENSER GUN,5,1225.696,6128.48
C142,2022-08-26T00:00:00Z,103947,25001001,ANAXGUM KIT XL,2,10130.685,20261.37
C142,2022-08-26T00:00:00Z,103944,25001000,ANAXGUM KIT S,3,3656.88,10970.64
C142,2022-08-26T00:00:00Z,103941,20055805,ANAXBLEND ENAMEL S58 PASTE 4G,3,570.4267,1711.28
C142,2022-08-26T00:00:00Z,103926,20055705,ANAXBLEND ENAMEL S57 PASTE 4G,3,570.4267,1711.28
C142,2022-08-26T00:00:00Z,103923,20810001,ANAXBLEND COLORS S SET 8 X 1 G,2,4349.785,8699.57
C142,2022-08-26T00:00:00Z,103918,20700010,ANAXBLEND DIVORCE 20 ML,3,456.9133,1370.74
C142,2022-08-26T00:00:00Z,103915,16810005,ANAXBLEND METAL BONDER 5ML,3,2115.3067,6345.92
C142,2022-08-26T00:00:00Z,103912,16810010,ANAXBLEND ZIRCON BONDER 5ML,3,1872.17,5616.51
C142,2022-08-26T00:00:00Z,103908,20700006,ANAXBLEND BOND LC 10ML,3,1286.0667,3858.2
C142,2022-08-26T00:00:00Z,103900,20700008,ANAXBLEND PEKK BLOND 10 ML,2,1417.26,2834.52
C142,2022-08-26T00:00:00Z,103845,16000005,NEW OUTLINE INTRO KIT,5,1032.302,5161.51
C142,2022-08-26T00:00:00Z,103956,72000200,PASTA ROSSA 3G,5,673.218,3366.09
C143,2022-08-26T00:00:00Z,4235,760661,FRESA ROTO RFID 1.0 ZI DM,160,768.1434,122902.944
C143,2022-08-26T00:00:00Z,97157,766160,DISCO CERAMILL ZOLID HT + PS A1 98 X 16,33,2872.6458,94797.31139999999
C143,2022-08-26T00:00:00Z,97160,766166,DISCO CERAMILL ZOLID HT + PS A2 98 X 14,38,1642.5642,62417.4396
C143,2022-08-26T00:00:00Z,97160,766166,DISCO CERAMILL ZOLID HT + PS A2 98 X 14,23,1642.5643,37778.98
C143,2022-08-26T00:00:00Z,4469,766864,DISCO ZOLID GEN X B1 98 X 16 ZRO2,44,2373.0368,104413.61919999999
C143,2022-08-26T00:00:00Z,4469,766864,DISCO ZOLID GEN X B1 98 X 16 ZRO2,18,2373.0372,42714.67
C143,2022-08-26T00:00:00Z,4370,761777,DISCO CERAMILL ZOLID FX ML 0/A1 98 X 16 N,37,2198.5735,81347.21949999999
C143,2022-08-26T00:00:00Z,4370,761777,DISCO CERAMILL ZOLID FX ML 0/A1 98 X 16 N,22,2198.5736,48368.62
C143,2022-08-26T00:00:00Z,4430,766022,DISCO CERAMILL ZOLID HT + WHITE 98 X 14,37,1653.5073,61179.77
C143,2022-08-26T00:00:00Z,4430,766022,DISCO CERAMILL ZOLID HT + WHITE 98 X 14,22,1653.5077,36377.17
C143,2022-08-26T00:00:00Z,96733,766159,DISCO CERAMILL ZOLID HT + PS A1 98 X 14,37,1653.5073,61179.77
C143,2022-08-26T00:00:00Z,96733,766159,DISCO CERAMILL ZOLID HT + PS A1 98 X 14,22,1653.5077,36377.17
C143,2022-08-26T00:00:00Z,97157,766160,DISCO CERAMILL ZOLID HT + PS A1 98 X 16,62,1798.9287,111533.5794
C143,2022-08-26T00:00:00Z,97157,766160,DISCO CERAMILL ZOLID HT + PS A1 98 X 16,37,1798.9289,66560.3693
C143,2022-08-26T00:00:00Z,97160,766166,DISCO CERAMILL ZOLID HT + PS A2 98 X 14,37,1653.5073,61179.77
C143,2022-08-26T00:00:00Z,96739,766202,DISCO CERAMILL ZOLID HT + PS B2 98 X 16,25,1795.3512,44883.78
C143,2022-08-26T00:00:00Z,97160,766166,DISCO CERAMILL ZOLID HT + PS A2 98 X 14,22,1653.5077,36377.17
C143,2022-08-26T00:00:00Z,4469,766864,DISCO ZOLID GEN X B1 98 X 16 ZRO2,70,2388.6103,167202.721
C143,2022-08-26T00:00:00Z,4469,766864,DISCO ZOLID GEN X B1 98 X 16 ZRO2,175,2388.6102,418006.78500000003
C143,2022-08-26T00:00:00Z,4466,766828,DISCO ZOLID GEN X A2 98 X 16 ZRO2,70,2388.6103,167202.721
C143,2022-08-26T00:00:00Z,4466,766828,DISCO ZOLID GEN X A2 98 X 16 ZRO2,175,2388.6102,418006.78500000003
C143,2022-08-26T00:00:00Z,96739,766202,DISCO CERAMILL ZOLID HT + PS B2 98 X 16,60,1795.351,107721.06000000001
C143,2022-08-26T00:00:00Z,96739,766202,DISCO CERAMILL ZOLID HT + PS B2 98 X 16,100,1795.351,179535.1
C143,2022-08-26T00:00:00Z,4370,761777,DISCO CERAMILL ZOLID FX ML 0/A1 98 X 16 N,90,2191.2079,197208.71099999998
C143,2022-08-26T00:00:00Z,4370,761777,DISCO CERAMILL ZOLID FX ML 0/A1 98 X 16 N,150,2191.2079,328681.185
C143,2022-08-26T00:00:00Z,96744,761086,DISCO A SPLINT 98 X 20 PMMA,100,707.1128,70711.28
C143,2022-08-26T00:00:00Z,92435,760681,FRESA ROTO RFID 1.0  SC DM,20,757.6205,15152.41
C143,2022-08-26T00:00:00Z,92435,760681,FRESA ROTO RFID 1.0  SC DM,50,757.6208,37881.04
C143,2022-08-26T00:00:00Z,92431,760680,FRESA ROTO RFID 2.5 SC,30,757.621,22728.63
C143,2022-08-26T00:00:00Z,92431,760680,FRESA ROTO RFID 2.5 SC,75,757.6209,56821.57
C143,2022-08-26T00:00:00Z,4253,760679,FRESA ROTO RFID 0.4 DM,10,420.9,4209.0
C143,2022-08-26T00:00:00Z,4253,760679,FRESA ROTO RFID 0.4 DM,25,420.9004,10522.51
C143,2022-08-26T00:00:00Z,4250,760678,"FRESA DIAMOND RFID 1,0 DM",80,420.9005,33672.04
C143,2022-08-26T00:00:00Z,4250,760678,"FRESA DIAMOND RFID 1,0 DM",200,420.9005,84180.1
C143,2022-08-26T00:00:00Z,4247,760677,FRESA DIAMOND RFID 1.4 DM,100,420.9005,42090.05
C143,2022-08-26T00:00:00Z,4247,760677,FRESA DIAMOND RFID 1.4 DM,250,420.9005,105225.125
C143,2022-08-26T00:00:00Z,4244,760676,FRESA DIAMOND RFID 1.8 DM,100,441.9455,44194.549999999996
C143,2022-08-26T00:00:00Z,4244,760676,FRESA DIAMOND RFID 1.8 DM,250,441.9455,110486.375
C143,2022-08-26T00:00:00Z,4241,760663,FRESA ROTO RFID 0.3 ZI,20,768.1435,15362.87
C143,2022-08-26T00:00:00Z,4241,760663,FRESA ROTO RFID 0.3 ZI,50,768.1434,38407.17
C143,2022-08-26T00:00:00Z,4238,760662,FRESA ROTO RFID 0.6 ZI DM,80,768.1434,61451.47
C143,2022-08-26T00:00:00Z,4238,760662,FRESA ROTO RFID 0.6 ZI DM,200,768.1434,153628.68000000002
C143,2022-08-26T00:00:00Z,4235,760661,FRESA ROTO RFID 1.0 ZI DM,400,768.1434,307257.36000000004
C143,2022-08-26T00:00:00Z,4232,760660,FRESA ROTO RFID 2.5 ZI DM,120,768.1434,92177.208
C143,2022-08-26T00:00:00Z,4232,760660,FRESA ROTO RFID 2.5 ZI DM,300,768.1434,230443.02000000002
C143,2022-08-26T00:00:00Z,3977,576720,GIROFORM CLASSIC L 100PCS,75,665.0228,49876.71
C143,2022-08-26T00:00:00Z,3959,576450,GIROFORM PINS 1000PCS,50,312.5186,15625.93
C143,2022-08-26T00:00:00Z,3797,216235,CONTRA PLACA SPLITEX CLASSIC PLACAS DE R,13,1635.1985,21257.58
C143,2022-08-26T00:00:00Z,4466,766828,DISCO ZOLID GEN X A2 98 X 16 ZRO2,18,2373.0372,42714.67
C143,2022-08-26T00:00:00Z,4466,766828,DISCO ZOLID GEN X A2 98 X 16 ZRO2,44,2373.0368,104413.61919999999
C143,2022-08-26T00:00:00Z,96730,766822,DISCO ZOLID GEN X A1 98 X 22,10,2956.826,29568.26
C143,2022-08-26T00:00:00Z,96730,766822,DISCO ZOLID GEN X A1 98 X 22,25,2956.826,73920.65
C143,2022-08-26T00:00:00Z,92443,766819,DISCO ZOLID GEN X A1 98 X 16,18,2373.0372,42714.67
C143,2022-08-26T00:00:00Z,92443,766819,DISCO ZOLID GEN X A1 98 X 16,44,2373.0368,104413.61919999999
C143,2022-08-26T00:00:00Z,96739,766202,DISCO CERAMILL ZOLID HT + PS B2 98 X 16,15,1795.3507,26930.26
C143,2022-08-26T00:00:00Z,96739,766202,DISCO CERAMILL ZOLID HT + PS B2 98 X 16,25,1795.3512,44883.78
C143,2022-08-26T00:00:00Z,96736,766195,DISCO CERAMILL ZOLID HT + PS B1 98 X 16,23,1370.8726,31530.07
C143,2022-08-26T00:00:00Z,96736,766195,DISCO CERAMILL ZOLID HT + PS B1 98 X 16,21,1370.8729,28788.33
C143,2022-08-26T00:00:00Z,96733,766159,DISCO CERAMILL ZOLID HT + PS A1 98 X 14,23,1642.5643,37778.98
C143,2022-08-26T00:00:00Z,96733,766159,DISCO CERAMILL ZOLID HT + PS A1 98 X 14,38,1642.5642,62417.4396
C143,2022-08-26T00:00:00Z,4469,766864,DISCO ZOLID GEN X B1 98 X 16 ZRO2,17,2411.9706,41003.5
C143,2022-08-26T00:00:00Z,4469,766864,DISCO ZOLID GEN X B1 98 X 16 ZRO2,44,2411.9702,106126.6888
C143,2022-08-26T00:00:00Z,96730,766822,DISCO ZOLID GEN X A1 98 X 22,10,2956.826,29568.26
C143,2022-08-26T00:00:00Z,96730,766822,DISCO ZOLID GEN X A1 98 X 22,25,2956.826,73920.65
C143,2022-08-26T00:00:00Z,92443,766819,DISCO ZOLID GEN X A1 98 X 16,17,2411.9706,41003.5
C143,2022-08-26T00:00:00Z,92443,766819,DISCO ZOLID GEN X A1 98 X 16,44,2411.9702,106126.6888
C143,2022-08-26T00:00:00Z,96739,766202,DISCO CERAMILL ZOLID HT + PS B2 98 X 16,15,1795.3507,26930.26
C143,2022-08-26T00:00:00Z,96142,766832,DISCO ZOLID GEN X A2 98 X 25,28,2592.7468,72596.9104
C143,2022-08-26T00:00:00Z,4430,766022,DISCO CERAMILL ZOLID HT + WHITE 98 X 14,37,1653.5073,61179.77
C143,2022-08-26T00:00:00Z,4430,766022,DISCO CERAMILL ZOLID HT + WHITE 98 X 14,22,1653.5077,36377.17
C143,2022-08-26T00:00:00Z,96733,766159,DISCO CERAMILL ZOLID HT + PS A1 98 X 14,30,2636.9413,79108.239
C143,2022-08-26T00:00:00Z,4430,766022,DISCO CERAMILL ZOLID HT + WHITE 98 X 14,38,1642.5642,62417.4396
C143,2022-08-26T00:00:00Z,4430,766022,DISCO CERAMILL ZOLID HT + WHITE 98 X 14,23,1642.5643,37778.98
C143,2022-08-26T00:00:00Z,96733,766159,DISCO CERAMILL ZOLID HT + PS A1 98 X 14,38,1642.5642,62417.4396
C143,2022-08-26T00:00:00Z,96733,766159,DISCO CERAMILL ZOLID HT + PS A1 98 X 14,23,1642.5643,37778.98
C144,2022-08-26T00:00:00Z,4262,760975,ADDITIONAL ADAPTER CEREC 3 STK,1,1566.0,1566.0
C144,2022-08-26T00:00:00Z,85811,181200,CERAMILL MATIK,2,957812.955,1915625.91
C144,2022-08-26T00:00:00Z,85814,178660,CERAMILL CLEANSTREAM,2,54027.16,108054.32
C144,2022-08-26T00:00:00Z,85817,181211,PORTAPIEZAS 98 PRODUCCION,2,4875.265,9750.53
C144,2022-08-26T00:00:00Z,3584,BAJA178600,BAJA CERAMILL AIRSTREAM,2,25598.585,51197.17
C145,2022-08-30T00:00:00Z,103779,180284,PRESSURE DEW POINT METER,1,27662.27,27662.27
C145,2022-08-30T00:00:00Z,103775,181350-DRY,FRESADORA CERAMILL MOTION 3 DRY,3,514485.6033,1543456.8099
C145,2022-08-30T00:00:00Z,92543,179164,CERAMILL MATCH 2 CAM DONGLE,3,14653.8833,43961.6499
C146,2022-08-30T00:00:00Z,3554,139000,MOGUCERA N NICR 1KG BE FREE 1,288,1914.8156,551466.8928
C146,2022-08-30T00:00:00Z,3881,259505,MODELCAST S LIQUID 1000ML,100,267.4663,26746.629999999997
C146,2022-08-30T00:00:00Z,104588,136516,DISCO STARBOND TI5 16MM,10,1778.044,17780.44
C146,2022-08-30T00:00:00Z,104584,136513,DISCO STARBOND TI5 13.5MM,10,1671.664,16716.64
C146,2022-08-30T00:00:00Z,3551,133000,STARBOND COS SOFTER COCR BONDING ALLOY,36,2522.6933,90816.9588
C146,2022-08-30T00:00:00Z,4472,800001,DOUBLESTAR 2 X 1.2KG,100,1635.1917,163519.17
C146,2022-08-30T00:00:00Z,3878,259500,MODELCAST S 50 X 400G,200,1741.5704,348314.08
C147,2022-08-30T00:00:00Z,3872,259300,S&S SPEEDVEST 20 X 160G + 750ML,3000,539.4747,1618424.0999999999
C146,2022-08-30T00:00:00Z,3884,259515,MODELCAST S LIQUID 5000ML,150,1072.9046,160935.69
C145,2022-08-30T00:00:00Z,3593,178641,CERAMILL COOLSTREAM WATER TANK,3,26594.4,79783.20000000001
C148,2022-09-14T00:00:00Z,103803,INTSCAI600,MEDIT SCANNER I600,50,124078.217,6203910.850000001
C149,2022-09-15T00:00:00Z,99345,PCSYSTEMG,PC SYSTEM G,4,19626.68,78506.72
C150,2022-09-20T00:00:00Z,102717,EASSHAV,EASYSHADE V 100-230V,1,33195.25,33195.25
C151,2022-09-22T00:00:00Z,11318,V14209,BASE SICURY 2P+T 16A. P302M PLANTA VIMAR,8,112.7975,902.38
C151,2022-09-22T00:00:00Z,90264,V14652.01,PLACA 2L TECN BLANCO,8,57.1413,457.13
C151,2022-09-22T00:00:00Z,90268,V14612,SOPORTE 2M CENTRALES CON TORNILLOS PLANA VIMAR,8,42.0213,336.17
C152,2022-09-26T00:00:00Z,102233,DBSOLIDWAX98X20,DISCO BLUE SOLID WAX 98 X 20MM,300,145.3608,43608.240000000005
C153,2022-09-30T00:00:00Z,3488,101915,BLUE PLACE HOLDER BOX SPECIAL DIAMETER,20,516.167,10323.34
C155,2022-09-30T00:00:00Z,3503,BAJA105268,BAJA AUSTROMAT 674 BASIC,5,133668.9,668344.5
C154,2022-09-30T00:00:00Z,97818,106449,AUSTROMAT 220,5,81568.348,407841.74
C153,2022-09-30T00:00:00Z,110674,105203,VACUUM PUMP PJ22260-838.3 R 115V 60 HZ,1,16633.89,16633.89
C153,2022-09-30T00:00:00Z,99072,106615,RESIN TANK 200 X 190 MM,6,3996.13,23976.78
C153,2022-09-30T00:00:00Z,92564,101726,PRESSING TABLE PRESS I DENT SEGMENTED,6,1381.995,8291.97
C153,2022-09-30T00:00:00Z,93489,101678,IRIN CHAMBER PRESS-I-DENT,1,12204.85,12204.85
C153,2022-09-30T00:00:00Z,110674,105203,VACUUM PUMP PJ22260-838.3 R 115V 60 HZ,1,16633.89,16633.89
C153,2022-09-30T00:00:00Z,95424,106001,SELLADO DEL ASIENTO ELEVADOR PRENSA 654,4,299.71,1198.84
C153,2022-09-30T00:00:00Z,92564,101726,PRESSING TABLE PRESS I DENT SEGMENTED,4,1381.995,5527.98
C155,2022-09-30T00:00:00Z,3494,105059,AUSTROMAT 654 PRESS I DENT,5,155278.706,776393.53
C156,2022-10-07T00:00:00Z,89431,T310,SCANNER DE MESA T310,30,72199.5457,2165986.3710000003
C156,2022-10-07T00:00:00Z,89427,T710,SCANNER DE MESA T710,5,162911.796,814558.98
C156,2022-10-07T00:00:00Z,89422,T510,SCANNER DE MESA T510,20,111076.2245,2221524.4899999998
C157,2022-10-11T00:00:00Z,85161,PN/02391,IMPRESORA 3D MAX UV 110-220V,4,152330.05,609320.2
C157,2022-10-11T00:00:00Z,97765,PN/04504,RESINA DENTAGUIDE 1KG BOTTLE,10,2239.05,22390.5
C157,2022-10-11T00:00:00Z,95540,PN/03000,RESINA DENTAMODEL 1KG BOTTLE ,10,2239.05,22390.5
C157,2022-10-11T00:00:00Z,111319,PN/03621,RESINA DENTATOOTH A1 500G BOTTLE,5,3198.644,15993.22
C157,2022-10-11T00:00:00Z,89497,PN/02501,5L MAX BUILD TRAY,10,2750.833,27508.33
C157,2022-10-11T00:00:00Z,111323,PN/05359,MAX RESELLER SERVICE TOOLKIT,1,10555.52,10555.52
C157,2022-10-11T00:00:00Z,111315,PN/04748,RESINA DENTACAST 1KG BOTTLE,10,2239.05,22390.5
C158,2022-10-12T00:00:00Z,92543,179164,CERAMILL MATCH 2 CAM DONGLE,8,18182.5038,145460.0304
C158,2022-10-12T00:00:00Z,90285,179156,CERAMILL MIND + MATCH 2,6,72584.5567,435507.3402
C159,2022-10-14T00:00:00Z,5465,985-0000,PINCEL PARA CERA,120,109.4178,13130.136
C159,2022-10-14T00:00:00Z,4589,112-0000,GANCHOS BONYHARD PEQ CERA VERDE 10 TABLI,10,250.987,2509.87
C159,2022-10-14T00:00:00Z,4715,312-4000,CARAMISTA PINCEL OPAQUER/BONDER,5,348.016,1740.08
C159,2022-10-14T00:00:00Z,4718,313-2006,CARAMISTA-N PINCEL NO.6,5,320.358,1601.79
C159,2022-10-14T00:00:00Z,89579,350-0701,K2 CILINDRO EN SILICONA PEQUEÑO 100G+ ZOCALO COMPLETO,1,779.23,779.23
C159,2022-10-14T00:00:00Z,111506,360-1005,K2 REVESTIMIENTO PARA CERAMICA PRESS UNIVERSAL 50 X 100G + LIQUIDO,20,1149.2965,22985.93
C159,2022-10-14T00:00:00Z,111509,411-1001,PIEZA DE MANO PARA WAXER NT PRO Y EASY,10,943.793,9437.93
C159,2022-10-14T00:00:00Z,89924,413-0115,EASY WAXER 115V,10,1804.616,18046.16
C159,2022-10-14T00:00:00Z,4760,415-0115,EASY WAXER DUO 115V,6,3053.1733,18319.04
C159,2022-10-14T00:00:00Z,4769,500-0018,COLOR SPACER ROJO 18ML,5,221.946,1109.73
C159,2022-10-14T00:00:00Z,4781,502-0018,DIE SPACER AMARILLO 18 ML,10,221.947,2219.47
C159,2022-10-14T00:00:00Z,4787,503-0018,DIE SPACER ARGENTEO 18 ML,15,221.9473,3329.21
C159,2022-10-14T00:00:00Z,4790,504-0018,DIE SPACER ORO 18 ML,15,221.9473,3329.21
C159,2022-10-14T00:00:00Z,4793,505-0018,DIE SPACER AZUL 18 ML,15,221.9473,3329.21
C159,2022-10-14T00:00:00Z,4799,506-0018,DIE SPACER DENTINA 18 ML,7,221.9471,1553.63
C159,2022-10-14T00:00:00Z,4814,540-0018,DIE HARDENER 18 ML,50,174.2388,8711.94
C159,2022-10-14T00:00:00Z,4832,581-0300,DIGISCAN SPRAY 300 ML,80,184.3796,14750.37
C159,2022-10-14T00:00:00Z,89940,709-0000,THOWAX CERA PARA MODELAR AZUL 70G,50,165.9418,8297.09
C159,2022-10-14T00:00:00Z,4886,710-0000,THOWAX CERA PARA MODELAR BEIGE 70G,200,145.199,29039.800000000003
C159,2022-10-14T00:00:00Z,4886,710-0000,THOWAX CERA PARA MODELAR BEIGE 70G,250,145.199,36299.75
C159,2022-10-14T00:00:00Z,4892,710-5100,IQ COMPACT ASHFREE CERA BEIGE 45 G,30,174.354,5230.62
C159,2022-10-14T00:00:00Z,4901,714-0000,THOWAX CERA PARA MODELAR GRIS 70G,150,147.9647,22194.704999999998
C159,2022-10-14T00:00:00Z,4901,714-0000,THOWAX CERA PARA MODELAR GRIS 70G,300,147.9647,44389.409999999996
C159,2022-10-14T00:00:00Z,4907,714-5100,IQ COMPACT ASHFREE CERA GRIS 45G,35,174.3574,6102.51
C159,2022-10-14T00:00:00Z,4925,720-0000,THOWAX CERA CERVICAL ROJA 70G,50,161.5166,8075.83
C159,2022-10-14T00:00:00Z,4940,738-5010,WAX GIANT CERA SUNLIGHT ASH-FREE 45G,14,261.1279,3655.79
C159,2022-10-14T00:00:00Z,4946,738-5020,WAX GIANT CERA SAHARA ASH-FREE 75G,11,259.2836,2852.12
C159,2022-10-14T00:00:00Z,4949,738-5030,WAX GIANT CERA IVORY ASH-FREE 75G,12,259.2833,3111.4
C159,2022-10-14T00:00:00Z,5156,850-4001,ARTLINE PLUS NO.01 ROJO,7,331.8829,2323.18
C159,2022-10-14T00:00:00Z,5165,850-6001,ARTLINE JOCHEN PETERS NO.01 PLATA,5,592.32,2961.6
C159,2022-10-14T00:00:00Z,5228,880-0000,PRECISIL SILICONA PARA DUPLICAR 1+1KG,65,979.0562,63638.653
C159,2022-10-14T00:00:00Z,5465,985-0000,PINCEL PARA CERA,100,93.3422,9334.220000000001
C159,2022-10-14T00:00:00Z,5468,986-0000,SAKURA LÁPIZ MARCADOR  0.5MM,15,131.3707,1970.56
C159,2022-10-14T00:00:00Z,5471,986-1000,"SAKURA MINA, AZUL, 12 PZ",5,119.156,595.78
C159,2022-10-14T00:00:00Z,89927,416-2000,CONTACT E DUO ESTACION DE DESPERTADOR,7,4283.37,29983.59
C159,2022-10-14T00:00:00Z,89982,956-0000,YETI EXPANSION PLUS REVESTIMIENTO 50X100G + 1 LIQUIDO,180,633.8052,114084.936
C159,2022-10-14T00:00:00Z,89982,956-0000,YETI EXPANSION PLUS REVESTIMIENTO 50X100G + 1 LIQUIDO,120,633.8052,76056.624
C159,2022-10-14T00:00:00Z,4709,312-3000,CARAMISTA PINCEL NO.0,15,197.056,2955.84
C159,2022-10-14T00:00:00Z,4706,312-2008,CARAMISTA PINCEL NO.8,15,263.4327,3951.49
C159,2022-10-14T00:00:00Z,4703,312-2006,CARAMISTA PINCEL NO.6,10,174.239,1742.39
C159,2022-10-14T00:00:00Z,4700,312-2004,CARAMISTA PINCEL NO.4,10,165.942,1659.42
C159,2022-10-14T00:00:00Z,4619,131-3500,PLANCHAS FINAMENTE VETEADAS VERDE .35 MM,12,203.2783,2439.34
C159,2022-10-14T00:00:00Z,4607,121-0000,RED PERFO REDOND ROJA 7.1X7CM 20 TABL,5,292.704,1463.52
C159,2022-10-14T00:00:00Z,4712,312-3001,CARAMISTA PINCEL NO.1,15,203.2787,3049.18
C161,2022-10-27T00:00:00Z,103803,INTSCAI600,MEDIT SCANNER I600,150,122482.6185,18372392.775
C161,2022-10-27T00:00:00Z,84025,INTSCAI700,MEDIT INTRA ORAL SCANNER I700,50,225572.1556,11278607.78
C162,2022-11-04T00:00:00Z,113680,AG328-06,REPL FILTER BAGS 6/BX,20,4257.3095,85146.19
C162,2022-11-04T00:00:00Z,113632,1-0022-1002,JETSTREAM WIDE 120V,20,27872.4405,557448.81
C162,2022-11-04T00:00:00Z,98027,F191S,HEPA FILTER JETSTREAM,15,1834.642,27519.63
C162,2022-11-04T00:00:00Z,83407,AG205-5,FILTER BAGS YELLOW F205 5/BX,50,2422.668,121133.40000000001
C163,2022-11-10T00:00:00Z,114072,LAPTOPG,LAPTOP G,9,20600.2978,185402.6802
C163,2022-11-10T00:00:00Z,114075,ESTSERV,ESTACION DE SERVICIO/SOPORTE TIPO CARRO PARA PROYECTOR,9,1401.0122,12609.11
C164,2022-11-16T00:00:00Z,11318,V14209,BASE SICURY 2P+T 16A. P302M PLANTA VIMAR,5,112.814,564.07
C164,2022-11-16T00:00:00Z,90268,V14612,SOPORTE 2M CENTRALES CON TORNILLOS PLANA VIMAR,5,43.784,218.92
C164,2022-11-16T00:00:00Z,90264,V14652.01,PLACA 2L TECN BLANCO,5,57.5,287.5
C165,2022-11-24T00:00:00Z,3614,178740,CERAMILL ARGOTHERM 2 INCL ARGOVENT,2,151180.455,302360.91
C165,2022-11-24T00:00:00Z,3566,176711,PORTAIMPRESIONES PARA SEMIPLACAS,1,2039.5,2039.5
C165,2022-11-24T00:00:00Z,3833,BAJA218760,BAJA ARTEX TYP CR,37,12829.6473,474696.9501
C165,2022-11-24T00:00:00Z,3533,116910,STEAMER X3 230V,5,19699.592,98497.96
C165,2022-11-24T00:00:00Z,4262,760975,ADDITIONAL ADAPTER CEREC 3 STK,3,1423.54,4270.62
C165,2022-11-24T00:00:00Z,3695,179294,SOPORTE PARA PIEZAS DE TRABAJO 98 MOTION 2 5X,14,11654.25,163159.5
C165,2022-11-24T00:00:00Z,3596,178642,CERAMILL COOLSTREAM CART,3,34082.8133,102248.4399
C165,2022-11-24T00:00:00Z,3827,218600,ARCO FACIAL ARTEX,19,7080.7389,134534.0391
C165,2022-11-24T00:00:00Z,3566,176711,PORTAIMPRESIONES PARA SEMIPLACAS,4,2039.4925,8157.97
C165,2022-11-24T00:00:00Z,100264,179250-DRY,FRESADORA CERAMILL MOTION 2 DRY,3,317158.8667,951476.6001
C165,2022-11-24T00:00:00Z,100264,179250-DRY,FRESADORA CERAMILL MOTION 2 DRY,3,315720.6633,947161.9899
C165,2022-11-24T00:00:00Z,100264,179250-DRY,FRESADORA CERAMILL MOTION 2 DRY,2,317158.87,634317.74
C166,2022-12-05T00:00:00Z,3749,181604,PRINTER PLATFORM ND 5100,2,1716.825,3433.65
C166,2022-12-05T00:00:00Z,95865,179296,ANILLO DE SELLADO EJE A O B MOTION 2 O 3,7,461.0786,3227.55
C166,2022-12-05T00:00:00Z,3674,179230,PINZA 3MM MOTION 2,5,3212.676,16063.38
C166,2022-12-05T00:00:00Z,3710,179319,PINZAS DE TENSION 3MM MIKRO,1,2409.51,2409.51
C166,2022-12-05T00:00:00Z,85712,179954,SENSOR DE REFERENCIA EJE B MIKRO 5X,2,2944.95,5889.9
C166,2022-12-05T00:00:00Z,85719,179923,TOOL LENGTH SENSOR MIKRO 5X,5,8507.64,42538.2
C166,2022-12-05T00:00:00Z,3701,179303,SENSOR DE LONGITUD,5,5071.862,25359.31
C166,2022-12-05T00:00:00Z,3776,181810,NEXTDENT LC 3DMIXER AG,1,4447.18,4447.18
C166,2022-12-05T00:00:00Z,3773,181800,NEXTDENT LC 3D PRINT BOX AG,1,22310.24,22310.24
C166,2022-12-05T00:00:00Z,115330,179210,UNIDAD MANTENIMIENTO MOTION M X BASE,1,1427.85,1427.85
C167,2022-12-05T00:00:00Z,97247,4682-52,COMPRESOR QUATRRO TANDEM CON 2 SECADORES,2,178044.95,356089.9
C166,2022-12-05T00:00:00Z,115326,180177,BOMBA DE REFRIGERANTE MIKRO IC/M2I/M2DNA,3,6276.6133,18829.8399
C166,2022-12-05T00:00:00Z,85532,180208,X/Y/Z AXIS MOTOR INCL ENCODER 4X AND 5X FOR MIKRO 4X 5X IC CS,4,3376.2825,13505.13
C166,2022-12-05T00:00:00Z,85792,180209,A AXIS MOTOR INCL ENCODER 4X AND 5X FOR MIKRO 4X 5X MOTION 2,5,3376.284,16881.420000000002
C166,2022-12-05T00:00:00Z,99143,179933,GAS PRESSURE SPRING MOTION 2,4,2275.645,9102.58
C166,2022-12-05T00:00:00Z,93851,179292,SPLASH GUARD 2.0 MOTION 2 + HOLDER,4,4833.885,19335.54
C168,2022-12-08T00:00:00Z,4070,760301,DISCO CERAMILL TEST 71 L,10,422.599,4225.99
C168,2022-12-08T00:00:00Z,100264,179250-DRY,FRESADORA CERAMILL MOTION 2 DRY,3,314437.2967,943311.8901
C168,2022-12-08T00:00:00Z,100264,179250-DRY,FRESADORA CERAMILL MOTION 2 DRY,3,315869.6567,947608.9701
C168,2022-12-08T00:00:00Z,3977,576720,GIROFORM CLASSIC L 100PCS,25,613.4508,15336.27
C168,2022-12-08T00:00:00Z,3557,176701,GIROFORM PIN DRILL 100-230V,3,23883.68,71651.04000000001
C168,2022-12-08T00:00:00Z,3827,218600,ARCO FACIAL ARTEX,27,7051.9563,190402.82009999998
C168,2022-12-08T00:00:00Z,100264,179250-DRY,FRESADORA CERAMILL MOTION 2 DRY,1,315869.65,315869.65
C168,2022-12-08T00:00:00Z,99530,760300,DISCO CERAMILL TEST 98 X 20,100,422.5994,42259.94
C168,2022-12-08T00:00:00Z,115691,218140,PLATO ESTANDAR INC 218141 218142,1,490.76,490.76
C168,2022-12-08T00:00:00Z,115687,217341,TONILLO SUPERIOR GUIDA INCISALE ARTEX C,2,231.745,463.49
C168,2022-12-08T00:00:00Z,3797,216235,CONTRA PLACA SPLITEX CLASSIC PLACAS DE R,25,1513.1784,37829.46
C168,2022-12-08T00:00:00Z,99643,217589,GUIA INCISAL CON AGUJA DE INCISION,2,667.98,1335.96
C168,2022-12-08T00:00:00Z,115683,217586,SUJETAESPIGA,2,831.565,1663.13
C168,2022-12-08T00:00:00Z,96744,761086,DISCO A SPLINT 98 X 20 PMMA,103,654.3474,67397.7822
C168,2022-12-08T00:00:00Z,115679,760707,FRESA ROTO RFID 1.2 R TITAN DM,10,467.391,4673.91
C168,2022-12-08T00:00:00Z,115675,760706,FRESA ROTO RFID 1.0 TITAN DM,10,467.391,4673.91
C168,2022-12-08T00:00:00Z,115671,760705,FRESA ROTO RFID 1.2 TITAN DM,10,467.391,4673.91
C168,2022-12-08T00:00:00Z,115667,760704,FRESA ROTO RFID 1.5 TITAN DM,15,467.3907,7010.86
C168,2022-12-08T00:00:00Z,115663,760703,FRESA ROTO RFID 2.0 TITAN DM,20,467.391,9347.82
C168,2022-12-08T00:00:00Z,4019,751003,FRESA ROTO RFID 1.5 T SHAPE,5,895.832,4479.16
C168,2022-12-08T00:00:00Z,115651,761801,DISCO CERAMILL ZOLID FX ML C1/C2 98 X 16 NZRO2,15,2595.578,38933.67
C168,2022-12-08T00:00:00Z,92448,761789,DISCO CERAMILL ZOLID FX ML 0/B1 98 X 16 N,53,2595.5779,137565.6287
C168,2022-12-08T00:00:00Z,4373,761781,DISCO CERAMILL ZOLID FX ML A2/A3 98 X 16 N,102,2595.578,264748.956
C168,2022-12-08T00:00:00Z,4370,761777,DISCO CERAMILL ZOLID FX ML 0/A1 98 X 16 N,103,2595.5781,267344.5443
C168,2022-12-08T00:00:00Z,97164,766167,DISCO CERAMILL ZOLID HT + PS A2 98 X 16,103,2126.629,219042.78699999998
C168,2022-12-08T00:00:00Z,97160,766166,DISCO CERAMILL ZOLID HT + PS A2 98 X 14,152,1952.1364,296724.7328
C168,2022-12-08T00:00:00Z,97157,766160,DISCO CERAMILL ZOLID HT + PS A1 98 X 16,152,2126.6291,323247.62320000003
C168,2022-12-08T00:00:00Z,96733,766159,DISCO CERAMILL ZOLID HT + PS A1 98 X 14,153,1952.1364,298676.8692
C168,2022-12-08T00:00:00Z,85841,760668,FRESA ROTO RFID 2.5 PMMA WAX DM 2.5,40,730.2985,29211.94
C168,2022-12-08T00:00:00Z,85844,760669,FRESA ROTO RFID 1.0 PMMA WAX DM 1.0,40,730.2985,29211.94
C168,2022-12-08T00:00:00Z,4241,760663,FRESA ROTO RFID 0.3 ZI,10,710.824,7108.24
C168,2022-12-08T00:00:00Z,4238,760662,FRESA ROTO RFID 0.6 ZI DM,125,710.8238,88852.975
C168,2022-12-08T00:00:00Z,4232,760660,FRESA ROTO RFID 2.5 ZI DM,175,710.8238,124394.16500000001
C168,2022-12-08T00:00:00Z,4235,760661,FRESA ROTO RFID 1.0 ZI DM,175,710.8238,124394.16500000001
C168,2022-12-08T00:00:00Z,3833,BAJA218760,BAJA ARTEX TYP CR,5,16428.21,82141.04999999999
C168,2022-12-08T00:00:00Z,3827,218600,ARCO FACIAL ARTEX,2,10074.22,20148.44
C168,2022-12-08T00:00:00Z,92543,179164,CERAMILL MATCH 2 CAM DONGLE,2,13388.805,26777.61
C168,2022-12-08T00:00:00Z,3593,178641,CERAMILL COOLSTREAM WATER TANK,2,24298.49,48596.98
C168,2022-12-08T00:00:00Z,103775,181350-DRY,FRESADORA CERAMILL MOTION 3 DRY,2,470069.74,940139.48
C168,2022-12-08T00:00:00Z,92448,761789,DISCO CERAMILL ZOLID FX ML 0/B1 98 X 16 N,51,2595.578,132374.478
C168,2022-12-08T00:00:00Z,4373,761781,DISCO CERAMILL ZOLID FX ML A2/A3 98 X 16 N,103,2595.5781,267344.5443
C168,2022-12-08T00:00:00Z,4370,761777,DISCO CERAMILL ZOLID FX ML 0/A1 98 X 16 N,102,2595.578,264748.956
C168,2022-12-08T00:00:00Z,97164,766167,DISCO CERAMILL ZOLID HT + PS A2 98 X 16,102,2126.6291,216916.16820000001
C168,2022-12-08T00:00:00Z,97160,766166,DISCO CERAMILL ZOLID HT + PS A2 98 X 14,153,1952.1364,298676.8692
C168,2022-12-08T00:00:00Z,97157,766160,DISCO CERAMILL ZOLID HT + PS A1 98 X 16,153,2126.6291,325374.2523
C168,2022-12-08T00:00:00Z,96733,766159,DISCO CERAMILL ZOLID HT + PS A1 98 X 14,152,1952.1364,296724.7328
C168,2022-12-08T00:00:00Z,85841,760668,FRESA ROTO RFID 2.5 PMMA WAX DM 2.5,40,730.2985,29211.94
C168,2022-12-08T00:00:00Z,85844,760669,FRESA ROTO RFID 1.0 PMMA WAX DM 1.0,40,730.2985,29211.94
C168,2022-12-08T00:00:00Z,4241,760663,FRESA ROTO RFID 0.3 ZI,10,710.824,7108.24
C168,2022-12-08T00:00:00Z,4238,760662,FRESA ROTO RFID 0.6 ZI DM,125,710.8238,88852.975
C168,2022-12-08T00:00:00Z,4232,760660,FRESA ROTO RFID 2.5 ZI DM,175,710.8238,124394.16500000001
C168,2022-12-08T00:00:00Z,4235,760661,FRESA ROTO RFID 1.0 ZI DM,175,710.8238,124394.16500000001
C168,2022-12-08T00:00:00Z,115713,180145,RW-X/Y/Z AXIS MOTOR INCL ENCODER MATIK,2,6816.12,13632.24
C168,2022-12-08T00:00:00Z,115709,180136,C AXIS MOTOR INCL ENCODER MATIK,1,3612.54,3612.54
C168,2022-12-08T00:00:00Z,115705,180127,B AXIS MOTOR INCL ENDOCER MATIK,1,4771.29,4771.29
C168,2022-12-08T00:00:00Z,115699,180114,AB AXIS COMPLETE MATIK INCL MOTOR AND ENCODER,1,54174.51,54174.51
C168,2022-12-08T00:00:00Z,115695,180138,X/Y/Z AXIS MOTOR INCL ENCODER MATIK,1,3612.54,3612.54
C168,2022-12-08T00:00:00Z,85514,179302,X/Y/Z AXIS MOTOR INCL ENCODER PARA MOTION 2 O 3,3,2849.14,8547.42
C168,2022-12-08T00:00:00Z,3701,179303,SENSOR DE LONGITUD,5,4416.846,22084.229999999996
C168,2022-12-08T00:00:00Z,85786,180205,ELEMENTO CALEFACTOR T3 AT2 4PCS,5,14027.572,70137.86
C168,2022-12-08T00:00:00Z,4262,760975,ADDITIONAL ADAPTER CEREC 3 STK,3,1417.7533,4253.26
C168,2022-12-08T00:00:00Z,3680,179260,GK 3FACH MOTION 2 5X HOLDER DE VICTROCERAMICA,10,20434.724,204347.24
C168,2022-12-08T00:00:00Z,3740,181600,NEXTDENT 5100 AG,2,146059.69,292119.38
C168,2022-12-08T00:00:00Z,3533,116910,STEAMER X3 230V,2,19619.515,39239.03
C168,2022-12-08T00:00:00Z,3809,BAJA217320,BAJA ARTEX TYP CT,37,5620.5716,207961.1492
C168,2022-12-08T00:00:00Z,3833,BAJA218760,BAJA ARTEX TYP CR,4,12777.495,51109.98
C168,2022-12-08T00:00:00Z,3566,176711,PORTAIMPRESIONES PARA SEMIPLACAS,4,2031.2025,8124.81
C168,2022-12-08T00:00:00Z,3563,176710,GIROFORM CARBURO DE TUNGSTENO BURR,10,545.289,5452.89
C168,2022-12-08T00:00:00Z,3536,116912,CONJUNTO DE EMPAQUETADURAS PARA TAPA,5,163.586,817.93
C168,2022-12-08T00:00:00Z,4523,875540,ZOLID SINTER STATE POLISHING KIT,10,1758.559,17585.59
C168,2022-12-08T00:00:00Z,4070,760301,DISCO CERAMILL TEST 71 L,10,422.599,4225.99
C168,2022-12-08T00:00:00Z,99530,760300,DISCO CERAMILL TEST 98 X 20,100,422.5994,42259.94
C168,2022-12-08T00:00:00Z,115691,218140,PLATO ESTANDAR INC 218141 218142,2,490.76,981.52
C168,2022-12-08T00:00:00Z,115687,217341,TONILLO SUPERIOR GUIDA INCISALE ARTEX C,3,231.7467,695.24
C168,2022-12-08T00:00:00Z,3797,216235,CONTRA PLACA SPLITEX CLASSIC PLACAS DE R,25,1513.1784,37829.46
C168,2022-12-08T00:00:00Z,99643,217589,GUIA INCISAL CON AGUJA DE INCISION,3,667.98,2003.94
C168,2022-12-08T00:00:00Z,115683,217586,SUJETAESPIGA,3,831.5667,2494.7
C168,2022-12-08T00:00:00Z,96744,761086,DISCO A SPLINT 98 X 20 PMMA,102,654.3475,66743.44499999999
C168,2022-12-08T00:00:00Z,115679,760707,FRESA ROTO RFID 1.2 R TITAN DM,10,467.391,4673.91
C168,2022-12-08T00:00:00Z,115675,760706,FRESA ROTO RFID 1.0 TITAN DM,10,467.391,4673.91
C168,2022-12-08T00:00:00Z,115671,760705,FRESA ROTO RFID 1.2 TITAN DM,10,467.391,4673.91
C168,2022-12-08T00:00:00Z,115667,760704,FRESA ROTO RFID 1.5 TITAN DM,15,467.3907,7010.86
C168,2022-12-08T00:00:00Z,115663,760703,FRESA ROTO RFID 2.0 TITAN DM,20,467.391,9347.82
C168,2022-12-08T00:00:00Z,115659,760702,FRESA ROTO RFID 3.0 TITAN DM,20,467.391,9347.82
C168,2022-12-08T00:00:00Z,4019,751003,FRESA ROTO RFID 1.5 T SHAPE,5,895.832,4479.16
C168,2022-12-08T00:00:00Z,4016,751002,FRESA ROTO RFID 0.6 ST DM,10,798.459,7984.59
C168,2022-12-08T00:00:00Z,4013,751001,FRESA ROTO RFID 1.2 ST DM,15,798.46,11976.9
C168,2022-12-08T00:00:00Z,96730,766822,DISCO ZOLID GEN X A1 98 X 22,25,2736.1848,68404.62
C168,2022-12-08T00:00:00Z,96148,766027,DISCO CERAMILL ZOLID HT + WHITE 98 X 25,20,2944.563,58891.26
C168,2022-12-08T00:00:00Z,4430,766022,DISCO CERAMILL ZOLID HT + WHITE 98 X 14,45,1952.1364,87846.138
C168,2022-12-08T00:00:00Z,115655,761809,DISCO CERAMILL ZOLID FX ML D2/D3 98 X 16 NZRO2,14,2595.5786,36338.1
C168,2022-12-08T00:00:00Z,4637,178650-NTR,COOLING LIQUID,33,995.1533,32840.06
C168,2022-12-08T00:00:00Z,4637,178650-NTR,COOLING LIQUID,32,995.1531,31844.9
C168,2022-12-08T00:00:00Z,115659,760702,FRESA ROTO RFID 3.0 TITAN DM,20,467.391,9347.82
C168,2022-12-08T00:00:00Z,4016,751002,FRESA ROTO RFID 0.6 ST DM,10,798.459,7984.59
C168,2022-12-08T00:00:00Z,4013,751001,FRESA ROTO RFID 1.2 ST DM,15,798.46,11976.9
C168,2022-12-08T00:00:00Z,96730,766822,DISCO ZOLID GEN X A1 98 X 22,25,2736.1848,68404.62
C168,2022-12-08T00:00:00Z,96148,766027,DISCO CERAMILL ZOLID HT + WHITE 98 X 25,20,2944.563,58891.26
C168,2022-12-08T00:00:00Z,4430,766022,DISCO CERAMILL ZOLID HT + WHITE 98 X 14,46,1952.1365,89798.27900000001
C168,2022-12-08T00:00:00Z,115655,761809,DISCO CERAMILL ZOLID FX ML D2/D3 98 X 16 NZRO2,17,2595.5782,44124.83
C168,2022-12-08T00:00:00Z,115651,761801,DISCO CERAMILL ZOLID FX ML C1/C2 98 X 16 NZRO2,16,2595.5781,41529.25
C168,2022-12-08T00:00:00Z,3716,179560,MAP 600,2,185008.94,370017.88
C168,2022-12-08T00:00:00Z,115695,180138,X/Y/Z AXIS MOTOR INCL ENCODER MATIK,1,3612.54,3612.54
C168,2022-12-08T00:00:00Z,85514,179302,X/Y/Z AXIS MOTOR INCL ENCODER PARA MOTION 2 O 3,2,2849.135,5698.27
C168,2022-12-08T00:00:00Z,3701,179303,SENSOR DE LONGITUD,5,4416.846,22084.229999999996
C168,2022-12-08T00:00:00Z,85786,180205,ELEMENTO CALEFACTOR T3 AT2 4PCS,5,14027.572,70137.86
C168,2022-12-08T00:00:00Z,3680,179260,GK 3FACH MOTION 2 5X HOLDER DE VICTROCERAMICA,2,20434.725,40869.45
C168,2022-12-08T00:00:00Z,3740,181600,NEXTDENT 5100 AG,2,146059.69,292119.38
C168,2022-12-08T00:00:00Z,3977,576720,GIROFORM CLASSIC L 100PCS,25,613.4508,15336.27
C168,2022-12-08T00:00:00Z,3827,218600,ARCO FACIAL ARTEX,9,7051.9556,63467.6004
C168,2022-12-08T00:00:00Z,3563,176710,GIROFORM CARBURO DE TUNGSTENO BURR,10,545.289,5452.89
C168,2022-12-08T00:00:00Z,3536,116912,CONJUNTO DE EMPAQUETADURAS PARA TAPA,5,163.586,817.93
C168,2022-12-08T00:00:00Z,4523,875540,ZOLID SINTER STATE POLISHING KIT,10,1758.559,17585.59
C169,2022-12-20T00:00:00Z,116227,179993,SPINDLE 235L X AXIS,1,14379.6,14379.6
C170,2023-01-03T00:00:00Z,93492,101522,PUMP KIT 838.3,2,3342.13,6684.26
C170,2023-01-03T00:00:00Z,116525,101807-01,INVESTMENT RING TRIXPRESS SET,5,9642.048,48210.240000000005
C170,2023-01-03T00:00:00Z,93506,100043,GEARBOX COMPLETE 654 I,6,8906.7783,53440.6698
C170,2023-01-03T00:00:00Z,93486,100216,"HEATING MUFFLE, LARGE KIT",1,1119.62,1119.62
C170,2023-01-03T00:00:00Z,98939,105470,HEIZKÖRPER MIT SCHRAUBEN SET 664 (BIS NR K004),2,7235.715,14471.43
C170,2023-01-03T00:00:00Z,92586,101219,EQUALIZER C67 1050MM,3,1487.25,4461.75
C170,2023-01-03T00:00:00Z,92561,100324,HEATING MUFFLE 11 OHM 115V,4,5932.2825,23729.13
C170,2023-01-03T00:00:00Z,87059,101734,FIRING TABLE PRESS-I-DENT PLAIN,3,1386.9867,4160.96
C170,2023-01-03T00:00:00Z,92558,101733,FIRING TABLE STANDARD,2,1386.985,2773.97
C171,2023-01-04T00:00:00Z,116580,SOLENOIDEPARMX,SOLENOIDE 230V 50 HZ - 240V 60 HZ,5,558.39,2791.95
C172,2023-01-06T00:00:00Z,96139,181150,MIND ULTIMATE BUNDLE,1,161276.14,161276.14
C172,2023-01-06T00:00:00Z,90285,179156,CERAMILL MIND + MATCH 2,7,102576.9071,718038.3497
C173,2023-01-09T00:00:00Z,117090,180424,MOTION 2 DNA FRENTE 5MM,1,24939.39,24939.39
C173,2023-01-09T00:00:00Z,117090,180424,MOTION 2 DNA FRENTE 5MM,1,24939.39,24939.39
C173,2023-01-09T00:00:00Z,117094,180423,PUERTA MOTION 2 DNA 5MM,1,15909.19,15909.19
C173,2023-01-09T00:00:00Z,117094,180423,PUERTA MOTION 2 DNA 5MM,1,15909.19,15909.19
C174,2023-01-10T00:00:00Z,117002,25201003,ANAXGUM PAINT FLOW RED 3G,5,863.644,4318.22
C174,2023-01-10T00:00:00Z,116995,25104005,ANAXGUM GINGIVA PASTE PURPLE PINK 4G,5,906.93,4534.65
C174,2023-01-10T00:00:00Z,116992,25103005,ANAXGUM GINGIVA PASTE ORANGE PINK 4G,5,906.93,4534.65
C174,2023-01-10T00:00:00Z,116985,25102005,ANAXGUM GINGIVA PASTE DARK PINK 4G,3,906.9133,2720.74
C174,2023-01-10T00:00:00Z,116982,25153003,ANAXGUM GINGIVA FLOW ORANGE PINK 3G,5,598.416,2992.08
C174,2023-01-10T00:00:00Z,116979,25151003,ANAXGUM GINGIVA FLOW LIGHT PINK 3G,5,598.416,2992.08
C174,2023-01-10T00:00:00Z,116976,25001003,ANAXGUM PO I 3G,5,659.576,3297.88
C174,2023-01-10T00:00:00Z,103918,20700010,ANAXBLEND DIVORCE 20 ML,20,376.5415,7530.83
C174,2023-01-10T00:00:00Z,116973,20700009,ANAXBLEND MODEL LC,5,619.952,3099.76
C174,2023-01-10T00:00:00Z,103915,16810005,ANAXBLEND METAL BONDER 5ML,10,1743.138,17431.38
C174,2023-01-10T00:00:00Z,103912,16810010,ANAXBLEND ZIRCON BONDER 5ML,3,1542.7067,4628.12
C174,2023-01-10T00:00:00Z,103908,20700006,ANAXBLEND BOND LC 10ML,10,1057.611,10576.11
C174,2023-01-10T00:00:00Z,103900,20700008,ANAXBLEND PEKK BLOND 10 ML,5,1167.85,5839.25
C174,2023-01-10T00:00:00Z,103923,20810001,ANAXBLEND COLORS S SET 8 X 1 G,10,3584.282,35842.82
C174,2023-01-10T00:00:00Z,116970,20810801,ANAXBLEND COLORS S CHOCO 1G,2,462.79,925.58
C174,2023-01-10T00:00:00Z,116966,20810701,ANAXBLEND COLORS S BROWN 1G,2,462.79,925.58
C174,2023-01-10T00:00:00Z,116963,20810601,ANAXBLENT COLORS S KHAKI 1G,3,462.79,1388.37
C174,2023-01-10T00:00:00Z,116960,20810501,ANAXBLEND COLORS S BLUE 1G,5,462.746,2313.73
C174,2023-01-10T00:00:00Z,116956,20810401,ANAXBLEND COLORS S ORANGE 1G,5,462.746,2313.73
C174,2023-01-10T00:00:00Z,116952,20810301,ANAXBLEND COLORS S YELLOW 1G,5,462.746,2313.73
C174,2023-01-10T00:00:00Z,116949,20810201,ANAXBLEND COLORS S WHITE 1G,5,462.746,2313.73
C174,2023-01-10T00:00:00Z,116946,20810101,ANAXBLEND COLORS S CLEAR 1G,5,462.746,2313.73
C174,2023-01-10T00:00:00Z,116943,20302003,ANAXBLEND PASTEN OPAQUER O A2 3G,1,376.86,376.86
C174,2023-01-10T00:00:00Z,116940,20301003,ANAXBLEND OPAQUER O A1 3G,3,376.9367,1130.81
C174,2023-01-10T00:00:00Z,103941,20055805,ANAXBLEND ENAMEL S58 PASTE 4G,2,470.005,940.01
C174,2023-01-10T00:00:00Z,103926,20055705,ANAXBLEND ENAMEL S57 PASTE 4G,2,470.005,940.01
C174,2023-01-10T00:00:00Z,116937,20013005,ANAXBLEND DENTIN A3 PASTE 4G,2,438.99,877.98
C174,2023-01-10T00:00:00Z,103888,200000X3,ANAXBLEND KIT XL FLOW,1,9587.86,9587.86
C175,2023-01-10T00:00:00Z,8282,MFTT493M2,MFT T49 3M2,53,97.2466,5154.07
C175,2023-01-10T00:00:00Z,7742,MFTL403M2,MFT L40 3M2,4,97.2475,388.99
C175,2023-01-10T00:00:00Z,7952,MFTPU293M2,MFT PU29 3M2,84,97.2467,8168.72
C175,2023-01-10T00:00:00Z,7922,MFTPL333M2,MFT PL33 3M2,238,97.2466,23144.6908
C175,2023-01-10T00:00:00Z,8012,MFTPU333M2,MFT PU33 3M2,53,97.2466,5154.07
C175,2023-01-10T00:00:00Z,7772,MFTO403M2,MFT O40 3M2,28,97.2464,2722.9
C174,2023-01-10T00:00:00Z,103884,200000S3,ANAXBLEND KIT S FLOW,2,2132.405,4264.81
C174,2023-01-10T00:00:00Z,116925,20654003,ANAXBLEND TRANSPA HT 54 YELLOWISH FLOW 3G,3,474.4167,1423.25
C174,2023-01-10T00:00:00Z,116739,16100250,OUTLINE LIQUID 250ML,5,1802.23,9011.15
C174,2023-01-10T00:00:00Z,116921,20230013,ANAXBLEND TRANSPA NT TRASLUCENT FLOW 3G,4,363.405,1453.62
C174,2023-01-10T00:00:00Z,116917,20230003,ANAXBLEND TRANSPA CL 0 CRYSTAL CLEAR FLOW 3G,4,363.405,1453.62
C174,2023-01-10T00:00:00Z,116914,72007081,BIG BLOCK DISPENSER GUN,5,1009.996,5049.98
C174,2023-01-10T00:00:00Z,116911,20225820,ANAXBLEND ENAMEL S 58 FLOW BIG BLOCK 20G,2,1809.49,3618.98
C174,2023-01-10T00:00:00Z,116907,20225720,ANAXBLEND ENAMEL S 57 FLOW BIG BLOCK 20G,2,1809.49,3618.98
C174,2023-01-10T00:00:00Z,116903,2022SI43,ANAXBLEND ENAMEL SI 06 ORANGE FLOW 3G,2,363.405,726.81
C174,2023-01-10T00:00:00Z,116899,2022SI13,ANAXBLEND ENAMEL SI 02 YELLOW FLOW 3G,2,363.405,726.81
C174,2023-01-10T00:00:00Z,116895,20225803,ANAXBLEND ENAMEL S 58 FLOW 3G,3,363.37,1090.11
C174,2023-01-10T00:00:00Z,116851,20225703,ANAXBLEND ENAMEL S 57 FLOW 3G,3,363.37,1090.11
C174,2023-01-10T00:00:00Z,116847,20225003,ANAXBLEND ENAMEL SCHNEIDE S AB FLOW 3G,3,363.37,1090.11
C174,2023-01-10T00:00:00Z,116844,20213003,ANAXBLENT DENTIN A3 FLOW 3G,2,363.405,726.81
C174,2023-01-10T00:00:00Z,116840,20212003,ANAXBLEND DENTN D A2 FLOW 3G,2,363.405,726.81
C174,2023-01-10T00:00:00Z,116836,20211003,ANAXBLENT DENTIN A1 FLOW 3G,2,363.405,726.81
C174,2023-01-10T00:00:00Z,116832,20210003,ANAXBLEND DENTIN AB FLOW 3G,2,363.405,726.81
C174,2023-01-10T00:00:00Z,116828,17330100,ACRYLINE POWDER INTENSE VIOLET 100G,2,529.115,1058.23
C174,2023-01-10T00:00:00Z,116824,17300100,ACRYLINE POWDER INTENSE RED 100G,5,529.118,2645.59
C174,2023-01-10T00:00:00Z,116820,17000010,ACRYLINE SHADE GUIDE SET,4,486.9075,1947.63
C174,2023-01-10T00:00:00Z,116816,17100100,ACRYLINE LIQUID 100ML,6,413.7617,2482.57
C174,2023-01-10T00:00:00Z,116812,17010500,ACRYLINE POWDER CLAER 500G,5,1166.428,5832.14
C174,2023-01-10T00:00:00Z,116808,17040005,ACRYLINE STUTTGART COMPOSITION 100G,5,468.648,2343.24
C174,2023-01-10T00:00:00Z,116804,17020100,ACRYLINE POWDER LIGTH PINK 100G,10,415.175,4151.75
C174,2023-01-10T00:00:00Z,116800,17610100,ACRYLINE POWDER REGULAR 100G,2,415.2,830.4
C174,2023-01-10T00:00:00Z,116793,17010100,ACRYLINE POWDER CLEAR 100G,18,415.1728,7473.11
C174,2023-01-10T00:00:00Z,116789,29300003,TRAY UK CLEAR 25 PCS,10,1085.37,10853.7
C174,2023-01-10T00:00:00Z,116785,29300002,TRAY OK CLEAR 25 PCS,10,1085.37,10853.7
C174,2023-01-10T00:00:00Z,103873,24000001,MOCK UP SET A1,5,2047.3,10236.5
C174,2023-01-10T00:00:00Z,103865,24100002,MOCK UP DIRECT KIT FLOW,10,1153.421,11534.21
C174,2023-01-10T00:00:00Z,116797,24100102,MOCK UP DIRECT DENTIN FLOW A1 2G,30,433.9327,13017.98
C174,2023-01-10T00:00:00Z,103950,72007080,DISPENSER GUN,20,1009.997,20199.94
C174,2023-01-10T00:00:00Z,116775,16012076,VISCO III A2 76G,5,1255.582,6277.91
C174,2023-01-10T00:00:00Z,116771,16011076,VISCO III A1 76G,25,1255.6004,31390.01
C174,2023-01-10T00:00:00Z,103845,16000005,NEW OUTLINE INTRO KIT,30,850.6443,25519.33
C174,2023-01-10T00:00:00Z,103848,16000001,OUTLINE STARTER KIT S,5,8159.74,40798.7
C174,2023-01-10T00:00:00Z,103858,16201010,OUTLINE SKIN GLAZE 10ML,10,730.967,7309.67
C174,2023-01-10T00:00:00Z,103855,16200010,OUTLINE SKIN PRIMER 10ML,10,449.05,4490.5
C174,2023-01-10T00:00:00Z,116735,16100100,OUTLINE LIQUID 100ML,20,994.8255,19896.51
C174,2023-01-10T00:00:00Z,116731,16016100,OUTLINE INCISAL LOW VALUE 100G,2,993.415,1986.83
C174,2023-01-10T00:00:00Z,116727,16022100,OUTLINE INCISAL MEDIUM VALUE 100G,10,993.415,9934.15
C174,2023-01-10T00:00:00Z,116723,16015100,OUTLINE TRASNPA CLEAR 100G,2,993.415,1986.83
C174,2023-01-10T00:00:00Z,116719,16018100,OUTLINE DENTIN B1 100G,3,993.4133,2980.24
C174,2023-01-10T00:00:00Z,116714,16013100,OUTLINE DENTIN A3 100G,3,993.4133,2980.24
C174,2023-01-10T00:00:00Z,116710,16012100,OUTLINE DENTIN A2 100G,10,993.415,9934.15
C174,2023-01-10T00:00:00Z,116700,16011100,OUTLINE DENTIN A1 100G,10,993.415,9934.15
C174,2023-01-10T00:00:00Z,116694,16000100,OUTLINE DENTIN AB BLEACH F 100G,5,993.414,4967.07
C174,2023-01-10T00:00:00Z,116781,16990006,MIXING TIPS BLUE 4:1 PACK OF 50 16990002,5,607.29,3036.45
C174,2023-01-10T00:00:00Z,116998,25105005,ANAXGUM GINGIVA PASTE BROWN PINK 4G,2,917.825,1835.65
C174,2023-01-10T00:00:00Z,116933,20012005,ANAXBLEND DENTIN D A2 PASTE 4G,5,438.972,2194.86
C174,2023-01-10T00:00:00Z,103888,200000X3,ANAXBLEND KIT XL FLOW,2,4793.825,9587.65
C174,2023-01-10T00:00:00Z,116929,20011005,ANAXBLEND DENTIN D A1 PASTE 4G,5,438.972,2194.86
C174,2023-01-10T00:00:00Z,103881,200000I2,ANAXBLEND INTRO KIT A2 FLOW,1,467.74,467.74
C174,2023-01-10T00:00:00Z,103962,72000210,PASTA GRIGIA II,10,790.769,7907.69
C174,2023-01-10T00:00:00Z,103959,72000205,PASTA GRIGIA I,20,618.4885,12369.77
C174,2023-01-10T00:00:00Z,103956,72000200,PASTA ROSSA 3G,25,554.7444,13868.61
C174,2023-01-10T00:00:00Z,117035,72007056,MATRIX FLOW 56 VIOLET 2 X 50ML CARTRIDGE,1,887.25,887.25
C174,2023-01-10T00:00:00Z,117032,72007072,MATRIX FLOW 70 GINGIVA PINK 2 X 50 ML,40,887.2468,35489.87
C174,2023-01-10T00:00:00Z,117029,72007070,MATRIX FLOW 70 CLEAR 2 X 50ML CARTRIDGE,40,835.5625,33422.5
C174,2023-01-10T00:00:00Z,117025,72006060,MATRIX FORM 60 A + B 1KG PACKAGE,10,1283.493,12834.93
C174,2023-01-10T00:00:00Z,117022,72005002,MATRIX CAST 26 A + BORANGE 2KG PACKAGE,5,1236.116,6180.58
C174,2023-01-10T00:00:00Z,117019,72005001,MATIX CAST 22 A+ B CLEAR 2KG PACKAGE,10,1886.476,18864.76
C174,2023-01-10T00:00:00Z,103947,25001001,ANAXGUM KIT XL,2,8347.87,16695.74
C174,2023-01-10T00:00:00Z,103944,25001000,ANAXGUM KIT S,5,3013.322,15066.61
C174,2023-01-10T00:00:00Z,117016,25205003,ANAXGUM PAINT YELLOW 3G,2,863.67,1727.34
C174,2023-01-10T00:00:00Z,117011,25204003,ANAXGUM PAINT DARK BROWN 3G,2,863.67,1727.34
C174,2023-01-10T00:00:00Z,117008,25203003,ANABLEND PAINT CREAM 3G,5,863.644,4318.22
C174,2023-01-10T00:00:00Z,117005,25202003,ANAXGUM PAINT PURPLE 3G,5,863.644,4318.22
C176,2023-01-11T00:00:00Z,6965,IPD/KA-IW-50,GUIA CORTE INTERFASE W0 H 5.0MM,3,332.3733,997.12
C176,2023-01-11T00:00:00Z,6614,IPD/AB-BR-01,PILAR CR-CO ROTATIVO 4.8,40,254.8195,10192.78
C176,2023-01-11T00:00:00Z,6626,IPD/AB-IR-01/3D,INTERFASE ROTATIVA MULTIUNIT 4.8 H 0.2 ,60,265.8987,15953.92
C176,2023-01-11T00:00:00Z,6635,IPD/AB-SR-01,SCAN BODY ROTATIVO 4.8 H 10MM,23,443.1643,10192.78
C176,2023-01-11T00:00:00Z,6638,IPD/AB-TR-00,TORNILLO TI UNIGRIP M1.4,120,66.4747,7976.964
C176,2023-01-11T00:00:00Z,6644,IPD/AB-TR-00/TIN,TORNILLO TI UNIGRIP M1.4 NITRURADO,27,110.7911,2991.36
C176,2023-01-11T00:00:00Z,6647,IPD/AB-TR-50,TORNILLO TPA M1.4,50,166.1866,8309.33
C176,2023-01-11T00:00:00Z,6650,IPD/AC-AR-00,ANALOGO 4.3,30,66.4747,1994.24
C176,2023-01-11T00:00:00Z,6686,IPD/AD-BN-00,PILAR CRCO ANTIRROTATIVO Ø 3.5,2,254.82,509.64
C176,2023-01-11T00:00:00Z,6722,IPD/DA-AR-00,ANALOGO 4.8,10,66.475,664.75
C176,2023-01-11T00:00:00Z,6725,IPD/DA-HR-01,CALCINABLE ANTIRROTATIVO DIRECTOL 4.8,14,72.0143,1008.2
C176,2023-01-11T00:00:00Z,6728,IPD/DA-IR-00/3D,INTERFASE ANTIRROTATIVA 4.8 H 0.8MM ,28,265.8989,7445.17
C176,2023-01-11T00:00:00Z,6731,IPD/DA-IR-01/3D,INTERFASE ROTATIVA 4.8 H 0.8MM ,5,265.898,1329.49
C176,2023-01-11T00:00:00Z,6737,IPD/DA-SR-02,SCAN BODY ANTIRROTATIVO 4.8 H 15MM,10,443.164,4431.64
C176,2023-01-11T00:00:00Z,6740,IPD/DA-TR-00/TIN,TORNILLO TITANIO TIN SYNOCTA 4.8,44,110.7911,4874.81
C176,2023-01-11T00:00:00Z,6761,IPD/DB-BR-01,PILAR CRCO ROTATIVO Ø 4.1 IPD/DB-BR-01,14,254.8193,3567.47
C176,2023-01-11T00:00:00Z,6764,IPD/DB-IN-00/3D,INTERFASE ANTIRROTATIVA 3.3 H 0.5MM ,12,265.8983,3190.78
C176,2023-01-11T00:00:00Z,6767,IPD/DB-IN-01/3D,INTERFASE ROTATIVA 3.3 H 0.5MM ,10,265.898,2658.98
C176,2023-01-11T00:00:00Z,6770,IPD/DB-IN-02/3D,INTERFASE ANTIRROTATIVA 3.3 H 1.5MM ,9,265.8989,2393.09
C176,2023-01-11T00:00:00Z,6791,IPD/DB-SN-01,SCAN BODY ROTATIVO 3.3 H 10 MM,15,443.1647,6647.47
C176,2023-01-11T00:00:00Z,6797,IPD/DB-SR-00,SCAN BODY ANTIRROTATIVO 4.1 H 10MM,4,443.165,1772.66
C176,2023-01-11T00:00:00Z,6806,IPD/DB-TR-00,TORNILLO TI TORX M1.6,50,66.4748,3323.74
C176,2023-01-11T00:00:00Z,6809,IPD/DB-TR-00/TIN,TORNILLO TI TORX M1.6 NITRURADO,30,110.7913,3323.74
C176,2023-01-11T00:00:00Z,6821,IPD/FA-AN-00,ANALOGO 3.5,22,66.475,1462.45
C176,2023-01-11T00:00:00Z,6824,IPD/FA-AN-00/3D,ANALOGO DIGITAL 3.5,28,221.5825,6204.31
C176,2023-01-11T00:00:00Z,116615,IPD/FA-AR-00/3D,ANALOGO DIGITAL 4.5,5,221.584,1107.92
C176,2023-01-11T00:00:00Z,6830,IPD/FA-BN-00,PILAR CRCO ANTIRROTATIVO 3.7,42,254.8195,10702.42
C176,2023-01-11T00:00:00Z,6836,IPD/FA-BR-00,PILAR CRCO ANTIRROTATIVO 4.5,17,254.82,4331.94
C176,2023-01-11T00:00:00Z,6845,IPD/FA-IN-00/3D,INTERFASE ANTIRROTATIVA 3.5 H 0.5MM ,80,265.8986,21271.89
C176,2023-01-11T00:00:00Z,6848,IPD/FA-IN-01/3D,INTERFASE ROTATIVA 3.5 H 0.5MM ,30,265.8987,7976.96
C176,2023-01-11T00:00:00Z,6851,IPD/FA-IN-02/3D,INTERFASE ANTIRROTATIVA 3.5 H 1.5MM ,30,265.8987,7976.96
C176,2023-01-11T00:00:00Z,6854,IPD/FA-IN-03/3D,INTERFACE ROTATIVA 3.5 GH 1.5MM ,4,265.8975,1063.59
C176,2023-01-11T00:00:00Z,6857,IPD/FA-IN-04/3D,INTERFASE ANTIRROTATIVA 3.5 H 2.5MM ,25,265.8988,6647.47
C176,2023-01-11T00:00:00Z,6860,IPD/FA-IR-00/3D,INTERFASE ANTIRROTATIVA 4.5 H 0.5MM ,10,265.898,2658.98
C176,2023-01-11T00:00:00Z,6860,IPD/FA-IR-00/3D,INTERFASE ANTIRROTATIVA 4.5 H 0.5MM ,10,265.898,2658.98
C176,2023-01-11T00:00:00Z,6863,IPD/FA-IR-02/3D,INTERFASE ANTIRROTATIVA 4.5 H 1.5MM,10,265.898,2658.98
C176,2023-01-11T00:00:00Z,6872,IPD/FA-SN-00,SCAN BODY ANTIRROTATIVO 3.5 H 10MM,26,443.1642,11522.27
C176,2023-01-11T00:00:00Z,6887,IPD/FA-TR-00,TORNILLO TITANIO 3.5/4 5/5.7,130,66.4746,8641.697999999999
C176,2023-01-11T00:00:00Z,6893,IPD/FA-TR-00/TIN,TORNILLO TI  HEX 1.25 M1.8 NITRURADO,50,110.7912,5539.56
C176,2023-01-11T00:00:00Z,6611,IPD/AB-AR-00/3D,ANALOGO DIGITAL MULTIUNIT 4.8 ,33,221.5821,7312.21
C176,2023-01-11T00:00:00Z,6608,IPD/AB-AR-00,ANALOGO MULTIUNIT 4.8,50,66.4748,3323.74
C176,2023-01-11T00:00:00Z,6680,IPD/AC-TR-00,TORNILLO TI UNIGRIP M2,40,66.4745,2658.98
C176,2023-01-11T00:00:00Z,116607,IPD/AA-TR-02,TORNILLO TITANIO 4.1,50,66.4748,3323.74
C176,2023-01-11T00:00:00Z,6602,IPD/AA-TR-00,SCREW TI UNIGRIP M2  TINITE,100,66.4747,6647.47
C176,2023-01-11T00:00:00Z,6587,IPD/AA-IR-00/3D,INTERFASE ANTIRROTATIVA 4.1 H 0.5MM ,20,265.899,5317.98
C176,2023-01-11T00:00:00Z,6584,IPD/AA-BR-01,PILAR CRCO ROTATIVO 4.1,32,254.8197,8154.23
C176,2023-01-11T00:00:00Z,6578,IPD/AA-BN-01,PILAR CRCO ROTATIVO 3.3,32,254.8197,8154.23
C176,2023-01-11T00:00:00Z,6575,IPD/AA-BN-00,PILAR CRCO ANTIRROTATIVO 3.3,2,254.82,509.64
C176,2023-01-11T00:00:00Z,6572,IPD/AA-AR-00,ANALOGO 4.1 AA,32,66.4747,2127.19
C176,2023-01-11T00:00:00Z,116676,IPD/OB-IR-01/3D,CUSTOM INTERFACE ROTATIVA 4.0 GH 1.0 ,20,265.899,5317.98
C176,2023-01-11T00:00:00Z,116680,IPD/OB-IR-03/3D,CUSTOM INTERFACE ROTATIVA 4.0 GH 2.0 ,20,265.899,5317.98
C176,2023-01-11T00:00:00Z,6887,IPD/FA-TR-00,TORNILLO TITANIO 3.5/4 5/5.7,30,66.4747,1994.24
C176,2023-01-11T00:00:00Z,116607,IPD/AA-TR-02,TORNILLO TITANIO 4.1,80,66.4748,5317.98
C176,2023-01-11T00:00:00Z,6680,IPD/AC-TR-00,TORNILLO TI UNIGRIP M2,50,66.4748,3323.74
C176,2023-01-11T00:00:00Z,6572,IPD/AA-AR-00,ANALOGO 4.1 AA,50,66.4748,3323.74
C176,2023-01-11T00:00:00Z,6650,IPD/AC-AR-00,ANALOGO 4.3,50,66.4748,3323.74
C176,2023-01-11T00:00:00Z,6887,IPD/FA-TR-00,TORNILLO TITANIO 3.5/4 5/5.7,30,66.4747,1994.24
C176,2023-01-11T00:00:00Z,116686,IPD/DA-TR-00,TORNILLO TITANIO SYNOCTA 4.8,40,66.4745,2658.98
C176,2023-01-11T00:00:00Z,6644,IPD/AB-TR-00/TIN,TORNILLO TI UNIGRIP M1.4 NITRURADO,20,110.791,2215.82
C176,2023-01-11T00:00:00Z,6740,IPD/DA-TR-00/TIN,TORNILLO TITANIO TIN SYNOCTA 4.8,6,110.7917,664.75
C176,2023-01-11T00:00:00Z,6854,IPD/FA-IN-03/3D,INTERFACE ROTATIVA 3.5 GH 1.5MM ,16,265.8981,4254.37
C176,2023-01-11T00:00:00Z,6956,IPD/KA-IR-50,GUIA CORTE INTERFASE R0 H 5.0MM,6,332.3733,1994.24
C176,2023-01-11T00:00:00Z,6980,IPD/KT-ML-32,KIT MANGO LABORATORIO CON PUNTAS 32MM,4,2658.9875,10635.95
C176,2023-01-11T00:00:00Z,116672,IPD/OB-IR-02/3D,CUSTOM INTERFACE ANTIRROTATIVA 4.0 GH 2.0 ,30,265.8987,7976.96
C176,2023-01-11T00:00:00Z,93914,IPD/OB-IR-00/3D,CUSTOM INTERFASE ANTIRROTATIVA 4.0 H 0.5,50,265.8986,13294.93
C176,2023-01-11T00:00:00Z,116660,IPD/OB-SR-00,SCAN ABUTMENT ANTIRROTATIVO 4.0 H 10.0,25,443.1644,11079.11
C176,2023-01-11T00:00:00Z,116654,IPD/OB-TR-00,TORNILLO TITANIO 4.0,80,66.4748,5317.98
C176,2023-01-11T00:00:00Z,116649,IPD/OB-AR-00/3D,ANALOGO DIGITAL 4.0,35,221.5823,7755.38
C176,2023-01-11T00:00:00Z,116630,IPD/OB-AR-00,ANALOGO 4.0,30,66.4747,1994.24
C176,2023-01-11T00:00:00Z,6980,IPD/KT-ML-32,KIT MANGO LABORATORIO CON PUNTAS 32MM,6,2658.9867,15953.92
C176,2023-01-11T00:00:00Z,6977,IPD/KA-TI-00,TORNILLO FIJACION ACCESORIO CORTE,6,66.475,398.85
C176,2023-01-11T00:00:00Z,6968,IPD/KA-IW-65,GUIA CORTE INTERFASE W0 H 6.5MM,3,332.3733,997.12
C176,2023-01-11T00:00:00Z,6962,IPD/KA-IW-35,GUIA CORTE INTERFASE W0 H 3.5MM,3,332.3733,997.12
C176,2023-01-11T00:00:00Z,6959,IPD/KA-IR-65,GUIA CORTE INTERFASE R0 H 6.5MM,7,332.3729,2326.61
C176,2023-01-11T00:00:00Z,6956,IPD/KA-IR-50,GUIA CORTE INTERFASE R0 H 5.0MM,1,332.37,332.37
C176,2023-01-11T00:00:00Z,6953,IPD/KA-IR-35,GUIA CORTE INTERFASE R0 H 3.5MM,7,332.3729,2326.61
C176,2023-01-11T00:00:00Z,6950,IPD/KA-IN-65,GUIA CORTE INTERFASE N0 H 6.5MM,6,332.3733,1994.24
C176,2023-01-11T00:00:00Z,6947,IPD/KA-IN-50,GUIA CORTE INTERFASE N0 H 5.0MM,7,332.3729,2326.61
C176,2023-01-11T00:00:00Z,6944,IPD/KA-IN-35,GUIA CORTE INTERFASE N0 H 3.5MM,6,332.3733,1994.24
C176,2023-01-11T00:00:00Z,116622,IPD/KA-CT-25,PUNTA DESTONILLADOR TPA L 25,10,332.374,3323.74
C176,2023-01-11T00:00:00Z,6896,IPD/FA-TR-50,TORNILLO TPA M1.8,30,166.1867,4985.6
C177,2023-01-13T00:00:00Z,117495,53010020062001,RESINA VAT 7.1 MINI 8K,1,1702.62,1702.62
C177,2023-01-13T00:00:00Z,117484,53010060072001,TFT LCD 7.1 SONIC MINI 8K,3,2341.1067,7023.32
C177,2023-01-13T00:00:00Z,117473,RACRYLVIOLET,RESINA ACRYLATE VIOLET 500G,30,1532.3597,45970.79
C177,2023-01-13T00:00:00Z,117528,BUILDINGPLATMIGHTY4K,BUILDING PLATFORM 9.3 SONIC MIGHTY 4K,4,21.2825,85.13
C177,2023-01-13T00:00:00Z,117518,COVMIN4K,PH TAPA DE PLASTICO MINI 4K,1,21.28,21.28
C177,2023-01-13T00:00:00Z,117514,LCDFRAMTAPMIGHTY8K,LCD FRAME TAPE SONIC MIGHTY 8K,3,148.98,446.94
C177,2023-01-13T00:00:00Z,117511,FEPFILMIGHTY8K,FEP FILM 310 MM X 220 MM MIGHTY 8K,20,255.3935,5107.87
C177,2023-01-13T00:00:00Z,5972,63010059992001,FEP FILM A4 SIZE 290MM X 210MM,20,212.828,4256.56
C177,2023-01-13T00:00:00Z,100960,MAINBOARDMINI4K,MAINBOARD MINI 4K,5,2021.864,10109.32
C177,2023-01-13T00:00:00Z,117507,MAINBOARDMIGHTY,MAINBOARD MIGHTY 4K,10,2532.65,25326.5
C177,2023-01-13T00:00:00Z,100983,MAINBOARDS4K,MAINBOARD SONIC 4K 2022,5,1489.796,7448.98
C177,2023-01-13T00:00:00Z,100987,MAINBOARDXL4K,MAINBOARD SONIC XL 4K 2022,5,1489.796,7448.98
C177,2023-01-13T00:00:00Z,117501,LEDLAMPSSET4K22,LED LAMPS SET SONIC 4K 2022,5,2021.864,10109.32
C177,2023-01-13T00:00:00Z,100931,RESVAT6.1,RESINA VAT 6.1 SONIC MINI 4K,10,1085.422,10854.22
C177,2023-01-13T00:00:00Z,92940,LCDPH6.1,TFT LCD PANEL 6.1,10,1553.643,15536.43
C177,2023-01-13T00:00:00Z,117535,POWSUPPLY240W,POWER SUPPLY SONIC 4K 2022 240W,1,808.75,808.75
C177,2023-01-13T00:00:00Z,117540,DBOARDXL4K2022,LCD DRIVER BOARD SONIC XL 4K 2022,2,1064.14,2128.28
C177,2023-01-13T00:00:00Z,117546,DCPOWER,3D PRINTER PARTS DC POWER,1,21.28,21.28
C177,2023-01-13T00:00:00Z,117550,DCPOWER72W,3D PRINTER PARTS DC POWER 72W,1,21.28,21.28
C177,2023-01-13T00:00:00Z,11144,SONMIN4K6.1,IMPRESORA 3D SONIC MINI 4K 6.1,96,5299.4114,508743.49439999997
C177,2023-01-13T00:00:00Z,90282,MIGHTY4K,IMPRESORA 3D SONIC MIGHTY DE RESINA LCD 4K,60,8066.1723,483970.338
C177,2023-01-13T00:00:00Z,113756,SONMIN8K,IMPRESORA 3D SONIC MINI 8K,20,10641.3885,212827.77
C177,2023-01-13T00:00:00Z,113752,MIGHTY8K,IMPRESORA 3D SONIC MIGHTY 8K,20,11811.941,236238.82
C177,2023-01-13T00:00:00Z,116749,WASHCUREKIT,PHROZEN WASH & CURE KIT,200,3511.6582,702331.64
C177,2023-01-13T00:00:00Z,117469,RACRYLDMOD1KG,RESINA ACRYLATE DENTAL MODEL 1 KG,280,957.725,268163.0
C177,2023-01-13T00:00:00Z,117492,LCDMIGHTY8K,TFT LCD 10.1 MIGHTY 8K,3,3298.83,9896.49
C177,2023-01-13T00:00:00Z,92944,ESPLC9301,TFT LCD PANEL 9.3 MIGHTY 4K/SXL4K 2022,20,2234.6915,44693.83
C177,2023-01-13T00:00:00Z,117498,RESVAT10.1,RESINA VAT 10.1 MIGHTY 8K,1,1915.45,1915.45
C177,2023-01-13T00:00:00Z,100864,RESVAT9.3,RESINA VAT 9.3 MIGHTY 4K/SXL4K 2022,5,1766.47,8832.35
C179,2023-01-19T00:00:00Z,84025,INTSCAI700,MEDIT INTRA ORAL SCANNER I700,50,195094.0818,9754704.09
C180,2023-01-23T00:00:00Z,7337,LUMACMHONMEL,"LUMEX MAMELON, HONEY-MELON, 12 G",5,276.61,1383.05
C188,2023-01-23T00:00:00Z,7280,LUMACEFOG12G,"LUMEX ENAMEL, FOG, 12 G",9,229.1056,2061.95
C187,2023-01-23T00:00:00Z,102717,EASSHAV,EASYSHADE V 100-230V,20,17866.0455,357320.91000000003
C186,2023-01-23T00:00:00Z,5789,COLBLE3DM,COLORIMETRO BLEACHEDGUIDE 3D MASTER,5,929.034,4645.17
C185,2023-01-23T00:00:00Z,99287,D23294U,UNIVERSAL PRESS FIRING BASE,2,1098.45,2196.9
C185,2023-01-23T00:00:00Z,111503,D23294US,UNIVERSAL-PRESS DISCO DE PRENSADO INSERTABLE,4,2343.185,9372.74
C184,2023-01-23T00:00:00Z,14279,VMLCSEP30ML,VMLC SEPARADOR 30ML,3,182.8633,548.59
C183,2023-01-23T00:00:00Z,5792,COLCLA,COLORIMETRO CLASICO A1-D4,150,927.7083,139156.245
C183,2023-01-23T00:00:00Z,5798,COLLINGUI3DM,COLORIMETRO LINEARGUIDE 3D MASTER,10,1824.143,18241.43
C182,2023-01-23T00:00:00Z,5795,COLCLABLESHA,COLORIMETRO CLASICO A1-D4 BLEACHED SHADES,30,1115.682,33470.46
C181,2023-01-23T00:00:00Z,86280,6000MP110V,HORNO 6000MP 110V,10,49319.534,493195.33999999997
C181,2023-01-23T00:00:00Z,91350,BOMVAC110V,VITA BOMBA DE VACIO PARA HORNO 110V,10,8721.363,87213.62999999999
C181,2023-01-23T00:00:00Z,99851,VPADCOMFORT,VPAD COMFORT,10,14622.202,146222.02
C180,2023-01-23T00:00:00Z,13673,VMKOD3M312G,VMK OPAQUE DENTINE 3M3 12G,10,129.687,1296.87
C180,2023-01-23T00:00:00Z,85723,SILTESSET,SILVER TEST SET 6 CERAMIC 3 SILVER RODS,5,1002.818,5014.09
C180,2023-01-23T00:00:00Z,8432,MOD,MODISOL SEP PEN CERAMIC GAINST PLASTER,5,545.444,2727.22
C180,2023-01-23T00:00:00Z,11264,TRIFOR2M2CTF12,TRILUXE FORTE 2M2C TF12,20,772.2395,15444.79
C180,2023-01-23T00:00:00Z,14192,VMLCFLONT4G,VMLC FLOW NEUTRAL NT 4G,5,390.744,1953.72
C180,2023-01-23T00:00:00Z,14201,VMLCFLOWIN4G,VMLC FLOW WINDOW WIN 3G,10,340.088,3400.88
C180,2023-01-23T00:00:00Z,14180,VMLCEND4G,VMLC ENAMEL END 4G,5,337.986,1689.93
C180,2023-01-23T00:00:00Z,14183,VMLCENL4G,VMLC ENAMEL ENL 4G,10,337.987,3379.87
C180,2023-01-23T00:00:00Z,14003,VMLCBD3M24G,VMLC BASE DENTINE 3M2 4G,5,337.986,1689.93
C180,2023-01-23T00:00:00Z,13982,VMLCBD2M24G,VMLC BASE DENTINE 2M2 4G,5,337.986,1689.93
C180,2023-01-23T00:00:00Z,13979,VMLCBD2M14G,VMLC BASE DENTINE 2M1 4G,5,337.986,1689.93
C180,2023-01-23T00:00:00Z,13973,VMLCBD2L1.54G,VMLC BASE DENTINE 2L1.5 4G,5,337.986,1689.93
C180,2023-01-23T00:00:00Z,7214,LUMACDA112G,"LUMEX DENTINE, A1, 12 G",40,229.1075,9164.3
C180,2023-01-23T00:00:00Z,7379,LUMACODC312G,"LUMEX OPAQUE DENTINE, C3, 12 G",1,229.11,229.11
C180,2023-01-23T00:00:00Z,7376,LUMACODC212G,"LUMEX OPAQUE DENTINE, C2, 12 G",2,229.105,458.21
C180,2023-01-23T00:00:00Z,7358,LUMACODA412G,"LUMEX OPAQUE DENTINE, A4, 12 G",5,229.108,1145.54
C180,2023-01-23T00:00:00Z,7352,LUMACODA3.512G,"LUMEX OPAQUE DENTINE, A3.5, 12 G",10,229.107,2291.07
C180,2023-01-23T00:00:00Z,7355,LUMACODA312G,"LUMEX OPAQUE DENTINE, A3, 12 G",10,229.107,2291.07
C180,2023-01-23T00:00:00Z,7349,LUMACODA212G,"LUMEX OPAQUE DENTINE, A2, 12 G",10,229.107,2291.07
C180,2023-01-23T00:00:00Z,7346,LUMACODA112G,LUMEX OPAQUE DENTINE A1 12 G,10,229.107,2291.07
C180,2023-01-23T00:00:00Z,5552,AKZPLUES113G,AKZENT PLUS EFFECT STAINS ES11 3G,6,159.3233,955.94
C180,2023-01-23T00:00:00Z,14063,VMLCBDB24G,VMLC BASE DENTINE B2 4G,5,337.986,1689.93
C180,2023-01-23T00:00:00Z,14054,VMLCBDA34G,VMLC BASE DENTINE A3 4G,5,337.986,1689.93
C180,2023-01-23T00:00:00Z,14048,VMLCBDA24G,VMLC BASE DENTINE A2 4G,5,337.986,1689.93
C180,2023-01-23T00:00:00Z,14045,VMLCBDA14G,VMLC BASE DENTINE A1 4G,5,337.986,1689.93
C180,2023-01-23T00:00:00Z,13442,VMKLM4,VMK LUMINARY LM4,5,372.668,1863.34
C180,2023-01-23T00:00:00Z,13094,VMKCOR2,VMK CORRECTIVE COR2,5,150.288,751.44
C180,2023-01-23T00:00:00Z,13091,VMKCOR1,VMK CORRECTIVE COR1,5,150.288,751.44
C180,2023-01-23T00:00:00Z,13085,VMKCE2,VMK CERVICAL CE2,10,150.286,1502.86
C180,2023-01-23T00:00:00Z,13376,VMKDM4,VMK DENTINE MODIFIER DM4,20,150.286,3005.72
C180,2023-01-23T00:00:00Z,13457,VMKM3,VMK MARGIN M3,20,150.286,3005.72
C180,2023-01-23T00:00:00Z,13421,VMKG5,VMK GINGIVA G5 12G,1,150.29,150.29
C180,2023-01-23T00:00:00Z,13418,VMKG4,VMK GINGIVA G4 12G,10,150.286,1502.86
C180,2023-01-23T00:00:00Z,13415,VMKG3,VMK GINGIVA G3,10,150.286,1502.86
C180,2023-01-23T00:00:00Z,13412,VMKG2,VMK GINGIVA G2,5,150.288,751.44
C180,2023-01-23T00:00:00Z,13409,VMKG1,VMK GINGIVA G1,5,150.288,751.44
C180,2023-01-23T00:00:00Z,13406,VMKEN350G,VMK ENAMEL EN3 50G,10,447.285,4472.85
C180,2023-01-23T00:00:00Z,13928,VMKT450G,VMK TRANSLUCENT T4 50G,10,447.285,4472.85
C180,2023-01-23T00:00:00Z,13190,VMKD3M250G,VMK DENTINE 3M2 50G,15,447.2847,6709.27
C180,2023-01-23T00:00:00Z,13154,VMKD2M350G,VMK DENTINE 2M3 50G,5,447.284,2236.42
C180,2023-01-23T00:00:00Z,13148,VMKD2M250G,VMK DENTINE 2M2 50G,29,447.2852,12971.27
C180,2023-01-23T00:00:00Z,13622,VMKOD2M250G,VMK OPAQUE DENTINE 2M2 50G,5,447.284,2236.42
C180,2023-01-23T00:00:00Z,13880,VMKOP250G,VMK OPAQUE OP2 50G,10,447.285,4472.85
C180,2023-01-23T00:00:00Z,13874,VMKOP150G,VMK OPAQUE OP1 50G,5,447.284,2236.42
C180,2023-01-23T00:00:00Z,13292,VMKDA350G,VMK DENTINE A3 50G,15,447.2847,6709.27
C180,2023-01-23T00:00:00Z,13280,VMKDA250G,VMK DENTINE A2 50G,15,447.2847,6709.27
C180,2023-01-23T00:00:00Z,13778,VMKODA350G,VMK OPAQUE DENTINE A3 50G,5,447.284,2236.42
C180,2023-01-23T00:00:00Z,13766,VMKODA250G,VMK OPAQUE DENTINE A2 50G,10,447.285,4472.85
C180,2023-01-23T00:00:00Z,13484,VMKN5,VMK NECK N5,5,129.688,648.44
C180,2023-01-23T00:00:00Z,13481,VMKN4,VMK NECK N4,10,129.687,1296.87
C180,2023-01-23T00:00:00Z,13478,VMKN3,VMK NECK N3,10,129.687,1296.87
C180,2023-01-23T00:00:00Z,13475,VMKN2,VMK NECK N2,10,129.687,1296.87
C180,2023-01-23T00:00:00Z,13427,VMKGOD,VMK GINGIVA OPAQUE GOD,5,129.688,648.44
C180,2023-01-23T00:00:00Z,13430,VMKGOL,VMK GINGIVA OPAQUE GOL,5,129.688,648.44
C180,2023-01-23T00:00:00Z,13937,VMKT612G,VMK TRANSLUCENT T6 12G,10,129.687,1296.87
C180,2023-01-23T00:00:00Z,13931,VMKT512G,VMK TRANSLUCENT T5 12G,15,129.688,1945.32
C180,2023-01-23T00:00:00Z,13925,VMKT412G,VMK TRANSLUCENT T4 12G,80,129.6875,10375.0
C180,2023-01-23T00:00:00Z,13919,VMKT212G,VMK TRANSLUCENT T2 12G,20,129.6875,2593.75
C180,2023-01-23T00:00:00Z,13916,VMKT112G,VMK TRANSLUCENT T1 12G,30,129.6873,3890.62
C180,2023-01-23T00:00:00Z,13946,VMKWIN12G,VMK WINDOW WIN 12G,130,129.6875,16859.375
C180,2023-01-23T00:00:00Z,13403,VMKEN312G,VMK ENAMEL EN3 12G,20,129.6875,2593.75
C180,2023-01-23T00:00:00Z,13397,VMKEN212G,VMK ENAMEL EN2 12G,150,129.6875,19453.125
C180,2023-01-23T00:00:00Z,13391,VMKEN112G,VMK ENAMEL EN1 12G,250,129.6875,32421.875
C180,2023-01-23T00:00:00Z,13952,VMKWO12G,VMK WASH OPAQUE WO 12G,100,129.6874,12968.74
C180,2023-01-23T00:00:00Z,13241,VMKD4R1.512G,VMK DENTINE 4R1.5 12G,6,129.6867,778.12
C180,2023-01-23T00:00:00Z,13211,VMKD4L1.512G,VMK DENTINE 4L1.5 12G,10,129.687,1296.87
C180,2023-01-23T00:00:00Z,13193,VMKD3M312G,VMK DENTINE 3M3 12G,20,129.6875,2593.75
C180,2023-01-23T00:00:00Z,13187,VMKD3M212G,VMK DENTINE 3M2 12G,120,129.6875,15562.5
C180,2023-01-23T00:00:00Z,13151,VMKD2M312G,VMK DENTINE 2M3 12G,20,129.6875,2593.75
C180,2023-01-23T00:00:00Z,13145,VMKD2M212G,VMK DENTINE 2M2 12G,40,129.6875,5187.5
C180,2023-01-23T00:00:00Z,13133,VMKD2L2.512G,VMK DENTINE 2L2.5 12G,10,129.687,1296.87
C180,2023-01-23T00:00:00Z,13127,VMKD2L1.512G,VMK DENTINE 2L1.5 12G,30,129.6873,3890.62
C180,2023-01-23T00:00:00Z,13109,VMKD0M312G,VMK DENTINE 0M3 12G,5,129.688,648.44
C180,2023-01-23T00:00:00Z,13715,VMKOD4M212G,VMK OPAQUE DENTINE 4M2 12G,3,129.69,389.07
C180,2023-01-23T00:00:00Z,13697,VMKOD4L1.512G,VMK OPAQUE DENTINE 4L1.5 12G,5,129.688,648.44
C180,2023-01-23T00:00:00Z,13685,VMKOD3R2.512G,VMK OPAQUE DENTINE 3R2.5 12G,10,129.687,1296.87
C180,2023-01-23T00:00:00Z,13667,VMKOD3M212G,VMK OPAQUE DENTINE 3M2 12G,10,129.687,1296.87
C180,2023-01-23T00:00:00Z,13661,VMKOD3M112G,VMK OPAQUE DENTINE 3M1 12G,10,129.687,1296.87
C180,2023-01-23T00:00:00Z,13655,VMKOD3L2.512G,VMK OPAQUE DENTINE 3L2.5 12G,10,129.687,1296.87
C180,2023-01-23T00:00:00Z,13625,VMKOD2M312G,VMK OPAQUE DENTINE 2M3 12G,20,129.6875,2593.75
C180,2023-01-23T00:00:00Z,13619,VMKOD2M212G,VMK OPAQUE DENTINE 2M2 12G,50,129.6874,6484.37
C180,2023-01-23T00:00:00Z,13607,VMKOD2L2.512G,VMK OPAQUE DENTINE 2L2.5 12G,10,129.687,1296.87
C180,2023-01-23T00:00:00Z,13601,VMKOD2L1.512G,VMK OPAQUE DENTINE 2L1.5 12G,10,129.687,1296.87
C180,2023-01-23T00:00:00Z,13589,VMKOD1M212G,VMK OPAQUE DENTINE 1M2 12G,10,129.687,1296.87
C180,2023-01-23T00:00:00Z,13883,VMKOP312G,VMK OPAQUE OP3 12G,20,129.6875,2593.75
C180,2023-01-23T00:00:00Z,13877,VMKOP212G,VMK OPAQUE OP2 12G,50,129.6874,6484.37
C180,2023-01-23T00:00:00Z,13871,VMKOP112G,VMK OPAQUE OP1 12G,10,129.687,1296.87
C180,2023-01-23T00:00:00Z,13865,VMKOP012G,VMK OPAQUE OP0 12G,5,129.688,648.44
C180,2023-01-23T00:00:00Z,13355,VMKDD312G,VMK DENTINE D3 12G,5,129.688,648.44
C180,2023-01-23T00:00:00Z,13331,VMKDC212G,VMK DENTINE C2 12G,5,129.688,648.44
C180,2023-01-23T00:00:00Z,13337,VMKDC312G,VMK DENTINE C3 12G,5,129.688,648.44
C180,2023-01-23T00:00:00Z,13331,VMKDC212G,VMK DENTINE C2 12G,15,129.688,1945.32
C180,2023-01-23T00:00:00Z,13295,VMKDA412G,VMK DENTINE A4 12G,20,129.6875,2593.75
C180,2023-01-23T00:00:00Z,13283,VMKDA3.512G,VMK DENTINE A3.5 12G,50,129.6874,6484.37
C180,2023-01-23T00:00:00Z,13289,VMKDA312G,VMK DENTINE A3 12G,200,129.6875,25937.5
C180,2023-01-23T00:00:00Z,13277,VMKDA212G,VMK DENTINE A2 12G,250,129.6875,32421.875
C180,2023-01-23T00:00:00Z,13271,VMKDA112G,VMK DENTINE A1 12G,50,129.6874,6484.37
C180,2023-01-23T00:00:00Z,13841,VMKODD312G,VMK OPAQUE DENTINE D3 12G,3,129.69,389.07
C180,2023-01-23T00:00:00Z,13787,VMKODB112G,VMK OPAQUE DENTINE B1 12G,15,129.688,1945.32
C180,2023-01-23T00:00:00Z,13781,VMKODA412G,VMK OPAQUE DENTINE A4 12G,10,129.687,1296.87
C180,2023-01-23T00:00:00Z,13769,VMKODA3.512G,VMK OPAQUE DENTINE A3.5 12G,25,129.6876,3242.19
C180,2023-01-23T00:00:00Z,13775,VMKODA312G,VMK OPAQUE DENTINE A3 12G,70,129.6874,9078.12
C180,2023-01-23T00:00:00Z,13763,VMKODA212G,VMK OPAQUE DENTINE A2 12G,70,129.6874,9078.12
C180,2023-01-23T00:00:00Z,13757,VMKODA112G,VMK OPAQUE DENTINE A1 12G,25,129.6876,3242.19
C180,2023-01-23T00:00:00Z,13643,VMKOD312G,VMK OPAQUE D3 12G,2,129.69,259.38
C180,2023-01-23T00:00:00Z,13559,VMKOC412G,VMK OPAQUE C4 12G,2,129.69,259.38
C180,2023-01-23T00:00:00Z,13547,VMKOC212G,VMK OPAQUE C2 12G,10,129.687,1296.87
C180,2023-01-23T00:00:00Z,13523,VMKOB212G,VMK OPAQUE B2 12G,7,129.6871,907.81
C180,2023-01-23T00:00:00Z,13517,VMKOB112G,VMK OPAQUE B1 12G,5,129.688,648.44
C180,2023-01-23T00:00:00Z,13511,VMKOA412G,VMK OPAQUE A4 12G,9,129.6878,1167.19
C180,2023-01-23T00:00:00Z,13499,VMKOA3.512G,VMK OPAQUE A3.5 12G,20,129.6875,2593.75
C180,2023-01-23T00:00:00Z,13505,VMKOA312G,VMK OPAQUE A3 12G,60,129.6875,7781.25
C180,2023-01-23T00:00:00Z,13493,VMKOA212G,VMK OPAQUE A2 12G,30,129.6873,3890.62
C180,2023-01-23T00:00:00Z,13487,VMKOA112G,VMK OPAQUE A1 12G,15,129.688,1945.32
C180,2023-01-23T00:00:00Z,8468,NPBON5G,NP BOND PASTE 5G,15,371.6167,5574.25
C180,2023-01-23T00:00:00Z,11750,VM13G1,VM13 GINGIVA G1,3,293.6333,880.9
C180,2023-01-23T00:00:00Z,11723,VM13ENL50G,VM13 ENAMEL ENL 50G,15,748.488,11227.32
C180,2023-01-23T00:00:00Z,12182,VM13WIN50G,VM13 WINDOW WIN 50G,5,748.488,3742.44
C180,2023-01-23T00:00:00Z,12188,VM13WO50G,VM13 WASH OPAQUE WO 50G,2,748.49,1496.98
C180,2023-01-23T00:00:00Z,11396,VM13BD2R2.550G,VM13 BASE DENTINE 2R2.5 50G,3,748.4867,2245.46
C180,2023-01-23T00:00:00Z,11378,VM13BD2M250G,VM13 BASE DENTINE 2M2 50G,10,748.488,7484.88
C180,2023-01-23T00:00:00Z,12092,VM13TDA250G,VM13 TRANSPA DENTINE A2 50G,2,748.49,1496.98
C180,2023-01-23T00:00:00Z,11510,VM13BDA250G,VM13 BASE DENTINE A2 50G,5,748.488,3742.44
C180,2023-01-23T00:00:00Z,11720,VM13ENL12G,VM13 ENAMEL ENL 12G,45,220.0693,9903.12
C180,2023-01-23T00:00:00Z,11798,VM13NT12G,VM13 NEUTRAL NT 12G,10,220.069,2200.69
C180,2023-01-23T00:00:00Z,12185,VM13WO12G,VM13 WASH OPAQUE WO 12G,25,220.0692,5501.73
C180,2023-01-23T00:00:00Z,11903,VM13SO2,VM13 SUN OPAQUE SO2,1,220.07,220.07
C180,2023-01-23T00:00:00Z,12017,VM13TD3R2.512G,VM13 TRANSPA DENTINE 3R2.5 12G,5,220.068,1100.34
C180,2023-01-23T00:00:00Z,12011,VM13TD3R1.512G,VM13 TRANSPA DENTINE 3R1.5 12G,5,220.068,1100.34
C180,2023-01-23T00:00:00Z,11975,VM13TD2R2.512G,VM13 TRANSPA DENTINE 2R2.5 12G,10,220.069,2200.69
C180,2023-01-23T00:00:00Z,11963,VM13TD2M312G,VM13 TRANSPA DENTINE 2M3 12G,10,220.069,2200.69
C180,2023-01-23T00:00:00Z,11957,VM13TD2M212G,VM13 TRANSPA DENTINE 2M2 12G,30,220.0693,6602.08
C180,2023-01-23T00:00:00Z,11951,VM13TD2M112G,VM13 TRANSPA DENTINE 2M1 12G,20,220.0695,4401.39
C180,2023-01-23T00:00:00Z,11876,VM13OP412G,VM13 OPAQUE OP4 12G,5,220.068,1100.34
C180,2023-01-23T00:00:00Z,11870,VM13OP312G,VM13 OPAQUE OP3 12G,10,220.069,2200.69
C180,2023-01-23T00:00:00Z,11864,VM13OP212G,VM13 OPAQUE OP2 12G,20,220.0695,4401.39
C180,2023-01-23T00:00:00Z,11858,VM13OP112G,VM13 OPAQUE OP1 12G,10,220.069,2200.69
C180,2023-01-23T00:00:00Z,11435,VM13BD3R2.512G,VM13 BASE DENTINE 3R2.5 12G,5,220.068,1100.34
C180,2023-01-23T00:00:00Z,11429,VM13BD3R1.512G,VM13 BASE DENTINE 3R1.5 12G,4,220.07,880.28
C180,2023-01-23T00:00:00Z,11423,VM13BD3M312G,VM13 BASE DENTINE 3M3 12G,30,220.0693,6602.08
C180,2023-01-23T00:00:00Z,11417,VM13BD3M212G,VM13 BASE DENTINE 3M2 12G,50,220.0694,11003.47
C180,2023-01-23T00:00:00Z,11411,VM13BD3M112G,VM13 BASE DENTINE 3M1 12G,10,220.069,2200.69
C180,2023-01-23T00:00:00Z,11393,VM13BD2R2.512G,VM13 BASE DENTINE 2R2.5 12G,10,220.069,2200.69
C180,2023-01-23T00:00:00Z,11381,VM13BD2M312G,VM13 BASE DENTINE 2M3 12G,30,220.0693,6602.08
C180,2023-01-23T00:00:00Z,11375,VM13BD2M212G,VM13 BASE DENTINE 2M2 12G,60,220.0693,13204.16
C180,2023-01-23T00:00:00Z,11369,VM13BD2M112G,VM13 BASE DENTINE 2M1 12G,20,220.0695,4401.39
C180,2023-01-23T00:00:00Z,11363,VM13BD2L2.512G,VM13 BASE DENTINE 2L2.5 12G,10,220.069,2200.69
C180,2023-01-23T00:00:00Z,11357,VM13BD2L1.512G,VM13 BASE DENTINE 2L1.5 12G,15,220.0693,3301.04
C180,2023-01-23T00:00:00Z,11351,VM13BD1M212G,VM13 BASE DENTINE 1M2 12G,10,220.069,2200.69
C180,2023-01-23T00:00:00Z,11345,VM13BD1M112G,VM13 BASE DENTINE 1M1 12G,5,220.068,1100.34
C180,2023-01-23T00:00:00Z,12089,VM13TDA212G,VM13 TRANSPA DENTINE A2 12G,20,220.0695,4401.39
C180,2023-01-23T00:00:00Z,11813,VM13OA312G,VM13 OPAQUE A3 12G,10,220.069,2200.69
C180,2023-01-23T00:00:00Z,11807,VM13OA212G,VM13 OPAQUE A2 12G,10,220.069,2200.69
C180,2023-01-23T00:00:00Z,11513,VM13BDA3.512G,VM13 BASE DENTINE A3.5 12G,5,220.068,1100.34
C180,2023-01-23T00:00:00Z,11519,VM13BDA312G,VM13 BASE DENTINE A3 12G,30,220.0693,6602.08
C180,2023-01-23T00:00:00Z,11507,VM13BDA212G,VM13 BASE DENTINE A2 12G,40,220.0695,8802.78
C180,2023-01-23T00:00:00Z,11501,VM13BDA112G,VM13 BASE DENTINE A1 12G,10,220.069,2200.69
C180,2023-01-23T00:00:00Z,12635,VM9EO2,VM9 EFFECT OPAL EO2,10,293.636,2936.36
C180,2023-01-23T00:00:00Z,12632,VM9EO1,VM9 EFFECT OPAL EO1,5,293.636,1468.18
C180,2023-01-23T00:00:00Z,12620,VM9END12G,VM9 ENAMEL END 12G,10,220.069,2200.69
C180,2023-01-23T00:00:00Z,12626,VM9ENL12G,VM9 ENAMEL ENL 12G,40,220.0695,8802.78
C180,2023-01-23T00:00:00Z,12989,VM9WIN12G,VM9 WINDOW WIN 12G,10,220.069,2200.69
C180,2023-01-23T00:00:00Z,12809,VM9TD3M212G,VM9 TRANSPA DENTINE 3M2 12G,5,220.068,1100.34
C180,2023-01-23T00:00:00Z,12353,VM9BD4M212G,VM9 BASE DENTINE 4M2 12G,3,220.07,660.21
C180,2023-01-23T00:00:00Z,12245,VM9BD1M212G,VM9 BASE DENTINE 1M2 12G,10,220.069,2200.69
C180,2023-01-23T00:00:00Z,12239,VM9BD1M112G,VM9 BASE DENTINE 1M1 12G,5,220.068,1100.34
C180,2023-01-23T00:00:00Z,12233,VM9BD0M312G,VM9 BASE DENTINE 0M3 12G,4,220.07,880.28
C180,2023-01-23T00:00:00Z,12227,VM9BD0M212G,VM9 BASE DENTINE 0M2 12G,4,220.07,880.28
C180,2023-01-23T00:00:00Z,12911,VM9TDA312G,VM9 TRANSPA DENTINE A3 12G,10,220.069,2200.69
C180,2023-01-23T00:00:00Z,12899,VM9TDA212G,VM9 TRANSPA DENTINE A2 12G,5,220.068,1100.34
C180,2023-01-23T00:00:00Z,12413,VM9BDA312G,VM9 BASE DENTINE A3 12G,8,220.0688,1760.55
C180,2023-01-23T00:00:00Z,12401,VM9BDA212G,VM9 BASE DENTINE A2 12G,10,220.069,2200.69
C180,2023-01-23T00:00:00Z,5519,AKZPLUCHRSTAKIT,AKZENT PLUS CHROMA STAINS KIT,5,784.22,3921.1
C180,2023-01-23T00:00:00Z,5585,AKZPOWFLU20ML,AKZENT POWDER FLUID 20ML,200,116.6557,23331.14
C180,2023-01-23T00:00:00Z,5573,AKZPLUGLALT5G,AKZENT PLUS GLAZE LT 5G,150,189.3815,28407.225
C180,2023-01-23T00:00:00Z,5570,AKZPLUGLA5G,AKZENT PLUS GLAZE 5G,150,189.3815,28407.225
C180,2023-01-23T00:00:00Z,5513,AKZPLUCHRSTAC3G,AKZENT PLUS CHROMA STAINS C 3G,10,159.325,1593.25
C180,2023-01-23T00:00:00Z,5510,AKZPLUCHRSTAB3G,AKZENT PLUS CHROMA STAINS B 3G,25,159.3244,3983.11
C180,2023-01-23T00:00:00Z,5507,AKZPLUCHRSTAA3G,AKZENT PLUS CHROMA STAINS A 3G,30,159.3243,4779.73
C180,2023-01-23T00:00:00Z,5561,AKZPLUES143G,AKZENT PLUS EFFECT STAINS ES14 3G,3,159.3267,477.98
C180,2023-01-23T00:00:00Z,5558,AKZPLUES133G,AKZENT PLUS EFFECT STAINS ES13 3G,9,159.3244,1433.92
C180,2023-01-23T00:00:00Z,5555,AKZPLUES123G,AKZENT PLUS EFFECT STAINS ES12 3G,4,159.3225,637.29
C180,2023-01-23T00:00:00Z,5549,AKZPLUES103G,AKZENT PLUS EFFECT STAINS ES10 3G,3,159.3267,477.98
C180,2023-01-23T00:00:00Z,5546,AKZPLUES093G,AKZENT PLUS EFFECT STAINS ES09 3G,3,159.3267,477.98
C180,2023-01-23T00:00:00Z,5543,AKZPLUES083G,AKZENT PLUS EFFECT STAINS ES08 3G,2,159.325,318.65
C180,2023-01-23T00:00:00Z,5540,AKZPLUES073G,AKZENT PLUS EFFECT STAINS ES07 3G,7,159.3243,1115.27
C180,2023-01-23T00:00:00Z,5537,AKZPLUES063G,AKZENT PLUS EFFECT STAINS ES06 3G,6,159.3233,955.94
C180,2023-01-23T00:00:00Z,5534,AKZPLUES053G,AKZENT PLUS EFFECT STAINS ES05 3G,11,159.3236,1752.56
C180,2023-01-23T00:00:00Z,5531,AKZPLUES043G,AKZENT PLUS EFFECT STAINS ES04 3G,8,159.325,1274.6
C180,2023-01-23T00:00:00Z,5528,AKZPLUES033G,AKZENT PLUS EFFECT STAINS ES03 3G,3,159.3267,477.98
C180,2023-01-23T00:00:00Z,5525,AKZPLUES023G,AKZENT PLUS EFFECT STAINS ES02 3G,5,159.324,796.62
C180,2023-01-23T00:00:00Z,5522,AKZPLUES013G,AKZENT PLUS EFFECT STAINS ES01 3G,11,159.3236,1752.56
C180,2023-01-23T00:00:00Z,5567,AKZPLUGLA30G,AKZENT PLUS GLAZE 30G,5,1132.926,5664.63
C180,2023-01-23T00:00:00Z,7340,LUMACMPDLIQ50ML,"LUMEX MODELLING LIQUID, 50 ML",20,187.28,3745.6
C180,2023-01-23T00:00:00Z,7208,LUMACCORDES,LUMEX CORRECTIVE DESERT 12 G,5,276.61,1383.05
C180,2023-01-23T00:00:00Z,7211,LUMACCORNEU,"LUMEX CORRECTIVE, NEUTRAL, 12 GR",5,276.61,1383.05
C180,2023-01-23T00:00:00Z,7412,LUMACTFOGGRE,"LUMEX TRANSLUCENT, FOGGY-GREY, 12 G",5,276.61,1383.05
C180,2023-01-23T00:00:00Z,7409,LUMACTDEEBLU,"LUMEX TRANSLUCENT, DEEP-BLUE, 12G",5,276.61,1383.05
C180,2023-01-23T00:00:00Z,7430,LUMACTWAT,"LUMEX TRANSLUCENT, WATERDROP, 12G",5,276.61,1383.05
C180,2023-01-23T00:00:00Z,7427,LUMACTSUNINT,"LUMEX TRANSLUCENT, SUN-INTENSE, 12G",5,276.61,1383.05
C180,2023-01-23T00:00:00Z,7424,LUMACTSUN,"LUMEX TRANSLUCENT, SUNLIGHT, 12 G",5,276.61,1383.05
C180,2023-01-23T00:00:00Z,7418,LUMACTMISROS,"LUMEX TRANSLUCENT, MISTY-ROSE, 12 G",2,276.61,553.22
C180,2023-01-23T00:00:00Z,7415,LUMACTLIGBLO,"LUMEX TRANSLUCENT, LIGHT-BLONDE, 12 G",5,276.61,1383.05
C180,2023-01-23T00:00:00Z,7421,LUMACTSMOWHI,"LUMEX TRANSLUCENT, SMOKY-WHITE, 12G",10,276.611,2766.11
C180,2023-01-23T00:00:00Z,7343,LUMACMSAF,"LUMEX MAMELON, SAFFRON, 12 G",5,276.61,1383.05
C180,2023-01-23T00:00:00Z,7271,LUMACDMCOP,"LUMEX DENTINE MODIFIER, COPPER, 12 G",5,276.61,1383.05
C180,2023-01-23T00:00:00Z,7274,LUMACDMHON,"LUMEX DENTINE MODIFIER, HONEY, 12 G",5,276.61,1383.05
C180,2023-01-23T00:00:00Z,7307,LUMACGDARRED,LUMEX GINGIVA DARK-RED 12G,3,229.1067,687.32
C180,2023-01-23T00:00:00Z,7325,LUMACGPUR,LUMEX GINGIVA PURPLE 12G,4,229.11,916.44
C180,2023-01-23T00:00:00Z,7328,LUMACGROS,LUMEX GINGIVA ROSEWOOD 12G,2,229.105,458.21
C180,2023-01-23T00:00:00Z,7313,LUMACGGRA,LUMEX GINGIVA GRAPEFRUIT 12G,3,229.1067,687.32
C180,2023-01-23T00:00:00Z,7319,LUMACGNEC,LUMEX GINGIVA NECTARINE 12G,6,229.1083,1374.65
C180,2023-01-23T00:00:00Z,7316,LUMACGLIGROS,LUMEX GINGIVA LIGHT-ROSE 12G,5,229.108,1145.54
C180,2023-01-23T00:00:00Z,7322,LUMACGPALPAP,LUMEX GINGIVA PALE-PAPILLA 12G,6,229.1083,1374.65
C180,2023-01-23T00:00:00Z,7280,LUMACEFOG12G,"LUMEX ENAMEL, FOG, 12 G",1,229.11,229.11
C180,2023-01-23T00:00:00Z,7277,LUMACECLE12G,"LUMEX ENAMEL, CLEAR, 12 G",30,229.1077,6873.23
C180,2023-01-23T00:00:00Z,7283,LUMACEINT12G,"LUMEX ENAMEL, INTENSE, 12 G",10,229.107,2291.07
C180,2023-01-23T00:00:00Z,7289,LUMACEMED12G,"LUMEX ENAMEL, MEDIUM, 12 G",30,229.1077,6873.23
C180,2023-01-23T00:00:00Z,7286,LUMACELIG12G,"LUMEX ENAMEL, LIGHT, 12 G",50,229.1074,11455.37
C180,2023-01-23T00:00:00Z,7256,LUMACDD312G,"LUMEX DENTINE, D3, 12 G",5,229.108,1145.54
C180,2023-01-23T00:00:00Z,7253,LUMACDD212G,"LUMEX DENTINE, D2, 12 G",5,229.108,1145.54
C180,2023-01-23T00:00:00Z,7250,LUMACDC412G,"LUMEX DENTINE, C4, 12 G",5,229.108,1145.54
C180,2023-01-23T00:00:00Z,7247,LUMACDC312G,"LUMEX DENTINE, C3, 12 G",5,229.108,1145.54
C180,2023-01-23T00:00:00Z,7244,LUMACDC212G,"LUMEX DENTINE, C2, 12 G",5,229.108,1145.54
C180,2023-01-23T00:00:00Z,7241,LUMACDC112G,"LUMEX DENTINE, C1, 12 G",5,229.108,1145.54
C180,2023-01-23T00:00:00Z,7238,LUMACDB412G,"LUMEX DENTINE, B4, 12 G",5,229.108,1145.54
C180,2023-01-23T00:00:00Z,7220,LUMACDA3.512G,"LUMEX DENTINE, A3.5, 12 G",10,229.107,2291.07
C180,2023-01-23T00:00:00Z,7223,LUMACDA312G,"LUMEX DENTINE, A3, 12 G",30,229.1077,6873.23
C180,2023-01-23T00:00:00Z,7217,LUMACDA212G,"LUMEX DENTINE, A2, 12 G",50,229.1074,11455.37
C189,2023-01-24T00:00:00Z,8477,OPAFLUVMK250ML,"OPAQUE FLUID (AMARILLO, VMK) 250ML",50,409.712,20485.6
C189,2023-01-24T00:00:00Z,8480,OPAFLUVMK50ML,"OPAQUE FLUID (AMARILLO, VMK) 50ML",100,104.8,10480.0
C189,2023-01-24T00:00:00Z,13859,VMKONECOLKITA2,VMK ONE COLOR KIT A2,20,1009.616,20192.32
C189,2023-01-24T00:00:00Z,8471,OPAFLUVM13250ML,"VM OPAQUE FLUID (BLANCO, VM.13, 11) 250M",10,401.518,4015.18
C189,2023-01-24T00:00:00Z,8474,OPAFLUVM1350ML,"VM OPAQUE FLUID (BLANCO, VM.13, 11) 50ML",30,102.8593,3085.78
C190,2023-01-24T00:00:00Z,13937,VMKT612G,VMK TRANSLUCENT T6 12G,10,129.689,1296.89
C191,2023-01-24T00:00:00Z,90563,SWITCHBOX,SWITCHBOX II VITA,5,3514.356,17571.780000000002
C191,2023-01-24T00:00:00Z,82443,VPADEXC,VPAD EXCELLENCE,1,20158.15,20158.15
C193,2023-01-26T00:00:00Z,118619,29343000,SILENT COMPACTCAM,1,30123.62,30123.62
C194,2023-01-30T00:00:00Z,8051,MFTR450M3,MFT R45 0M3,30,70.639,2119.17
C194,2023-01-30T00:00:00Z,9167,PHY22EINF2R1.5,PHYSIODENS 22E INFERIOR 2R1.5,5,230.418,1152.09
C194,2023-01-30T00:00:00Z,9170,PHY22EINF2R2.5,PHYSIODENS 22E INFERIOR 2R2.5,5,230.418,1152.09
C194,2023-01-30T00:00:00Z,9272,PHY23EINF2R2.5,PHYSIODENS 23E INFERIOR 2R2.5,5,230.418,1152.09
C194,2023-01-30T00:00:00Z,9071,PHY21EINF3L1.5,PHYSIODENS 21E INFERIOR 3L1.5,10,230.419,2304.19
C194,2023-01-30T00:00:00Z,9275,PHY23EINF3L1.5,PHYSIODENS 23E INFERIOR 3L1.5,5,230.418,1152.09
C194,2023-01-30T00:00:00Z,9125,PHY21ESUP3L2.5,PHYSIODENS 21E SUPERIOR 3L2.5,10,230.419,2304.19
C194,2023-01-30T00:00:00Z,7844,MFTPL291M1,MFT PL29 1M1,90,70.6392,6357.528
C194,2023-01-30T00:00:00Z,7964,MFTPU311M1,MFT PU31 1M1,220,70.6392,15540.624
C194,2023-01-30T00:00:00Z,7874,MFTPL311M1,MFT PL31 1M1,200,70.6393,14127.86
C194,2023-01-30T00:00:00Z,7994,MFTPU331M1,MFT PU33 1M1,200,70.6393,14127.86
C194,2023-01-30T00:00:00Z,7904,MFTPL331M1,MFT PL33 1M1,260,70.6392,18366.192
C194,2023-01-30T00:00:00Z,7937,MFTPU292L1.5,MFT PU29 2L1.5,80,70.6393,5651.14
C194,2023-01-30T00:00:00Z,7847,MFTPL292L1.5,MFT PL29 2L1.5,140,70.6392,9889.488000000001
C194,2023-01-30T00:00:00Z,7967,MFTPU312L1.5,MFT PU31 2L1.5,110,70.6392,7770.312
C194,2023-01-30T00:00:00Z,7877,MFTPL312L1.5,MFT PL31 2L1.5,180,70.6392,12715.056
C194,2023-01-30T00:00:00Z,7997,MFTPU332L1.5,MFT PU33 2L1.5,200,70.6393,14127.86
C194,2023-01-30T00:00:00Z,7907,MFTPL332L1.5,MFT PL33 2L1.5,120,70.6393,8476.716
C194,2023-01-30T00:00:00Z,7940,MFTPU292M1,MFT PU29 2M1,300,70.6392,21191.760000000002
C194,2023-01-30T00:00:00Z,7850,MFTPL292M1,MFT PL29 2M1,250,70.6392,17659.8
C194,2023-01-30T00:00:00Z,7970,MFTPU312M1,MFT PU31 2M1,510,70.6392,36025.992
C194,2023-01-30T00:00:00Z,7880,MFTPL312M1,MFT PL31 2M1,500,70.6392,35319.6
C194,2023-01-30T00:00:00Z,8000,MFTPU332M1,MFT PU33 2M1,600,70.6392,42383.520000000004
C194,2023-01-30T00:00:00Z,7910,MFTPL332M1,MFT PL33 2M1,500,70.6392,35319.6
C194,2023-01-30T00:00:00Z,7943,MFTPU292M2,MFT PU29 2M2,499,70.6392,35248.9608
C194,2023-01-30T00:00:00Z,7853,MFTPL292M2,MFT PL29 2M2,600,70.6392,42383.520000000004
C194,2023-01-30T00:00:00Z,7973,MFTPU312M2,MFT PU31 2M2,1499,70.6392,105888.1608
C194,2023-01-30T00:00:00Z,7883,MFTPL312M2,MFT PL31 2M2,1503,70.6392,106170.7176
C194,2023-01-30T00:00:00Z,8003,MFTPU332M2,MFT PU33 2M2,1510,70.6392,106665.19200000001
C194,2023-01-30T00:00:00Z,7913,MFTPL332M2,MFT PL33 2M2,1400,70.6392,98894.88
C194,2023-01-30T00:00:00Z,7976,MFTPU313L1.5,MFT PU31 3L1.5,100,70.6392,7063.92
C194,2023-01-30T00:00:00Z,7886,MFTPL313L1.5,MFT PL31 3L1.5,97,70.6392,6852.0024
C194,2023-01-30T00:00:00Z,8006,MFTPU333L1.5,MFT PU33 3L1.5,123,70.6392,8688.6216
C194,2023-01-30T00:00:00Z,7916,MFTPL333L1.5,MFT PL33 3L1.5,110,70.6392,7770.312
C194,2023-01-30T00:00:00Z,7979,MFTPU313L2.5,MFT PU31 3L2.5,70,70.6393,4944.75
C194,2023-01-30T00:00:00Z,7889,MFTPL313L2.5,MFT PL31 3L2.5,140,70.6392,9889.488000000001
C194,2023-01-30T00:00:00Z,8009,MFTPU333L2.5,MFT PU33 3L2.5,60,70.6393,4238.36
C194,2023-01-30T00:00:00Z,7919,MFTPL333L2.5,MFT PL33 3L2.5,70,70.6393,4944.75
C194,2023-01-30T00:00:00Z,7952,MFTPU293M2,MFT PU29 3M2,414,70.6393,29244.670200000004
C194,2023-01-30T00:00:00Z,7862,MFTPL293M2,MFT PL29 3M2,400,70.6392,28255.68
C194,2023-01-30T00:00:00Z,7982,MFTPU313M2,MFT PU31 3M2,1200,70.6392,84767.04000000001
C194,2023-01-30T00:00:00Z,7892,MFTPL313M2,MFT PL31 3M2,1000,70.6392,70639.2
C194,2023-01-30T00:00:00Z,8012,MFTPU333M2,MFT PU33 3M2,1137,70.6392,80316.77040000001
C194,2023-01-30T00:00:00Z,7922,MFTPL333M2,MFT PL33 3M2,811,70.6392,57288.391200000005
C194,2023-01-30T00:00:00Z,7955,MFTPU293R2.5,MFT PU29 3R2.5,130,70.6392,9183.096
C194,2023-01-30T00:00:00Z,7865,MFTPL293R2.5,MFT PL29 3R2.5,50,70.6394,3531.97
C194,2023-01-30T00:00:00Z,7985,MFTPU313R2.5,MFT PU31 3R2.5,198,70.6392,13986.5616
C194,2023-01-30T00:00:00Z,7895,MFTPL313R2.5,MFT PL31 3R2.5,200,70.6393,14127.86
C194,2023-01-30T00:00:00Z,8015,MFTPU333R2.5,MFT PU33 3R2.5,350,70.6393,24723.755
C194,2023-01-30T00:00:00Z,7925,MFTPL333R2.5,MFT PL33 3R2.5,310,70.6392,21898.152000000002
C194,2023-01-30T00:00:00Z,8018,MFTPU334M2,MFT PU33 4M2,70,70.6393,4944.75
C194,2023-01-30T00:00:00Z,7928,MFTPL334M2,MFT PL33 4M2,80,70.6393,5651.14
C194,2023-01-30T00:00:00Z,7181,LIN24LSUP0M3,LINGOFORM 24L SUPERIOR 0M3,2,211.92,423.84
C194,2023-01-30T00:00:00Z,7166,LIN24LINF0M3,LINGOFORM 24L INFERIOR 0M3,2,211.92,423.84
C194,2023-01-30T00:00:00Z,94280,LIN23LSUP1M1,LINGOFORM 23L SUPERIOR 1M1,1,211.92,211.92
C194,2023-01-30T00:00:00Z,94282,LIN23LINF1M1,LINGOFORM 23L INFERIOR 1M1,5,211.918,1059.59
C194,2023-01-30T00:00:00Z,94305,LIN24LSUP1M2,LINGOFORM 24L SUPERIOR 1M2,2,211.92,423.84
C194,2023-01-30T00:00:00Z,94308,LIN24LINF1M2,LINGOFORM 24L INFERIOR 1M2,2,211.92,423.84
C194,2023-01-30T00:00:00Z,104714,LIN21LSUP2M1,LINGOFORM 21L SUPERIOR 2M1,5,211.918,1059.59
C194,2023-01-30T00:00:00Z,104718,LIN21LINF2M1,LINGOFORM 21L INFERIOR 2M1,5,211.918,1059.59
C194,2023-01-30T00:00:00Z,7184,LIN24LSUP2M1,LINGOFORM 24L SUPERIOR 2M1,2,211.92,423.84
C194,2023-01-30T00:00:00Z,7169,LIN24LINF2M1,LINGOFORM 24L INFERIOR 2M1,5,211.918,1059.59
C194,2023-01-30T00:00:00Z,82644,LIN21LINF2M2,LINGOFORM 21L INFERIOR 2M2,5,211.918,1059.59
C194,2023-01-30T00:00:00Z,7118,LIN22LSUP2M2,LINGOFORM 22L SUPERIOR 2M2,5,211.918,1059.59
C194,2023-01-30T00:00:00Z,7097,LIN22LINF2M2,LINGOFORM 22L INFERIOR 2M2,5,211.918,1059.59
C194,2023-01-30T00:00:00Z,7100,LIN22LINF3M2,LINGOFORM 22L INFERIOR 3M2,5,211.918,1059.59
C194,2023-01-30T00:00:00Z,92260,LIN23LINF3M2,LINGOFORM 23L INFERIOR 3M2,5,211.918,1059.59
C194,2023-01-30T00:00:00Z,7079,LIN21LSUP3R2.5,LINGOFORM 21L SUPERIOR 3R2.5,5,211.918,1059.59
C194,2023-01-30T00:00:00Z,7121,LIN22LSUP3R2.5,LINGOFORM 22L SUPERIOR 3R2.5,5,211.918,1059.59
C194,2023-01-30T00:00:00Z,7103,LIN22LINF3R2.5,LINGOFORM 22L INFERIOR 3R2.5,5,211.918,1059.59
C194,2023-01-30T00:00:00Z,7139,LIN23LINF4M2,LINGOFORM 23L INFERIOR 4M2,5,211.918,1059.59
C194,2023-01-30T00:00:00Z,7082,LIN21LSUPA1,LINGOFORM 21L SUPERIOR A1,5,211.918,1059.59
C194,2023-01-30T00:00:00Z,7070,LIN21LINFA1,LINGOFORM 21L INFERIOR A1,5,211.918,1059.59
C194,2023-01-30T00:00:00Z,7124,LIN22LSUPA1,LINGOFORM 22L SUPERIOR A1,5,211.918,1059.59
C194,2023-01-30T00:00:00Z,7106,LIN22LINFA1,LINGOFORM 22L INFERIOR A1,5,211.918,1059.59
C194,2023-01-30T00:00:00Z,7157,LIN23LSUPA1,LINGOFORM 23L SUPERIOR A1,5,211.918,1059.59
C194,2023-01-30T00:00:00Z,7142,LIN23LINFA1,LINGOFORM 23L INFERIOR A1,5,211.918,1059.59
C194,2023-01-30T00:00:00Z,7172,LIN24LINFA1,LINGOFORM 24L INFERIOR A1,5,211.918,1059.59
C194,2023-01-30T00:00:00Z,7085,LIN21LSUPA2,LINGOFORM 21L SUPERIOR A2,5,211.918,1059.59
C194,2023-01-30T00:00:00Z,7073,LIN21LINFA2,LINGOFORM 21L INFERIOR A2,5,211.918,1059.59
C194,2023-01-30T00:00:00Z,7127,LIN22LSUPA2,LINGOFORM 22L SUPERIOR A2,5,211.918,1059.59
C194,2023-01-30T00:00:00Z,7109,LIN22LINFA2,LINGOFORM 22L INFERIOR A2,5,211.918,1059.59
C194,2023-01-30T00:00:00Z,7160,LIN23LSUPA2,LINGOFORM 23L SUPERIOR A2,5,211.918,1059.59
C194,2023-01-30T00:00:00Z,7145,LIN23LINFA2,LINGOFORM 23L INFERIOR A2,5,211.918,1059.59
C194,2023-01-30T00:00:00Z,7193,LIN24LSUPA2,LINGOFORM 24L SUPERIOR A2,10,211.917,2119.17
C194,2023-01-30T00:00:00Z,7175,LIN24LINFA2,LINGOFORM 24L INFERIOR A2,5,211.918,1059.59
C194,2023-01-30T00:00:00Z,7088,LIN21LSUPA3,LINGOFORM 21L SUPERIOR A3,5,211.918,1059.59
C194,2023-01-30T00:00:00Z,7076,LIN21LINFA3,LINGOFORM 21L INFERIOR A3,5,211.918,1059.59
C194,2023-01-30T00:00:00Z,7130,LIN22LSUPA3,LINGOFORN 22L SUPERIOR A3,10,211.917,2119.17
C194,2023-01-30T00:00:00Z,7112,LIN22LINFA3,LINGOFORM 22L INFERIOR A3,5,211.918,1059.59
C194,2023-01-30T00:00:00Z,7163,LIN23LSUPA3,LINGOFORM 23L SUPERIOR A3,4,211.9175,847.67
C194,2023-01-30T00:00:00Z,7148,LIN23LINFA3,LINGOFORM 23L INFERIOR A3,5,211.918,1059.59
C194,2023-01-30T00:00:00Z,7178,LIN24LINFA3,LINGOFORM 24L INFERIOR A3,5,211.918,1059.59
C194,2023-01-30T00:00:00Z,8930,PANSYN14SSUPA2,PAN SYNOFORM 14S SUPERIOR A2,10,190.053,1900.53
C194,2023-01-30T00:00:00Z,8915,PANSYN14SINFA2,PAN SYNOFORM 14S INFERIOR A2,10,190.053,1900.53
C194,2023-01-30T00:00:00Z,10649,PHYT8L0M1,PHYSIODENS T8L 0M1,5,272.466,1362.33
C194,2023-01-30T00:00:00Z,10355,PHYT3M1M1,PHYSIODENS T3M 1M1,5,272.466,1362.33
C194,2023-01-30T00:00:00Z,10757,PHYX1M1M1,PHYSIODENS X1M 1M1,5,272.466,1362.33
C194,2023-01-30T00:00:00Z,10856,PHYX3L1M2,PHYSIODENS X3L 1M2,5,272.466,1362.33
C194,2023-01-30T00:00:00Z,10709,PHYT9L2L1.5,PHYSIODENS T9L 2L1.5,5,272.466,1362.33
C194,2023-01-30T00:00:00Z,10907,PHYZ1S2L1.5,PHYSIODENS Z1S 2L1.5,2,272.465,544.93
C194,2023-01-30T00:00:00Z,9557,PHYL1S2L1.5,PHYSIODENS L1S 2L1.5,15,272.466,4086.99
C194,2023-01-30T00:00:00Z,10469,PHYT5M2M1,PHYSIODENS T5M 2M1,15,272.466,4086.99
C194,2023-01-30T00:00:00Z,10769,PHYX1M2M1,PHYSIODENS X1M 2M1,5,272.466,1362.33
C194,2023-01-30T00:00:00Z,10961,PHYZ2S2M1,PHYSIODENS Z2S 2M1,5,272.466,1362.33
C194,2023-01-30T00:00:00Z,9563,PHYL1S2M1,PHYSIODENS L1S 2M1,15,272.466,4086.99
C194,2023-01-30T00:00:00Z,10268,PHYT1S2M2,PHYSIODENS T1S 2M2,15,272.466,4086.99
C194,2023-01-30T00:00:00Z,10520,PHYT6L2M2,PHYSIODENS T6L 2M2,15,272.466,4086.99
C194,2023-01-30T00:00:00Z,10718,PHYT9L2M2,PHYSIODENS T9L 2M2,15,272.466,4086.99
C194,2023-01-30T00:00:00Z,10868,PHYX3L2M2,PHYSIODENS X3L 2M2,5,272.466,1362.33
C194,2023-01-30T00:00:00Z,9566,PHYL1S2M2,PHYSIODENS L1S 2M2,15,272.466,4086.99
C194,2023-01-30T00:00:00Z,9617,PHYL2M2M2,PHYSIODENS L2M 2M2,15,272.466,4086.99
C194,2023-01-30T00:00:00Z,9671,PHYL3M2M2,PHYSIODENS L3M 2M2,15,272.466,4086.99
C194,2023-01-30T00:00:00Z,9779,PHYL5M2M2,PHYSIODENS L5M 2M2,15,272.466,4086.99
C194,2023-01-30T00:00:00Z,9827,PHYL6L2M2,PHYSIODENS L6L 2M2,15,272.466,4086.99
C194,2023-01-30T00:00:00Z,9674,PHYL3M2M3,PHYSIODENS L3M 2M3,15,272.466,4086.99
C194,2023-01-30T00:00:00Z,9830,PHYL6L2M3,PHYSIODENS L6L 2M3,15,272.466,4086.99
C194,2023-01-30T00:00:00Z,10277,PHYT1S2R2.5,PHYSIODENS T1S 2R2.5,5,272.466,1362.33
C194,2023-01-30T00:00:00Z,10040,PHYO2L3L2.5,PHYSIODENS O2L 3L2.5,5,272.466,1362.33
C194,2023-01-30T00:00:00Z,10190,PHYO5L3M2,PHYSIODENS O5L 3M2,5,272.466,1362.33
C194,2023-01-30T00:00:00Z,9638,PHYL2M3M2,PHYSIODENS L2M 3M2,15,272.466,4086.99
C194,2023-01-30T00:00:00Z,9800,PHYL5M3M2,PHYSIODENS L5M 3M2,15,272.466,4086.99
C194,2023-01-30T00:00:00Z,10004,PHYO1S3R2.5,PHYSIODENS O1S 3R2.5,5,272.466,1362.33
C194,2023-01-30T00:00:00Z,10052,PHYO2L3R2.5,PHYSIODENS O2L 3R2.5,5,272.466,1362.33
C194,2023-01-30T00:00:00Z,10148,PHYO4L3R2.5,PHYSIODENS O4L 3R2.5,5,272.466,1362.33
C194,2023-01-30T00:00:00Z,10244,PHYO6L3R2.5,PHYSIODENS O6L 3R2.5,5,272.466,1362.33
C194,2023-01-30T00:00:00Z,10547,PHYT6L3R2.5,PHYSIODENS T6L 3R2.5,5,272.466,1362.33
C194,2023-01-30T00:00:00Z,10697,PHYT8L3R2.5,PHYSIODENS T8L 3R2.5,5,272.466,1362.33
C194,2023-01-30T00:00:00Z,10745,PHYT9L3R2.5,PHYSIODENS T9L 3R2.5,5,272.466,1362.33
C194,2023-01-30T00:00:00Z,9950,PHYL8L3R2.5,PHYSIODENS L8L 3R2.5,5,272.466,1362.33
C194,2023-01-30T00:00:00Z,10007,PHYO1S4M2,PHYSIODENS O1S 4M2,5,272.466,1362.33
C194,2023-01-30T00:00:00Z,10151,PHYO4L4M2,PHYSIODENS O4L 4M2,5,272.466,1362.33
C194,2023-01-30T00:00:00Z,10247,PHYO6L4M2,PHYSIODENS O6L 4M2,5,272.466,1362.33
C194,2023-01-30T00:00:00Z,10454,PHYT4M4M2,PHYSIODENS T4M 4M2,5,272.466,1362.33
C194,2023-01-30T00:00:00Z,10646,PHYT7M4M2,PHYSIODENS T7M 4M2,5,272.466,1362.33
C194,2023-01-30T00:00:00Z,10946,PHYZ1S4M2,PHYSIODENS Z1S 4M2,6,272.465,1634.79
C194,2023-01-30T00:00:00Z,8648,PANEXCO43A1,PAN EXCELL O43 A1,5,245.976,1229.88
C194,2023-01-30T00:00:00Z,8666,PANEXCO47A1,PAN EXCELL O47 A1,10,245.976,2459.76
C194,2023-01-30T00:00:00Z,8684,PANEXCO51A1,PAN EXCELL O51 A1,10,245.976,2459.76
C194,2023-01-30T00:00:00Z,8711,PANEXCR49A1,PAN EXCELL R49 A1,5,245.976,1229.88
C194,2023-01-30T00:00:00Z,8720,PANEXCS46A1,PAN EXCELL S46 A1,5,245.976,1229.88
C194,2023-01-30T00:00:00Z,8729,PANEXCT42A1,PAN EXCELL T42 A1,5,245.976,1229.88
C194,2023-01-30T00:00:00Z,8738,PANEXCT44A1,PAN EXCELL T44 A1,5,245.976,1229.88
C194,2023-01-30T00:00:00Z,8747,PANEXCT46A1,PAN EXCELL T46 A1,5,245.976,1229.88
C194,2023-01-30T00:00:00Z,8756,PANEXCT47A1,PAN EXCELL T47 A1,5,245.976,1229.88
C194,2023-01-30T00:00:00Z,8765,PANEXCT48A1,PAN EXCELL T48 A1,5,245.976,1229.88
C194,2023-01-30T00:00:00Z,8594,PANEXCL33A1,PAN EXCELL L33 A1,5,245.976,1229.88
C194,2023-01-30T00:00:00Z,8603,PANEXCL35A1,PAN EXCELL L35 A1,5,245.976,1229.88
C194,2023-01-30T00:00:00Z,8612,PANEXCL37A1,PAN EXCELL L37 A1,10,245.976,2459.76
C194,2023-01-30T00:00:00Z,8597,PANEXCL33A2,PAN EXCELL L33 A2,10,245.976,2459.76
C194,2023-01-30T00:00:00Z,8606,PANEXCL35A2,PAN EXCELL L35 A2,10,245.976,2459.76
C194,2023-01-30T00:00:00Z,8615,PANEXCL37A2,PAN EXCELL L37 A2,10,245.976,2459.76
C194,2023-01-30T00:00:00Z,9398,PHY24ESUP0M3,PHYSIODENS 24E SUPERIOR 0M3,5,230.418,1152.09
C194,2023-01-30T00:00:00Z,8945,PHY20EINF1M1,PHYSIODENS 20E INFERIOR 1M1,10,230.419,2304.19
C194,2023-01-30T00:00:00Z,9095,PHY21ESUP1M1,PHYSIODENS 21E SUPERIOR 1M1,10,230.419,2304.19
C194,2023-01-30T00:00:00Z,9044,PHY21EINF1M1,PHYSIODENS 21E INFERIOR 1M1,10,230.419,2304.19
C194,2023-01-30T00:00:00Z,9404,PHY24ESUP1M2,PHYSIODENS 24E SUPERIOR 1M2,10,230.419,2304.19
C194,2023-01-30T00:00:00Z,8951,PHY20EINF2L1.5,PHYSIODENS 20E INFERIOR 2L1.5,10,230.419,2304.19
C194,2023-01-30T00:00:00Z,9101,PHY21ESUP2L1.5,PHYSIODENS 21E SUPERIOR 2L1.5,20,230.418,4608.36
C194,2023-01-30T00:00:00Z,9050,PHY21EINF2L1.5,PHYSIODENS 21E INFERIOR 2L1.5,30,230.4183,6912.55
C194,2023-01-30T00:00:00Z,9305,PHY23ESUP2L1.5,PHYSIODENS 23E SUPERIOR 2L1.5,10,230.419,2304.19
C194,2023-01-30T00:00:00Z,9254,PHY23EINF2L1.5,PHYSIODENS 23E INFERIOR 2L1.5,20,230.418,4608.36
C194,2023-01-30T00:00:00Z,9407,PHY24ESUP2L1.5,PHYSIODENS 24E SUPERIOR 2L1.5,10,230.419,2304.19
C194,2023-01-30T00:00:00Z,8957,PHY20EINF2M1,PHYSIODENS 20E INFERIOR 2M1,10,230.419,2304.19
C194,2023-01-30T00:00:00Z,9107,PHY21ESUP2M1,PHYSIODENS 21E SUPERIOR 2M1,20,230.418,4608.36
C194,2023-01-30T00:00:00Z,9056,PHY21EINF2M1,PHYSIODENS 21E INFERIOR 2M1,10,230.419,2304.19
C194,2023-01-30T00:00:00Z,9209,PHY22ESUP2M1,PHYSIODENS 22E SUPERIOR 2M1,31,230.4184,7142.97
C194,2023-01-30T00:00:00Z,9158,PHY22EINF2M1,PHYSIODENS 22E INFERIOR 2M1,10,230.419,2304.19
C194,2023-01-30T00:00:00Z,9311,PHY23ESUP2M1,PHYSIODENS 23E SUPERIOR 2M1,20,230.418,4608.36
C194,2023-01-30T00:00:00Z,9260,PHY23EINF2M1,PHYSIODENS 23E INFERIOR 2M1,10,230.419,2304.19
C194,2023-01-30T00:00:00Z,9413,PHY24ESUP2M1,PHYSIODENS 24E SUPERIOR 2M1,2,230.42,460.84
C194,2023-01-30T00:00:00Z,9362,PHY24EINF2M1,PHYSIODENS 24E INFERIOR 2M1,10,230.419,2304.19
C194,2023-01-30T00:00:00Z,9509,PHY25ESUP2M1,PHYSIODENS 25E SUPERIOR 2M1,10,230.419,2304.19
C194,2023-01-30T00:00:00Z,9008,PHY20ESUP2M2,PHYSIODENS 20E SUPERIOR 2M2,30,230.4183,6912.55
C194,2023-01-30T00:00:00Z,8960,PHY20EINF2M2,PHYSIODENS 20E INFERIOR 2M2,20,230.418,4608.36
C194,2023-01-30T00:00:00Z,9110,PHY21ESUP2M2,PHYSIODENS 21E SUPERIOR 2M2,10,230.419,2304.19
C194,2023-01-30T00:00:00Z,9059,PHY21EINF2M2,PHYSIODENS 21E INFERIOR 2M2,10,230.419,2304.19
C194,2023-01-30T00:00:00Z,9212,PHY22ESUP2M2,PHYSIODENS 22E SUPERIOR 2M2,31,230.4184,7142.97
C194,2023-01-30T00:00:00Z,9161,PHY22EINF2M2,PHYSIODENS 22E INFERIOR 2M2,10,230.419,2304.19
C194,2023-01-30T00:00:00Z,9314,PHY23ESUP2M2,PHYSIODENS 23E SUPERIOR 2M2,30,230.4183,6912.55
C194,2023-01-30T00:00:00Z,9263,PHY23EINF2M2,PHYSIODENS 23E INFERIOR 2M2,10,230.419,2304.19
C194,2023-01-30T00:00:00Z,9416,PHY24ESUP2M2,PHYSIODENS 24E SUPERIOR 2M2,30,230.4183,6912.55
C194,2023-01-30T00:00:00Z,9365,PHY24EINF2M2,PHYSIODENS 24E INFERIOR 2M2,40,230.4185,9216.74
C194,2023-01-30T00:00:00Z,9512,PHY25ESUP2M2,PHYSIODENS 25E SUPERIOR 2M2,10,230.419,2304.19
C194,2023-01-30T00:00:00Z,9464,PHY25EINF2M2,PHYSIODENS 25E INFERIOR 2M2,10,230.419,2304.19
C194,2023-01-30T00:00:00Z,9113,PHY21ESUP2M3,PHYSIODENS 21E SUPERIOR 2M3,10,230.419,2304.19
C194,2023-01-30T00:00:00Z,9062,PHY21EINF2M3,PHYSIODENS 21E INFERIOR 2M3,10,230.419,2304.19
C194,2023-01-30T00:00:00Z,9215,PHY22ESUP2M3,PHYSIODENS 22E SUPERIOR 2M3,10,230.419,2304.19
C194,2023-01-30T00:00:00Z,9164,PHY22EINF2M3,PHYSIODENS 22E INFERIOR 2M3,5,230.418,1152.09
C194,2023-01-30T00:00:00Z,9317,PHY23ESUP2M3,PHYSIODENS 23E SUPERIOR 2M3,5,230.418,1152.09
C194,2023-01-30T00:00:00Z,9266,PHY23EINF2M3,PHYSIODENS 23E INFERIOR 2M3,5,230.418,1152.09
C194,2023-01-30T00:00:00Z,9419,PHY24ESUP2M3,PHYSIODENS 24E SUPERIOR 2M3,10,230.419,2304.19
C194,2023-01-30T00:00:00Z,9368,PHY24EINF2M3,PHYSIODENS 24E INFERIOR 2M3,10,230.419,2304.19
C194,2023-01-30T00:00:00Z,9116,PHY21ESUP2R1.5,PHYSIODENS 21E SUPERIOR 2R1.5,10,230.419,2304.19
C194,2023-01-30T00:00:00Z,9218,PHY22ESUP2R1.5,PHYSIODENS 22E SUPERIOR 2R1.5,5,230.418,1152.09
C194,2023-01-30T00:00:00Z,9119,PHY21ESUP2R2.5,PHYSIODENS 21E SUPERIOR 2R2.5,10,230.419,2304.19
C194,2023-01-30T00:00:00Z,9137,PHY21ESUP3R2.5,PHYSIODENS 21E SUPERIOR 3R2.5,10,230.419,2304.19
C194,2023-01-30T00:00:00Z,9395,PHY24EINF4M2,PHYSIODENS 24E INFERIOR 4M2,5,230.418,1152.09
C194,2023-01-30T00:00:00Z,9446,PHY24ESUP4M2,PHYSIODENS 24E SUPERIOR 4M2,5,230.418,1152.09
C194,2023-01-30T00:00:00Z,9293,PHY23EINF4M2,PHYSIODENS 23E INFERIOR 4M2,5,230.418,1152.09
C194,2023-01-30T00:00:00Z,9344,PHY23ESUP4M2,PHYSIODENS 23E SUPERIOR 4M2,4,230.4175,921.67
C194,2023-01-30T00:00:00Z,9191,PHY22EINF4M2,PHYSIODENS 22E INFERIOR 4M2,5,230.418,1152.09
C194,2023-01-30T00:00:00Z,9089,PHY21EINF4M2,PHYSIODENS 21E INFERIOR 4M2,10,230.419,2304.19
C194,2023-01-30T00:00:00Z,9491,PHY25EINF3R2.5,PHYSIODENS 25E INFERIOR 3R2.5,5,230.418,1152.09
C194,2023-01-30T00:00:00Z,9539,PHY25ESUP3R2.5,PHYSIODENS 25E SUPERIOR 3R2.5,5,230.418,1152.09
C194,2023-01-30T00:00:00Z,9392,PHY24EINF3R2.5,PHYSIODENS 24E INFERIOR 3R2.5,5,230.418,1152.09
C194,2023-01-30T00:00:00Z,9290,PHY23EINF3R2.5,PHYSIODENS 23E INFERIOR 3R2.5,5,230.418,1152.09
C194,2023-01-30T00:00:00Z,9188,PHY22EINF3R2.5,PHYSIODENS 22E INFERIOR 3R2.5,5,230.418,1152.09
C194,2023-01-30T00:00:00Z,9086,PHY21EINF3R2.5,PHYSIODENS 21E INFERIOR 3R2.5,10,230.419,2304.19
C194,2023-01-30T00:00:00Z,9443,PHY24ESUP3R2.5,PHYSIODENS 24E SUPERIOR 3R2.5,10,230.419,2304.19
C194,2023-01-30T00:00:00Z,9485,PHY25EINF3M2,PHYSIODENS 25E INFERIOR 3M2,10,230.419,2304.19
C194,2023-01-30T00:00:00Z,9533,PHY25ESUP3M2,PHYSIODENS 25E SUPERIOR 3M2,10,230.419,2304.19
C194,2023-01-30T00:00:00Z,9386,PHY24EINF3M2,PHYSIODENS 24E INFERIOR 3M2,5,230.418,1152.09
C194,2023-01-30T00:00:00Z,9437,PHY24ESUP3M2,PHYSIODENS 24E SUPERIOR 3M2,10,230.419,2304.19
C194,2023-01-30T00:00:00Z,9284,PHY23EINF3M2,PHYSIODENS 23E INFERIOR 3M2,10,230.419,2304.19
C194,2023-01-30T00:00:00Z,9335,PHY23ESUP3M2,PHYSIODENS 23E SUPERIOR 3M2,20,230.418,4608.36
C194,2023-01-30T00:00:00Z,9182,PHY22EINF3M2,PHYSIODENS 22E INFERIOR 3M2,10,230.419,2304.19
C194,2023-01-30T00:00:00Z,9233,PHY22ESUP3M2,PHYSIODENS 22E SUPERIOR 3M2,20,230.418,4608.36
C194,2023-01-30T00:00:00Z,9131,PHY21ESUP3M2,PHYSIODENS 21E SUPERIOR 3M2,20,230.418,4608.36
C194,2023-01-30T00:00:00Z,8981,PHY20EINF3M2,PHYSIODENS 20E INFERIOR 3M2,10,230.419,2304.19
C194,2023-01-30T00:00:00Z,9029,PHY20ESUP3M2,PHYSIODENS 20E SUPERIOR 3M2,10,230.419,2304.19
C194,2023-01-30T00:00:00Z,9179,PHY22EINF3M1,PHYSIODENS 22E INFERIOR 3M1,10,230.419,2304.19
C194,2023-01-30T00:00:00Z,9479,PHY25EINF3L2.5,PHYSIODENS 25E INFERIOR 3L2.5,5,230.418,1152.09
C194,2023-01-30T00:00:00Z,9431,PHY24ESUP3L2.5,PHYSIODENS 24E SUPERIOR 3L2.5,10,230.419,2304.19
C194,2023-01-30T00:00:00Z,7781,MFTO440M3,MFT O44 0M3,30,70.639,2119.17
C194,2023-01-30T00:00:00Z,7811,MFTO490M3,MFT O49 0M3,15,70.6393,1059.59
C194,2023-01-30T00:00:00Z,8081,MFTR470M3,MFT R47 0M3,30,70.639,2119.17
C194,2023-01-30T00:00:00Z,8111,MFTS470M3,MFT S47 0M3,30,70.639,2119.17
C194,2023-01-30T00:00:00Z,8141,MFTS500M3,MFT S50 0M3,15,70.6393,1059.59
C194,2023-01-30T00:00:00Z,8171,MFTT410M3,MFT T41 0M3,30,70.639,2119.17
C194,2023-01-30T00:00:00Z,8201,MFTT430M3,MFT T43 0M3,30,70.639,2119.17
C194,2023-01-30T00:00:00Z,8231,MFTT460M3,MFT T46 0M3,30,70.639,2119.17
C194,2023-01-30T00:00:00Z,8261,MFTT490M3,MFT T49 0M3,45,70.6393,3178.77
C194,2023-01-30T00:00:00Z,7631,MFTL340M3,MFT L34 0M3,30,70.639,2119.17
C194,2023-01-30T00:00:00Z,7661,MFTL370M3,MFT L37 0M3,15,70.6393,1059.59
C194,2023-01-30T00:00:00Z,7721,MFTL400M3,MFT L40 0M3,30,70.639,2119.17
C194,2023-01-30T00:00:00Z,7814,MFTO491M1,MFT O49 1M1,30,70.639,2119.17
C194,2023-01-30T00:00:00Z,8054,MFTR451M1,MFT R45 1M1,90,70.6392,6357.528
C194,2023-01-30T00:00:00Z,8084,MFTR471M1,MFT R47 1M1,75,70.6392,5297.94
C194,2023-01-30T00:00:00Z,8114,MFTS471M1,MFT S47 1M1,45,70.6393,3178.77
C194,2023-01-30T00:00:00Z,8204,MFTT431M1,MFT T43 1M1,90,70.6392,6357.528
C194,2023-01-30T00:00:00Z,8234,MFTT461M1,MFT T46 1M1,90,70.6392,6357.528
C194,2023-01-30T00:00:00Z,8264,MFTT491M1,MFT T49 1M1,60,70.6393,4238.36
C194,2023-01-30T00:00:00Z,7634,MFTL341M1,MFT L34 1M1,90,70.6392,6357.528
C194,2023-01-30T00:00:00Z,7664,MFTL371M1,MFT L37 1M1,135,70.6393,9536.3055
C194,2023-01-30T00:00:00Z,7724,MFTL401M1,MFT L40 1M1,165,70.6392,11655.468
C194,2023-01-30T00:00:00Z,7817,MFTO492L1.5,MFT O49 2L1.5,45,70.6393,3178.77
C194,2023-01-30T00:00:00Z,8057,MFTR452L1.5,MFT R45 2L1.5,30,70.639,2119.17
C194,2023-01-30T00:00:00Z,8117,MFTS472L1.5,MFT S47 2L1.5,30,70.639,2119.17
C194,2023-01-30T00:00:00Z,8237,MFTT462L1.5,MFT T46 2L1.5,105,70.6392,7417.116
C194,2023-01-30T00:00:00Z,8267,MFTT492L1.5,MFT T49 2L1.5,60,70.6393,4238.36
C194,2023-01-30T00:00:00Z,7637,MFTL342L1.5,MFT L34 2L1.5,105,70.6392,7417.116
C194,2023-01-30T00:00:00Z,7667,MFTL372L1.5,MFT L37 2L1.5,105,70.6392,7417.116
C194,2023-01-30T00:00:00Z,7727,MFTL402L1.5,MFT L40 2L1.5,45,70.6393,3178.77
C194,2023-01-30T00:00:00Z,7760,MFTO402M1,MFT O40 2M1,90,70.6392,6357.528
C194,2023-01-30T00:00:00Z,7790,MFTO442M1,MFT O44 2M1,60,70.6393,4238.36
C194,2023-01-30T00:00:00Z,7820,MFTO492M1,MFT O49 2M1,75,70.6392,5297.94
C194,2023-01-30T00:00:00Z,8030,MFTR422M1,MFT R42 2M1,60,70.6393,4238.36
C194,2023-01-30T00:00:00Z,8060,MFTR452M1,MFT R45 2M1,165,70.6392,11655.468
C194,2023-01-30T00:00:00Z,8090,MFTR472M1,MFT R47 2M1,165,70.6392,11655.468
C194,2023-01-30T00:00:00Z,8120,MFTS472M1,MFT S47 2M1,120,70.6393,8476.716
C194,2023-01-30T00:00:00Z,8150,MFTS502M1,MFT S50 2M1,90,70.6392,6357.528
C194,2023-01-30T00:00:00Z,8180,MFTT412M1,MFT T41 2M1,75,70.6392,5297.94
C194,2023-01-30T00:00:00Z,8210,MFTT432M1,MFT T43 2M1,225,70.6392,15893.82
C194,2023-01-30T00:00:00Z,8240,MFTT462M1,MFT T46 2M1,255,70.6392,18012.996
C194,2023-01-30T00:00:00Z,8270,MFTT492M1,MFT T49 2M1,210,70.6392,14834.232
C194,2023-01-30T00:00:00Z,7610,MFTL332M1,MFT L33 2M1,150,70.6393,10595.895
C194,2023-01-30T00:00:00Z,7640,MFTL342M1,MFT L34 2M1,285,70.6392,20132.172000000002
C194,2023-01-30T00:00:00Z,7670,MFTL372M1,MFT L37 2M1,375,70.6392,26489.7
C194,2023-01-30T00:00:00Z,7730,MFTL402M1,MFT L40 2M1,300,70.6392,21191.760000000002
C194,2023-01-30T00:00:00Z,7823,MFTO492M2,MFT O49 2M2,90,70.6392,6357.528
C194,2023-01-30T00:00:00Z,8033,MFTR422M2,MFT R42 2M2,195,70.6393,13774.6635
C194,2023-01-30T00:00:00Z,8063,MFTR452M2,MFT R45 2M2,345,70.6392,24370.524
C194,2023-01-30T00:00:00Z,8093,MFTR472M2,MFT R47 2M2,300,70.6392,21191.760000000002
C194,2023-01-30T00:00:00Z,8123,MFTS472M2,MFT S47 2M2,420,70.6392,29668.464
C194,2023-01-30T00:00:00Z,8153,MFTS502M2,MFT S50 2M2,285,70.6392,20132.172000000002
C194,2023-01-30T00:00:00Z,8183,MFTT412M2,MFT T41 2M2,165,70.6392,11655.468
C194,2023-01-30T00:00:00Z,8213,MFTT432M2,MFT T43 2M2,495,70.6392,34966.404
C194,2023-01-30T00:00:00Z,8243,MFTT462M2,MFT T46 2M2,780,70.6392,55098.576
C194,2023-01-30T00:00:00Z,8273,MFTT492M2,MFT T49 2M2,345,70.6392,24370.524
C194,2023-01-30T00:00:00Z,7613,MFTL332M2,MFT L33 2M2,330,70.6392,23310.936
C194,2023-01-30T00:00:00Z,7643,MFTL342M2,MFT L34 2M2,840,70.6392,59336.928
C194,2023-01-30T00:00:00Z,7673,MFTL372M2,MFT L37 2M2,1050,70.6392,74171.16
C194,2023-01-30T00:00:00Z,7703,MFTL37LN2M2,MFT L37LN 2M2,135,70.6393,9536.3055
C194,2023-01-30T00:00:00Z,7733,MFTL402M2,MFT L40 2M2,660,70.6392,46621.872
C194,2023-01-30T00:00:00Z,7676,MFTL373L1.5,MFT L37 3L1.5,45,70.6393,3178.77
C194,2023-01-30T00:00:00Z,7736,MFTL403L1.5,MFT L40 3L1.5,28,70.6393,1977.9
C194,2023-01-30T00:00:00Z,7772,MFTO403M2,MFT O40 3M2,62,70.6392,4379.63
C194,2023-01-30T00:00:00Z,7802,MFTO443M2,MFT O44 3M2,60,70.6393,4238.36
C194,2023-01-30T00:00:00Z,8042,MFTR423M2,MFT R42 3M2,105,70.6392,7417.116
C194,2023-01-30T00:00:00Z,8072,MFTR453M2,MFT R45 3M2,270,70.6393,19072.611
C194,2023-01-30T00:00:00Z,8102,MFTR473M2,MFT R47 3M2,165,70.6392,11655.468
C194,2023-01-30T00:00:00Z,8132,MFTS473M2,MFT S47 3M2,225,70.6392,15893.82
C194,2023-01-30T00:00:00Z,8162,MFTS503M2,MFT S50 3M2,165,70.6392,11655.468
C194,2023-01-30T00:00:00Z,8192,MFTT413M2,MFT T41 3M2,120,70.6393,8476.716
C194,2023-01-30T00:00:00Z,8222,MFTT433M2,MFT T43 3M2,345,70.6392,24370.524
C194,2023-01-30T00:00:00Z,8252,MFTT463M2,MFT T46 3M2,347,70.6393,24511.8371
C194,2023-01-30T00:00:00Z,8282,MFTT493M2,MFT T49 3M2,275,70.6392,19425.780000000002
C194,2023-01-30T00:00:00Z,7622,MFTL333M2,MFT L33 3M2,195,70.6393,13774.6635
C194,2023-01-30T00:00:00Z,7652,MFTL343M2,MFT L34 3M2,375,70.6392,26489.7
C194,2023-01-30T00:00:00Z,7682,MFTL373M2,MFT L37 3M2,465,70.6392,32847.228
C194,2023-01-30T00:00:00Z,7742,MFTL403M2,MFT L40 3M2,296,70.6392,20909.2032
C194,2023-01-30T00:00:00Z,8105,MFTR473R2.5,MFT R47 3R2.5,60,70.6393,4238.36
C194,2023-01-30T00:00:00Z,8135,MFTS473R2.5,MFT S47 3R2.5,90,70.6392,6357.528
C194,2023-01-30T00:00:00Z,8225,MFTT433R2.5,MFT T43 3R2.5,45,70.6393,3178.77
C194,2023-01-30T00:00:00Z,8255,MFTT463R2.5,MFT T46 3R2.5,105,70.6392,7417.116
C194,2023-01-30T00:00:00Z,8285,MFTT493R2.5,MFT T49 3R2.5,60,70.6393,4238.36
C194,2023-01-30T00:00:00Z,7655,MFTL343R2.5,MFT L34 3R2.5,90,70.6392,6357.528
C194,2023-01-30T00:00:00Z,7685,MFTL373R2.5,MFT L37 3R2.5,105,70.6392,7417.116
C194,2023-01-30T00:00:00Z,7745,MFTL403R2.5,MFT L40 3R2.5,105,70.6392,7417.116
C194,2023-01-30T00:00:00Z,7688,MFTL374M2,MFT L37 4M2,30,70.639,2119.17
C194,2023-01-30T00:00:00Z,7841,MFTPL290M3,MFT PL29 0M3,20,70.639,1412.78
C194,2023-01-30T00:00:00Z,7961,MFTPU310M3,MFT PU31 0M3,60,70.6393,4238.36
C194,2023-01-30T00:00:00Z,7871,MFTPL310M3,MFT PL31 0M3,50,70.6394,3531.97
C194,2023-01-30T00:00:00Z,7991,MFTPU330M3,MFT PU33 0M3,70,70.6393,4944.75
C194,2023-01-30T00:00:00Z,7901,MFTPL330M3,MFT PL33 0M3,40,70.639,2825.56
C194,2023-01-30T00:00:00Z,7934,MFTPU291M1,MFT PU29 1M1,120,70.6393,8476.716
C195,2023-02-20T00:00:00Z,8405,MI895,MIYO TRANS SLATE FLUOR PASTE 4G,5,747.608,3738.04
C195,2023-02-20T00:00:00Z,14291,ZR249,INSYN FC GLAZE PASTE 4G,150,557.1185,83567.77500000001
C195,2023-02-20T00:00:00Z,14288,ZR190,INSYNC ZR GLAZE LIQUID 25 ML,50,239.9074,11995.37
C195,2023-02-20T00:00:00Z,8381,MI887,MIYO GINGIVAL TRANS RASPBERRY PASTE 4G,35,747.6091,26166.32
C195,2023-02-20T00:00:00Z,8411,MI897,MIYO GINGIVAL SABLE PASTE 4G,5,747.608,3738.04
C195,2023-02-20T00:00:00Z,8408,MI896,MIYO TRANS LUMIN PLUS FLUOR PASTE 4G,10,747.609,7476.09
C195,2023-02-20T00:00:00Z,8402,MI894,MIYO TRANS COBALT FLUOR PASTE 4G,25,747.6092,18690.23
C195,2023-02-20T00:00:00Z,8300,MI858,MIYO LINEN FLUOR PASTE 4G,25,747.6092,18690.23
C195,2023-02-20T00:00:00Z,8303,MI859,MIYO FISSURE FLUOR POWDER 4G,15,747.6087,11214.13
C195,2023-02-20T00:00:00Z,8306,MI860,MIYO TRANS STORM FLUOR PASTE 4G,10,747.609,7476.09
C195,2023-02-20T00:00:00Z,8309,MI861,MIYO TRANS LOTUS FLUOR PASTE 4G,5,747.608,3738.04
C195,2023-02-20T00:00:00Z,8312,MI862,MIYO TRANS STRAW FLUOR PASTE 4G,5,747.608,3738.04
C195,2023-02-20T00:00:00Z,8291,MI008,MIYO BRUSH KIT,4,3485.22,13940.88
C195,2023-02-20T00:00:00Z,8423,MI957,MIYO GINGIVAL VENULE 4G,10,747.609,7476.09
C195,2023-02-20T00:00:00Z,87158,MI954,MIYO HIGH FUSING STRUCTURE WINDOW PASTE 4G,3,747.61,2242.83
C195,2023-02-20T00:00:00Z,87155,MI953,MIYO HIGH FUSING STRUCTURE ENAMEL PASTE 4G,10,747.609,7476.09
C195,2023-02-20T00:00:00Z,8393,MI891,MIYO GINGIVAL STRUCTURE ROUGE PASTE 4G,20,747.6095,14952.19
C195,2023-02-20T00:00:00Z,8396,MI892,MIYO GINGIVAL STRUCTURE FROST PASTE 4G,10,747.609,7476.09
C195,2023-02-20T00:00:00Z,87152,MI952,MIYO TRANS GARNET PASTE 4G,5,747.608,3738.04
C195,2023-02-20T00:00:00Z,8297,MI857,MIYO SNOW FLUOR PASTE 4G,20,747.6095,14952.19
C195,2023-02-20T00:00:00Z,8378,MI886,MIYO GINGIVAL SORBET PASTE 4G,10,747.609,7476.09
C195,2023-02-20T00:00:00Z,8375,MI885,MIYO GINGIVAL MERLOT PASTE 4G,60,747.6092,44856.55
C195,2023-02-20T00:00:00Z,8420,MI951,MIYO GINGIVAL CARNATION 4G,5,747.608,3738.04
C195,2023-02-20T00:00:00Z,8417,MI950,MIYO TRANS SUNFLOWER 4G,3,747.61,2242.83
C195,2023-02-20T00:00:00Z,8414,MI898,MIYO GINGIVAL THISTLE PASTE 4G,5,747.608,3738.04
C195,2023-02-20T00:00:00Z,8372,MI884,MIYO GINGIVAL PLUM PASTE 4G,5,747.608,3738.04
C195,2023-02-20T00:00:00Z,8369,MI883,MIYO GINGIVAL TRANS MIDNIGHT PASTE 4G,10,747.609,7476.09
C195,2023-02-20T00:00:00Z,8366,MI882,MIYO GINGIVAL CRIMSON PASTE 4G,5,747.608,3738.04
C195,2023-02-20T00:00:00Z,8363,MI881,MIYO GINGIVAL FLAMINGO PASTE 4G,25,747.6092,18690.23
C195,2023-02-20T00:00:00Z,8360,MI880,MIYO TRANS SHADE D FLUOR PASTE 4G,10,747.609,7476.09
C195,2023-02-20T00:00:00Z,8357,MI879,MIYO TRANS SHADE C FLUOR PASTE 4G,10,747.609,7476.09
C195,2023-02-20T00:00:00Z,8354,MI878,MIYO TRANS SHADE B FLUOR PASTE 4G,20,747.6095,14952.19
C195,2023-02-20T00:00:00Z,8351,MI877,MIYO TRANS SHADE A FLUOR PASTE 4G,70,747.6091,52332.64
C195,2023-02-20T00:00:00Z,8348,MI876,MIYO TRANS LUMIN FLUOR PASTE 4G,20,747.6095,14952.19
C195,2023-02-20T00:00:00Z,8345,MI875,MIYO TRANS SMOKE FLUOR PASTE 4G,25,747.6092,18690.23
C195,2023-02-20T00:00:00Z,8342,MI873,MIYO STRUCTURE GHOST FLUOR PASTE 4G,5,747.608,3738.04
C195,2023-02-20T00:00:00Z,8339,MI872,MIYO STRUCTURE ENAMEL FLUOR PASTE 4G,10,747.609,7476.09
C195,2023-02-20T00:00:00Z,86186,MI871,MIYO STRUCTURE BLUSH FLUOR PASTE 4G,5,747.608,3738.04
C195,2023-02-20T00:00:00Z,8336,MI870,MIYO STRUCTURE ICE FLUOR PASTE 4G,5,747.608,3738.04
C195,2023-02-20T00:00:00Z,8399,MI893,MIYO TRANS SAGE FLUOR PASTE 4G,5,747.608,3738.04
C195,2023-02-20T00:00:00Z,8333,MI869,MIYO STRUCTURE WINDOW FLUOR PASTE 4G,10,747.609,7476.09
C195,2023-02-20T00:00:00Z,8327,MI867,MIYO MAMELON CORAL FLUOR PASTE 4G,25,747.6092,18690.23
C195,2023-02-20T00:00:00Z,8324,MI866,MIYO MAMELON WHEAT FLUOR PASTE 4G,10,747.609,7476.09
C195,2023-02-20T00:00:00Z,8321,MI865,MIYO AUTUMN SPRING FLUOR PASTE 4G,5,747.608,3738.04
C195,2023-02-20T00:00:00Z,8318,MI864,MIYO HALO SPRIN FLUOR PASTE 4G,25,747.6092,18690.23
C195,2023-02-20T00:00:00Z,8387,MI889,MIYO GINGIVAL SALMON PASTE 4G,20,747.6095,14952.19
C195,2023-02-20T00:00:00Z,8384,MI888,MIYO GINGIVAL TRANS COPPER PASTE 4G,25,747.6092,18690.23
C195,2023-02-20T00:00:00Z,8390,MI890,MIYO GINGIVAL STRUCTURE ORCHID PASTE 4G,10,747.609,7476.09
C198,2023-02-22T00:00:00Z,116943,20302003,ANAXBLEND PASTEN OPAQUER O A2 3G,4,343.055,1372.22
C196,2023-02-22T00:00:00Z,3503,BAJA105268,BAJA AUSTROMAT 674 BASIC,3,124897.5833,374692.7499
C199,2023-02-28T00:00:00Z,90268,V14612,SOPORTE 2M CENTRALES CON TORNILLOS PLANA VIMAR,10,49.37,493.7
C199,2023-02-28T00:00:00Z,11318,V14209,BASE SICURY 2P+T 16A. P302M PLANTA VIMAR,10,127.13,1271.3
C199,2023-02-28T00:00:00Z,90264,V14652.01,PLACA 2L TECN BLANCO,10,64.06,640.6
C201,2023-03-01T00:00:00Z,121218,CPUSYSTEMG,CPU GABINETE SYSTEM G,5,14524.352,72621.76000000001
C202,2023-03-02T00:00:00Z,121262,D26298,WASHER 6.4 MM,2,13.125,26.25
C202,2023-03-02T00:00:00Z,121265,D52508,SCREW M3X8 ZN TX10 BN4851,2,23.96,47.92
C202,2023-03-02T00:00:00Z,96930,D52260,THERMOCOUPLE WITH INSULATION,4,2816.2075,11264.83
C202,2023-03-02T00:00:00Z,99473,D32261,BRENNMUFFEL,1,4115.65,4115.65
C202,2023-03-02T00:00:00Z,121269,D38045,HEXAGON SREW M6X20 DIN 933,2,16.875,33.75
C202,2023-03-02T00:00:00Z,96939,D52002,COMPACT CYLINDER,2,3174.975,6349.95
C202,2023-03-02T00:00:00Z,96933,D52300A,PRESS-PLUNGER,2,5028.0,10056.0
C202,2023-03-02T00:00:00Z,101802,D32260,THERMOELEMENT KPL. MIT ISOLIERSTEIN,5,2816.208,14081.04
C202,2023-03-02T00:00:00Z,121247,D32277,FIRING MUFFLE 110V,5,4381.714,21908.57
C202,2023-03-02T00:00:00Z,121251,D53041,HEATING ELEMENT FOR VITA ZYRCOMAT,3,8476.9533,25430.859899999996
C202,2023-03-02T00:00:00Z,96075,D47232N,CONTROL MODULE,7,7677.74,53744.18
C202,2023-03-02T00:00:00Z,96078,D23295,VITON- RING 145X4MM,15,391.4807,5872.21
C203,2023-03-06T00:00:00Z,3821,217991,MALETIN ARTEX,16,2125.0213,34000.34
C203,2023-03-06T00:00:00Z,3800,216240,AG BASE DE TRANSFERENCIA SPLITEX INCL MESA,10,6563.955,65639.55
C203,2023-03-06T00:00:00Z,4679,216100C,JUEGO DE PLACAS SPLITEX VERSION C,12,3447.2567,41367.0804
C203,2023-03-06T00:00:00Z,3821,217991,MALETIN ARTEX,28,2125.0211,59500.59
C203,2023-03-06T00:00:00Z,4679,216100C,JUEGO DE PLACAS SPLITEX VERSION C,28,3447.2568,96523.1904
C203,2023-03-06T00:00:00Z,3800,216240,AG BASE DE TRANSFERENCIA SPLITEX INCL MESA,24,6563.9542,157534.9008
C203,2023-03-06T00:00:00Z,121370,181362,BLANK HOLDER BLOCS 3X UN MOTION 3,5,23595.606,117978.03
C206,2023-03-07T00:00:00Z,90218,6100MS,HORNO ZYRCOMAT 6100 MS 230V,10,102408.59,1024085.8999999999
C206,2023-03-07T00:00:00Z,99851,VPADCOMFORT,VPAD COMFORT,10,14198.934,141989.34
C205,2023-03-07T00:00:00Z,89294,V60ILIN110V,VITA V60 ILINE 110V,10,38508.408,385084.08
C205,2023-03-07T00:00:00Z,91350,BOMVAC110V,VITA BOMBA DE VACIO PARA HORNO 110V,10,8491.685,84916.84999999999
C204,2023-03-07T00:00:00Z,91350,BOMVAC110V,VITA BOMBA DE VACIO PARA HORNO 110V,20,8483.49,169669.8
C204,2023-03-07T00:00:00Z,86280,6000MP110V,HORNO 6000MP 110V,20,47974.3585,959487.17
C204,2023-03-07T00:00:00Z,99851,VPADCOMFORT,VPAD COMFORT,20,14223.386,284467.72000000003
C207,2023-03-22T00:00:00Z,122824,RD6127-6-15M0,CAPACITOR SCHAFFNER RD6127-6-15M0,2,1157.49,2314.98
C209,2023-03-24T00:00:00Z,5762,APG181315MB1,CAMEO MILL BLOCS BOX C14 HT B1,135,692.2547,93454.3845
C209,2023-03-24T00:00:00Z,5756,CMBBC14HTA1,CAMEO MILL BLOCS BOX C14 HT A1,126,692.2548,87224.1048
C209,2023-03-24T00:00:00Z,5759,CMBBC14HTA2,CAMEO MILL BLOCS BOX C14 HT A2,236,692.2547,163372.10919999998
C209,2023-03-24T00:00:00Z,86926,APG401514MLA3,CAMEO MILL BLOCS BOX B40 LT A3,10,2076.764,20767.64
C209,2023-03-24T00:00:00Z,86918,CMBBB40LTA1,CAMEO MILL BLOCS BOX B40 LT A1,25,2076.7644,51919.11
C209,2023-03-24T00:00:00Z,5777,APG181315MLB1,CAMEO MILL BLOCS BOX C14 LT B1,23,692.2548,15921.86
C209,2023-03-24T00:00:00Z,86616,APG181315MLBL2,CAMEO MILL BLOCS BOX C14 LT BL2,33,692.2548,22844.41
C209,2023-03-24T00:00:00Z,5771,APG181315MLA2,CAMEO MILL BLOCS BOX C14 LT A2,55,692.2549,38074.02
C209,2023-03-24T00:00:00Z,5780,CMBBC14LTB2,CAMEO MILL BLOCS BOX C14 LT B2,25,692.2548,17306.37
C209,2023-03-24T00:00:00Z,5774,APG181315MLA3,CAMEO MILL BLOCS BOX C14 LT A3,90,692.2548,62302.932
C210,2023-03-30T00:00:00Z,98027,F191S,HEPA FILTER JETSTREAM,5,2056.174,10280.87
C210,2023-03-30T00:00:00Z,83410,AG113-5,ANTI-MICROBIAL FILTER BAGS 5/BX,50,1174.9564,58747.82
C210,2023-03-30T00:00:00Z,123190,JHL-5293R2,JS CADCAM DUST COLLECTOR,20,22554.9655,451099.30999999994
C210,2023-03-30T00:00:00Z,123195,E035,SWITCH PANEL COMPONENTS,5,398.646,1993.23
C210,2023-03-30T00:00:00Z,123198,AE260-16,JETSTREAM CONTROL PANEL ISERIES,1,5539.08,5539.08
C211,2023-04-09T00:00:00Z,122789,TYTANECO50,HORNO TITANIO ECO 50,25,13199.3284,329983.21
C211,2023-04-09T00:00:00Z,101899,TRCRUCIBLE,CRISOL ROTOCAST CRISTAL,20,134.23,2684.6
C211,2023-04-09T00:00:00Z,11297,TWISTECO,MEZCLADOR DE VACIO TWIST ECO VACUUM MIXER 110V,30,12975.611,389268.33
C211,2023-04-09T00:00:00Z,101891,COBRA2P,ARENERO COBRA 2P VP SAND BLASTER 110V,10,10067.284,100672.84
C211,2023-04-09T00:00:00Z,122797,PCECAMICTY50,SOPORTE DE CERAMICA PARA TITANIO 50,2,514.55,1029.1
C211,2023-04-09T00:00:00Z,122792,PCERAMICTY25,SOPORTE DE CERAMICA PARA TITANIO 25,3,514.55,1543.65
C211,2023-04-09T00:00:00Z,98392,TYTANMAX50P,HORNO TITANIO MAX 50,10,18568.547,185685.46999999997
C212,2023-04-10T00:00:00Z,5765,CMBBC14HTBL3W3,CAMEO MILL BLOCS BOX C14 HT BL3/W3,15,667.7793,10016.69
C212,2023-04-10T00:00:00Z,5756,CMBBC14HTA1,CAMEO MILL BLOCS BOX C14 HT A1,74,667.7788,49415.63
C212,2023-04-10T00:00:00Z,5759,CMBBC14HTA2,CAMEO MILL BLOCS BOX C14 HT A2,64,667.7788,42737.84
C212,2023-04-10T00:00:00Z,86616,APG181315MLBL2,CAMEO MILL BLOCS BOX C14 LT BL2,32,667.7788,21368.92
C212,2023-04-10T00:00:00Z,86613,CPIBLTBL1,CAMEO PRESS INGOT BOX LT BL1,56,381.5879,21368.92
C212,2023-04-10T00:00:00Z,5813,CPIBHTBL3W3,CAMEO PRESS INGOT BOX HT BL3/W3,69,381.5878,26329.56
C212,2023-04-10T00:00:00Z,5804,CPIBHTA2,CAMEO PRESS INGOT BOX HT A2,1100,381.5879,419746.69
C212,2023-04-10T00:00:00Z,5816,CPIBLTA1,CAMEO PRESS INGOT BOX LT A1,868,381.5879,331218.2972
C212,2023-04-10T00:00:00Z,5822,CPIBLTA3,CAMEO PRESS INGOT BOX LT A3,200,381.5879,76317.58
C212,2023-04-10T00:00:00Z,84073,CPIBLTC1,CAMEO PRESS INGOT BOX LT C1,24,381.5879,9158.11
C212,2023-04-10T00:00:00Z,5801,APG12.510PA1,CAMEO PRESS INGOT BOX HT A1,900,381.5879,343429.11
C212,2023-04-10T00:00:00Z,5819,CPIBLTA2,CAMEO PRESS INGOT BOX LT A2,900,381.5879,343429.11
C212,2023-04-10T00:00:00Z,91771,CPIBHTB2,CAMEO PRESS INGOT BOX HT B2,20,381.588,7631.76
C212,2023-04-10T00:00:00Z,5807,APG12.510PA3,CAMEO PRESS INGOT BOX HT A3,181,381.5878,69067.3918
C212,2023-04-10T00:00:00Z,83147,CPIBLTB1,CAMEO PRESS INGOT BOX LT B1,130,381.5878,49606.414000000004
C212,2023-04-10T00:00:00Z,5810,APG12.510PB1,CAMEO PRESS INGOT BOX HT B1,142,381.5879,54185.4818
C212,2023-04-10T00:00:00Z,5780,CMBBC14LTB2,CAMEO MILL BLOCS BOX C14 LT B2,16,667.7788,10684.46
C212,2023-04-10T00:00:00Z,5777,APG181315MLB1,CAMEO MILL BLOCS BOX C14 LT B1,44,667.7789,29382.27
C212,2023-04-10T00:00:00Z,86923,CMBBB40LTA2,CAMEO MILL BLOCS BOX B40 LT A2,25,2003.3364,50083.41
C212,2023-04-10T00:00:00Z,86610,CPIBLTBL2,CAMEO PRESS INGOT BOX LT BL2,79,381.5878,30145.44
C214,2023-05-05T00:00:00Z,125354,760-0000,CREATION SET DE CERAS,30,1039.3797,31181.39
C216,2023-05-22T00:00:00Z,83952,NPAGCMBL01000,RESINAS NEXTDENT C&B MFH BL,15,9369.4967,140542.4505
C216,2023-05-22T00:00:00Z,124146,NPAGSGOR01000,CERAMILL SG ORANGE,10,5417.103,54171.03
C216,2023-05-22T00:00:00Z,83948,NPAGCMN101000,RESINAS NEXTDENT C&B MFH N1,30,9369.4967,281084.901
C217,2023-05-23T00:00:00Z,3692,179290,RETENCION DE PIEZAS 98 4X ,1,24634.93,24634.93
C217,2023-05-23T00:00:00Z,85706,179258,FUELLE MOTION 2,5,4272.904,21364.520000000004
C217,2023-05-23T00:00:00Z,3695,179294,SOPORTE PARA PIEZAS DE TRABAJO 98 MOTION 2 5X,1,13992.58,13992.58
C217,2023-05-23T00:00:00Z,4262,760975,ADDITIONAL ADAPTER CEREC 3 STK,14,1709.1614,23928.26
C217,2023-05-23T00:00:00Z,3692,179290,RETENCION DE PIEZAS 98 4X ,1,24634.93,24634.93
C217,2023-05-23T00:00:00Z,3614,178740,CERAMILL ARGOTHERM 2 INCL ARGOVENT,1,190958.87,190958.87
C217,2023-05-23T00:00:00Z,3533,116910,STEAMER X3 230V,22,23652.1636,520347.5992
C217,2023-05-23T00:00:00Z,96752,115700,SMARTMIX X2,33,23652.1639,780521.4087
C217,2023-05-23T00:00:00Z,3557,176701,GIROFORM PIN DRILL 100-230V,1,28792.8,28792.8
C217,2023-05-23T00:00:00Z,3809,BAJA217320,BAJA ARTEX TYP CT,43,6775.8388,291361.06840000005
C217,2023-05-23T00:00:00Z,3833,BAJA218760,BAJA ARTEX TYP CR,24,15403.8167,369691.6008
C217,2023-05-23T00:00:00Z,4676,216020C,SPLITEX MOUNTING ARTICULATOR 1PCS,10,8036.346,80363.45999999999
C217,2023-05-23T00:00:00Z,96752,115700,SMARTMIX X2,4,29565.205,118260.82
C217,2023-05-23T00:00:00Z,3566,176711,PORTAIMPRESIONES PARA SEMIPLACAS,1,2448.7,2448.7
C217,2023-05-23T00:00:00Z,85706,179258,FUELLE MOTION 2,3,4486.55,13459.650000000001
C218,2023-05-23T00:00:00Z,100264,179250-DRY,FRESADORA CERAMILL MOTION 2 DRY,2,379823.02,759646.04
C218,2023-05-23T00:00:00Z,3692,179290,RETENCION DE PIEZAS 98 4X ,3,21982.1067,65946.3201
C218,2023-05-23T00:00:00Z,85817,181211,PORTAPIEZAS 98 PRODUCCION,16,5591.4219,89462.7504
C219,2023-05-23T00:00:00Z,100264,179250-DRY,FRESADORA CERAMILL MOTION 2 DRY,4,379590.905,1518363.62
C219,2023-05-23T00:00:00Z,100264,179250-DRY,FRESADORA CERAMILL MOTION 2 DRY,4,377869.595,1511478.38
C217,2023-05-23T00:00:00Z,85514,179302,X/Y/Z AXIS MOTOR INCL ENCODER PARA MOTION 2 O 3,3,3615.5333,10846.599900000001
C217,2023-05-23T00:00:00Z,85823,116874,VALVULA DE SEGURIDAD STEAMER X3,1,1084.65,1084.65
C217,2023-05-23T00:00:00Z,85786,180205,ELEMENTO CALEFACTOR T3 AT2 4PCS,10,17765.417,177654.17
C217,2023-05-23T00:00:00Z,115713,180145,RW-X/Y/Z AXIS MOTOR INCL ENCODER MATIK,2,8217.12,16434.24
C217,2023-05-23T00:00:00Z,85706,179258,FUELLE MOTION 2,5,4272.904,21364.520000000004
C217,2023-05-23T00:00:00Z,3695,179294,SOPORTE PARA PIEZAS DE TRABAJO 98 MOTION 2 5X,15,13992.5847,209888.77049999998
C217,2023-05-23T00:00:00Z,4262,760975,ADDITIONAL ADAPTER CEREC 3 STK,20,1709.1615,34183.23
C217,2023-05-23T00:00:00Z,3680,179260,GK 3FACH MOTION 2 5X HOLDER DE VICTROCERAMICA,8,24634.9313,197079.4504
C217,2023-05-23T00:00:00Z,3533,116910,STEAMER X3 230V,8,23652.165,189217.32
C217,2023-05-23T00:00:00Z,96752,115700,SMARTMIX X2,5,23652.164,118260.82
C217,2023-05-23T00:00:00Z,3557,176701,GIROFORM PIN DRILL 100-230V,5,28792.794,143963.97
C220,2023-05-31T00:00:00Z,111364,DENTALCADPERPETUAL,DENTALCAD PERPETUAL CORE VERSION,10,68413.368,684133.68
C221,2023-06-02T00:00:00Z,113756,SONMIN8K,IMPRESORA 3D SONIC MINI 8K,3,6178.9933,18536.9799
C221,2023-06-02T00:00:00Z,113752,MIGHTY8K,IMPRESORA 3D SONIC MIGHTY 8K,3,8297.5067,24892.5201
C222,2023-06-05T00:00:00Z,121218,CPUSYSTEMG,CPU GABINETE SYSTEM G,1,14973.07,14973.07
C222,2023-06-05T00:00:00Z,114072,LAPTOPG,LAPTOP G,1,23749.1,23749.1
C223,2023-06-06T00:00:00Z,92543,179164,CERAMILL MATCH 2 CAM DONGLE,10,32419.5,324195.0
C224,2023-06-07T00:00:00Z,114072,LAPTOPG,LAPTOP G,1,23990.52,23990.52
C225,2023-06-13T00:00:00Z,4571,5252100001,DURR DENTAL COMPRESOR DUO 110V CON UNIDAD DE SECADO,10,61954.511,619545.11
C226,2023-06-19T00:00:00Z,4859,6370/2,FOOT SWITCH ON/OFF,3,2017.22,6051.66
C228,2023-06-19T00:00:00Z,141601,DENTALCADFLEXUNI,DENTALCAD EDUCATIONAL FLEX UNIVERSIDADES,15,10702.9373,160544.0595
C226,2023-06-19T00:00:00Z,140707,2407/9,MODEL TABLE STAINLESS STEEL,3,6678.6333,20035.8999
C226,2023-06-19T00:00:00Z,98585,2950,S2 PROFI MILLING UNIT CPL,3,84770.9633,254312.8899
C227,2023-06-19T00:00:00Z,141601,DENTALCADFLEXUNI,DENTALCAD EDUCATIONAL FLEX UNIVERSIDADES,11,10702.9373,117732.3103
C226,2023-06-19T00:00:00Z,140723,10715,Q3 BASIC CONTROL TABLE TOP,20,18536.6205,370732.41000000003
C226,2023-06-19T00:00:00Z,98600,1500/501,SCHICK 1500/501 G2 CONCEPT MODEL SAW CPL 115V,5,54895.656,274478.28
C226,2023-06-19T00:00:00Z,3473,NO9400/3,NO USAR HANDPIECE WITH CABLE(Q BASIC),1,12171.47,12171.47
C226,2023-06-19T00:00:00Z,4670,1967/2,DIAMOND SAW BLADE,5,6065.292,30326.460000000003
C229,2023-06-27T00:00:00Z,125510,D53294B,BASE DE SINTERIZADO DE HORNO 6100 MS,1,8853.81,8853.81
C229,2023-06-27T00:00:00Z,121251,D53041,HEATING ELEMENT FOR VITA ZYRCOMAT,6,8554.1867,51325.120200000005
C230,2023-07-07T00:00:00Z,152036,PN/03624,RESINA DENTATOOTH A1 1KG BOTTLE,10,4849.008,48490.08
C230,2023-07-07T00:00:00Z,152040,PN/05864,1L MAX BUILD TRAY ULTRA GLOSS,10,1454.702,14547.02
C230,2023-07-07T00:00:00Z,85169,PN/02499,1L MAX UNIVERSAL BUILD TRAY,10,1177.617,11776.17
C230,2023-07-07T00:00:00Z,89497,PN/02501,5L MAX BUILD TRAY,15,2978.6767,44680.15
C230,2023-07-07T00:00:00Z,95540,PN/03000,RESINA DENTAMODEL 1KG BOTTLE ,5,2424.504,12122.52
C231,2023-07-13T00:00:00Z,154523,760708,FRESA ROTO RFID 1.5 T SHAPE TITAN,10,497.506,4975.06
C231,2023-07-13T00:00:00Z,3827,218600,ARCO FACIAL ARTEX,12,12141.12,145693.44
C231,2023-07-13T00:00:00Z,3818,217650,ARTEX QUICKBITE 10PCS,9,776.5544,6988.99
C231,2023-07-13T00:00:00Z,132157,761124,DISCO CERAMILL SINTRON 98 X 18 N,20,4569.72,91394.40000000001
C231,2023-07-13T00:00:00Z,132153,761126,DISCO CERAMILL SINTRON 98 X 16 N,50,4136.6422,206832.11000000002
C231,2023-07-13T00:00:00Z,85881,760690,FRESA ROTO RFID 1.0 COCR,10,497.506,4975.06
C231,2023-07-13T00:00:00Z,85878,760689,FRESA ROTO RFID 1.5 COCR,10,497.506,4975.06
C231,2023-07-13T00:00:00Z,85875,760688,FRESA ROTO RFID 2.5 COCR,10,497.506,4975.06
C231,2023-07-13T00:00:00Z,85872,760687,FRESA ROTO RFID 0.3 DMB DC,20,1473.7455,29474.91
C231,2023-07-13T00:00:00Z,85869,760686,FRESA ROTO RFID 0.6 DMB DC,20,1473.7455,29474.91
C231,2023-07-13T00:00:00Z,85866,760685,FRESA ROTO RFID 1.0 DMB DC,30,1473.7453,44212.36
C231,2023-07-13T00:00:00Z,85863,760684,FRESA ROTO RFID 2.5 DMB DC,30,1473.7453,44212.36
C231,2023-07-13T00:00:00Z,85860,760683,FRESA ROTO RFID 0.3 SC DM 0.3,20,779.114,15582.28
C231,2023-07-13T00:00:00Z,85857,760682,FRESA ROTO RFID 0.6 SC DM 0.6,50,750.9532,37547.66
C231,2023-07-13T00:00:00Z,3800,216240,AG BASE DE TRANSFERENCIA SPLITEX INCL MESA,27,6227.3637,168138.8199
C231,2023-07-13T00:00:00Z,154517,761064,DISCO CERAMILL A TEMP ML C1/C2 98 X 14 PMMA,20,758.42,15168.4
C231,2023-07-13T00:00:00Z,85885,181205,ROTO RFID PIN DE CALIBRACION EJE 3MM,5,957.464,4787.32
C231,2023-07-13T00:00:00Z,4016,751002,FRESA ROTO RFID 0.6 ST DM,40,854.209,34168.36
C231,2023-07-13T00:00:00Z,154507,761058,DISCO CERAMILL A TEMP ML A2/A3 98 X 14 PMMA,2,758.42,1516.84
C231,2023-07-13T00:00:00Z,154503,761057,DISCO CERAMILL A TEMP ML 0/A1 98 X 20 PMMA,148,979.2258,144925.4184
C231,2023-07-13T00:00:00Z,154497,761056,DISCO CERAMILL A TEMP ML 0/A1 98 X 16 PMMA,50,816.0214,40801.07
C231,2023-07-13T00:00:00Z,132143,761128,DISCO CERAMILL SINTRON 98 X 14 N,50,3823.034,191151.7
C231,2023-07-13T00:00:00Z,154488,761055,DISCO CERAMILL A TEMP ML 0/A1 98 X 14 PMMA,19,758.42,14409.98
C231,2023-07-13T00:00:00Z,92435,760681,FRESA ROTO RFID 1.0  SC DM,90,750.9531,67585.779
C231,2023-07-13T00:00:00Z,92431,760680,FRESA ROTO RFID 2.5 SC,90,750.9531,67585.779
C231,2023-07-13T00:00:00Z,85851,760671,FRESA ROTO RFID 0.3 PMMA WAX DM 0.3,40,779.114,31164.56
C231,2023-07-13T00:00:00Z,85848,760670,FRESA ROTO RFID 0.6 PMMA WAX DM 0.6,80,779.1138,62329.104
C231,2023-07-13T00:00:00Z,85844,760669,FRESA ROTO RFID 1.0 PMMA WAX DM 1.0,60,779.1137,46746.82
C231,2023-07-13T00:00:00Z,85841,760668,FRESA ROTO RFID 2.5 PMMA WAX DM 2.5,80,779.1138,62329.104
C231,2023-07-13T00:00:00Z,4241,760663,FRESA ROTO RFID 0.3 ZI,50,760.34,38017.0
C231,2023-07-13T00:00:00Z,4238,760662,FRESA ROTO RFID 0.6 ZI DM,100,760.34,76034.0
C231,2023-07-13T00:00:00Z,102045,751008,FRESA ROTO RFID 0.4 DIAMOND BLG,100,741.5662,74156.62
C231,2023-07-13T00:00:00Z,4235,760661,FRESA ROTO RFID 1.0 ZI DM,200,760.34,152068.0
C231,2023-07-13T00:00:00Z,4232,760660,FRESA ROTO RFID 2.5 ZI DM,200,760.34,152068.0
C231,2023-07-13T00:00:00Z,96730,766822,DISCO ZOLID GEN X A1 98 X 22,50,1986.6122,99330.61
C231,2023-07-13T00:00:00Z,154454,766813,DISCO ZOLID GEN X BL3 98 X 22 ZRO2,52,1986.6123,103303.8396
C231,2023-07-13T00:00:00Z,97154,766810,DISCO ZOLID GEN X BL3 98 X 16,100,1617.9626,161796.26
C231,2023-07-13T00:00:00Z,154274,766795,DISCO ZOLID GEN X BL1 98 X 22 ZRO2,42,1986.6121,83437.70820000001
C231,2023-07-13T00:00:00Z,154177,766792,DISCO ZOLID GEN X BL1 98 X 16 ZRO2,100,1617.9626,161796.26
C231,2023-07-13T00:00:00Z,4679,216100C,JUEGO DE PLACAS SPLITEX VERSION C,40,3270.486,130819.44
C231,2023-07-13T00:00:00Z,102042,751006,FRESA ROTO RFID 1.0 DIAMOND BLG,250,741.5662,185391.55
C231,2023-07-13T00:00:00Z,102036,751004,FRESA ROTO RFID 2.0 DIAMOND BLG,4,741.5675,2966.27
C232,2023-07-14T00:00:00Z,155119,105381,INSUTATION TABLE 674(I) COMPLETE,2,7927.2,15854.4
C232,2023-07-14T00:00:00Z,92567,105462,FIRING TABLE RING 100 28MM 674 I,2,3628.96,7257.92
C232,2023-07-14T00:00:00Z,155115,105262,SINTERPEARLS MICROPEARLS 200G,3,1517.0267,4551.08
C232,2023-07-14T00:00:00Z,155139,100051,FORCE ENCODER COMPLETE 354 / 654,1,3956.16,3956.16
C232,2023-07-14T00:00:00Z,155133,100057,ROTARY STEPPER COMPLETE 354/654 I,1,2647.36,2647.36
C232,2023-07-14T00:00:00Z,93506,100043,GEARBOX COMPLETE 654 I,5,7927.2,39636.0
C232,2023-07-14T00:00:00Z,155127,105413,HEATING ELEMENT INCL CABLE SET 664 I/ 674 I VERS 2,3,6439.92,19319.760000000002
C232,2023-07-14T00:00:00Z,92570,105648,FIRING TABLE PLATE HYBRID 100 BASIC/674 I,2,4298.235,8596.47
C234,2023-07-31T00:00:00Z,99069,106652,THERMO COUPLE 664 I/674 I EXTENDED 90° COMPLETE,5,10619.614,53098.07
C233,2023-07-31T00:00:00Z,159738,3DASDS,SH 3D ESCANER AUTOSCAN DS EX PRO,1,102155.17,102155.17
C235,2023-08-01T00:00:00Z,132157,761124,DISCO CERAMILL SINTRON 98 X 18 N,27,4430.777,119630.979
C235,2023-08-01T00:00:00Z,132192,178395,MESA AISLANTE THERM S,1,13164.86,13164.86
C235,2023-08-01T00:00:00Z,132185,179266,SENSOR DE FUGA MOTION 2,2,953.845,1907.69
C235,2023-08-01T00:00:00Z,3746,181602,RESIN TRAY ND 5100,10,9652.764,96527.63999999998
C235,2023-08-01T00:00:00Z,132181,179955,BLOQUEO DE DISTRIBUCION STEAMER X3,15,753.848,11307.72
C235,2023-08-01T00:00:00Z,115326,180177,BOMBA DE REFRIGERANTE MIKRO IC/M2I/M2DNA,4,6492.32,25969.28
C235,2023-08-01T00:00:00Z,132172,116925,VALVULA SOLENOIDE STEAMER X3,25,2446.158,61153.95
C235,2023-08-01T00:00:00Z,132165,116930,PIEZA DE MANO X3 COMPLETA,4,5046.1625,20184.65
C235,2023-08-01T00:00:00Z,85709,179924,TOOL DETECTION MIKRO 5X,2,2076.925,4153.85
C235,2023-08-01T00:00:00Z,85719,179923,TOOL LENGTH SENSOR MIKRO 5X,10,8800.015,88000.15
C235,2023-08-01T00:00:00Z,3698,179301,SYCOTEC SPINDEL,1,46923.15,46923.15
C235,2023-08-01T00:00:00Z,85783,179325,JUEGO DE TORNILLOS 98,10,446.155,4461.55
C235,2023-08-01T00:00:00Z,132161,179267,SENSOR DE HERRAMIENTA MOTION 2 O 3,5,2076.926,10384.63
C235,2023-08-01T00:00:00Z,85706,179258,FUELLE MOTION 2,10,4200.007,42000.06999999999
C235,2023-08-01T00:00:00Z,85538,179232,JAEGER SPINDLE 100K SHF,1,51630.86,51630.86
C235,2023-08-01T00:00:00Z,3701,179303,SENSOR DE LONGITUD,15,5246.1627,78692.4405
C235,2023-08-01T00:00:00Z,3674,179230,PINZA 3MM MOTION 2,30,3323.0827,99692.481
C235,2023-08-01T00:00:00Z,85514,179302,X/Y/Z AXIS MOTOR INCL ENCODER PARA MOTION 2 O 3,3,3384.6233,10153.869900000002
C235,2023-08-01T00:00:00Z,85697,179327,CONTROL M2I DNA GENERATION,1,39076.99,39076.99
C235,2023-08-01T00:00:00Z,132153,761126,DISCO CERAMILL SINTRON 98 X 16 N,27,4015.3915,108415.5705
C235,2023-08-01T00:00:00Z,132157,761124,DISCO CERAMILL SINTRON 98 X 18 N,28,4430.7771,124061.75880000001
C235,2023-08-01T00:00:00Z,132143,761128,DISCO CERAMILL SINTRON 98 X 14 N,17,3707.6982,63030.869399999996
C235,2023-08-01T00:00:00Z,3533,116910,STEAMER X3 230V,4,22141.5775,88566.31
C235,2023-08-01T00:00:00Z,3593,178641,CERAMILL COOLSTREAM WATER TANK,6,33692.3667,202154.2002
C235,2023-08-01T00:00:00Z,100264,179250-DRY,FRESADORA CERAMILL MOTION 2 DRY,5,354857.762,1774288.81
C235,2023-08-01T00:00:00Z,85823,116874,VALVULA DE SEGURIDAD STEAMER X3,15,1015.3867,15230.8
C235,2023-08-01T00:00:00Z,85823,116874,VALVULA DE SEGURIDAD STEAMER X3,2,1015.385,2030.77
C235,2023-08-01T00:00:00Z,132196,180025,SET FUENTE DE ALIMENTACION MAQUINAS COSEL,1,12758.26,12758.26
C235,2023-08-01T00:00:00Z,132153,761126,DISCO CERAMILL SINTRON 98 X 16 N,28,4015.3918,112430.97039999999
C235,2023-08-01T00:00:00Z,132143,761128,DISCO CERAMILL SINTRON 98 X 14 N,18,3685.7206,66342.9708
C235,2023-08-01T00:00:00Z,3533,116910,STEAMER X3 230V,26,22141.5773,575681.0098
C235,2023-08-01T00:00:00Z,3533,116910,STEAMER X3 230V,18,22141.5772,398548.3896
C235,2023-08-01T00:00:00Z,96752,115700,SMARTMIX X2,27,22141.577,597822.579
C235,2023-08-01T00:00:00Z,96752,115700,SMARTMIX X2,25,22141.5772,553539.4299999999
C235,2023-08-01T00:00:00Z,141942,116280,MANIPULO CON CABLE,1,1600.0,1600.0
C235,2023-08-01T00:00:00Z,3752,181605,FILTER CARBON ND 5100,1,1072.53,1072.53
C235,2023-08-01T00:00:00Z,141935,116271,UNIDAD DE ALIMENTACION PARA SMARTWAX DUO EU,1,846.16,846.16
C235,2023-08-01T00:00:00Z,141929,116173,PLACA DE CIRCUITO SMARTBOX X2,1,7815.39,7815.39
C235,2023-08-01T00:00:00Z,141923,116172,MOSTRAR PCB SMARTBOX X2,1,2984.62,2984.62
C235,2023-08-01T00:00:00Z,96154,179331,PORTA PCS 98 MIKRO 5X,6,27181.3667,163088.2002
C235,2023-08-01T00:00:00Z,3710,179319,PINZAS DE TENSION 3MM MIKRO,5,2492.312,12461.56
C235,2023-08-01T00:00:00Z,3755,181606,FILTER INTAKE ND 5100,1,545.06,545.06
C236,2023-08-02T00:00:00Z,114072,LAPTOPG,LAPTOP G,10,20633.62,206336.19999999998
C238,2023-08-15T00:00:00Z,117029,72007070,MATRIX FLOW 70 CLEAR 2 X 50ML CARTRIDGE,45,912.2351,41050.58
C237,2023-08-15T00:00:00Z,114072,LAPTOPG,LAPTOP G,14,18666.6414,261332.97960000002
C238,2023-08-15T00:00:00Z,103881,200000I2,ANAXBLEND INTRO KIT A2 FLOW,3,1027.99,3083.97
C238,2023-08-15T00:00:00Z,103923,20810001,ANAXBLEND COLORS S SET 8 X 1 G,9,3937.3189,35435.8701
C238,2023-08-15T00:00:00Z,103858,16201010,OUTLINE SKIN GLAZE 10ML,9,802.96,7226.64
C238,2023-08-15T00:00:00Z,103848,16000001,OUTLINE STARTER KIT S,6,8963.26,53779.56
C238,2023-08-15T00:00:00Z,103908,20700006,ANAXBLEND BOND LC 10ML,9,1164.0922,10476.83
C238,2023-08-15T00:00:00Z,116940,20301003,ANAXBLEND OPAQUER O A1 3G,3,414.0333,1242.1
C238,2023-08-15T00:00:00Z,116982,25153003,ANAXGUM GINGIVA FLOW ORANGE PINK 3G,6,657.375,3944.25
C238,2023-08-15T00:00:00Z,116976,25001003,ANAXGUM PO I 3G,6,724.5367,4347.22
C238,2023-08-15T00:00:00Z,103944,25001000,ANAXGUM KIT S,6,3309.9867,19859.9202
C238,2023-08-15T00:00:00Z,116808,17040005,ACRYLINE STUTTGART COMPOSITION 100G,6,514.7383,3088.43
C238,2023-08-15T00:00:00Z,103912,16810010,ANAXBLEND ZIRCON BONDER 5ML,6,1694.65,10167.9
C238,2023-08-15T00:00:00Z,116775,16012076,VISCO III A2 76G,6,1379.2067,8275.24
C238,2023-08-15T00:00:00Z,116998,25105005,ANAXGUM GINGIVA PASTE BROWN PINK 4G,3,996.25,2988.75
C238,2023-08-15T00:00:00Z,103947,25001001,ANAXGUM KIT XL,3,9169.9233,27509.7699
C238,2023-08-15T00:00:00Z,103868,24000004,MOCK UP DIRECT KIT PASTE,3,1631.2867,4893.86
C238,2023-08-15T00:00:00Z,116836,20211003,ANAXBLENT DENTIN A1 FLOW 3G,3,399.22,1197.66
C238,2023-08-15T00:00:00Z,116937,20013005,ANAXBLEND DENTIN A3 PASTE 4G,3,482.1367,1446.41
C238,2023-08-15T00:00:00Z,103897,200000X5,ANAXBLEND KIT XL PASTE,3,11387.2667,34161.8001
C238,2023-08-15T00:00:00Z,116800,17610100,ACRYLINE POWDER REGULAR 100G,3,456.04,1368.12
C238,2023-08-15T00:00:00Z,103852,16000004,OUTLINE STARTER KIT XL,3,12621.84,37865.520000000004
C238,2023-08-15T00:00:00Z,103962,72000210,PASTA GRIGIA II,18,661.6056,11908.9
C238,2023-08-15T00:00:00Z,116985,25102005,ANAXGUM GINGIVA PASTE DARK PINK 4G,6,996.2083,5977.25
C238,2023-08-15T00:00:00Z,103959,72000205,PASTA GRIGIA I,48,520.5383,24985.84
C238,2023-08-15T00:00:00Z,103956,72000200,PASTA ROSSA 3G,72,454.2368,32705.05
C238,2023-08-15T00:00:00Z,116992,25103005,ANAXGUM GINGIVA PASTE ORANGE PINK 4G,12,996.2092,11954.51
C238,2023-08-15T00:00:00Z,117022,72005002,MATRIX CAST 26 A + BORANGE 2KG PACKAGE,6,1046.72,6280.32
C241,2023-08-21T00:00:00Z,3509,105550,AUSTROMAT 674I LINE BLACK,1,224274.0,224274.0
C241,2023-08-21T00:00:00Z,3494,105059,AUSTROMAT 654 PRESS I DENT,4,156475.4525,625901.81
C241,2023-08-21T00:00:00Z,3503,BAJA105268,BAJA AUSTROMAT 674 BASIC,5,151536.486,757682.43
C240,2023-08-21T00:00:00Z,170068,751015,FRESA ROTO RFID 1.8 T SHAPE,10,812.496,8124.96
C240,2023-08-21T00:00:00Z,154523,760708,FRESA ROTO RFID 1.5 T SHAPE TITAN,10,812.496,8124.96
C239,2023-08-21T00:00:00Z,3575,178380,CERAMILL THERM 3,2,105055.09,210110.18
C240,2023-08-21T00:00:00Z,170076,751014,FRESA ROTO RFID 2.0 T SHAPE,10,812.496,8124.96
C239,2023-08-21T00:00:00Z,154507,761058,DISCO CERAMILL A TEMP ML A2/A3 98 X 14 PMMA,74,778.5508,57612.76
C239,2023-08-21T00:00:00Z,154503,761057,DISCO CERAMILL A TEMP ML 0/A1 98 X 20 PMMA,2,1005.22,2010.44
C239,2023-08-21T00:00:00Z,154488,761055,DISCO CERAMILL A TEMP ML 0/A1 98 X 14 PMMA,74,778.5508,57612.76
C239,2023-08-21T00:00:00Z,154274,766795,DISCO ZOLID GEN X BL1 98 X 22 ZRO2,108,2039.3433,220249.0764
C241,2023-08-21T00:00:00Z,170481,105547,AUSTROMAT 624I,1,143454.54,143454.54
C239,2023-08-21T00:00:00Z,154454,766813,DISCO ZOLID GEN X BL3 98 X 22 ZRO2,98,2039.3433,199855.6434
C239,2023-08-21T00:00:00Z,102036,751004,FRESA ROTO RFID 2.0 DIAMOND BLG,146,761.2497,111142.4562
C242,2023-08-22T00:00:00Z,159738,3DASDS,SH 3D ESCANER AUTOSCAN DS EX PRO,30,63101.2333,1893036.999
C243,2023-08-23T00:00:00Z,114072,LAPTOPG,LAPTOP G,6,18747.265,112483.59
C244,2023-08-25T00:00:00Z,97247,4682-52,COMPRESOR QUATRRO TANDEM CON 2 SECADORES,2,146449.81,292899.62
C245,2023-09-04T00:00:00Z,8381,MI887,MIYO GINGIVAL TRANS RASPBERRY PASTE 4G,35,790.9206,27682.22
C245,2023-09-04T00:00:00Z,8387,MI889,MIYO GINGIVAL SALMON PASTE 4G,8,790.9213,6327.37
C245,2023-09-04T00:00:00Z,8390,MI890,MIYO GINGIVAL STRUCTURE ORCHID PASTE 4G,10,790.921,7909.21
C245,2023-09-04T00:00:00Z,8393,MI891,MIYO GINGIVAL STRUCTURE ROUGE PASTE 4G,19,790.9211,15027.5
C245,2023-09-04T00:00:00Z,8399,MI893,MIYO TRANS SAGE FLUOR PASTE 4G,2,790.92,1581.84
C245,2023-09-04T00:00:00Z,8405,MI895,MIYO TRANS SLATE FLUOR PASTE 4G,5,790.92,3954.6
C245,2023-09-04T00:00:00Z,8408,MI896,MIYO TRANS LUMIN PLUS FLUOR PASTE 4G,3,790.92,2372.76
C245,2023-09-04T00:00:00Z,8420,MI951,MIYO GINGIVAL CARNATION 4G,5,790.92,3954.6
C245,2023-09-04T00:00:00Z,8426,MI993,MIYO ESTHETIC FINISHING SYSTEM KIT,5,18383.81,91919.05
C245,2023-09-04T00:00:00Z,87161,MI996,MIYO GINGIVAL FINISHING SYSTEM KIT,8,13014.8338,104118.6704
C245,2023-09-04T00:00:00Z,14288,ZR190,INSYNC ZR GLAZE LIQUID 25 ML,31,253.8061,7867.99
C245,2023-09-04T00:00:00Z,8324,MI866,MIYO MAMELON WHEAT FLUOR PASTE 4G,2,790.92,1581.84
C245,2023-09-04T00:00:00Z,14291,ZR249,INSYN FC GLAZE PASTE 4G,86,589.3944,50687.92
C245,2023-09-04T00:00:00Z,8294,MI821,MIYO GINGIVAL GLAZE PASTE NO FLOUR 4G,9,790.9211,7118.29
C245,2023-09-04T00:00:00Z,8300,MI858,MIYO LINEN FLUOR PASTE 4G,1,790.92,790.92
C245,2023-09-04T00:00:00Z,8306,MI860,MIYO TRANS STORM FLUOR PASTE 4G,8,790.9213,6327.37
C245,2023-09-04T00:00:00Z,8309,MI861,MIYO TRANS LOTUS FLUOR PASTE 4G,4,790.92,3163.68
C245,2023-09-04T00:00:00Z,8312,MI862,MIYO TRANS STRAW FLUOR PASTE 4G,5,790.92,3954.6
C245,2023-09-04T00:00:00Z,8345,MI875,MIYO TRANS SMOKE FLUOR PASTE 4G,9,790.9211,7118.29
C245,2023-09-04T00:00:00Z,8351,MI877,MIYO TRANS SHADE A FLUOR PASTE 4G,26,790.9204,20563.93
C245,2023-09-04T00:00:00Z,8354,MI878,MIYO TRANS SHADE B FLUOR PASTE 4G,18,790.9211,14236.58
C245,2023-09-04T00:00:00Z,8357,MI879,MIYO TRANS SHADE C FLUOR PASTE 4G,10,790.921,7909.21
C245,2023-09-04T00:00:00Z,8360,MI880,MIYO TRANS SHADE D FLUOR PASTE 4G,7,790.9214,5536.45
C245,2023-09-04T00:00:00Z,8369,MI883,MIYO GINGIVAL TRANS MIDNIGHT PASTE 4G,7,790.9214,5536.45
C245,2023-09-04T00:00:00Z,8372,MI884,MIYO GINGIVAL PLUM PASTE 4G,1,790.92,790.92
C245,2023-09-04T00:00:00Z,8375,MI885,MIYO GINGIVAL MERLOT PASTE 4G,19,790.9211,15027.5
C245,2023-09-04T00:00:00Z,8378,MI886,MIYO GINGIVAL SORBET PASTE 4G,5,790.92,3954.6
C246,2023-09-06T00:00:00Z,11318,V14209,BASE SICURY 2P+T 16A. P302M PLANTA VIMAR,5,114.47,572.35
C246,2023-09-06T00:00:00Z,90268,V14612,SOPORTE 2M CENTRALES CON TORNILLOS PLANA VIMAR,5,46.98,234.9
C246,2023-09-06T00:00:00Z,90264,V14652.01,PLACA 2L TECN BLANCO,5,57.96,289.8
C247,2023-09-07T00:00:00Z,180116,SONMIN8KS,IMPRESORA 3D SONIC MINI 8K S,30,6333.14,189994.2
C248,2023-09-11T00:00:00Z,179032,LIQREF,LIQUIDO REFRIGERANTE V FLUID 1 LITRO,208,307.0892,63874.5536
C250,2023-09-12T00:00:00Z,114072,LAPTOPG,LAPTOP G,2,18106.74,36213.48
C249,2023-09-14T00:00:00Z,98024,AR396,REPL. BLOWER 230V (INFINITY),3,6071.2333,18213.6999
C249,2023-09-14T00:00:00Z,123190,JHL-5293R2,JS CADCAM DUST COLLECTOR,20,26647.2785,532945.5700000001
C249,2023-09-14T00:00:00Z,83407,AG205-5,FILTER BAGS YELLOW F205 5/BX,20,3212.7925,64255.85
C252,2023-09-14T00:00:00Z,114072,LAPTOPG,LAPTOP G,2,17779.16,35558.32
C249,2023-09-14T00:00:00Z,83401,AR175,REPL BLOWER 120V INFINITY,5,6047.608,30238.04
C249,2023-09-14T00:00:00Z,180258,AG328-02,FILTER BAGS YELLOW 2/BX,60,1984.372,119062.32
C251,2023-09-19T00:00:00Z,185709,180134,RFID SET CAMBIADOR DE HERRAMIENTAS 14-28,2,3265.065,6530.13
C254,2023-09-21T00:00:00Z,180325,181603,STORAGE GARAJE KIT ND 5100,11,172.0155,1892.17
C254,2023-09-21T00:00:00Z,87306,NPAGOICL01000,RESINAS NEXTDENT ORTHO IBT,5,4738.236,23691.18
C254,2023-09-21T00:00:00Z,83960,NPAGORBL01000,RESINAS NEXTDENT ORTHO RIGID,30,4112.7257,123381.771
C254,2023-09-21T00:00:00Z,112914,181361,BLANK HOLDER C-CLAMP MOTION 3,10,18752.778,187527.77999999997
C254,2023-09-21T00:00:00Z,92543,179164,CERAMILL MATCH 2 CAM DONGLE,10,40658.124,406581.24000000005
C254,2023-09-21T00:00:00Z,3596,178642,CERAMILL COOLSTREAM CART,10,33597.684,335976.84
C254,2023-09-21T00:00:00Z,3593,178641,CERAMILL COOLSTREAM WATER TANK,10,33597.684,335976.84
C254,2023-09-21T00:00:00Z,186862,181350,FRESADORA CERAMILL MOTION 3,10,431862.102,4318621.0200000005
C255,2023-09-21T00:00:00Z,180313,760410,DISCO CERAMILL PEEK NATURAL 98 X 20,12,3737.42,44849.04
C255,2023-09-21T00:00:00Z,3596,178642,CERAMILL COOLSTREAM CART,4,38937.9675,155751.87
C255,2023-09-21T00:00:00Z,96752,115700,SMARTMIX X2,3,22505.8333,67517.4999
C253,2023-09-21T00:00:00Z,4685,218170C,ESPIGA INDIVIDUAL VERS C,15,8538.2053,128073.07949999999
C253,2023-09-21T00:00:00Z,3596,178642,CERAMILL COOLSTREAM CART,10,38937.972,389379.72000000003
C253,2023-09-21T00:00:00Z,3986,576770,SEMIPLACA DE BASE GIROFORM 100PCS,5,844.438,4222.19
C253,2023-09-21T00:00:00Z,3788,216150,DISCOS DE RETENCION 100PCS,10,1000.816,10008.16
C253,2023-09-21T00:00:00Z,3818,217650,ARTEX QUICKBITE 10PCS,24,731.8458,17564.3
C253,2023-09-21T00:00:00Z,3800,216240,AG BASE DE TRANSFERENCIA SPLITEX INCL MESA,5,5868.844,29344.22
C253,2023-09-21T00:00:00Z,3593,178641,CERAMILL COOLSTREAM WATER TANK,3,66327.4733,198982.41989999998
C253,2023-09-21T00:00:00Z,4679,216100C,JUEGO DE PLACAS SPLITEX VERSION C,52,3082.1985,160274.322
C253,2023-09-21T00:00:00Z,154507,761058,DISCO CERAMILL A TEMP ML A2/A3 98 X 14 PMMA,24,794.1738,19060.17
C253,2023-09-21T00:00:00Z,154488,761055,DISCO CERAMILL A TEMP ML 0/A1 98 X 14 PMMA,7,794.1743,5559.22
C253,2023-09-21T00:00:00Z,3827,218600,ARCO FACIAL ARTEX,21,11442.1343,240284.8203
C253,2023-09-21T00:00:00Z,180313,760410,DISCO CERAMILL PEEK NATURAL 98 X 20,13,3737.4192,48586.4496
C253,2023-09-21T00:00:00Z,3593,178641,CERAMILL COOLSTREAM WATER TANK,1,34246.65,34246.65
C253,2023-09-21T00:00:00Z,3557,176701,GIROFORM PIN DRILL 100-230V,1,27397.32,27397.32
C253,2023-09-21T00:00:00Z,3794,216230,CONTRA PLACA SPLITEX PREMIUM 10PCS,27,450.367,12159.91
C256,2023-09-21T00:00:00Z,141601,DENTALCADFLEXUNI,DENTALCAD EDUCATIONAL FLEX UNIVERSIDADES,10,10640.0,106400.0
C254,2023-09-21T00:00:00Z,83954,NPAGM2PE01000,RESINAS NEXTDENT MODEL 2.0 PEACH,30,2330.023,69900.69
C254,2023-09-21T00:00:00Z,83958,NPAGM2GR01000,RESINAS NEXTDENT MODEL 2.0 GREY,30,2330.023,69900.69
C254,2023-09-21T00:00:00Z,3746,181602,RESIN TRAY ND 5100,20,8585.1195,171702.39
C257,2023-09-26T00:00:00Z,111364,DENTALCADPERPETUAL,DENTALCAD PERPETUAL CORE VERSION,8,54664.4925,437315.94
C258,2023-09-27T00:00:00Z,83950,NPAGCMN1.501000,RESINAS NEXTDENT C&B MFH N1.5,20,6834.342,136686.84
C258,2023-09-27T00:00:00Z,83944,NPAGCAPU01000,RESINAS NEXTDENT CAST PURPLE,36,3103.4356,111723.6816
C259,2023-09-28T00:00:00Z,191177,221500,ZEBRIS FOR CERAMILL,1,212240.91,212240.91
CND1,2023-10-03T00:00:00Z,114072,LAPTOPG,LAPTOP G,1,14870.26,14870.26
C262,2023-10-06T00:00:00Z,114072,LAPTOPG,LAPTOP G,8,17666.4138,141331.3104
C263,2023-10-10T00:00:00Z,195295,768263,DISCO ZOLID BION A1 98 X 18 F ZRO2,20,3627.612,72552.24
C263,2023-10-10T00:00:00Z,195321,751010,FRESA ROTO RFID 2.5 DC BLM 2.5MM,20,779.2495,15584.99
C263,2023-10-10T00:00:00Z,186862,181350,FRESADORA CERAMILL MOTION 3,11,433241.0164,4765651.1804
C263,2023-10-10T00:00:00Z,3593,178641,CERAMILL COOLSTREAM WATER TANK,11,33649.1245,370140.3695
C263,2023-10-10T00:00:00Z,3596,178642,CERAMILL COOLSTREAM CART,11,33649.1245,370140.3695
C263,2023-10-10T00:00:00Z,92543,179164,CERAMILL MATCH 2 CAM DONGLE,11,40777.3118,448550.42980000004
C263,2023-10-10T00:00:00Z,112914,181361,BLANK HOLDER C-CLAMP MOTION 3,11,18807.7509,206885.2599
C263,2023-10-10T00:00:00Z,189551,181500,CERAMILL MIND DRS,2,1568.36,3136.72
C263,2023-10-10T00:00:00Z,189565,221503,ZEBRIS HORQUILLA DE MORDIDA,1,420.09,420.09
C263,2023-10-10T00:00:00Z,189576,221504,ZEBRIS ADAPTADOR PARA HORQUILLA DE MORDIDA,1,470.51,470.51
C263,2023-10-10T00:00:00Z,195195,221502,ATACHE PARA OCLUSAL,1,420.09,420.09
C263,2023-10-10T00:00:00Z,195200,221511,ZEBRIS FOLIO DE POSICIONAMIENTO,1,907.41,907.41
C263,2023-10-10T00:00:00Z,195206,221512,ZEBRIS SET TORNILLOS PARA ESTADO TRANSFER,1,1814.81,1814.81
C263,2023-10-10T00:00:00Z,195218,221501,ZEBRIS ESTADO DE TRANSFERENCIA,1,11628.26,11628.26
C263,2023-10-10T00:00:00Z,195213,766500,BLOQUE ZOLID DRS BL3 C20,10,1397.407,13974.07
C263,2023-10-10T00:00:00Z,195224,766502,BLOQUE ZOLID DRS BL3 B40,11,2950.0818,32450.9
C263,2023-10-10T00:00:00Z,195230,766505,BLOQUE ZOLID DRS A1 C20,10,1397.407,13974.07
C263,2023-10-10T00:00:00Z,195237,766507,BLOQUE ZOLID DRS A1 B40,20,2950.082,59001.64
C263,2023-10-10T00:00:00Z,195243,766510,BLOQUE ZOLID DRS A2 C20,10,1397.407,13974.07
C263,2023-10-10T00:00:00Z,195250,766512,BLOQUE ZOLID DRS A2 B40,17,2950.0818,50151.39
C263,2023-10-10T00:00:00Z,195254,766515,BLOQUE ZOLID DRS A3 C20,5,1397.408,6987.04
C263,2023-10-10T00:00:00Z,195260,766517,BLOQUE ZOLID DRS A3 B40,7,2950.0814,20650.57
C263,2023-10-10T00:00:00Z,154274,766795,DISCO ZOLID GEN X BL1 98 X 22 ZRO2,10,2085.692,20856.92
C263,2023-10-10T00:00:00Z,195266,766796,DISCO ZOLID GEN X BL1 98 X 25,10,2243.425,22434.25
C263,2023-10-10T00:00:00Z,154454,766813,DISCO ZOLID GEN X BL3 98 X 22 ZRO2,10,2085.692,20856.92
C263,2023-10-10T00:00:00Z,195270,766814,DISCO ZOLID GEN X BL3 98 X 25 ZRO2,10,2243.425,22434.25
C263,2023-10-10T00:00:00Z,195275,766867,DISCO ZOLID GEN X B1 98 X 22 ZRO2,10,2085.692,20856.92
C263,2023-10-10T00:00:00Z,195279,766868,DISCO ZOLID GEN X B1 98 X 25 ZRO2,10,2243.425,22434.25
C263,2023-10-10T00:00:00Z,195291,768233,DISCO ZOLID BION BL1 98 X 25 F ZRO2,10,4629.794,46297.94
C263,2023-10-10T00:00:00Z,195299,768264,DISCO ZOLID BION A1 98 X 20 F ZRO2,10,3895.802,38958.020000000004
C263,2023-10-10T00:00:00Z,195303,768265,DISCO ZOLID BION A1 98 X 25 FZRO2,10,4629.794,46297.94
C263,2023-10-10T00:00:00Z,195307,768270,DISCO ZOLID BION A2 98 X 16 F ZRO2,25,3429.9992,85749.98000000001
C263,2023-10-10T00:00:00Z,195312,768271,DISCO ZOLID BION A2 98 X 18 F ZRO2,15,3627.6127,54414.190500000004
C263,2023-10-10T00:00:00Z,195317,768278,DISCO ZOLID BION A3 98 X 16 F ZRO2,5,3430.0,17150.0
C263,2023-10-10T00:00:00Z,195325,751011,FRESA ROTO RFID 1.0 DC BLM 1.0MM,20,779.2495,15584.99
C263,2023-10-10T00:00:00Z,195329,751012,FRESA ROTO RFID 0.6 DC BLM 0.6MM,20,779.2495,15584.99
C263,2023-10-10T00:00:00Z,180080,181400,FRESADORA CERAMILL MOTION DRS,2,443621.31,887242.62
C263,2023-10-10T00:00:00Z,189559,181900,CERAMILL THERM DRS,1,182792.14,182792.14
C263,2023-10-10T00:00:00Z,195283,768232,DISCO ZOLID BION BL1 98 X 20 F ZRO2,5,3895.802,19479.010000000002
C266,2023-10-13T00:00:00Z,180080,181400,FRESADORA CERAMILL MOTION DRS,1,454023.18,454023.18
C266,2023-10-13T00:00:00Z,189551,181500,CERAMILL MIND DRS,1,1605.13,1605.13
C264,2023-10-13T00:00:00Z,90282,MIGHTY4K,IMPRESORA 3D SONIC MIGHTY DE RESINA LCD 4K,1,7157.68,7157.68
C265,2023-10-13T00:00:00Z,197405,FILTMATIK,FILTRO DE RESIDUOS PARA MATIK,10,145.24,1452.4
C269,2023-10-17T00:00:00Z,199088,AKZLCEFECKHAKI2.5ML,AKZENT LC EFFECT STAINS KHAKI 2.5 ML,5,745.0,3725.0
C269,2023-10-17T00:00:00Z,199082,AKZLCEFECRUSSET2.5ML,AKZENT LC EFFECT STAINS RUSSET 2.5 ML,10,745.001,7450.01
C269,2023-10-17T00:00:00Z,199078,AKZLCEFECORANGE2.5ML,AKZENT LC EFFECT STAINS ORANGE 2.5 ML,10,745.001,7450.01
C269,2023-10-17T00:00:00Z,199062,AKZLCEFECSUN2.5ML,AKZENT LC EFFECT STAINS SUN 2.5 ML,10,745.001,7450.01
C269,2023-10-17T00:00:00Z,199056,AKZLCEFECLEMON2.5ML,AKZENT LC EFFECT STAINS LEMON 2.5 ML,1,745.1,745.1
C269,2023-10-17T00:00:00Z,199033,AKZLCEFECCREAM2.5ML,AKZENT LC EFFECT STAINS CREAM 2.5 ML,5,745.0,3725.0
C269,2023-10-17T00:00:00Z,199020,AKZLCEFECWHITE2.5ML,AKZENT LC EFFECT STAINS WHITE 2.5 ML,10,745.001,7450.01
C269,2023-10-17T00:00:00Z,199240,AKZLCGLAZE5ML,AKZENT LC GLAZE 5 ML,20,745.001,14900.02
C269,2023-10-17T00:00:00Z,199236,AKZLCCHLIGHTRED2.5ML,AKZENT LC CHROMA STAINS LIGHT-RED 2.5 ML,3,745.0167,2235.05
C269,2023-10-17T00:00:00Z,199223,AKZLCCHCORNYELLOW2.5,AKZENT LC CHROMA STAINS CORN-YELLOW 2.5 ML,5,745.0,3725.0
C269,2023-10-17T00:00:00Z,199227,AKZLCCHREDYELL2.5ML,AKZENT LC CHROMA STAINS RED-YELLOW 2.5 ML,5,745.0,3725.0
C269,2023-10-17T00:00:00Z,199126,AKZLCEFECDARKRED2.5M,AKZENT LC EFFECT STAINS DARK-RED 2.5 ML,12,744.9967,8939.96
C269,2023-10-17T00:00:00Z,199202,AKZLCCHGREYRED2.5ML,AKZENT LC CHROMA STAINS GREY-RED 2.5 ML,2,744.975,1489.95
C269,2023-10-17T00:00:00Z,199232,AKZLCCHDARKYELLO2.5M,AKZENT LC CHROMA STAINS DARK-YELLOW 2.5 ML,2,744.975,1489.95
C269,2023-10-17T00:00:00Z,199132,AKZLCEFECPURPLE2.5ML,AKZENT LC EFFECT STAINS PURPLE 2.5 ML,3,745.0167,2235.05
C269,2023-10-17T00:00:00Z,199138,AKZLCEFECBLUE2.5ML,AKZENT LC EFFECT STAINS BLUE 2.5 ML,3,745.0167,2235.05
C270,2023-10-17T00:00:00Z,190929,DENTALCADFLEX,DENTALCAD FLEX CORE VERSION,25,28374.5088,709362.72
C270,2023-10-17T00:00:00Z,190929,DENTALCADFLEX,DENTALCAD FLEX CORE VERSION,8,28374.5088,226996.0704
C269,2023-10-17T00:00:00Z,199144,AKZLCEFECGREYBLUE2.5,AKZENT LC EFFECT STAINS GREY-BLUE 2.5 ML,3,745.0167,2235.05
C269,2023-10-17T00:00:00Z,199173,AKZLCEFECGREY2.5ML,AKZENT LC EFFECT STAINS GREY 2.5 ML,3,745.0167,2235.05
C269,2023-10-17T00:00:00Z,199178,AKZLCEFECBLACK2.5ML,AKZENT LC EFFECT STAINS BLACK 2.5 ML,2,744.975,1489.95
C269,2023-10-17T00:00:00Z,199187,AKZLCCHREDBROWN2.5ML,AKZENT LC CHROMA STAINS RED-BROWN 2.5 ML,10,745.001,7450.01
C269,2023-10-17T00:00:00Z,199192,AKZLCCHREDSUN2.5ML,AKZENT LC CHROMA STAINS RED-SUN 2.5 ML,5,745.0,3725.0
C268,2023-10-17T00:00:00Z,82445,VM13ONECOLA3,VM13 ONE COLOR KIT A3,1,2027.1,2027.1
C269,2023-10-17T00:00:00Z,199198,AKZLCCHGREYBROWN2.5M,AKZENT LC CHROMA STAINS GREY-BROWN 2.5 ML,5,745.0,3725.0
C267,2023-10-17T00:00:00Z,198723,V60IPLUS110V,HORNO V60I LINE PLUS 110V,30,46032.9437,1380988.3110000002
C267,2023-10-17T00:00:00Z,91350,BOMVAC110V,VITA BOMBA DE VACIO PARA HORNO 110V,30,10150.8663,304525.989
C269,2023-10-17T00:00:00Z,199095,AKZLCEFECPINK2.5ML,AKZENT LC EFFECT STAINS PINK 2.5 ML,10,745.001,7450.01
C273,2023-10-18T00:00:00Z,7520,MARII3M2CI14,MARK II 3M2C I14,15,741.0627,11115.94
C273,2023-10-18T00:00:00Z,7508,MARII3M1CI14,MARK II 3M1C I14,10,741.063,7410.63
C273,2023-10-18T00:00:00Z,7481,MARII2M2CI12,MARK II 2M2C I12,3,616.4833,1849.45
C273,2023-10-18T00:00:00Z,98106,SINTFURZYRCOMATMS,SINTERSCHALE FÜR ZYRCOMAT MS,1,4716.58,4716.58
C273,2023-10-18T00:00:00Z,98106,SINTFURZYRCOMATMS,SINTERSCHALE FÜR ZYRCOMAT MS,3,4716.5833,14149.7499
C273,2023-10-18T00:00:00Z,12143,VM13TDC212G,VM13 TRANSPA DENTINE C2 12G,14,248.9386,3485.14
C273,2023-10-18T00:00:00Z,12605,VM9EL2,VM9 EFFECT LINER EL2,1,828.13,828.13
C273,2023-10-18T00:00:00Z,12635,VM9EO2,VM9 EFFECT OPAL EO2,2,332.215,664.43
C273,2023-10-18T00:00:00Z,12632,VM9EO1,VM9 EFFECT OPAL EO1,7,332.18,2325.26
C273,2023-10-18T00:00:00Z,12629,VM9ENL50G,VM9 ENAMEL ENL 50G,6,846.6867,5080.12
C273,2023-10-18T00:00:00Z,12989,VM9WIN12G,VM9 WINDOW WIN 12G,3,248.91,746.73
C273,2023-10-18T00:00:00Z,12626,VM9ENL12G,VM9 ENAMEL ENL 12G,14,248.9386,3485.14
C273,2023-10-18T00:00:00Z,12479,VM9BDD312G,VM9 BASE DENTINE D3 12G,2,248.99,497.98
C273,2023-10-18T00:00:00Z,12401,VM9BDA212G,VM9 BASE DENTINE A2 12G,9,248.9367,2240.43
C273,2023-10-18T00:00:00Z,5585,AKZPOWFLU20ML,AKZENT POWDER FLUID 20ML,22,132.0386,2904.85
C273,2023-10-18T00:00:00Z,11525,VM13BDA412G,VM13 BASE DENTINE A4 12G,4,248.93,995.72
C273,2023-10-18T00:00:00Z,13775,VMKODA312G,VMK OPAQUE DENTINE A3 12G,24,146.6525,3519.66
C273,2023-10-18T00:00:00Z,13352,VMKDD250G,VMK DENTINE D2 50G,1,505.98,505.98
C273,2023-10-18T00:00:00Z,13190,VMKD3M250G,VMK DENTINE 3M2 50G,1,505.98,505.98
C273,2023-10-18T00:00:00Z,13778,VMKODA350G,VMK OPAQUE DENTINE A3 50G,5,506.068,2530.34
C273,2023-10-18T00:00:00Z,13130,VMKD2L1.550G,VMK DENTINE 2L1.5 50G,1,505.98,505.98
C273,2023-10-18T00:00:00Z,13892,VMKOP450G,VMK OPAQUE OP4 50G,1,505.98,505.98
C273,2023-10-18T00:00:00Z,13394,VMKEN150G,VMK ENAMEL EN1 50G,39,506.0708,19736.76
C273,2023-10-18T00:00:00Z,13274,VMKDA150G,VMK DENTINE A1 50G,6,506.0533,3036.32
C273,2023-10-18T00:00:00Z,12161,VM13TDD212G,VM13 TRANSPA DENTINE D2 12G,6,248.95,1493.7
C273,2023-10-18T00:00:00Z,12149,VM13TDC312G,VM13 TRANSPA DENTINE C3 12G,6,248.95,1493.7
C273,2023-10-18T00:00:00Z,13331,VMKDC212G,VMK DENTINE C2 12G,15,146.6487,2199.73
C273,2023-10-18T00:00:00Z,11288,TRIFORA1CTF14,TRILUXE FORTE A1C TF14,39,1007.3341,39286.03
C273,2023-10-18T00:00:00Z,11291,TRIFORA2CTF14,TRILUXE FORTE A2C TF14,50,1007.3354,50366.77
C273,2023-10-18T00:00:00Z,11267,TRIFOR2M2CTF14,TRILUXE FORTE 2M2C TF14,2,1007.385,2014.77
C273,2023-10-18T00:00:00Z,11255,TRIFOR1M2CTF14,TRILUXE FORTE 1M2C TF14,4,1141.7625,4567.05
C273,2023-10-18T00:00:00Z,198641,ENA2M2STEM14,ENAMIC 2M2 ST EM14,44,2413.6693,106201.4492
C273,2023-10-18T00:00:00Z,198647,ENA1M2STEM14,ENAMIC 1M2 ST EM14,40,2413.668,96546.72
C273,2023-10-18T00:00:00Z,198651,ENA1M1STEM14,ENAMIC 1M1 ST EM14,30,2413.668,72410.04000000001
C273,2023-10-18T00:00:00Z,198655,ENA3M2STEM14,ENAMIC 3M2 ST EM14,20,2413.668,48273.36
C273,2023-10-18T00:00:00Z,5930,ENA2M2HTEM14,ENAMIC 2M2 HT EM14,7,2413.67,16895.69
C273,2023-10-18T00:00:00Z,198661,ENA2M1TEM14,ENAMIC 2M1 T EM14,4,2413.68,9654.72
C273,2023-10-18T00:00:00Z,5918,ENA1M2HTEM14,ENAMIC 1M2 HT EM14,1,2413.73,2413.73
C273,2023-10-18T00:00:00Z,5933,ENA2M2TEM14,ENAMIC 2M2 T EM14,2,2413.62,4827.24
C273,2023-10-18T00:00:00Z,5942,ENA3M2HTEM14,ENAMIC 3M2 HT EM14,1,2413.73,2413.73
C273,2023-10-18T00:00:00Z,5936,ENA3M1HTEM14,ENAMIC 3M1 HT EM14,1,2413.73,2413.73
C273,2023-10-18T00:00:00Z,198671,ENA2M2HTEMC16,ENAMIC 2M2 HT EMC16,26,3203.8846,83300.9996
C273,2023-10-18T00:00:00Z,198677,ENA1M2HTEMC16,ENAMIC 1M2 HT EMC16,19,3203.8874,60873.8606
C273,2023-10-18T00:00:00Z,198681,ENA1M1HTEMC16,ENAMIC 1M1 HT EMC16,20,3203.8885,64077.770000000004
C273,2023-10-18T00:00:00Z,5792,COLCLA,COLORIMETRO CLASICO A1-D4,3,1062.6367,3187.91
C273,2023-10-18T00:00:00Z,96924,D63100,VPAD POWER INJECTOR CABLE,1,1340.74,1340.74
C273,2023-10-18T00:00:00Z,14189,VMLCFLOENL4G,VMLC FLOW ENAMEL ENL 4G,15,442.2027,6633.04
C273,2023-10-18T00:00:00Z,12098,VM13TDA3.550G,VM13 TRANSPA DENTINE A3.5 50G,3,846.7233,2540.17
C273,2023-10-18T00:00:00Z,11573,VM13BDC412G,VM13 BASE DENTINE C4 12G,4,248.93,995.72
C273,2023-10-18T00:00:00Z,13763,VMKODA212G,VMK OPAQUE DENTINE A2 12G,10,146.649,1466.49
C273,2023-10-18T00:00:00Z,13355,VMKDD312G,VMK DENTINE D3 12G,6,146.6333,879.8
C273,2023-10-18T00:00:00Z,13151,VMKD2M312G,VMK DENTINE 2M3 12G,11,146.6409,1613.05
C273,2023-10-18T00:00:00Z,13889,VMKOP412G,VMK OPAQUE OP4 12G,11,146.6409,1613.05
C273,2023-10-18T00:00:00Z,13667,VMKOD3M212G,VMK OPAQUE DENTINE 3M2 12G,3,146.6333,439.9
C273,2023-10-18T00:00:00Z,13229,VMKD4M212G,VMK DENTINE 4M2 12G,3,146.6333,439.9
C273,2023-10-18T00:00:00Z,13478,VMKN3,VMK NECK N3,10,146.649,1466.49
C273,2023-10-18T00:00:00Z,13481,VMKN4,VMK NECK N4,3,146.6333,439.9
C273,2023-10-18T00:00:00Z,13280,VMKDA250G,VMK DENTINE A2 50G,38,506.0674,19230.56
C273,2023-10-18T00:00:00Z,13292,VMKDA350G,VMK DENTINE A3 50G,7,506.0743,3542.52
C273,2023-10-18T00:00:00Z,8468,NPBON5G,NP BOND PASTE 5G,1,420.24,420.24
C273,2023-10-18T00:00:00Z,11723,VM13ENL50G,VM13 ENAMEL ENL 50G,12,846.6867,10160.24
C273,2023-10-18T00:00:00Z,11873,VM13OP350G,VM13 OPAQUE OP3 50G,1,846.65,846.65
C273,2023-10-18T00:00:00Z,11348,VM13BD1M150G,VM13 BASE DENTINE 1M1 50G,1,846.65,846.65
C273,2023-10-18T00:00:00Z,11867,VM13OP250G,VM13 OPAQUE OP2 50G,2,846.65,1693.3
C273,2023-10-18T00:00:00Z,11378,VM13BD2M250G,VM13 BASE DENTINE 2M2 50G,4,846.705,3386.82
C273,2023-10-18T00:00:00Z,12116,VM13TDB150G,VM13 TRANSPA DENTINE B1 50G,1,846.65,846.65
C273,2023-10-18T00:00:00Z,12140,VM13TDC150G,VM13 TRANSPA DENTINE C1 50G,2,846.65,1693.3
C273,2023-10-18T00:00:00Z,11570,VM13BDC350G,VM13 BASE DENTINE C3 50G,2,846.65,1693.3
C273,2023-10-18T00:00:00Z,12128,VM13TDB350G,VM13 TRANSPA DENTINE B3 50G,6,846.6867,5080.12
C273,2023-10-18T00:00:00Z,12092,VM13TDA250G,VM13 TRANSPA DENTINE A2 50G,9,846.6989,7620.29
C273,2023-10-18T00:00:00Z,11510,VM13BDA250G,VM13 BASE DENTINE A2 50G,11,846.69,9313.59
C273,2023-10-18T00:00:00Z,11393,VM13BD2R2.512G,VM13 BASE DENTINE 2R2.5 12G,2,248.99,497.98
C273,2023-10-18T00:00:00Z,11864,VM13OP212G,VM13 OPAQUE OP2 12G,3,248.91,746.73
C273,2023-10-18T00:00:00Z,11999,VM13TD3M212G,VM13 TRANSPA DENTINE 3M2 12G,13,248.9338,3236.14
C273,2023-10-18T00:00:00Z,11591,VM13BDD412G,VM13 BASE DENTINE D4 12G,1,248.98,248.98
C273,2023-10-18T00:00:00Z,11543,VM13BDB312G,VM13 BASE DENTINE B3 12G,1,248.98,248.98
C273,2023-10-18T00:00:00Z,11579,VM13BDD212G,VM13 BASE DENTINE D2 12G,3,248.91,746.73
C273,2023-10-18T00:00:00Z,12167,VM13TDD312G,VM13 TRANSPA DENTINE D3 12G,4,248.93,995.72
C273,2023-10-18T00:00:00Z,11537,VM13BDB212G,VM13 BASE DENTINE B2 12G,6,248.95,1493.7
C273,2023-10-18T00:00:00Z,12155,VM13TDC412G,VM13 TRANSPA DENTINE C4 12G,6,248.95,1493.7
C273,2023-10-18T00:00:00Z,13493,VMKOA212G,VMK OPAQUE A2 12G,32,146.65,4692.8
C273,2023-10-18T00:00:00Z,12101,VM13TDA312G,VM13 TRANSPA DENTINE A3 12G,6,248.95,1493.7
C273,2023-10-18T00:00:00Z,11585,VM13BDD312G,VM13 BASE DENTINE D3 12G,7,248.9543,1742.68
C273,2023-10-18T00:00:00Z,12173,VM13TDD412G,VM13 TRANSPA DENTINE D4 12G,8,248.93,1991.44
C273,2023-10-18T00:00:00Z,12119,VM13TDB212G,VM13 TRANSPA DENTINE B2 12G,11,248.9464,2738.41
C273,2023-10-18T00:00:00Z,11519,VM13BDA312G,VM13 BASE DENTINE A3 12G,12,248.9492,2987.39
C271,2023-10-18T00:00:00Z,9239,PHY22ESUP3R2.5,PHYSIODENS 22E SUPERIOR 3R2.5,1,258.36,258.36
C273,2023-10-18T00:00:00Z,7319,LUMACGNEC,LUMEX GINGIVA NECTARINE 12G,3,259.3533,778.06
C273,2023-10-18T00:00:00Z,5507,AKZPLUCHRSTAA3G,AKZENT PLUS CHROMA STAINS A 3G,10,180.212,1802.12
C273,2023-10-18T00:00:00Z,5534,AKZPLUES053G,AKZENT PLUS EFFECT STAINS ES05 3G,9,180.2178,1621.96
C273,2023-10-18T00:00:00Z,5570,AKZPLUGLA5G,AKZENT PLUS GLAZE 5G,15,214.1733,3212.6
C273,2023-10-18T00:00:00Z,5573,AKZPLUGLALT5G,AKZENT PLUS GLAZE LT 5G,51,214.1759,10922.97
C271,2023-10-18T00:00:00Z,9335,PHY23ESUP3M2,PHYSIODENS 23E SUPERIOR 3M2,2,258.475,516.95
C271,2023-10-18T00:00:00Z,9104,PHY21ESUP2L2.5,PHYSIODENS 21E SUPERIOR 2L2.5,2,258.475,516.95
C271,2023-10-18T00:00:00Z,9551,PHYL1S1M1,PHYSIODENS L1S 1M1,1,305.0,305.0
C271,2023-10-18T00:00:00Z,9599,PHYL2M0M3,PHYSIODENS L2M 0M3,1,305.0,305.0
C271,2023-10-18T00:00:00Z,9341,PHY23ESUP3R2.5,PHYSIODENS 23E SUPERIOR 3R2.5,1,258.36,258.36
C271,2023-10-18T00:00:00Z,10700,PHYT8L4M2,PHYSIODENS T8L 4M2,1,305.0,305.0
C271,2023-10-18T00:00:00Z,10703,PHYT9L1M1,PHYSIODENS T9L 1M1,1,305.0,305.0
C271,2023-10-18T00:00:00Z,10652,PHYT8L0M3,PHYSIODENS T8L 0M3,1,305.0,305.0
C271,2023-10-18T00:00:00Z,9383,PHY24EINF3M1,PHYSIODENS 24E INFERIOR 3M1,1,258.36,258.36
C271,2023-10-18T00:00:00Z,10685,PHYT8L3L2.5,PHYSIODENS T8L 3L2.5,1,305.0,305.0
C271,2023-10-18T00:00:00Z,9320,PHY23ESUP2R1.5,PHYSIODENS 23E SUPERIOR 2R1.5,1,258.36,258.36
C271,2023-10-18T00:00:00Z,9056,PHY21EINF2M1,PHYSIODENS 21E INFERIOR 2M1,1,258.36,258.36
C271,2023-10-18T00:00:00Z,9110,PHY21ESUP2M2,PHYSIODENS 21E SUPERIOR 2M2,1,258.36,258.36
C271,2023-10-18T00:00:00Z,10754,PHYX1M0M3,PHYSIODENS X1M 0M3,1,305.0,305.0
C272,2023-10-18T00:00:00Z,198884,AKZLCSTANDKIT,AKZENT LC STANDARD KIT,10,5699.15,56991.5
C272,2023-10-18T00:00:00Z,198898,AKZLCEXPKIT,AKZENT LC EXPERT KIT,3,9947.0933,29841.2799
C273,2023-10-18T00:00:00Z,13400,VMKEN250G,VMK ENAMEL EN2 50G,19,506.0732,9615.39
C273,2023-10-18T00:00:00Z,13955,VMKWO50G,VMK WASH OPAQUE WO 50G,11,506.0609,5566.67
C273,2023-10-18T00:00:00Z,13415,VMKG3,VMK GINGIVA G3,1,169.88,169.88
C273,2023-10-18T00:00:00Z,13007,VMCCBD3L1.530G,VMCC BASE DENTINE 3L1.5 30G,2,306.835,613.67
C273,2023-10-18T00:00:00Z,14048,VMLCBDA24G,VMLC BASE DENTINE A2 4G,2,382.285,764.57
C273,2023-10-18T00:00:00Z,14237,VMLCNT4G,VMLC NEUTRAL NT 4G,3,382.36,1147.08
C273,2023-10-18T00:00:00Z,8453,MODLIQVM1350ML,"VM MODELLING LIQUID 50ML (BLANCO, VM.13)",2,122.78,245.56
C273,2023-10-18T00:00:00Z,8450,BML250N,"VM MODELLING LIQUID 250ML(BLANCO, VM.13)",2,473.51,947.02
C273,2023-10-18T00:00:00Z,7553,MARIIA1CI14,MARK II A1C I14,30,741.063,22231.89
C273,2023-10-18T00:00:00Z,7559,MARIIA2CI14,MARK II A2C I14,30,741.063,22231.89
C273,2023-10-18T00:00:00Z,7484,MARII2M2CI14,MARK II 2M2C I14,80,741.0631,59285.05
C273,2023-10-18T00:00:00Z,7472,MARII2M1CI14,MARK II 2M1C I14,17,741.0582,12597.99
C273,2023-10-18T00:00:00Z,7460,MARII1M2CI14,MARK II 1M2C I14,30,741.063,22231.89
C273,2023-10-18T00:00:00Z,7439,MARII0M1CI14,MARK II 0M1C I14,20,741.063,14821.26
C273,2023-10-18T00:00:00Z,7448,MARII1M1CI14,MARK II 1M1C I14,20,741.063,14821.26
C273,2023-10-18T00:00:00Z,7496,MARII2M3CI14,MARK II 2M3C I14,20,741.063,14821.26
C271,2023-10-18T00:00:00Z,7901,MFTPL330M3,MFT PL33 0M3,2,79.34,158.68
C271,2023-10-18T00:00:00Z,7874,MFTPL311M1,MFT PL31 1M1,5,79.384,396.92
C271,2023-10-18T00:00:00Z,7964,MFTPU311M1,MFT PU31 1M1,32,79.3806,2540.18
C271,2023-10-18T00:00:00Z,7994,MFTPU331M1,MFT PU33 1M1,67,79.3821,5318.6
C271,2023-10-18T00:00:00Z,7877,MFTPL312L1.5,MFT PL31 2L1.5,113,79.3842,8970.4146
C271,2023-10-18T00:00:00Z,7907,MFTPL332L1.5,MFT PL33 2L1.5,60,79.3833,4763.0
C271,2023-10-18T00:00:00Z,7967,MFTPU312L1.5,MFT PU31 2L1.5,106,79.3829,8414.5874
C271,2023-10-18T00:00:00Z,7997,MFTPU332L1.5,MFT PU33 2L1.5,85,79.3833,6747.58
C271,2023-10-18T00:00:00Z,7940,MFTPU292M1,MFT PU29 2M1,41,79.3822,3254.67
C271,2023-10-18T00:00:00Z,7970,MFTPU312M1,MFT PU31 2M1,68,79.3847,5398.16
C271,2023-10-18T00:00:00Z,7883,MFTPL312M2,MFT PL31 2M2,253,79.3837,20084.076100000002
C271,2023-10-18T00:00:00Z,7913,MFTPL332M2,MFT PL33 2M2,108,79.3842,8573.493600000002
C271,2023-10-18T00:00:00Z,7943,MFTPU292M2,MFT PU29 2M2,440,79.3833,34928.652
C271,2023-10-18T00:00:00Z,7973,MFTPU312M2,MFT PU31 2M2,836,79.3833,66364.4388
C271,2023-10-18T00:00:00Z,8003,MFTPU332M2,MFT PU33 2M2,535,79.3833,42470.065500000004
C271,2023-10-18T00:00:00Z,7886,MFTPL313L1.5,MFT PL31 3L1.5,11,79.3791,873.17
C271,2023-10-18T00:00:00Z,7142,LIN23LINFA1,LINGOFORM 23L INFERIOR A1,1,237.1,237.1
C271,2023-10-18T00:00:00Z,8621,PANEXCL39A1,PAN EXCELL L39 A1,2,275.735,551.47
C271,2023-10-18T00:00:00Z,9101,PHY21ESUP2L1.5,PHYSIODENS 21E SUPERIOR 2L1.5,10,258.453,2584.53
C271,2023-10-18T00:00:00Z,9212,PHY22ESUP2M2,PHYSIODENS 22E SUPERIOR 2M2,8,258.4463,2067.57
C271,2023-10-18T00:00:00Z,9299,PHY23ESUP1M1,PHYSIODENS 23E SUPERIOR 1M1,6,258.4383,1550.63
C271,2023-10-18T00:00:00Z,9656,PHYL3M1M1,PHYSIODENS L3M 1M1,6,304.9667,1829.8
C271,2023-10-18T00:00:00Z,9050,PHY21EINF2L1.5,PHYSIODENS 21E INFERIOR 2L1.5,6,258.4383,1550.63
C271,2023-10-18T00:00:00Z,9161,PHY22EINF2M2,PHYSIODENS 22E INFERIOR 2M2,6,258.4383,1550.63
C271,2023-10-18T00:00:00Z,9098,PHY21ESUP1M2,PHYSIODENS 21E SUPERIOR 1M2,5,258.452,1292.26
C271,2023-10-18T00:00:00Z,9146,PHY22EINF1M1,PHYSIODENS 22E INFERIOR 1M1,5,258.452,1292.26
C271,2023-10-18T00:00:00Z,9263,PHY23EINF2M2,PHYSIODENS 23E INFERIOR 2M2,4,258.4775,1033.91
C271,2023-10-18T00:00:00Z,9356,PHY24EINF2L1.5,PHYSIODENS 24E INFERIOR 2L1.5,4,258.4775,1033.91
C271,2023-10-18T00:00:00Z,9977,PHYO1S2M2,PHYSIODENS O1S 2M2,3,258.4367,775.31
C271,2023-10-18T00:00:00Z,10811,PHYX2L2L1.5,PHYSIODENS X2L 2L1.5,3,304.9267,914.78
C271,2023-10-18T00:00:00Z,9512,PHY25ESUP2M2,PHYSIODENS 25E SUPERIOR 2M2,3,304.9267,914.78
C271,2023-10-18T00:00:00Z,9047,PHY21EINF1M2,PHYSIODENS 21E INFERIOR 1M2,2,258.475,516.95
C271,2023-10-18T00:00:00Z,10406,PHYT4M0M3,PHYSIODENS T4M 0M3,1,305.0,305.0
C271,2023-10-18T00:00:00Z,8255,MFTT463R2.5,MFT T46 3R2.5,39,78.7454,3071.07
C271,2023-10-18T00:00:00Z,8144,MFTS501M1,MFT S50 1M1,33,78.7418,2598.48
C271,2023-10-18T00:00:00Z,7667,MFTL372L1.5,MFT L37 2L1.5,52,78.744,4094.69
C271,2023-10-18T00:00:00Z,8252,MFTT463M2,MFT T46 3M2,124,78.744,9764.256
C271,2023-10-18T00:00:00Z,8060,MFTR452M1,MFT R45 2M1,57,78.7439,4488.4
C271,2023-10-18T00:00:00Z,7733,MFTL402M2,MFT L40 2M2,54,78.7448,4252.22
C271,2023-10-18T00:00:00Z,7742,MFTL403M2,MFT L40 3M2,148,78.7428,11653.9344
C271,2023-10-18T00:00:00Z,7682,MFTL373M2,MFT L37 3M2,166,78.7426,13071.2716
C271,2023-10-18T00:00:00Z,8273,MFTT492M2,MFT T49 2M2,61,78.7416,4803.24
C271,2023-10-18T00:00:00Z,8015,MFTPU333R2.5,MFT PU33 3R2.5,86,79.3828,6826.92
C271,2023-10-18T00:00:00Z,7985,MFTPU313R2.5,MFT PU31 3R2.5,173,79.3839,13733.4147
C271,2023-10-18T00:00:00Z,7925,MFTPL333R2.5,MFT PL33 3R2.5,20,79.3835,1587.67
C271,2023-10-18T00:00:00Z,7895,MFTPL313R2.5,MFT PL31 3R2.5,109,79.3838,8652.8342
C271,2023-10-18T00:00:00Z,8012,MFTPU333M2,MFT PU33 3M2,258,79.3837,20480.9946
C271,2023-10-18T00:00:00Z,7982,MFTPU313M2,MFT PU31 3M2,23,79.3874,1825.91
C271,2023-10-18T00:00:00Z,7922,MFTPL333M2,MFT PL33 3M2,138,79.384,10954.992
C271,2023-10-18T00:00:00Z,7892,MFTPL313M2,MFT PL31 3M2,71,79.3827,5636.17
C271,2023-10-18T00:00:00Z,8009,MFTPU333L2.5,MFT PU33 3L2.5,127,79.3826,10081.590199999999
C271,2023-10-18T00:00:00Z,7979,MFTPU313L2.5,MFT PU31 3L2.5,80,79.3834,6350.67
C271,2023-10-18T00:00:00Z,7919,MFTPL333L2.5,MFT PL33 3L2.5,116,79.3829,9208.4164
C271,2023-10-18T00:00:00Z,8006,MFTPU333L1.5,MFT PU33 3L1.5,47,79.3815,3730.93
C274,2023-10-19T00:00:00Z,122277,D22231,ARANDELA ELÁSTICA DENTADA 4.3 MM,3,13.6433,40.93
C276,2023-10-19T00:00:00Z,90218,6100MS,HORNO ZYRCOMAT 6100 MS 230V,20,124926.5885,2498531.77
C276,2023-10-19T00:00:00Z,99851,VPADCOMFORT,VPAD COMFORT,20,17321.13,346422.60000000003
C274,2023-10-19T00:00:00Z,111503,D23294US,UNIVERSAL-PRESS DISCO DE PRENSADO INSERTABLE,5,2864.9,14324.5
C274,2023-10-19T00:00:00Z,99287,D23294U,UNIVERSAL PRESS FIRING BASE,5,1342.822,6714.11
C274,2023-10-19T00:00:00Z,199005,D42206,POWER SUPPLE MODULE,2,886.68,1773.36
C274,2023-10-19T00:00:00Z,198994,D62025,TARJETA MADRE PARA GENERACIÓN DE CALOR PARA 6100MS,2,6802.14,13604.28
C274,2023-10-19T00:00:00Z,198986,D32259,INSULATION JACKET,1,2539.08,2539.08
C274,2023-10-19T00:00:00Z,198981,D42225,CLAMP RING WITH HEXAGONAL SCREW M3X8 MM,4,48.015,192.06
C274,2023-10-19T00:00:00Z,122292,D22267,ANILLO DE DESCARGA DE SILICONA,4,34.4125,137.65
C274,2023-10-19T00:00:00Z,198974,D22273,NUT R 1/8 INCH,1,32.01,32.01
C274,2023-10-19T00:00:00Z,122284,D22266,MANGUITO PASAMUROS CERAMICO,4,27.2075,108.83
C274,2023-10-19T00:00:00Z,198949,D33218,VITA VACUUM TUBING 200 CM,10,52.017,520.17
C274,2023-10-19T00:00:00Z,198949,D33218,VITA VACUUM TUBING 200 CM,1,51.9,51.9
C274,2023-10-19T00:00:00Z,198945,D33211,VITON RING SEAL 180X3 MM,1,357.6,357.6
C274,2023-10-19T00:00:00Z,198941,D22272A,"COPPER SEALING WASHER R1/8"" (10X16X1)",2,20.005,40.01
C274,2023-10-19T00:00:00Z,122288,D22268,ANILLO AISLANTE 27X8X4 MM,4,29.61,118.44
C274,2023-10-19T00:00:00Z,198936,D47203,MAINS SWITCH,3,117.5967,352.79
C274,2023-10-19T00:00:00Z,198932,D56237,FOIL CABLE,1,101.52,101.52
C274,2023-10-19T00:00:00Z,122259,D22265,PERNOS DE LATON,4,104.0325,416.13
C274,2023-10-19T00:00:00Z,96075,D47232N,CONTROL MODULE,3,9016.3933,27049.1799
C274,2023-10-19T00:00:00Z,121251,D53041,HEATING ELEMENT FOR VITA ZYRCOMAT,1,9954.22,9954.22
C274,2023-10-19T00:00:00Z,198966,D62026,TARJETA MADRE PARA 6100MS,2,1178.775,2357.55
C274,2023-10-19T00:00:00Z,101802,D32260,THERMOELEMENT KPL. MIT ISOLIERSTEIN,1,3307.33,3307.33
C274,2023-10-19T00:00:00Z,99473,D32261,BRENNMUFFEL,1,4833.52,4833.52
C274,2023-10-19T00:00:00Z,198922,D22271,PIPE UNION PIECE R 1/8 INCH /6,1,88.72,88.72
C274,2023-10-19T00:00:00Z,122301,D22269,TUERCA M6,4,13.605,54.42
C274,2023-10-19T00:00:00Z,122273,D25304,ARANDELA 6.3 MM,8,13.6038,108.83
C274,2023-10-19T00:00:00Z,198909,D42223,SOCKET HEAD M4X6 DIN912 A2,4,13.605,54.42
C274,2023-10-19T00:00:00Z,91705,D33219,VALVULA SOLENOID 24 VOLT DC,10,1839.778,18397.78
C274,2023-10-19T00:00:00Z,198916,D22352,NUT M5 DIN 934-8,5,13.582,67.91
C278,2023-11-09T00:00:00Z,89422,T510,SCANNER DE MESA T510,2,1750.17,3500.34
C279,2023-11-16T00:00:00Z,113756,SONMIN8K,IMPRESORA 3D SONIC MINI 8K,10,9657.053,96570.53
C279,2023-11-16T00:00:00Z,113752,MIGHTY8K,IMPRESORA 3D SONIC MIGHTY 8K,30,10122.8417,303685.25100000005
C279,2023-11-16T00:00:00Z,180116,SONMIN8KS,IMPRESORA 3D SONIC MINI 8K S,150,5649.4218,847413.27
C279,2023-11-16T00:00:00Z,206778,AMECA029,PH TAPA DE PLASTICO MINI 8K,2,1014.59,2029.18
C279,2023-11-16T00:00:00Z,206793,AMECA056,PH TAPA DE PLASTICO MIGHTY 4K,2,830.12,1660.24
C279,2023-11-16T00:00:00Z,206802,AMECA153,PH TAPA DE PLASTICO PARA MIGHTY 8K,2,1037.65,2075.3
C279,2023-11-16T00:00:00Z,92932,RACRYLGRAY1KG,RESINA AQUA 4K GRAY 1KG,100,599.5305,59953.049999999996
C279,2023-11-16T00:00:00Z,210342,64010200214074,RESINA AQUA 8K GRAY 1KG,200,645.6482,129129.64
C279,2023-11-16T00:00:00Z,210364,64010200245074,RESINA AQUA 8K VANILLA 1 KG,200,645.6482,129129.64
C279,2023-11-16T00:00:00Z,210369,64010101624074,PH WATER WASHABLE RESIN GRAY,200,691.766,138353.19999999998
C279,2023-11-16T00:00:00Z,209589,64012203310053,RESINA MOLDEABLE DENTAL VERDE 500G,50,1798.5914,89929.57
C279,2023-11-16T00:00:00Z,206828,ESPBS7101,PH CINTA MARCO LCD SM8K 7.1,20,92.2355,1844.71
C279,2023-11-16T00:00:00Z,209225,ESPEE6102,PH PANEL TACTIL SONIC MINI 4K,10,1683.298,16832.98
C279,2023-11-16T00:00:00Z,209229,ESPEE7102,PH PANEL TACTIL SM8K,10,2720.946,27209.46
C279,2023-11-16T00:00:00Z,209233,ESPEE9302,PH MODULO DE PANEL TACTIL MIGHTY 4K,10,2444.24,24442.4
C279,2023-11-16T00:00:00Z,209283,ESPEEGN15,PH FUENTE DE ALIMENTACION TRANSFORMADOR SXL4K 2022,2,1129.885,2259.77
C279,2023-11-16T00:00:00Z,209383,ESPGL1001,PH CRISTAL MIGHTY 8K,3,461.1767,1383.53
C279,2023-11-16T00:00:00Z,209437,ESPGL7101,PH CRISTAL SM8K,5,461.178,2305.89
C279,2023-11-16T00:00:00Z,209489,ESPLC8902,LCD FOR SXL4K2020,4,5511.0675,22044.27
C279,2023-11-16T00:00:00Z,92944,ESPLC9301,TFT LCD PANEL 9.3 MIGHTY 4K/SXL4K 2022,20,2167.533,43350.66
C279,2023-11-16T00:00:00Z,209516,ESPMEGN12,Z-AXIS WITH MOTER FOR MIGHTY 4K,1,115.29,115.29
C279,2023-11-16T00:00:00Z,209520,ESPMEGN13,Z-AXIS WITH MOTER SM8K,4,1152.945,4611.78
C279,2023-11-16T00:00:00Z,209524,ESPOTGN05,PH FUENTE DE ALIMENTACION MINI 4K,3,299.7667,899.3
C279,2023-11-16T00:00:00Z,210407,FSPEE1001,PH PLACA BASE SONIC MIGHTY 8K,2,3850.83,7701.66
C279,2023-11-16T00:00:00Z,211151,FSPEE1002,PH PANEL TACTIL PARA MIGHTY 8K,10,3066.828,30668.28
C279,2023-11-16T00:00:00Z,211198,FSPEE7102,PH MODULO LED SM8K,1,1844.71,1844.71
C279,2023-11-16T00:00:00Z,211232,FSPEE7301,PH PLACA BASE SM8KS,2,3412.71,6825.42
C279,2023-11-16T00:00:00Z,211245,FSPEE7303,PH PANEL TACTIL SM8KS,10,2720.946,27209.46
C279,2023-11-16T00:00:00Z,213548,FSPLC7301,PH LCD PARA SONIC MINI 8K S,20,2305.8865,46117.73
C279,2023-11-16T00:00:00Z,215362,FSPMEGN04,Z-AXIS WITH MOTER MIGHTY 8K,2,1337.415,2674.83
C279,2023-11-16T00:00:00Z,215407,FSPMEGN12,Z-AXIS WITH MOTER SONIC MINI 8K S,2,1152.945,2305.89
C279,2023-11-16T00:00:00Z,117518,COVMIN4K,PH TAPA DE PLASTICO MINI 4K,2,645.65,1291.3
C279,2023-11-16T00:00:00Z,117484,53010060072001,TFT LCD 7.1 SONIC MINI 8K,4,2305.885,9223.54
C279,2023-11-16T00:00:00Z,100931,RESVAT6.1,RESINA VAT 6.1 SONIC MINI 4K,50,1176.0022,58800.11
C279,2023-11-16T00:00:00Z,100864,RESVAT9.3,RESINA VAT 9.3 MIGHTY 4K/SXL4K 2022,40,1798.5915,71943.66
C279,2023-11-16T00:00:00Z,117514,LCDFRAMTAPMIGHTY8K,LCD FRAME TAPE SONIC MIGHTY 8K,10,138.353,1383.53
C279,2023-11-16T00:00:00Z,211155,FSPEE1004,PH MODULO LED MIGHTY 8K,1,2813.18,2813.18
C279,2023-11-16T00:00:00Z,211182,FSPEE7101,PH PLACA BASE SONIC MINI 8K,3,3412.71,10238.130000000001
C279,2023-11-16T00:00:00Z,117511,FEPFILMIGHTY8K,FEP FILM 310 MM X 220 MM MIGHTY 8K,30,392.0007,11760.02
C279,2023-11-16T00:00:00Z,117492,LCDMIGHTY8K,TFT LCD 10.1 MIGHTY 8K,10,3066.828,30668.28
C279,2023-11-16T00:00:00Z,117498,RESVAT10.1,RESINA VAT 10.1 MIGHTY 8K,20,1798.5915,35971.83
C279,2023-11-16T00:00:00Z,181050,ESC3DPOP2,POP 2 3D PREMIUM ESCANER,2,6917.66,13835.32
C279,2023-11-16T00:00:00Z,210375,FSPBP1001,PH PLACA DE CONSTRUCCION MIGHTY 8K,2,1406.59,2813.18
C279,2023-11-16T00:00:00Z,210381,FSPBP7101,PH PLACA DE CONSTRUCCION SM8K,2,1176.005,2352.01
C280,2023-11-17T00:00:00Z,213031,Z4A32SB3,DIENTES HU TABLILLA ZAHN4ALL POSTERIOR SUPERIOR 32 COLOR B3,360,15.4807,5573.052000000001
C280,2023-11-17T00:00:00Z,212551,Z4AL2B2,DIENTES HU TABLILLA ZAHN4ALL ANTERIOR INFERIOR L2 COLOR B2,320,11.6108,3715.4559999999997
C280,2023-11-17T00:00:00Z,212555,Z4AL4B2,DIENTES HU TABLILLA ZAHN4ALL ANTERIOR INFERIOR L4 COLOR B2,320,11.6108,3715.4559999999997
C280,2023-11-17T00:00:00Z,212558,Z4AL6B2,DIENTES HU TABLILLA ZAHN4ALL ANTERIOR INFERIOR L6 COLOR B2,320,11.6108,3715.4559999999997
C280,2023-11-17T00:00:00Z,212927,Z4AL8B2,DIENTES HU TABLILLA ZAHN4ALL ANTERIOR INFERIOR L8 COLOR B2,320,11.6108,3715.4559999999997
C280,2023-11-17T00:00:00Z,212931,Z4AL10B2,DIENTES HU TABLILLA ZAHN4ALL ANTERIOR INFERIOR L10 COLOR B2,320,11.6108,3715.4559999999997
C280,2023-11-17T00:00:00Z,212935,Z4A30SB2,DIENTES HU TABLILLA ZAHN4ALL POSTERIOR SUPERIOR 30 COLOR B2,360,15.4807,5573.052000000001
C280,2023-11-17T00:00:00Z,212939,Z4A30IB2,DIENTES HU TABLILLA ZAHN4ALL POSTERIOR INFERIOR 30 COLOR B2,120,15.4801,1857.612
C280,2023-11-17T00:00:00Z,212939,Z4A30IB2,DIENTES HU TABLILLA ZAHN4ALL POSTERIOR INFERIOR 30 COLOR B2,120,15.4801,1857.612
C280,2023-11-17T00:00:00Z,212943,Z4A32SB2,DIENTES HU TABLILLA ZAHN4ALL POSTERIOR SUPERIOR 32 COLOR B2,360,15.4807,5573.052000000001
C280,2023-11-17T00:00:00Z,212947,Z4A32IB2,DIENTES HU TABLILLA ZAHN4ALL POSTERIOR INFERIOR 32 COLOR B2,240,15.481,3715.44
C280,2023-11-17T00:00:00Z,212951,Z4A34SB2,DIENTES HU TABLILLA ZAHN4ALL POSTERIOR SUPERIOR 34 COLOR B2,240,15.481,3715.44
C280,2023-11-17T00:00:00Z,212951,Z4A34SB2,DIENTES HU TABLILLA ZAHN4ALL POSTERIOR SUPERIOR 34 COLOR B2,120,15.4801,1857.612
C280,2023-11-17T00:00:00Z,212955,Z4A34IB2,DIENTES HU TABLILLA ZAHN4ALL POSTERIOR INFERIOR 34 COLOR B2,240,15.481,3715.44
C280,2023-11-17T00:00:00Z,212959,Z4A36MSB2,DIENTES HU TABLILLA ZAHN4ALL POSTERIOR SUPERIOR 36M COLOR B2,240,15.481,3715.44
C280,2023-11-17T00:00:00Z,212963,Z4A36MIB2,DIENTES HU TABLILLA ZAHN4ALL POSTERIOR INFERIOR 36M COLOR B2,120,15.4801,1857.612
C280,2023-11-17T00:00:00Z,212967,Z4AS2B3,DIENTES HU TABLILLA ZAHN4ALL ANTERIOR SUPERIOR S2 COLOR B3,160,11.6101,1857.616
C280,2023-11-17T00:00:00Z,212971,Z4AS4B3,DIENTES HU TABLILLA ZAHN4ALL ANTERIOR SUPERIOR S4 COLOR B3,160,11.6101,1857.616
C280,2023-11-17T00:00:00Z,212971,Z4AS4B3,DIENTES HU TABLILLA ZAHN4ALL ANTERIOR SUPERIOR S4 COLOR B3,160,11.6101,1857.616
C280,2023-11-17T00:00:00Z,212975,Z4AS6B3,DIENTES HU TABLILLA ZAHN4ALL ANTERIOR SUPERIOR S6 COLOR B3,640,11.6108,7430.911999999999
C280,2023-11-17T00:00:00Z,212979,Z4AS8B3,DIENTES HU TABLILLA ZAHN4ALL ANTERIOR SUPERIOR S8 COLOR B3,160,11.6101,1857.616
C280,2023-11-17T00:00:00Z,212983,Z4AT2B3,DIENTES HU TABLILLA ZAHN4ALL ANTERIOR SUPERIOR T2 COLOR B3,160,11.6101,1857.616
C280,2023-11-17T00:00:00Z,212987,Z4AT4B3,DIENTES HU TABLILLA ZAHN4ALL ANTERIOR SUPERIOR T4 COLOR B3,160,11.6101,1857.616
C280,2023-11-17T00:00:00Z,212991,Z4AT6B3,DIENTES HU TABLILLA ZAHN4ALL ANTERIOR SUPERIOR T6 COLOR B3,160,11.6101,1857.616
C280,2023-11-17T00:00:00Z,212995,Z4AT8B3,DIENTES HU TABLILLA ZAHN4ALL ANTERIOR SUPERIOR T8 COLOR B3,160,11.6101,1857.616
C280,2023-11-17T00:00:00Z,212999,Z4AT10B3,DIENTES HU TABLILLA ZAHN4ALL ANTERIOR SUPERIOR T10 COLOR B3,320,11.6108,3715.4559999999997
C280,2023-11-17T00:00:00Z,213003,Z4AL2B3,DIENTES HU TABLILLA ZAHN4ALL ANTERIOR INFERIOR L2 COLOR B3,320,11.6108,3715.4559999999997
C280,2023-11-17T00:00:00Z,213007,Z4AL4B3,DIENTES HU TABLILLA ZAHN4ALL ANTERIOR INFERIOR L4 COLOR B3,320,11.6108,3715.4559999999997
C280,2023-11-17T00:00:00Z,213011,Z4AL6B3,DIENTES HU TABLILLA ZAHN4ALL ANTERIOR INFERIOR L6 COLOR B3,320,11.6108,3715.4559999999997
C280,2023-11-17T00:00:00Z,213015,Z4AL8B3,DIENTES HU TABLILLA ZAHN4ALL ANTERIOR INFERIOR L8 COLOR B3,320,11.6108,3715.4559999999997
C280,2023-11-17T00:00:00Z,213019,Z4AL10B3,DIENTES HU TABLILLA ZAHN4ALL ANTERIOR INFERIOR L10 COLOR B3,320,11.6108,3715.4559999999997
C280,2023-11-17T00:00:00Z,213023,Z4A30SB3,DIENTES HU TABLILLA ZAHN4ALL POSTERIOR SUPERIOR 30 COLOR B3,240,15.481,3715.44
C280,2023-11-17T00:00:00Z,213023,Z4A30SB3,DIENTES HU TABLILLA ZAHN4ALL POSTERIOR SUPERIOR 30 COLOR B3,120,15.4801,1857.612
C280,2023-11-17T00:00:00Z,213027,Z4A30IB3,DIENTES HU TABLILLA ZAHN4ALL POSTERIOR INFERIOR 30 COLOR B3,240,15.481,3715.44
C280,2023-11-17T00:00:00Z,213037,Z4A32IB3,DIENTES HU TABLILLA ZAHN4ALL POSTERIOR INFERIOR 32 COLOR B3,240,15.481,3715.44
C280,2023-11-17T00:00:00Z,212408,Z4A36MSA3.5,DIENTES HU TABLILLA ZAHN4ALL POSTERIOR SUPERIOR 36M COLOR A3.5,240,15.481,3715.44
C280,2023-11-17T00:00:00Z,212404,Z4A34IA3.5,DIENTES HU TABLILLA ZAHN4ALL POSTERIOR INFERIOR 34 COLOR A3.5,120,15.4801,1857.612
C280,2023-11-17T00:00:00Z,212404,Z4A34IA3.5,DIENTES HU TABLILLA ZAHN4ALL POSTERIOR INFERIOR 34 COLOR A3.5,120,15.4801,1857.612
C280,2023-11-17T00:00:00Z,212400,Z4A34SA3.5,DIENTES HU TABLILLA ZAHN4ALL POSTERIOR SUPERIOR 34 COLOR A3.5,360,15.4807,5573.052000000001
C280,2023-11-17T00:00:00Z,212392,Z4A32IA3.5,DIENTES HU TABLILLA ZAHN4ALL POSTERIOR INFERIOR 32 COLOR A3.5,240,15.481,3715.44
C280,2023-11-17T00:00:00Z,212384,Z4A32SA3.5,DIENTES HU TABLILLA ZAHN4ALL POSTERIOR SUPERIOR 32 COLOR A3.5,240,15.481,3715.44
C280,2023-11-17T00:00:00Z,212384,Z4A32SA3.5,DIENTES HU TABLILLA ZAHN4ALL POSTERIOR SUPERIOR 32 COLOR A3.5,120,15.4801,1857.612
C280,2023-11-17T00:00:00Z,212377,Z4A30IA3.5,DIENTES HU TABLILLA ZAHN4ALL POSTERIOR INFERIOR 30 COLOR A3.5,240,15.481,3715.44
C280,2023-11-17T00:00:00Z,212374,Z4A30SA3.5,DIENTES HU TABLILLA ZAHN4ALL POSTERIOR SUPERIOR 30 COLOR A3.5,360,15.4807,5573.052000000001
C280,2023-11-17T00:00:00Z,212368,Z4AL10A3.5,DIENTES HU TABLILLA ZAHN4ALL ANTERIOR INFERIOR L10 COLOR A3.5,320,11.6108,3715.4559999999997
C280,2023-11-17T00:00:00Z,212364,Z4AL8A3.5,DIENTES HU TABLILLA ZAHN4ALL ANTERIOR INFERIOR L8 COLOR A3.5,320,11.6108,3715.4559999999997
C280,2023-11-17T00:00:00Z,212359,Z4AL6A3.5,DIENTES HU TABLILLA ZAHN4ALL ANTERIOR INFERIOR L6 COLOR A3.5,320,11.6108,3715.4559999999997
C280,2023-11-17T00:00:00Z,212344,Z4AL4A3.5,DIENTES HU TABLILLA ZAHN4ALL ANTERIOR INFERIOR L4 COLOR A3.5,320,11.6108,3715.4559999999997
C280,2023-11-17T00:00:00Z,212338,Z4AL2A3.5,DIENTES HU TABLILLA ZAHN4ALL ANTERIOR INFERIOR L2 COLOR A3.5,320,11.6108,3715.4559999999997
C280,2023-11-17T00:00:00Z,212334,Z4AT10A3.5,DIENTES HU TABLILLA ZAHN4ALL ANTERIOR SUPERIOR T10 COLOR A3.5,320,11.6108,3715.4559999999997
C280,2023-11-17T00:00:00Z,212328,Z4AT8A3.5,DIENTES HU TABLILLA ZAHN4ALL ANTERIOR SUPERIOR T8 COLOR A3.5,160,11.6101,1857.616
C280,2023-11-17T00:00:00Z,212324,Z4AT6A3.5,DIENTES HU TABLILLA ZAHN4ALL ANTERIOR SUPERIOR T6 COLOR A3.5,160,11.6101,1857.616
C280,2023-11-17T00:00:00Z,212320,Z4AT4A3.5,DIENTES HU TABLILLA ZAHN4ALL ANTERIOR SUPERIOR T4 COLOR A3.5,160,11.6101,1857.616
C280,2023-11-17T00:00:00Z,212316,Z4AT2A3.5,DIENTES HU TABLILLA ZAHN4ALL ANTERIOR SUPERIOR T2 COLOR A3.5,160,11.6101,1857.616
C280,2023-11-17T00:00:00Z,212312,Z4AS8A3.5,DIENTES HU TABLILLA ZAHN4ALL ANTERIOR SUPERIOR S8 COLOR A3.5,160,11.6101,1857.616
C280,2023-11-17T00:00:00Z,212308,Z4AS6A3.5,DIENTES HU TABLILLA ZAHN4ALL ANTERIOR SUPERIOR S6 COLOR A3.5,160,11.6101,1857.616
C280,2023-11-17T00:00:00Z,212308,Z4AS6A3.5,DIENTES HU TABLILLA ZAHN4ALL ANTERIOR SUPERIOR S6 COLOR A3.5,480,11.6105,5573.04
C280,2023-11-17T00:00:00Z,212304,Z4AS4A3.5,DIENTES HU TABLILLA ZAHN4ALL ANTERIOR SUPERIOR S4 COLOR A3.5,320,11.6108,3715.4559999999997
C280,2023-11-17T00:00:00Z,212299,Z4AS2A3.5,DIENTES HU TABLILLA ZAHN4ALL ANTERIOR SUPERIOR S2 COLOR A3.5,160,11.6101,1857.616
C280,2023-11-17T00:00:00Z,212296,Z4A36MIA3,DIENTES HU TABLILLA ZAHN4ALL POSTERIOR INFERIOR 36M COLOR A3,240,15.481,3715.44
C280,2023-11-17T00:00:00Z,212292,Z4A36MSA3,DIENTES HU TABLILLA ZAHN4ALL POSTERIOR SUPERIOR 36M COLOR A3,480,15.481,7430.88
C280,2023-11-17T00:00:00Z,212288,Z4A34IA3,DIENTES HU TABLILLA ZAHN4ALL POSTERIOR INFERIOR 34 COLOR A3,480,15.481,7430.88
C280,2023-11-17T00:00:00Z,212284,Z4A34SA3,DIENTES HU TABLILLA ZAHN4ALL POSTERIOR SUPERIOR 34 COLOR A3,720,15.481,11146.32
C280,2023-11-17T00:00:00Z,212280,Z4A32IA3,DIENTES HU TABLILLA ZAHN4ALL POSTERIOR INFERIOR 32 COLOR A3,240,15.481,3715.44
C280,2023-11-17T00:00:00Z,212280,Z4A32IA3,DIENTES HU TABLILLA ZAHN4ALL POSTERIOR INFERIOR 32 COLOR A3,240,15.481,3715.44
C280,2023-11-17T00:00:00Z,212273,Z4A32SA3,DIENTES HU TABLILLA ZAHN4ALL POSTERIOR SUPERIOR 32 COLOR A3,720,15.481,11146.32
C280,2023-11-17T00:00:00Z,212268,Z4A30IA3,DIENTES HU TABLILLA ZAHN4ALL POSTERIOR INFERIOR 30 COLOR A3,480,15.481,7430.88
C280,2023-11-17T00:00:00Z,212264,Z4A30SA3,DIENTES HU TABLILLA ZAHN4ALL POSTERIOR SUPERIOR 30 COLOR A3,480,15.481,7430.88
C280,2023-11-17T00:00:00Z,212264,Z4A30SA3,DIENTES HU TABLILLA ZAHN4ALL POSTERIOR SUPERIOR 30 COLOR A3,240,15.481,3715.44
C280,2023-11-17T00:00:00Z,212260,Z4AL10A3,DIENTES HU TABLILLA ZAHN4ALL ANTERIOR INFERIOR L10 COLOR A3,640,11.6108,7430.911999999999
C280,2023-11-17T00:00:00Z,212256,Z4AL8A3,DIENTES HU TABLILLA ZAHN4ALL ANTERIOR INFERIOR L8 COLOR A3,320,11.6108,3715.4559999999997
C280,2023-11-17T00:00:00Z,212256,Z4AL8A3,DIENTES HU TABLILLA ZAHN4ALL ANTERIOR INFERIOR L8 COLOR A3,300,12.3848,3715.44
C280,2023-11-17T00:00:00Z,212252,Z4AL6A3,DIENTES HU TABLILLA ZAHN4ALL ANTERIOR INFERIOR L6 COLOR A3,600,12.386,7431.599999999999
C280,2023-11-17T00:00:00Z,212248,Z4AL4A3,DIENTES HU TABLILLA ZAHN4ALL ANTERIOR INFERIOR L4 COLOR A3,300,12.3848,3715.44
C280,2023-11-17T00:00:00Z,212248,Z4AL4A3,DIENTES HU TABLILLA ZAHN4ALL ANTERIOR INFERIOR L4 COLOR A3,320,11.6108,3715.4559999999997
C280,2023-11-17T00:00:00Z,212238,Z4AL2A3,DIENTES HU TABLILLA ZAHN4ALL ANTERIOR INFERIOR L2 COLOR A3,640,11.6108,7430.911999999999
C280,2023-11-17T00:00:00Z,212234,Z4AT10A3,DIENTES HU TABLILLA ZAHN4ALL ANTERIOR SUPERIOR T10 COLOR A3,320,11.6108,3715.4559999999997
C280,2023-11-17T00:00:00Z,212234,Z4AT10A3,DIENTES HU TABLILLA ZAHN4ALL ANTERIOR SUPERIOR T10 COLOR A3,320,11.6108,3715.4559999999997
C280,2023-11-17T00:00:00Z,212230,Z4AT8A3,DIENTES HU TABLILLA ZAHN4ALL ANTERIOR SUPERIOR T8 COLOR A3,320,11.6108,3715.4559999999997
C280,2023-11-17T00:00:00Z,212225,Z4AT6A3,DIENTES HU TABLILLA ZAHN4ALL ANTERIOR SUPERIOR T6 COLOR A3,320,11.6108,3715.4559999999997
C280,2023-11-17T00:00:00Z,212220,Z4AT4A3,DIENTES HU TABLILLA ZAHN4ALL ANTERIOR SUPERIOR T4 COLOR A3,320,11.6108,3715.4559999999997
C280,2023-11-17T00:00:00Z,212212,Z4AT2A3,DIENTES HU TABLILLA ZAHN4ALL ANTERIOR SUPERIOR T2 COLOR A3,320,11.6108,3715.4559999999997
C280,2023-11-17T00:00:00Z,212206,Z4AS8A3,DIENTES HU TABLILLA ZAHN4ALL ANTERIOR SUPERIOR S8 COLOR A3,320,11.6108,3715.4559999999997
C280,2023-11-17T00:00:00Z,212202,Z4AS6A3,DIENTES HU TABLILLA ZAHN4ALL ANTERIOR SUPERIOR S6 COLOR A3,640,11.6108,7430.911999999999
C280,2023-11-17T00:00:00Z,212202,Z4AS6A3,DIENTES HU TABLILLA ZAHN4ALL ANTERIOR SUPERIOR S6 COLOR A3,640,11.6108,7430.911999999999
C280,2023-11-17T00:00:00Z,212195,Z4AS4A3,DIENTES HU TABLILLA ZAHN4ALL ANTERIOR SUPERIOR S4 COLOR A3,640,11.6108,7430.911999999999
C280,2023-11-17T00:00:00Z,212187,Z4A36MIA2,DIENTES HU TABLILLA ZAHN4ALL POSTERIOR INFERIOR 36M COLOR A2,240,15.481,3715.44
C280,2023-11-17T00:00:00Z,212183,Z4A36MSA2,DIENTES HU TABLILLA ZAHN4ALL POSTERIOR SUPERIOR 36M COLOR A2,480,15.481,7430.88
C280,2023-11-17T00:00:00Z,212179,Z4A34IA2,DIENTES HU TABLILLA ZAHN4ALL POSTERIOR INFERIOR 34 COLOR A2,480,15.481,7430.88
C280,2023-11-17T00:00:00Z,212174,Z4A34SA2,DIENTES HU TABLILLA ZAHN4ALL POSTERIOR SUPERIOR 34 COLOR A2,480,15.481,7430.88
C280,2023-11-17T00:00:00Z,212174,Z4A34SA2,DIENTES HU TABLILLA ZAHN4ALL POSTERIOR SUPERIOR 34 COLOR A2,240,15.481,3715.44
C280,2023-11-17T00:00:00Z,212169,Z4A32IA2,DIENTES HU TABLILLA ZAHN4ALL POSTERIOR INFERIOR 32 COLOR A2,480,15.481,7430.88
C280,2023-11-17T00:00:00Z,212165,Z4A32SA2,DIENTES HU TABLILLA ZAHN4ALL POSTERIOR SUPERIOR 32 COLOR A2,240,15.481,3715.44
C280,2023-11-17T00:00:00Z,212165,Z4A32SA2,DIENTES HU TABLILLA ZAHN4ALL POSTERIOR SUPERIOR 32 COLOR A2,480,15.481,7430.88
C280,2023-11-17T00:00:00Z,212161,Z4A30IA2,DIENTES HU TABLILLA ZAHN4ALL POSTERIOR INFERIOR 30 COLOR A2,480,15.481,7430.88
C280,2023-11-17T00:00:00Z,212157,Z4A30SA2,DIENTES HU TABLILLA ZAHN4ALL POSTERIOR SUPERIOR 30 COLOR A2,720,15.481,11146.32
C280,2023-11-17T00:00:00Z,212153,Z4AL10A2,DIENTES HU TABLILLA ZAHN4ALL ANTERIOR INFERIOR L10 COLOR A2,320,11.6108,3715.4559999999997
C280,2023-11-17T00:00:00Z,212153,Z4AL10A2,DIENTES HU TABLILLA ZAHN4ALL ANTERIOR INFERIOR L10 COLOR A2,320,11.6108,3715.4559999999997
C280,2023-11-17T00:00:00Z,212149,Z4AL8A2,DIENTES HU TABLILLA ZAHN4ALL ANTERIOR INFERIOR L8 COLOR A2,640,11.6108,7430.911999999999
C280,2023-11-17T00:00:00Z,212144,Z4AL6A2,DIENTES HU TABLILLA ZAHN4ALL ANTERIOR INFERIOR L6 COLOR A2,320,11.6108,3715.4559999999997
C280,2023-11-17T00:00:00Z,212144,Z4AL6A2,DIENTES HU TABLILLA ZAHN4ALL ANTERIOR INFERIOR L6 COLOR A2,320,11.6108,3715.4559999999997
C280,2023-11-17T00:00:00Z,212140,Z4AL4A2,DIENTES HU TABLILLA ZAHN4ALL ANTERIOR INFERIOR L4 COLOR A2,640,11.6108,7430.911999999999
C280,2023-11-17T00:00:00Z,212136,Z4AL2A2,DIENTES HU TABLILLA ZAHN4ALL ANTERIOR INFERIOR L2 COLOR A2,320,11.6108,3715.4559999999997
C280,2023-11-17T00:00:00Z,212128,Z4AT8A2,DIENTES HU TABLILLA ZAHN4ALL ANTERIOR SUPERIOR T8 COLOR A2,320,11.6108,3715.4559999999997
C280,2023-11-17T00:00:00Z,212191,Z4AS2A3,DIENTES HU TABLILLA ZAHN4ALL ANTERIOR SUPERIOR S2 COLOR A3,320,11.6108,3715.4559999999997
C280,2023-11-17T00:00:00Z,213055,Z4A36MIB3,DIENTES HU TABLILLA ZAHN4ALL POSTERIOR INFERIOR 36M COLOR B3,120,15.4801,1857.612
C280,2023-11-17T00:00:00Z,213051,Z4A36MSB3,DIENTES HU TABLILLA ZAHN4ALL POSTERIOR SUPERIOR 36M COLOR B3,240,15.481,3715.44
C280,2023-11-17T00:00:00Z,213047,Z4A34IB3,DIENTES HU TABLILLA ZAHN4ALL POSTERIOR INFERIOR 34 COLOR B3,240,15.481,3715.44
C280,2023-11-17T00:00:00Z,213042,Z4A34SB3,DIENTES HU TABLILLA ZAHN4ALL POSTERIOR SUPERIOR 34 COLOR B3,360,15.4807,5573.052000000001
C280,2023-11-17T00:00:00Z,212132,Z4AT10A2,DIENTES HU TABLILLA ZAHN4ALL ANTERIOR SUPERIOR T10 COLOR A2,640,11.6108,7430.911999999999
C280,2023-11-17T00:00:00Z,212124,Z4AT6A2,DIENTES HU TABLILLA ZAHN4ALL ANTERIOR SUPERIOR T6 COLOR A2,320,11.6108,3715.4559999999997
C280,2023-11-17T00:00:00Z,212120,Z4AT4A2,DIENTES HU TABLILLA ZAHN4ALL ANTERIOR SUPERIOR T4 COLOR A2,320,11.6108,3715.4559999999997
C280,2023-11-17T00:00:00Z,212115,Z4AT2A2,DIENTES HU TABLILLA ZAHN4ALL ANTERIOR SUPERIOR T2 COLOR A2,320,11.6108,3715.4559999999997
C280,2023-11-17T00:00:00Z,212111,Z4AS8A2,DIENTES HU TABLILLA ZAHN4ALL ANTERIOR SUPERIOR S8 COLOR A2,320,11.6108,3715.4559999999997
C280,2023-11-17T00:00:00Z,212087,Z4AS6A2,DIENTES HU TABLILLA ZAHN4ALL ANTERIOR SUPERIOR S6 COLOR A2,1280,11.6106,14861.568
C280,2023-11-17T00:00:00Z,212083,Z4AS4A2,DIENTES HU TABLILLA ZAHN4ALL ANTERIOR SUPERIOR S4 COLOR A2,640,11.6108,7430.911999999999
C280,2023-11-17T00:00:00Z,212079,Z4AS2A2,DIENTES HU TABLILLA ZAHN4ALL ANTERIOR SUPERIOR S2 COLOR A2,320,11.6108,3715.4559999999997
C280,2023-11-17T00:00:00Z,212075,Z4A36MIA1,DIENTES HU TABLILLA ZAHN4ALL POSTERIOR INFERIOR 36M COLOR A1,120,15.4801,1857.612
C280,2023-11-17T00:00:00Z,212070,Z4A36MSA1,DIENTES HU TABLILLA ZAHN4ALL POSTERIOR SUPERIOR 36M COLOR A1,120,15.4801,1857.612
C280,2023-11-17T00:00:00Z,212070,Z4A36MSA1,DIENTES HU TABLILLA ZAHN4ALL POSTERIOR SUPERIOR 36M COLOR A1,120,15.4801,1857.612
C280,2023-11-17T00:00:00Z,212064,Z4A34IA1,DIENTES HU TABLILLA ZAHN4ALL POSTERIOR INFERIOR 34 COLOR A1,240,15.481,3715.44
C280,2023-11-17T00:00:00Z,212059,Z4A34SA1,DIENTES HU TABLILLA ZAHN4ALL POSTERIOR SUPERIOR 34 COLOR A1,360,15.4807,5573.052000000001
C280,2023-11-17T00:00:00Z,212055,Z4A32IA1,DIENTES HU TABLILLA ZAHN4ALL POSTERIOR INFERIOR 32 COLOR A1,240,15.481,3715.44
C280,2023-11-17T00:00:00Z,212049,Z4A32SA1,DIENTES HU TABLILLA ZAHN4ALL POSTERIOR SUPERIOR 32 COLOR A1,360,15.4807,5573.052000000001
C280,2023-11-17T00:00:00Z,212045,Z4A30IA1,DIENTES HU TABLILLA ZAHN4ALL POSTERIOR INFERIOR 30 COLOR A1,240,15.481,3715.44
C280,2023-11-17T00:00:00Z,212041,Z4A30SA1,DIENTES HU TABLILLA ZAHN4ALL POSTERIOR SUPERIOR 30 COLOR A1,360,15.4807,5573.052000000001
C280,2023-11-17T00:00:00Z,212037,Z4AL10A1,DIENTES HU TABLILLA ZAHN4ALL ANTERIOR INFERIOR L10 COLOR A1,320,11.6108,3715.4559999999997
C280,2023-11-17T00:00:00Z,212032,Z4AL8A1,DIENTES HU TABLILLA ZAHN4ALL ANTERIOR INFERIOR L8 COLOR A1,320,11.6108,3715.4559999999997
C280,2023-11-17T00:00:00Z,212028,Z4AL6A1,DIENTES HU TABLILLA ZAHN4ALL ANTERIOR INFERIOR L6 COLOR A1,320,11.6108,3715.4559999999997
C280,2023-11-17T00:00:00Z,212024,Z4AL4A1,DIENTES HU TABLILLA ZAHN4ALL ANTERIOR INFERIOR L4 COLOR A1,320,11.6108,3715.4559999999997
C280,2023-11-17T00:00:00Z,212017,Z4AL2A1,DIENTES HU TABLILLA ZAHN4ALL ANTERIOR INFERIOR L2 COLOR A1,320,11.6108,3715.4559999999997
C280,2023-11-17T00:00:00Z,212013,Z4AT10A1,DIENTES HU TABLILLA ZAHN4ALL ANTERIOR SUPERIOR T10 COLOR A1,320,11.6108,3715.4559999999997
C280,2023-11-17T00:00:00Z,212009,Z4AT8A1,DIENTES HU TABLILLA ZAHN4ALL ANTERIOR SUPERIOR T8 COLOR A1,160,11.6101,1857.616
C280,2023-11-17T00:00:00Z,212005,Z4AT6A1,DIENTES HU TABLILLA ZAHN4ALL ANTERIOR SUPERIOR T6 COLOR A1,160,11.6101,1857.616
C280,2023-11-17T00:00:00Z,212001,Z4AT4A1,DIENTES HU TABLILLA ZAHN4ALL ANTERIOR SUPERIOR T4 COLOR A1,160,11.6101,1857.616
C280,2023-11-17T00:00:00Z,211997,Z4AT2A1,DIENTES HU TABLILLA ZAHN4ALL ANTERIOR SUPERIOR T2 COLOR A1,160,11.6101,1857.616
C280,2023-11-17T00:00:00Z,211993,Z4AS8A1,DIENTES HU TABLILLA ZAHN4ALL ANTERIOR SUPERIOR S8 COLOR A1,160,11.6101,1857.616
C280,2023-11-17T00:00:00Z,211989,Z4AS6A1,DIENTES HU TABLILLA ZAHN4ALL ANTERIOR SUPERIOR S6 COLOR A1,640,11.6108,7430.911999999999
C280,2023-11-17T00:00:00Z,211984,Z4AS4A1,DIENTES HU TABLILLA ZAHN4ALL ANTERIOR SUPERIOR S4 COLOR A1,320,11.6108,3715.4559999999997
C280,2023-11-17T00:00:00Z,211967,Z4AS2A1,DIENTES HU TABLILLA ZAHN4ALL ANTERIOR SUPERIOR S2 COLOR A1,160,11.6101,1857.616
C280,2023-11-17T00:00:00Z,212136,Z4AL2A2,DIENTES HU TABLILLA ZAHN4ALL ANTERIOR INFERIOR L2 COLOR A2,320,11.6108,3715.4559999999997
C280,2023-11-17T00:00:00Z,212412,Z4A36MIA3.5,DIENTES HU TABLILLA ZAHN4ALL POSTERIOR INFERIOR 36M COLOR A3.5,120,15.4801,1857.612
C280,2023-11-17T00:00:00Z,212418,Z4AS2B2,DIENTES HU TABLILLA ZAHN4ALL ANTERIOR SUPERIOR S2 COLOR B2,160,11.6101,1857.616
C280,2023-11-17T00:00:00Z,212514,Z4AS4B2,DIENTES HU TABLILLA ZAHN4ALL ANTERIOR SUPERIOR S4 COLOR B2,320,11.6108,3715.4559999999997
C280,2023-11-17T00:00:00Z,212519,Z4AS6B2,DIENTES HU TABLILLA ZAHN4ALL ANTERIOR SUPERIOR S6 COLOR B2,160,11.6101,1857.616
C280,2023-11-17T00:00:00Z,212519,Z4AS6B2,DIENTES HU TABLILLA ZAHN4ALL ANTERIOR SUPERIOR S6 COLOR B2,480,11.6105,5573.04
C280,2023-11-17T00:00:00Z,212525,Z4AS8B2,DIENTES HU TABLILLA ZAHN4ALL ANTERIOR SUPERIOR S8 COLOR B2,160,11.6101,1857.616
C280,2023-11-17T00:00:00Z,212531,Z4AT2B2,DIENTES HU TABLILLA ZAHN4ALL ANTERIOR SUPERIOR T2 COLOR B2,160,11.6101,1857.616
C280,2023-11-17T00:00:00Z,212535,Z4AT4B2,DIENTES HU TABLILLA ZAHN4ALL ANTERIOR SUPERIOR T4 COLOR B2,160,11.6101,1857.616
C280,2023-11-17T00:00:00Z,212539,Z4AT6B2,DIENTES HU TABLILLA ZAHN4ALL ANTERIOR SUPERIOR T6 COLOR B2,160,11.6101,1857.616
C280,2023-11-17T00:00:00Z,212543,Z4AT8B2,DIENTES HU TABLILLA ZAHN4ALL ANTERIOR SUPERIOR T8 COLOR B2,160,11.6101,1857.616
C280,2023-11-17T00:00:00Z,212547,Z4AT10B2,DIENTES HU TABLILLA ZAHN4ALL ANTERIOR SUPERIOR T10 COLOR B2,320,11.6108,3715.4559999999997
C281,2023-11-22T00:00:00Z,5813,CPIBHTBL3W3,CAMEO PRESS INGOT BOX HT BL3/W3,100,431.3107,43131.07
C281,2023-11-22T00:00:00Z,218187,CMBBC14HTBL4,CAMEO MILL BLOCS BOX C14 HT BL4,145,754.7937,109445.08649999999
C281,2023-11-22T00:00:00Z,218191,CPIBHTBL2,CAMEO PRESS INGOT BOX HT BL2,150,431.3107,64696.604999999996
C281,2023-11-22T00:00:00Z,5774,APG181315MLA3,CAMEO MILL BLOCS BOX C14 LT A3,100,754.7937,75479.37
C281,2023-11-22T00:00:00Z,5801,APG12.510PA1,CAMEO PRESS INGOT BOX HT A1,650,431.3107,280351.955
C281,2023-11-22T00:00:00Z,102229,DBSOLIDWAX98X14,DISCO BLUE SOLID WAX 98 X 14MM,250,107.8276,26956.9
C281,2023-11-22T00:00:00Z,91771,CPIBHTB2,CAMEO PRESS INGOT BOX HT B2,120,431.3107,51757.284
C281,2023-11-22T00:00:00Z,218175,CMBBC14LTC2,CAMEO MILL BLOCS BOX C14 LT C2,30,754.7937,22643.81
C281,2023-11-22T00:00:00Z,218169,CMBBC14LTD2,CAMEO MILL BLOCS BOX C14 LT D2,20,754.7935,15095.87
C281,2023-11-22T00:00:00Z,86613,CPIBLTBL1,CAMEO PRESS INGOT BOX LT BL1,20,431.3105,8626.21
C281,2023-11-22T00:00:00Z,5819,CPIBLTA2,CAMEO PRESS INGOT BOX LT A2,650,431.3107,280351.955
C281,2023-11-22T00:00:00Z,5822,CPIBLTA3,CAMEO PRESS INGOT BOX LT A3,350,431.3107,150958.745
C281,2023-11-22T00:00:00Z,5771,APG181315MLA2,CAMEO MILL BLOCS BOX C14 LT A2,200,754.7937,150958.74
C281,2023-11-22T00:00:00Z,5810,APG12.510PB1,CAMEO PRESS INGOT BOX HT B1,400,431.3107,172524.28
C281,2023-11-22T00:00:00Z,5765,CMBBC14HTBL3W3,CAMEO MILL BLOCS BOX C14 HT BL3/W3,230,754.7937,173602.55099999998
C281,2023-11-22T00:00:00Z,5804,CPIBHTA2,CAMEO PRESS INGOT BOX HT A2,500,431.3107,215655.35
C281,2023-11-22T00:00:00Z,5777,APG181315MLB1,CAMEO MILL BLOCS BOX C14 LT B1,50,754.7938,37739.69
C281,2023-11-22T00:00:00Z,5816,CPIBLTA1,CAMEO PRESS INGOT BOX LT A1,250,431.3107,107827.675
C281,2023-11-22T00:00:00Z,218196,CPIBHTBL4,CAMEO PRESS INGOT BOX HT BL4,250,431.3107,107827.675
C281,2023-11-22T00:00:00Z,5768,APG181315MLA1,CAMEO MILL BLOCS BOX C14 LT A1,150,754.7937,113219.055
C281,2023-11-22T00:00:00Z,83147,CPIBLTB1,CAMEO PRESS INGOT BOX LT B1,300,431.3107,129393.20999999999
C281,2023-11-22T00:00:00Z,5807,APG12.510PA3,CAMEO PRESS INGOT BOX HT A3,550,431.3107,237220.885
C281,2023-11-22T00:00:00Z,5819,CPIBLTA2,CAMEO PRESS INGOT BOX LT A2,10,431.311,4313.11
C281,2023-11-22T00:00:00Z,5801,APG12.510PA1,CAMEO PRESS INGOT BOX HT A1,10,431.311,4313.11
C281,2023-11-22T00:00:00Z,84073,CPIBLTC1,CAMEO PRESS INGOT BOX LT C1,100,431.3107,43131.07
C281,2023-11-22T00:00:00Z,5825,CPIBLTB2,CAMEO PRESS INGOT BOX LT B2,100,431.3107,43131.07
C281,2023-11-22T00:00:00Z,218183,CMBBC14HTBL2,CAMEO MILL BLOCS BOX C14 HT BL2,50,754.7938,37739.69
C281,2023-11-22T00:00:00Z,5780,CMBBC14LTB2,CAMEO MILL BLOCS BOX C14 LT B2,50,754.7938,37739.69
C281,2023-11-22T00:00:00Z,218179,CMBBC14LTC1,CAMEO MILL BLOCS BOX C14 LT C1,50,754.7938,37739.69
C282,2023-11-29T00:00:00Z,195321,751010,FRESA ROTO RFID 2.5 DC BLM 2.5MM,30,750.7483,22522.45
C282,2023-11-29T00:00:00Z,4238,760662,FRESA ROTO RFID 0.6 ZI DM,500,769.7438,384871.89999999997
C282,2023-11-29T00:00:00Z,4253,760679,FRESA ROTO RFID 0.4 DM,20,418.114,8362.28
C282,2023-11-29T00:00:00Z,4232,760660,FRESA ROTO RFID 2.5 ZI DM,450,769.7438,346384.70999999996
C282,2023-11-29T00:00:00Z,195325,751011,FRESA ROTO RFID 1.0 DC BLM 1.0MM,30,750.7483,22522.45
C283,2023-11-30T00:00:00Z,95540,PN/03000,RESINA DENTAMODEL 1KG BOTTLE ,30,2346.9787,70409.361
C283,2023-11-30T00:00:00Z,85161,PN/02391,IMPRESORA 3D MAX UV 110-220V,3,159672.77,479018.30999999994
C283,2023-11-30T00:00:00Z,85165,PN/05005,MAX/PICO BUIL TRAY STORAGE CASE,2,2011.7,4023.4
C283,2023-11-30T00:00:00Z,89497,PN/02501,5L MAX BUILD TRAY,15,2883.4313,43251.47
C283,2023-11-30T00:00:00Z,95537,PN/05167,RESINA DENTAFORM 1KG BOTTLE,15,1676.4133,25146.2
C284,2023-12-01T00:00:00Z,159738,3DASDS,SH 3D ESCANER AUTOSCAN DS EX PRO,30,65035.6067,1951068.201
C285,2023-12-04T00:00:00Z,117495,53010020062001,RESINA VAT 7.1 MINI 8K,40,1726.8625,69074.5
C285,2023-12-04T00:00:00Z,100936,LCDSONMINI4K,TFT LCD SONIC MINI 4K,25,1622.204,40555.1
C285,2023-12-04T00:00:00Z,117514,LCDFRAMTAPMIGHTY8K,LCD FRAME TAPE SONIC MIGHTY 8K,10,183.152,1831.52
C286,2023-12-04T00:00:00Z,4019,751003,FRESA ROTO RFID 1.5 T SHAPE,10,1276.408,12764.08
C286,2023-12-04T00:00:00Z,92435,760681,FRESA ROTO RFID 1.0  SC DM,10,787.029,7870.29
C286,2023-12-04T00:00:00Z,4241,760663,FRESA ROTO RFID 0.3 ZI,80,796.8611,63748.888
C286,2023-12-04T00:00:00Z,85838,760667,FRESA ROTO RFID 0.3 SINTRON DM 0.3,15,796.8607,11952.91
C286,2023-12-04T00:00:00Z,195329,751012,FRESA ROTO RFID 0.6 DC BLM 0.6MM,15,777.1973,11657.96
C286,2023-12-04T00:00:00Z,4235,760661,FRESA ROTO RFID 1.0 ZI DM,600,796.8612,478116.72000000003
C286,2023-12-04T00:00:00Z,121370,181362,BLANK HOLDER BLOCS 3X UN MOTION 3,2,18758.195,37516.39
C287,2023-12-05T00:00:00Z,143651,MONITORPC,MONITOR PARA PC,2,2885.845,5771.69
C287,2023-12-05T00:00:00Z,143610,MOUSEPC,MOUSE PARA PC,2,458.58,917.16
C287,2023-12-05T00:00:00Z,114072,LAPTOPG,LAPTOP G,10,18070.106,180701.06
C287,2023-12-05T00:00:00Z,121218,CPUSYSTEMG,CPU GABINETE SYSTEM G,2,14970.145,29940.29
C287,2023-12-05T00:00:00Z,143617,TECLADOPC,TECLADO PARA PC,2,805.33,1610.66
C289,2023-12-07T00:00:00Z,118619,29343000,SILENT COMPACTCAM,2,24722.42,49444.84
C288,2023-12-12T00:00:00Z,229532,505.637.52,ALEX STORAGE UNIT 36X70 WHITE,2,1724.14,3448.28
C288,2023-12-12T00:00:00Z,229536,805.694.08,LAGKAPTEN TBL TP  140X60 GREY TURQUOISE,2,1033.62,2067.24
C288,2023-12-12T00:00:00Z,229509,304.837.99,ALEX DRAWER UNIT 36X70 GREY TURQUOISE,2,2155.17,4310.34
C290,2024-01-08T00:00:00Z,99643,217589,GUIA INCISAL CON AGUJA DE INCISION,8,851.6513,6813.21
C290,2024-01-08T00:00:00Z,99643,217589,GUIA INCISAL CON AGUJA DE INCISION,2,851.65,1703.3
C290,2024-01-08T00:00:00Z,232248,216140,IMANES 6PCS,8,1859.44,14875.52
C290,2024-01-08T00:00:00Z,232248,216140,IMANES 6PCS,2,1859.44,3718.88
C290,2024-01-08T00:00:00Z,232258,180118,CONTROL COMPLETO 10X,1,78951.24,78951.24
C290,2024-01-08T00:00:00Z,232537,180254,USB HUB MATIK,1,2413.01,2413.01
C290,2024-01-08T00:00:00Z,232544,180112,DISPLAY HMI 10.1 INCL WLAN MODUL,1,23925.1,23925.1
C290,2024-01-08T00:00:00Z,232867,180285,MICRO SDHC CARD 32GB,1,820.1,820.1
C290,2024-01-08T00:00:00Z,232881,180031,CONTADOR FRESADORAS,1,11907.35,11907.35
C290,2024-01-08T00:00:00Z,100275,179231,BOTON SOLO MOTION,1,1387.88,1387.88
C290,2024-01-08T00:00:00Z,3812,217340,PLATO ANATOMICO VERSION C,10,553.573,5535.73
C290,2024-01-08T00:00:00Z,99643,217589,GUIA INCISAL CON AGUJA DE INCISION,10,766.487,7664.87
C290,2024-01-08T00:00:00Z,232248,216140,IMANES 6PCS,4,1859.4375,7437.75
C290,2024-01-08T00:00:00Z,232902,766827,DISCO ZOLID GEN X A2 98 X 14 ZRO2,200,1477.5478,295509.56
C290,2024-01-08T00:00:00Z,99505,766831,DISCO ZOLID GEN X A2 98 X 22,30,2097.361,62920.829999999994
C290,2024-01-08T00:00:00Z,85820,766837,DISCO ZOLID GEN X A3 98 X 16,60,1708.2597,102495.58200000001
C290,2024-01-08T00:00:00Z,232915,766863,DISCO ZOLID GEN X B1 98 X 14 ZRO2,300,1477.5478,443264.34
C290,2024-01-08T00:00:00Z,232922,766865,DISCO ZOLID GEN X B1 98 X 18 ZRO2,80,1788.2429,143059.432
C290,2024-01-08T00:00:00Z,234145,179560N,CERAMILL 600 +,1,208055.3,208055.3
C290,2024-01-08T00:00:00Z,195299,768264,DISCO ZOLID BION A1 98 X 20 F ZRO2,24,3917.5971,94022.3304
C290,2024-01-08T00:00:00Z,121370,181362,BLANK HOLDER BLOCS 3X UN MOTION 3,7,18912.9714,132390.79979999998
C290,2024-01-08T00:00:00Z,232954,179247,WORKPIECE HOLDER C CLAMP MOTION 2,15,18912.972,283694.58
C290,2024-01-08T00:00:00Z,232964,179252,PORTAPIEZAS 71 MOTION 2,4,20338.7,81354.8
C290,2024-01-08T00:00:00Z,83954,NPAGM2PE01000,RESINAS NEXTDENT MODEL 2.0 PEACH,60,2114.9347,126896.082
C290,2024-01-08T00:00:00Z,83956,NPAGM2WH01000,RESINAS NEXTDENT MODEL 2.0 WHITE,10,2114.935,21149.35
C290,2024-01-08T00:00:00Z,83958,NPAGM2GR01000,RESINAS NEXTDENT MODEL 2.0 GREY,20,2114.9345,42298.69
C290,2024-01-08T00:00:00Z,85786,180205,ELEMENTO CALEFACTOR T3 AT2 4PCS,5,17048.802,85244.01
C290,2024-01-08T00:00:00Z,3992,576790,ADAPTADOR GIROFORM PARA VERTEX,4,312.27,1249.08
C290,2024-01-08T00:00:00Z,3788,216150,DISCOS DE RETENCION 100PCS,20,908.4285,18168.57
C290,2024-01-08T00:00:00Z,3797,216235,CONTRA PLACA SPLITEX CLASSIC PLACAS DE R,10,2895.615,28956.15
C290,2024-01-08T00:00:00Z,3962,576451,GIROFORM PINS 10000PCS,5,4286.646,21433.23
C290,2024-01-08T00:00:00Z,234028,116914,AG SELLO DE SILICONA CUELLO RELLENO X3,10,369.049,3690.49
C290,2024-01-08T00:00:00Z,234032,180386,COVER TOOL HOLDER MIKRO 5X,3,473.14,1419.42
C290,2024-01-08T00:00:00Z,234038,179144,CONEXION DE CAMARA USB MAP 400 300,1,804.34,804.34
C290,2024-01-08T00:00:00Z,234044,180231,VALVULA SOLENOIDE 24V ARGOTHERM 2,3,799.8333,2399.5
C290,2024-01-08T00:00:00Z,234050,179263,PORTAHERRAMIENTAS MOTION 2,4,2192.2125,8768.85
C290,2024-01-08T00:00:00Z,85803,179309,MESA REDONDA ENCODER B14,3,40059.1633,120177.4899
C290,2024-01-08T00:00:00Z,234056,116822,ENCHUFE PARA EL CONTROL DE PRESION,10,662.395,6623.95
C290,2024-01-08T00:00:00Z,234060,116924,TRANSFORMADOR STEAMER X3,1,1450.96,1450.96
C290,2024-01-08T00:00:00Z,132172,116925,VALVULA SOLENOIDE STEAMER X3,15,2507.6407,37614.61
C290,2024-01-08T00:00:00Z,85823,116874,VALVULA DE SEGURIDAD STEAMER X3,10,1040.908,10409.08
C290,2024-01-08T00:00:00Z,85789,179306,PRESOSTATO,3,2050.27,6150.81
C290,2024-01-08T00:00:00Z,185709,180134,RFID SET CAMBIADOR DE HERRAMIENTAS 14-28,2,2428.785,4857.57
C290,2024-01-08T00:00:00Z,232258,180118,CONTROL COMPLETO 10X,1,78951.24,78951.24
C290,2024-01-08T00:00:00Z,100275,179231,BOTON SOLO MOTION,2,1387.875,2775.75
C290,2024-01-08T00:00:00Z,85746,179315,CUBIERTAS DEL EJE X,2,1025.135,2050.27
C290,2024-01-08T00:00:00Z,116227,179993,SPINDLE 235L X AXIS,1,11071.47,11071.47
C290,2024-01-08T00:00:00Z,234070,180172,KUS Y O Z AXIS MIKRO 4X O 5X,1,10409.08,10409.08
C290,2024-01-08T00:00:00Z,234076,180357,WATER TANK GLASS CERAMIC MOTION DRS,2,10251.365,20502.73
C290,2024-01-08T00:00:00Z,234128,180046,COMPRESOR 4X FRESADORA HUMEDO,1,11844.26,11844.26
C290,2024-01-08T00:00:00Z,3518,115630,VASO CON MEZCLADOR AGITADOR 250ML,10,3091.179,30911.79
C290,2024-01-08T00:00:00Z,234133,115641,VASO 500 ML,10,1813.703,18137.03
C290,2024-01-08T00:00:00Z,141942,116280,MANIPULO CON CABLE,2,1813.705,3627.41
C290,2024-01-08T00:00:00Z,3752,181605,FILTER CARBON ND 5100,2,962.05,1924.1
C290,2024-01-08T00:00:00Z,103358,178745,CERAMILL ARGOVENT 2,2,36305.585,72611.17
C290,2024-01-08T00:00:00Z,115326,180177,BOMBA DE REFRIGERANTE MIKRO IC/M2I/M2DNA,3,7444.0633,22332.189899999998
C290,2024-01-08T00:00:00Z,141923,116172,MOSTRAR PCB SMARTBOX X2,1,3059.64,3059.64
C290,2024-01-08T00:00:00Z,141929,116173,PLACA DE CIRCUITO SMARTBOX X2,1,8011.83,8011.83
C290,2024-01-08T00:00:00Z,141942,116280,MANIPULO CON CABLE,1,1640.22,1640.22
C290,2024-01-08T00:00:00Z,132192,178395,MESA AISLANTE THERM S,1,9447.02,9447.02
C290,2024-01-08T00:00:00Z,3572,178311,BOLAS DE SINTERIZACION 200G 1MM,10,1277.478,12774.78
C290,2024-01-08T00:00:00Z,85538,179232,JAEGER SPINDLE 100K SHF,1,52928.56,52928.56
C290,2024-01-08T00:00:00Z,3698,179301,SYCOTEC SPINDEL,1,48102.54,48102.54
C290,2024-01-08T00:00:00Z,232937,766866,DISCO ZOLID GEN X B1 98 X 20 ZRO2,150,1945.9561,291893.41500000004
C290,2024-01-08T00:00:00Z,180325,181603,STORAGE GARAJE KIT ND 5100,9,173.4844,1561.36
C290,2024-01-08T00:00:00Z,180325,181603,STORAGE GARAJE KIT ND 5100,5,198.268,991.34
C290,2024-01-08T00:00:00Z,112914,181361,BLANK HOLDER C-CLAMP MOTION 3,9,18912.9711,170216.7399
C290,2024-01-08T00:00:00Z,195224,766502,BLOQUE ZOLID DRS BL3 B40,9,2966.5867,26699.28
C290,2024-01-08T00:00:00Z,195250,766512,BLOQUE ZOLID DRS A2 B40,3,2966.5867,8899.76
C290,2024-01-08T00:00:00Z,195260,766517,BLOQUE ZOLID DRS A3 B40,3,2966.5867,8899.76
C290,2024-01-08T00:00:00Z,3662,179179,CABLE,2,276.225,552.45
C290,2024-01-08T00:00:00Z,85895,181218,PORTAPIEZAS METAL PRODUCCION,6,19702.89,118217.34
C290,2024-01-08T00:00:00Z,231148,181209,PORTAPIEZAS C-CLAMP PARA MATIK,5,6231.25,31156.25
C290,2024-01-08T00:00:00Z,3812,217340,PLATO ANATOMICO VERSION C,8,553.5738,4428.59
C290,2024-01-08T00:00:00Z,3812,217340,PLATO ANATOMICO VERSION C,2,553.57,1107.14
C290,2024-01-08T00:00:00Z,195279,766868,DISCO ZOLID GEN X B1 98 X 25 ZRO2,30,2255.9753,67679.259
C290,2024-01-08T00:00:00Z,186862,181350,FRESADORA CERAMILL MOTION 3,9,435664.8078,3920983.2702
C290,2024-01-08T00:00:00Z,3593,178641,CERAMILL COOLSTREAM WATER TANK,9,33837.3767,304536.3903
C290,2024-01-08T00:00:00Z,3596,178642,CERAMILL COOLSTREAM CART,9,33837.3767,304536.3903
C290,2024-01-08T00:00:00Z,92543,179164,CERAMILL MATCH 2 CAM DONGLE,9,41005.4433,369048.9897
C290,2024-01-08T00:00:00Z,85814,178660,CERAMILL CLEANSTREAM,2,197361.675,394723.35
C290,2024-01-08T00:00:00Z,85811,181200,CERAMILL MATIK,2,1063322.28,2126644.56
C290,2024-01-08T00:00:00Z,3584,BAJA178600,BAJA CERAMILL AIRSTREAM,2,31529.805,63059.61
C290,2024-01-08T00:00:00Z,3986,576770,SEMIPLACA DE BASE GIROFORM 100PCS,5,766.486,3832.43
C290,2024-01-08T00:00:00Z,180080,181400,FRESADORA CERAMILL MOTION DRS,7,446103.1714,3122722.1998
C290,2024-01-08T00:00:00Z,189551,181500,CERAMILL MIND DRS,7,1577.1329,11039.93
C290,2024-01-08T00:00:00Z,90285,179156,CERAMILL MIND + MATCH 2,2,110241.56,220483.12
C291,2024-01-10T00:00:00Z,83948,NPAGCMN101000,RESINAS NEXTDENT C&B MFH N1,15,6573.572,98603.58
C291,2024-01-10T00:00:00Z,83944,NPAGCAPU01000,RESINAS NEXTDENT CAST PURPLE,9,3316.6911,29850.2199
C291,2024-01-10T00:00:00Z,124146,NPAGSGOR01000,CERAMILL SG ORANGE,20,3800.601,76012.02
CND4,2024-01-12T00:00:00Z,84025,INTSCAI700,MEDIT INTRA ORAL SCANNER I700,1,1698.98,1698.98
C292,2024-01-22T00:00:00Z,97247,4682-52,COMPRESOR QUATRRO TANDEM CON 2 SECADORES,1,148230.39,148230.39
C292,2024-01-22T00:00:00Z,4571,5252100001,DURR DENTAL COMPRESOR DUO 110V CON UNIDAD DE SECADO,10,58833.005,588330.0499999999
C294,2024-01-25T00:00:00Z,103900,20700008,ANAXBLEND PEKK BLOND 10 ML,4,1402.1225,5608.49
C294,2024-01-25T00:00:00Z,103962,72000210,PASTA GRIGIA II,10,889.995,8899.95
C294,2024-01-25T00:00:00Z,249215,25000022,WARM UP FOR 7 SYRINGES,3,7341.1967,22023.5901
C294,2024-01-25T00:00:00Z,249178,72006070,MATRIX FORM 70 A + B 10KG PACKAGE,3,3736.4667,11209.400099999999
C294,2024-01-25T00:00:00Z,117002,25201003,ANAXGUM PAINT FLOW RED 3G,15,1036.8893,15553.34
C294,2024-01-25T00:00:00Z,116992,25103005,ANAXGUM GINGIVA PASTE ORANGE PINK 4G,5,1088.822,5444.11
C294,2024-01-25T00:00:00Z,249173,25101005,ANAXGUM GINGIVA PASTE LIGHT PINK 4G,10,1088.846,10888.46
C294,2024-01-25T00:00:00Z,249165,25154003,ANAXGUM GINGIVA FLOW TRANSLUCENT PINK 3G,7,718.4971,5029.48
C294,2024-01-25T00:00:00Z,116979,25151003,ANAXGUM GINGIVA FLOW LIGHT PINK 3G,7,718.4971,5029.48
C294,2024-01-25T00:00:00Z,116976,25001003,ANAXGUM PO I 3G,5,791.888,3959.44
C294,2024-01-25T00:00:00Z,103947,25001001,ANAXGUM KIT XL,2,10022.535,20045.07
C294,2024-01-25T00:00:00Z,116921,20230013,ANAXBLEND TRANSPA NT TRASLUCENT FLOW 3G,5,436.316,2181.58
C294,2024-01-25T00:00:00Z,116917,20230003,ANAXBLEND TRANSPA CL 0 CRYSTAL CLEAR FLOW 3G,5,436.316,2181.58
C294,2024-01-25T00:00:00Z,116895,20225803,ANAXBLEND ENAMEL S 58 FLOW 3G,5,436.316,2181.58
C294,2024-01-25T00:00:00Z,116851,20225703,ANAXBLEND ENAMEL S 57 FLOW 3G,5,436.316,2181.58
C294,2024-01-25T00:00:00Z,103881,200000I2,ANAXBLEND INTRO KIT A2 FLOW,3,1123.5633,3370.69
C294,2024-01-25T00:00:00Z,116940,20301003,ANAXBLEND OPAQUER O A1 3G,5,452.542,2262.71
C294,2024-01-25T00:00:00Z,249143,20300003,ANAXBLEND OPAQUER O AB 3G,3,452.51,1357.53
C294,2024-01-25T00:00:00Z,103891,200000I6,ANAXBLEND INTRO KIT A2 PASTE,3,1296.5667,3889.7
C294,2024-01-25T00:00:00Z,249132,24000104,MOCK UP DIRECT DENTINPASTE A1 4G,15,520.9827,7814.74
C294,2024-01-25T00:00:00Z,103950,72007080,DISPENSER GUN,15,1112.4947,16687.42
C294,2024-01-25T00:00:00Z,116723,16015100,OUTLINE TRASNPA CLEAR 100G,3,1192.7467,3578.24
C294,2024-01-25T00:00:00Z,116731,16016100,OUTLINE INCISAL LOW VALUE 100G,3,1192.7467,3578.24
C294,2024-01-25T00:00:00Z,116727,16022100,OUTLINE INCISAL MEDIUM VALUE 100G,3,1192.7467,3578.24
C294,2024-01-25T00:00:00Z,249112,16017100,OUTLINE INCISAL HIGH VALUE 100G,3,1192.7467,3578.24
C294,2024-01-25T00:00:00Z,116710,16012100,OUTLINE DENTIN A2 100G,5,1192.766,5963.83
C294,2024-01-25T00:00:00Z,116700,16011100,OUTLINE DENTIN A1 100G,10,1192.765,11927.65
C294,2024-01-25T00:00:00Z,116694,16000100,OUTLINE DENTIN AB BLEACH F 100G,10,1192.765,11927.65
C295,2024-01-25T00:00:00Z,116771,16011076,VISCO III A1 76G,25,1506.1072,37652.68
C293,2024-01-25T00:00:00Z,249510,D53300A,LIFT SYSTEM COMPLETTE,1,14305.8,14305.8
C293,2024-01-25T00:00:00Z,249500,D47306A,GEARED MOTOR WITH SENSOR,1,1648.71,1648.71
C294,2024-01-25T00:00:00Z,249089,17100500,ACRYLINE LIQUID 500 ML,5,1400.462,7002.31
C294,2024-01-25T00:00:00Z,104172,17101000,ACRYLINE LIQUID 1000ML,2,1886.735,3773.47
C294,2024-01-25T00:00:00Z,116812,17010500,ACRYLINE POWDER CLAER 500G,4,1400.4625,5601.85
C294,2024-01-25T00:00:00Z,249136,24000404,MOCK UP DIRECT DENTIN PASTE B1 4G,10,520.975,5209.75
C294,2024-01-25T00:00:00Z,116816,17100100,ACRYLINE LIQUID 100ML,30,496.78,14903.4
C295,2024-01-25T00:00:00Z,103873,24000001,MOCK UP SET A1,30,2455.8047,73674.141
C295,2024-01-25T00:00:00Z,103877,24000002,MOCK UP SET A2,10,2455.804,24558.04
C294,2024-01-25T00:00:00Z,249230,211000F1,LIGHT BOX,3,29638.85,88916.54999999999
C294,2024-01-25T00:00:00Z,117002,25201003,ANAXGUM PAINT FLOW RED 3G,9,1036.8789,9331.91
C294,2024-01-25T00:00:00Z,116973,20700009,ANAXBLEND MODEL LC,6,744.39,4466.34
C296,2024-01-31T00:00:00Z,114072,LAPTOPG,LAPTOP G,1,18115.07,18115.07
C297,2024-02-02T00:00:00Z,8399,MI893,MIYO TRANS SAGE FLUOR PASTE 4G,2,812.43,1624.86
C297,2024-02-02T00:00:00Z,8345,MI875,MIYO TRANS SMOKE FLUOR PASTE 4G,20,812.434,16248.68
C297,2024-02-02T00:00:00Z,8291,MI008,MIYO BRUSH KIT,2,3787.425,7574.85
C297,2024-02-02T00:00:00Z,8294,MI821,MIYO GINGIVAL GLAZE PASTE NO FLOUR 4G,15,812.4333,12186.5
C297,2024-02-02T00:00:00Z,8306,MI860,MIYO TRANS STORM FLUOR PASTE 4G,10,812.434,8124.34
C297,2024-02-02T00:00:00Z,8309,MI861,MIYO TRANS LOTUS FLUOR PASTE 4G,3,812.4367,2437.31
C297,2024-02-02T00:00:00Z,8315,MI863,MIYO TRANS CLEMENTINE FLUOR PASTE 4G,5,812.434,4062.17
C297,2024-02-02T00:00:00Z,8318,MI864,MIYO HALO SPRIN FLUOR PASTE 4G,5,812.434,4062.17
C297,2024-02-02T00:00:00Z,8324,MI866,MIYO MAMELON WHEAT FLUOR PASTE 4G,5,812.434,4062.17
C297,2024-02-02T00:00:00Z,8351,MI877,MIYO TRANS SHADE A FLUOR PASTE 4G,40,812.434,32497.36
C297,2024-02-02T00:00:00Z,8354,MI878,MIYO TRANS SHADE B FLUOR PASTE 4G,20,812.434,16248.68
C297,2024-02-02T00:00:00Z,8357,MI879,MIYO TRANS SHADE C FLUOR PASTE 4G,20,812.434,16248.68
C297,2024-02-02T00:00:00Z,8360,MI880,MIYO TRANS SHADE D FLUOR PASTE 4G,15,812.4333,12186.5
C297,2024-02-02T00:00:00Z,8369,MI883,MIYO GINGIVAL TRANS MIDNIGHT PASTE 4G,5,812.434,4062.17
C297,2024-02-02T00:00:00Z,8372,MI884,MIYO GINGIVAL PLUM PASTE 4G,2,812.43,1624.86
C297,2024-02-02T00:00:00Z,8375,MI885,MIYO GINGIVAL MERLOT PASTE 4G,20,812.434,16248.68
C297,2024-02-02T00:00:00Z,8378,MI886,MIYO GINGIVAL SORBET PASTE 4G,10,812.434,8124.34
C297,2024-02-02T00:00:00Z,8381,MI887,MIYO GINGIVAL TRANS RASPBERRY PASTE 4G,15,812.4333,12186.5
C297,2024-02-02T00:00:00Z,8387,MI889,MIYO GINGIVAL SALMON PASTE 4G,15,812.4333,12186.5
C297,2024-02-02T00:00:00Z,8390,MI890,MIYO GINGIVAL STRUCTURE ORCHID PASTE 4G,10,812.434,8124.34
C297,2024-02-02T00:00:00Z,8393,MI891,MIYO GINGIVAL STRUCTURE ROUGE PASTE 4G,25,812.434,20310.85
C297,2024-02-02T00:00:00Z,8396,MI892,MIYO GINGIVAL STRUCTURE FROST PASTE 4G,2,812.43,1624.86
C297,2024-02-02T00:00:00Z,8408,MI896,MIYO TRANS LUMIN PLUS FLUOR PASTE 4G,2,812.43,1624.86
C297,2024-02-02T00:00:00Z,8420,MI951,MIYO GINGIVAL CARNATION 4G,5,812.434,4062.17
C297,2024-02-02T00:00:00Z,8426,MI993,MIYO ESTHETIC FINISHING SYSTEM KIT,5,18883.854,94419.26999999999
C297,2024-02-02T00:00:00Z,14288,ZR190,INSYNC ZR GLAZE LIQUID 25 ML,30,260.7097,7821.29
C297,2024-02-02T00:00:00Z,14291,ZR249,INSYN FC GLAZE PASTE 4G,90,605.4259,54488.331
C298,2024-02-07T00:00:00Z,254210,3DRESCALCINABLE,RESINA 3D CALCINABLE,5,2142.394,10711.97
C298,2024-02-07T00:00:00Z,254219,3DRESQUIRURG,RESINA 3D PARA GUIAS QUIRURGICAS,5,2183.464,10917.32
C298,2024-02-07T00:00:00Z,250622,3DRESDENTURE,RESINA 3D FLEXIBLE DENTURE,5,2309.538,11547.69
C298,2024-02-07T00:00:00Z,254202,3DRESGUARDAS,RESINA 3D PARA GUARDAS,10,2183.463,21834.63
C298,2024-02-07T00:00:00Z,254226,3DRESPROVI,RESINA 3D PARA PROVISIONALES,5,2309.538,11547.69
C299,2024-02-19T00:00:00Z,114072,LAPTOPG,LAPTOP G,1,17334.04,17334.04
C300,2024-02-26T00:00:00Z,118619,29343000,SILENT COMPACTCAM,10,25976.206,259762.06
C301,2024-02-28T00:00:00Z,114072,LAPTOPG,LAPTOP G,1,17299.55,17299.55
C302,2024-03-01T00:00:00Z,3833,BAJA218760,BAJA ARTEX TYP CR,20,16084.321,321686.42
C302,2024-03-01T00:00:00Z,3827,218600,ARCO FACIAL ARTEX,20,9491.2025,189824.05
C302,2024-03-01T00:00:00Z,252317,181366,BLANK HOLDER BLOCS 9X UN MOTION 3,2,19999.74,39999.48
C303,2024-03-01T00:00:00Z,121370,181362,BLANK HOLDER BLOCS 3X UN MOTION 3,8,19751.8813,158015.0504
C304,2024-03-05T00:00:00Z,268815,GABSCAN,GABINETE PARA ESCANER MEDICO DENTAL,20,16410.799,328215.98
C306,2024-03-11T00:00:00Z,114072,LAPTOPG,LAPTOP G,1,17385.76,17385.76
C307,2024-04-02T00:00:00Z,141601,DENTALCADFLEXUNI,DENTALCAD EDUCATIONAL FLEX UNIVERSIDADES,12,10411.125,124933.5
C310,2024-04-16T00:00:00Z,179032,LIQREF,LIQUIDO REFRIGERANTE V FLUID 1 LITRO,208,274.695,57136.56
C308,2024-04-19T00:00:00Z,8357,MI879,MIYO TRANS SHADE C FLUOR PASTE 4G,20,762.452,15249.04
C308,2024-04-19T00:00:00Z,8354,MI878,MIYO TRANS SHADE B FLUOR PASTE 4G,50,762.4516,38122.58
C308,2024-04-19T00:00:00Z,8351,MI877,MIYO TRANS SHADE A FLUOR PASTE 4G,100,720.6277,72062.77
C308,2024-04-19T00:00:00Z,8330,MI868,MIYO MAMELON PUMPKIN FLUOR PASTE 4G,5,762.452,3812.26
C308,2024-04-19T00:00:00Z,8324,MI866,MIYO MAMELON WHEAT FLUOR PASTE 4G,5,762.452,3812.26
C309,2024-04-19T00:00:00Z,85857,760682,FRESA ROTO RFID 0.6 SC DM 0.6,25,870.626,21765.65
C309,2024-04-19T00:00:00Z,102042,751006,FRESA ROTO RFID 1.0 DIAMOND BLG,30,860.0037,25800.11
C308,2024-04-19T00:00:00Z,8348,MI876,MIYO TRANS LUMIN FLUOR PASTE 4G,5,762.452,3812.26
C308,2024-04-19T00:00:00Z,8345,MI875,MIYO TRANS SMOKE FLUOR PASTE 4G,30,762.4517,22873.55
C308,2024-04-19T00:00:00Z,8417,MI950,MIYO TRANS SUNFLOWER 4G,5,762.452,3812.26
C308,2024-04-19T00:00:00Z,87161,MI996,MIYO GINGIVAL FINISHING SYSTEM KIT,10,12546.368,125463.68000000001
C308,2024-04-19T00:00:00Z,8408,MI896,MIYO TRANS LUMIN PLUS FLUOR PASTE 4G,5,762.452,3812.26
C308,2024-04-19T00:00:00Z,8318,MI864,MIYO HALO SPRIN FLUOR PASTE 4G,5,762.452,3812.26
C308,2024-04-19T00:00:00Z,8411,MI897,MIYO GINGIVAL SABLE PASTE 4G,5,762.452,3812.26
C308,2024-04-19T00:00:00Z,8390,MI890,MIYO GINGIVAL STRUCTURE ORCHID PASTE 4G,20,762.452,15249.04
C308,2024-04-19T00:00:00Z,8387,MI889,MIYO GINGIVAL SALMON PASTE 4G,35,762.4517,26685.81
C308,2024-04-19T00:00:00Z,8381,MI887,MIYO GINGIVAL TRANS RASPBERRY PASTE 4G,60,762.4518,45747.11
C308,2024-04-19T00:00:00Z,8378,MI886,MIYO GINGIVAL SORBET PASTE 4G,15,762.4513,11436.77
C308,2024-04-19T00:00:00Z,8375,MI885,MIYO GINGIVAL MERLOT PASTE 4G,70,762.4517,53371.62
C308,2024-04-19T00:00:00Z,8369,MI883,MIYO GINGIVAL TRANS MIDNIGHT PASTE 4G,10,762.451,7624.51
C308,2024-04-19T00:00:00Z,8363,MI881,MIYO GINGIVAL FLAMINGO PASTE 4G,5,762.452,3812.26
C308,2024-04-19T00:00:00Z,8393,MI891,MIYO GINGIVAL STRUCTURE ROUGE PASTE 4G,30,762.4517,22873.55
C308,2024-04-19T00:00:00Z,8405,MI895,MIYO TRANS SLATE FLUOR PASTE 4G,5,762.452,3812.26
C308,2024-04-19T00:00:00Z,8420,MI951,MIYO GINGIVAL CARNATION 4G,10,762.451,7624.51
C308,2024-04-19T00:00:00Z,14291,ZR249,INSYN FC GLAZE PASTE 4G,300,568.1792,170453.76
C308,2024-04-19T00:00:00Z,8294,MI821,MIYO GINGIVAL GLAZE PASTE NO FLOUR 4G,10,762.451,7624.51
C309,2024-04-19T00:00:00Z,4016,751002,FRESA ROTO RFID 0.6 ST DM,15,987.4747,14812.12
C309,2024-04-19T00:00:00Z,85841,760668,FRESA ROTO RFID 2.5 PMMA WAX DM 2.5,40,902.4938,36099.75
C309,2024-04-19T00:00:00Z,85835,760666,FRESA ROTO RFID 0.6 SINTRON,15,881.2487,13218.73
C309,2024-04-19T00:00:00Z,85848,760670,FRESA ROTO RFID 0.6 PMMA WAX DM 0.6,20,902.4935,18049.87
C309,2024-04-19T00:00:00Z,102045,751008,FRESA ROTO RFID 0.4 DIAMOND BLG,50,860.0034,43000.17
C309,2024-04-19T00:00:00Z,92435,760681,FRESA ROTO RFID 1.0  SC DM,40,870.626,34825.04
C309,2024-04-19T00:00:00Z,4241,760663,FRESA ROTO RFID 0.3 ZI,40,881.2485,35249.94
C309,2024-04-19T00:00:00Z,85844,760669,FRESA ROTO RFID 1.0 PMMA WAX DM 1.0,50,902.4938,45124.69
C309,2024-04-19T00:00:00Z,102036,751004,FRESA ROTO RFID 2.0 DIAMOND BLG,200,860.0034,172000.68000000002
C309,2024-04-19T00:00:00Z,4244,760676,FRESA DIAMOND RFID 1.8 DM,20,509.671,10193.42
C309,2024-04-19T00:00:00Z,4232,760660,FRESA ROTO RFID 2.5 ZI DM,115,881.2485,101343.5775
C309,2024-04-19T00:00:00Z,4235,760661,FRESA ROTO RFID 1.0 ZI DM,150,881.2485,132187.275
C309,2024-04-19T00:00:00Z,4013,751001,FRESA ROTO RFID 1.2 ST DM,30,987.474,29624.22
C308,2024-04-19T00:00:00Z,8396,MI892,MIYO GINGIVAL STRUCTURE FROST PASTE 4G,5,762.452,3812.26
C308,2024-04-19T00:00:00Z,8306,MI860,MIYO TRANS STORM FLUOR PASTE 4G,20,762.452,15249.04
C308,2024-04-19T00:00:00Z,14288,ZR190,INSYNC ZR GLAZE LIQUID 25 ML,80,244.6705,19573.64
C308,2024-04-19T00:00:00Z,8309,MI861,MIYO TRANS LOTUS FLUOR PASTE 4G,10,762.451,7624.51
C308,2024-04-19T00:00:00Z,8315,MI863,MIYO TRANS CLEMENTINE FLUOR PASTE 4G,20,762.452,15249.04
C311,2024-05-03T00:00:00Z,8426,MI993,MIYO ESTHETIC FINISHING SYSTEM KIT,10,18547.751,185477.51
C322,2024-05-07T00:00:00Z,114072,LAPTOPG,LAPTOP G,1,19842.66,19842.66
C312,2024-05-22T00:00:00Z,5900,ENA0M1HTEM14,ENAMIC 0M1 HT EM14,6,2193.8883,13163.33
C312,2024-05-22T00:00:00Z,5942,ENA3M2HTEM14,ENAMIC 3M2 HT EM14,4,2193.85,8775.4
C312,2024-05-22T00:00:00Z,5945,ENA3M2TEM14,ENAMIC 3M2 T EM14,7,2193.8843,15357.19
C312,2024-05-22T00:00:00Z,5906,ENA1M1HTEM10,ENAMIC 1M1 HT EM10,1,1907.37,1907.37
C312,2024-05-22T00:00:00Z,121247,D32277,FIRING MUFFLE 110V,4,5036.995,20147.98
C312,2024-05-22T00:00:00Z,5795,COLCLABLESHA,COLORIMETRO CLASICO A1-D4 BLEACHED SHADES,23,1248.8974,28724.64
C312,2024-05-22T00:00:00Z,5792,COLCLA,COLORIMETRO CLASICO A1-D4,60,1040.2108,62412.648
C312,2024-05-22T00:00:00Z,5798,COLLINGUI3DM,COLORIMETRO LINEARGUIDE 3D MASTER,17,2044.9741,34764.56
C312,2024-05-22T00:00:00Z,121262,D26298,WASHER 6.4 MM,2,13.315,26.63
C312,2024-05-22T00:00:00Z,121251,D53041,HEATING ELEMENT FOR VITA ZYRCOMAT,3,9744.0867,29232.2601
C312,2024-05-22T00:00:00Z,198981,D42225,CLAMP RING WITH HEXAGONAL SCREW M3X8 MM,4,47.0025,188.01
C312,2024-05-22T00:00:00Z,11534,VM13BDB150G,VM13 BASE DENTINE B1 50G,2,828.795,1657.59
C312,2024-05-22T00:00:00Z,11528,VM13BDA450G,VM13 BASE DENTINE A4 50G,2,828.795,1657.59
C312,2024-05-22T00:00:00Z,11504,VM13BDA150G,VM13 BASE DENTINE A1 50G,2,828.795,1657.59
C312,2024-05-22T00:00:00Z,11720,VM13ENL12G,VM13 ENAMEL ENL 12G,14,243.6886,3411.64
C312,2024-05-22T00:00:00Z,12161,VM13TDD212G,VM13 TRANSPA DENTINE D2 12G,8,243.68,1949.44
C312,2024-05-22T00:00:00Z,12173,VM13TDD412G,VM13 TRANSPA DENTINE D4 12G,6,243.6983,1462.19
C312,2024-05-22T00:00:00Z,12167,VM13TDD312G,VM13 TRANSPA DENTINE D3 12G,8,243.68,1949.44
C312,2024-05-22T00:00:00Z,12155,VM13TDC412G,VM13 TRANSPA DENTINE C4 12G,7,243.7043,1705.93
C312,2024-05-22T00:00:00Z,12149,VM13TDC312G,VM13 TRANSPA DENTINE C3 12G,8,243.68,1949.44
C312,2024-05-22T00:00:00Z,12143,VM13TDC212G,VM13 TRANSPA DENTINE C2 12G,4,243.68,974.72
C312,2024-05-22T00:00:00Z,12119,VM13TDB212G,VM13 TRANSPA DENTINE B2 12G,11,243.6964,2680.66
C312,2024-05-22T00:00:00Z,12101,VM13TDA312G,VM13 TRANSPA DENTINE A3 12G,7,243.7043,1705.93
C312,2024-05-22T00:00:00Z,11591,VM13BDD412G,VM13 BASE DENTINE D4 12G,8,243.68,1949.44
C312,2024-05-22T00:00:00Z,11585,VM13BDD312G,VM13 BASE DENTINE D3 12G,8,243.68,1949.44
C312,2024-05-22T00:00:00Z,11579,VM13BDD212G,VM13 BASE DENTINE D2 12G,8,243.68,1949.44
C312,2024-05-22T00:00:00Z,11573,VM13BDC412G,VM13 BASE DENTINE C4 12G,7,243.7043,1705.93
C312,2024-05-22T00:00:00Z,11561,VM13BDC212G,VM13 BASE DENTINE C2 12G,14,243.6886,3411.64
C312,2024-05-22T00:00:00Z,11555,VM13BDC112G,VM13 BASE DENTINE C1 12G,6,243.6983,1462.19
C312,2024-05-22T00:00:00Z,11543,VM13BDB312G,VM13 BASE DENTINE B3 12G,7,243.7043,1705.93
C312,2024-05-22T00:00:00Z,11537,VM13BDB212G,VM13 BASE DENTINE B2 12G,11,243.6964,2680.66
C312,2024-05-22T00:00:00Z,11513,VM13BDA3.512G,VM13 BASE DENTINE A3.5 12G,8,243.68,1949.44
C312,2024-05-22T00:00:00Z,11519,VM13BDA312G,VM13 BASE DENTINE A3 12G,7,243.7043,1705.93
C312,2024-05-22T00:00:00Z,5519,AKZPLUCHRSTAKIT,AKZENT PLUS CHROMA STAINS KIT,3,868.4867,2605.46
C312,2024-05-22T00:00:00Z,5582,AKZPLUPOWKIT,AKZENT PLUS POWDER KIT,2,5396.11,10792.22
C312,2024-05-22T00:00:00Z,5585,AKZPOWFLU20ML,AKZENT POWDER FLUID 20ML,150,129.2542,19388.13
C312,2024-05-22T00:00:00Z,5573,AKZPLUGLALT5G,AKZENT PLUS GLAZE LT 5G,178,209.6611,37319.6758
C312,2024-05-22T00:00:00Z,5570,AKZPLUGLA5G,AKZENT PLUS GLAZE 5G,120,209.6604,25159.248
C312,2024-05-22T00:00:00Z,5516,AKZPLUCHRSTAD3G,AKZENT PLUS CHROMA STAINS D 3G,6,176.405,1058.43
C312,2024-05-22T00:00:00Z,5513,AKZPLUCHRSTAC3G,AKZENT PLUS CHROMA STAINS C 3G,10,176.412,1764.12
C312,2024-05-22T00:00:00Z,5510,AKZPLUCHRSTAB3G,AKZENT PLUS CHROMA STAINS B 3G,7,176.4314,1235.02
C312,2024-05-22T00:00:00Z,5507,AKZPLUCHRSTAA3G,AKZENT PLUS CHROMA STAINS A 3G,15,176.4267,2646.4
C312,2024-05-22T00:00:00Z,5540,AKZPLUES073G,AKZENT PLUS EFFECT STAINS ES07 3G,13,176.4192,2293.45
C312,2024-05-22T00:00:00Z,5537,AKZPLUES063G,AKZENT PLUS EFFECT STAINS ES06 3G,16,176.4238,2822.78
C312,2024-05-22T00:00:00Z,5534,AKZPLUES053G,AKZENT PLUS EFFECT STAINS ES05 3G,10,176.412,1764.12
C312,2024-05-22T00:00:00Z,5531,AKZPLUES043G,AKZENT PLUS EFFECT STAINS ES04 3G,9,176.4178,1587.76
C312,2024-05-22T00:00:00Z,5528,AKZPLUES033G,AKZENT PLUS EFFECT STAINS ES03 3G,8,176.4225,1411.38
C312,2024-05-22T00:00:00Z,5522,AKZPLUES013G,AKZENT PLUS EFFECT STAINS ES01 3G,18,176.4172,3175.51
C312,2024-05-22T00:00:00Z,7430,LUMACTWAT,"LUMEX TRANSLUCENT, WATERDROP, 12G",3,306.33,918.99
C312,2024-05-22T00:00:00Z,7286,LUMACELIG12G,"LUMEX ENAMEL, LIGHT, 12 G",15,253.898,3808.47
C312,2024-05-22T00:00:00Z,7328,LUMACGROS,LUMEX GINGIVA ROSEWOOD 12G,4,253.92,1015.68
C312,2024-05-22T00:00:00Z,7313,LUMACGGRA,LUMEX GINGIVA GRAPEFRUIT 12G,5,253.898,1269.49
C312,2024-05-22T00:00:00Z,7319,LUMACGNEC,LUMEX GINGIVA NECTARINE 12G,5,253.898,1269.49
C312,2024-05-22T00:00:00Z,7316,LUMACGLIGROS,LUMEX GINGIVA LIGHT-ROSE 12G,6,253.8833,1523.3
C312,2024-05-22T00:00:00Z,7322,LUMACGPALPAP,LUMEX GINGIVA PALE-PAPILLA 12G,1,253.81,253.81
C312,2024-05-22T00:00:00Z,7250,LUMACDC412G,"LUMEX DENTINE, C4, 12 G",1,253.81,253.81
C312,2024-05-22T00:00:00Z,7235,LUMACDB312G,"LUMEX DENTINE, B3, 12 G",4,253.92,1015.68
C312,2024-05-22T00:00:00Z,7223,LUMACDA312G,"LUMEX DENTINE, A3, 12 G",15,253.898,3808.47
C312,2024-05-22T00:00:00Z,7217,LUMACDA212G,"LUMEX DENTINE, A2, 12 G",20,253.8975,5077.95
C312,2024-05-22T00:00:00Z,12098,VM13TDA3.550G,VM13 TRANSPA DENTINE A3.5 50G,3,828.87,2486.61
C312,2024-05-22T00:00:00Z,12116,VM13TDB150G,VM13 TRANSPA DENTINE B1 50G,1,828.8,828.8
C312,2024-05-22T00:00:00Z,11861,VM13OP150G,VM13 OPAQUE OP1 50G,3,828.87,2486.61
C312,2024-05-22T00:00:00Z,11867,VM13OP250G,VM13 OPAQUE OP2 50G,2,828.795,1657.59
C312,2024-05-22T00:00:00Z,11873,VM13OP350G,VM13 OPAQUE OP3 50G,2,828.795,1657.59
C312,2024-05-22T00:00:00Z,8468,NPBON5G,NP BOND PASTE 5G,5,411.464,2057.32
C312,2024-05-22T00:00:00Z,13763,VMKODA212G,VMK OPAQUE DENTINE A2 12G,57,143.5568,8182.74
C312,2024-05-22T00:00:00Z,13775,VMKODA312G,VMK OPAQUE DENTINE A3 12G,70,143.5561,10048.93
C312,2024-05-22T00:00:00Z,13769,VMKODA3.512G,VMK OPAQUE DENTINE A3.5 12G,5,143.556,717.78
C312,2024-05-22T00:00:00Z,13781,VMKODA412G,VMK OPAQUE DENTINE A4 12G,5,143.556,717.78
C312,2024-05-22T00:00:00Z,13277,VMKDA212G,VMK DENTINE A2 12G,171,143.5556,24548.0076
C312,2024-05-22T00:00:00Z,13289,VMKDA312G,VMK DENTINE A3 12G,195,143.5561,27993.439499999997
C312,2024-05-22T00:00:00Z,13283,VMKDA3.512G,VMK DENTINE A3.5 12G,14,143.5621,2009.87
C312,2024-05-22T00:00:00Z,13295,VMKDA412G,VMK DENTINE A4 12G,24,143.5596,3445.43
C312,2024-05-22T00:00:00Z,13343,VMKDC412G,VMK DENTINE C4 12G,9,143.5656,1292.09
C312,2024-05-22T00:00:00Z,12086,VM13TDA150G,VM13 TRANSPA DENTINE A1 50G,2,828.795,1657.59
C312,2024-05-22T00:00:00Z,13349,VMKDD212G,VMK DENTINE D2 12G,9,143.5656,1292.09
C312,2024-05-22T00:00:00Z,13355,VMKDD312G,VMK DENTINE D3 12G,8,143.5513,1148.41
C312,2024-05-22T00:00:00Z,13493,VMKOA212G,VMK OPAQUE A2 12G,53,143.5553,7608.43
C312,2024-05-22T00:00:00Z,13499,VMKOA3.512G,VMK OPAQUE A3.5 12G,4,143.5775,574.31
C312,2024-05-22T00:00:00Z,13511,VMKOA412G,VMK OPAQUE A4 12G,5,143.556,717.78
C312,2024-05-22T00:00:00Z,13547,VMKOC212G,VMK OPAQUE C2 12G,1,143.47,143.47
C312,2024-05-22T00:00:00Z,12140,VM13TDC150G,VM13 TRANSPA DENTINE C1 50G,2,828.795,1657.59
C313,2024-05-22T00:00:00Z,13853,VMKONECOLKIT2M2,VMK ONE COLOR KIT 2M2,39,1089.8954,42505.92
C313,2024-05-22T00:00:00Z,8480,OPAFLUVMK50ML,"OPAQUE FLUID (AMARILLO, VMK) 50ML",32,113.1606,3621.14
C319,2024-05-22T00:00:00Z,90218,6100MS,HORNO ZYRCOMAT 6100 MS 230V,3,141298.3333,423894.9999
C319,2024-05-22T00:00:00Z,99851,VPADCOMFORT,VPAD COMFORT,3,19623.1433,58869.4299
C319,2024-05-22T00:00:00Z,96924,D63100,VPAD POWER INJECTOR CABLE,3,1312.5367,3937.61
C318,2024-05-22T00:00:00Z,198723,V60IPLUS110V,HORNO V60I LINE PLUS 110V,3,53017.73,159053.19
C316,2024-05-22T00:00:00Z,13952,VMKWO12G,VMK WASH OPAQUE WO 12G,33,143.5548,4737.31
C316,2024-05-22T00:00:00Z,13505,VMKOA312G,VMK OPAQUE A3 12G,40,143.556,5742.24
C315,2024-05-22T00:00:00Z,198898,AKZLCEXPKIT,AKZENT LC EXPERT KIT,3,9737.3,29211.899999999998
C315,2024-05-22T00:00:00Z,198884,AKZLCSTANDKIT,AKZENT LC STANDARD KIT,3,5578.9333,16736.799899999998
C314,2024-05-22T00:00:00Z,13070,VMCCLIQ30ML,VMCC LIQUID 30ML,5,380.046,1900.23
C314,2024-05-22T00:00:00Z,199232,AKZLCCHDARKYELLO2.5M,AKZENT LC CHROMA STAINS DARK-YELLOW 2.5 ML,1,730.1,730.1
C317,2024-05-22T00:00:00Z,102717,EASSHAV,EASYSHADE V 100-230V,6,22895.6433,137373.8598
C312,2024-05-22T00:00:00Z,13559,VMKOC412G,VMK OPAQUE C4 12G,3,143.5433,430.63
C312,2024-05-22T00:00:00Z,13601,VMKOD2L1.512G,VMK OPAQUE DENTINE 2L1.5 12G,1,143.47,143.47
C312,2024-05-22T00:00:00Z,13619,VMKOD2M212G,VMK OPAQUE DENTINE 2M2 12G,14,143.5621,2009.87
C312,2024-05-22T00:00:00Z,13625,VMKOD2M312G,VMK OPAQUE DENTINE 2M3 12G,3,143.5433,430.63
C312,2024-05-22T00:00:00Z,13637,VMKOD2R2.512G,VMK OPAQUE DENTINE 2R2.5 12G,5,143.556,717.78
C312,2024-05-22T00:00:00Z,13667,VMKOD3M212G,VMK OPAQUE DENTINE 3M2 12G,29,143.559,4163.21
C312,2024-05-22T00:00:00Z,13685,VMKOD3R2.512G,VMK OPAQUE DENTINE 3R2.5 12G,5,143.556,717.78
C312,2024-05-22T00:00:00Z,13697,VMKOD4L1.512G,VMK OPAQUE DENTINE 4L1.5 12G,1,143.47,143.47
C312,2024-05-22T00:00:00Z,13721,VMKOD4M312G,VMK OPAQUE DENTINE 4M3 12G,1,143.47,143.47
C312,2024-05-22T00:00:00Z,13727,VMKOD4R1.512G,VMK OPAQUE DENTINE 4R1.5 12G,1,143.47,143.47
C312,2024-05-22T00:00:00Z,13127,VMKD2L1.512G,VMK DENTINE 2L1.5 12G,8,143.5513,1148.41
C312,2024-05-22T00:00:00Z,13151,VMKD2M312G,VMK DENTINE 2M3 12G,22,143.5582,3158.28
C312,2024-05-22T00:00:00Z,13193,VMKD3M312G,VMK DENTINE 3M3 12G,8,143.5513,1148.41
C312,2024-05-22T00:00:00Z,13223,VMKD4M112G,VMK DENTINE 4M1 12G,8,143.5513,1148.41
C312,2024-05-22T00:00:00Z,13229,VMKD4M212G,VMK DENTINE 4M2 12G,5,143.556,717.78
C312,2024-05-22T00:00:00Z,13235,VMKD4M312G,VMK DENTINE 4M3 12G,2,143.575,287.15
C312,2024-05-22T00:00:00Z,13241,VMKD4R1.512G,VMK DENTINE 4R1.5 12G,3,143.5433,430.63
C312,2024-05-22T00:00:00Z,13253,VMKD5M112G,VMK DENTINE 5M1 12G,1,143.47,143.47
C312,2024-05-22T00:00:00Z,13259,VMKD5M212G,VMK DENTINE 5M2 12G,1,143.47,143.47
C312,2024-05-22T00:00:00Z,13391,VMKEN112G,VMK ENAMEL EN1 12G,141,143.5554,20241.3114
C312,2024-05-22T00:00:00Z,13403,VMKEN312G,VMK ENAMEL EN3 12G,26,143.5523,3732.36
C312,2024-05-22T00:00:00Z,13478,VMKN3,VMK NECK N3,5,143.556,717.78
C312,2024-05-22T00:00:00Z,13430,VMKGOL,VMK GINGIVA OPAQUE GOL,3,143.5433,430.63
C312,2024-05-22T00:00:00Z,13766,VMKODA250G,VMK OPAQUE DENTINE A2 50G,9,495.4067,4458.66
C312,2024-05-22T00:00:00Z,13778,VMKODA350G,VMK OPAQUE DENTINE A3 50G,6,495.3817,2972.29
C312,2024-05-22T00:00:00Z,13274,VMKDA150G,VMK DENTINE A1 50G,5,495.396,2476.98
C312,2024-05-22T00:00:00Z,13280,VMKDA250G,VMK DENTINE A2 50G,21,495.3919,10403.23
C312,2024-05-22T00:00:00Z,13292,VMKDA350G,VMK DENTINE A3 50G,20,495.396,9907.92
C312,2024-05-22T00:00:00Z,13286,VMKDA3.550G,VMK DENTINE A3.5 50G,5,495.396,2476.98
C312,2024-05-22T00:00:00Z,13328,VMKDC150G,VMK DENTINE C1 50G,1,495.3,495.3
C312,2024-05-22T00:00:00Z,13514,VMKOA450G,VMK OPAQUE A4 50G,1,495.3,495.3
C312,2024-05-22T00:00:00Z,13676,VMKOD3M350G,VMK OPAQUE DENTINE 3M3 50G,2,495.415,990.83
C312,2024-05-22T00:00:00Z,13130,VMKD2L1.550G,VMK DENTINE 2L1.5 50G,1,495.3,495.3
C312,2024-05-22T00:00:00Z,13148,VMKD2M250G,VMK DENTINE 2M2 50G,29,495.3993,14366.58
C312,2024-05-22T00:00:00Z,13190,VMKD3M250G,VMK DENTINE 3M2 50G,6,495.3817,2972.29
C312,2024-05-22T00:00:00Z,13196,VMKD3M350G,VMK DENTINE 3M3 50G,4,495.42,1981.68
C312,2024-05-22T00:00:00Z,13394,VMKEN150G,VMK ENAMEL EN1 50G,33,495.3948,16348.03
C312,2024-05-22T00:00:00Z,13400,VMKEN250G,VMK ENAMEL EN2 50G,9,495.4067,4458.66
C312,2024-05-22T00:00:00Z,13406,VMKEN350G,VMK ENAMEL EN3 50G,4,495.42,1981.68
C312,2024-05-22T00:00:00Z,13949,VMKWIN50G,VMK WINDOW WIN 50G,7,495.4014,3467.81
C312,2024-05-22T00:00:00Z,13085,VMKCE2,VMK CERVICAL CE2,2,166.405,332.81
C312,2024-05-22T00:00:00Z,13088,VMKCE3,VMK CERVICAL CE3,1,166.3,166.3
C312,2024-05-22T00:00:00Z,13091,VMKCOR1,VMK CORRECTIVE COR1,3,166.37,499.11
C312,2024-05-22T00:00:00Z,13094,VMKCOR2,VMK CORRECTIVE COR2,2,166.405,332.81
C312,2024-05-22T00:00:00Z,13409,VMKG1,VMK GINGIVA G1,10,166.385,1663.85
C312,2024-05-22T00:00:00Z,13412,VMKG2,VMK GINGIVA G2,10,166.385,1663.85
C312,2024-05-22T00:00:00Z,11570,VM13BDC350G,VM13 BASE DENTINE C3 50G,3,828.87,2486.61
C312,2024-05-22T00:00:00Z,13415,VMKG3,VMK GINGIVA G3,9,166.3956,1497.56
C312,2024-05-22T00:00:00Z,13418,VMKG4,VMK GINGIVA G4 12G,8,166.38,1331.04
C312,2024-05-22T00:00:00Z,13439,VMKLM3,VMK LUMINARY LM3,5,412.674,2063.37
C312,2024-05-22T00:00:00Z,13004,VMCCBD2M1100G,VMCC BASE DENTINE 2M1 100G,3,784.0333,2352.1
C312,2024-05-22T00:00:00Z,14048,VMLCBDA24G,VMLC BASE DENTINE A2 4G,4,374.28,1497.12
C312,2024-05-22T00:00:00Z,13982,VMLCBD2M24G,VMLC BASE DENTINE 2M2 4G,1,374.23,374.23
C312,2024-05-22T00:00:00Z,14183,VMLCENL4G,VMLC ENAMEL ENL 4G,5,374.266,1871.33
C312,2024-05-22T00:00:00Z,14192,VMLCFLONT4G,VMLC FLOW NEUTRAL NT 4G,6,432.8983,2597.39
C312,2024-05-22T00:00:00Z,8444,MODFLUVMK50ML,"MODELLING FLUID (NARANJA, VMK) 50ML",45,113.1618,5092.28
C312,2024-05-22T00:00:00Z,8453,MODLIQVM1350ML,"VM MODELLING LIQUID 50ML (BLANCO, VM.13)",10,120.145,1201.45
C312,2024-05-22T00:00:00Z,8435,BMFRS250,MODELLING FLUID RS (ROSA) 250ML,3,605.9467,1817.84
C312,2024-05-22T00:00:00Z,11258,TRIFOR1M2CTF1414,TRILUXE FORTE 1M2C TF14/14,1,1117.75,1117.75
C312,2024-05-22T00:00:00Z,5924,ENA2M1HTEM14,ENAMIC 2M1 HT EM14,5,2362.788,11813.94
C312,2024-05-22T00:00:00Z,5933,ENA2M2TEM14,ENAMIC 2M2 T EM14,1,2362.83,2362.83
C320,2024-05-24T00:00:00Z,8102,MFTR473M2,MFT R47 3M2,75,77.8729,5840.47
C320,2024-05-24T00:00:00Z,8210,MFTT432M1,MFT T43 2M1,75,77.8729,5840.47
C320,2024-05-24T00:00:00Z,8150,MFTS502M1,MFT S50 2M1,15,77.8733,1168.1
C320,2024-05-24T00:00:00Z,8120,MFTS472M1,MFT S47 2M1,30,77.873,2336.19
C320,2024-05-24T00:00:00Z,8090,MFTR472M1,MFT R47 2M1,60,77.8728,4672.37
C320,2024-05-24T00:00:00Z,8060,MFTR452M1,MFT R45 2M1,75,77.8729,5840.47
C320,2024-05-24T00:00:00Z,8252,MFTT463M2,MFT T46 3M2,285,77.873,22193.805
C320,2024-05-24T00:00:00Z,8282,MFTT493M2,MFT T49 3M2,180,77.8729,14017.122
C320,2024-05-24T00:00:00Z,7655,MFTL343R2.5,MFT L34 3R2.5,10,77.873,778.73
C320,2024-05-24T00:00:00Z,7685,MFTL373R2.5,MFT L37 3R2.5,30,77.873,2336.19
C320,2024-05-24T00:00:00Z,7745,MFTL403R2.5,MFT L40 3R2.5,45,77.8731,3504.29
C320,2024-05-24T00:00:00Z,8006,MFTPU333L1.5,MFT PU33 3L1.5,90,78.5061,7065.549
C320,2024-05-24T00:00:00Z,7907,MFTPL332L1.5,MFT PL33 2L1.5,160,78.5061,12560.976
C320,2024-05-24T00:00:00Z,7877,MFTPL312L1.5,MFT PL31 2L1.5,180,78.5061,14131.098
C320,2024-05-24T00:00:00Z,7847,MFTPL292L1.5,MFT PL29 2L1.5,60,78.506,4710.36
C320,2024-05-24T00:00:00Z,7994,MFTPU331M1,MFT PU33 1M1,140,78.5061,10990.854000000001
C320,2024-05-24T00:00:00Z,7964,MFTPU311M1,MFT PU31 1M1,150,78.5061,11775.915
C320,2024-05-24T00:00:00Z,7934,MFTPU291M1,MFT PU29 1M1,30,78.5063,2355.19
C320,2024-05-24T00:00:00Z,7904,MFTPL331M1,MFT PL33 1M1,100,78.5061,7850.610000000001
C320,2024-05-24T00:00:00Z,7874,MFTPL311M1,MFT PL31 1M1,140,78.5061,10990.854000000001
C320,2024-05-24T00:00:00Z,7844,MFTPL291M1,MFT PL29 1M1,60,78.506,4710.36
C320,2024-05-24T00:00:00Z,7961,MFTPU310M3,MFT PU31 0M3,20,78.506,1570.12
C320,2024-05-24T00:00:00Z,7901,MFTPL330M3,MFT PL33 0M3,30,78.5063,2355.19
C320,2024-05-24T00:00:00Z,7871,MFTPL310M3,MFT PL31 0M3,20,78.506,1570.12
C320,2024-05-24T00:00:00Z,7898,MFTPL314M2,MFT PL31 4M2,30,78.5063,2355.19
C320,2024-05-24T00:00:00Z,8012,MFTPU333M2,MFT PU33 3M2,800,78.5061,62804.880000000005
C320,2024-05-24T00:00:00Z,7928,MFTPL334M2,MFT PL33 4M2,80,78.5061,6280.49
C320,2024-05-24T00:00:00Z,7988,MFTPU314M2,MFT PU31 4M2,80,78.5061,6280.49
C320,2024-05-24T00:00:00Z,8015,MFTPU333R2.5,MFT PU33 3R2.5,230,78.5061,18056.403000000002
C320,2024-05-24T00:00:00Z,7985,MFTPU313R2.5,MFT PU31 3R2.5,110,78.5062,8635.682
C320,2024-05-24T00:00:00Z,7925,MFTPL333R2.5,MFT PL33 3R2.5,160,78.5061,12560.976
C320,2024-05-24T00:00:00Z,8018,MFTPU334M2,MFT PU33 4M2,110,78.5062,8635.682
C320,2024-05-24T00:00:00Z,7982,MFTPU313M2,MFT PU31 3M2,800,78.5061,62804.880000000005
C320,2024-05-24T00:00:00Z,7922,MFTPL333M2,MFT PL33 3M2,740,78.5061,58094.514
C320,2024-05-24T00:00:00Z,7892,MFTPL313M2,MFT PL31 3M2,700,78.5061,54954.270000000004
C320,2024-05-24T00:00:00Z,7862,MFTPL293M2,MFT PL29 3M2,110,78.5062,8635.682
C320,2024-05-24T00:00:00Z,7895,MFTPL313R2.5,MFT PL31 3R2.5,110,78.5062,8635.682
C320,2024-05-24T00:00:00Z,8075,MFTR453R2.5,MFT R45 3R2.5,30,77.873,2336.19
C320,2024-05-24T00:00:00Z,8057,MFTR452L1.5,MFT R45 2L1.5,30,77.873,2336.19
C320,2024-05-24T00:00:00Z,7610,MFTL332M1,MFT L33 2M1,30,77.873,2336.19
C320,2024-05-24T00:00:00Z,7670,MFTL372M1,MFT L37 2M1,225,77.873,17521.425
C320,2024-05-24T00:00:00Z,8105,MFTR473R2.5,MFT R47 3R2.5,15,77.8733,1168.1
C320,2024-05-24T00:00:00Z,8165,MFTS503R2.5,MFT S50 3R2.5,50,77.873,3893.65
C320,2024-05-24T00:00:00Z,7727,MFTL402L1.5,MFT L40 2L1.5,60,77.8728,4672.37
C320,2024-05-24T00:00:00Z,7667,MFTL372L1.5,MFT L37 2L1.5,120,77.873,9344.76
C320,2024-05-24T00:00:00Z,8264,MFTT491M1,MFT T49 1M1,60,77.8728,4672.37
C320,2024-05-24T00:00:00Z,8234,MFTT461M1,MFT T46 1M1,30,77.873,2336.19
C320,2024-05-24T00:00:00Z,8204,MFTT431M1,MFT T43 1M1,45,77.8731,3504.29
C320,2024-05-24T00:00:00Z,8144,MFTS501M1,MFT S50 1M1,30,77.873,2336.19
C320,2024-05-24T00:00:00Z,8054,MFTR451M1,MFT R45 1M1,20,77.8725,1557.45
C320,2024-05-24T00:00:00Z,8225,MFTT433R2.5,MFT T43 3R2.5,75,77.8729,5840.47
C320,2024-05-24T00:00:00Z,8255,MFTT463R2.5,MFT T46 3R2.5,75,77.8729,5840.47
C320,2024-05-24T00:00:00Z,8285,MFTT493R2.5,MFT T49 3R2.5,75,77.8729,5840.47
C320,2024-05-24T00:00:00Z,7724,MFTL401M1,MFT L40 1M1,15,77.8733,1168.1
C320,2024-05-24T00:00:00Z,7664,MFTL371M1,MFT L37 1M1,105,77.873,8176.665000000001
C320,2024-05-24T00:00:00Z,7634,MFTL341M1,MFT L34 1M1,75,77.8729,5840.47
C320,2024-05-24T00:00:00Z,8141,MFTS500M3,MFT S50 0M3,5,77.874,389.37
C320,2024-05-24T00:00:00Z,8108,MFTR474M2,MFT R47 4M2,15,77.8733,1168.1
C320,2024-05-24T00:00:00Z,8168,MFTS504M2,MFT S50 4M2,30,77.873,2336.19
C320,2024-05-24T00:00:00Z,7691,MFTL37LN0M3,MFT L37LN 0M3,5,77.874,389.37
C320,2024-05-24T00:00:00Z,7631,MFTL340M3,MFT L34 0M3,30,77.873,2336.19
C320,2024-05-24T00:00:00Z,7730,MFTL402M1,MFT L40 2M1,195,77.873,15185.235
C320,2024-05-24T00:00:00Z,7742,MFTL403M2,MFT L40 3M2,180,77.8729,14017.122
C320,2024-05-24T00:00:00Z,7682,MFTL373M2,MFT L37 3M2,375,77.873,29202.375
C320,2024-05-24T00:00:00Z,7652,MFTL343M2,MFT L34 3M2,240,77.873,18689.52
C320,2024-05-24T00:00:00Z,7739,MFTL403L2.5,MFT L40 3L2.5,30,77.873,2336.19
C320,2024-05-24T00:00:00Z,8273,MFTT492M2,MFT T49 2M2,300,77.873,23361.9
C320,2024-05-24T00:00:00Z,8243,MFTT462M2,MFT T46 2M2,430,77.873,33485.39
C320,2024-05-24T00:00:00Z,8213,MFTT432M2,MFT T43 2M2,530,77.873,41272.69
C320,2024-05-24T00:00:00Z,8153,MFTS502M2,MFT S50 2M2,150,77.873,11680.95
C320,2024-05-24T00:00:00Z,8123,MFTS472M2,MFT S47 2M2,360,77.873,28034.280000000002
C320,2024-05-24T00:00:00Z,8093,MFTR472M2,MFT R47 2M2,210,77.873,16353.330000000002
C320,2024-05-24T00:00:00Z,8063,MFTR452M2,MFT R45 2M2,225,77.873,17521.425
C320,2024-05-24T00:00:00Z,8072,MFTR453M2,MFT R45 3M2,240,77.873,18689.52
C320,2024-05-24T00:00:00Z,8132,MFTS473M2,MFT S47 3M2,180,77.8729,14017.122
C320,2024-05-24T00:00:00Z,8162,MFTS503M2,MFT S50 3M2,105,77.873,8176.665000000001
C320,2024-05-24T00:00:00Z,8222,MFTT433M2,MFT T43 3M2,300,77.873,23361.9
C320,2024-05-24T00:00:00Z,7793,MFTO442M2,MFT O44 2M2,210,77.873,16353.330000000002
C320,2024-05-24T00:00:00Z,7733,MFTL402M2,MFT L40 2M2,450,77.873,35042.85
C320,2024-05-24T00:00:00Z,7673,MFTL372M2,MFT L37 2M2,615,77.873,47891.895000000004
C320,2024-05-24T00:00:00Z,7643,MFTL342M2,MFT L34 2M2,810,77.873,63077.130000000005
C320,2024-05-24T00:00:00Z,8240,MFTT462M1,MFT T46 2M1,60,77.8728,4672.37
C320,2024-05-24T00:00:00Z,7118,LIN22LSUP2M2,LINGOFORM 22L SUPERIOR 2M2,5,234.434,1172.17
C320,2024-05-24T00:00:00Z,7160,LIN23LSUPA2,LINGOFORM 23L SUPERIOR A2,5,234.434,1172.17
C320,2024-05-24T00:00:00Z,7109,LIN22LINFA2,LINGOFORM 22L INFERIOR A2,5,234.434,1172.17
C320,2024-05-24T00:00:00Z,7127,LIN22LSUPA2,LINGOFORM 22L SUPERIOR A2,5,234.434,1172.17
C320,2024-05-24T00:00:00Z,10100,PHYO3M3R2.5,PHYSIODENS O3M 3R2.5,3,301.5567,904.67
C320,2024-05-24T00:00:00Z,9902,PHYL7L3R2.5,PHYSIODENS L7L 3R2.5,5,301.588,1507.94
C320,2024-05-24T00:00:00Z,10343,PHYT2S3M2,PHYSIODENS T2S 3M2,5,301.588,1507.94
C321,2024-05-24T00:00:00Z,91350,BOMVAC110V,VITA BOMBA DE VACIO PARA HORNO 110V,5,10264.378,51321.89
C320,2024-05-24T00:00:00Z,9587,PHYL1S3M2,PHYSIODENS L1S 3M2,10,301.588,3015.88
C320,2024-05-24T00:00:00Z,10688,PHYT8L3M1,PHYSIODENS T8L 3M1,5,301.588,1507.94
C320,2024-05-24T00:00:00Z,9584,PHYL1S3M1,PHYSIODENS L1S 3M1,5,301.588,1507.94
C320,2024-05-24T00:00:00Z,9620,PHYL2M2M3,PHYSIODENS L2M 2M3,5,301.588,1507.94
C320,2024-05-24T00:00:00Z,10868,PHYX3L2M2,PHYSIODENS X3L 2M2,5,301.588,1507.94
C320,2024-05-24T00:00:00Z,10772,PHYX1M2M2,PHYSIODENS X1M 2M2,15,301.588,4523.82
C320,2024-05-24T00:00:00Z,10268,PHYT1S2M2,PHYSIODENS T1S 2M2,15,301.588,4523.82
C320,2024-05-24T00:00:00Z,9977,PHYO1S2M2,PHYSIODENS O1S 2M2,5,301.588,1507.94
C320,2024-05-24T00:00:00Z,10865,PHYX3L2M1,PHYSIODENS X3L 2M1,5,301.588,1507.94
C320,2024-05-24T00:00:00Z,10517,PHYT6L2M1,PHYSIODENS T6L 2M1,2,301.635,603.27
C320,2024-05-24T00:00:00Z,10319,PHYT2S2M1,PHYSIODENS T2S 2M1,5,301.588,1507.94
C320,2024-05-24T00:00:00Z,10955,PHYZ2S2L1.5,PHYSIODENS Z2S 2L1.5,5,301.588,1507.94
C320,2024-05-24T00:00:00Z,10907,PHYZ1S2L1.5,PHYSIODENS Z1S 2L1.5,5,301.588,1507.94
C320,2024-05-24T00:00:00Z,10757,PHYX1M1M1,PHYSIODENS X1M 1M1,6,301.5967,1809.58
C320,2024-05-24T00:00:00Z,10655,PHYT8L1M1,PHYSIODENS T8L 1M1,5,301.588,1507.94
C320,2024-05-24T00:00:00Z,10751,PHYX1M0M1,PHYSIODENS X1M 0M1,5,301.588,1507.94
C320,2024-05-24T00:00:00Z,9599,PHYL2M0M3,PHYSIODENS L2M 0M3,5,301.588,1507.94
C320,2024-05-24T00:00:00Z,9761,PHYL5M0M3,PHYSIODENS L5M 0M3,5,301.588,1507.94
C320,2024-05-24T00:00:00Z,9959,PHYO1S0M3,PHYSIODENS O1S 0M3,5,301.588,1507.94
C320,2024-05-24T00:00:00Z,10652,PHYT8L0M3,PHYSIODENS T8L 0M3,5,301.588,1507.94
C320,2024-05-24T00:00:00Z,10754,PHYX1M0M3,PHYSIODENS X1M 0M3,5,301.588,1507.94
C320,2024-05-24T00:00:00Z,9551,PHYL1S1M1,PHYSIODENS L1S 1M1,5,301.588,1507.94
C320,2024-05-24T00:00:00Z,9656,PHYL3M1M1,PHYSIODENS L3M 1M1,10,301.588,3015.88
C320,2024-05-24T00:00:00Z,10505,PHYT6L1M1,PHYSIODENS T6L 1M1,5,301.588,1507.94
C320,2024-05-24T00:00:00Z,9962,PHYO1S1M1,PHYSIODENS O1S 1M1,3,301.5567,904.67
C320,2024-05-24T00:00:00Z,9764,PHYL5M1M1,PHYSIODENS L5M 1M1,5,301.588,1507.94
C320,2024-05-24T00:00:00Z,9077,PHY21EINF3M1,PHYSIODENS 21E INFERIOR 3M1,5,255.596,1277.98
C320,2024-05-24T00:00:00Z,9230,PHY22ESUP3M1,PHYSIODENS 22E SUPERIOR 3M1,5,255.596,1277.98
C320,2024-05-24T00:00:00Z,9254,PHY23EINF2L1.5,PHYSIODENS 23E INFERIOR 2L1.5,5,255.596,1277.98
C320,2024-05-24T00:00:00Z,9131,PHY21ESUP3M2,PHYSIODENS 21E SUPERIOR 3M2,15,255.5967,3833.95
C320,2024-05-24T00:00:00Z,9080,PHY21EINF3M2,PHYSIODENS 21E INFERIOR 3M2,10,255.597,2555.97
C320,2024-05-24T00:00:00Z,9233,PHY22ESUP3M2,PHYSIODENS 22E SUPERIOR 3M2,5,255.596,1277.98
C320,2024-05-24T00:00:00Z,9182,PHY22EINF3M2,PHYSIODENS 22E INFERIOR 3M2,5,255.596,1277.98
C320,2024-05-24T00:00:00Z,9335,PHY23ESUP3M2,PHYSIODENS 23E SUPERIOR 3M2,10,255.597,2555.97
C320,2024-05-24T00:00:00Z,9284,PHY23EINF3M2,PHYSIODENS 23E INFERIOR 3M2,5,255.596,1277.98
C320,2024-05-24T00:00:00Z,9437,PHY24ESUP3M2,PHYSIODENS 24E SUPERIOR 3M2,6,255.5817,1533.49
C320,2024-05-24T00:00:00Z,9386,PHY24EINF3M2,PHYSIODENS 24E INFERIOR 3M2,10,255.597,2555.97
C320,2024-05-24T00:00:00Z,9533,PHY25ESUP3M2,PHYSIODENS 25E SUPERIOR 3M2,10,255.597,2555.97
C320,2024-05-24T00:00:00Z,9152,PHY22EINF2L1.5,PHYSIODENS 22E INFERIOR 2L1.5,10,255.597,2555.97
C320,2024-05-24T00:00:00Z,9296,PHY23ESUP0M3,PHYSIODENS 23E SUPERIOR 0M3,5,255.596,1277.98
C320,2024-05-24T00:00:00Z,9338,PHY23ESUP3R1.5,PHYSIODENS 23E SUPERIOR 3R1.5,5,255.596,1277.98
C320,2024-05-24T00:00:00Z,9239,PHY22ESUP3R2.5,PHYSIODENS 22E SUPERIOR 3R2.5,5,255.596,1277.98
C320,2024-05-24T00:00:00Z,9341,PHY23ESUP3R2.5,PHYSIODENS 23E SUPERIOR 3R2.5,5,255.596,1277.98
C320,2024-05-24T00:00:00Z,9290,PHY23EINF3R2.5,PHYSIODENS 23E INFERIOR 3R2.5,5,255.596,1277.98
C320,2024-05-24T00:00:00Z,9092,PHY21ESUP0M3,PHYSIODENS 21E SUPERIOR 0M3,5,255.596,1277.98
C320,2024-05-24T00:00:00Z,9128,PHY21ESUP3M1,PHYSIODENS 21E SUPERIOR 3M1,1,255.5,255.5
C320,2024-05-24T00:00:00Z,9320,PHY23ESUP2R1.5,PHYSIODENS 23E SUPERIOR 2R1.5,5,255.596,1277.98
C320,2024-05-24T00:00:00Z,9218,PHY22ESUP2R1.5,PHYSIODENS 22E SUPERIOR 2R1.5,5,255.596,1277.98
C320,2024-05-24T00:00:00Z,9065,PHY21EINF2R1.5,PHYSIODENS 21E INFERIOR 2R1.5,5,255.596,1277.98
C320,2024-05-24T00:00:00Z,9104,PHY21ESUP2L2.5,PHYSIODENS 21E SUPERIOR 2L2.5,5,255.596,1277.98
C320,2024-05-24T00:00:00Z,9044,PHY21EINF1M1,PHYSIODENS 21E INFERIOR 1M1,5,255.596,1277.98
C320,2024-05-24T00:00:00Z,9197,PHY22ESUP1M1,PHYSIODENS 22E SUPERIOR 1M1,10,255.597,2555.97
C320,2024-05-24T00:00:00Z,9299,PHY23ESUP1M1,PHYSIODENS 23E SUPERIOR 1M1,5,255.596,1277.98
C320,2024-05-24T00:00:00Z,9464,PHY25EINF2M2,PHYSIODENS 25E INFERIOR 2M2,5,255.596,1277.98
C320,2024-05-24T00:00:00Z,9416,PHY24ESUP2M2,PHYSIODENS 24E SUPERIOR 2M2,10,255.597,2555.97
C320,2024-05-24T00:00:00Z,9263,PHY23EINF2M2,PHYSIODENS 23E INFERIOR 2M2,5,255.596,1277.98
C320,2024-05-24T00:00:00Z,9314,PHY23ESUP2M2,PHYSIODENS 23E SUPERIOR 2M2,5,255.596,1277.98
C320,2024-05-24T00:00:00Z,9161,PHY22EINF2M2,PHYSIODENS 22E INFERIOR 2M2,10,255.597,2555.97
C320,2024-05-24T00:00:00Z,9212,PHY22ESUP2M2,PHYSIODENS 22E SUPERIOR 2M2,10,255.597,2555.97
C320,2024-05-24T00:00:00Z,9059,PHY21EINF2M2,PHYSIODENS 21E INFERIOR 2M2,5,255.596,1277.98
C320,2024-05-24T00:00:00Z,9110,PHY21ESUP2M2,PHYSIODENS 21E SUPERIOR 2M2,5,255.596,1277.98
C320,2024-05-24T00:00:00Z,8960,PHY20EINF2M2,PHYSIODENS 20E INFERIOR 2M2,15,255.5967,3833.95
C320,2024-05-24T00:00:00Z,9248,PHY23EINF1M1,PHYSIODENS 23E INFERIOR 1M1,5,255.596,1277.98
C320,2024-05-24T00:00:00Z,9308,PHY23ESUP2L2.5,PHYSIODENS 23E SUPERIOR 2L2.5,5,255.596,1277.98
C320,2024-05-24T00:00:00Z,9107,PHY21ESUP2M1,PHYSIODENS 21E SUPERIOR 2M1,5,255.596,1277.98
C320,2024-05-24T00:00:00Z,9158,PHY22EINF2M1,PHYSIODENS 22E INFERIOR 2M1,10,255.597,2555.97
C320,2024-05-24T00:00:00Z,9056,PHY21EINF2M1,PHYSIODENS 21E INFERIOR 2M1,5,255.596,1277.98
C320,2024-05-24T00:00:00Z,7973,MFTPU312M2,MFT PU31 2M2,1230,78.5061,96562.50300000001
C320,2024-05-24T00:00:00Z,7976,MFTPU313L1.5,MFT PU31 3L1.5,50,78.506,3925.3
C320,2024-05-24T00:00:00Z,7916,MFTPL333L1.5,MFT PL33 3L1.5,80,78.5061,6280.49
C320,2024-05-24T00:00:00Z,7886,MFTPL313L1.5,MFT PL31 3L1.5,40,78.506,3140.24
C320,2024-05-24T00:00:00Z,8003,MFTPU332M2,MFT PU33 2M2,1330,78.5061,104413.113
C320,2024-05-24T00:00:00Z,7943,MFTPU292M2,MFT PU29 2M2,380,78.5061,29832.318000000003
C320,2024-05-24T00:00:00Z,7913,MFTPL332M2,MFT PL33 2M2,1060,78.5061,83216.466
C320,2024-05-24T00:00:00Z,7883,MFTPL312M2,MFT PL31 2M2,1090,78.5061,85571.649
C320,2024-05-24T00:00:00Z,7853,MFTPL292M2,MFT PL29 2M2,540,78.5061,42393.294
C320,2024-05-24T00:00:00Z,8000,MFTPU332M1,MFT PU33 2M1,200,78.5061,15701.220000000001
C320,2024-05-24T00:00:00Z,7970,MFTPU312M1,MFT PU31 2M1,310,78.5061,24336.891
C320,2024-05-24T00:00:00Z,7940,MFTPU292M1,MFT PU29 2M1,90,78.5061,7065.549
C320,2024-05-24T00:00:00Z,7910,MFTPL332M1,MFT PL33 2M1,250,78.5061,19626.525
C320,2024-05-24T00:00:00Z,7880,MFTPL312M1,MFT PL31 2M1,160,78.5061,12560.976
C320,2024-05-24T00:00:00Z,7850,MFTPL292M1,MFT PL29 2M1,60,78.506,4710.36
C320,2024-05-24T00:00:00Z,7997,MFTPU332L1.5,MFT PU33 2L1.5,180,78.5061,14131.098
C320,2024-05-24T00:00:00Z,7967,MFTPU312L1.5,MFT PU31 2L1.5,210,78.5061,16486.281
C320,2024-05-24T00:00:00Z,7937,MFTPU292L1.5,MFT PU29 2L1.5,90,78.5061,7065.549
C324,2024-05-29T00:00:00Z,114072,LAPTOPG,LAPTOP G,1,18566.79,18566.79
C326,2024-06-05T00:00:00Z,118619,29343000,SILENT COMPACTCAM,1,32860.01,32860.01
C325,2024-06-06T00:00:00Z,118619,29343000,SILENT COMPACTCAM,1,27802.48,27802.48
C328,2024-06-10T00:00:00Z,114072,LAPTOPG,LAPTOP G,1,18673.66,18673.66
C327,2024-06-11T00:00:00Z,288650,767545,DISCO ZOLID GEN X A2 98 X 18 F,50,1590.3194,79515.97
C327,2024-06-11T00:00:00Z,288647,767544,DISCO ZOLID GEN X A2 98 X 16 F ZRO2,150,1485.7159,222857.38499999998
C327,2024-06-11T00:00:00Z,288467,767541,DISCO ZOLID GEN X A1 98 X 25 F ZRO2,4,2083.3875,8333.55
C327,2024-06-11T00:00:00Z,288461,767538,DISCO ZOLID GEN X A1 98 X 18 F,50,1590.3194,79515.97
C327,2024-06-11T00:00:00Z,288458,767536,DISCO ZOLID GEN X A1 98 X 14 F ZRO2,1,1375.04,1375.04
C327,2024-06-11T00:00:00Z,288453,767658,DISCO CERAMILL ZOLID FX ML D2/D3 98 X 16 F,30,2373.543,71206.29000000001
C327,2024-06-11T00:00:00Z,288446,767643,DISCO CERAMILL ZOLID FX ML 0/B1 98 X 16 F,40,2373.543,94941.72
C327,2024-06-11T00:00:00Z,288443,767637,DISCO CERAMILL ZOLID FX ML A2/A3 98 X 16 F,150,2373.5431,356031.46499999997
C327,2024-06-11T00:00:00Z,288464,767540,DISCO ZOLID GEN X A1 98 X 22 F ZRO2,58,1909.7722,110766.78760000001
C327,2024-06-11T00:00:00Z,288674,767579,DISCO ZOLID GEN X B2 98 X 16 F,30,1486.15,44584.5
C327,2024-06-11T00:00:00Z,288656,767547,DISCO ZOLID GEN X A2 98 X 22 F ZRO2,50,1909.7722,95488.61
C327,2024-06-11T00:00:00Z,288653,767546,DISCO ZOLID GEN X A2 98 X 20 F,50,1715.3226,85766.13
C327,2024-06-11T00:00:00Z,96744,761086,DISCO A SPLINT 98 X 20 PMMA,50,644.1142,32205.71
C327,2024-06-11T00:00:00Z,4262,760975,ADDITIONAL ADAPTER CEREC 3 STK,15,1625.4767,24382.15
C327,2024-06-11T00:00:00Z,4244,760676,FRESA DIAMOND RFID 1.8 DM,150,520.63,78094.5
C327,2024-06-11T00:00:00Z,115691,218140,PLATO ESTANDAR INC 218141 218142,2,574.235,1148.47
C327,2024-06-11T00:00:00Z,115683,217586,SUJETAESPIGA,2,916.04,1832.08
C327,2024-06-11T00:00:00Z,288440,181410,MOTION DRS ZIRKON FRASEN SET,3,30838.48,92515.44
C327,2024-06-11T00:00:00Z,121370,181362,BLANK HOLDER BLOCS 3X UN MOTION 3,8,25050.5688,200404.5504
C327,2024-06-11T00:00:00Z,234076,180357,WATER TANK GLASS CERAMIC MOTION DRS,2,10163.03,20326.06
C327,2024-06-11T00:00:00Z,85786,180205,ELEMENTO CALEFACTOR T3 AT2 4PCS,5,16862.422,84312.10999999999
C327,2024-06-11T00:00:00Z,90285,179156,CERAMILL MIND + MATCH 2,2,106187.68,212375.36
C327,2024-06-11T00:00:00Z,3614,178740,CERAMILL ARGOTHERM 2 INCL ARGOVENT,2,213134.92,426269.84
C327,2024-06-11T00:00:00Z,3575,178380,CERAMILL THERM 3,3,151761.7833,455285.34990000003
C327,2024-06-11T00:00:00Z,288680,768272,DISCO ZOLID BION A2 98 X 20 F,50,3354.2546,167712.73
C327,2024-06-11T00:00:00Z,195317,768278,DISCO ZOLID BION A3 98 X 16 F ZRO2,30,2953.2023,88596.069
C327,2024-06-11T00:00:00Z,195307,768270,DISCO ZOLID BION A2 98 X 16 F ZRO2,20,2953.202,59064.04
C327,2024-06-11T00:00:00Z,195303,768265,DISCO ZOLID BION A1 98 X 25 FZRO2,20,3986.2155,79724.31
C327,2024-06-11T00:00:00Z,195299,768264,DISCO ZOLID BION A1 98 X 20 F ZRO2,34,3354.2544,114044.64959999999
C327,2024-06-11T00:00:00Z,195283,768232,DISCO ZOLID BION BL1 98 X 20 F ZRO2,11,3354.2545,36896.7995
C327,2024-06-11T00:00:00Z,288677,768230,DISCO ZOLID BION BL1 98 X 16 F,25,2953.2024,73830.06
C327,2024-06-11T00:00:00Z,288671,767575,DISCO ZOLID GEN X B1 98 X 22 F,30,1909.121,57273.63
C327,2024-06-11T00:00:00Z,288668,767552,DISCO ZOLID GEN X A3 98 X 18 F,20,1590.3195,31806.39
C327,2024-06-11T00:00:00Z,288665,767551,DISCO ZOLID GEN X A3 98 X 16 F ZRO2,50,1485.7158,74285.79
C327,2024-06-11T00:00:00Z,288662,767550,DISCO ZOLID GEN X A3 98 X 14 F,37,1375.0362,50876.34
C327,2024-06-11T00:00:00Z,288659,767548,DISCO ZOLID GEN X A2 98 X 25 F,30,2082.737,62482.11
C327,2024-06-11T00:00:00Z,288683,768302,DISCO ZOLID BION B1 98 X 16 F,50,2953.2024,147660.12
C329,2024-06-19T00:00:00Z,118619,29343000,SILENT COMPACTCAM,1,26956.54,26956.54
C330,2024-07-08T00:00:00Z,99069,106652,THERMO COUPLE 664 I/674 I EXTENDED 90° COMPLETE,2,14016.295,28032.59
C331,2024-07-15T00:00:00Z,84025,INTSCAI700,MEDIT INTRA ORAL SCANNER I700,15,44476.044,667140.66
C331,2024-07-15T00:00:00Z,291541,3A0111307C0,ASSY CALIBRATION IO1 PARA I500,2,6414.82,12829.64
C332,2024-07-16T00:00:00Z,141601,DENTALCADFLEXUNI,DENTALCAD EDUCATIONAL FLEX UNIVERSIDADES,24,11114.8125,266755.5
C332,2024-07-16T00:00:00Z,292624,DENTALCADEXOPLANUNI,DENTALCAD EDUCATIONAL FLEX EXOPLAN UNIVERSIDADES,33,11114.8124,366788.8092
C333,2024-07-23T00:00:00Z,292787,APW9825SHT-APMOM1,MICRA 98 X 25MM OM1,90,1498.3062,134847.558
C333,2024-07-23T00:00:00Z,86926,APG401514MLA3,CAMEO MILL BLOCS BOX B40 LT A3,10,2247.459,22474.59
C333,2024-07-23T00:00:00Z,86918,CMBBB40LTA1,CAMEO MILL BLOCS BOX B40 LT A1,5,2247.458,11237.29
C333,2024-07-23T00:00:00Z,86619,CMBBC14LTBL1,CAMEO MILL BLOCS BOX C14 LT BL1,20,749.1535,14983.07
C333,2024-07-23T00:00:00Z,5756,CMBBC14HTA1,CAMEO MILL BLOCS BOX C14 HT A1,250,749.1532,187288.3
C333,2024-07-23T00:00:00Z,5816,CPIBLTA1,CAMEO PRESS INGOT BOX LT A1,400,428.0875,171235.0
C333,2024-07-23T00:00:00Z,5771,APG181315MLA2,CAMEO MILL BLOCS BOX C14 LT A2,300,749.1532,224745.96
C333,2024-07-23T00:00:00Z,5819,CPIBLTA2,CAMEO PRESS INGOT BOX LT A2,500,428.0875,214043.75
C333,2024-07-23T00:00:00Z,86616,APG181315MLBL2,CAMEO MILL BLOCS BOX C14 LT BL2,80,749.1531,59932.25
C333,2024-07-23T00:00:00Z,5804,CPIBHTA2,CAMEO PRESS INGOT BOX HT A2,1000,428.0875,428087.5
C333,2024-07-23T00:00:00Z,5774,APG181315MLA3,CAMEO MILL BLOCS BOX C14 LT A3,30,749.153,22474.59
C333,2024-07-23T00:00:00Z,86923,CMBBB40LTA2,CAMEO MILL BLOCS BOX B40 LT A2,40,2247.4595,89898.38
C333,2024-07-23T00:00:00Z,86613,CPIBLTBL1,CAMEO PRESS INGOT BOX LT BL1,50,428.0876,21404.38
C333,2024-07-23T00:00:00Z,86610,CPIBLTBL2,CAMEO PRESS INGOT BOX LT BL2,70,428.0874,29966.12
C333,2024-07-23T00:00:00Z,218183,CMBBC14HTBL2,CAMEO MILL BLOCS BOX C14 HT BL2,70,749.1533,52440.73
C333,2024-07-23T00:00:00Z,5765,CMBBC14HTBL3W3,CAMEO MILL BLOCS BOX C14 HT BL3/W3,70,749.1533,52440.73
C333,2024-07-23T00:00:00Z,5801,APG12.510PA1,CAMEO PRESS INGOT BOX HT A1,900,428.0875,385278.75
C333,2024-07-23T00:00:00Z,5762,APG181315MB1,CAMEO MILL BLOCS BOX C14 HT B1,200,749.1532,149830.63999999998
C333,2024-07-23T00:00:00Z,5777,APG181315MLB1,CAMEO MILL BLOCS BOX C14 LT B1,200,749.1532,149830.63999999998
C333,2024-07-23T00:00:00Z,102233,DBSOLIDWAX98X20,DISCO BLUE SOLID WAX 98 X 20MM,300,107.0219,32106.57
C333,2024-07-23T00:00:00Z,5759,CMBBC14HTA2,CAMEO MILL BLOCS BOX C14 HT A2,200,749.1532,149830.63999999998
C333,2024-07-23T00:00:00Z,292790,APW9830SHT-APMOM2,DISCO MICRA DISC 98X30 MM OM2,10,1605.328,16053.28
C333,2024-07-23T00:00:00Z,5768,APG181315MLA1,CAMEO MILL BLOCS BOX C14 LT A1,250,749.1532,187288.3
C337,2024-07-31T00:00:00Z,293317,218697,SOPORTE TORNILLO DE PALANCA,1,468.93,468.93
C335,2024-07-31T00:00:00Z,83401,AR175,REPL BLOWER 120V INFINITY,7,5056.7971,35397.5797
C335,2024-07-31T00:00:00Z,98024,AR396,REPL. BLOWER 230V (INFINITY),5,4365.436,21827.18
C337,2024-07-31T00:00:00Z,293314,218693,TORNILLO PARA PUENTE NASAL,1,351.7,351.7
C337,2024-07-31T00:00:00Z,121370,181362,BLANK HOLDER BLOCS 3X UN MOTION 3,2,27616.76,55233.52
C337,2024-07-31T00:00:00Z,85697,179327,CONTROL M2I DNA GENERATION,1,43376.23,43376.23
C337,2024-07-31T00:00:00Z,85538,179232,JAEGER SPINDLE 100K SHF,1,56590.07,56590.07
C337,2024-07-31T00:00:00Z,3581,178383,THERM 3 ZOLID BANDEJA SINTERIZ APILABLE,1,4337.62,4337.62
C337,2024-07-31T00:00:00Z,85835,760666,FRESA ROTO RFID 0.6 SINTRON,10,992.893,9928.93
C337,2024-07-31T00:00:00Z,4241,760663,FRESA ROTO RFID 0.3 ZI,42,992.8921,41701.47
C337,2024-07-31T00:00:00Z,85844,760669,FRESA ROTO RFID 1.0 PMMA WAX DM 1.0,83,1016.8173,84395.8359
C337,2024-07-31T00:00:00Z,85848,760670,FRESA ROTO RFID 0.6 PMMA WAX DM 0.6,62,1016.8174,63042.6788
C337,2024-07-31T00:00:00Z,85851,760671,FRESA ROTO RFID 0.3 PMMA WAX DM 0.3,21,1016.8176,21353.17
C337,2024-07-31T00:00:00Z,85854,760672,FRESA ROTO RFID 2.0 TI DM 2.0,5,657.94,3289.7
C337,2024-07-31T00:00:00Z,4250,760678,"FRESA DIAMOND RFID 1,0 DM",21,538.3152,11304.62
C337,2024-07-31T00:00:00Z,4253,760679,FRESA ROTO RFID 0.4 DM,21,538.3152,11304.62
C337,2024-07-31T00:00:00Z,92435,760681,FRESA ROTO RFID 1.0  SC DM,31,980.9297,30408.82
C337,2024-07-31T00:00:00Z,85860,760683,FRESA ROTO RFID 0.3 SC DM 0.3,21,1016.8176,21353.17
C337,2024-07-31T00:00:00Z,293320,767519,DISCO CERAMILL SINTRON 98 X 14 F,40,4287.3803,171495.212
C337,2024-07-31T00:00:00Z,293323,767534,DISCO ZOLID GEN X BL3 98 X 25 F ZRO2,10,2296.811,22968.11
C337,2024-07-31T00:00:00Z,293327,767537,DISCO ZOLID GEN X A1 98 X 16 F ZRO2,100,1638.3918,163839.18000000002
C337,2024-07-31T00:00:00Z,288647,767544,DISCO ZOLID GEN X A2 98 X 16 F ZRO2,100,1638.3918,163839.18000000002
C337,2024-07-31T00:00:00Z,288671,767575,DISCO ZOLID GEN X B1 98 X 22 F,20,2105.41,42108.2
C337,2024-07-31T00:00:00Z,293330,767576,DISCO ZOLID GEN X B1 98 X 25 F ZRO2,30,2296.811,68904.33
C337,2024-07-31T00:00:00Z,288443,767637,DISCO CERAMILL ZOLID FX ML A2/A3 98 X 16 F,100,2616.6897,261668.97
C337,2024-07-31T00:00:00Z,288446,767643,DISCO CERAMILL ZOLID FX ML 0/B1 98 X 16 F,40,2616.6898,104667.592
C337,2024-07-31T00:00:00Z,293333,767760,DISCO ZOLID GEN X BL1 98 X 25 F ZRO2,30,2296.811,68904.33
C337,2024-07-31T00:00:00Z,4232,760660,FRESA ROTO RFID 2.5 ZI DM,209,992.8922,207514.4698
C337,2024-07-31T00:00:00Z,99530,760300,DISCO CERAMILL TEST 98 X 20,40,586.1653,23446.61
C337,2024-07-31T00:00:00Z,170068,751015,FRESA ROTO RFID 1.8 T SHAPE,3,657.94,1973.82
C337,2024-07-31T00:00:00Z,170076,751014,FRESA ROTO RFID 2.0 T SHAPE,3,657.94,1973.82
C337,2024-07-31T00:00:00Z,102045,751008,FRESA ROTO RFID 0.4 DIAMOND BLG,42,968.4888,40676.53
C337,2024-07-31T00:00:00Z,102042,751006,FRESA ROTO RFID 1.0 DIAMOND BLG,104,968.4887,100722.8248
C337,2024-07-31T00:00:00Z,102036,751004,FRESA ROTO RFID 2.0 DIAMOND BLG,42,968.4888,40676.53
C337,2024-07-31T00:00:00Z,4019,751003,FRESA ROTO RFID 1.5 T SHAPE,21,1303.9186,27382.29
C337,2024-07-31T00:00:00Z,3992,576790,ADAPTADOR GIROFORM PARA VERTEX,2,368.445,736.89
C337,2024-07-31T00:00:00Z,3986,576770,SEMIPLACA DE BASE GIROFORM 100PCS,3,904.3667,2713.1
C337,2024-07-31T00:00:00Z,4235,760661,FRESA ROTO RFID 1.0 ZI DM,104,992.8922,103260.7888
C337,2024-07-31T00:00:00Z,4238,760662,FRESA ROTO RFID 0.6 ZI DM,52,992.8921,51630.39
C337,2024-07-31T00:00:00Z,85841,760668,FRESA ROTO RFID 2.5 PMMA WAX DM 2.5,83,1016.8173,84395.8359
C338,2024-08-02T00:00:00Z,114072,LAPTOPG,LAPTOP G,1,18178.86,18178.86
C339,2024-08-07T00:00:00Z,293539,D62029B,LIFT MODULE,2,1316.695,2633.39
C341,2024-08-08T00:00:00Z,89454,900037226,TURBINA SILENT COMPACT,1,3155.5,3155.5
C340,2024-08-21T00:00:00Z,118619,29343000,SILENT COMPACTCAM,1,27765.23,27765.23
C342,2024-08-30T00:00:00Z,103959,72000205,PASTA GRIGIA I,50,792.5946,39629.73
C342,2024-08-30T00:00:00Z,103873,24000001,MOCK UP SET A1,10,2977.063,29770.63
C342,2024-08-30T00:00:00Z,116985,25102005,ANAXGUM GINGIVA PASTE DARK PINK 4G,3,1318.5733,3955.72
C342,2024-08-30T00:00:00Z,103877,24000002,MOCK UP SET A2,10,2977.063,29770.63
C342,2024-08-30T00:00:00Z,103962,72000210,PASTA GRIGIA II,20,1007.39,20147.8
C342,2024-08-30T00:00:00Z,116943,20302003,ANAXBLEND PASTEN OPAQUER O A2 3G,3,547.9967,1643.99
C342,2024-08-30T00:00:00Z,117016,25205003,ANAXGUM PAINT YELLOW 3G,2,1256.285,2512.57
C342,2024-08-30T00:00:00Z,117011,25204003,ANAXGUM PAINT DARK BROWN 3G,2,1255.75,2511.5
C342,2024-08-30T00:00:00Z,116847,20225003,ANAXBLEND ENAMEL SCHNEIDE S AB FLOW 3G,5,528.396,2641.98
C342,2024-08-30T00:00:00Z,103956,72000200,PASTA ROSSA 3G,100,691.6409,69164.09
C342,2024-08-30T00:00:00Z,116775,16012076,VISCO III A2 76G,20,1774.4775,35489.55
C342,2024-08-30T00:00:00Z,103944,25001000,ANAXGUM KIT S,5,4381.556,21907.78
C342,2024-08-30T00:00:00Z,103894,200000S5,ANAXBLEND KIT S PASTE,10,3352.417,33524.17
C342,2024-08-30T00:00:00Z,116929,20011005,ANAXBLEND DENTIN D A1 PASTE 4G,5,638.21,3191.05
C342,2024-08-30T00:00:00Z,116933,20012005,ANAXBLEND DENTIN D A2 PASTE 4G,5,638.21,3191.05
C342,2024-08-30T00:00:00Z,103845,16000005,NEW OUTLINE INTRO KIT,20,1236.9525,24739.05
C342,2024-08-30T00:00:00Z,116840,20212003,ANAXBLEND DENTN D A2 FLOW 3G,10,528.396,5283.96
C343,2024-09-05T00:00:00Z,295130,PN/00194,ASIGA FLASH LAMP UV,3,1252.0333,3756.1
C343,2024-09-05T00:00:00Z,295127,PN/07419,2L ULTRA ENDURANCE BUILD TRAY,4,1160.975,4643.9
C343,2024-09-05T00:00:00Z,295124,PN/07422,2L ULTRA ULTRAGLOSS BUILD TRAY,2,1434.15,2868.3
C343,2024-09-05T00:00:00Z,295121,PN/05220,1L MAX LOW FORCE BUILD TRAY,3,1160.9767,3482.93
C343,2024-09-05T00:00:00Z,85169,PN/02499,1L MAX UNIVERSAL BUILD TRAY,10,1160.976,11609.76
C343,2024-09-05T00:00:00Z,95540,PN/03000,RESINA DENTAMODEL 1KG BOTTLE ,6,1252.0333,7512.2
C343,2024-09-05T00:00:00Z,295118,P-0044,BUNDLED 1L MAX BUILD TRAY,6,1252.0333,7512.2
C343,2024-09-05T00:00:00Z,97753,PN/03808,RESINA DENTAGUM 500G BOTTLE,2,1138.215,2276.43
C343,2024-09-05T00:00:00Z,95540,PN/03000,RESINA DENTAMODEL 1KG BOTTLE ,15,1593.4973,23902.46
C343,2024-09-05T00:00:00Z,95540,PN/03000,RESINA DENTAMODEL 1KG BOTTLE ,3,1252.0333,3756.1
C343,2024-09-05T00:00:00Z,85161,PN/02391,IMPRESORA 3D MAX UV 110-220V,6,129266.7867,775600.7202
C343,2024-09-05T00:00:00Z,295114,PN/07323,IMPRESORA 3D ULTRA 50,3,219299.39,657898.17
C343,2024-09-05T00:00:00Z,295187,PN/00194-220V,ASIGA FLASH LAMP UV 220V,6,1252.0333,7512.2
C344,2024-09-09T00:00:00Z,90282,MIGHTY4K,IMPRESORA 3D SONIC MIGHTY DE RESINA LCD 4K,200,6182.8059,1236561.1800000002
C344,2024-09-09T00:00:00Z,294850,FMTDNDVWWM,RESINA WATER WASHABLE DENTAL MODEL  BEIGE 1KG,20,305.5595,6111.19
C344,2024-09-09T00:00:00Z,294853,FMTDNJHBEM,RESINA DENTAL SERIES TEMPORARY C&B A2 1KG,30,3843.366,115300.98
C344,2024-09-09T00:00:00Z,294856,FMTDNJHCLM,RESINA DENTAL SERIES SURGICAL GUIDE CLEAR 1KG,50,2530.4146,126520.73000000001
C344,2024-09-09T00:00:00Z,294859,FMTDNJHGYM,RESINA DENTAL SERIES DENTAL PRO MODEL LIGHT GRAY 1KG,100,1193.5919,119359.18999999999
C344,2024-09-09T00:00:00Z,294862,FMTEGTRLVM,PHROZEN TR250LV HIGH TEMP RESIN GRAY 1KG,30,549.0523,16471.57
C344,2024-09-09T00:00:00Z,210364,64010200245074,RESINA AQUA 8K VANILLA 1 KG,50,644.5396,32226.98
C344,2024-09-09T00:00:00Z,294792,ECUWPST01A,PHROZEN WASH + POST PRINTING CLEANER,20,1193.592,23871.84
C344,2024-09-09T00:00:00Z,294800,FDLLU5903C,LUMII DLP 3D PRINTER,20,45332.6195,906652.39
C344,2024-09-09T00:00:00Z,180116,SONMIN8KS,IMPRESORA 3D SONIC MINI 8K S,72,6230.5496,448599.5712
C344,2024-09-09T00:00:00Z,92932,RACRYLGRAY1KG,RESINA AQUA 4K GRAY 1KG,104,549.0523,57101.43919999999
C344,2024-09-09T00:00:00Z,294795,FACAFST09C,PUMP & FILL RELLENADOR AUTOMATICO DE RESINA,35,2148.4654,75196.289
C344,2024-09-09T00:00:00Z,116749,WASHCUREKIT,PHROZEN WASH & CURE KIT,100,3461.4164,346141.64
C344,2024-09-09T00:00:00Z,294803,51010080801012,IMPRESORA 3D SONIC MIGHTY 14K REVO DESKTOP,32,16232.8497,519451.1904
C344,2024-09-09T00:00:00Z,294866,FMTST8KSGM-B,PHROZEN AQUA 8K RESIN SNOW GRAY 1KG,200,644.5396,128907.91999999998
C344,2024-09-09T00:00:00Z,5831,CURPOSUVLAMV2,CURE POST CURING UV LAMP V2,30,4296.9307,128907.921
C344,2024-09-09T00:00:00Z,5831,CURPOSUVLAMV2,CURE POST CURING UV LAMP V2,20,1193.592,23871.84
C344,2024-09-09T00:00:00Z,294792,ECUWPST01A,PHROZEN WASH + POST PRINTING CLEANER,30,13368.229,401046.87
C344,2024-09-09T00:00:00Z,294839,FMTDNDMGIS,GINGIVA MASK RESIN 0.5KG,20,305.5595,6111.19
C344,2024-09-09T00:00:00Z,294847,FMTDNDMGYM,DENTAL ORTHO MODEL GRAY 1KG,20,305.5595,6111.19
C344,2024-09-09T00:00:00Z,210342,64010200214074,RESINA AQUA 8K GRAY 1KG,200,644.5396,128907.91999999998
C344,2024-09-09T00:00:00Z,92932,RACRYLGRAY1KG,RESINA AQUA 4K GRAY 1KG,100,549.0522,54905.219999999994
C345,2024-09-17T00:00:00Z,8357,MI879,MIYO TRANS SHADE C FLUOR PASTE 4G,25,864.9068,21622.67
C345,2024-09-17T00:00:00Z,8363,MI881,MIYO GINGIVAL FLAMINGO PASTE 4G,15,864.9073,12973.61
C345,2024-09-17T00:00:00Z,8387,MI889,MIYO GINGIVAL SALMON PASTE 4G,40,864.907,34596.28
C345,2024-09-17T00:00:00Z,8393,MI891,MIYO GINGIVAL STRUCTURE ROUGE PASTE 4G,20,864.9075,17298.15
C345,2024-09-17T00:00:00Z,8396,MI892,MIYO GINGIVAL STRUCTURE FROST PASTE 4G,5,864.908,4324.54
C345,2024-09-17T00:00:00Z,8399,MI893,MIYO TRANS SAGE FLUOR PASTE 4G,5,864.908,4324.54
C345,2024-09-17T00:00:00Z,8402,MI894,MIYO TRANS COBALT FLUOR PASTE 4G,15,864.9073,12973.61
C345,2024-09-17T00:00:00Z,8405,MI895,MIYO TRANS SLATE FLUOR PASTE 4G,5,864.908,4324.54
C345,2024-09-17T00:00:00Z,8408,MI896,MIYO TRANS LUMIN PLUS FLUOR PASTE 4G,20,864.9075,17298.15
C345,2024-09-17T00:00:00Z,8417,MI950,MIYO TRANS SUNFLOWER 4G,10,864.907,8649.07
C345,2024-09-17T00:00:00Z,8420,MI951,MIYO GINGIVAL CARNATION 4G,10,864.907,8649.07
C345,2024-09-17T00:00:00Z,87152,MI952,MIYO TRANS GARNET PASTE 4G,5,864.908,4324.54
C345,2024-09-17T00:00:00Z,8426,MI993,MIYO ESTHETIC FINISHING SYSTEM KIT,20,20103.516,402070.32
C345,2024-09-17T00:00:00Z,87161,MI996,MIYO GINGIVAL FINISHING SYSTEM KIT,12,14232.3008,170787.60960000003
C345,2024-09-17T00:00:00Z,8306,MI860,MIYO TRANS STORM FLUOR PASTE 4G,30,864.907,25947.21
C345,2024-09-17T00:00:00Z,8366,MI882,MIYO GINGIVAL CRIMSON PASTE 4G,5,864.908,4324.54
C345,2024-09-17T00:00:00Z,8300,MI858,MIYO LINEN FLUOR PASTE 4G,10,864.907,8649.07
C345,2024-09-17T00:00:00Z,8297,MI857,MIYO SNOW FLUOR PASTE 4G,5,864.908,4324.54
C345,2024-09-17T00:00:00Z,8294,MI821,MIYO GINGIVAL GLAZE PASTE NO FLOUR 4G,5,864.908,4324.54
C345,2024-09-17T00:00:00Z,14291,ZR249,INSYN FC GLAZE PASTE 4G,130,644.529,83788.77
C345,2024-09-17T00:00:00Z,14288,ZR190,INSYNC ZR GLAZE LIQUID 25 ML,40,277.5483,11101.93
C345,2024-09-17T00:00:00Z,8369,MI883,MIYO GINGIVAL TRANS MIDNIGHT PASTE 4G,20,864.9075,17298.15
C345,2024-09-17T00:00:00Z,8375,MI885,MIYO GINGIVAL MERLOT PASTE 4G,60,864.9072,51894.43
C345,2024-09-17T00:00:00Z,8360,MI880,MIYO TRANS SHADE D FLUOR PASTE 4G,15,864.9073,12973.61
C345,2024-09-17T00:00:00Z,8378,MI886,MIYO GINGIVAL SORBET PASTE 4G,20,864.9075,17298.15
C345,2024-09-17T00:00:00Z,8312,MI862,MIYO TRANS STRAW FLUOR PASTE 4G,5,864.908,4324.54
C345,2024-09-17T00:00:00Z,8315,MI863,MIYO TRANS CLEMENTINE FLUOR PASTE 4G,20,864.9075,17298.15
C345,2024-09-17T00:00:00Z,8318,MI864,MIYO HALO SPRIN FLUOR PASTE 4G,15,864.9073,12973.61
C345,2024-09-17T00:00:00Z,8324,MI866,MIYO MAMELON WHEAT FLUOR PASTE 4G,10,864.907,8649.07
C345,2024-09-17T00:00:00Z,8330,MI868,MIYO MAMELON PUMPKIN FLUOR PASTE 4G,5,864.908,4324.54
C345,2024-09-17T00:00:00Z,8333,MI869,MIYO STRUCTURE WINDOW FLUOR PASTE 4G,5,864.908,4324.54
C345,2024-09-17T00:00:00Z,8336,MI870,MIYO STRUCTURE ICE FLUOR PASTE 4G,5,864.908,4324.54
C345,2024-09-17T00:00:00Z,8339,MI872,MIYO STRUCTURE ENAMEL FLUOR PASTE 4G,5,864.908,4324.54
C345,2024-09-17T00:00:00Z,8342,MI873,MIYO STRUCTURE GHOST FLUOR PASTE 4G,10,864.907,8649.07
C345,2024-09-17T00:00:00Z,8345,MI875,MIYO TRANS SMOKE FLUOR PASTE 4G,50,864.9072,43245.36
C345,2024-09-17T00:00:00Z,8351,MI877,MIYO TRANS SHADE A FLUOR PASTE 4G,70,864.907,60543.49
C345,2024-09-17T00:00:00Z,8354,MI878,MIYO TRANS SHADE B FLUOR PASTE 4G,45,864.9071,38920.82
C345,2024-09-17T00:00:00Z,8381,MI887,MIYO GINGIVAL TRANS RASPBERRY PASTE 4G,30,864.907,25947.21
C346,2024-09-17T00:00:00Z,118619,29343000,SILENT COMPACTCAM,1,27765.23,27765.23
C347,2024-09-18T00:00:00Z,92435,760681,FRESA ROTO RFID 1.0  SC DM,30,1049.9917,31499.75
C347,2024-09-18T00:00:00Z,3833,BAJA218760,BAJA ARTEX TYP CR,50,22528.6986,1126434.93
C347,2024-09-18T00:00:00Z,3827,218600,ARCO FACIAL ARTEX,50,8473.7238,423686.19
C347,2024-09-18T00:00:00Z,293327,767537,DISCO ZOLID GEN X A1 98 X 16 F ZRO2,100,1754.0854,175408.53999999998
C347,2024-09-18T00:00:00Z,293330,767576,DISCO ZOLID GEN X B1 98 X 25 F ZRO2,21,2458.9476,51637.9
C347,2024-09-18T00:00:00Z,85792,180209,A AXIS MOTOR INCL ENCODER 4X AND 5X FOR MIKRO 4X 5X MOTION 2,3,4196.89,12590.670000000002
C347,2024-09-18T00:00:00Z,3821,217991,MALETIN ARTEX,50,1336.1898,66809.49
C347,2024-09-18T00:00:00Z,3974,576702,JUEGO DE INTRODUCCION GIROFORM,10,7694.302,76943.01999999999
C347,2024-09-18T00:00:00Z,186862,181350,FRESADORA CERAMILL MOTION 3,14,518731.18,7262236.52
C347,2024-09-18T00:00:00Z,186862,181350,FRESADORA CERAMILL MOTION 3,1,518731.18,518731.18
C347,2024-09-18T00:00:00Z,92543,179164,CERAMILL MATCH 2 CAM DONGLE,15,44300.522,664507.83
C347,2024-09-18T00:00:00Z,293323,767534,DISCO ZOLID GEN X BL3 98 X 25 F ZRO2,30,2458.948,73768.44
C347,2024-09-18T00:00:00Z,4232,760660,FRESA ROTO RFID 2.5 ZI DM,191,1062.8026,202995.2966
C347,2024-09-18T00:00:00Z,4238,760662,FRESA ROTO RFID 0.6 ZI DM,98,1062.8027,104154.66459999999
C347,2024-09-18T00:00:00Z,85844,760669,FRESA ROTO RFID 1.0 PMMA WAX DM 1.0,30,1088.4247,32652.74
C347,2024-09-18T00:00:00Z,102042,751006,FRESA ROTO RFID 1.0 DIAMOND BLG,230,1037.1805,238551.51499999998
C347,2024-09-18T00:00:00Z,85841,760668,FRESA ROTO RFID 2.5 PMMA WAX DM 2.5,120,1088.4246,130610.952
C347,2024-09-18T00:00:00Z,99530,760300,DISCO CERAMILL TEST 98 X 20,40,564.9663,22598.65
C351,2024-09-18T00:00:00Z,118619,29343000,SILENT COMPACTCAM,2,27765.24,55530.48
C347,2024-09-18T00:00:00Z,96744,761086,DISCO A SPLINT 98 X 20 PMMA,70,855.5201,59886.41
C347,2024-09-18T00:00:00Z,288665,767551,DISCO ZOLID GEN X A3 98 X 16 F ZRO2,40,1754.0855,70163.42
C347,2024-09-18T00:00:00Z,293330,767576,DISCO ZOLID GEN X B1 98 X 25 F ZRO2,79,2458.948,194256.892
C347,2024-09-18T00:00:00Z,4244,760676,FRESA DIAMOND RFID 1.8 DM,50,614.673,30733.65
C347,2024-09-18T00:00:00Z,102036,751004,FRESA ROTO RFID 2.0 DIAMOND BLG,100,1037.1805,103718.04999999999
C347,2024-09-18T00:00:00Z,3986,576770,SEMIPLACA DE BASE GIROFORM 100PCS,3,968.5133,2905.54
C347,2024-09-18T00:00:00Z,3965,576461,PLASTILINA GIROFORM PUTTY 1KG,15,968.514,14527.71
C347,2024-09-18T00:00:00Z,3581,178383,THERM 3 ZOLID BANDEJA SINTERIZ APILABLE,3,4645.2767,13935.830100000001
C347,2024-09-18T00:00:00Z,295102,242700,CENTROFIX COMPL,2,8411.72,16823.44
C347,2024-09-18T00:00:00Z,295105,218610,INDICADOR PLANO AXIAL CON TORNILLO FIJADOR,10,1398.964,13989.64
C347,2024-09-18T00:00:00Z,3728,179977,CAPUCHON SPINDLE 3.0 5X PULIDO,6,3031.0883,18186.53
C347,2024-09-18T00:00:00Z,3734,180024,MUELLE DE GAS ARGOTHERM O THERM 3,6,932.6433,5595.86
C347,2024-09-18T00:00:00Z,95865,179296,ANILLO DE SELLADO EJE A O B MOTION 2 O 3,30,573.934,17218.02
C347,2024-09-18T00:00:00Z,295108,180121,SET FUELLE MATIK,3,11819.45,35458.350000000006
C347,2024-09-18T00:00:00Z,99143,179933,GAS PRESSURE SPRING MOTION 2,20,2851.734,57034.68
C347,2024-09-18T00:00:00Z,85783,179325,JUEGO DE TORNILLOS 98,30,591.8697,17756.09
C347,2024-09-18T00:00:00Z,288647,767544,DISCO ZOLID GEN X A2 98 X 16 F ZRO2,300,1754.0854,526225.62
C347,2024-09-18T00:00:00Z,4235,760661,FRESA ROTO RFID 1.0 ZI DM,246,1062.8026,261449.43959999998
C350,2024-09-18T00:00:00Z,118619,29343000,SILENT COMPACTCAM,2,27765.24,55530.48
C347,2024-09-18T00:00:00Z,295111,178756,FLOAT SINTERIZACION DISCO 2,1,2672.38,2672.38
C348,2024-09-19T00:00:00Z,295012,181375,CERAMILL TANK MATRON,1,14778.88,14778.88
C348,2024-09-19T00:00:00Z,295015,181376,CERAMILL COOLANTFLOW MATRON,1,51578.25,51578.25
C348,2024-09-19T00:00:00Z,295018,181377,CERAMILL CART MATRON,1,51726.09,51726.09
C348,2024-09-19T00:00:00Z,295045,181202,FILTROS DE AGUA CLEANSTREAM COOLANTFLOW,1,376.65,376.65
C348,2024-09-19T00:00:00Z,295048,180039,SENSOR DE PUERTA MIKRO 4X/5X/LC PLATAFORMA,1,322.84,322.84
C348,2024-09-19T00:00:00Z,115695,180138,X/Y/Z AXIS MOTOR INCL ENCODER MATIK,1,5004.01,5004.01
C348,2024-09-19T00:00:00Z,295052,180240,INTERRUPTOR DE RODILLO IP67,1,322.84,322.84
C348,2024-09-19T00:00:00Z,295058,180519,SPINDLE 6MM SYCOTEC MATRON,1,49322.74,49322.74
C348,2024-09-19T00:00:00Z,295063,180464,AIR NOOZLE SPINDLE MATRON,1,627.74,627.74
C348,2024-09-19T00:00:00Z,295066,180468,SENSOR BLOCK MATRON,1,7156.27,7156.27
C348,2024-09-19T00:00:00Z,295069,180469,TOOL LENGTH SENSOR MATRON,1,8053.06,8053.06
C348,2024-09-19T00:00:00Z,295072,180490,CHUCK 3MM MATRON,1,3389.82,3389.82
C348,2024-09-19T00:00:00Z,295009,181371,CERAMILL MATRON,1,988707.32,988707.32
C348,2024-09-19T00:00:00Z,295075,180507,GRIPPER BLANK HOLDER MATRON,1,15962.64,15962.64
C348,2024-09-19T00:00:00Z,295027,181389,AUTOCALIBRATION KIT MATRON,1,32283.97,32283.97
C348,2024-09-19T00:00:00Z,295078,180535,SD CARD CONTROL UNIT 8GB INDUSTRIAL,1,878.84,878.84
C348,2024-09-19T00:00:00Z,295081,759620,FRESA ROTO RFID CALIB 6MM,1,1954.97,1954.97
C348,2024-09-19T00:00:00Z,85885,181205,ROTO RFID PIN DE CALIBRACION EJE 3MM,1,1954.97,1954.97
C348,2024-09-19T00:00:00Z,295021,178800V120,SILENT POWERCAM EC 120V,1,42858.76,42858.76
C348,2024-09-19T00:00:00Z,295024,178801,SILENT POWERCAM EC INTERFACE CABLE,1,1019.77,1019.77
C348,2024-09-19T00:00:00Z,295027,181389,AUTOCALIBRATION KIT MATRON,1,26601.99,26601.99
C348,2024-09-19T00:00:00Z,295030,181251,LLAVE PARA PINZA SYC 3/6 DE CERAMILL MATRON,1,2201.97,2201.97
C348,2024-09-19T00:00:00Z,295033,181380,BLANK HOLDER C CLAMP MATRON,2,14039.94,28079.88
C348,2024-09-19T00:00:00Z,295036,181381,BLANK HOLDER 98 MATRON,2,14039.94,28079.88
C348,2024-09-19T00:00:00Z,295039,181383,BLANK HOLDER BLOCKS 4X UN MATRON,1,14039.94,14039.94
C348,2024-09-19T00:00:00Z,295042,181385,BLANK HOLDER METAL MATRON,1,25124.1,25124.1
C352,2024-09-24T00:00:00Z,114072,LAPTOPG,LAPTOP G,1,20204.72,20204.72
C359,2024-10-04T00:00:00Z,179032,LIQREF,LIQUIDO REFRIGERANTE V FLUID 1 LITRO,19,426.6384,8106.13
C356,2024-10-09T00:00:00Z,132161,179267,SENSOR DE HERRAMIENTA MOTION 2 O 3,5,1585.49,7927.45
C357,2024-10-09T00:00:00Z,114072,LAPTOPG,LAPTOP G,2,18916.26,37832.52
C356,2024-10-09T00:00:00Z,252317,181366,BLANK HOLDER BLOCS 9X UN MOTION 3,2,30758.52,61517.04
C356,2024-10-09T00:00:00Z,297459,180407,TOOL LENGTH SENSOR MOTION 2 O 3,1,7125.38,7125.38
C356,2024-10-09T00:00:00Z,297462,180412,RFID ANTENNA MOTION 3,5,1343.004,6715.02
C356,2024-10-09T00:00:00Z,297466,180417,EMC FILTER FOR PUMP MOTION 3,2,3338.86,6677.72
C356,2024-10-09T00:00:00Z,115709,180136,C AXIS MOTOR INCL ENCODER MATIK,3,5390.6667,16172.0001
C356,2024-10-09T00:00:00Z,297466,180417,EMC FILTER FOR PUMP MOTION 3,1,3338.85,3338.85
C356,2024-10-09T00:00:00Z,115326,180177,BOMBA DE REFRIGERANTE MIKRO IC/M2I/M2DNA,1,8113.98,8113.98
C356,2024-10-09T00:00:00Z,297474,180120,MEDIDOR DE LONGITUD HERRAMIENTA PROD,2,16582.365,33164.73
C356,2024-10-09T00:00:00Z,85514,179302,X/Y/Z AXIS MOTOR INCL ENCODER PARA MOTION 2 O 3,6,4271.5,25629.0
C356,2024-10-09T00:00:00Z,99143,179933,GAS PRESSURE SPRING MOTION 2,20,2965.8,59316.0
C356,2024-10-09T00:00:00Z,297469,180410,DOOR LOCK CYLINDER MOTION 3,1,1902.59,1902.59
C358,2024-10-14T00:00:00Z,298283,830008,LS DENTINE D-B3 20G,5,583.35,2916.75
C358,2024-10-14T00:00:00Z,298286,830009,LS DENTINE D-B4 20G,2,583.35,1166.7
C358,2024-10-14T00:00:00Z,298289,830010,LS DENTINE D-C1 20G,5,583.35,2916.75
C358,2024-10-14T00:00:00Z,298292,830011,LS DENTINE D-C2 20G,3,583.35,1750.05
C358,2024-10-14T00:00:00Z,298292,830011,LS DENTINE D-C2 20G,2,583.35,1166.7
C358,2024-10-14T00:00:00Z,298295,830012,LS DENTINE D-C3 20G,2,583.35,1166.7
C358,2024-10-14T00:00:00Z,298298,830013,LS DENTINE D-C4 20G,2,583.35,1166.7
C358,2024-10-14T00:00:00Z,298301,830014,LS DENTINE D-D2 20G,2,583.35,1166.7
C358,2024-10-14T00:00:00Z,298304,830015,LS DENTINE D-D3 20G,1,583.35,583.35
C358,2024-10-14T00:00:00Z,298307,830016,LS DENTINE D-D4 20G,1,583.35,583.35
C358,2024-10-14T00:00:00Z,298310,830017,LS ENAMEL E-57 20G,20,583.3495,11666.99
C358,2024-10-14T00:00:00Z,298313,830018,LS ENAMEL E-58 20G,10,583.349,5833.49
C358,2024-10-14T00:00:00Z,298316,830019,LS ENAMEL E-59 20G,4,583.35,2333.4
C358,2024-10-14T00:00:00Z,298316,830019,LS ENAMEL E-59 20G,6,583.35,3500.1
C358,2024-10-14T00:00:00Z,298319,830020,LS ENAMEL E-60 20G,5,583.35,2916.75
C358,2024-10-14T00:00:00Z,298322,830021,LS CLEAR CL-O 20G,5,583.35,2916.75
C358,2024-10-14T00:00:00Z,298325,830022,LS BLEACH DENTINE BD-A 20G,10,583.349,5833.49
C358,2024-10-14T00:00:00Z,298328,830023,LS BLEACH DENTINE BD-B 20G,3,583.35,1750.05
C358,2024-10-14T00:00:00Z,298331,830024,LS BLEACH DENTINE BD-B0 20G,1,583.35,583.35
C358,2024-10-14T00:00:00Z,298331,830024,LS BLEACH DENTINE BD-B0 20G,2,583.35,1166.7
C358,2024-10-14T00:00:00Z,298335,830025,LS ENAMEL BLEACH S-AB 20G,5,583.35,2916.75
C358,2024-10-14T00:00:00Z,298339,830026,LS TRANSPA NT 20G,5,681.484,3407.42
C358,2024-10-14T00:00:00Z,298344,830027,LS TRANSPA OT 20G,5,681.484,3407.42
C358,2024-10-14T00:00:00Z,298347,830028,LS TRANSPA TI-01 20G,5,681.484,3407.42
C358,2024-10-14T00:00:00Z,298351,830029,LS TRANSPA TI-02 20G,5,681.484,3407.42
C358,2024-10-14T00:00:00Z,298354,830030,LS TRANSPA TI-03 20G,5,681.484,3407.42
C358,2024-10-14T00:00:00Z,298357,830031,LS TRANSPA TI-04 20G,5,681.484,3407.42
C358,2024-10-14T00:00:00Z,298360,830032,LS TRANSPA TI-05 20G,5,681.484,3407.42
C358,2024-10-14T00:00:00Z,298363,830033,LS  PEARL ENAMEL PS-0 20G,5,681.484,3407.42
C358,2024-10-14T00:00:00Z,298366,830035,LS EFFECT ENAMEL SI-02 20G,3,681.4833,2044.45
C358,2024-10-14T00:00:00Z,298369,830036,LS EFFECT ENAMEL SI-04 20G,3,681.4833,2044.45
C358,2024-10-14T00:00:00Z,298372,830038,LS EFFECT ENAMEL SO-10 20G,3,681.4833,2044.45
C358,2024-10-14T00:00:00Z,298375,830040,LS OPAQUE DENTINE OD-32 15G,5,527.694,2638.47
C358,2024-10-14T00:00:00Z,298378,830041,LS OPAQUE DENTINE OD-37 15G,3,527.6733,1583.02
C358,2024-10-14T00:00:00Z,298381,830042,LS OPAQUE DENTINE OD-41 15G,5,527.694,2638.47
C358,2024-10-14T00:00:00Z,298384,830050,LS MAKE IN MI-61 15G,5,527.694,2638.47
C358,2024-10-14T00:00:00Z,298387,830051,LS MAKE IN MI-63 15G,5,527.694,2638.47
C358,2024-10-14T00:00:00Z,298390,830056,LS TRANSPA OT+ 20G,30,681.458,20443.74
C358,2024-10-14T00:00:00Z,298393,830057,LS TRANSPA GELLER MIX 20G,35,681.4617,23851.16
C358,2024-10-14T00:00:00Z,298396,830083,LS KIT,2,14395.93,28791.86
C358,2024-10-14T00:00:00Z,298399,830101,LS PRESS MO-0 5X3G,8,1364.235,10913.88
C358,2024-10-14T00:00:00Z,298402,830108,LS PRESS MT-B00 5X3G,10,1364.255,13642.55
C358,2024-10-14T00:00:00Z,298406,830109,LS PRESS MT-B0 5X3G,20,1364.242,27284.84
C358,2024-10-14T00:00:00Z,298409,830110,LS PRESS MT-A1 5X3G,40,1364.242,54569.68
C358,2024-10-14T00:00:00Z,298412,830111,LS PRESS MT-A2 5X3G,25,1364.2388,34105.97
C358,2024-10-14T00:00:00Z,298415,830112,LS PRESS MT-A3 5X3G,3,1364.2433,4092.73
C358,2024-10-14T00:00:00Z,298418,830113,LS PRESS MT-B1 5X3G,5,1364.228,6821.14
C358,2024-10-14T00:00:00Z,298421,830114,LS PRESS MT-B2 5X3G,5,1364.228,6821.14
C358,2024-10-14T00:00:00Z,298424,830118,LS PRESS HT-1 5X3G,5,1364.228,6821.14
C358,2024-10-14T00:00:00Z,298427,830119,LS PRESS HT-2 5X3G,5,1364.228,6821.14
C358,2024-10-14T00:00:00Z,298430,830122,LS PRESS HT-B00 5X3G,5,1364.228,6821.14
C358,2024-10-14T00:00:00Z,298433,830124,LS PRESS LT-A1 5X3G,30,1364.2463,40927.39
C358,2024-10-14T00:00:00Z,298436,830125,LS PRESS LT-A2 5X3G,20,1364.242,27284.84
C358,2024-10-14T00:00:00Z,298439,830126,LS PRESS LT-A3 5X3G,10,1364.255,13642.55
C358,2024-10-14T00:00:00Z,298442,830127,LS PRESS LT-B1 5X3G,10,1364.255,13642.55
C358,2024-10-14T00:00:00Z,298445,830128,LS PRESS LT-B0 5X3G,10,1364.255,13642.55
C358,2024-10-14T00:00:00Z,298448,830129,LS PRESS LT-B00 5X3G,10,1363.873,13638.73
C358,2024-10-14T00:00:00Z,297492,17,MODELIING LIQUID LOW FUSING ML L 50ML,2,167.02,334.04
C358,2024-10-14T00:00:00Z,297492,17,MODELIING LIQUID LOW FUSING ML L 50ML,9,167.0522,1503.47
C358,2024-10-14T00:00:00Z,297492,17,MODELIING LIQUID LOW FUSING ML L 50ML,15,167.0593,2505.89
C358,2024-10-14T00:00:00Z,297489,13,MODELLING LIQUID HIGH FUSING ML H 50ML,8,167.0575,1336.46
C358,2024-10-14T00:00:00Z,297489,13,MODELLING LIQUID HIGH FUSING ML H 50ML,7,167.0614,1169.43
C358,2024-10-14T00:00:00Z,297486,10,UNIVERSAL AND GLAZE LIQUID UF GL 25ML,20,257.2045,5144.09
C358,2024-10-14T00:00:00Z,298125,1555,CC NECK TRANSPA HT-55 BORDEAUX 15G,2,339.375,678.75
C358,2024-10-14T00:00:00Z,298128,1556,CC NECK TRANSPA HT-56 OCHRE 15G,2,339.375,678.75
C358,2024-10-14T00:00:00Z,297492,17,MODELIING LIQUID LOW FUSING ML L 50ML,4,167.0225,668.09
C358,2024-10-14T00:00:00Z,297495,19,OPAQUE LIQUID HIGH FUSING OL H 25ML,15,135.24,2028.6
C358,2024-10-14T00:00:00Z,297498,60,SKETCH PAD,30,124.096,3722.88
C358,2024-10-14T00:00:00Z,297501,80,CC LF CREA ALLOY BOND 8G,5,1172.002,5860.01
C358,2024-10-14T00:00:00Z,297504,90,MOISTURING FLUID 25ML,3,670.8267,2012.48
C358,2024-10-14T00:00:00Z,297507,129,MAKE UP MIXING PLATE,5,1100.436,5502.18
C358,2024-10-14T00:00:00Z,297510,130,CREATION GLASS PLATE,20,914.798,18295.96
C358,2024-10-14T00:00:00Z,297513,201,CC OPAQUE O-A1 20G,8,360.6288,2885.03
C358,2024-10-14T00:00:00Z,297513,201,CC OPAQUE O-A1 20G,2,360.56,721.12
C358,2024-10-14T00:00:00Z,297516,202,CC OPAQUE O-A2 20G,10,360.617,3606.17
C358,2024-10-14T00:00:00Z,297519,203,CC OPAQUE O-A3 20G,5,360.616,1803.08
C358,2024-10-14T00:00:00Z,297522,204,CC OPAQUE O-A3.5 20G,2,360.56,721.12
C358,2024-10-14T00:00:00Z,297525,205,CC OPAQUE O-A4 20G,1,360.57,360.57
C358,2024-10-14T00:00:00Z,297547,206,CC OPAQUE O-B1 20G,3,360.6533,1081.96
C358,2024-10-14T00:00:00Z,297550,207,CC OPAQUE O-B2 20G,3,360.6533,1081.96
C358,2024-10-14T00:00:00Z,297553,208,CC OPAQUE O-B3 20G,1,360.57,360.57
C358,2024-10-14T00:00:00Z,297556,209,CC OPAQUE O-B4 20G,1,360.57,360.57
C358,2024-10-14T00:00:00Z,297559,210,CC OPAQUE O-C1 20G,3,360.6533,1081.96
C358,2024-10-14T00:00:00Z,297562,211,CC OPAQUE O-C2 20G,2,360.56,721.12
C358,2024-10-14T00:00:00Z,297565,212,CC OPAQUE O-C3 20G,1,360.57,360.57
C358,2024-10-14T00:00:00Z,297568,213,CC OPAQUE O-C4 20G,1,360.57,360.57
C358,2024-10-14T00:00:00Z,297571,214,CC OPAQUE O-D2 20G,1,360.57,360.57
C358,2024-10-14T00:00:00Z,297574,215,CC OPAQUE O-D3 20G,1,360.57,360.57
C358,2024-10-14T00:00:00Z,298507,216,CC OPAQUE O-D4 20G,1,360.57,360.57
C358,2024-10-14T00:00:00Z,297577,217,CC OPAQUE FOP 20G,1,360.57,360.57
C358,2024-10-14T00:00:00Z,297580,231,CC DENTINE D-A1 20G,15,360.616,5409.24
C358,2024-10-14T00:00:00Z,297583,232,CC DENTINE D-A2 20G,20,360.616,7212.32
C358,2024-10-14T00:00:00Z,297586,233,CC DENTINE D-A3 20G,10,360.617,3606.17
C358,2024-10-14T00:00:00Z,297589,234,CC DENTINE D-A 3.5 20G,3,360.6533,1081.96
C358,2024-10-14T00:00:00Z,297592,235,CC DENTINE D-A4 20G,2,360.56,721.12
C358,2024-10-14T00:00:00Z,297595,236,CC DENTINE D-B1 20G,5,360.616,1803.08
C358,2024-10-14T00:00:00Z,297598,237,CC DENTINE D-B2 20G,5,360.616,1803.08
C358,2024-10-14T00:00:00Z,297604,238,CC DENTINE D-B3 20G,3,360.6533,1081.96
C358,2024-10-14T00:00:00Z,297609,239,CC DENTINE D-B4 20G,1,360.57,360.57
C358,2024-10-14T00:00:00Z,297637,240,CC DENTINE D-C1 20G,3,360.6533,1081.96
C358,2024-10-14T00:00:00Z,297640,241,CC DENTINE D-C2 20G,3,360.6533,1081.96
C358,2024-10-14T00:00:00Z,297643,242,CC DENTINE D-C3 20G,2,360.56,721.12
C358,2024-10-14T00:00:00Z,297646,243,CC DENTINE D-C4 20G,1,360.57,360.57
C358,2024-10-14T00:00:00Z,297649,244,CC DENTINE D-D2 20G,1,360.57,360.57
C358,2024-10-14T00:00:00Z,297652,245,CC DENTINE D-D3 20G,1,360.57,360.57
C358,2024-10-14T00:00:00Z,297655,246,CC DENTINE D-D4 20G,1,360.57,360.57
C358,2024-10-14T00:00:00Z,297658,247,CC DENTINE D-CW CALIFORNIA WHITE 20G,5,360.616,1803.08
C358,2024-10-14T00:00:00Z,297661,251,CC BLEACH OPAQUE O-AB 20G,2,360.56,721.12
C358,2024-10-14T00:00:00Z,297664,252,CC BLEACH DENTINE BD-A 20G,5,360.616,1803.08
C358,2024-10-14T00:00:00Z,297667,253,CC BLEACH DENTINE BD-B 20G,5,360.616,1803.08
C358,2024-10-14T00:00:00Z,297670,255,CC BLEACH ENAMEL S-AB 20G,2,360.56,721.12
C358,2024-10-14T00:00:00Z,297673,261,CC ENAMEL S-057 20G,10,360.617,3606.17
C358,2024-10-14T00:00:00Z,297676,262,CC ENAMEL S-058 20G,4,360.63,1442.52
C358,2024-10-14T00:00:00Z,297676,262,CC ENAMEL S-058 20G,1,360.57,360.57
C358,2024-10-14T00:00:00Z,297679,263,CC ENAMEL S-059 20G,5,360.616,1803.08
C358,2024-10-14T00:00:00Z,297682,264,CC ENAMEL S-060 20G,2,360.56,721.12
C358,2024-10-14T00:00:00Z,297685,265,CC EFFECT ENAMEL SI-01 LIGHT YELLOW 20G,5,379.206,1896.03
C358,2024-10-14T00:00:00Z,297688,266,CC EFFECT ENAMEL SI-02 MEDIUM YELLOW 20G,5,379.206,1896.03
C358,2024-10-14T00:00:00Z,297691,267,CC EFFECT ENAMEL SI-03 HEAVY YELLOW 20G,2,379.15,758.3
C358,2024-10-14T00:00:00Z,297694,268,CC EFFECT ENAMEL SI-04 LIGHT ORANGE 20G,5,379.206,1896.03
C358,2024-10-14T00:00:00Z,297697,269,CC EFFECT ENAMEL SI-05 MEDIUM ORANGE 20G,5,379.206,1896.03
C358,2024-10-14T00:00:00Z,297700,270,CC EFFECT ENAMEL SI-06 HEAVY ORANGE 20G,2,379.15,758.3
C358,2024-10-14T00:00:00Z,297703,271,CC WINDOW UC 20G,10,360.617,3606.17
C358,2024-10-14T00:00:00Z,297706,272,CC TRANSPA NT NEUTRAL 20G,5,360.616,1803.08
C358,2024-10-14T00:00:00Z,297709,273,CC CLEAR CL-O 20G,5,360.616,1803.08
C358,2024-10-14T00:00:00Z,297712,274,CC GLAZE GL 20G,1,556.84,556.84
C358,2024-10-14T00:00:00Z,297712,274,CC GLAZE GL 20G,2,556.83,1113.66
C358,2024-10-14T00:00:00Z,297715,275,CC TRANSPA OT OPAL 20G,5,379.206,1896.03
C358,2024-10-14T00:00:00Z,297718,276,CC TRANSPA TI-1 BLUE 20G,6,379.195,2275.17
C358,2024-10-14T00:00:00Z,297721,277,CC TRANSPA TI-2 WHITE 20G,6,379.195,2275.17
C358,2024-10-14T00:00:00Z,297724,278,CC TRANSPA TI-3 PINK 20G,3,379.1467,1137.44
C358,2024-10-14T00:00:00Z,297727,279,CC TRANSPA TI-4 YELLOW 20G,3,379.1467,1137.44
C358,2024-10-14T00:00:00Z,297730,280,CC TRANSPA TI-5 GRAY 20G,3,379.1467,1137.44
C358,2024-10-14T00:00:00Z,297733,281,CC PEARL ENAMEL PS-0 WHITE 20G,5,418.952,2094.76
C358,2024-10-14T00:00:00Z,297736,282,CC PEARL ENAMEL PS-1 BLUE WHITE 20G,5,418.952,2094.76
C358,2024-10-14T00:00:00Z,297739,283,CC PEARL ENAMEL PS-2 FLAMINGO 20G,3,418.97,1256.91
C358,2024-10-14T00:00:00Z,297742,284,CC PEARL ENAMEL PS-3 ORANGE 20G,3,418.97,1256.91
C358,2024-10-14T00:00:00Z,297745,285,CC EFFECT ENAMEL SO-10 BLUE 20G,3,418.97,1256.91
C358,2024-10-14T00:00:00Z,297748,286,CC EFFECT ENAMEL SO-11 ORANGE 20G,3,418.97,1256.91
C358,2024-10-14T00:00:00Z,297751,287,CC TRANSPA OT+ 20G,10,413.648,4136.48
C358,2024-10-14T00:00:00Z,297754,288,CC TRANSPA GELLER MIX 20G,10,413.648,4136.48
C358,2024-10-14T00:00:00Z,297757,290,CC CORRECTION POWDER KM 20G,3,578.0633,1734.19
C358,2024-10-14T00:00:00Z,297760,1150,IN NOVA NEO KIT 36G,1,8617.66,8617.66
C358,2024-10-14T00:00:00Z,297766,1161,IN NOVA NEO INN-IL ILLUSION 3G,3,726.5,2179.5
C358,2024-10-14T00:00:00Z,297770,1162,IN NOVA NEO INN-CRL CRACKLINER 3G,10,726.534,7265.34
C358,2024-10-14T00:00:00Z,297773,1163,IN NOVA NEO FLUID 25ML,5,262.536,1312.68
C358,2024-10-14T00:00:00Z,297776,1205,MAGIC COLOUR PROFESSIONAL KIT 78G,1,16705.0,16705.0
C358,2024-10-14T00:00:00Z,297776,1205,MAGIC COLOUR PROFESSIONAL KIT 78G,2,16705.005,33410.01
C358,2024-10-14T00:00:00Z,297779,1207,MAGIC COLOUR STARTER KIT LS 73G,3,8750.24,26250.72
C358,2024-10-14T00:00:00Z,297779,1207,MAGIC COLOUR STARTER KIT LS 73G,2,8750.24,17500.48
C358,2024-10-14T00:00:00Z,297779,1207,MAGIC COLOUR STARTER KIT LS 73G,5,8750.238,43751.189999999995
C358,2024-10-14T00:00:00Z,297976,1210,MAGIC COLOUR DENTIN SHADE DS-A 3G,30,678.8063,20364.19
C358,2024-10-14T00:00:00Z,297979,1211,MAGIC COLOUR DENTIN SHADE DS-B 3G,5,678.808,3394.04
C358,2024-10-14T00:00:00Z,297982,1212,MAGIC COLOUR DENTIN SHADE DS-C 3G,10,678.806,6788.06
C358,2024-10-14T00:00:00Z,297985,1213,MAGIC COLOUR DENTIN SHADE DS-D 3G,4,678.8175,2715.27
C358,2024-10-14T00:00:00Z,297985,1213,MAGIC COLOUR DENTIN SHADE DS-D 3G,1,678.75,678.75
C358,2024-10-14T00:00:00Z,297988,1214,MAGIC COLOUR MAKE IN MI-61 3G,3,678.8433,2036.53
C358,2024-10-14T00:00:00Z,297991,1215,MAGIC COLOUR MAKE IN MI-63 3G,3,678.8433,2036.53
C358,2024-10-14T00:00:00Z,297994,1216,MAGIC COLOUR GINGIVA SHADE 1 RASPBERRY 3G,20,678.8065,13576.13
C358,2024-10-14T00:00:00Z,297997,1217,MAGIC COLOUR GINGIVA SHADE 2 SALMON RED 3G,15,678.806,10182.09
C358,2024-10-14T00:00:00Z,298000,1218,MAGIC COLOUR GINGIVA SHADE 3 RED VIOLET 3G,5,678.808,3394.04
C358,2024-10-14T00:00:00Z,298003,1219,MAGIC COLOUR GLAZE 3G,10,678.806,6788.06
C358,2024-10-14T00:00:00Z,298006,1220,MAGIC COLOUR GLAZE FLUO 3G,10,678.806,6788.06
C358,2024-10-14T00:00:00Z,298009,1221,MAGIC COLOURS HIGHLIGHT 1 WHITE 3G,5,678.808,3394.04
C358,2024-10-14T00:00:00Z,298012,1222,MAGIC COLOURS HIGHLIGHT 2 EGGSHELL 3G,5,678.808,3394.04
C358,2024-10-14T00:00:00Z,298015,1223,MAGIC COLOURS HIGHLIGHT 3 LEMON YELLOW 3G,3,678.8433,2036.53
C358,2024-10-14T00:00:00Z,298018,1224,MAGIC COLOURS HIGHLIGHT 4 MANDARINE 3G,5,678.808,3394.04
C358,2024-10-14T00:00:00Z,298021,1225,MAGIC COLOURS HIGHLIGHT 5 FLAMINGO 3G,5,678.808,3394.04
C358,2024-10-14T00:00:00Z,298024,1226,MAGIC COLOURS HIGHLIGHT 6 APRICOT 3G,5,678.808,3394.04
C358,2024-10-14T00:00:00Z,298031,1227,MAGIC COLOURS HIGHLIGHT 7 LIGHT BROWN 3G,5,678.808,3394.04
C358,2024-10-14T00:00:00Z,298044,1228,MAGIC COLOURS HIGHLIGHT 8 MEDIUM BROWN 3G,3,678.8433,2036.53
C358,2024-10-14T00:00:00Z,298047,1229,MAGIC COLOURS HIGHLIGHT 9 OLIVE 3G,3,678.8433,2036.53
C358,2024-10-14T00:00:00Z,298050,1230,MAGIC COLOURS HIGHLIGHT 10 RED 3G,5,678.808,3394.04
C358,2024-10-14T00:00:00Z,298053,1231,MAGIC COLOURS HIGHLIGHT 11 DOVE BLUE 3G,5,678.808,3394.04
C358,2024-10-14T00:00:00Z,298056,1232,MAGIC COLOURS HIGHLIGHT 12 GRAY 3G,3,678.8433,2036.53
C358,2024-10-14T00:00:00Z,298059,1233,MAGIC COLOURS HIGHLIGHT 13 DEEP BLUE 3G,3,678.8433,2036.53
C358,2024-10-14T00:00:00Z,298062,1234,MAGIC COLOURS HIGHLIGHT 14 FISSURE 3G,3,678.8433,2036.53
C358,2024-10-14T00:00:00Z,298065,1235,MAGIC COLOURS HIGHLIGHT 15 ILLUSION 3G,5,678.808,3394.04
C358,2024-10-14T00:00:00Z,298068,1240,MAGIC COLOUR GLAZE FLUO 10G,8,1455.7088,11645.67
C358,2024-10-14T00:00:00Z,298068,1240,MAGIC COLOUR GLAZE FLUO 10G,2,1455.78,2911.56
C358,2024-10-14T00:00:00Z,298071,1241,MAGIC COLOUR LIQUID GL 25ML,20,241.2945,4825.89
C358,2024-10-14T00:00:00Z,298074,1243,MAGIC COLOUR SPECIAL LIQUID ML 25ML,20,315.5385,6310.77
C358,2024-10-14T00:00:00Z,298077,1521,CC SHOULDER SP-21 NEUTRAL 15G,5,379.206,1896.03
C358,2024-10-14T00:00:00Z,298080,1522,CC SHOULDER SP-22 FLAMINGO 15G,5,379.206,1896.03
C358,2024-10-14T00:00:00Z,298083,1523,CC SHOULDER SP-23 SAND 15G,5,379.206,1896.03
C358,2024-10-14T00:00:00Z,298086,1524,CC SHOULDER SP-24 GOLD 15G,5,379.206,1896.03
C358,2024-10-14T00:00:00Z,298089,1525,CC SHOULDER SP-25 RED BROWN 15G,5,379.206,1896.03
C358,2024-10-14T00:00:00Z,298092,1526,CC SHOULDER SP-26 YELLOW GRAY 15G,5,379.206,1896.03
C358,2024-10-14T00:00:00Z,298095,1527,CC SHOULDER SP-27 IVORY 15G,2,379.15,758.3
C358,2024-10-14T00:00:00Z,298095,1527,CC SHOULDER SP-27 IVORY 15G,3,379.1467,1137.44
C358,2024-10-14T00:00:00Z,298098,1528,CC SHOULDER SP-28 OPAC YELLOW 15G,5,379.206,1896.03
C358,2024-10-14T00:00:00Z,298101,1529,CC SHOULDER SP-29 HONEY 15G,2,379.15,758.3
C358,2024-10-14T00:00:00Z,298101,1529,CC SHOULDER SP-29 HONEY 15G,3,379.1467,1137.44
C358,2024-10-14T00:00:00Z,298104,1530,CC SHOULDER SP-G GINGIVA 15G,5,379.206,1896.03
C358,2024-10-14T00:00:00Z,298107,1532,CC OPAQUE DENTINE OD-32 A2-A3 15G,5,379.206,1896.03
C358,2024-10-14T00:00:00Z,298110,1537,CC OPAQUE DENTINE OD-37 B4 15G,5,379.206,1896.03
C358,2024-10-14T00:00:00Z,298113,1551,CC NECK TRANSPA HT-51 IRIDESCENT 15G,5,339.402,1697.01
C358,2024-10-14T00:00:00Z,298116,1552,CC NECK TRANSPA HT-52 KHAKI 15G,5,339.402,1697.01
C358,2024-10-14T00:00:00Z,298119,1553,CC NECK TRANSPA HT-53 SAND 15G,5,339.402,1697.01
C358,2024-10-14T00:00:00Z,298122,1554,CC NECK TRANSPA HT-54 HONEY 15G,5,339.402,1697.01
C358,2024-10-14T00:00:00Z,298131,1570,CC OPAQUE DENTINE OD-A1 15G,3,379.1467,1137.44
C358,2024-10-14T00:00:00Z,298134,1571,CC OPAQUE DENTINE OD-A2 15G,3,379.1467,1137.44
C358,2024-10-14T00:00:00Z,298137,1572,CC OPAQUE DENTINE OD-A3 15G,3,379.1467,1137.44
C358,2024-10-14T00:00:00Z,298140,1573,CC OPAQUE DENTINE OD-A3.5 15G,2,379.15,758.3
C358,2024-10-14T00:00:00Z,298143,1575,CC OPAQUE DENTINE OD-B1 15G,2,379.15,758.3
C358,2024-10-14T00:00:00Z,298146,1576,CC OPAQUE DENTINE OD-B2 15G,2,379.15,758.3
C358,2024-10-14T00:00:00Z,298149,1577,CC OPAQUE DENTINE OD-B3 15G,2,379.15,758.3
C358,2024-10-14T00:00:00Z,298152,1580,CC OPAQUE DENTINE OD-C2 15G,1,379.14,379.14
C358,2024-10-14T00:00:00Z,298152,1580,CC OPAQUE DENTINE OD-C2 15G,1,379.14,379.14
C358,2024-10-14T00:00:00Z,298155,1591,CC GINGIVA G1 PURPLE 15G,3,379.1467,1137.44
C358,2024-10-14T00:00:00Z,298158,1592,CC GINGIVA G2 DARK PINK 15G,2,379.15,758.3
C358,2024-10-14T00:00:00Z,298161,1593,CC GINGIVA G3 LIGHT PINK 15G,2,379.15,758.3
C358,2024-10-14T00:00:00Z,298168,1594,CC GINGIVA G4 FLAMINGO 15G,3,379.1467,1137.44
C358,2024-10-14T00:00:00Z,298171,1595,CC GINGIVA G5 ROSE 15G,3,379.1467,1137.44
C358,2024-10-14T00:00:00Z,298174,1598,CC GINGIVA G7 VIOLET 15G,1,379.14,379.14
C358,2024-10-14T00:00:00Z,298177,620001,ZI-CT DENTINE D-A1 20G,10,477.285,4772.85
C358,2024-10-14T00:00:00Z,298180,620002,ZI-CT DENTINE D-A2 20G,5,477.286,2386.43
C358,2024-10-14T00:00:00Z,298184,620003,ZI-CT DENTINE D-A3 20G,5,477.286,2386.43
C358,2024-10-14T00:00:00Z,298195,620017,ZI-CT ENAMEL E-57 20G,10,477.285,4772.85
C358,2024-10-14T00:00:00Z,298198,620018,ZI-CT ENAMEL E-58 20G,5,477.286,2386.43
C358,2024-10-14T00:00:00Z,298201,620019,ZI-CT ENAMEL E-59 20G,3,477.2867,1431.86
C358,2024-10-14T00:00:00Z,298204,620023,ZI-CT BLEACH DENTINE BD-A 20G,5,477.286,2386.43
C358,2024-10-14T00:00:00Z,298207,620036,ZI-CT EFFECT ENAMEL SI-06 HEAVY ORANGE 20G,5,477.286,2386.43
C358,2024-10-14T00:00:00Z,298210,620039,ZI-CT TRANSPA NT NEUTRAL 20G,2,477.285,954.57
C358,2024-10-14T00:00:00Z,298213,620040,ZI-CT TRANSPA OT OPAL 20G,2,477.285,954.57
C358,2024-10-14T00:00:00Z,298216,620041,ZI-CT TRANSPA TI-1 BLUE 20G,5,477.286,2386.43
C358,2024-10-14T00:00:00Z,298219,620045,ZI-CT TRANSPA TI-5 GRAY 20G,3,477.2867,1431.86
C358,2024-10-14T00:00:00Z,298222,620046,ZI-CT TRANSPA OT+ 20G,8,485.2463,3881.97
C358,2024-10-14T00:00:00Z,298225,620047,ZI-CT TRANSPA GELLER MIX 20G,8,485.2463,3881.97
C358,2024-10-14T00:00:00Z,298228,620053,ZI-CT PEARL ENAMEL PS-3 ORANGE 20G,5,477.286,2386.43
C358,2024-10-14T00:00:00Z,298259,620155,ZI-CT NECK TRANSPA HT-55 BORDEAUX 15G,5,477.286,2386.43
C358,2024-10-14T00:00:00Z,298262,830001,LS DENTINE D-A1 20G,21,583.3495,12250.34
C358,2024-10-14T00:00:00Z,298262,830001,LS DENTINE D-A1 20G,9,583.3489,5250.14
C358,2024-10-14T00:00:00Z,298265,830002,LS DENTINE D-A2 20G,20,583.3495,11666.99
C358,2024-10-14T00:00:00Z,298268,830003,LS DENTINE D-A3 20G,5,583.35,2916.75
C358,2024-10-14T00:00:00Z,298271,830004,LS DENTINE D-A3.5 20G,3,583.35,1750.05
C358,2024-10-14T00:00:00Z,298274,830005,LS DENTINE D-A4 20G,2,583.35,1166.7
C358,2024-10-14T00:00:00Z,298277,830006,LS DENTINE D-B1 20G,10,583.349,5833.49
C358,2024-10-14T00:00:00Z,298280,830007,LS DENTINE D-B2 20G,10,583.349,5833.49
C358,2024-10-14T00:00:00Z,297492,17,MODELIING LIQUID LOW FUSING ML L 50ML,5,167.078,835.39
C360,2024-10-15T00:00:00Z,299895,BANDAMATIK,BANDA TRANSPORTADORA PARA MATIK ENTRETELA MULTIDIRECCIONAL,5,643.2,3216.0
C367,2024-10-17T00:00:00Z,179032,LIQREF,LIQUIDO REFRIGERANTE V FLUID 1 LITRO,38,426.4055,16203.41
C380,2024-10-21T00:00:00Z,143610,MOUSEPC,MOUSE PARA PC,1,268.92,268.92
C380,2024-10-21T00:00:00Z,143651,MONITORPC,MONITOR PARA PC,1,1853.77,1853.77
C380,2024-10-21T00:00:00Z,121218,CPUSYSTEMG,CPU GABINETE SYSTEM G,1,17406.38,17406.38
C380,2024-10-21T00:00:00Z,143617,TECLADOPC,TECLADO PARA PC,1,268.92,268.92
C364,2024-10-23T00:00:00Z,114072,LAPTOPG,LAPTOP G,1,18868.52,18868.52
C361,2024-10-24T00:00:00Z,97765,PN/04504,RESINA DENTAGUIDE 1KG BOTTLE,5,1690.596,8452.98
C361,2024-10-24T00:00:00Z,152036,PN/03624,RESINA DENTATOOTH A1 1KG BOTTLE,5,3381.19,16905.95
C361,2024-10-24T00:00:00Z,95540,PN/03000,RESINA DENTAMODEL 1KG BOTTLE ,3,1328.3233,3984.97
C361,2024-10-24T00:00:00Z,95540,PN/03000,RESINA DENTAMODEL 1KG BOTTLE ,40,1690.5955,67623.81999999999
C361,2024-10-24T00:00:00Z,295118,P-0044,BUNDLED 1L MAX BUILD TRAY,3,1328.3233,3984.97
C361,2024-10-24T00:00:00Z,295130,PN/00194,ASIGA FLASH LAMP UV,3,1328.3233,3984.97
C361,2024-10-24T00:00:00Z,85165,PN/05005,MAX/PICO BUIL TRAY STORAGE CASE,5,2173.624,10868.12
C361,2024-10-24T00:00:00Z,95537,PN/05167,RESINA DENTAFORM 1KG BOTTLE,10,1207.568,12075.68
C361,2024-10-24T00:00:00Z,89497,PN/02501,5L MAX BUILD TRAY,15,3115.526,46732.89
C361,2024-10-24T00:00:00Z,85161,PN/02391,IMPRESORA 3D MAX UV 110-220V,3,137143.51,411430.53
C362,2024-10-28T00:00:00Z,99069,106652,THERMO COUPLE 664 I/674 I EXTENDED 90° COMPLETE,5,11724.59,58622.95
C363,2024-10-28T00:00:00Z,3503,BAJA105268,BAJA AUSTROMAT 674 BASIC,6,178635.275,1071811.65
C363,2024-10-28T00:00:00Z,3494,105059,AUSTROMAT 654 PRESS I DENT,5,184457.462,922287.31
C363,2024-10-28T00:00:00Z,300906,105076,HORNO AUSTROMAT 624,2,157199.04,314398.08
C362,2024-10-28T00:00:00Z,95097,106499-01,VENTILATION UNIT AUSTROMAT 220 100V/115V,1,4299.02,4299.02
C362,2024-10-28T00:00:00Z,155127,105413,HEATING ELEMENT INCL CABLE SET 664 I/ 674 I VERS 2,12,12506.2292,150074.7504
C362,2024-10-28T00:00:00Z,120367,105317,FIRING TABLE RING Ø100 36MM BASIC/674 I,3,4768.0,14304.0
C362,2024-10-28T00:00:00Z,155133,100057,ROTARY STEPPER COMPLETE 354/654 I,5,3478.294,17391.47
C362,2024-10-28T00:00:00Z,92564,101726,PRESSING TABLE PRESS I DENT SEGMENTED,6,2344.9183,14069.51
C362,2024-10-28T00:00:00Z,92567,105462,FIRING TABLE RING 100 28MM 674 I,2,4768.0,9536.0
C362,2024-10-28T00:00:00Z,300752,100322,HEATING MUFFLE 46 OHM 230V,1,9379.67,9379.67
C362,2024-10-28T00:00:00Z,95424,106001,SELLADO DEL ASIENTO ELEVADOR PRENSA 654,10,351.737,3517.37
C362,2024-10-28T00:00:00Z,92570,105648,FIRING TABLE PLATE HYBRID 100 BASIC/674 I,3,5647.3433,16942.0299
C362,2024-10-28T00:00:00Z,300758,100048,LIFT PISTON PRESS VERSION >654,1,26028.59,26028.59
C362,2024-10-28T00:00:00Z,300755,101045,LIFT SEAT PRESS I DENT,1,3478.3,3478.3
C366,2024-10-29T00:00:00Z,300746,D68001,TOUCHSCREEN DISPLAY 7 PULGADAS,1,3040.72,3040.72
C366,2024-10-29T00:00:00Z,300749,D68007,GREY PLASTIC FILM FOR DISPLAY,1,776.02,776.02
C365,2024-10-29T00:00:00Z,11297,TWISTECO,MEZCLADOR DE VACIO TWIST ECO VACUUM MIXER 110V,30,15357.272,460718.16000000003
C365,2024-10-29T00:00:00Z,122789,TYTANECO50,HORNO TITANIO ECO 50,30,17916.8177,537504.531
C365,2024-10-29T00:00:00Z,98392,TYTANMAX50P,HORNO TITANIO MAX 50,50,23035.9084,1151795.42
C370,2024-10-29T00:00:00Z,114072,LAPTOPG,LAPTOP G,2,18937.985,37875.97
C365,2024-10-29T00:00:00Z,11129,ROTOCAST,CENTRIFUGA ROTOCAST CASTING MACHINE 220V,4,102381.815,409527.26
C365,2024-10-29T00:00:00Z,101899,TRCRUCIBLE,CRISOL ROTOCAST CRISTAL,40,179.168,7166.72
C373,2024-11-12T00:00:00Z,292624,DENTALCADEXOPLANUNI,DENTALCAD EDUCATIONAL FLEX EXOPLAN UNIVERSIDADES,3,12781.3767,38344.1301
C374,2024-11-14T00:00:00Z,114072,LAPTOPG,LAPTOP G,1,18782.21,18782.21
C369,2024-11-19T00:00:00Z,118619,29343000,SILENT COMPACTCAM,10,27765.233,277652.33
C386,2024-11-21T00:00:00Z,304363,MONITOREQ,MONITOR PARA EQUIPO NS,19,17957.8495,341199.1405
C378,2024-11-25T00:00:00Z,303799,759606,FRESA ROTO RFID GREEN 0.6 DM,10,1307.574,13075.74
C378,2024-11-25T00:00:00Z,195295,768263,DISCO ZOLID BION A1 98 X 18 F ZRO2,50,3056.9942,152849.71
C378,2024-11-25T00:00:00Z,288443,767637,DISCO CERAMILL ZOLID FX ML A2/A3 98 X 16 F,20,2247.5565,44951.13
C378,2024-11-25T00:00:00Z,303757,767634,DISCO CERAMILL ZOLID FX ML 0/A1 98 X 16 F,100,2247.5567,224755.67
C378,2024-11-25T00:00:00Z,293323,767534,DISCO ZOLID GEN X BL3 98 X 25 F ZRO2,10,2536.132,25361.32
C378,2024-11-25T00:00:00Z,293333,767760,DISCO ZOLID GEN X BL1 98 X 25 F ZRO2,10,2536.132,25361.32
C378,2024-11-25T00:00:00Z,288674,767579,DISCO ZOLID GEN X B2 98 X 16 F,30,1809.1447,54274.34
C378,2024-11-25T00:00:00Z,288461,767538,DISCO ZOLID GEN X A1 98 X 18 F,20,1935.991,38719.82
C378,2024-11-25T00:00:00Z,288650,767545,DISCO ZOLID GEN X A2 98 X 18 F,10,1935.99,19359.9
C378,2024-11-25T00:00:00Z,303754,767543,DISCO ZOLID GEN X A2 98 X 14 F ZRO2,50,1673.8416,83692.08
C378,2024-11-25T00:00:00Z,288671,767575,DISCO ZOLID GEN X B1 98 X 22 F,40,2324.7218,92988.87199999999
C378,2024-11-25T00:00:00Z,303751,767573,DISCO GEN X B1 98 X 18 F ZRO2,30,1935.9907,58079.72
C378,2024-11-25T00:00:00Z,303748,767574,DISCO ZOLID GEN X B1 98 X 20 F ZRO2,30,2088.2063,62646.189
C378,2024-11-25T00:00:00Z,288464,767540,DISCO ZOLID GEN X A1 98 X 22 F ZRO2,40,2324.7218,92988.87199999999
C378,2024-11-25T00:00:00Z,288647,767544,DISCO ZOLID GEN X A2 98 X 16 F ZRO2,100,1809.1444,180914.44
C378,2024-11-25T00:00:00Z,85851,760671,FRESA ROTO RFID 0.3 PMMA WAX DM 0.3,20,989.1365,19782.73
C378,2024-11-25T00:00:00Z,303763,759619,FRESA ROTO RFID BROWN 3.0 DM,15,1307.5733,19613.6
C378,2024-11-25T00:00:00Z,170076,751014,FRESA ROTO RFID 2.0 T SHAPE,10,640.045,6400.45
C378,2024-11-25T00:00:00Z,121370,181362,BLANK HOLDER BLOCS 3X UN MOTION 3,9,24403.1011,219627.9099
C378,2024-11-25T00:00:00Z,303796,759605,FRESA ROTO RFID GREEN 1.0 DM,20,1307.573,26151.46
C378,2024-11-25T00:00:00Z,303793,759627,FRESA ROTO RFID GREEN 1.5 DM,5,1307.572,6537.86
C378,2024-11-25T00:00:00Z,303790,759604,FRESA ROTO RFID GREEN 2.5 DM,20,1307.573,26151.46
C378,2024-11-25T00:00:00Z,303787,759618,FRESA ROTO RFID BROWN 1.5 SM DM 1.5,10,1439.705,14397.05
C378,2024-11-25T00:00:00Z,303784,759617,FRESA ROTO RFID BROWN 1.5 TS DM,10,1439.705,14397.05
C378,2024-11-25T00:00:00Z,303781,759616,FRESA ROTO RFID BROWN F 1.2 EM DM,10,1439.705,14397.05
C378,2024-11-25T00:00:00Z,303778,759615,FRESA ROTO RFID BROWN R 1.2 EM DM,15,1439.7053,21595.58
C378,2024-11-25T00:00:00Z,303775,759614,FRESA ROTO RFID BROWN 1.0 DM,15,1307.5733,19613.6
C378,2024-11-25T00:00:00Z,303772,759613,FRESA ROTO RFID BROWN 1.5 DM,15,1307.5733,19613.6
C378,2024-11-25T00:00:00Z,303769,759612,FRESA ROTO RFID BROWN 2.0,25,1307.5732,32689.33
C378,2024-11-25T00:00:00Z,303766,759611,FRESA ROTO RFID BROWN 2.5 DM,15,1307.5733,19613.6
C378,2024-11-25T00:00:00Z,170068,751015,FRESA ROTO RFID 1.8 T SHAPE,10,640.045,6400.45
C379,2024-11-25T00:00:00Z,252317,181366,BLANK HOLDER BLOCS 9X UN MOTION 3,1,24400.73,24400.73
C378,2024-11-25T00:00:00Z,85854,760672,FRESA ROTO RFID 2.0 TI DM 2.0,10,640.045,6400.45
C378,2024-11-25T00:00:00Z,115675,760706,FRESA ROTO RFID 1.0 TITAN DM,10,570.015,5700.15
C378,2024-11-25T00:00:00Z,115671,760705,FRESA ROTO RFID 1.2 TITAN DM,10,570.015,5700.15
C378,2024-11-25T00:00:00Z,85835,760666,FRESA ROTO RFID 0.6 SINTRON,30,965.617,28968.51
C378,2024-11-25T00:00:00Z,85831,760665,FRESA ROTO RFID 1.0 SINTRON DM 1.0,20,965.617,19312.34
C378,2024-11-25T00:00:00Z,85828,760664,FRESA ROTO RFID 2.5 SINTRON DM 2.5,20,965.617,19312.34
C378,2024-11-25T00:00:00Z,4016,751002,FRESA ROTO RFID 0.6 ST DM,20,1082.157,21643.14
C378,2024-11-25T00:00:00Z,4013,751001,FRESA ROTO RFID 1.2 ST DM,10,1082.157,10821.57
C378,2024-11-25T00:00:00Z,4241,760663,FRESA ROTO RFID 0.3 ZI,100,965.6169,96561.69
C378,2024-11-25T00:00:00Z,4238,760662,FRESA ROTO RFID 0.6 ZI DM,160,965.6169,154498.704
C378,2024-11-25T00:00:00Z,4235,760661,FRESA ROTO RFID 1.0 ZI DM,479,965.617,462530.543
C378,2024-11-25T00:00:00Z,4232,760660,FRESA ROTO RFID 2.5 ZI DM,318,965.617,307066.206
C378,2024-11-25T00:00:00Z,85848,760670,FRESA ROTO RFID 0.6 PMMA WAX DM 0.6,50,989.1364,49456.82
C378,2024-11-25T00:00:00Z,85844,760669,FRESA ROTO RFID 1.0 PMMA WAX DM 1.0,160,989.1363,158261.808
C378,2024-11-25T00:00:00Z,85860,760683,FRESA ROTO RFID 0.3 SC DM 0.3,20,989.1365,19782.73
C378,2024-11-25T00:00:00Z,85857,760682,FRESA ROTO RFID 0.6 SC DM 0.6,20,953.9895,19079.79
C378,2024-11-25T00:00:00Z,92435,760681,FRESA ROTO RFID 1.0  SC DM,60,953.9893,57239.36
C378,2024-11-25T00:00:00Z,92431,760680,FRESA ROTO RFID 2.5 SC,60,953.9893,57239.36
C378,2024-11-25T00:00:00Z,102045,751008,FRESA ROTO RFID 0.4 DIAMOND BLG,60,942.3618,56541.71
C378,2024-11-25T00:00:00Z,102036,751004,FRESA ROTO RFID 2.0 DIAMOND BLG,160,942.3618,150777.888
C378,2024-11-25T00:00:00Z,4250,760678,"FRESA DIAMOND RFID 1,0 DM",80,523.505,41880.4
C378,2024-11-25T00:00:00Z,4244,760676,FRESA DIAMOND RFID 1.8 DM,80,558.3878,44671.02
C378,2024-11-25T00:00:00Z,303760,768262,DISCO ZOLID BION A1 98 X 16 F ZRO2,100,2890.2443,289024.43
C378,2024-11-25T00:00:00Z,195283,768232,DISCO ZOLID BION BL1 98 X 20 F ZRO2,30,3282.9393,98488.179
C378,2024-11-25T00:00:00Z,195303,768265,DISCO ZOLID BION A1 98 X 25 FZRO2,20,3901.3145,78026.29
C378,2024-11-25T00:00:00Z,195291,768233,DISCO ZOLID BION BL1 98 X 25 F ZRO2,50,3901.3146,195065.73
C378,2024-11-25T00:00:00Z,195312,768271,DISCO ZOLID BION A2 98 X 18 F ZRO2,50,3056.9942,152849.71
C378,2024-11-25T00:00:00Z,195307,768270,DISCO ZOLID BION A2 98 X 16 F ZRO2,50,2890.2444,144512.22
C381,2024-12-03T00:00:00Z,304384,KAT00059,CAPACITOR PARA ROTOCAST,1,9503.83,9503.83
C382,2024-12-11T00:00:00Z,179032,LIQREF,LIQUIDO REFRIGERANTE V FLUID 1 LITRO,38,436.2426,16577.22
C391,2024-12-17T00:00:00Z,305788,COMPUGAMER,"COMPUTADORA TIPO GAMER (TECLADO, MOUSE Y MONITOR)",1,18487.89,18487.89
C391,2024-12-17T00:00:00Z,114072,LAPTOPG,LAPTOP G,1,19293.28,19293.28
C383,2024-12-18T00:00:00Z,86959,6A0111588C0,I500 REUSABLE TIPS,8,4927.9725,39423.78
C383,2024-12-18T00:00:00Z,305100,3A0112485C0,ASSY SMALL TIP PACKING IO3 PARA I600/I700/I700W,10,4927.973,49279.729999999996
C383,2024-12-18T00:00:00Z,269307,REUSTIPSI600I700W,REUSABLETIPS I600 / I700 / I700W,10,4927.973,49279.729999999996
C383,2024-12-18T00:00:00Z,305097,3A0111867C0,ASSY CABLE USB 3.0 IO3 PARA I600/I700,20,2463.9865,49279.73
C383,2024-12-18T00:00:00Z,305094,3A0111866C0,ASSY CABLE USB MAIN IO3 PARA I600/I700,20,2710.3855,54207.71
C383,2024-12-18T00:00:00Z,305052,BAJA3A0111857C0,BAJA ASSY POWER HUB IO3 PARA I600/I700,5,2217.588,11087.94
C383,2024-12-18T00:00:00Z,304905,3A0111853C0,ASSY CALIBRATION IO3 PARA I600/I700/I700W,3,6159.9667,18479.9001
C383,2024-12-18T00:00:00Z,291541,3A0111307C0,ASSY CALIBRATION IO1 PARA I500,1,6159.97,6159.97
C383,2024-12-18T00:00:00Z,89422,T510,SCANNER DE MESA T510,2,110879.39,221758.78
C383,2024-12-18T00:00:00Z,84025,INTSCAI700,MEDIT INTRA ORAL SCANNER I700,12,98559.4558,1182713.4696
C383,2024-12-18T00:00:00Z,103803,INTSCAI600,MEDIT SCANNER I600,52,73919.5919,3843818.7788
C383,2024-12-18T00:00:00Z,84025,INTSCAI700,MEDIT INTRA ORAL SCANNER I700,10,140447.225,1404472.25
C384,2024-12-18T00:00:00Z,114072,LAPTOPG,LAPTOP G,2,19106.155,38212.31
C383,2024-12-18T00:00:00Z,103803,INTSCAI600,MEDIT SCANNER I600,20,118271.347,2365426.94
C385,2024-12-19T00:00:00Z,305190,C3143,SHINING AORALSCAN 3,1,115307.0,115307.0
C390,2024-12-19T00:00:00Z,114072,LAPTOPG,LAPTOP G,1,19359.79,19359.79
C387,2024-12-19T00:00:00Z,4571,5252100001,DURR DENTAL COMPRESOR DUO 110V CON UNIDAD DE SECADO,1,66953.0,66953.0
C388,2024-12-20T00:00:00Z,305242,8,ASSEMBLY STUD,1,3239.1,3239.1
C388,2024-12-20T00:00:00Z,98474,4324,CAGE CPL,1,265.97,265.97
C388,2024-12-20T00:00:00Z,305236,7708/3,SCHICK PIN,1,278.43,278.43
C388,2024-12-20T00:00:00Z,98486,6668,DRIVER,5,615.304,3076.52
C388,2024-12-20T00:00:00Z,140723,10715,Q3 BASIC CONTROL TABLE TOP,50,19479.8196,973990.98
C388,2024-12-20T00:00:00Z,305204,7708,HOOK SPANNER,1,3170.8,3170.8
C388,2024-12-20T00:00:00Z,305245,9466,GREEP SLEEVE SLIM LINE CPL,2,1082.035,2164.07
C388,2024-12-20T00:00:00Z,305248,6675/2,HANDPIECE AXLE CPL,2,7728.55,15457.1
C388,2024-12-20T00:00:00Z,305239,2026-01-09 00:00:00,PINZAS / PLIER,1,1660.98,1660.98
C409,2025-01-08T00:00:00Z,114072,LAPTOPG,LAPTOP G,2,21665.605,43331.21
C406,2025-01-13T00:00:00Z,199095,AKZLCEFECPINK2.5ML,AKZENT LC EFFECT STAINS PINK 2.5 ML,10,868.244,8682.44
C406,2025-01-13T00:00:00Z,199232,AKZLCCHDARKYELLO2.5M,AKZENT LC CHROMA STAINS DARK-YELLOW 2.5 ML,5,868.244,4341.22
C406,2025-01-13T00:00:00Z,199144,AKZLCEFECGREYBLUE2.5,AKZENT LC EFFECT STAINS GREY-BLUE 2.5 ML,6,868.2367,5209.42
C406,2025-01-13T00:00:00Z,199202,AKZLCCHGREYRED2.5ML,AKZENT LC CHROMA STAINS GREY-RED 2.5 ML,2,868.195,1736.39
C406,2025-01-13T00:00:00Z,199056,AKZLCEFECLEMON2.5ML,AKZENT LC EFFECT STAINS LEMON 2.5 ML,5,868.244,4341.22
C406,2025-01-13T00:00:00Z,13070,VMCCLIQ30ML,VMCC LIQUID 30ML,8,451.9725,3615.78
C406,2025-01-13T00:00:00Z,199240,AKZLCGLAZE5ML,AKZENT LC GLAZE 5 ML,20,868.245,17364.9
C406,2025-01-13T00:00:00Z,199126,AKZLCEFECDARKRED2.5M,AKZENT LC EFFECT STAINS DARK-RED 2.5 ML,5,868.244,4341.22
C406,2025-01-13T00:00:00Z,199082,AKZLCEFECRUSSET2.5ML,AKZENT LC EFFECT STAINS RUSSET 2.5 ML,5,868.244,4341.22
C406,2025-01-13T00:00:00Z,199033,AKZLCEFECCREAM2.5ML,AKZENT LC EFFECT STAINS CREAM 2.5 ML,10,868.244,8682.44
C406,2025-01-13T00:00:00Z,199187,AKZLCCHREDBROWN2.5ML,AKZENT LC CHROMA STAINS RED-BROWN 2.5 ML,15,868.2447,13023.67
C406,2025-01-13T00:00:00Z,199192,AKZLCCHREDSUN2.5ML,AKZENT LC CHROMA STAINS RED-SUN 2.5 ML,4,868.2575,3473.03
C392,2025-01-13T00:00:00Z,13421,VMKG5,VMK GINGIVA G5 12G,2,197.365,394.73
C393,2025-01-13T00:00:00Z,13853,VMKONECOLKIT2M2,VMK ONE COLOR KIT 2M2,5,1292.384,6461.92
C393,2025-01-13T00:00:00Z,8480,OPAFLUVMK50ML,"OPAQUE FLUID (AMARILLO, VMK) 50ML",58,134.2653,7787.39
C394,2025-01-13T00:00:00Z,198884,AKZLCSTANDKIT,AKZENT LC STANDARD KIT,10,6615.631,66156.31
C395,2025-01-13T00:00:00Z,5798,COLLINGUI3DM,COLORIMETRO LINEARGUIDE 3D MASTER,18,2448.85,44079.3
C395,2025-01-13T00:00:00Z,13418,VMKG4,VMK GINGIVA G4 12G,4,197.365,789.46
C396,2025-01-13T00:00:00Z,5795,COLCLABLESHA,COLORIMETRO CLASICO A1-D4 BLEACHED SHADES,18,1495.4944,26918.9
C397,2025-01-13T00:00:00Z,86280,6000MP110V,HORNO 6000MP 110V,12,70157.3,841887.6000000001
C398,2025-01-13T00:00:00Z,90218,6100MS,HORNO ZYRCOMAT 6100 MS 230V,9,167555.4267,1507998.8403
C399,2025-01-13T00:00:00Z,90218,6100MS,HORNO ZYRCOMAT 6100 MS 230V,3,167555.4,502666.19999999995
C400,2025-01-13T00:00:00Z,198723,V60IPLUS110V,HORNO V60I LINE PLUS 110V,6,62869.875,377219.25
C401,2025-01-13T00:00:00Z,198723,V60IPLUS110V,HORNO V60I LINE PLUS 110V,5,62869.864,314349.32
C402,2025-01-13T00:00:00Z,198723,V60IPLUS110V,HORNO V60I LINE PLUS 110V,5,62869.864,314349.32
C403,2025-01-13T00:00:00Z,99851,VPADCOMFORT,VPAD COMFORT,12,23269.63,279235.56
C404,2025-01-13T00:00:00Z,99851,VPADCOMFORT,VPAD COMFORT,8,23269.6538,186157.2304
C405,2025-01-13T00:00:00Z,91350,BOMVAC110V,VITA BOMBA DE VACIO PARA HORNO 110V,28,9544.7375,267252.64999999997
C405,2025-01-13T00:00:00Z,99851,VPADCOMFORT,VPAD COMFORT,12,23269.6517,279235.82039999997
C406,2025-01-13T00:00:00Z,199198,AKZLCCHGREYBROWN2.5M,AKZENT LC CHROMA STAINS GREY-BROWN 2.5 ML,4,868.2575,3473.03
C406,2025-01-13T00:00:00Z,199132,AKZLCEFECPURPLE2.5ML,AKZENT LC EFFECT STAINS PURPLE 2.5 ML,6,868.2367,5209.42
C406,2025-01-13T00:00:00Z,199138,AKZLCEFECBLUE2.5ML,AKZENT LC EFFECT STAINS BLUE 2.5 ML,6,868.2367,5209.42
C406,2025-01-13T00:00:00Z,199173,AKZLCEFECGREY2.5ML,AKZENT LC EFFECT STAINS GREY 2.5 ML,6,868.2367,5209.42
C406,2025-01-13T00:00:00Z,199236,AKZLCCHLIGHTRED2.5ML,AKZENT LC CHROMA STAINS LIGHT-RED 2.5 ML,3,868.2767,2604.83
C406,2025-01-13T00:00:00Z,199088,AKZLCEFECKHAKI2.5ML,AKZENT LC EFFECT STAINS KHAKI 2.5 ML,2,868.195,1736.39
C407,2025-01-14T00:00:00Z,5540,AKZPLUES073G,AKZENT PLUS EFFECT STAINS ES07 3G,13,221.7123,2882.26
C407,2025-01-14T00:00:00Z,5537,AKZPLUES063G,AKZENT PLUS EFFECT STAINS ES06 3G,6,221.7133,1330.28
C407,2025-01-14T00:00:00Z,5534,AKZPLUES053G,AKZENT PLUS EFFECT STAINS ES05 3G,11,221.7118,2438.83
C407,2025-01-14T00:00:00Z,5531,AKZPLUES043G,AKZENT PLUS EFFECT STAINS ES04 3G,11,221.7118,2438.83
C407,2025-01-14T00:00:00Z,5522,AKZPLUES013G,AKZENT PLUS EFFECT STAINS ES01 3G,4,221.7125,886.85
C407,2025-01-14T00:00:00Z,7343,LUMACMSAF,"LUMEX MAMELON, SAFFRON, 12 G",5,384.962,1924.81
C407,2025-01-14T00:00:00Z,7409,LUMACTDEEBLU,"LUMEX TRANSLUCENT, DEEP-BLUE, 12G",5,384.962,1924.81
C407,2025-01-14T00:00:00Z,7430,LUMACTWAT,"LUMEX TRANSLUCENT, WATERDROP, 12G",5,384.962,1924.81
C407,2025-01-14T00:00:00Z,7277,LUMACECLE12G,"LUMEX ENAMEL, CLEAR, 12 G",17,319.0071,5423.12
C407,2025-01-14T00:00:00Z,7289,LUMACEMED12G,"LUMEX ENAMEL, MEDIUM, 12 G",11,319.0055,3509.06
C407,2025-01-14T00:00:00Z,7286,LUMACELIG12G,"LUMEX ENAMEL, LIGHT, 12 G",32,319.0044,10208.14
C407,2025-01-14T00:00:00Z,7307,LUMACGDARRED,LUMEX GINGIVA DARK-RED 12G,5,319.002,1595.01
C407,2025-01-14T00:00:00Z,7310,LUMACGDEERED,LUMEX GINGIVA DEEP-RED 12G,5,319.002,1595.01
C407,2025-01-14T00:00:00Z,7325,LUMACGPUR,LUMEX GINGIVA PURPLE 12G,5,319.002,1595.01
C407,2025-01-14T00:00:00Z,7328,LUMACGROS,LUMEX GINGIVA ROSEWOOD 12G,6,319.01,1914.06
C407,2025-01-14T00:00:00Z,7982,MFTPU313M2,MFT PU31 3M2,320,97.2886,31132.352
C407,2025-01-14T00:00:00Z,7952,MFTPU293M2,MFT PU29 3M2,150,97.2887,14593.305
C407,2025-01-14T00:00:00Z,7922,MFTPL333M2,MFT PL33 3M2,240,97.2886,23349.264
C407,2025-01-14T00:00:00Z,7892,MFTPL313M2,MFT PL31 3M2,260,97.2887,25295.062
C407,2025-01-14T00:00:00Z,7733,MFTL402M2,MFT L40 2M2,270,97.2886,26267.922000000002
C407,2025-01-14T00:00:00Z,7673,MFTL372M2,MFT L37 2M2,305,97.2886,29673.023
C407,2025-01-14T00:00:00Z,7643,MFTL342M2,MFT L34 2M2,264,97.2884,25684.1376
C407,2025-01-14T00:00:00Z,7613,MFTL332M2,MFT L33 2M2,45,97.2884,4377.98
C407,2025-01-14T00:00:00Z,7730,MFTL402M1,MFT L40 2M1,85,97.2886,8269.53
C407,2025-01-14T00:00:00Z,7670,MFTL372M1,MFT L37 2M1,135,97.2886,13133.961000000001
C407,2025-01-14T00:00:00Z,7640,MFTL342M1,MFT L34 2M1,85,97.2886,8269.53
C407,2025-01-14T00:00:00Z,7610,MFTL332M1,MFT L33 2M1,35,97.2886,3405.1
C407,2025-01-14T00:00:00Z,8231,MFTT460M3,MFT T46 0M3,15,97.2887,1459.33
C407,2025-01-14T00:00:00Z,8201,MFTT430M3,MFT T43 0M3,15,97.2887,1459.33
C407,2025-01-14T00:00:00Z,8141,MFTS500M3,MFT S50 0M3,15,97.2887,1459.33
C407,2025-01-14T00:00:00Z,7721,MFTL400M3,MFT L40 0M3,20,97.2885,1945.77
C407,2025-01-14T00:00:00Z,7691,MFTL37LN0M3,MFT L37LN 0M3,15,97.2887,1459.33
C407,2025-01-14T00:00:00Z,8060,MFTR452M1,MFT R45 2M1,75,97.2887,7296.65
C407,2025-01-14T00:00:00Z,8090,MFTR472M1,MFT R47 2M1,60,97.2887,5837.32
C407,2025-01-14T00:00:00Z,5792,COLCLA,COLORIMETRO CLASICO A1-D4,95,1323.6547,125747.1965
C407,2025-01-14T00:00:00Z,306880,EN1EM4062645,ENAMIC UNIVERSAL 1M1 HT EM10,5,2399.126,11995.63
C407,2025-01-14T00:00:00Z,306877,EN1EM3122765,ENAMIC UNIVERSAL 2M2 T EM14,5,2757.614,13788.07
C407,2025-01-14T00:00:00Z,306874,EN1EM4202765,ENAMIC UNIVERSAL 3M2 HT EM14,5,2757.614,13788.07
C407,2025-01-14T00:00:00Z,306871,EN1EM4122765,ENAMIC UNIVERSAL 2M2 HT EM14,11,2757.6136,30333.75
C407,2025-01-14T00:00:00Z,306868,EN1EM4022765,ENAMIC UNIVERSAL 0M1 HT EM14,5,2757.614,13788.07
C407,2025-01-14T00:00:00Z,5933,ENA2M2TEM14,ENAMIC 2M2 T EM14,2,2969.4,5938.8
C407,2025-01-14T00:00:00Z,5930,ENA2M2HTEM14,ENAMIC 2M2 HT EM14,11,2978.2227,32760.45
C407,2025-01-14T00:00:00Z,5924,ENA2M1HTEM14,ENAMIC 2M1 HT EM14,4,2978.225,11912.9
C407,2025-01-14T00:00:00Z,11258,TRIFOR1M2CTF1414,TRILUXE FORTE 1M2C TF14/14,5,1406.384,7031.92
C407,2025-01-14T00:00:00Z,306864,E38002,PERLAS DE SINTERIZADO PAQ DE 150G ZRO2,5,1406.384,7031.92
C407,2025-01-14T00:00:00Z,8435,BMFRS250,MODELLING FLUID RS (ROSA) 250ML,6,772.1317,4632.79
C407,2025-01-14T00:00:00Z,8453,MODLIQVM1350ML,"VM MODELLING LIQUID 50ML (BLANCO, VM.13)",8,165.4563,1323.65
C407,2025-01-14T00:00:00Z,8444,MODFLUVMK50ML,"MODELLING FLUID (NARANJA, VMK) 50ML",42,142.2926,5976.29
C407,2025-01-14T00:00:00Z,14192,VMLCFLONT4G,VMLC FLOW NEUTRAL NT 4G,2,551.525,1103.05
C407,2025-01-14T00:00:00Z,14183,VMLCENL4G,VMLC ENAMEL ENL 4G,4,496.3725,1985.49
C407,2025-01-14T00:00:00Z,14003,VMLCBD3M24G,VMLC BASE DENTINE 3M2 4G,5,496.37,2481.85
C407,2025-01-14T00:00:00Z,13982,VMLCBD2M24G,VMLC BASE DENTINE 2M2 4G,3,496.37,1489.11
C407,2025-01-14T00:00:00Z,14048,VMLCBDA24G,VMLC BASE DENTINE A2 4G,2,496.37,992.74
C407,2025-01-14T00:00:00Z,13454,VMKM2,VMK MARGIN M2,3,220.6067,661.82
C407,2025-01-14T00:00:00Z,13418,VMKG4,VMK GINGIVA G4 12G,1,220.6,220.6
C407,2025-01-14T00:00:00Z,13415,VMKG3,VMK GINGIVA G3,8,220.6088,1764.87
C407,2025-01-14T00:00:00Z,13412,VMKG2,VMK GINGIVA G2,10,220.609,2206.09
C407,2025-01-14T00:00:00Z,7871,MFTPL310M3,MFT PL31 0M3,20,97.2885,1945.77
C407,2025-01-14T00:00:00Z,13400,VMKEN250G,VMK ENAMEL EN2 50G,18,622.9456,11213.02
C407,2025-01-14T00:00:00Z,13394,VMKEN150G,VMK ENAMEL EN1 50G,37,622.9451,23048.97
C407,2025-01-14T00:00:00Z,13955,VMKWO50G,VMK WASH OPAQUE WO 50G,5,622.946,3114.73
C407,2025-01-14T00:00:00Z,13208,VMKD3R2.550G,VMK DENTINE 3R2.5 50G,5,622.946,3114.73
C407,2025-01-14T00:00:00Z,13190,VMKD3M250G,VMK DENTINE 3M2 50G,13,620.4631,8066.02
C407,2025-01-14T00:00:00Z,13148,VMKD2M250G,VMK DENTINE 2M2 50G,21,622.9448,13081.84
C407,2025-01-14T00:00:00Z,13130,VMKD2L1.550G,VMK DENTINE 2L1.5 50G,2,622.67,1245.34
C407,2025-01-14T00:00:00Z,13124,VMKD1M250G,VMK DENTINE 1M2 50G,2,622.67,1245.34
C407,2025-01-14T00:00:00Z,13118,VMKD1M150G,VMK DENTINE 1M1 50G,3,622.67,1868.01
C407,2025-01-14T00:00:00Z,13604,VMKOD2L1.550G,VMK OPAQUE DENTINE 2L1.5 50G,3,622.67,1868.01
C407,2025-01-14T00:00:00Z,13514,VMKOA450G,VMK OPAQUE A4 50G,2,622.67,1245.34
C407,2025-01-14T00:00:00Z,13358,VMKDD350G,VMK DENTINE D3 50G,2,622.67,1245.34
C407,2025-01-14T00:00:00Z,13328,VMKDC150G,VMK DENTINE C1 50G,2,622.67,1245.34
C407,2025-01-14T00:00:00Z,13286,VMKDA3.550G,VMK DENTINE A3.5 50G,5,622.614,3113.07
C407,2025-01-14T00:00:00Z,13280,VMKDA250G,VMK DENTINE A2 50G,35,622.6143,21791.5
C407,2025-01-14T00:00:00Z,13274,VMKDA150G,VMK DENTINE A1 50G,9,622.6078,5603.47
C407,2025-01-14T00:00:00Z,13778,VMKODA350G,VMK OPAQUE DENTINE A3 50G,8,622.6013,4980.81
C407,2025-01-14T00:00:00Z,13427,VMKGOD,VMK GINGIVA OPAQUE GOD,2,180.35,360.7
C407,2025-01-14T00:00:00Z,13430,VMKGOL,VMK GINGIVA OPAQUE GOL,2,180.35,360.7
C407,2025-01-14T00:00:00Z,13484,VMKN5,VMK NECK N5,5,180.348,901.74
C407,2025-01-14T00:00:00Z,13478,VMKN3,VMK NECK N3,10,180.348,1803.48
C407,2025-01-14T00:00:00Z,13946,VMKWIN12G,VMK WINDOW WIN 12G,38,180.3479,6853.22
C407,2025-01-14T00:00:00Z,13916,VMKT112G,VMK TRANSLUCENT T1 12G,11,180.3482,1983.83
C407,2025-01-14T00:00:00Z,13403,VMKEN312G,VMK ENAMEL EN3 12G,15,180.348,2705.22
C407,2025-01-14T00:00:00Z,13397,VMKEN212G,VMK ENAMEL EN2 12G,35,180.348,6312.18
C407,2025-01-14T00:00:00Z,13391,VMKEN112G,VMK ENAMEL EN1 12G,176,180.348,31741.248000000003
C407,2025-01-14T00:00:00Z,13952,VMKWO12G,VMK WASH OPAQUE WO 12G,40,180.348,7213.92
C407,2025-01-14T00:00:00Z,13889,VMKOP412G,VMK OPAQUE OP4 12G,6,180.3483,1082.09
C407,2025-01-14T00:00:00Z,13259,VMKD5M212G,VMK DENTINE 5M2 12G,2,180.35,360.7
C407,2025-01-14T00:00:00Z,13253,VMKD5M112G,VMK DENTINE 5M1 12G,3,180.3467,541.04
C407,2025-01-14T00:00:00Z,13241,VMKD4R1.512G,VMK DENTINE 4R1.5 12G,2,180.35,360.7
C407,2025-01-14T00:00:00Z,13235,VMKD4M312G,VMK DENTINE 4M3 12G,2,180.35,360.7
C407,2025-01-14T00:00:00Z,13229,VMKD4M212G,VMK DENTINE 4M2 12G,2,180.35,360.7
C407,2025-01-14T00:00:00Z,13223,VMKD4M112G,VMK DENTINE 4M1 12G,2,180.35,360.7
C407,2025-01-14T00:00:00Z,13211,VMKD4L1.512G,VMK DENTINE 4L1.5 12G,3,180.3467,541.04
C407,2025-01-14T00:00:00Z,13928,VMKT450G,VMK TRANSLUCENT T4 50G,2,622.945,1245.89
C407,2025-01-14T00:00:00Z,13949,VMKWIN50G,VMK WINDOW WIN 50G,14,622.945,8721.23
C407,2025-01-14T00:00:00Z,13373,VMKDM3,VMK DENTINE MODIFIER DM3,2,206.825,413.65
C407,2025-01-14T00:00:00Z,13376,VMKDM4,VMK DENTINE MODIFIER DM4,2,206.825,413.65
C407,2025-01-14T00:00:00Z,13901,VMKOT1,VMK OPAL TRANSLUCENT OT1,23,209.5787,4820.31
C407,2025-01-14T00:00:00Z,13082,VMKCE1,VMK CERVICAL CE1,5,209.578,1047.89
C407,2025-01-14T00:00:00Z,13088,VMKCE3,VMK CERVICAL CE3,5,209.578,1047.89
C407,2025-01-14T00:00:00Z,13091,VMKCOR1,VMK CORRECTIVE COR1,8,203.7875,1630.3
C407,2025-01-14T00:00:00Z,13094,VMKCOR2,VMK CORRECTIVE COR2,8,220.6088,1764.87
C407,2025-01-14T00:00:00Z,13409,VMKG1,VMK GINGIVA G1,10,220.609,2206.09
C407,2025-01-14T00:00:00Z,8120,MFTS472M1,MFT S47 2M1,40,97.2885,3891.54
C407,2025-01-14T00:00:00Z,8150,MFTS502M1,MFT S50 2M1,40,97.2885,3891.54
C407,2025-01-14T00:00:00Z,8210,MFTT432M1,MFT T43 2M1,90,97.2887,8755.983
C407,2025-01-14T00:00:00Z,13193,VMKD3M312G,VMK DENTINE 3M3 12G,5,180.348,901.74
C407,2025-01-14T00:00:00Z,13163,VMKD2R2.512G,VMK DENTINE 2R2.5 12G,2,180.35,360.7
C407,2025-01-14T00:00:00Z,13151,VMKD2M312G,VMK DENTINE 2M3 12G,5,180.348,901.74
C407,2025-01-14T00:00:00Z,13133,VMKD2L2.512G,VMK DENTINE 2L2.5 12G,8,180.3488,1442.79
C407,2025-01-14T00:00:00Z,13127,VMKD2L1.512G,VMK DENTINE 2L1.5 12G,20,180.3475,3606.95
C407,2025-01-14T00:00:00Z,13727,VMKOD4R1.512G,VMK OPAQUE DENTINE 4R1.5 12G,3,180.3467,541.04
C407,2025-01-14T00:00:00Z,13721,VMKOD4M312G,VMK OPAQUE DENTINE 4M3 12G,3,180.3467,541.04
C407,2025-01-14T00:00:00Z,13709,VMKOD4M112G,VMK OPAQUE DENTINE 4M1 12G,3,180.3467,541.04
C407,2025-01-14T00:00:00Z,13697,VMKOD4L1.512G,VMK OPAQUE DENTINE 4L1.5 12G,5,180.348,901.74
C407,2025-01-14T00:00:00Z,13667,VMKOD3M212G,VMK OPAQUE DENTINE 3M2 12G,17,180.3482,3065.92
C407,2025-01-14T00:00:00Z,13649,VMKOD3L1.512G,VMK OPAQUE DENTINE 3L1.5 12G,2,180.35,360.7
C407,2025-01-14T00:00:00Z,13637,VMKOD2R2.512G,VMK OPAQUE DENTINE 2R2.5 12G,6,180.3483,1082.09
C407,2025-01-14T00:00:00Z,13625,VMKOD2M312G,VMK OPAQUE DENTINE 2M3 12G,5,180.348,901.74
C407,2025-01-14T00:00:00Z,13619,VMKOD2M212G,VMK OPAQUE DENTINE 2M2 12G,12,180.3483,2164.18
C407,2025-01-14T00:00:00Z,13601,VMKOD2L1.512G,VMK OPAQUE DENTINE 2L1.5 12G,6,180.3483,1082.09
C407,2025-01-14T00:00:00Z,13559,VMKOC412G,VMK OPAQUE C4 12G,3,180.3467,541.04
C407,2025-01-14T00:00:00Z,13547,VMKOC212G,VMK OPAQUE C2 12G,2,180.35,360.7
C407,2025-01-14T00:00:00Z,13511,VMKOA412G,VMK OPAQUE A4 12G,2,180.35,360.7
C407,2025-01-14T00:00:00Z,8240,MFTT462M1,MFT T46 2M1,90,97.2887,8755.983
C407,2025-01-14T00:00:00Z,13499,VMKOA3.512G,VMK OPAQUE A3.5 12G,16,180.3481,2885.57
C408,2025-01-14T00:00:00Z,7745,MFTL403R2.5,MFT L40 3R2.5,60,91.8522,5511.13
C408,2025-01-14T00:00:00Z,8075,MFTR453R2.5,MFT R45 3R2.5,60,91.8522,5511.13
C408,2025-01-14T00:00:00Z,8105,MFTR473R2.5,MFT R47 3R2.5,30,91.852,2755.56
C408,2025-01-14T00:00:00Z,8165,MFTS503R2.5,MFT S50 3R2.5,45,91.852,4133.34
C408,2025-01-14T00:00:00Z,8225,MFTT433R2.5,MFT T43 3R2.5,60,91.8522,5511.13
C408,2025-01-14T00:00:00Z,8255,MFTT463R2.5,MFT T46 3R2.5,75,91.8521,6888.91
C408,2025-01-14T00:00:00Z,8285,MFTT493R2.5,MFT T49 3R2.5,30,91.852,2755.56
C408,2025-01-14T00:00:00Z,8138,MFTS474M2,MFT S47 4M2,15,91.852,1377.78
C408,2025-01-14T00:00:00Z,8168,MFTS504M2,MFT S50 4M2,15,91.852,1377.78
C408,2025-01-14T00:00:00Z,8288,MFTT494M2,MFT T49 4M2,15,91.852,1377.78
C408,2025-01-14T00:00:00Z,8054,MFTR451M1,MFT R45 1M1,60,91.8522,5511.13
C408,2025-01-14T00:00:00Z,8144,MFTS501M1,MFT S50 1M1,30,91.852,2755.56
C408,2025-01-14T00:00:00Z,8204,MFTT431M1,MFT T43 1M1,60,91.8522,5511.13
C408,2025-01-14T00:00:00Z,8234,MFTT461M1,MFT T46 1M1,60,91.8522,5511.13
C408,2025-01-14T00:00:00Z,8264,MFTT491M1,MFT T49 1M1,60,91.8,5508.0
C408,2025-01-14T00:00:00Z,7637,MFTL342L1.5,MFT L34 2L1.5,60,91.8,5508.0
C408,2025-01-14T00:00:00Z,7667,MFTL372L1.5,MFT L37 2L1.5,75,91.8,6885.0
C408,2025-01-14T00:00:00Z,7784,MFTO441M1,MFT O44 1M1,15,91.8,1377.0
C408,2025-01-14T00:00:00Z,7724,MFTL401M1,MFT L40 1M1,75,91.8,6885.0
C408,2025-01-14T00:00:00Z,7727,MFTL402L1.5,MFT L40 2L1.5,75,91.8,6885.0
C408,2025-01-14T00:00:00Z,7664,MFTL371M1,MFT L37 1M1,120,91.8,11016.0
C408,2025-01-14T00:00:00Z,7634,MFTL341M1,MFT L34 1M1,60,91.8,5508.0
C408,2025-01-14T00:00:00Z,7631,MFTL340M3,MFT L34 0M3,15,91.8,1377.0
C408,2025-01-14T00:00:00Z,7898,MFTPL314M2,MFT PL31 4M2,50,91.8002,4590.01
C408,2025-01-14T00:00:00Z,7844,MFTPL291M1,MFT PL29 1M1,70,91.8,6426.0
C408,2025-01-14T00:00:00Z,7928,MFTPL334M2,MFT PL33 4M2,50,91.8002,4590.01
C408,2025-01-14T00:00:00Z,7874,MFTPL311M1,MFT PL31 1M1,150,91.8001,13770.015
C408,2025-01-14T00:00:00Z,7904,MFTPL331M1,MFT PL33 1M1,120,91.8,11016.0
C408,2025-01-14T00:00:00Z,7934,MFTPU291M1,MFT PU29 1M1,70,91.8,6426.0
C408,2025-01-14T00:00:00Z,8015,MFTPU333R2.5,MFT PU33 3R2.5,170,91.8,15606.0
C408,2025-01-14T00:00:00Z,7988,MFTPU314M2,MFT PU31 4M2,60,91.8,5508.0
C408,2025-01-14T00:00:00Z,8018,MFTPU334M2,MFT PU33 4M2,80,91.8,7344.0
C408,2025-01-14T00:00:00Z,9095,PHY21ESUP1M1,PHYSIODENS 21E SUPERIOR 1M1,10,299.755,2997.55
C408,2025-01-14T00:00:00Z,9197,PHY22ESUP1M1,PHYSIODENS 22E SUPERIOR 1M1,10,299.755,2997.55
C408,2025-01-14T00:00:00Z,9146,PHY22EINF1M1,PHYSIODENS 22E INFERIOR 1M1,10,299.755,2997.55
C408,2025-01-14T00:00:00Z,9299,PHY23ESUP1M1,PHYSIODENS 23E SUPERIOR 1M1,10,299.755,2997.55
C408,2025-01-14T00:00:00Z,9248,PHY23EINF1M1,PHYSIODENS 23E INFERIOR 1M1,10,299.755,2997.55
C408,2025-01-14T00:00:00Z,9251,PHY23EINF1M2,PHYSIODENS 23E INFERIOR 1M2,10,299.755,2997.55
C408,2025-01-14T00:00:00Z,9101,PHY21ESUP2L1.5,PHYSIODENS 21E SUPERIOR 2L1.5,10,299.755,2997.55
C408,2025-01-14T00:00:00Z,9356,PHY24EINF2L1.5,PHYSIODENS 24E INFERIOR 2L1.5,10,299.755,2997.55
C408,2025-01-14T00:00:00Z,9206,PHY22ESUP2L2.5,PHYSIODENS 22E SUPERIOR 2L2.5,10,299.755,2997.55
C408,2025-01-14T00:00:00Z,9155,PHY22EINF2L2.5,PHYSIODENS 22E INFERIOR 2L2.5,10,299.755,2997.55
C408,2025-01-14T00:00:00Z,9056,PHY21EINF2M1,PHYSIODENS 21E INFERIOR 2M1,10,299.755,2997.55
C408,2025-01-14T00:00:00Z,9158,PHY22EINF2M1,PHYSIODENS 22E INFERIOR 2M1,10,299.755,2997.55
C408,2025-01-14T00:00:00Z,9344,PHY23ESUP4M2,PHYSIODENS 23E SUPERIOR 4M2,10,299.755,2997.55
C408,2025-01-14T00:00:00Z,9230,PHY22ESUP3M1,PHYSIODENS 22E SUPERIOR 3M1,10,299.755,2997.55
C408,2025-01-14T00:00:00Z,9332,PHY23ESUP3M1,PHYSIODENS 23E SUPERIOR 3M1,10,299.755,2997.55
C408,2025-01-14T00:00:00Z,9281,PHY23EINF3M1,PHYSIODENS 23E INFERIOR 3M1,10,299.755,2997.55
C408,2025-01-14T00:00:00Z,10751,PHYX1M0M1,PHYSIODENS X1M 0M1,15,354.138,5312.07
C408,2025-01-14T00:00:00Z,10247,PHYO6L4M2,PHYSIODENS O6L 4M2,15,354.138,5312.07
C408,2025-01-14T00:00:00Z,9698,PHYL3M3R2.5,PHYSIODENS L3M 3R2.5,15,354.138,5312.07
C408,2025-01-14T00:00:00Z,10343,PHYT2S3M2,PHYSIODENS T2S 3M2,15,354.138,5312.07
C408,2025-01-14T00:00:00Z,9800,PHYL5M3M2,PHYSIODENS L5M 3M2,15,354.138,5312.07
C408,2025-01-14T00:00:00Z,9710,PHYL4M1M1,PHYSIODENS L4M 1M1,15,354.138,5312.07
C408,2025-01-14T00:00:00Z,9764,PHYL5M1M1,PHYSIODENS L5M 1M1,15,354.138,5312.07
C408,2025-01-14T00:00:00Z,9962,PHYO1S1M1,PHYSIODENS O1S 1M1,15,354.138,5312.07
C408,2025-01-14T00:00:00Z,10253,PHYT1S1M1,PHYSIODENS T1S 1M1,15,354.138,5312.07
C408,2025-01-14T00:00:00Z,10505,PHYT6L1M1,PHYSIODENS T6L 1M1,15,354.138,5312.07
C408,2025-01-14T00:00:00Z,10757,PHYX1M1M1,PHYSIODENS X1M 1M1,15,354.138,5312.07
C408,2025-01-14T00:00:00Z,10853,PHYX3L1M1,PHYSIODENS X3L 1M1,15,354.138,5312.07
C408,2025-01-14T00:00:00Z,9659,PHYL3M1M2,PHYSIODENS L3M 1M2,15,354.138,5312.07
C408,2025-01-14T00:00:00Z,10157,PHYO5L1M2,PHYSIODENS O5L 1M2,15,354.138,5312.07
C408,2025-01-14T00:00:00Z,10976,PHYZ2S3L1.5,PHYSIODENS Z2S 3L1.5,15,354.138,5312.07
C408,2025-01-14T00:00:00Z,10868,PHYX3L2M2,PHYSIODENS X3L 2M2,15,354.138,5312.07
C408,2025-01-14T00:00:00Z,9827,PHYL6L2M2,PHYSIODENS L6L 2M2,15,354.138,5312.07
C408,2025-01-14T00:00:00Z,10613,PHYT7M2M1,PHYSIODENS T7M 2M1,15,354.138,5312.07
C408,2025-01-14T00:00:00Z,7115,LIN22LSUP1M2,LINGOFORM 22L SUPERIOR 1M2,10,275.556,2755.56
C408,2025-01-14T00:00:00Z,7091,LIN22LINF1M2,LINGOFORM 22L INFERIOR 1M2,10,275.556,2755.56
C408,2025-01-14T00:00:00Z,307035,LIN21LSUP2M2,LINGOFORM 21L SUPERIOR 2M2,10,275.556,2755.56
C408,2025-01-14T00:00:00Z,82644,LIN21LINF2M2,LINGOFORM 21L INFERIOR 2M2,10,275.556,2755.56
C408,2025-01-14T00:00:00Z,307031,LIN23LSUP2M2,LINGOFORM 23L SUPERIOR 2M2,10,275.556,2755.56
C408,2025-01-14T00:00:00Z,307027,LIN23LINF2M2,LINGOFORM 23L INFERIOR 2M2,10,275.556,2755.56
C408,2025-01-14T00:00:00Z,307023,LIN24LINF2M2,LINGOFORM 24L INFERIOR 2M2,10,275.556,2755.56
C408,2025-01-14T00:00:00Z,307017,LIN22LSUP3M2,LINGOFORM 22L SUPERIOR 3M2,10,275.556,2755.56
C408,2025-01-14T00:00:00Z,7100,LIN22LINF3M2,LINGOFORM 22L INFERIOR 3M2,10,275.556,2755.56
C408,2025-01-14T00:00:00Z,307011,LIN23LSUP3M2,LINGOFORM2 23LSUPERIOR 3M2,10,275.556,2755.56
C408,2025-01-14T00:00:00Z,92260,LIN23LINF3M2,LINGOFORM 23L INFERIOR 3M2,10,275.556,2755.56
C408,2025-01-14T00:00:00Z,7187,LIN24LSUP3R2.5,LINGOFORM 24L SUPERIOR 3R2.5,10,275.556,2755.56
C408,2025-01-14T00:00:00Z,123811,LIN24LINF3R2.5,LINGOFORM 24L INFERIOR 3R2.5,10,275.556,2755.56
C408,2025-01-14T00:00:00Z,7865,MFTPL293R2.5,MFT PL29 3R2.5,40,91.7998,3671.99
C408,2025-01-14T00:00:00Z,7964,MFTPU311M1,MFT PU31 1M1,160,91.8,14688.0
C408,2025-01-14T00:00:00Z,7994,MFTPU331M1,MFT PU33 1M1,110,91.8,10098.0
C408,2025-01-14T00:00:00Z,8009,MFTPU333L2.5,MFT PU33 3L2.5,70,91.8,6426.0
C408,2025-01-14T00:00:00Z,7979,MFTPU313L2.5,MFT PU31 3L2.5,50,91.8002,4590.01
C408,2025-01-14T00:00:00Z,7919,MFTPL333L2.5,MFT PL33 3L2.5,60,91.8,5508.0
C408,2025-01-14T00:00:00Z,7889,MFTPL313L2.5,MFT PL31 3L2.5,30,91.8,2754.0
C408,2025-01-14T00:00:00Z,8006,MFTPU333L1.5,MFT PU33 3L1.5,50,91.8002,4590.01
C408,2025-01-14T00:00:00Z,7976,MFTPU313L1.5,MFT PU31 3L1.5,70,91.8,6426.0
C408,2025-01-14T00:00:00Z,7916,MFTPL333L1.5,MFT PL33 3L1.5,60,91.8,5508.0
C408,2025-01-14T00:00:00Z,7886,MFTPL313L1.5,MFT PL31 3L1.5,60,90.3428,5420.57
C408,2025-01-14T00:00:00Z,7847,MFTPL292L1.5,MFT PL29 2L1.5,80,91.8,7344.0
C408,2025-01-14T00:00:00Z,7877,MFTPL312L1.5,MFT PL31 2L1.5,150,91.8001,13770.015
C408,2025-01-14T00:00:00Z,7907,MFTPL332L1.5,MFT PL33 2L1.5,150,91.8001,13770.015
C408,2025-01-14T00:00:00Z,7937,MFTPU292L1.5,MFT PU29 2L1.5,100,91.8,9180.0
C408,2025-01-14T00:00:00Z,7997,MFTPU332L1.5,MFT PU33 2L1.5,110,91.8,10098.0
C408,2025-01-14T00:00:00Z,7967,MFTPU312L1.5,MFT PU31 2L1.5,170,91.8,15606.0
C408,2025-01-14T00:00:00Z,7895,MFTPL313R2.5,MFT PL31 3R2.5,150,91.8001,13770.015
C408,2025-01-14T00:00:00Z,7925,MFTPL333R2.5,MFT PL33 3R2.5,170,91.8,15606.0
C408,2025-01-14T00:00:00Z,7985,MFTPU313R2.5,MFT PU31 3R2.5,150,91.8001,13770.015
C408,2025-01-14T00:00:00Z,8057,MFTR452L1.5,MFT R45 2L1.5,45,91.852,4133.34
C408,2025-01-14T00:00:00Z,8117,MFTS472L1.5,MFT S47 2L1.5,15,91.852,1377.78
C408,2025-01-14T00:00:00Z,8207,MFTT432L1.5,MFT T43 2L1.5,30,91.852,2755.56
C408,2025-01-14T00:00:00Z,8237,MFTT462L1.5,MFT T46 2L1.5,45,91.852,4133.34
C408,2025-01-14T00:00:00Z,8030,MFTR422M1,MFT R42 2M1,15,91.852,1377.78
C408,2025-01-14T00:00:00Z,7679,MFTL373L2.5,MFT L37 3L2.5,15,91.852,1377.78
C408,2025-01-14T00:00:00Z,7739,MFTL403L2.5,MFT L40 3L2.5,15,91.852,1377.78
C408,2025-01-14T00:00:00Z,8249,MFTT463L2.5,MFT T46 3L2.5,15,91.852,1377.78
C408,2025-01-14T00:00:00Z,7622,MFTL333M2,MFT L33 3M2,45,91.852,4133.34
C408,2025-01-14T00:00:00Z,7802,MFTO443M2,MFT O44 3M2,30,91.852,2755.56
C408,2025-01-14T00:00:00Z,7625,MFTL333R2.5,MFT L33 3R2.5,15,91.852,1377.78
C408,2025-01-14T00:00:00Z,7655,MFTL343R2.5,MFT L34 3R2.5,45,91.852,4133.34
C408,2025-01-14T00:00:00Z,7685,MFTL373R2.5,MFT L37 3R2.5,75,91.8521,6888.91
C407,2025-01-14T00:00:00Z,9080,PHY21EINF3M2,PHYSIODENS 21E INFERIOR 3M2,10,317.677,3176.77
C407,2025-01-14T00:00:00Z,9131,PHY21ESUP3M2,PHYSIODENS 21E SUPERIOR 3M2,5,317.678,1588.39
C407,2025-01-14T00:00:00Z,9284,PHY23EINF3M2,PHYSIODENS 23E INFERIOR 3M2,5,317.678,1588.39
C407,2025-01-14T00:00:00Z,9437,PHY24ESUP3M2,PHYSIODENS 24E SUPERIOR 3M2,5,317.678,1588.39
C407,2025-01-14T00:00:00Z,9464,PHY25EINF2M2,PHYSIODENS 25E INFERIOR 2M2,5,317.678,1588.39
C407,2025-01-14T00:00:00Z,9512,PHY25ESUP2M2,PHYSIODENS 25E SUPERIOR 2M2,5,317.678,1588.39
C407,2025-01-14T00:00:00Z,9365,PHY24EINF2M2,PHYSIODENS 24E INFERIOR 2M2,5,317.678,1588.39
C407,2025-01-14T00:00:00Z,9416,PHY24ESUP2M2,PHYSIODENS 24E SUPERIOR 2M2,10,317.677,3176.77
C407,2025-01-14T00:00:00Z,9263,PHY23EINF2M2,PHYSIODENS 23E INFERIOR 2M2,10,317.677,3176.77
C407,2025-01-14T00:00:00Z,9314,PHY23ESUP2M2,PHYSIODENS 23E SUPERIOR 2M2,10,317.677,3176.77
C407,2025-01-14T00:00:00Z,9161,PHY22EINF2M2,PHYSIODENS 22E INFERIOR 2M2,5,317.678,1588.39
C407,2025-01-14T00:00:00Z,9212,PHY22ESUP2M2,PHYSIODENS 22E SUPERIOR 2M2,10,317.677,3176.77
C407,2025-01-14T00:00:00Z,9110,PHY21ESUP2M2,PHYSIODENS 21E SUPERIOR 2M2,5,317.678,1588.39
C407,2025-01-14T00:00:00Z,9260,PHY23EINF2M1,PHYSIODENS 23E INFERIOR 2M1,5,317.678,1588.39
C407,2025-01-14T00:00:00Z,9311,PHY23ESUP2M1,PHYSIODENS 23E SUPERIOR 2M1,5,317.678,1588.39
C407,2025-01-14T00:00:00Z,9209,PHY22ESUP2M1,PHYSIODENS 22E SUPERIOR 2M1,5,317.678,1588.39
C407,2025-01-14T00:00:00Z,9107,PHY21ESUP2M1,PHYSIODENS 21E SUPERIOR 2M1,5,317.678,1588.39
C407,2025-01-14T00:00:00Z,7361,LUMACODB112G,"LUMEX OPAQUE DENTINE, B1, 12 G",6,319.01,1914.06
C407,2025-01-14T00:00:00Z,7217,LUMACDA212G,"LUMEX DENTINE, A2, 12 G",30,319.0007,9570.02
C407,2025-01-14T00:00:00Z,7223,LUMACDA312G,"LUMEX DENTINE, A3, 12 G",25,319.0012,7975.03
C407,2025-01-14T00:00:00Z,7226,LUMACDA412G,"LUMEX DENTINE, A4, 12 G",5,319.002,1595.01
C407,2025-01-14T00:00:00Z,7232,B5345712,"LUMEX DENTINE, B2, 12 G",5,319.002,1595.01
C407,2025-01-14T00:00:00Z,7235,LUMACDB312G,"LUMEX DENTINE, B3, 12 G",5,319.002,1595.01
C407,2025-01-14T00:00:00Z,7250,LUMACDC412G,"LUMEX DENTINE, C4, 12 G",5,319.002,1595.01
C407,2025-01-14T00:00:00Z,7256,LUMACDD312G,"LUMEX DENTINE, D3, 12 G",5,319.002,1595.01
C407,2025-01-14T00:00:00Z,7322,LUMACGPALPAP,LUMEX GINGIVA PALE-PAPILLA 12G,5,319.002,1595.01
C407,2025-01-14T00:00:00Z,7316,LUMACGLIGROS,LUMEX GINGIVA LIGHT-ROSE 12G,6,319.01,1914.06
C407,2025-01-14T00:00:00Z,7319,LUMACGNEC,LUMEX GINGIVA NECTARINE 12G,6,319.01,1914.06
C407,2025-01-14T00:00:00Z,7313,LUMACGGRA,LUMEX GINGIVA GRAPEFRUIT 12G,5,319.002,1595.01
C407,2025-01-14T00:00:00Z,9182,PHY22EINF3M2,PHYSIODENS 22E INFERIOR 3M2,10,317.677,3176.77
C407,2025-01-14T00:00:00Z,9335,PHY23ESUP3M2,PHYSIODENS 23E SUPERIOR 3M2,5,317.678,1588.39
C407,2025-01-14T00:00:00Z,10406,PHYT4M0M3,PHYSIODENS T4M 0M3,5,375.256,1876.28
C407,2025-01-14T00:00:00Z,10541,PHYT6L3M2,PHYSIODENS T6L 3M2,5,375.256,1876.28
C407,2025-01-14T00:00:00Z,10289,PHYT1S3M2,PHYSIODENS T1S 3M2,5,375.256,1876.28
C407,2025-01-14T00:00:00Z,9614,PHYL2M2M1,PHYSIODENS L2M 2M1,5,375.256,1876.28
C407,2025-01-14T00:00:00Z,10517,PHYT6L2M1,PHYSIODENS T6L 2M1,5,375.256,1876.28
C407,2025-01-14T00:00:00Z,10370,PHYT3M2M2,PHYSIODENS T3M 2M2,5,375.256,1876.28
C407,2025-01-14T00:00:00Z,10322,PHYT2S2M2,PHYSIODENS T2S 2M2,5,375.256,1876.28
C407,2025-01-14T00:00:00Z,9977,PHYO1S2M2,PHYSIODENS O1S 2M2,5,375.256,1876.28
C407,2025-01-14T00:00:00Z,9779,PHYL5M2M2,PHYSIODENS L5M 2M2,5,375.256,1876.28
C407,2025-01-14T00:00:00Z,9566,PHYL1S2M2,PHYSIODENS L1S 2M2,5,375.256,1876.28
C407,2025-01-14T00:00:00Z,9671,PHYL3M2M2,PHYSIODENS L3M 2M2,5,375.256,1876.28
C407,2025-01-14T00:00:00Z,7097,LIN22LINF2M2,LINGOFORM 22L INFERIOR 2M2,5,291.866,1459.33
C407,2025-01-14T00:00:00Z,7118,LIN22LSUP2M2,LINGOFORM 22L SUPERIOR 2M2,5,291.866,1459.33
C407,2025-01-14T00:00:00Z,7853,MFTPL292M2,MFT PL29 2M2,220,97.2886,21403.492000000002
C407,2025-01-14T00:00:00Z,7883,MFTPL312M2,MFT PL31 2M2,470,97.2886,45725.642
C407,2025-01-14T00:00:00Z,7913,MFTPL332M2,MFT PL33 2M2,360,97.2886,35023.896
C407,2025-01-14T00:00:00Z,7943,MFTPU292M2,MFT PU29 2M2,410,97.2886,39888.326
C407,2025-01-14T00:00:00Z,7973,MFTPU312M2,MFT PU31 2M2,640,97.2886,62264.704
C407,2025-01-14T00:00:00Z,8003,MFTPU332M2,MFT PU33 2M2,390,97.2886,37942.554000000004
C407,2025-01-14T00:00:00Z,8000,MFTPU332M1,MFT PU33 2M1,190,97.2886,18484.834
C407,2025-01-14T00:00:00Z,7970,MFTPU312M1,MFT PU31 2M1,190,97.2886,18484.834
C407,2025-01-14T00:00:00Z,7940,MFTPU292M1,MFT PU29 2M1,90,97.2887,8755.983
C407,2025-01-14T00:00:00Z,7910,MFTPL332M1,MFT PL33 2M1,170,97.2886,16539.062
C407,2025-01-14T00:00:00Z,7880,MFTPL312M1,MFT PL31 2M1,210,97.2886,20430.606
C407,2025-01-14T00:00:00Z,7850,MFTPL292M1,MFT PL29 2M1,100,97.2886,9728.86
C407,2025-01-14T00:00:00Z,8282,MFTT493M2,MFT T49 3M2,170,97.2886,16539.062
C407,2025-01-14T00:00:00Z,9233,PHY22ESUP3M2,PHYSIODENS 22E SUPERIOR 3M2,10,317.677,3176.77
C407,2025-01-14T00:00:00Z,8252,MFTT463M2,MFT T46 3M2,215,97.2886,20917.049
C407,2025-01-14T00:00:00Z,8222,MFTT433M2,MFT T43 3M2,110,97.2886,10701.746000000001
C407,2025-01-14T00:00:00Z,8162,MFTS503M2,MFT S50 3M2,90,97.2887,8755.983
C407,2025-01-14T00:00:00Z,8132,MFTS473M2,MFT S47 3M2,50,97.2888,4864.44
C407,2025-01-14T00:00:00Z,8102,MFTR473M2,MFT R47 3M2,80,97.2886,7783.09
C407,2025-01-14T00:00:00Z,8072,MFTR453M2,MFT R45 3M2,135,97.2886,13133.961000000001
C407,2025-01-14T00:00:00Z,7742,MFTL403M2,MFT L40 3M2,145,97.2887,14106.8615
C407,2025-01-14T00:00:00Z,7682,MFTL373M2,MFT L37 3M2,160,97.2886,15566.176
C407,2025-01-14T00:00:00Z,7652,MFTL343M2,MFT L34 3M2,155,97.2886,15079.733
C407,2025-01-14T00:00:00Z,8273,MFTT492M2,MFT T49 2M2,195,97.2886,18971.277000000002
C407,2025-01-14T00:00:00Z,8243,MFTT462M2,MFT T46 2M2,315,97.2886,30645.909
C407,2025-01-14T00:00:00Z,8213,MFTT432M2,MFT T43 2M2,290,97.2886,28213.694
C407,2025-01-14T00:00:00Z,8183,MFTT412M2,MFT T41 2M2,45,97.2884,4377.98
C407,2025-01-14T00:00:00Z,8153,MFTS502M2,MFT S50 2M2,95,97.2886,9242.417
C407,2025-01-14T00:00:00Z,8123,MFTS472M2,MFT S47 2M2,175,97.2886,17025.505
C407,2025-01-14T00:00:00Z,8093,MFTR472M2,MFT R47 2M2,165,97.2887,16052.6355
C407,2025-01-14T00:00:00Z,8063,MFTR452M2,MFT R45 2M2,280,97.2886,27240.808
C407,2025-01-14T00:00:00Z,8033,MFTR422M2,MFT R42 2M2,65,97.2886,6323.76
C407,2025-01-14T00:00:00Z,7862,MFTPL293M2,MFT PL29 3M2,170,97.2886,16539.062
C407,2025-01-14T00:00:00Z,13406,VMKEN350G,VMK ENAMEL EN3 50G,5,622.946,3114.73
C407,2025-01-14T00:00:00Z,7901,MFTPL330M3,MFT PL33 0M3,20,97.2885,1945.77
C407,2025-01-14T00:00:00Z,7931,MFTPU290M3,MFT PU29 0M3,10,97.288,972.88
C407,2025-01-14T00:00:00Z,7961,MFTPU310M3,MFT PU31 0M3,20,97.2885,1945.77
C407,2025-01-14T00:00:00Z,7991,MFTPU330M3,MFT PU33 0M3,15,97.2887,1459.33
C407,2025-01-14T00:00:00Z,7793,MFTO442M2,MFT O44 2M2,150,97.2887,14593.305
C407,2025-01-14T00:00:00Z,8012,MFTPU333M2,MFT PU33 3M2,330,97.2886,32105.238
C407,2025-01-14T00:00:00Z,7712,MFTL37LN3M2,MFT L37LN 3M2,20,97.2885,1945.77
C407,2025-01-14T00:00:00Z,13505,VMKOA312G,VMK OPAQUE A3 12G,40,180.348,7213.92
C407,2025-01-14T00:00:00Z,13493,VMKOA212G,VMK OPAQUE A2 12G,53,180.3481,9558.45
C407,2025-01-14T00:00:00Z,13355,VMKDD312G,VMK DENTINE D3 12G,4,180.3475,721.39
C407,2025-01-14T00:00:00Z,13349,VMKDD212G,VMK DENTINE D2 12G,7,180.3486,1262.44
C407,2025-01-14T00:00:00Z,13343,VMKDC412G,VMK DENTINE C4 12G,5,180.348,901.74
C407,2025-01-14T00:00:00Z,13337,VMKDC312G,VMK DENTINE C3 12G,5,180.348,901.74
C407,2025-01-14T00:00:00Z,13331,VMKDC212G,VMK DENTINE C2 12G,14,180.3486,2524.88
C407,2025-01-14T00:00:00Z,13319,VMKDB412G,VMK DENTINE B4 12G,2,180.35,360.7
C407,2025-01-14T00:00:00Z,13307,VMKDB212G,VMK DENTINE B2 12G,15,180.348,2705.22
C407,2025-01-14T00:00:00Z,13295,VMKDA412G,VMK DENTINE A4 12G,14,180.3486,2524.88
C407,2025-01-14T00:00:00Z,13283,VMKDA3.512G,VMK DENTINE A3.5 12G,40,180.348,7213.92
C407,2025-01-14T00:00:00Z,13289,VMKDA312G,VMK DENTINE A3 12G,140,180.3479,25248.706000000002
C407,2025-01-14T00:00:00Z,13277,VMKDA212G,VMK DENTINE A2 12G,133,180.3479,23986.2707
C407,2025-01-14T00:00:00Z,13781,VMKODA412G,VMK OPAQUE DENTINE A4 12G,7,180.3486,1262.44
C407,2025-01-14T00:00:00Z,13769,VMKODA3.512G,VMK OPAQUE DENTINE A3.5 12G,15,180.348,2705.22
C407,2025-01-14T00:00:00Z,13775,VMKODA312G,VMK OPAQUE DENTINE A3 12G,39,180.3479,7033.57
C407,2025-01-14T00:00:00Z,13763,VMKODA212G,VMK OPAQUE DENTINE A2 12G,53,180.3481,9558.45
C407,2025-01-14T00:00:00Z,13757,VMKODA112G,VMK OPAQUE DENTINE A1 12G,4,180.3475,721.39
C407,2025-01-14T00:00:00Z,8468,NPBON5G,NP BOND PASTE 5G,9,517.0533,4653.48
C407,2025-01-14T00:00:00Z,11723,VM13ENL50G,VM13 ENAMEL ENL 50G,2,1041.69,2083.38
C407,2025-01-14T00:00:00Z,12635,VM9EO2,VM9 EFFECT OPAL EO2,1,408.68,408.68
C407,2025-01-14T00:00:00Z,12632,VM9EO1,VM9 EFFECT OPAL EO1,3,408.5867,1225.76
C407,2025-01-14T00:00:00Z,12629,VM9ENL50G,VM9 ENAMEL ENL 50G,2,1041.69,2083.38
C407,2025-01-14T00:00:00Z,5519,AKZPLUCHRSTAKIT,AKZENT PLUS CHROMA STAINS KIT,2,1091.33,2182.66
C407,2025-01-14T00:00:00Z,5582,AKZPLUPOWKIT,AKZENT PLUS POWDER KIT,4,6781.4575,27125.83
C407,2025-01-14T00:00:00Z,5585,AKZPOWFLU20ML,AKZENT POWDER FLUID 20ML,116,162.3546,18833.1336
C407,2025-01-14T00:00:00Z,5573,AKZPLUGLALT5G,AKZENT PLUS GLAZE LT 5G,145,263.491,38206.195
C407,2025-01-14T00:00:00Z,5570,AKZPLUGLA5G,AKZENT PLUS GLAZE 5G,52,263.49,13701.48
C407,2025-01-14T00:00:00Z,5516,AKZPLUCHRSTAD3G,AKZENT PLUS CHROMA STAINS D 3G,2,221.715,443.43
C407,2025-01-14T00:00:00Z,5513,AKZPLUCHRSTAC3G,AKZENT PLUS CHROMA STAINS C 3G,7,221.7114,1551.98
C407,2025-01-14T00:00:00Z,5510,AKZPLUCHRSTAB3G,AKZENT PLUS CHROMA STAINS B 3G,4,221.7125,886.85
C407,2025-01-14T00:00:00Z,5507,AKZPLUCHRSTAA3G,AKZENT PLUS CHROMA STAINS A 3G,15,221.7127,3325.69
C407,2025-01-14T00:00:00Z,5558,AKZPLUES133G,AKZENT PLUS EFFECT STAINS ES13 3G,4,221.7125,886.85
C407,2025-01-14T00:00:00Z,5552,AKZPLUES113G,AKZENT PLUS EFFECT STAINS ES11 3G,2,221.715,443.43
CND8,2025-01-27T00:00:00Z,3698,179301,SYCOTEC SPINDEL,1,49632.52,49632.52
CND7,2025-01-27T00:00:00Z,3698,179301,SYCOTEC SPINDEL,1,55099.18,55099.18
CND6,2025-01-27T00:00:00Z,85538,179232,JAEGER SPINDLE 100K SHF,1,61721.05,61721.05
CND5,2025-01-27T00:00:00Z,85538,179232,JAEGER SPINDLE 100K SHF,1,62071.74,62071.74
C432,2025-01-28T00:00:00Z,89454,900037226,TURBINA SILENT COMPACT,1,3155.5,3155.5
C411,2025-01-28T00:00:00Z,179032,LIQREF,LIQUIDO REFRIGERANTE V FLUID 1 LITRO,39,432.7741,16878.19
C416,2025-02-10T00:00:00Z,309233,29391000,SILENT POWERCAM MTN,10,46866.213,468662.13
C413,2025-02-14T00:00:00Z,3503,BAJA105268,BAJA AUSTROMAT 674 BASIC,10,174558.775,1745587.75
C414,2025-02-17T00:00:00Z,297469,180410,DOOR LOCK CYLINDER MOTION 3,5,1810.058,9050.29
C414,2025-02-17T00:00:00Z,295015,181376,CERAMILL COOLANTFLOW MATRON,10,51032.268,510322.67999999993
C414,2025-02-17T00:00:00Z,295012,181375,CERAMILL TANK MATRON,10,14622.44,146224.4
C414,2025-02-17T00:00:00Z,295009,181371,CERAMILL MATRON,10,978241.289,9782412.89
C414,2025-02-17T00:00:00Z,121370,181362,BLANK HOLDER BLOCS 3X UN MOTION 3,6,23410.1033,140460.6198
C414,2025-02-17T00:00:00Z,288446,767643,DISCO CERAMILL ZOLID FX ML 0/B1 98 X 16 F,150,2156.1002,323415.02999999997
C414,2025-02-17T00:00:00Z,307912,767652,DISCO CERAMILL ZOLID FX ML C1/C2 98 X 16 F,30,2156.1,64683.0
C414,2025-02-17T00:00:00Z,303793,759627,FRESA ROTO RFID GREEN 1.5 DM,10,803.118,8031.18
C414,2025-02-17T00:00:00Z,288656,767547,DISCO ZOLID GEN X A2 98 X 22 F ZRO2,30,1864.057,55921.71
C414,2025-02-17T00:00:00Z,303790,759604,FRESA ROTO RFID GREEN 2.5 DM,100,803.1188,80311.87999999999
C414,2025-02-17T00:00:00Z,288653,767546,DISCO ZOLID GEN X A2 98 X 20 F,5,1864.056,9320.28
C414,2025-02-17T00:00:00Z,288653,767546,DISCO ZOLID GEN X A2 98 X 20 F,5,1864.056,9320.28
C414,2025-02-17T00:00:00Z,288653,767546,DISCO ZOLID GEN X A2 98 X 20 F,10,1864.057,18640.57
C414,2025-02-17T00:00:00Z,307922,180033,CONTADOR FRESADORAS ATORN,1,2821.56,2821.56
C414,2025-02-17T00:00:00Z,252317,181366,BLANK HOLDER BLOCS 9X UN MOTION 3,1,29262.63,29262.63
C414,2025-02-17T00:00:00Z,307912,767652,DISCO CERAMILL ZOLID FX ML C1/C2 98 X 16 F,20,2772.636,55452.72
C414,2025-02-17T00:00:00Z,195230,766505,BLOQUE ZOLID DRS A1 C20,20,1756.8225,35136.45
C414,2025-02-17T00:00:00Z,195243,766510,BLOQUE ZOLID DRS A2 C20,20,1756.8225,35136.45
C414,2025-02-17T00:00:00Z,195254,766515,BLOQUE ZOLID DRS A3 C20,10,1756.823,17568.23
C414,2025-02-17T00:00:00Z,288458,767536,DISCO ZOLID GEN X A1 98 X 14 F ZRO2,29,1864.0569,54057.65
C414,2025-02-17T00:00:00Z,288458,767536,DISCO ZOLID GEN X A1 98 X 14 F ZRO2,50,1864.057,93202.85
C414,2025-02-17T00:00:00Z,293327,767537,DISCO ZOLID GEN X A1 98 X 16 F ZRO2,100,1864.0569,186405.69
C414,2025-02-17T00:00:00Z,307915,767539,DISCO ZOLID GEN X A1 98 X 20 F ZRO2,70,1864.0569,130483.98300000001
C414,2025-02-17T00:00:00Z,288464,767540,DISCO ZOLID GEN X A1 98 X 22 F ZRO2,12,1864.0567,22368.68
C414,2025-02-17T00:00:00Z,288467,767541,DISCO ZOLID GEN X A1 98 X 25 F ZRO2,16,1864.0569,29824.91
C414,2025-02-17T00:00:00Z,288467,767541,DISCO ZOLID GEN X A1 98 X 25 F ZRO2,20,1864.057,37281.14
C414,2025-02-17T00:00:00Z,293333,767760,DISCO ZOLID GEN X BL1 98 X 25 F ZRO2,30,1864.057,55921.71
C414,2025-02-17T00:00:00Z,293323,767534,DISCO ZOLID GEN X BL3 98 X 25 F ZRO2,30,1864.057,55921.71
C414,2025-02-17T00:00:00Z,297459,180407,TOOL LENGTH SENSOR MOTION 2 O 3,4,6778.85,27115.4
C414,2025-02-17T00:00:00Z,252317,181366,BLANK HOLDER BLOCS 9X UN MOTION 3,10,23410.102,234101.02
C414,2025-02-17T00:00:00Z,92543,179164,CERAMILL MATCH 2 CAM DONGLE,10,46138.769,461387.69
C414,2025-02-17T00:00:00Z,186862,181350,FRESADORA CERAMILL MOTION 3,10,536680.082,5366800.82
C414,2025-02-17T00:00:00Z,92543,179164,CERAMILL MATCH 2 CAM DONGLE,10,46138.769,461387.69
C414,2025-02-17T00:00:00Z,295042,181385,BLANK HOLDER METAL MATRON,10,24858.15,248581.5
C414,2025-02-17T00:00:00Z,295039,181383,BLANK HOLDER BLOCKS 4X UN MATRON,20,13891.319,277826.38
C414,2025-02-17T00:00:00Z,295036,181381,BLANK HOLDER 98 MATRON,10,13891.319,138913.19
C414,2025-02-17T00:00:00Z,295033,181380,BLANK HOLDER C CLAMP MATRON,20,13891.319,277826.38
C414,2025-02-17T00:00:00Z,295030,181251,LLAVE PARA PINZA SYC 3/6 DE CERAMILL MATRON,10,2178.662,21786.62
C414,2025-02-17T00:00:00Z,295027,181389,AUTOCALIBRATION KIT MATRON,10,26320.394,263203.94
C414,2025-02-17T00:00:00Z,307925,181378,CERAMILL MATRON SNAPMAG,10,7311.221,73112.20999999999
C414,2025-02-17T00:00:00Z,295018,181377,CERAMILL CART MATRON,10,51178.542,511785.42000000004
C414,2025-02-17T00:00:00Z,288653,767546,DISCO ZOLID GEN X A2 98 X 20 F,5,1864.056,9320.28
C414,2025-02-17T00:00:00Z,307934,181230,BOMBA DE PROCESO LILIE,2,8855.095,17710.19
C414,2025-02-17T00:00:00Z,307931,180178,LLAVE DE PINZA DINAMOMETRICA JAGER,3,2732.8367,8198.51
C414,2025-02-17T00:00:00Z,132165,116930,PIEZA DE MANO X3 COMPLETA,2,6015.79,12031.58
C414,2025-02-17T00:00:00Z,85532,180208,X/Y/Z AXIS MOTOR INCL ENCODER 4X AND 5X FOR MIKRO 4X 5X IC CS,6,4152.49,24914.94
C414,2025-02-17T00:00:00Z,307928,179253,TAMIZ DE VIRUTAS MOTION 2,1,1756.82,1756.82
C414,2025-02-17T00:00:00Z,4679,216100C,JUEGO DE PLACAS SPLITEX VERSION C,5,4063.76,20318.800000000003
C414,2025-02-17T00:00:00Z,303787,759618,FRESA ROTO RFID BROWN 1.5 SM DM 1.5,10,884.242,8842.42
C414,2025-02-17T00:00:00Z,303775,759614,FRESA ROTO RFID BROWN 1.0 DM,30,803.1187,24093.56
C414,2025-02-17T00:00:00Z,303772,759613,FRESA ROTO RFID BROWN 1.5 DM,100,803.1188,80311.87999999999
C414,2025-02-17T00:00:00Z,303769,759612,FRESA ROTO RFID BROWN 2.0,60,803.1188,48187.13
C414,2025-02-17T00:00:00Z,303766,759611,FRESA ROTO RFID BROWN 2.5 DM,60,803.1188,48187.13
C414,2025-02-17T00:00:00Z,303763,759619,FRESA ROTO RFID BROWN 3.0 DM,100,803.1188,80311.87999999999
C414,2025-02-17T00:00:00Z,303799,759606,FRESA ROTO RFID GREEN 0.6 DM,30,803.1187,24093.56
C414,2025-02-17T00:00:00Z,303796,759605,FRESA ROTO RFID GREEN 1.0 DM,100,803.1188,80311.87999999999
C427,2025-02-20T00:00:00Z,341002,5250-980-60,FINE FILTER SET FOR 2-CYLINDER COMPRESSORS SILVER AIRLINE,10,2872.096,28720.96
C420,2025-02-20T00:00:00Z,4763,4252100027,COMPRESOR DUO TANDEM CON 2 CABEZAS MTN,10,116686.522,1166865.22
C419,2025-02-21T00:00:00Z,4571,5252100001,DURR DENTAL COMPRESOR DUO 110V CON UNIDAD DE SECADO,5,69821.982,349109.91000000003
C435,2025-02-26T00:00:00Z,305788,COMPUGAMER,"COMPUTADORA TIPO GAMER (TECLADO, MOUSE Y MONITOR)",4,9741.165,38964.66
C423,2025-02-27T00:00:00Z,116979,25151003,ANAXGUM GINGIVA FLOW LIGHT PINK 3G,12,922.515,11070.18
C423,2025-02-27T00:00:00Z,116982,25153003,ANAXGUM GINGIVA FLOW ORANGE PINK 3G,12,922.515,11070.18
C423,2025-02-27T00:00:00Z,116985,25102005,ANAXGUM GINGIVA PASTE DARK PINK 4G,8,1397.9525,11183.62
C423,2025-02-27T00:00:00Z,116995,25104005,ANAXGUM GINGIVA PASTE PURPLE PINK 4G,8,1397.9525,11183.62
C422,2025-02-27T00:00:00Z,116771,16011076,VISCO III A1 76G,9,1813.1333,16318.2
C423,2025-02-27T00:00:00Z,103962,72000210,PASTA GRIGIA II,25,1029.3952,25734.88
C423,2025-02-27T00:00:00Z,103873,24000001,MOCK UP SET A1,15,3156.144,47342.159999999996
C421,2025-02-27T00:00:00Z,118619,29343000,SILENT COMPACTCAM,10,30369.97,303699.7
C423,2025-02-27T00:00:00Z,103877,24000002,MOCK UP SET A2,10,3156.154,31561.54
C423,2025-02-27T00:00:00Z,116970,20810801,ANAXBLEND COLORS S CHOCO 1G,5,713.504,3567.52
C423,2025-02-27T00:00:00Z,291471,20225903,ANAXBLEND ENAMEL S 59 FLOW 3G,2,560.23,1120.46
C423,2025-02-27T00:00:00Z,116963,20810601,ANAXBLENT COLORS S KHAKI 1G,5,713.504,3567.52
C423,2025-02-27T00:00:00Z,117011,25204003,ANAXGUM PAINT DARK BROWN 3G,3,1331.4233,3994.27
C423,2025-02-27T00:00:00Z,103956,72000200,PASTA ROSSA 3G,90,706.7504,63607.536
C423,2025-02-27T00:00:00Z,103959,72000205,PASTA GRIGIA I,50,829.6622,41483.11
C423,2025-02-27T00:00:00Z,103908,20700006,ANAXBLEND BOND LC 10ML,5,1633.702,8168.51
C423,2025-02-27T00:00:00Z,103858,16201010,OUTLINE SKIN GLAZE 10ML,15,1126.7013,16900.52
C423,2025-02-27T00:00:00Z,117002,25201003,ANAXGUM PAINT FLOW RED 3G,5,1331.424,6657.12
C423,2025-02-27T00:00:00Z,116992,25103005,ANAXGUM GINGIVA PASTE ORANGE PINK 4G,12,1397.9517,16775.42
C423,2025-02-27T00:00:00Z,249173,25101005,ANAXGUM GINGIVA PASTE LIGHT PINK 4G,12,1397.9517,16775.42
C424,2025-02-28T00:00:00Z,8339,MI872,MIYO STRUCTURE ENAMEL FLUOR PASTE 4G,6,943.4517,5660.71
C424,2025-02-28T00:00:00Z,8345,MI875,MIYO TRANS SMOKE FLUOR PASTE 4G,35,943.4526,33020.84
C424,2025-02-28T00:00:00Z,8348,MI876,MIYO TRANS LUMIN FLUOR PASTE 4G,7,943.4529,6604.17
C424,2025-02-28T00:00:00Z,8351,MI877,MIYO TRANS SHADE A FLUOR PASTE 4G,79,943.4528,74532.7712
C424,2025-02-28T00:00:00Z,8354,MI878,MIYO TRANS SHADE B FLUOR PASTE 4G,37,943.4527,34907.75
C424,2025-02-28T00:00:00Z,8357,MI879,MIYO TRANS SHADE C FLUOR PASTE 4G,21,943.4529,19812.51
C424,2025-02-28T00:00:00Z,8360,MI880,MIYO TRANS SHADE D FLUOR PASTE 4G,17,943.4529,16038.7
C424,2025-02-28T00:00:00Z,8363,MI881,MIYO GINGIVAL FLAMINGO PASTE 4G,38,943.4529,35851.21
C424,2025-02-28T00:00:00Z,8366,MI882,MIYO GINGIVAL CRIMSON PASTE 4G,12,943.4525,11321.43
C424,2025-02-28T00:00:00Z,8369,MI883,MIYO GINGIVAL TRANS MIDNIGHT PASTE 4G,23,943.4526,21699.41
C424,2025-02-28T00:00:00Z,8372,MI884,MIYO GINGIVAL PLUM PASTE 4G,3,943.4533,2830.36
C424,2025-02-28T00:00:00Z,8291,MI008,MIYO BRUSH KIT,8,4398.2075,35185.66
C424,2025-02-28T00:00:00Z,8423,MI957,MIYO GINGIVAL VENULE 4G,3,943.4533,2830.36
C424,2025-02-28T00:00:00Z,87152,MI952,MIYO TRANS GARNET PASTE 4G,7,943.4529,6604.17
C424,2025-02-28T00:00:00Z,8420,MI951,MIYO GINGIVAL CARNATION 4G,16,943.4531,15095.25
C424,2025-02-28T00:00:00Z,8417,MI950,MIYO TRANS SUNFLOWER 4G,8,943.4525,7547.62
C424,2025-02-28T00:00:00Z,8411,MI897,MIYO GINGIVAL SABLE PASTE 4G,6,943.4517,5660.71
C424,2025-02-28T00:00:00Z,8408,MI896,MIYO TRANS LUMIN PLUS FLUOR PASTE 4G,2,943.455,1886.91
C424,2025-02-28T00:00:00Z,8405,MI895,MIYO TRANS SLATE FLUOR PASTE 4G,5,943.452,4717.26
C424,2025-02-28T00:00:00Z,8402,MI894,MIYO TRANS COBALT FLUOR PASTE 4G,14,943.4529,13208.34
C424,2025-02-28T00:00:00Z,8399,MI893,MIYO TRANS SAGE FLUOR PASTE 4G,6,943.4517,5660.71
C424,2025-02-28T00:00:00Z,8393,MI891,MIYO GINGIVAL STRUCTURE ROUGE PASTE 4G,15,943.4527,14151.79
C424,2025-02-28T00:00:00Z,8396,MI892,MIYO GINGIVAL STRUCTURE FROST PASTE 4G,10,943.453,9434.53
C424,2025-02-28T00:00:00Z,8390,MI890,MIYO GINGIVAL STRUCTURE ORCHID PASTE 4G,21,943.4529,19812.51
C424,2025-02-28T00:00:00Z,8387,MI889,MIYO GINGIVAL SALMON PASTE 4G,25,943.4524,23586.31
C424,2025-02-28T00:00:00Z,8384,MI888,MIYO GINGIVAL TRANS COPPER PASTE 4G,14,943.4529,13208.34
C424,2025-02-28T00:00:00Z,8381,MI887,MIYO GINGIVAL TRANS RASPBERRY PASTE 4G,65,943.4528,61324.43
C424,2025-02-28T00:00:00Z,8378,MI886,MIYO GINGIVAL SORBET PASTE 4G,9,943.4533,8491.08
C424,2025-02-28T00:00:00Z,8375,MI885,MIYO GINGIVAL MERLOT PASTE 4G,77,943.4527,72645.8579
C424,2025-02-28T00:00:00Z,8303,MI859,MIYO FISSURE FLUOR POWDER 4G,8,943.4525,7547.62
C424,2025-02-28T00:00:00Z,87161,MI996,MIYO GINGIVAL FINISHING SYSTEM KIT,10,15524.791,155247.91
C424,2025-02-28T00:00:00Z,8426,MI993,MIYO ESTHETIC FINISHING SYSTEM KIT,17,21929.1947,372796.3099
C424,2025-02-28T00:00:00Z,14288,ZR190,INSYNC ZR GLAZE LIQUID 25 ML,79,302.7537,23917.54
C424,2025-02-28T00:00:00Z,14291,ZR249,INSYN FC GLAZE PASTE 4G,123,703.0611,86476.5153
C424,2025-02-28T00:00:00Z,8294,MI821,MIYO GINGIVAL GLAZE PASTE NO FLOUR 4G,20,943.4525,18869.05
C424,2025-02-28T00:00:00Z,8297,MI857,MIYO SNOW FLUOR PASTE 4G,24,943.4529,22642.87
C424,2025-02-28T00:00:00Z,8300,MI858,MIYO LINEN FLUOR PASTE 4G,10,943.453,9434.53
C424,2025-02-28T00:00:00Z,8306,MI860,MIYO TRANS STORM FLUOR PASTE 4G,28,943.4529,26416.68
C424,2025-02-28T00:00:00Z,8309,MI861,MIYO TRANS LOTUS FLUOR PASTE 4G,2,943.455,1886.91
C424,2025-02-28T00:00:00Z,8312,MI862,MIYO TRANS STRAW FLUOR PASTE 4G,6,943.4517,5660.71
C424,2025-02-28T00:00:00Z,8315,MI863,MIYO TRANS CLEMENTINE FLUOR PASTE 4G,20,943.4525,18869.05
C424,2025-02-28T00:00:00Z,8318,MI864,MIYO HALO SPRIN FLUOR PASTE 4G,19,943.4526,17925.6
C424,2025-02-28T00:00:00Z,8324,MI866,MIYO MAMELON WHEAT FLUOR PASTE 4G,13,943.4523,12264.88
C424,2025-02-28T00:00:00Z,8327,MI867,MIYO MAMELON CORAL FLUOR PASTE 4G,10,943.453,9434.53
C424,2025-02-28T00:00:00Z,8330,MI868,MIYO MAMELON PUMPKIN FLUOR PASTE 4G,8,943.4525,7547.62
C424,2025-02-28T00:00:00Z,8333,MI869,MIYO STRUCTURE WINDOW FLUOR PASTE 4G,7,943.4529,6604.17
C425,2025-03-03T00:00:00Z,3674,179230,PINZA 3MM MOTION 2,3,3387.61,10162.83
C425,2025-03-03T00:00:00Z,132196,180025,SET FUENTE DE ALIMENTACION MAQUINAS COSEL,2,10340.35,20680.7
C425,2025-03-03T00:00:00Z,309440,180110,THROTTLE TENSION SPRING 15-50 MILL DOOR,2,4275.195,8550.39
C425,2025-03-03T00:00:00Z,295108,180121,SET FUELLE MATIK,3,9748.63,29245.89
C425,2025-03-03T00:00:00Z,115709,180136,C AXIS MOTOR INCL ENCODER MATIK,2,4275.195,8550.39
C425,2025-03-03T00:00:00Z,115695,180138,X/Y/Z AXIS MOTOR INCL ENCODER MATIK,3,4127.2633,12381.7899
C425,2025-03-03T00:00:00Z,309449,180139,SET SPINDLE C MANGUITO SUJECION TORNILLOS,1,40680.92,40680.92
C425,2025-03-03T00:00:00Z,309452,180140,AISLAMIENTO DEL SPINDLE-AUTOCALIBRACION,1,7973.46,7973.46
C425,2025-03-03T00:00:00Z,115713,180145,RW-X/Y/Z AXIS MOTOR INCL ENCODER MATIK,2,7825.53,15651.06
C425,2025-03-03T00:00:00Z,309455,180150,PINZA CAMBIADOR DE PIEZAS,1,2204.17,2204.17
C425,2025-03-03T00:00:00Z,309458,180163,JUEGO ACELER NEUMATICO CARGADOR HERRAM,2,769.24,1538.48
C425,2025-03-03T00:00:00Z,309461,180164,JUEGO ACELERADOR NEUMATICO CARRERA PINZA,2,769.24,1538.48
C425,2025-03-03T00:00:00Z,309527,180308,C-PARTS SET SCREW LOCK,1,3360.14,3360.14
C425,2025-03-03T00:00:00Z,309530,180430,AG CASO DE SERVICIO-CERAMILL MOTION/DRS,1,53107.1,53107.1
C425,2025-03-03T00:00:00Z,309464,180165,JUEGO ACELER NEUMATICO BLOQUEO D BLANC A1004 A 5 L/MIN A1004 B 2L/MIIN 6 BAR,2,769.24,1538.48
C425,2025-03-03T00:00:00Z,309467,180166,JUEGO ACELER NEUMATICO PUERTA DE CAMBIO A1005 A A1005 B 5L/MIN BEI 6 BAR,2,1035.515,2071.03
C425,2025-03-03T00:00:00Z,309470,180167,ACEREL NEUMATICO AIRE INTERR LONGITUD,2,798.825,1597.65
C425,2025-03-03T00:00:00Z,309473,180168,ACEL NEUMATICO CARGAD HERRAM AIRE SELLADO 1008 A 15 L/MIN BEI 6 BAR,2,798.825,1597.65
C425,2025-03-03T00:00:00Z,309476,180169,ACELERADOR NEUMATICO SPC AIRE SELLADO A1009 A 35 L/MIN BEI 6 BAR,2,798.825,1597.65
C425,2025-03-03T00:00:00Z,309479,180170,JUEGO ACELER NEUMAT SPINDLE-AIRESELLADO,2,843.205,1686.41
C425,2025-03-03T00:00:00Z,309482,180258,FAN FILTER FOR HOUSING MATIK 5 PCS,1,429.0,429.0
C425,2025-03-03T00:00:00Z,309485,180259,FAN FILTER FOR CONTROL UNIT 5 PCS,1,429.0,429.0
C425,2025-03-03T00:00:00Z,309488,180272,MAINTENANCE SET MATIK,1,23225.11,23225.11
C425,2025-03-03T00:00:00Z,309491,180157,TERMINAL DE VALVULAS NEUMATICAS MATIK,1,34975.03,34975.03
C425,2025-03-03T00:00:00Z,232537,180254,USB HUB MATIK,1,2352.1,2352.1
C425,2025-03-03T00:00:00Z,309494,180442,FILTER SERVICE UNIT MATIK,6,236.69,1420.14
C425,2025-03-03T00:00:00Z,309497,180546,SOUND ABSORBER VALVE TERMINAL,12,295.8608,3550.33
C425,2025-03-03T00:00:00Z,309500,181201,BANDEJA DE HERRAMIENTAS DE PRODUCCION,1,32382.02,32382.02
C425,2025-03-03T00:00:00Z,103779,180284,PRESSURE DEW POINT METER,1,29127.54,29127.54
C425,2025-03-03T00:00:00Z,309503,180300,C-PARTS CASE SET SCREWS 1,1,10143.81,10143.81
C425,2025-03-03T00:00:00Z,309506,180301,C-PARTS CASE SET SCREWS 2,1,7819.19,7819.19
C425,2025-03-03T00:00:00Z,309509,180302,C-PARTS CASE SET SCREWS 3,1,7819.19,7819.19
C425,2025-03-03T00:00:00Z,309512,180303,C-PARTS CASE SET SEALS,1,5283.24,5283.24
C425,2025-03-03T00:00:00Z,309515,180304,C-PARTS CASE SET PNEUMATICS,1,19653.64,19653.64
C425,2025-03-03T00:00:00Z,309518,180305,C-PARTS CASE SET MISCELLANEOUS,1,12468.43,12468.43
C425,2025-03-03T00:00:00Z,309521,180306,C-PARTS HOUSE SET HYDROLYSIS RESISTANT,1,2726.15,2726.15
C425,2025-03-03T00:00:00Z,309524,180307,C-PARTS SET CABLE TIES,1,3994.13,3994.13
C425,2025-03-03T00:00:00Z,309437,181223,2-2 VALVULA DIRECCIONAL AGUA AIRE,2,3239.68,6479.36
C425,2025-03-03T00:00:00Z,309434,181222,INTERRUPTOR DE RODILLO 10 PZS,1,1227.83,1227.83
C425,2025-03-03T00:00:00Z,309431,180253,RETROFIT CYLINDER TOOL MAGAZINE MATIK,5,3239.682,16198.41
C425,2025-03-03T00:00:00Z,309446,34845-EF,UEBERTRAGUNGSKOLBEN,6,281.0683,1686.41
C425,2025-03-03T00:00:00Z,309443,180252,WATER CARRYING CONNECTORS SET MATIK Y-PIECE ANGLE SCREW-IN CONNCETOR,5,6494.154,32470.770000000004
C425,2025-03-03T00:00:00Z,309427,178617,CERAMILL AIR STREAM FILTER SET,6,3387.6117,20325.6702
C425,2025-03-03T00:00:00Z,295078,180535,SD CARD CONTROL UNIT 8GB INDUSTRIAL,6,724.86,4349.16
C425,2025-03-03T00:00:00Z,309424,181233,VALVULA DE RETENCION,3,369.8267,1109.48
C425,2025-03-03T00:00:00Z,309421,180319,HOLD-DOWN UNIT BELT FILTER CS,6,6050.3617,36302.1702
C425,2025-03-03T00:00:00Z,309418,180312,PRE-FILTER UNIT CLEANSTREAM,5,8861.044,44305.22
C425,2025-03-03T00:00:00Z,4637,178650-NTR,COOLING LIQUID,30,1079.8933,32396.8
C425,2025-03-03T00:00:00Z,309090,180251,INTERLOCK SWITCH DOOR MATIK,2,4940.88,9881.76
C425,2025-03-03T00:00:00Z,295052,180240,INTERRUPTOR DE RODILLO IP67,12,266.275,3195.3
C425,2025-03-03T00:00:00Z,217993,180132,ALMACEN DE HERRAMIENTAS COMPLETO,3,43047.8133,129143.4399
C425,2025-03-03T00:00:00Z,232544,180112,DISPLAY HMI 10.1 INCL WLAN MODUL,3,23151.14,69453.42
C425,2025-03-03T00:00:00Z,309412,181242,JUEGO MANGUERAS SUMINISTRO REFRIGERANTE,5,3831.404,19157.02
C425,2025-03-03T00:00:00Z,309415,181239,BOMBA DE LIMPIEZA XYLEM,5,10784.142,53920.71
C425,2025-03-03T00:00:00Z,309408,181232,SENSOR DE FLUJO R,5,1405.34,7026.7
C425,2025-03-03T00:00:00Z,307934,181230,BOMBA DE PROCESO LILIE,5,7381.738,36908.69
C425,2025-03-03T00:00:00Z,309395,181203,CINTURON FILTRANTE CLEANSTREAM 3PZS,10,2647.958,26479.58
C425,2025-03-03T00:00:00Z,295045,181202,FILTROS DE AGUA CLEANSTREAM COOLANTFLOW,10,310.655,3106.55
C425,2025-03-03T00:00:00Z,309467,180166,JUEGO ACELER NEUMATICO PUERTA DE CAMBIO A1005 A A1005 B 5L/MIN BEI 6 BAR,2,1035.515,2071.03
C426,2025-03-05T00:00:00Z,159738,3DASDS,SH 3D ESCANER AUTOSCAN DS EX PRO,1,79310.34,79310.34
C428,2025-03-12T00:00:00Z,288665,767551,DISCO ZOLID GEN X A3 98 X 16 F ZRO2,40,1758.3538,70334.152
C428,2025-03-12T00:00:00Z,4244,760676,FRESA DIAMOND RFID 1.8 DM,40,760.2583,30410.33
C428,2025-03-12T00:00:00Z,3827,218600,ARCO FACIAL ARTEX,50,11932.457,596622.85
C428,2025-03-12T00:00:00Z,3818,217650,ARTEX QUICKBITE 10PCS,26,922.3265,23980.49
C428,2025-03-12T00:00:00Z,96154,179331,PORTA PCS 98 MIKRO 5X,1,24307.71,24307.71
C428,2025-03-12T00:00:00Z,293333,767760,DISCO ZOLID GEN X BL1 98 X 25 F ZRO2,30,2464.9317,73947.951
C428,2025-03-12T00:00:00Z,4019,751003,FRESA ROTO RFID 1.5 T SHAPE,5,862.996,4314.98
C428,2025-03-12T00:00:00Z,85838,760667,FRESA ROTO RFID 0.3 SINTRON DM 0.3,5,760.258,3801.29
C428,2025-03-12T00:00:00Z,99561,760673,FRESA ROTO RFID 1.0 TI,3,760.2567,2280.77
C428,2025-03-12T00:00:00Z,3572,178311,BOLAS DE SINTERIZACION 200G 1MM,3,1537.21,4611.63
C428,2025-03-12T00:00:00Z,3992,576790,ADAPTADOR GIROFORM PARA VERTEX,5,372.168,1860.84
C428,2025-03-12T00:00:00Z,3674,179230,PINZA 3MM MOTION 2,20,4117.209,82344.18
C428,2025-03-12T00:00:00Z,311975,180428,AXIS MOTHERBOARD,2,10589.68,21179.36
C428,2025-03-12T00:00:00Z,252317,181366,BLANK HOLDER BLOCS 9X UN MOTION 3,2,23718.0,47436.0
C428,2025-03-12T00:00:00Z,3821,217991,MALETIN ARTEX,50,2286.9386,114346.93
C428,2025-03-12T00:00:00Z,7244876,218760LE,ARTEX CR LIMITED EDITION,8,30384.6413,243077.1304
C428,2025-03-12T00:00:00Z,85538,179232,JAEGER SPINDLE 100K SHF,1,60751.31,60751.31
C428,2025-03-12T00:00:00Z,85792,180209,A AXIS MOTOR INCL ENCODER 4X AND 5X FOR MIKRO 4X 5X MOTION 2,6,4297.0,25782.0
C428,2025-03-12T00:00:00Z,4241,760663,FRESA ROTO RFID 0.3 ZI,100,760.2582,76025.81999999999
C428,2025-03-12T00:00:00Z,303754,767543,DISCO ZOLID GEN X A2 98 X 14 F ZRO2,100,1626.8497,162684.97
C428,2025-03-12T00:00:00Z,102045,751008,FRESA ROTO RFID 0.4 DIAMOND BLG,100,760.2582,76025.81999999999
C428,2025-03-12T00:00:00Z,85841,760668,FRESA ROTO RFID 2.5 PMMA WAX DM 2.5,100,760.2582,76025.81999999999
C428,2025-03-12T00:00:00Z,309628,767572,DISCO ZOLID GEN-X B1 98X16 F ZRO2,100,1758.3538,175835.38
C428,2025-03-12T00:00:00Z,85844,760669,FRESA ROTO RFID 1.0 PMMA WAX DM 1.0,100,760.2582,76025.81999999999
C428,2025-03-12T00:00:00Z,288647,767544,DISCO ZOLID GEN X A2 98 X 16 F ZRO2,100,1758.3538,175835.38
C428,2025-03-12T00:00:00Z,102042,751006,FRESA ROTO RFID 1.0 DIAMOND BLG,300,760.2581,228077.43
C428,2025-03-12T00:00:00Z,102036,751004,FRESA ROTO RFID 2.0 DIAMOND BLG,500,760.2581,380129.05
C428,2025-03-12T00:00:00Z,4238,760662,FRESA ROTO RFID 0.6 ZI DM,500,760.2581,380129.05
C428,2025-03-12T00:00:00Z,4235,760661,FRESA ROTO RFID 1.0 ZI DM,500,760.2581,380129.05
C428,2025-03-12T00:00:00Z,4232,760660,FRESA ROTO RFID 2.5 ZI DM,600,760.2582,456154.92
C428,2025-03-12T00:00:00Z,3833,BAJA218760,BAJA ARTEX TYP CR,50,24307.7132,1215385.66
C428,2025-03-12T00:00:00Z,309649,767523,DISCO CERAMILL SINTRON 98X 25 F COCRMO 98X25 F,10,5537.555,55375.55
C428,2025-03-12T00:00:00Z,309646,767522,DISCO CERAMILL SINTRON 98X 20 F COCRMO 98X20 F,10,4904.692,49046.92
C428,2025-03-12T00:00:00Z,309643,767521,DISCO CERAMILL SINTRON 98X 18 F COCRMO 98X18 F,15,4401.278,66019.17
C428,2025-03-12T00:00:00Z,309640,767520,DISCO CERAMILL SINTRON 98X 16 F COCRMO 98X16 F,20,3984.1635,79683.27
C428,2025-03-12T00:00:00Z,293320,767519,DISCO CERAMILL SINTRON 98 X 14 F,50,3682.1152,184105.76
C428,2025-03-12T00:00:00Z,309637,767518,DISCO CERAMILL SINTRON 98X 12 F COCRMO 98X12 F,75,3365.6833,252426.2475
C428,2025-03-12T00:00:00Z,309634,767517,DISCO CERAMILL SINTRON 98X 10 F COCRMO 98X10 F,75,3049.2515,228693.8625
C428,2025-03-12T00:00:00Z,85878,760689,FRESA ROTO RFID 1.5 COCR,3,760.2567,2280.77
C428,2025-03-12T00:00:00Z,85881,760690,FRESA ROTO RFID 1.0 COCR,3,760.2567,2280.77
C428,2025-03-12T00:00:00Z,4013,751001,FRESA ROTO RFID 1.2 ST DM,15,862.996,12944.94
C428,2025-03-12T00:00:00Z,4253,760679,FRESA ROTO RFID 0.4 DM,20,759.7445,15194.89
C428,2025-03-12T00:00:00Z,309631,767526,DISCO ZOLID GEN-X BL1 98X16 F ZRO2,30,1758.354,52750.62
C428,2025-03-12T00:00:00Z,4016,751002,FRESA ROTO RFID 0.6 ST DM,20,862.996,17259.92
C428,2025-03-12T00:00:00Z,288461,767538,DISCO ZOLID GEN X A1 98 X 18 F,30,1881.639,56449.17
C428,2025-03-12T00:00:00Z,85851,760671,FRESA ROTO RFID 0.3 PMMA WAX DM 0.3,30,760.258,22807.74
C428,2025-03-12T00:00:00Z,288650,767545,DISCO ZOLID GEN X A2 98 X 18 F,30,1881.639,56449.17
C428,2025-03-12T00:00:00Z,85857,760682,FRESA ROTO RFID 0.6 SC DM 0.6,40,760.2583,30410.33
C428,2025-03-12T00:00:00Z,303757,767634,DISCO CERAMILL ZOLID FX ML 0/A1 98 X 16 F,100,2878.4503,287845.02999999997
C428,2025-03-12T00:00:00Z,92431,760680,FRESA ROTO RFID 2.5 SC,40,760.2583,30410.33
C428,2025-03-12T00:00:00Z,85848,760670,FRESA ROTO RFID 0.6 PMMA WAX DM 0.6,40,760.2583,30410.33
C428,2025-03-12T00:00:00Z,303751,767573,DISCO GEN X B1 98 X 18 F ZRO2,60,1881.6388,112898.328
C428,2025-03-12T00:00:00Z,99530,760300,DISCO CERAMILL TEST 98 X 20,50,582.5222,29126.11
C428,2025-03-12T00:00:00Z,92435,760681,FRESA ROTO RFID 1.0  SC DM,50,760.2582,38012.91
C428,2025-03-12T00:00:00Z,96744,761086,DISCO A SPLINT 98 X 20 PMMA,60,847.3283,50839.7
C428,2025-03-12T00:00:00Z,303748,767574,DISCO ZOLID GEN X B1 98 X 20 F ZRO2,80,2029.581,162366.47999999998
C428,2025-03-12T00:00:00Z,4250,760678,"FRESA DIAMOND RFID 1,0 DM",60,760.2582,45615.49
C436,2025-03-14T00:00:00Z,309291,29340009,CABLE DE INTERFAZ TIPO D PARA AG,4,1416.575,5666.3
C429,2025-03-28T00:00:00Z,295072,180490,CHUCK 3MM MATRON,10,4080.124,40801.24
C430,2025-03-28T00:00:00Z,90285,179156,CERAMILL MIND + MATCH 2,1,137302.35,137302.35
C431,2025-04-01T00:00:00Z,5819,CPIBLTA2,CAMEO PRESS INGOT BOX LT A2,100,419.9154,41991.54
C431,2025-04-01T00:00:00Z,5825,CPIBLTB2,CAMEO PRESS INGOT BOX LT B2,50,419.9154,20995.77
C431,2025-04-01T00:00:00Z,83147,CPIBLTB1,CAMEO PRESS INGOT BOX LT B1,20,419.9155,8398.31
C431,2025-04-01T00:00:00Z,5822,CPIBLTA3,CAMEO PRESS INGOT BOX LT A3,100,419.9154,41991.54
C431,2025-04-01T00:00:00Z,5819,CPIBLTA2,CAMEO PRESS INGOT BOX LT A2,200,419.9154,83983.08
C431,2025-04-01T00:00:00Z,5816,CPIBLTA1,CAMEO PRESS INGOT BOX LT A1,100,419.9154,41991.54
C431,2025-04-01T00:00:00Z,5813,CPIBHTBL3W3,CAMEO PRESS INGOT BOX HT BL3/W3,30,419.9153,12597.46
C431,2025-04-01T00:00:00Z,218191,CPIBHTBL2,CAMEO PRESS INGOT BOX HT BL2,20,419.9155,8398.31
C431,2025-04-01T00:00:00Z,91771,CPIBHTB2,CAMEO PRESS INGOT BOX HT B2,50,419.9154,20995.77
C431,2025-04-01T00:00:00Z,5810,APG12.510PB1,CAMEO PRESS INGOT BOX HT B1,50,419.9154,20995.77
C431,2025-04-01T00:00:00Z,5807,APG12.510PA3,CAMEO PRESS INGOT BOX HT A3,50,419.9154,20995.77
C431,2025-04-01T00:00:00Z,218169,CMBBC14LTD2,CAMEO MILL BLOCS BOX C14 LT D2,10,599.88,5998.8
C431,2025-04-01T00:00:00Z,218175,CMBBC14LTC2,CAMEO MILL BLOCS BOX C14 LT C2,10,599.88,5998.8
C431,2025-04-01T00:00:00Z,86619,CMBBC14LTBL1,CAMEO MILL BLOCS BOX C14 LT BL1,20,599.879,11997.58
C431,2025-04-01T00:00:00Z,5780,CMBBC14LTB2,CAMEO MILL BLOCS BOX C14 LT B2,20,599.879,11997.58
C431,2025-04-01T00:00:00Z,5774,APG181315MLA3,CAMEO MILL BLOCS BOX C14 LT A3,30,599.8793,17996.38
C431,2025-04-01T00:00:00Z,5774,APG181315MLA3,CAMEO MILL BLOCS BOX C14 LT A3,30,599.8793,17996.38
C431,2025-04-01T00:00:00Z,409909,CMBBB40HTA2,CAMEO MILL BLOCS BOX B40 HT A2,15,1919.6133,28794.2
C431,2025-04-01T00:00:00Z,409905,CMBBB40HTA1,CAMEO MILL BLOCS BOX B40 HT A1,15,1919.6133,28794.2
C431,2025-04-01T00:00:00Z,86918,CMBBB40LTA1,CAMEO MILL BLOCS BOX B40 LT A1,10,1919.613,19196.13
C431,2025-04-01T00:00:00Z,218187,CMBBC14HTBL4,CAMEO MILL BLOCS BOX C14 HT BL4,50,599.8792,29993.96
C431,2025-04-01T00:00:00Z,5777,APG181315MLB1,CAMEO MILL BLOCS BOX C14 LT B1,40,599.879,23995.16
C431,2025-04-01T00:00:00Z,5765,CMBBC14HTBL3W3,CAMEO MILL BLOCS BOX C14 HT BL3/W3,60,599.8792,35992.75
C431,2025-04-01T00:00:00Z,5771,APG181315MLA2,CAMEO MILL BLOCS BOX C14 LT A2,50,599.8792,29993.96
C431,2025-04-01T00:00:00Z,5768,APG181315MLA1,CAMEO MILL BLOCS BOX C14 LT A1,50,599.8792,29993.96
C431,2025-04-01T00:00:00Z,5765,CMBBC14HTBL3W3,CAMEO MILL BLOCS BOX C14 HT BL3/W3,40,599.879,23995.16
C431,2025-04-01T00:00:00Z,96010,CMBBC14HTBL1,CAMEO MILL BLOCS BOX C14 HT BL1/W1,50,599.8792,29993.96
C431,2025-04-01T00:00:00Z,5759,CMBBC14HTA2,CAMEO MILL BLOCS BOX C14 HT A2,150,599.8791,89981.865
C431,2025-04-01T00:00:00Z,5756,CMBBC14HTA1,CAMEO MILL BLOCS BOX C14 HT A1,100,599.8791,59987.909999999996
C431,2025-04-01T00:00:00Z,292790,APW9830SHT-APMOM2,DISCO MICRA DISC 98X30 MM OM2,30,1919.613,57588.39
C431,2025-04-01T00:00:00Z,218183,CMBBC14HTBL2,CAMEO MILL BLOCS BOX C14 HT BL2,50,599.8792,29993.96
C431,2025-04-01T00:00:00Z,5807,APG12.510PA3,CAMEO PRESS INGOT BOX HT A3,50,419.9154,20995.77
C433,2025-04-10T00:00:00Z,141601,DENTALCADFLEXUNI,DENTALCAD EDUCATIONAL FLEX UNIVERSIDADES,4,13416.8375,53667.35
C433,2025-04-10T00:00:00Z,292624,DENTALCADEXOPLANUNI,DENTALCAD EDUCATIONAL FLEX EXOPLAN UNIVERSIDADES,7,13416.8371,93917.8597
C433,2025-04-10T00:00:00Z,190929,DENTALCADFLEX,DENTALCAD FLEX CORE VERSION,10,34776.442,347764.42000000004
C433,2025-04-10T00:00:00Z,141601,DENTALCADFLEXUNI,DENTALCAD EDUCATIONAL FLEX UNIVERSIDADES,7,13416.8371,93917.8597
C434,2025-04-14T00:00:00Z,103803,INTSCAI600,MEDIT SCANNER I600,7,62642.5414,438497.7898
C434,2025-04-14T00:00:00Z,84025,INTSCAI700,MEDIT INTRA ORAL SCANNER I700,19,83523.3879,1586944.3701
C434,2025-04-14T00:00:00Z,89422,T510,SCANNER DE MESA T510,2,93963.81,187927.62
C434,2025-04-14T00:00:00Z,89431,T310,SCANNER DE MESA T310,8,62642.5413,501140.3304
C434,2025-04-14T00:00:00Z,84025,INTSCAI700,MEDIT INTRA ORAL SCANNER I700,12,119020.8283,1428249.9396
C437,2025-04-29T00:00:00Z,97903,INTSCAI700W,INTRA ORAL SCANNER I700 WIRELESS,5,170168.806,850844.03
C438,2025-05-07T00:00:00Z,141601,DENTALCADFLEXUNI,DENTALCAD EDUCATIONAL FLEX UNIVERSIDADES,8,12299.0625,98392.5
C439,2025-05-08T00:00:00Z,808297,PN/07647,5L ULTRA ENDURANCE BUILD TRAY,10,3607.743,36077.43
C439,2025-05-08T00:00:00Z,295124,PN/07422,2L ULTRA ULTRAGLOSS BUILD TRAY,3,2913.9433,8741.83
C440,2025-05-09T00:00:00Z,114072,LAPTOPG,LAPTOP G,1,15668.82,15668.82
C440,2025-05-09T00:00:00Z,99345,PCSYSTEMG,PC SYSTEM G,1,24749.04,24749.04
C440,2025-05-09T00:00:00Z,143651,MONITORPC,MONITOR PARA PC,1,2131.54,2131.54
C440,2025-05-09T00:00:00Z,2259474,KITTECLADOMOUSE,KIT TECLADO Y MOUSE,1,424.74,424.74
C441,2025-05-15T00:00:00Z,4649,179250N,FRESADORA CERAMILL MOTION 2,15,348378.146,5225672.19
C441,2025-05-15T00:00:00Z,2266024,180049,SILENCIADOR SET MOTION DRS,15,538.8247,8082.37
C441,2025-05-15T00:00:00Z,234128,180046,COMPRESOR 4X FRESADORA HUMEDO,15,14845.554,222683.31
C443,2025-05-20T00:00:00Z,85885,181205,ROTO RFID PIN DE CALIBRACION EJE 3MM,5,796.652,3983.26
C443,2025-05-20T00:00:00Z,295036,181381,BLANK HOLDER 98 MATRON,5,12613.678,63068.39
C443,2025-05-20T00:00:00Z,295042,181385,BLANK HOLDER METAL MATRON,5,22571.844,112859.22
C443,2025-05-20T00:00:00Z,85828,760664,FRESA ROTO RFID 2.5 SINTRON DM 2.5,20,701.814,14036.28
C443,2025-05-20T00:00:00Z,295081,759620,FRESA ROTO RFID CALIB 6MM,3,1033.7533,3101.26
C443,2025-05-20T00:00:00Z,307925,181378,CERAMILL MATRON SNAPMAG,2,7468.625,14937.25
C443,2025-05-20T00:00:00Z,2266418,767533,DISCO ZOLID GEN X BL3 98 X 22 F,60,2086.473,125188.38
C443,2025-05-20T00:00:00Z,2266424,759600,FRESA ROTO RFID GREY 2.5,20,938.913,18778.26
C443,2025-05-20T00:00:00Z,2266432,759601,FRESA ROTO RFID GREY 1.0,20,938.913,18778.26
C443,2025-05-20T00:00:00Z,2266436,759602,FRESA ROTO RFID GREY 0.6,15,938.9127,14083.69
C443,2025-05-20T00:00:00Z,2266440,759625,FRESA ROTO RFID PURPLE 1.2 EM,15,1033.7527,15506.29
C443,2025-05-20T00:00:00Z,2266446,759624,FRESA ROTO RFID PURPLE 1.5 TS,10,1033.753,10337.53
C443,2025-05-20T00:00:00Z,2266450,759603,FRESA ROTO RFID GREY 0.3,3,938.91,2816.73
C443,2025-05-20T00:00:00Z,4235,760661,FRESA ROTO RFID 1.0 ZI DM,300,701.8137,210544.11000000002
C443,2025-05-20T00:00:00Z,102042,751006,FRESA ROTO RFID 1.0 DIAMOND BLG,241,701.8137,169137.1017
C443,2025-05-20T00:00:00Z,4232,760660,FRESA ROTO RFID 2.5 ZI DM,200,701.8137,140362.74000000002
C443,2025-05-20T00:00:00Z,288647,767544,DISCO ZOLID GEN X A2 98 X 16 F ZRO2,200,1623.6554,324731.08
C443,2025-05-20T00:00:00Z,102036,751004,FRESA ROTO RFID 2.0 DIAMOND BLG,109,701.8137,76497.6933
C443,2025-05-20T00:00:00Z,85844,760669,FRESA ROTO RFID 1.0 PMMA WAX DM 1.0,200,701.8137,140362.74000000002
C443,2025-05-20T00:00:00Z,85841,760668,FRESA ROTO RFID 2.5 PMMA WAX DM 2.5,200,701.8137,140362.74000000002
C443,2025-05-20T00:00:00Z,293327,767537,DISCO ZOLID GEN X A1 98 X 16 F ZRO2,200,1623.6554,324731.08
C443,2025-05-20T00:00:00Z,288443,767637,DISCO CERAMILL ZOLID FX ML A2/A3 98 X 16 F,200,2361.5082,472301.64
C443,2025-05-20T00:00:00Z,4637,178650-NTR,COOLING LIQUID,150,969.2616,145389.24000000002
C443,2025-05-20T00:00:00Z,309628,767572,DISCO ZOLID GEN-X B1 98X16 F ZRO2,100,1623.6553,162365.53
C443,2025-05-20T00:00:00Z,154503,761057,DISCO CERAMILL A TEMP ML 0/A1 98 X 20 PMMA,50,1033.7526,51687.63
C443,2025-05-20T00:00:00Z,288665,767551,DISCO ZOLID GEN X A3 98 X 16 F ZRO2,100,1623.6553,162365.53
C443,2025-05-20T00:00:00Z,288464,767540,DISCO ZOLID GEN X A1 98 X 22 F ZRO2,100,2086.4731,208647.31000000003
C443,2025-05-20T00:00:00Z,102045,751008,FRESA ROTO RFID 0.4 DIAMOND BLG,90,701.8137,63163.233
C443,2025-05-20T00:00:00Z,288671,767575,DISCO ZOLID GEN X B1 98 X 22 F,71,2086.473,148139.58299999998
C443,2025-05-20T00:00:00Z,4244,760676,FRESA DIAMOND RFID 1.8 DM,60,701.8137,42108.82
C443,2025-05-20T00:00:00Z,288665,767551,DISCO ZOLID GEN X A3 98 X 16 F ZRO2,60,1623.6553,97419.318
C443,2025-05-20T00:00:00Z,4241,760663,FRESA ROTO RFID 0.3 ZI,50,701.8136,35090.68
C443,2025-05-20T00:00:00Z,288650,767545,DISCO ZOLID GEN X A2 98 X 18 F,50,1737.463,86873.15
C443,2025-05-20T00:00:00Z,4238,760662,FRESA ROTO RFID 0.6 ZI DM,40,701.8135,28072.54
C443,2025-05-20T00:00:00Z,92431,760680,FRESA ROTO RFID 2.5 SC,40,701.8135,28072.54
C443,2025-05-20T00:00:00Z,115659,760702,FRESA ROTO RFID 3.0 TITAN DM,40,701.8135,28072.54
C443,2025-05-20T00:00:00Z,115671,760705,FRESA ROTO RFID 1.2 TITAN DM,40,796.6533,31866.13
C443,2025-05-20T00:00:00Z,115679,760707,FRESA ROTO RFID 1.2 R TITAN DM,40,796.6533,31866.13
C443,2025-05-20T00:00:00Z,92435,760681,FRESA ROTO RFID 1.0  SC DM,30,701.8137,21054.41
C443,2025-05-20T00:00:00Z,85848,760670,FRESA ROTO RFID 0.6 PMMA WAX DM 0.6,30,701.8137,21054.41
C443,2025-05-20T00:00:00Z,288665,767551,DISCO ZOLID GEN X A3 98 X 16 F ZRO2,30,1623.6557,48709.67
C443,2025-05-20T00:00:00Z,288461,767538,DISCO ZOLID GEN X A1 98 X 18 F,30,1737.463,52123.89
C443,2025-05-20T00:00:00Z,4016,751002,FRESA ROTO RFID 0.6 ST DM,30,796.6533,23899.6
C443,2025-05-20T00:00:00Z,303778,759615,FRESA ROTO RFID BROWN R 1.2 EM DM,30,1033.7523,31012.57
C443,2025-05-20T00:00:00Z,303781,759616,FRESA ROTO RFID BROWN F 1.2 EM DM,30,1033.7523,31012.57
C443,2025-05-20T00:00:00Z,4013,751001,FRESA ROTO RFID 1.2 ST DM,30,796.6533,23899.6
C443,2025-05-20T00:00:00Z,4019,751003,FRESA ROTO RFID 1.5 T SHAPE,30,796.6533,23899.6
C443,2025-05-20T00:00:00Z,85831,760665,FRESA ROTO RFID 1.0 SINTRON DM 1.0,20,701.814,14036.28
C443,2025-05-20T00:00:00Z,115675,760706,FRESA ROTO RFID 1.0 TITAN DM,20,701.814,14036.28
C443,2025-05-20T00:00:00Z,115663,760703,FRESA ROTO RFID 2.0 TITAN DM,20,701.814,14036.28
C443,2025-05-20T00:00:00Z,85835,760666,FRESA ROTO RFID 0.6 SINTRON,15,701.8133,10527.2
C443,2025-05-20T00:00:00Z,115667,760704,FRESA ROTO RFID 1.5 TITAN DM,15,701.8133,10527.2
C443,2025-05-20T00:00:00Z,4253,760679,FRESA ROTO RFID 0.4 DM,10,701.814,7018.14
C443,2025-05-20T00:00:00Z,85860,760683,FRESA ROTO RFID 0.3 SC DM 0.3,10,701.814,7018.14
C443,2025-05-20T00:00:00Z,85838,760667,FRESA ROTO RFID 0.3 SINTRON DM 0.3,10,701.814,7018.14
C443,2025-05-20T00:00:00Z,3710,179319,PINZAS DE TENSION 3MM MIKRO,10,2804.883,28048.83
C443,2025-05-20T00:00:00Z,99648,576716,DISCOS DE RETENCION MOTION 3 CLASSIC,10,492.93,4929.3
C442,2025-05-29T00:00:00Z,118619,29343000,SILENT COMPACTCAM,5,29334.536,146672.68
C442,2025-05-29T00:00:00Z,309291,29340009,CABLE DE INTERFAZ TIPO D PARA AG,15,1368.2167,20523.25
C444,2025-05-30T00:00:00Z,4763,4252100027,COMPRESOR DUO TANDEM CON 2 CABEZAS MTN,10,111262.149,1112621.49
C445,2025-06-06T00:00:00Z,118619,29343000,SILENT COMPACTCAM,10,29189.46,291894.6
CND13,2025-06-13T00:00:00Z,4947542,199999,VALVULA DE AIRE,1,746.35,746.35
INV2,2025-06-17T00:00:00Z,304363,MONITOREQ,MONITOR PARA EQUIPO NS,2,17957.85,35915.7
INV3,2025-06-17T00:00:00Z,116749,WASHCUREKIT,PHROZEN WASH & CURE KIT,2,2741.705,5483.41
INV1,2025-06-17T00:00:00Z,268815,GABSCAN,GABINETE PARA ESCANER MEDICO DENTAL,2,19479.695,38959.39
INV4,2025-06-17T00:00:00Z,92932,RACRYLGRAY1KG,RESINA AQUA 4K GRAY 1KG,2,434.89,869.78
C446,2025-06-18T00:00:00Z,103803,INTSCAI600,MEDIT SCANNER I600,30,109334.8397,3280045.191
C446,2025-06-18T00:00:00Z,97903,INTSCAI700W,INTRA ORAL SCANNER I700 WIRELESS,10,141224.168,1412241.6800000002
C446,2025-06-18T00:00:00Z,89422,T510,SCANNER DE MESA T510,5,102501.412,512507.06
C446,2025-06-18T00:00:00Z,84025,INTSCAI700,MEDIT INTRA ORAL SCANNER I700,40,129835.122,5193404.88
C448,2025-06-26T00:00:00Z,5972,63010059992001,FEP FILM A4 SIZE 290MM X 210MM,300,259.0495,77714.85
C448,2025-06-26T00:00:00Z,4327246,64010101546074,UV RESIN STANDARD WATER WASHABLE TOUGH WHITE 1000G V4,96,647.6239,62171.894400000005
C448,2025-06-26T00:00:00Z,210369,64010101624074,PH WATER WASHABLE RESIN GRAY,288,544.004,156673.152
C448,2025-06-26T00:00:00Z,210342,64010200214074,RESINA AQUA 8K GRAY 1KG,576,647.6239,373031.36640000006
C448,2025-06-26T00:00:00Z,210364,64010200245074,RESINA AQUA 8K VANILLA 1 KG,288,647.6239,186515.68320000003
C448,2025-06-26T00:00:00Z,209589,64012203310053,RESINA MOLDEABLE DENTAL VERDE 500G,24,1813.3467,43520.32
C448,2025-06-26T00:00:00Z,4327240,ESPBS6101,LCD FRAME TAPE FOR SM4K / S4K2022,10,103.62,1036.2
C448,2025-06-26T00:00:00Z,117484,53010060072001,TFT LCD 7.1 SONIC MINI 8K,10,1580.202,15802.02
C448,2025-06-26T00:00:00Z,4327250,ESPVA9305,"ALUMINUM ALLOY RESIN TANK (9.3"" NFEP FILM)",10,1632.012,16320.12
C448,2025-06-26T00:00:00Z,294800,FDLLU5903C,LUMII DLP 3D PRINTER,1,46628.92,46628.92
C448,2025-06-26T00:00:00Z,4327253,FSPWR1001,SENSOR LINE SONIC MIGHTY 8K,1,186.51,186.51
C448,2025-06-26T00:00:00Z,294803,51010080801012,IMPRESORA 3D SONIC MIGHTY 14K REVO DESKTOP,5,15827.926,79139.63
C448,2025-06-26T00:00:00Z,117495,53010020062001,RESINA VAT 7.1 MINI 8K,15,1295.248,19428.72
C448,2025-06-26T00:00:00Z,2267344,53010020032001,RESINA VAT 5.9,10,1398.868,13988.68
C448,2025-06-26T00:00:00Z,117492,LCDMIGHTY8K,TFT LCD 10.1 MIGHTY 8K,10,129.525,1295.25
C448,2025-06-26T00:00:00Z,2267350,63010050102001,"PHROZEN NFEP FILM-10""",50,310.8594,15542.97
C450,2025-06-27T00:00:00Z,5807,APG12.510PA3,CAMEO PRESS INGOT BOX HT A3,300,398.6605,119598.15000000001
C450,2025-06-27T00:00:00Z,91771,CPIBHTB2,CAMEO PRESS INGOT BOX HT B2,30,398.6603,11959.81
C450,2025-06-27T00:00:00Z,6150136,APW9825SHT-APMOM3,AIZIR 98 X 25MM OM3,40,1366.836,54673.44
C450,2025-06-27T00:00:00Z,6150132,APW9820SHT-APMA2,AIZIR 98 X 20MM A2,40,1139.03,45561.2
C450,2025-06-27T00:00:00Z,409909,CMBBB40HTA2,CAMEO MILL BLOCS BOX B40 HT A2,40,1822.448,72897.92
C450,2025-06-27T00:00:00Z,409905,CMBBB40HTA1,CAMEO MILL BLOCS BOX B40 HT A1,40,1822.448,72897.92
C450,2025-06-27T00:00:00Z,5780,CMBBC14LTB2,CAMEO MILL BLOCS BOX C14 LT B2,40,569.515,22780.6
C450,2025-06-27T00:00:00Z,86923,CMBBB40LTA2,CAMEO MILL BLOCS BOX B40 LT A2,40,1822.448,72897.92
C450,2025-06-27T00:00:00Z,6150128,APW9818SHT-PMA3,NEW SUPERFECT ZIR PM 18MM A3,50,683.418,34170.9
C450,2025-06-27T00:00:00Z,6150124,APW9820SHT-APMB1,AIZIR 98 X 20MM B1,50,1139.03,56951.5
C450,2025-06-27T00:00:00Z,791800,CMBBC14HTA3,CAMEO MILL BLOCS BOX C14 HT A3,50,569.515,28475.75
C450,2025-06-27T00:00:00Z,218187,CMBBC14HTBL4,CAMEO MILL BLOCS BOX C14 HT BL4,50,569.515,28475.75
C450,2025-06-27T00:00:00Z,218183,CMBBC14HTBL2,CAMEO MILL BLOCS BOX C14 HT BL2,50,569.515,28475.75
C450,2025-06-27T00:00:00Z,5813,CPIBHTBL3W3,CAMEO PRESS INGOT BOX HT BL3/W3,50,398.6604,19933.02
C450,2025-06-27T00:00:00Z,218191,CPIBHTBL2,CAMEO PRESS INGOT BOX HT BL2,50,398.6604,19933.02
C450,2025-06-27T00:00:00Z,86616,APG181315MLBL2,CAMEO MILL BLOCS BOX C14 LT BL2,50,569.515,28475.75
C450,2025-06-27T00:00:00Z,6150120,APW9820SHT-APMA1,AIZIR 98 X 20MM A1,70,1139.03,79732.09999999999
C450,2025-06-27T00:00:00Z,6150116,APW9816SHT-APMA3,AIZIR 98 X 16MM A3,80,911.224,72897.92
C450,2025-06-27T00:00:00Z,6150112,APW9816SHT-APMB1,AIZIR 98 X 16MM B1,80,911.224,72897.92
C450,2025-06-27T00:00:00Z,5810,APG12.510PB1,CAMEO PRESS INGOT BOX HT B1,80,398.6605,31892.84
C450,2025-06-27T00:00:00Z,6150100,APW9818SHT-PMA2,NEW SUPERFECT ZIR PM 18MM A2,100,683.418,68341.8
C450,2025-06-27T00:00:00Z,6150096,APW9818SHT-PMA1,NEW SUPERFECT ZIR PM 18MM A1,100,683.418,68341.8
C450,2025-06-27T00:00:00Z,6150092,APW9816SHT-PMA3,NEW SUPERFECT ZIR PM 16MM A3,100,569.515,56951.5
C450,2025-06-27T00:00:00Z,6150088,APW9816SHT-PMB1,NEW SUPERFECT ZIR PM 16MM B1,100,569.515,56951.5
C450,2025-06-27T00:00:00Z,6150084,APW9814SHT-PMA3,NEW SUPERFECT ZIR PM 14MM A3,100,569.515,56951.5
C450,2025-06-27T00:00:00Z,6150080,APW9814SHT-PMA2,NEW SUPERFECT ZIR PM 14MM A2,100,569.515,56951.5
C450,2025-06-27T00:00:00Z,6150073,APW9814SHT-PMA1,NEW SUPERFECT ZIR PM 14MM A1,100,569.515,56951.5
C450,2025-06-27T00:00:00Z,6150068,APW9816SHT-APMA1,AIZIR 98 X 16MM A1,100,911.224,91122.40000000001
C450,2025-06-27T00:00:00Z,96010,CMBBC14HTBL1,CAMEO MILL BLOCS BOX C14 HT BL1/W1,30,569.515,17085.45
C450,2025-06-27T00:00:00Z,86619,CMBBC14LTBL1,CAMEO MILL BLOCS BOX C14 LT BL1,30,569.515,17085.45
C450,2025-06-27T00:00:00Z,5825,CPIBLTB2,CAMEO PRESS INGOT BOX LT B2,30,398.6603,11959.81
C450,2025-06-27T00:00:00Z,86613,CPIBLTBL1,CAMEO PRESS INGOT BOX LT BL1,30,398.6603,11959.81
C450,2025-06-27T00:00:00Z,791736,CMBBB40HTA3,CAMEO MILL BLOCS BOX B40 HT A3,20,1822.448,36448.96
C450,2025-06-27T00:00:00Z,86918,CMBBB40LTA1,CAMEO MILL BLOCS BOX B40 LT A1,10,1822.448,18224.48
C450,2025-06-27T00:00:00Z,86923,CMBBB40LTA2,CAMEO MILL BLOCS BOX B40 LT A2,10,1822.448,18224.48
C450,2025-06-27T00:00:00Z,5801,APG12.510PA1,CAMEO PRESS INGOT BOX HT A1,500,398.6605,199330.25
C450,2025-06-27T00:00:00Z,5804,CPIBHTA2,CAMEO PRESS INGOT BOX HT A2,500,398.6605,199330.25
C450,2025-06-27T00:00:00Z,5816,CPIBLTA1,CAMEO PRESS INGOT BOX LT A1,400,398.6605,159464.2
C450,2025-06-27T00:00:00Z,5819,CPIBLTA2,CAMEO PRESS INGOT BOX LT A2,400,398.6605,159464.2
C450,2025-06-27T00:00:00Z,6150140,APW9825SHT-APMB1,AIZIR 98 X 25MM B1,40,1366.836,54673.44
C450,2025-06-27T00:00:00Z,5762,APG181315MB1,CAMEO MILL BLOCS BOX C14 HT B1,100,569.515,56951.5
C450,2025-06-27T00:00:00Z,5765,CMBBC14HTBL3W3,CAMEO MILL BLOCS BOX C14 HT BL3/W3,120,569.515,68341.8
C450,2025-06-27T00:00:00Z,6150064,APW9816SHT-APMA2,AIZIR 98 X 16MM A2,150,911.2239,136683.585
C450,2025-06-27T00:00:00Z,102229,DBSOLIDWAX98X14,DISCO BLUE SOLID WAX 98 X 14MM,200,68.3418,13668.36
C450,2025-06-27T00:00:00Z,83147,CPIBLTB1,CAMEO PRESS INGOT BOX LT B1,200,398.6605,79732.1
C450,2025-06-27T00:00:00Z,5822,CPIBLTA3,CAMEO PRESS INGOT BOX LT A3,200,398.6605,79732.1
C450,2025-06-27T00:00:00Z,5756,CMBBC14HTA1,CAMEO MILL BLOCS BOX C14 HT A1,250,569.515,142378.75
C450,2025-06-27T00:00:00Z,6150108,APW9816SHT-PMA2,NEW SUPERFECT ZIR PM 16MM A2,300,569.515,170854.5
C450,2025-06-27T00:00:00Z,6150104,APW9816SHT-PMA1,NEW SUPERFECT ZIR PM 16MM A1,300,569.515,170854.5
C450,2025-06-27T00:00:00Z,5771,APG181315MLA2,CAMEO MILL BLOCS BOX C14 LT A2,300,569.515,170854.5
C450,2025-06-27T00:00:00Z,5768,APG181315MLA1,CAMEO MILL BLOCS BOX C14 LT A1,300,569.515,170854.5
C450,2025-06-27T00:00:00Z,5759,CMBBC14HTA2,CAMEO MILL BLOCS BOX C14 HT A2,300,569.515,170854.5
INV5,2025-06-30T00:00:00Z,116749,WASHCUREKIT,PHROZEN WASH & CURE KIT,1,2733.0,2733.0
C452,2025-07-04T00:00:00Z,114072,LAPTOPG,LAPTOP G,7,19001.8471,133012.92969999998
C455,2025-07-08T00:00:00Z,114072,LAPTOPG,LAPTOP G,11,17220.2209,189422.4299
C453,2025-07-16T00:00:00Z,85167,PN/02500,2L MAX BUILD PLASTIC TRAY FOR MAX 3D PRINTER,5,2230.106,11150.53
C453,2025-07-16T00:00:00Z,6739237,PN/01300,SUPERCAST V3 500G BOTTLE,5,2916.296,14581.48
C453,2025-07-16T00:00:00Z,95540,PN/03000,RESINA DENTAMODEL 1KG BOTTLE ,70,2001.3787,140096.509
C453,2025-07-16T00:00:00Z,97756,PN/03569,RESINA DENTABASE N1 1KG BOTTLE,5,2859.112,14295.56
C453,2025-07-16T00:00:00Z,97759,PN/02502,10L MAX BUILD TRAY,10,5060.629,50606.29
C453,2025-07-16T00:00:00Z,89497,PN/02501,5L MAX BUILD TRAY,30,3688.255,110647.65000000001
C454,2025-07-18T00:00:00Z,8369,MI883,MIYO GINGIVAL TRANS MIDNIGHT PASTE 4G,40,846.3778,33855.11
C454,2025-07-18T00:00:00Z,8372,MI884,MIYO GINGIVAL PLUM PASTE 4G,5,846.378,4231.89
C454,2025-07-18T00:00:00Z,8375,MI885,MIYO GINGIVAL MERLOT PASTE 4G,70,846.3777,59246.44
C454,2025-07-18T00:00:00Z,8390,MI890,MIYO GINGIVAL STRUCTURE ORCHID PASTE 4G,40,846.3778,33855.11
C454,2025-07-18T00:00:00Z,8387,MI889,MIYO GINGIVAL SALMON PASTE 4G,40,846.3778,33855.11
C454,2025-07-18T00:00:00Z,8381,MI887,MIYO GINGIVAL TRANS RASPBERRY PASTE 4G,50,846.3778,42318.89
C454,2025-07-18T00:00:00Z,8378,MI886,MIYO GINGIVAL SORBET PASTE 4G,5,846.378,4231.89
C454,2025-07-18T00:00:00Z,8402,MI894,MIYO TRANS COBALT FLUOR PASTE 4G,10,846.378,8463.78
C454,2025-07-18T00:00:00Z,8399,MI893,MIYO TRANS SAGE FLUOR PASTE 4G,5,846.378,4231.89
C454,2025-07-18T00:00:00Z,8396,MI892,MIYO GINGIVAL STRUCTURE FROST PASTE 4G,10,846.378,8463.78
C454,2025-07-18T00:00:00Z,8393,MI891,MIYO GINGIVAL STRUCTURE ROUGE PASTE 4G,30,846.378,25391.34
C454,2025-07-18T00:00:00Z,8357,MI879,MIYO TRANS SHADE C FLUOR PASTE 4G,10,846.378,8463.78
C454,2025-07-18T00:00:00Z,14291,ZR249,INSYN FC GLAZE PASTE 4G,250,630.7208,157680.2
C454,2025-07-18T00:00:00Z,8297,MI857,MIYO SNOW FLUOR PASTE 4G,10,846.378,8463.78
C454,2025-07-18T00:00:00Z,8300,MI858,MIYO LINEN FLUOR PASTE 4G,10,846.378,8463.78
C454,2025-07-18T00:00:00Z,8306,MI860,MIYO TRANS STORM FLUOR PASTE 4G,40,846.3778,33855.11
C454,2025-07-18T00:00:00Z,8312,MI862,MIYO TRANS STRAW FLUOR PASTE 4G,5,846.378,4231.89
C454,2025-07-18T00:00:00Z,8315,MI863,MIYO TRANS CLEMENTINE FLUOR PASTE 4G,60,846.3777,50782.66
C454,2025-07-18T00:00:00Z,8318,MI864,MIYO HALO SPRIN FLUOR PASTE 4G,15,846.3773,12695.66
C454,2025-07-18T00:00:00Z,8324,MI866,MIYO MAMELON WHEAT FLUOR PASTE 4G,5,846.378,4231.89
C454,2025-07-18T00:00:00Z,8327,MI867,MIYO MAMELON CORAL FLUOR PASTE 4G,10,846.378,8463.78
C454,2025-07-18T00:00:00Z,8330,MI868,MIYO MAMELON PUMPKIN FLUOR PASTE 4G,15,846.3773,12695.66
C454,2025-07-18T00:00:00Z,8333,MI869,MIYO STRUCTURE WINDOW FLUOR PASTE 4G,10,846.378,8463.78
C454,2025-07-18T00:00:00Z,8345,MI875,MIYO TRANS SMOKE FLUOR PASTE 4G,10,846.378,8463.78
C454,2025-07-18T00:00:00Z,8348,MI876,MIYO TRANS LUMIN FLUOR PASTE 4G,40,846.3778,33855.11
C454,2025-07-18T00:00:00Z,8351,MI877,MIYO TRANS SHADE A FLUOR PASTE 4G,100,846.3777,84637.77
C454,2025-07-18T00:00:00Z,8354,MI878,MIYO TRANS SHADE B FLUOR PASTE 4G,50,846.3778,42318.89
C454,2025-07-18T00:00:00Z,8363,MI881,MIYO GINGIVAL FLAMINGO PASTE 4G,30,846.378,25391.34
C454,2025-07-18T00:00:00Z,87155,MI953,MIYO HIGH FUSING STRUCTURE ENAMEL PASTE 4G,20,846.3775,16927.55
C454,2025-07-18T00:00:00Z,8420,MI951,MIYO GINGIVAL CARNATION 4G,30,846.378,25391.34
C454,2025-07-18T00:00:00Z,8417,MI950,MIYO TRANS SUNFLOWER 4G,10,846.378,8463.78
C454,2025-07-18T00:00:00Z,8411,MI897,MIYO GINGIVAL SABLE PASTE 4G,5,846.378,4231.89
C454,2025-07-18T00:00:00Z,8405,MI895,MIYO TRANS SLATE FLUOR PASTE 4G,30,846.378,25391.34
C456,2025-07-25T00:00:00Z,83407,AG205-5,FILTER BAGS YELLOW F205 5/BX,50,4315.789,215789.44999999998
C456,2025-07-25T00:00:00Z,98024,AR396,REPL. BLOWER 230V (INFINITY),8,7362.2275,58897.82
C456,2025-07-25T00:00:00Z,83401,AR175,REPL BLOWER 120V INFINITY,6,8536.375,51218.25
C457,2025-07-28T00:00:00Z,97818,106449,AUSTROMAT 220,20,108619.7225,2172394.45
C457,2025-07-28T00:00:00Z,7241463,105836,SINTER PLACE SET 100 MM,5,8738.388,43691.94
C457,2025-07-28T00:00:00Z,92570,105648,FIRING TABLE PLATE HYBRID 100 BASIC/674 I,5,5687.824,28439.12
C457,2025-07-28T00:00:00Z,7241471,107024,HOUSING AUSTROMAT 220 - SPECIAL COLORJADE GREEN RAL 6011,5,10102.94,50514.700000000004
C457,2025-07-28T00:00:00Z,7241467,106942,"UPGRADE KIT FOR AUSTROMAT 220 G1, 100/115V BLACK",8,8151.5638,65212.5104
C457,2025-07-28T00:00:00Z,92567,105462,FIRING TABLE RING 100 28MM 674 I,5,4802.176,24010.88
C457,2025-07-28T00:00:00Z,3509,105550,AUSTROMAT 674I LINE BLACK,10,211033.353,2110333.5300000003
C457,2025-07-28T00:00:00Z,155115,105262,SINTERPEARLS MICROPEARLS 200G,5,2007.468,10037.34
C457,2025-07-28T00:00:00Z,99069,106652,THERMO COUPLE 664 I/674 I EXTENDED 90° COMPLETE,8,11808.6313,94469.0504
C457,2025-07-28T00:00:00Z,3509,105550,AUSTROMAT 674I LINE BLACK,10,211033.353,2110333.5300000003
C457,2025-07-28T00:00:00Z,120367,105317,FIRING TABLE RING Ø100 36MM BASIC/674 I,5,4802.176,24010.88
INV6,2025-07-31T00:00:00Z,116749,WASHCUREKIT,PHROZEN WASH & CURE KIT,2,2725.42,5450.84
C459,2025-08-01T00:00:00Z,7242099,180420,PATCHCABLE X- & Z-AXIS M2/M3,1,19440.6,19440.6
INV7,2025-08-04T00:00:00Z,116749,WASHCUREKIT,PHROZEN WASH & CURE KIT,4,2742.82,10971.28
INV8,2025-08-05T00:00:00Z,116749,WASHCUREKIT,PHROZEN WASH & CURE KIT,4,2737.3525,10949.41
CND21,2025-08-11T00:00:00Z,7242605,SCANTIDIRECT.,SACAN LADDER DIRECT,15,650.0,9750.0
CND22,2025-08-12T00:00:00Z,141601,DENTALCADFLEXUNI,DENTALCAD EDUCATIONAL FLEX UNIVERSIDADES,9,11667.6878,105009.1902
CND22,2025-08-12T00:00:00Z,292624,DENTALCADEXOPLANUNI,DENTALCAD EDUCATIONAL FLEX EXOPLAN UNIVERSIDADES,9,11667.6878,105009.1902
C461,2025-08-14T00:00:00Z,291541,3A0111307C0,ASSY CALIBRATION IO1 PARA I500,3,5866.3433,17599.0299
C461,2025-08-14T00:00:00Z,305100,3A0112485C0,ASSY SMALL TIP PACKING IO3 PARA I600/I700/I700W,22,4693.0727,103247.59939999999
C461,2025-08-14T00:00:00Z,7244913,3A0112152C0,MEDICAL ADAPTER ASSY ADAPTOR IO4 I700 W,6,586.635,3519.81
C461,2025-08-14T00:00:00Z,7244908,3A0111858C0,MEDICAL ADAPTER ASSY ADAPTOR IO3 I600 I700,6,586.635,3519.81
C461,2025-08-14T00:00:00Z,304905,3A0111853C0,ASSY CALIBRATION IO3 PARA I600/I700/I700W,10,5866.341,58663.41
C461,2025-08-14T00:00:00Z,7244904,3A0111361C0,MEDICAL ADAPTER ASSY ADAPTER IO1 I500,6,351.9817,2111.89
C461,2025-08-14T00:00:00Z,84025,INTSCAI700,MEDIT INTRA ORAL SCANNER I700,19,93861.4547,1783367.6393
C461,2025-08-14T00:00:00Z,103803,INTSCAI600,MEDIT SCANNER I600,14,70396.0914,985545.2796
C461,2025-08-14T00:00:00Z,86959,6A0111588C0,I500 REUSABLE TIPS,8,4693.0725,37544.58
C462,2025-08-19T00:00:00Z,116749,WASHCUREKIT,PHROZEN WASH & CURE KIT,30,4149.1197,124473.591
CND24,2025-08-19T00:00:00Z,141601,DENTALCADFLEXUNI,DENTALCAD EDUCATIONAL FLEX UNIVERSIDADES,12,11740.0,140880.0
C463,2025-08-22T00:00:00Z,309233,29391000,SILENT POWERCAM MTN,1,51546.06,51546.06
CND25,2025-08-25T00:00:00Z,8011377,SCANTIDIRECT,SCAN LADDER DIRECT,15,15290.05,229350.75
C464,2025-08-26T00:00:00Z,7245082,830117,LS/PRESS MT-D2 5X3G,5,1451.528,7257.64
C464,2025-08-26T00:00:00Z,298421,830114,LS PRESS MT-B2 5X3G,5,1451.528,7257.64
C464,2025-08-26T00:00:00Z,298418,830113,LS PRESS MT-B1 5X3G,12,1451.5283,17418.34
C464,2025-08-26T00:00:00Z,298418,830113,LS PRESS MT-B1 5X3G,8,1451.5275,11612.22
C464,2025-08-26T00:00:00Z,298415,830112,LS PRESS MT-A3 5X3G,5,1451.528,7257.64
C464,2025-08-26T00:00:00Z,298415,830112,LS PRESS MT-A3 5X3G,10,1451.528,14515.28
C464,2025-08-26T00:00:00Z,298412,830111,LS PRESS MT-A2 5X3G,1,1451.52,1451.52
C464,2025-08-26T00:00:00Z,298412,830111,LS PRESS MT-A2 5X3G,29,1451.5283,42094.32
C464,2025-08-26T00:00:00Z,298409,830110,LS PRESS MT-A1 5X3G,34,1451.5282,49351.96
C464,2025-08-26T00:00:00Z,298409,830110,LS PRESS MT-A1 5X3G,12,1451.5283,17418.34
C464,2025-08-26T00:00:00Z,298406,830109,LS PRESS MT-B0 5X3G,20,1451.528,29030.56
C464,2025-08-26T00:00:00Z,298402,830108,LS PRESS MT-B00 5X3G,10,1451.528,14515.28
C464,2025-08-26T00:00:00Z,7245078,830102,LS/PRESS MO-1 5X3G,4,1451.53,5806.12
C464,2025-08-26T00:00:00Z,298399,830101,LS PRESS MO-0 5X3G,4,1451.53,5806.12
C464,2025-08-26T00:00:00Z,298399,830101,LS PRESS MO-0 5X3G,6,1451.5267,8709.16
C464,2025-08-26T00:00:00Z,298396,830083,LS KIT,1,21879.65,21879.65
C464,2025-08-26T00:00:00Z,7245074,830080,LS/PRESS STARTER KIT,5,18105.73,90528.65
C464,2025-08-26T00:00:00Z,298322,830021,LS CLEAR CL-O 20G,3,621.72,1865.16
C464,2025-08-26T00:00:00Z,7245070,620502,ZI-CT KIT 2 (540G),2,13252.78,26505.56
C464,2025-08-26T00:00:00Z,7245066,620501,ZI-CT KIT 1 (599G),2,14104.47,28208.94
C464,2025-08-26T00:00:00Z,7245062,620162,ZI-CT MAKE IN MI-62 LEMON,6,550.4767,3302.86
C464,2025-08-26T00:00:00Z,298259,620155,ZI-CT NECK TRANSPA HT-55 BORDEAUX 15G,3,509.44,1528.32
C464,2025-08-26T00:00:00Z,7245058,620131,ZI-CT OPAQUE DENTINE OD-32 HAVANNA,6,509.3967,3056.38
C464,2025-08-26T00:00:00Z,7245054,620124,ZI-CT SHOULDER SP-24 GOLD,6,550.4767,3302.86
C464,2025-08-26T00:00:00Z,298228,620053,ZI-CT PEARL ENAMEL PS-3 ORANGE 20G,2,509.35,1018.7
C464,2025-08-26T00:00:00Z,298228,620053,ZI-CT PEARL ENAMEL PS-3 ORANGE 20G,1,509.34,509.34
C464,2025-08-26T00:00:00Z,7245050,620052,ZI-CT PEARL ENAMEL PS-2 FLAMINGO,6,509.3967,3056.38
C464,2025-08-26T00:00:00Z,298216,620041,ZI-CT TRANSPA TI-1 BLUE 20G,4,509.42,2037.68
C464,2025-08-26T00:00:00Z,298207,620036,ZI-CT EFFECT ENAMEL SI-06 HEAVY ORANGE 20G,3,509.44,1528.32
C464,2025-08-26T00:00:00Z,7245046,620031,ZI-CT EFFECT ENAMEL SI-01 LIGHT YELLOW,6,509.3967,3056.38
C464,2025-08-26T00:00:00Z,298198,620018,ZI-CT ENAMEL E-58 20G,6,509.3967,3056.38
C464,2025-08-26T00:00:00Z,7245042,1508,CC/ KIT 2 1508 (INCL. SHADE GUIDE) 650G,2,16128.45,32256.9
C464,2025-08-26T00:00:00Z,297766,1161,IN NOVA NEO INN-IL ILLUSION 3G,6,775.08,4650.48
C464,2025-08-26T00:00:00Z,7245038,915,CC/ STARTER KIT,1,13655.26,13655.26
C464,2025-08-26T00:00:00Z,7245038,915,CC/ STARTER KIT,1,13655.26,13655.26
C464,2025-08-26T00:00:00Z,7234682,804,CC KIT 1 804 (INCL. SHADE GUIDE) 710G,1,17900.3,17900.3
C464,2025-08-26T00:00:00Z,297676,262,CC ENAMEL S-058 20G,6,386.1533,2316.92
C464,2025-08-26T00:00:00Z,7234682,804,CC KIT 1 804 (INCL. SHADE GUIDE) 710G,1,17900.3,17900.3
C464,2025-08-26T00:00:00Z,298442,830127,LS PRESS LT-B1 5X3G,10,1451.556,14515.56
C464,2025-08-26T00:00:00Z,298436,830125,LS PRESS LT-A2 5X3G,10,1451.528,14515.28
C464,2025-08-26T00:00:00Z,298433,830124,LS PRESS LT-A1 5X3G,14,1451.5286,20321.4
C464,2025-08-26T00:00:00Z,298433,830124,LS PRESS LT-A1 5X3G,6,1451.5267,8709.16
CND27,2025-08-27T00:00:00Z,6739637,181351,FRESADORA CERAMILL MOTION 3 AIR,1,431700.0,431700.0
C465,2025-09-01T00:00:00Z,13127,VMKD2L1.512G,VMK DENTINE 2L1.5 12G,1,176.25,176.25
C465,2025-09-01T00:00:00Z,13133,VMKD2L2.512G,VMK DENTINE 2L2.5 12G,4,176.26,705.04
C465,2025-09-01T00:00:00Z,13145,VMKD2M212G,VMK DENTINE 2M2 12G,58,176.2591,10223.03
C465,2025-09-01T00:00:00Z,13151,VMKD2M312G,VMK DENTINE 2M3 12G,15,176.2593,2643.89
C465,2025-09-01T00:00:00Z,13163,VMKD2R2.512G,VMK DENTINE 2R2.5 12G,4,176.26,705.04
C465,2025-09-01T00:00:00Z,13193,VMKD3M312G,VMK DENTINE 3M3 12G,8,176.2588,1410.07
C465,2025-09-01T00:00:00Z,13205,VMKD3R2.512G,VMK DENTINE 3R2.5 12G,13,176.2592,2291.37
C465,2025-09-01T00:00:00Z,13211,VMKD4L1.512G,VMK DENTINE 4L1.5 12G,3,176.26,528.78
C465,2025-09-01T00:00:00Z,13217,VMKD4L2.512G,VMK DENTINE 4L2.5 12G,2,176.26,352.52
C465,2025-09-01T00:00:00Z,13223,VMKD4M112G,VMK DENTINE 4M1 12G,2,176.26,352.52
C465,2025-09-01T00:00:00Z,13229,VMKD4M212G,VMK DENTINE 4M2 12G,3,176.26,528.78
C465,2025-09-01T00:00:00Z,13235,VMKD4M312G,VMK DENTINE 4M3 12G,3,176.26,528.78
C465,2025-09-01T00:00:00Z,13241,VMKD4R1.512G,VMK DENTINE 4R1.5 12G,3,176.26,528.78
C465,2025-09-01T00:00:00Z,13247,VMKD4R2.512G,VMK DENTINE 4R2.5 12G,1,176.25,176.25
C465,2025-09-01T00:00:00Z,13601,VMKOD2L1.512G,VMK OPAQUE DENTINE 2L1.5 12G,2,176.26,352.52
C465,2025-09-01T00:00:00Z,13607,VMKOD2L2.512G,VMK OPAQUE DENTINE 2L2.5 12G,1,176.25,176.25
C465,2025-09-01T00:00:00Z,13625,VMKOD2M312G,VMK OPAQUE DENTINE 2M3 12G,6,176.2583,1057.55
C465,2025-09-01T00:00:00Z,13631,VMKOD2R1.512G,VMK OPAQUE DENTINE 2R1.5 12G,3,176.26,528.78
C465,2025-09-01T00:00:00Z,13667,VMKOD3M212G,VMK OPAQUE DENTINE 3M2 12G,20,176.259,3525.18
C465,2025-09-01T00:00:00Z,13685,VMKOD3R2.512G,VMK OPAQUE DENTINE 3R2.5 12G,5,176.26,881.3
C465,2025-09-01T00:00:00Z,13709,VMKOD4M112G,VMK OPAQUE DENTINE 4M1 12G,1,176.25,176.25
C465,2025-09-01T00:00:00Z,13715,VMKOD4M212G,VMK OPAQUE DENTINE 4M2 12G,1,176.25,176.25
C465,2025-09-01T00:00:00Z,13889,VMKOP412G,VMK OPAQUE OP4 12G,6,176.2583,1057.55
C465,2025-09-01T00:00:00Z,13916,VMKT112G,VMK TRANSLUCENT T1 12G,12,176.2592,2115.11
C465,2025-09-01T00:00:00Z,13931,VMKT512G,VMK TRANSLUCENT T5 12G,11,176.2591,1938.85
C465,2025-09-01T00:00:00Z,13391,VMKEN112G,VMK ENAMEL EN1 12G,146,176.2592,25733.8432
C465,2025-09-01T00:00:00Z,13397,VMKEN212G,VMK ENAMEL EN2 12G,109,176.2592,19212.2528
C465,2025-09-01T00:00:00Z,13403,VMKEN312G,VMK ENAMEL EN3 12G,4,176.26,705.04
C465,2025-09-01T00:00:00Z,13481,VMKN4,VMK NECK N4,5,176.26,881.3
C465,2025-09-01T00:00:00Z,13430,VMKGOL,VMK GINGIVA OPAQUE GOL,1,176.25,176.25
C465,2025-09-01T00:00:00Z,13427,VMKGOD,VMK GINGIVA OPAQUE GOD,2,176.26,352.52
C465,2025-09-01T00:00:00Z,13760,VMKODA150G,VMK OPAQUE DENTINE A1 50G,2,608.55,1217.1
C465,2025-09-01T00:00:00Z,13766,VMKODA250G,VMK OPAQUE DENTINE A2 50G,6,608.5083,3651.05
C465,2025-09-01T00:00:00Z,13778,VMKODA350G,VMK OPAQUE DENTINE A3 50G,2,608.55,1217.1
C465,2025-09-01T00:00:00Z,13808,VMKODB450G,VMK OPAQUE DENTINE B4 50G,1,608.55,608.55
C465,2025-09-01T00:00:00Z,13274,VMKDA150G,VMK DENTINE A1 50G,8,608.485,4867.88
C465,2025-09-01T00:00:00Z,13280,VMKDA250G,VMK DENTINE A2 50G,39,608.4972,23731.39
C465,2025-09-01T00:00:00Z,13292,VMKDA350G,VMK DENTINE A3 50G,22,608.5032,13387.07
C465,2025-09-01T00:00:00Z,13286,VMKDA3.550G,VMK DENTINE A3.5 50G,5,608.498,3042.49
C465,2025-09-01T00:00:00Z,13298,VMKDA450G,VMK DENTINE A4 50G,1,608.55,608.55
C465,2025-09-01T00:00:00Z,13304,VMKDB150G,VMK DENTINE B1 50G,10,608.498,6084.98
C465,2025-09-01T00:00:00Z,13310,VMKDB250G,VMK DENTINE B2 50G,1,608.55,608.55
C465,2025-09-01T00:00:00Z,13316,VMKDB350G,VMK DENTINE B3 50G,8,608.485,4867.88
C465,2025-09-01T00:00:00Z,13328,VMKDC150G,VMK DENTINE C1 50G,3,608.46,1825.38
C465,2025-09-01T00:00:00Z,13334,VMKDC250G,VMK DENTINE C2 50G,4,608.4825,2433.93
C465,2025-09-01T00:00:00Z,13340,VMKDC350G,VMK DENTINE C3 50G,3,608.46,1825.38
C465,2025-09-01T00:00:00Z,13346,VMKDC450G,VMK DENTINE C4 50G,1,608.55,608.55
C465,2025-09-01T00:00:00Z,13358,VMKDD350G,VMK DENTINE D3 50G,1,608.55,608.55
C465,2025-09-01T00:00:00Z,13364,VMKDD450G,VMK DENTINE D4 50G,1,608.55,608.55
C465,2025-09-01T00:00:00Z,13100,VMKD0M150G,VMK DENTINE 0M1 50G,1,608.55,608.55
C465,2025-09-01T00:00:00Z,13142,VMKD2M150G,VMK DENTINE 2M1 50G,1,608.55,608.55
C465,2025-09-01T00:00:00Z,13148,VMKD2M250G,VMK DENTINE 2M2 50G,10,608.498,6084.98
C465,2025-09-01T00:00:00Z,13190,VMKD3M250G,VMK DENTINE 3M2 50G,10,608.498,6084.98
C465,2025-09-01T00:00:00Z,13232,VMKD4M250G,VMK DENTINE 4M2 50G,1,608.55,608.55
C465,2025-09-01T00:00:00Z,13238,VMKD4M350G,VMK DENTINE 4M3 50G,1,608.55,608.55
C465,2025-09-01T00:00:00Z,13244,VMKD4R1.550G,VMK DENTINE 4R1.5 50G,1,608.55,608.55
C465,2025-09-01T00:00:00Z,13574,VMKOD0M250G,VMK OPAQUE DENTINE 0M2 50G,39,608.4972,23731.39
C465,2025-09-01T00:00:00Z,13622,VMKOD2M250G,VMK OPAQUE DENTINE 2M2 50G,4,608.4825,2433.93
C465,2025-09-01T00:00:00Z,13886,VMKOP350G,VMK OPAQUE OP3 50G,1,608.55,608.55
C465,2025-09-01T00:00:00Z,13892,VMKOP450G,VMK OPAQUE OP4 50G,1,608.55,608.55
C465,2025-09-01T00:00:00Z,13928,VMKT450G,VMK TRANSLUCENT T4 50G,2,608.55,1217.1
C465,2025-09-01T00:00:00Z,13949,VMKWIN50G,VMK WINDOW WIN 50G,4,608.4825,2433.93
C465,2025-09-01T00:00:00Z,13394,VMKEN150G,VMK ENAMEL EN1 50G,22,608.5032,13387.07
C465,2025-09-01T00:00:00Z,13400,VMKEN250G,VMK ENAMEL EN2 50G,14,608.4943,8518.92
C465,2025-09-01T00:00:00Z,13955,VMKWO50G,VMK WASH OPAQUE WO 50G,9,608.4922,5476.43
C465,2025-09-01T00:00:00Z,13367,VMKDM1,VMK DENTINE MODIFIER DM1,4,204.4225,817.69
C465,2025-09-01T00:00:00Z,13373,VMKDM3,VMK DENTINE MODIFIER DM3,3,204.38,613.14
C465,2025-09-01T00:00:00Z,13376,VMKDM4,VMK DENTINE MODIFIER DM4,2,204.42,408.84
C465,2025-09-01T00:00:00Z,13901,VMKOT1,VMK OPAL TRANSLUCENT OT1,13,204.3923,2657.1
C465,2025-09-01T00:00:00Z,13082,VMKCE1,VMK CERVICAL CE1,2,204.42,408.84
C465,2025-09-01T00:00:00Z,13085,VMKCE2,VMK CERVICAL CE2,3,204.38,613.14
C465,2025-09-01T00:00:00Z,13409,VMKG1,VMK GINGIVA G1,6,204.3783,1226.27
C465,2025-09-01T00:00:00Z,13412,VMKG2,VMK GINGIVA G2,3,204.38,613.14
C465,2025-09-01T00:00:00Z,13415,VMKG3,VMK GINGIVA G3,3,204.38,613.14
C465,2025-09-01T00:00:00Z,13418,VMKG4,VMK GINGIVA G4 12G,7,204.4029,1430.82
C465,2025-09-01T00:00:00Z,13454,VMKM2,VMK MARGIN M2,2,204.42,408.84
C465,2025-09-01T00:00:00Z,8444,MODFLUVMK50ML,"MODELLING FLUID (NARANJA, VMK) 50ML",20,139.067,2781.34
C465,2025-09-01T00:00:00Z,8441,BMF250,"MODELLING FLUID (NARANJA, VMK) 250ML",9,543.1211,4888.09
C465,2025-09-01T00:00:00Z,8450,BML250N,"VM MODELLING LIQUID 250ML(BLANCO, VM.13)",3,569.3833,1708.15
C465,2025-09-01T00:00:00Z,8435,BMFRS250,MODELLING FLUID RS (ROSA) 250ML,9,744.2656,6698.39
C465,2025-09-01T00:00:00Z,8387249,EC41M2CTF14,"VITABLOCS TRILUXE FORTE FOR CEREC/INLAB, 1M2C, TF-14, 5 PCS",1,1211.18,1211.18
C465,2025-09-01T00:00:00Z,5909,ENA1M1HTEM14,ENAMIC 1M1 HT EM14,1,1617.05,1617.05
C465,2025-09-01T00:00:00Z,5918,ENA1M2HTEM14,ENAMIC 1M2 HT EM14,10,1617.057,16170.57
C465,2025-09-01T00:00:00Z,198661,ENA2M1TEM14,ENAMIC 2M1 T EM14,2,1617.06,3234.12
C465,2025-09-01T00:00:00Z,5924,ENA2M1HTEM14,ENAMIC 2M1 HT EM14,2,1617.06,3234.12
C465,2025-09-01T00:00:00Z,91705,D33219,VALVULA SOLENOID 24 VOLT DC,3,2255.3467,6766.04
C465,2025-09-01T00:00:00Z,5795,COLCLABLESHA,COLORIMETRO CLASICO A1-D4 BLEACHED SHADES,30,1548.9787,46469.36
C465,2025-09-01T00:00:00Z,5792,COLCLA,COLORIMETRO CLASICO A1-D4,94,1290.1674,121275.7356
C465,2025-09-01T00:00:00Z,89712,D54017,D54017 SILENCIADOR BOMBA VITA,7,1122.3143,7856.2
C465,2025-09-01T00:00:00Z,101802,D32260,THERMOELEMENT KPL. MIT ISOLIERSTEIN,2,4054.635,8109.27
C465,2025-09-01T00:00:00Z,121251,D53041,HEATING ELEMENT FOR VITA ZYRCOMAT,6,12202.8933,73217.3598
C465,2025-09-01T00:00:00Z,198936,D47203,MAINS SWITCH,2,144.19,288.38
C465,2025-09-01T00:00:00Z,125510,D53294B,BASE DE SINTERIZADO DE HORNO 6100 MS,8,12630.5588,101044.4704
C465,2025-09-01T00:00:00Z,96924,D63100,VPAD POWER INJECTOR CABLE,2,1611.935,3223.87
C465,2025-09-01T00:00:00Z,8374811,D54004,VALVE PLATE / SEAL - PERBUNAN,6,396.36,2378.16
C465,2025-09-01T00:00:00Z,8387333,D54003,STRUCTURED DIAPHRAGM,8,1557.9338,12463.47
C465,2025-09-01T00:00:00Z,8424854,B009N,FIRING TRAY G (PACK OF 2 TRAYS AND 20 PINS),3,746.0033,2238.01
C465,2025-09-01T00:00:00Z,8387337,D53220,POWER-SUPPLY-UNIT,1,54734.67,54734.67
C465,2025-09-01T00:00:00Z,8279,MFTT493L2.5,MFT T49 3L2.5,15,95.0827,1426.24
C465,2025-09-01T00:00:00Z,8249,MFTT463L2.5,MFT T46 3L2.5,30,95.083,2852.49
C465,2025-09-01T00:00:00Z,7679,MFTL373L2.5,MFT L37 3L2.5,30,95.083,2852.49
C465,2025-09-01T00:00:00Z,8276,MFTT493L1.5,MFT T49 3L1.5,30,95.083,2852.49
C465,2025-09-01T00:00:00Z,8246,MFTT463L1.5,MFT T46 3L1.5,15,95.0827,1426.24
C465,2025-09-01T00:00:00Z,8216,MFTT433L1.5,MFT T43 3L1.5,30,95.083,2852.49
C465,2025-09-01T00:00:00Z,8156,MFTS503L1.5,MFT S50 3L1.5,15,95.0827,1426.24
C465,2025-09-01T00:00:00Z,8096,MFTR473L1.5,MFT R47 3L1.5,15,95.0827,1426.24
C465,2025-09-01T00:00:00Z,7676,MFTL373L1.5,MFT L37 3L1.5,30,95.083,2852.49
C465,2025-09-01T00:00:00Z,8273,MFTT492M2,MFT T49 2M2,255,95.0829,24246.139499999997
C465,2025-09-01T00:00:00Z,8243,MFTT462M2,MFT T46 2M2,390,95.0829,37082.331
C465,2025-09-01T00:00:00Z,8213,MFTT432M2,MFT T43 2M2,225,95.0829,21393.6525
C465,2025-09-01T00:00:00Z,8183,MFTT412M2,MFT T41 2M2,165,95.083,15688.695
C465,2025-09-01T00:00:00Z,8153,MFTS502M2,MFT S50 2M2,195,95.083,18541.185
C465,2025-09-01T00:00:00Z,8123,MFTS472M2,MFT S47 2M2,105,95.0829,9983.7045
C465,2025-09-01T00:00:00Z,8093,MFTR472M2,MFT R47 2M2,225,95.0829,21393.6525
C465,2025-09-01T00:00:00Z,8063,MFTR452M2,MFT R45 2M2,255,95.0829,24246.139499999997
C465,2025-09-01T00:00:00Z,8033,MFTR422M2,MFT R42 2M2,180,95.0829,17114.922
C465,2025-09-01T00:00:00Z,7823,MFTO492M2,MFT O49 2M2,30,95.083,2852.49
C465,2025-09-01T00:00:00Z,7793,MFTO442M2,MFT O44 2M2,75,95.0829,7131.22
C465,2025-09-01T00:00:00Z,7763,MFTO402M2,MFT O40 2M2,105,95.0829,9983.7045
C465,2025-09-01T00:00:00Z,7733,MFTL402M2,MFT L40 2M2,255,95.0829,24246.139499999997
C465,2025-09-01T00:00:00Z,7673,MFTL372M2,MFT L37 2M2,585,95.0829,55623.496499999994
C465,2025-09-01T00:00:00Z,7643,MFTL342M2,MFT L34 2M2,120,95.0829,11409.948
C465,2025-09-01T00:00:00Z,7613,MFTL332M2,MFT L33 2M2,240,95.083,22819.92
C465,2025-09-01T00:00:00Z,7622,MFTL333M2,MFT L33 3M2,30,95.083,2852.49
C465,2025-09-01T00:00:00Z,8168,MFTS504M2,MFT S50 4M2,15,95.0827,1426.24
C465,2025-09-01T00:00:00Z,8108,MFTR474M2,MFT R47 4M2,15,95.0827,1426.24
C465,2025-09-01T00:00:00Z,8285,MFTT493R2.5,MFT T49 3R2.5,15,95.0827,1426.24
C465,2025-09-01T00:00:00Z,8255,MFTT463R2.5,MFT T46 3R2.5,30,95.083,2852.49
C465,2025-09-01T00:00:00Z,8225,MFTT433R2.5,MFT T43 3R2.5,15,95.0827,1426.24
C465,2025-09-01T00:00:00Z,8135,MFTS473R2.5,MFT S47 3R2.5,15,95.0827,1426.24
C465,2025-09-01T00:00:00Z,8105,MFTR473R2.5,MFT R47 3R2.5,30,95.083,2852.49
C465,2025-09-01T00:00:00Z,8075,MFTR453R2.5,MFT R45 3R2.5,15,95.0827,1426.24
C465,2025-09-01T00:00:00Z,7835,MFTO493R2.5,MFT O49 3R2.5,15,95.0827,1426.24
C465,2025-09-01T00:00:00Z,7745,MFTL403R2.5,MFT L40 3R2.5,15,95.0827,1426.24
C465,2025-09-01T00:00:00Z,7685,MFTL373R2.5,MFT L37 3R2.5,30,95.083,2852.49
C465,2025-09-01T00:00:00Z,7655,MFTL343R2.5,MFT L34 3R2.5,45,95.0829,4278.73
C465,2025-09-01T00:00:00Z,8282,MFTT493M2,MFT T49 3M2,180,95.0829,17114.922
C465,2025-09-01T00:00:00Z,8252,MFTT463M2,MFT T46 3M2,270,95.0829,25672.382999999998
C465,2025-09-01T00:00:00Z,8222,MFTT433M2,MFT T43 3M2,120,95.0829,11409.948
C465,2025-09-01T00:00:00Z,8192,MFTT413M2,MFT T41 3M2,30,95.083,2852.49
C465,2025-09-01T00:00:00Z,8162,MFTS503M2,MFT S50 3M2,150,95.0829,14262.435
C465,2025-09-01T00:00:00Z,8132,MFTS473M2,MFT S47 3M2,135,95.0829,12836.191499999999
C465,2025-09-01T00:00:00Z,8102,MFTR473M2,MFT R47 3M2,195,95.083,18541.185
C465,2025-09-01T00:00:00Z,8072,MFTR453M2,MFT R45 3M2,210,95.083,19967.43
C465,2025-09-01T00:00:00Z,7802,MFTO443M2,MFT O44 3M2,75,95.0829,7131.22
C465,2025-09-01T00:00:00Z,7742,MFTL403M2,MFT L40 3M2,225,95.0829,21393.6525
C465,2025-09-01T00:00:00Z,7712,MFTL37LN3M2,MFT L37LN 3M2,45,95.0829,4278.73
C465,2025-09-01T00:00:00Z,7682,MFTL373M2,MFT L37 3M2,285,95.0829,27098.6265
C465,2025-09-01T00:00:00Z,7652,MFTL343M2,MFT L34 3M2,120,95.0829,11409.948
C465,2025-09-01T00:00:00Z,7634,MFTL341M1,MFT L34 1M1,75,95.0829,7131.22
C465,2025-09-01T00:00:00Z,7664,MFTL371M1,MFT L37 1M1,45,95.0829,4278.73
C465,2025-09-01T00:00:00Z,8057,MFTR452L1.5,MFT R45 2L1.5,15,95.0827,1426.24
C465,2025-09-01T00:00:00Z,8207,MFTT432L1.5,MFT T43 2L1.5,30,95.083,2852.49
C465,2025-09-01T00:00:00Z,8237,MFTT462L1.5,MFT T46 2L1.5,45,95.0829,4278.73
C465,2025-09-01T00:00:00Z,7610,MFTL332M1,MFT L33 2M1,75,95.0829,7131.22
C465,2025-09-01T00:00:00Z,7640,MFTL342M1,MFT L34 2M1,105,95.0829,9983.7045
C465,2025-09-01T00:00:00Z,7724,MFTL401M1,MFT L40 1M1,45,95.0829,4278.73
C465,2025-09-01T00:00:00Z,7784,MFTO441M1,MFT O44 1M1,15,95.0827,1426.24
C465,2025-09-01T00:00:00Z,7670,MFTL372M1,MFT L37 2M1,180,95.0829,17114.922
C465,2025-09-01T00:00:00Z,7730,MFTL402M1,MFT L40 2M1,90,95.0829,8557.461
C465,2025-09-01T00:00:00Z,7790,MFTO442M1,MFT O44 2M1,15,95.0827,1426.24
C465,2025-09-01T00:00:00Z,7604,MFTL331M1,MFT L33 1M1,30,95.083,2852.49
C465,2025-09-01T00:00:00Z,8371679,D54030,"RIBBED PLATE + INTERMEDATE PLATE ""HEAD 2""(SILENCER)",6,1413.6233,8481.74
C465,2025-09-01T00:00:00Z,10319,PHYT2S2M1,PHYSIODENS T2S 2M1,5,366.75,1833.75
C465,2025-09-01T00:00:00Z,8051,MFTR450M3,MFT R45 0M3,15,95.0827,1426.24
C465,2025-09-01T00:00:00Z,7637,MFTL342L1.5,MFT L34 2L1.5,75,95.0829,7131.22
C465,2025-09-01T00:00:00Z,7607,MFTL332L1.5,MFT L33 2L1.5,30,95.083,2852.49
C465,2025-09-01T00:00:00Z,8234,MFTT461M1,MFT T46 1M1,30,95.083,2852.49
C465,2025-09-01T00:00:00Z,8204,MFTT431M1,MFT T43 1M1,45,95.0829,4278.73
C465,2025-09-01T00:00:00Z,8030,MFTR422M1,MFT R42 2M1,30,95.083,2852.49
C465,2025-09-01T00:00:00Z,8144,MFTS501M1,MFT S50 1M1,15,95.0827,1426.24
C465,2025-09-01T00:00:00Z,8054,MFTR451M1,MFT R45 1M1,30,95.083,2852.49
C465,2025-09-01T00:00:00Z,8084,MFTR471M1,MFT R47 1M1,45,95.0829,4278.73
C465,2025-09-01T00:00:00Z,8060,MFTR452M1,MFT R45 2M1,90,95.0829,8557.461
C465,2025-09-01T00:00:00Z,8090,MFTR472M1,MFT R47 2M1,75,95.0829,7131.22
C465,2025-09-01T00:00:00Z,8120,MFTS472M1,MFT S47 2M1,75,95.0829,7131.22
C465,2025-09-01T00:00:00Z,8150,MFTS502M1,MFT S50 2M1,45,95.0829,4278.73
C465,2025-09-01T00:00:00Z,8210,MFTT432M1,MFT T43 2M1,105,95.0829,9983.7045
C465,2025-09-01T00:00:00Z,8240,MFTT462M1,MFT T46 2M1,105,95.0829,9983.7045
C465,2025-09-01T00:00:00Z,8270,MFTT492M1,MFT T49 2M1,75,95.0829,7131.22
C465,2025-09-01T00:00:00Z,7934,MFTPU291M1,MFT PU29 1M1,60,95.0828,5704.97
C465,2025-09-01T00:00:00Z,7964,MFTPU311M1,MFT PU31 1M1,90,95.0829,8557.461
C465,2025-09-01T00:00:00Z,7994,MFTPU331M1,MFT PU33 1M1,100,95.0829,9508.289999999999
C465,2025-09-01T00:00:00Z,7904,MFTPL331M1,MFT PL33 1M1,60,95.0828,5704.97
C465,2025-09-01T00:00:00Z,7874,MFTPL311M1,MFT PL31 1M1,50,95.0828,4754.14
C465,2025-09-01T00:00:00Z,7844,MFTPL291M1,MFT PL29 1M1,30,95.083,2852.49
C465,2025-09-01T00:00:00Z,7865,MFTPL293R2.5,MFT PL29 3R2.5,60,95.0828,5704.97
C465,2025-09-01T00:00:00Z,7895,MFTPL313R2.5,MFT PL31 3R2.5,100,95.0829,9508.289999999999
C465,2025-09-01T00:00:00Z,7925,MFTPL333R2.5,MFT PL33 3R2.5,100,95.0829,9508.289999999999
C465,2025-09-01T00:00:00Z,7955,MFTPU293R2.5,MFT PU29 3R2.5,50,95.0828,4754.14
C465,2025-09-01T00:00:00Z,7985,MFTPU313R2.5,MFT PU31 3R2.5,130,95.0829,12360.777
C465,2025-09-01T00:00:00Z,8015,MFTPU333R2.5,MFT PU33 3R2.5,150,95.0829,14262.435
C465,2025-09-01T00:00:00Z,7991,MFTPU330M3,MFT PU33 0M3,20,95.0825,1901.65
C465,2025-09-01T00:00:00Z,7961,MFTPU310M3,MFT PU31 0M3,20,95.0825,1901.65
C465,2025-09-01T00:00:00Z,7931,MFTPU290M3,MFT PU29 0M3,10,95.083,950.83
C465,2025-09-01T00:00:00Z,7901,MFTPL330M3,MFT PL33 0M3,10,95.083,950.83
C465,2025-09-01T00:00:00Z,7898,MFTPL314M2,MFT PL31 4M2,20,95.0825,1901.65
C465,2025-09-01T00:00:00Z,7928,MFTPL334M2,MFT PL33 4M2,60,95.0828,5704.97
C465,2025-09-01T00:00:00Z,7988,MFTPU314M2,MFT PU31 4M2,30,95.083,2852.49
C465,2025-09-01T00:00:00Z,8018,MFTPU334M2,MFT PU33 4M2,50,95.0828,4754.14
C465,2025-09-01T00:00:00Z,7871,MFTPL310M3,MFT PL31 0M3,10,95.083,950.83
C465,2025-09-01T00:00:00Z,7841,MFTPL290M3,MFT PL29 0M3,10,95.083,950.83
C465,2025-09-01T00:00:00Z,7853,MFTPL292M2,MFT PL29 2M2,290,95.0829,27574.040999999997
C465,2025-09-01T00:00:00Z,7883,MFTPL312M2,MFT PL31 2M2,790,95.0829,75115.491
C465,2025-09-01T00:00:00Z,7913,MFTPL332M2,MFT PL33 2M2,510,95.0829,48492.278999999995
C465,2025-09-01T00:00:00Z,7943,MFTPU292M2,MFT PU29 2M2,400,95.0829,38033.159999999996
C465,2025-09-01T00:00:00Z,7973,MFTPU312M2,MFT PU31 2M2,880,95.0829,83672.95199999999
C465,2025-09-01T00:00:00Z,8003,MFTPU332M2,MFT PU33 2M2,610,95.0829,58000.568999999996
C465,2025-09-01T00:00:00Z,8000,MFTPU332M1,MFT PU33 2M1,250,95.0829,23770.725
C465,2025-09-01T00:00:00Z,7970,MFTPU312M1,MFT PU31 2M1,300,95.0829,28524.87
C465,2025-09-01T00:00:00Z,7940,MFTPU292M1,MFT PU29 2M1,150,95.0829,14262.435
C465,2025-09-01T00:00:00Z,7910,MFTPL332M1,MFT PL33 2M1,240,95.083,22819.92
C465,2025-09-01T00:00:00Z,7880,MFTPL312M1,MFT PL31 2M1,250,95.0829,23770.725
C465,2025-09-01T00:00:00Z,7850,MFTPL292M1,MFT PL29 2M1,120,95.0829,11409.948
C465,2025-09-01T00:00:00Z,7856,MFTPL293L1.5,MFT PL29 3L1.5,10,95.083,950.83
C465,2025-09-01T00:00:00Z,7886,MFTPL313L1.5,MFT PL31 3L1.5,30,95.083,2852.49
C465,2025-09-01T00:00:00Z,7916,MFTPL333L1.5,MFT PL33 3L1.5,50,95.0828,4754.14
C465,2025-09-01T00:00:00Z,7982,MFTPU313M2,MFT PU31 3M2,500,95.0829,47541.45
C465,2025-09-01T00:00:00Z,7952,MFTPU293M2,MFT PU29 3M2,260,95.0829,24721.554
C465,2025-09-01T00:00:00Z,7922,MFTPL333M2,MFT PL33 3M2,530,95.0829,50393.937
C465,2025-09-01T00:00:00Z,7892,MFTPL313M2,MFT PL31 3M2,420,95.0829,39934.818
C465,2025-09-01T00:00:00Z,7862,MFTPL293M2,MFT PL29 3M2,190,95.0829,18065.751
C465,2025-09-01T00:00:00Z,7847,MFTPL292L1.5,MFT PL29 2L1.5,40,95.083,3803.32
C465,2025-09-01T00:00:00Z,7877,MFTPL312L1.5,MFT PL31 2L1.5,10,95.083,950.83
C465,2025-09-01T00:00:00Z,7937,MFTPU292L1.5,MFT PU29 2L1.5,60,95.0828,5704.97
C465,2025-09-01T00:00:00Z,8009,MFTPU333L2.5,MFT PU33 3L2.5,70,95.083,6655.81
C465,2025-09-01T00:00:00Z,7979,MFTPU313L2.5,MFT PU31 3L2.5,50,95.0828,4754.14
C465,2025-09-01T00:00:00Z,7919,MFTPL333L2.5,MFT PL33 3L2.5,70,95.083,6655.81
C465,2025-09-01T00:00:00Z,7889,MFTPL313L2.5,MFT PL31 3L2.5,50,95.0828,4754.14
C465,2025-09-01T00:00:00Z,7967,MFTPU312L1.5,MFT PU31 2L1.5,20,95.0825,1901.65
C465,2025-09-01T00:00:00Z,8006,MFTPU333L1.5,MFT PU33 3L1.5,60,95.0828,5704.97
C465,2025-09-01T00:00:00Z,7976,MFTPU313L1.5,MFT PU31 3L1.5,20,95.0825,1901.65
C465,2025-09-01T00:00:00Z,7196,LIN24LSUPA3,LINGOFORM 24L SUPERIOR A3,5,285.248,1426.24
C465,2025-09-01T00:00:00Z,7148,LIN23LINFA3,LINGOFORM 23L INFERIOR A3,5,285.248,1426.24
C465,2025-09-01T00:00:00Z,7163,LIN23LSUPA3,LINGOFORM 23L SUPERIOR A3,5,285.248,1426.24
C465,2025-09-01T00:00:00Z,7112,LIN22LINFA3,LINGOFORM 22L INFERIOR A3,5,285.248,1426.24
C465,2025-09-01T00:00:00Z,7076,LIN21LINFA3,LINGOFORM 21L INFERIOR A3,5,285.248,1426.24
C465,2025-09-01T00:00:00Z,7088,LIN21LSUPA3,LINGOFORM 21L SUPERIOR A3,5,285.248,1426.24
C465,2025-09-01T00:00:00Z,7175,LIN24LINFA2,LINGOFORM 24L INFERIOR A2,5,285.248,1426.24
C465,2025-09-01T00:00:00Z,7145,LIN23LINFA2,LINGOFORM 23L INFERIOR A2,5,285.248,1426.24
C465,2025-09-01T00:00:00Z,7160,LIN23LSUPA2,LINGOFORM 23L SUPERIOR A2,5,285.248,1426.24
C465,2025-09-01T00:00:00Z,7109,LIN22LINFA2,LINGOFORM 22L INFERIOR A2,5,285.248,1426.24
C465,2025-09-01T00:00:00Z,7127,LIN22LSUPA2,LINGOFORM 22L SUPERIOR A2,5,285.248,1426.24
C465,2025-09-01T00:00:00Z,7073,LIN21LINFA2,LINGOFORM 21L INFERIOR A2,5,285.248,1426.24
C465,2025-09-01T00:00:00Z,7085,LIN21LSUPA2,LINGOFORM 21L SUPERIOR A2,5,285.248,1426.24
C465,2025-09-01T00:00:00Z,7142,LIN23LINFA1,LINGOFORM 23L INFERIOR A1,5,285.248,1426.24
C465,2025-09-01T00:00:00Z,7157,LIN23LSUPA1,LINGOFORM 23L SUPERIOR A1,5,285.248,1426.24
C465,2025-09-01T00:00:00Z,7106,LIN22LINFA1,LINGOFORM 22L INFERIOR A1,5,285.248,1426.24
C465,2025-09-01T00:00:00Z,7124,LIN22LSUPA1,LINGOFORM 22L SUPERIOR A1,5,285.248,1426.24
C465,2025-09-01T00:00:00Z,7070,LIN21LINFA1,LINGOFORM 21L INFERIOR A1,5,285.248,1426.24
C465,2025-09-01T00:00:00Z,10265,PHYT1S2M1,PHYSIODENS T1S 2M1,5,366.75,1833.75
C465,2025-09-01T00:00:00Z,198723,V60IPLUS110V,HORNO V60I LINE PLUS 110V,19,58606.4011,1113521.6209
C465,2025-09-01T00:00:00Z,9464,PHY25EINF2M2,PHYSIODENS 25E INFERIOR 2M2,5,310.476,1552.38
C465,2025-09-01T00:00:00Z,9512,PHY25ESUP2M2,PHYSIODENS 25E SUPERIOR 2M2,5,310.476,1552.38
C465,2025-09-01T00:00:00Z,9365,PHY24EINF2M2,PHYSIODENS 24E INFERIOR 2M2,10,310.474,3104.74
C465,2025-09-01T00:00:00Z,9416,PHY24ESUP2M2,PHYSIODENS 24E SUPERIOR 2M2,10,310.474,3104.74
C465,2025-09-01T00:00:00Z,9263,PHY23EINF2M2,PHYSIODENS 23E INFERIOR 2M2,5,310.476,1552.38
C465,2025-09-01T00:00:00Z,9314,PHY23ESUP2M2,PHYSIODENS 23E SUPERIOR 2M2,10,310.474,3104.74
C465,2025-09-01T00:00:00Z,9161,PHY22EINF2M2,PHYSIODENS 22E INFERIOR 2M2,10,310.474,3104.74
C465,2025-09-01T00:00:00Z,9212,PHY22ESUP2M2,PHYSIODENS 22E SUPERIOR 2M2,15,310.4747,4657.12
C465,2025-09-01T00:00:00Z,9059,PHY21EINF2M2,PHYSIODENS 21E INFERIOR 2M2,5,310.476,1552.38
C465,2025-09-01T00:00:00Z,9110,PHY21ESUP2M2,PHYSIODENS 21E SUPERIOR 2M2,5,310.476,1552.38
C465,2025-09-01T00:00:00Z,8960,PHY20EINF2M2,PHYSIODENS 20E INFERIOR 2M2,5,310.476,1552.38
C465,2025-09-01T00:00:00Z,9008,PHY20ESUP2M2,PHYSIODENS 20E SUPERIOR 2M2,15,310.4747,4657.12
C465,2025-09-01T00:00:00Z,9260,PHY23EINF2M1,PHYSIODENS 23E INFERIOR 2M1,5,310.476,1552.38
C465,2025-09-01T00:00:00Z,9311,PHY23ESUP2M1,PHYSIODENS 23E SUPERIOR 2M1,5,310.476,1552.38
C465,2025-09-01T00:00:00Z,9209,PHY22ESUP2M1,PHYSIODENS 22E SUPERIOR 2M1,10,310.474,3104.74
C465,2025-09-01T00:00:00Z,9107,PHY21ESUP2M1,PHYSIODENS 21E SUPERIOR 2M1,10,310.474,3104.74
C465,2025-09-01T00:00:00Z,9305,PHY23ESUP2L1.5,PHYSIODENS 23E SUPERIOR 2L1.5,5,310.476,1552.38
C465,2025-09-01T00:00:00Z,9050,PHY21EINF2L1.5,PHYSIODENS 21E INFERIOR 2L1.5,10,310.474,3104.74
C465,2025-09-01T00:00:00Z,8999,PHY20ESUP2L1.5,PHYSIODENS 20E SUPERIOR 2L1.5,5,310.476,1552.38
C465,2025-09-01T00:00:00Z,9200,PHY22ESUP1M2,PHYSIODENS 22E SUPERIOR 1M2,5,310.476,1552.38
C465,2025-09-01T00:00:00Z,9047,PHY21EINF1M2,PHYSIODENS 21E INFERIOR 1M2,5,310.476,1552.38
C465,2025-09-01T00:00:00Z,9098,PHY21ESUP1M2,PHYSIODENS 21E SUPERIOR 1M2,5,310.476,1552.38
C465,2025-09-01T00:00:00Z,9245,PHY23EINF0M3,PHYSIODENS 23E INFERIOR 0M3,5,310.476,1552.38
C465,2025-09-01T00:00:00Z,9446,PHY24ESUP4M2,PHYSIODENS 24E SUPERIOR 4M2,5,310.476,1552.38
C465,2025-09-01T00:00:00Z,9239,PHY22ESUP3R2.5,PHYSIODENS 22E SUPERIOR 3R2.5,5,310.476,1552.38
C465,2025-09-01T00:00:00Z,9485,PHY25EINF3M2,PHYSIODENS 25E INFERIOR 3M2,5,310.476,1552.38
C465,2025-09-01T00:00:00Z,9386,PHY24EINF3M2,PHYSIODENS 24E INFERIOR 3M2,5,310.476,1552.38
C465,2025-09-01T00:00:00Z,9437,PHY24ESUP3M2,PHYSIODENS 24E SUPERIOR 3M2,5,310.476,1552.38
C465,2025-09-01T00:00:00Z,9284,PHY23EINF3M2,PHYSIODENS 23E INFERIOR 3M2,5,310.476,1552.38
C465,2025-09-01T00:00:00Z,9335,PHY23ESUP3M2,PHYSIODENS 23E SUPERIOR 3M2,10,310.474,3104.74
C465,2025-09-01T00:00:00Z,9182,PHY22EINF3M2,PHYSIODENS 22E INFERIOR 3M2,5,310.476,1552.38
C465,2025-09-01T00:00:00Z,9233,PHY22ESUP3M2,PHYSIODENS 22E SUPERIOR 3M2,10,310.474,3104.74
C465,2025-09-01T00:00:00Z,9080,PHY21EINF3M2,PHYSIODENS 21E INFERIOR 3M2,5,310.476,1552.38
C465,2025-09-01T00:00:00Z,9131,PHY21ESUP3M2,PHYSIODENS 21E SUPERIOR 3M2,10,310.474,3104.74
C465,2025-09-01T00:00:00Z,8981,PHY20EINF3M2,PHYSIODENS 20E INFERIOR 3M2,5,310.476,1552.38
C465,2025-09-01T00:00:00Z,9029,PHY20ESUP3M2,PHYSIODENS 20E SUPERIOR 3M2,5,310.476,1552.38
C465,2025-09-01T00:00:00Z,9383,PHY24EINF3M1,PHYSIODENS 24E INFERIOR 3M1,5,310.476,1552.38
C465,2025-09-01T00:00:00Z,9428,PHY24ESUP3L1.5,PHYSIODENS 24E SUPERIOR 3L1.5,5,310.476,1552.38
C465,2025-09-01T00:00:00Z,9326,PHY23ESUP3L1.5,PHYSIODENS 23E SUPERIOR 3L1.5,5,310.476,1552.38
C465,2025-09-01T00:00:00Z,9221,PHY22ESUP2R2.5,PHYSIODENS 22E SUPERIOR 2R2.5,5,310.476,1552.38
C465,2025-09-01T00:00:00Z,10322,PHYT2S2M2,PHYSIODENS T2S 2M2,10,366.748,3667.48
C465,2025-09-01T00:00:00Z,10703,PHYT9L1M1,PHYSIODENS T9L 1M1,5,366.75,1833.75
C465,2025-09-01T00:00:00Z,10268,PHYT1S2M2,PHYSIODENS T1S 2M2,20,366.7485,7334.97
C465,2025-09-01T00:00:00Z,10289,PHYT1S3M2,PHYSIODENS T1S 3M2,5,366.75,1833.75
C465,2025-09-01T00:00:00Z,10046,PHYO2L3M2,PHYSIODENS O2L 3M2,5,366.75,1833.75
C465,2025-09-01T00:00:00Z,9587,PHYL1S3M2,PHYSIODENS L1S 3M2,10,366.748,3667.48
C465,2025-09-01T00:00:00Z,9713,PHYL4M1M2,PHYSIODENS L4M 1M2,5,366.75,1833.75
C465,2025-09-01T00:00:00Z,10952,PHYZ2S1M2,PHYSIODENS Z2S 1M2,5,366.75,1833.75
C465,2025-09-01T00:00:00Z,9671,PHYL3M2M2,PHYSIODENS L3M 2M2,10,366.748,3667.48
C465,2025-09-01T00:00:00Z,9566,PHYL1S2M2,PHYSIODENS L1S 2M2,10,366.748,3667.48
C465,2025-09-01T00:00:00Z,10370,PHYT3M2M2,PHYSIODENS T3M 2M2,10,366.748,3667.48
C465,2025-09-01T00:00:00Z,10016,PHYO2L2L1.5,PHYSIODENS O2L 2L1.5,5,366.75,1833.75
C465,2025-09-01T00:00:00Z,10259,PHYT1S2L1.5,PHYSIODENS T1S 2L1.5,5,366.75,1833.75
C465,2025-09-01T00:00:00Z,10616,PHYT7M2M2,PHYSIODENS T7M 2M2,5,366.75,1833.75
C465,2025-09-01T00:00:00Z,10916,PHYZ1S2M2,PHYSIODENS Z1S 2M2,5,366.75,1833.75
C465,2025-09-01T00:00:00Z,10964,PHYZ2S2M2,PHYSIODENS Z2S 2M2,5,366.75,1833.75
C465,2025-09-01T00:00:00Z,9563,PHYL1S2M1,PHYSIODENS L1S 2M1,5,366.75,1833.75
C465,2025-09-01T00:00:00Z,199187,AKZLCCHREDBROWN2.5ML,AKZENT LC CHROMA STAINS RED-BROWN 2.5 ML,1,896.66,896.66
C465,2025-09-01T00:00:00Z,199192,AKZLCCHREDSUN2.5ML,AKZENT LC CHROMA STAINS RED-SUN 2.5 ML,2,896.66,1793.32
C465,2025-09-01T00:00:00Z,199020,AKZLCEFECWHITE2.5ML,AKZENT LC EFFECT STAINS WHITE 2.5 ML,3,896.7467,2690.24
C465,2025-09-01T00:00:00Z,199078,AKZLCEFECORANGE2.5ML,AKZENT LC EFFECT STAINS ORANGE 2.5 ML,2,896.66,1793.32
C465,2025-09-01T00:00:00Z,199095,AKZLCEFECPINK2.5ML,AKZENT LC EFFECT STAINS PINK 2.5 ML,4,896.725,3586.9
C465,2025-09-01T00:00:00Z,199126,AKZLCEFECDARKRED2.5M,AKZENT LC EFFECT STAINS DARK-RED 2.5 ML,1,896.66,896.66
C465,2025-09-01T00:00:00Z,199138,AKZLCEFECBLUE2.5ML,AKZENT LC EFFECT STAINS BLUE 2.5 ML,2,896.66,1793.32
C465,2025-09-01T00:00:00Z,199144,AKZLCEFECGREYBLUE2.5,AKZENT LC EFFECT STAINS GREY-BLUE 2.5 ML,1,896.66,896.66
C465,2025-09-01T00:00:00Z,199173,AKZLCEFECGREY2.5ML,AKZENT LC EFFECT STAINS GREY 2.5 ML,2,896.66,1793.32
C465,2025-09-01T00:00:00Z,199240,AKZLCGLAZE5ML,AKZENT LC GLAZE 5 ML,12,896.7025,10760.43
C465,2025-09-01T00:00:00Z,7349,LUMACODA212G,"LUMEX OPAQUE DENTINE, A2, 12 G",6,311.7783,1870.67
C465,2025-09-01T00:00:00Z,13295,VMKDA412G,VMK DENTINE A4 12G,9,176.26,1586.34
C465,2025-09-01T00:00:00Z,13145,VMKD2M212G,VMK DENTINE 2M2 12G,42,176.2593,7402.89
C465,2025-09-01T00:00:00Z,13223,VMKD4M112G,VMK DENTINE 4M1 12G,1,176.25,176.25
C465,2025-09-01T00:00:00Z,13952,VMKWO12G,VMK WASH OPAQUE WO 12G,51,176.259,8989.21
C465,2025-09-01T00:00:00Z,199187,AKZLCCHREDBROWN2.5ML,AKZENT LC CHROMA STAINS RED-BROWN 2.5 ML,4,896.725,3586.9
C465,2025-09-01T00:00:00Z,199187,AKZLCCHREDBROWN2.5ML,AKZENT LC CHROMA STAINS RED-BROWN 2.5 ML,1,896.66,896.66
C465,2025-09-01T00:00:00Z,7349,LUMACODA212G,"LUMEX OPAQUE DENTINE, A2, 12 G",3,311.7333,935.2
C465,2025-09-01T00:00:00Z,89712,D54017,D54017 SILENCIADOR BOMBA VITA,3,1122.3267,3366.98
C465,2025-09-01T00:00:00Z,5930,ENA2M2HTEM14,ENAMIC 2M2 HT EM14,10,1617.057,16170.57
C465,2025-09-01T00:00:00Z,8365451,D54031,INTERCONNECTION PIPE,2,206.04,412.08
C465,2025-09-01T00:00:00Z,8371693,D54033,O-RING D8X1.8 FPM,4,110.9025,443.61
C465,2025-09-01T00:00:00Z,8371697,D54032,TUBE AD12.8 ID8.0,2,33.42,66.84
C465,2025-09-01T00:00:00Z,8387249,EC41M2CTF14,"VITABLOCS TRILUXE FORTE FOR CEREC/INLAB, 1M2C, TF-14, 5 PCS",2,1211.175,2422.35
C465,2025-09-01T00:00:00Z,13853,VMKONECOLKIT2M2,VMK ONE COLOR KIT 2M2,8,1338.5863,10708.69
C465,2025-09-01T00:00:00Z,8480,OPAFLUVMK50ML,"OPAQUE FLUID (AMARILLO, VMK) 50ML",22,139.0668,3059.47
C465,2025-09-01T00:00:00Z,8477,OPAFLUVMK250ML,"OPAQUE FLUID (AMARILLO, VMK) 250ML",7,543.1,3801.7
C465,2025-09-01T00:00:00Z,91350,BOMVAC110V,VITA BOMBA DE VACIO PARA HORNO 110V,19,8897.4711,169051.95090000003
C465,2025-09-01T00:00:00Z,102717,EASSHAV,EASYSHADE V 100-230V,2,25603.395,51206.79
C465,2025-09-01T00:00:00Z,13757,VMKODA112G,VMK OPAQUE DENTINE A1 12G,4,176.26,705.04
C465,2025-09-01T00:00:00Z,13946,VMKWIN12G,VMK WINDOW WIN 12G,66,176.2591,11633.1
C465,2025-09-01T00:00:00Z,8365451,D54031,INTERCONNECTION PIPE,10,206.013,2060.13
C465,2025-09-01T00:00:00Z,8365455,D62030B,MODULE BUS,1,197.01,197.01
C465,2025-09-01T00:00:00Z,8365459,D62028B,MODUL TEMPERATURE,1,1607.09,1607.09
C465,2025-09-01T00:00:00Z,8365463,D54034,FLAT HEAD SCREW M3X8,12,16.5967,199.16
C465,2025-09-01T00:00:00Z,198966,D62026,TARJETA MADRE PARA 6100MS,1,1445.11,1445.11
C465,2025-09-01T00:00:00Z,293539,D62029B,LIFT MODULE,2,1413.575,2827.15
C465,2025-09-01T00:00:00Z,8371689,D54029,"RIBBED PLATE + INTERMEDATE PLATE ""HEAD 1""(TUBE CONNECTION)",6,1413.6233,8481.74
C465,2025-09-01T00:00:00Z,8371693,D54033,O-RING D8X1.8 FPM,20,110.93,2218.6
C465,2025-09-01T00:00:00Z,8371697,D54032,TUBE AD12.8 ID8.0,4,33.4175,133.67
C465,2025-09-01T00:00:00Z,8371701,D62027,VACUUM MODULE,2,1525.425,3050.85
C465,2025-09-01T00:00:00Z,198994,D62025,TARJETA MADRE PARA GENERACIÓN DE CALOR PARA 6100MS,2,8338.62,16677.24
C465,2025-09-01T00:00:00Z,8374805,D64040,THERMOCOUPLE,2,8338.62,16677.24
C465,2025-09-01T00:00:00Z,8374811,D54004,VALVE PLATE / SEAL - PERBUNAN,26,396.3654,10305.5
C465,2025-09-01T00:00:00Z,7346,LUMACODA112G,LUMEX OPAQUE DENTINE A1 12 G,5,311.77,1558.85
C465,2025-09-01T00:00:00Z,7355,LUMACODA312G,"LUMEX OPAQUE DENTINE, A3, 12 G",7,311.7843,2182.49
C465,2025-09-01T00:00:00Z,7376,LUMACODC212G,"LUMEX OPAQUE DENTINE, C2, 12 G",1,311.82,311.82
C465,2025-09-01T00:00:00Z,7388,LUMACODD312G,"LUMEX OPAQUE DENTINE, D3, 12 G",3,311.7333,935.2
C465,2025-09-01T00:00:00Z,7214,LUMACDA112G,"LUMEX DENTINE, A1, 12 G",25,311.7684,7794.21
C465,2025-09-01T00:00:00Z,7217,LUMACDA212G,"LUMEX DENTINE, A2, 12 G",27,311.7726,8417.86
C465,2025-09-01T00:00:00Z,7223,LUMACDA312G,"LUMEX DENTINE, A3, 12 G",15,311.768,4676.52
C465,2025-09-01T00:00:00Z,7229,B5345612,"LUMEX DENTINE, B1, 12 G",6,311.7783,1870.67
C465,2025-09-01T00:00:00Z,7232,B5345712,"LUMEX DENTINE, B2, 12 G",4,311.755,1247.02
C465,2025-09-01T00:00:00Z,7277,LUMACECLE12G,"LUMEX ENAMEL, CLEAR, 12 G",21,311.771,6547.19
C465,2025-09-01T00:00:00Z,7286,LUMACELIG12G,"LUMEX ENAMEL, LIGHT, 12 G",30,311.7687,9353.06
C465,2025-09-01T00:00:00Z,7289,LUMACEMED12G,"LUMEX ENAMEL, MEDIUM, 12 G",11,311.7736,3429.51
C465,2025-09-01T00:00:00Z,7322,LUMACGPALPAP,LUMEX GINGIVA PALE-PAPILLA 12G,2,311.82,623.64
C465,2025-09-01T00:00:00Z,7316,LUMACGLIGROS,LUMEX GINGIVA LIGHT-ROSE 12G,2,311.82,623.64
C465,2025-09-01T00:00:00Z,7319,LUMACGNEC,LUMEX GINGIVA NECTARINE 12G,3,311.7333,935.2
C465,2025-09-01T00:00:00Z,7328,LUMACGROS,LUMEX GINGIVA ROSEWOOD 12G,2,311.82,623.64
C465,2025-09-01T00:00:00Z,7421,LUMACTSMOWHI,"LUMEX TRANSLUCENT, SMOKY-WHITE, 12G",6,376.235,2257.41
C465,2025-09-01T00:00:00Z,7403,LUMACPSHE,"LUMEX PEARL, SHELL, 12 G",2,376.235,752.47
C465,2025-09-01T00:00:00Z,7343,LUMACMSAF,"LUMEX MAMELON, SAFFRON, 12 G",6,376.235,2257.41
C465,2025-09-01T00:00:00Z,7337,LUMACMHONMEL,"LUMEX MAMELON, HONEY-MELON, 12 G",1,376.23,376.23
C465,2025-09-01T00:00:00Z,7397,LUMACOTOPANEU,"LUMEX OPAL TRANSLUCENT, OPAL-NEUTRAL, 12",2,376.235,752.47
C465,2025-09-01T00:00:00Z,7394,LUMACOTOPAAZU,"LUMEX OPAL TRANSLUCENT, OPAL-AZURE, 12 G",13,376.2354,4891.06
C465,2025-09-01T00:00:00Z,5567,AKZPLUGLA30G,AKZENT PLUS GLAZE 30G,1,1540.78,1540.78
C465,2025-09-01T00:00:00Z,5507,AKZPLUCHRSTAA3G,AKZENT PLUS CHROMA STAINS A 3G,3,216.6867,650.06
C465,2025-09-01T00:00:00Z,5510,AKZPLUCHRSTAB3G,AKZENT PLUS CHROMA STAINS B 3G,13,216.6854,2816.91
C465,2025-09-01T00:00:00Z,5513,AKZPLUCHRSTAC3G,AKZENT PLUS CHROMA STAINS C 3G,4,216.685,866.74
C465,2025-09-01T00:00:00Z,5516,AKZPLUCHRSTAD3G,AKZENT PLUS CHROMA STAINS D 3G,6,216.685,1300.11
C465,2025-09-01T00:00:00Z,5522,AKZPLUES013G,AKZENT PLUS EFFECT STAINS ES01 3G,10,216.685,2166.85
C465,2025-09-01T00:00:00Z,5525,AKZPLUES023G,AKZENT PLUS EFFECT STAINS ES02 3G,8,216.6863,1733.49
C465,2025-09-01T00:00:00Z,5528,AKZPLUES033G,AKZENT PLUS EFFECT STAINS ES03 3G,6,216.685,1300.11
C465,2025-09-01T00:00:00Z,5531,AKZPLUES043G,AKZENT PLUS EFFECT STAINS ES04 3G,2,216.69,433.38
C465,2025-09-01T00:00:00Z,5534,AKZPLUES053G,AKZENT PLUS EFFECT STAINS ES05 3G,9,216.6856,1950.17
C465,2025-09-01T00:00:00Z,5537,AKZPLUES063G,AKZENT PLUS EFFECT STAINS ES06 3G,7,216.6857,1516.8
C465,2025-09-01T00:00:00Z,5540,AKZPLUES073G,AKZENT PLUS EFFECT STAINS ES07 3G,18,216.6856,3900.34
C465,2025-09-01T00:00:00Z,5543,AKZPLUES083G,AKZENT PLUS EFFECT STAINS ES08 3G,4,216.685,866.74
C465,2025-09-01T00:00:00Z,5546,AKZPLUES093G,AKZENT PLUS EFFECT STAINS ES09 3G,6,216.685,1300.11
C465,2025-09-01T00:00:00Z,5552,AKZPLUES113G,AKZENT PLUS EFFECT STAINS ES11 3G,13,216.6854,2816.91
C465,2025-09-01T00:00:00Z,5555,AKZPLUES123G,AKZENT PLUS EFFECT STAINS ES12 3G,4,216.685,866.74
C465,2025-09-01T00:00:00Z,5558,AKZPLUES133G,AKZENT PLUS EFFECT STAINS ES13 3G,9,216.6856,1950.17
C465,2025-09-01T00:00:00Z,5570,AKZPLUGLA5G,AKZENT PLUS GLAZE 5G,57,257.5139,14678.29
C465,2025-09-01T00:00:00Z,5573,AKZPLUGLALT5G,AKZENT PLUS GLAZE LT 5G,300,257.5163,77254.89
C465,2025-09-01T00:00:00Z,5564,AKZPLUFINAGE5G,AKZENT PLUS FINISHING AGENT 5G,9,317.1522,2854.37
C465,2025-09-01T00:00:00Z,5585,AKZPOWFLU20ML,AKZENT POWDER FLUID 20ML,138,158.6747,21897.1086
C465,2025-09-01T00:00:00Z,5582,AKZPLUPOWKIT,AKZENT PLUS POWDER KIT,4,6627.71,26510.84
C465,2025-09-01T00:00:00Z,5579,AKZPLUMINKIT,AKZENT PLUS MINI KIT,9,2339.4622,21055.16
C465,2025-09-01T00:00:00Z,5519,AKZPLUCHRSTAKIT,AKZENT PLUS CHROMA STAINS KIT,3,1066.6267,3199.88
C465,2025-09-01T00:00:00Z,12101,VM13TDA312G,VM13 TRANSPA DENTINE A3 12G,4,299.29,1197.16
C465,2025-09-01T00:00:00Z,11555,VM13BDC112G,VM13 BASE DENTINE C1 12G,1,299.16,299.16
C465,2025-09-01T00:00:00Z,11591,VM13BDD412G,VM13 BASE DENTINE D4 12G,6,299.245,1795.47
C465,2025-09-01T00:00:00Z,11519,VM13BDA312G,VM13 BASE DENTINE A3 12G,6,299.245,1795.47
C465,2025-09-01T00:00:00Z,11720,VM13ENL12G,VM13 ENAMEL ENL 12G,16,299.2563,4788.1
C465,2025-09-01T00:00:00Z,11534,VM13BDB150G,VM13 BASE DENTINE B1 50G,1,1018.2,1018.2
C465,2025-09-01T00:00:00Z,8468,NPBON5G,NP BOND PASTE 5G,7,505.33,3537.31
C465,2025-09-01T00:00:00Z,13487,VMKOA112G,VMK OPAQUE A1 12G,19,176.2595,3348.93
C465,2025-09-01T00:00:00Z,13493,VMKOA212G,VMK OPAQUE A2 12G,50,176.2592,8812.96
C465,2025-09-01T00:00:00Z,13505,VMKOA312G,VMK OPAQUE A3 12G,29,176.2593,5111.52
C465,2025-09-01T00:00:00Z,13499,VMKOA3.512G,VMK OPAQUE A3.5 12G,11,176.2591,1938.85
C465,2025-09-01T00:00:00Z,13511,VMKOA412G,VMK OPAQUE A4 12G,3,176.26,528.78
C465,2025-09-01T00:00:00Z,13547,VMKOC212G,VMK OPAQUE C2 12G,3,176.26,528.78
C465,2025-09-01T00:00:00Z,13553,VMKOC312G,VMK OPAQUE C3 12G,3,176.26,528.78
C465,2025-09-01T00:00:00Z,13757,VMKODA112G,VMK OPAQUE DENTINE A1 12G,22,176.2595,3877.71
C465,2025-09-01T00:00:00Z,13763,VMKODA212G,VMK OPAQUE DENTINE A2 12G,40,176.2593,7050.37
C465,2025-09-01T00:00:00Z,13775,VMKODA312G,VMK OPAQUE DENTINE A3 12G,17,176.2594,2996.41
C465,2025-09-01T00:00:00Z,7352,LUMACODA3.512G,"LUMEX OPAQUE DENTINE, A3.5, 12 G",11,176.2591,1938.85
C465,2025-09-01T00:00:00Z,13781,VMKODA412G,VMK OPAQUE DENTINE A4 12G,5,176.26,881.3
C465,2025-09-01T00:00:00Z,13799,VMKODB312G,VMK OPAQUE DENTINE B3 12G,5,176.26,881.3
C465,2025-09-01T00:00:00Z,13823,VMKODC312G,VMK OPAQUE DENTINE C3 12G,3,176.26,528.78
C465,2025-09-01T00:00:00Z,13835,VMKODD212G,VMK OPAQUE DENTINE D2 12G,3,176.26,528.78
C465,2025-09-01T00:00:00Z,13847,VMKODD412G,VMK OPAQUE DENTINE D4 12G,1,176.25,176.25
C465,2025-09-01T00:00:00Z,13277,VMKDA212G,VMK DENTINE A2 12G,177,176.2592,31197.878399999998
C465,2025-09-01T00:00:00Z,13283,VMKDA3.512G,VMK DENTINE A3.5 12G,35,176.2591,6169.07
C465,2025-09-01T00:00:00Z,13307,VMKDB212G,VMK DENTINE B2 12G,14,176.2593,2467.63
C465,2025-09-01T00:00:00Z,13313,VMKDB312G,VMK DENTINE B3 12G,4,176.26,705.04
C465,2025-09-01T00:00:00Z,13319,VMKDB412G,VMK DENTINE B4 12G,7,176.26,1233.82
C465,2025-09-01T00:00:00Z,13331,VMKDC212G,VMK DENTINE C2 12G,10,176.259,1762.59
C465,2025-09-01T00:00:00Z,13337,VMKDC312G,VMK DENTINE C3 12G,10,176.259,1762.59
C465,2025-09-01T00:00:00Z,13355,VMKDD312G,VMK DENTINE D3 12G,5,176.26,881.3
CND28,2025-09-02T00:00:00Z,292624,DENTALCADEXOPLANUNI,DENTALCAD EDUCATIONAL FLEX EXOPLAN UNIVERSIDADES,2,11653.75,23307.5
CND29,2025-09-02T00:00:00Z,298213,620040,ZI-CT TRANSPA OT OPAL 20G,1,393.07,393.07
CND29,2025-09-02T00:00:00Z,298210,620039,ZI-CT TRANSPA NT NEUTRAL 20G,1,393.07,393.07
CND28,2025-09-02T00:00:00Z,141601,DENTALCADFLEXUNI,DENTALCAD EDUCATIONAL FLEX UNIVERSIDADES,1,11653.75,11653.75
C466,2025-09-04T00:00:00Z,309233,29391000,SILENT POWERCAM MTN,5,51546.06,257730.3
C466,2025-09-04T00:00:00Z,309291,29340009,CABLE DE INTERFAZ TIPO D PARA AG,10,1416.576,14165.76
C466,2025-09-04T00:00:00Z,118619,29343000,SILENT COMPACTCAM,10,29189.46,291894.6
C467,2025-09-05T00:00:00Z,288656,767547,DISCO ZOLID GEN X A2 98 X 22 F ZRO2,20,1702.379,34047.58
C467,2025-09-05T00:00:00Z,288653,767546,DISCO ZOLID GEN X A2 98 X 20 F,10,1529.045,15290.45
C467,2025-09-05T00:00:00Z,288659,767548,DISCO ZOLID GEN X A2 98 X 25 F,10,1857.141,18571.41
C467,2025-09-05T00:00:00Z,288668,767552,DISCO ZOLID GEN X A3 98 X 18 F,10,1417.617,14176.17
C467,2025-09-05T00:00:00Z,303748,767574,DISCO ZOLID GEN X B1 98 X 20 F ZRO2,10,1529.045,15290.45
C467,2025-09-05T00:00:00Z,7613597,216400,ARTEX PRINT&CLICK SET,40,3441.7073,137668.29200000002
C467,2025-09-05T00:00:00Z,7613611,215250,DISCOS DE RETENCIÓN 100 PZAS,18,955.46,17198.28
C467,2025-09-05T00:00:00Z,7613624,875543,HIGH GLOSS DIAMOND POLISHER LAB SWIVEL 2 PCS,12,433.3333,5200.0
C467,2025-09-05T00:00:00Z,7616907,875544,DIAMOND POLISHER LAB SWIVEL 2 PCS,29,433.3331,12566.66
C467,2025-09-05T00:00:00Z,3992,576790,ADAPTADOR GIROFORM PARA VERTEX,20,311.458,6229.16
C467,2025-09-05T00:00:00Z,7616912,221528,ZEBRIS C- POSITIONING BOW SET,1,6432.29,6432.29
C467,2025-09-05T00:00:00Z,7620068,181388D,ABUTMENT ADAPTER DESS MATRON/MATIK,3,5958.3267,17874.9801
C467,2025-09-05T00:00:00Z,85792,180209,A AXIS MOTOR INCL ENCODER 4X AND 5X FOR MIKRO 4X 5X MOTION 2,10,3236.455,32364.55
C467,2025-09-05T00:00:00Z,132161,179267,SENSOR DE HERRAMIENTA MOTION 2 O 3,5,1178.124,5890.62
C467,2025-09-05T00:00:00Z,4232,760660,FRESA ROTO RFID 2.5 ZI DM,200,572.6184,114523.68
C467,2025-09-05T00:00:00Z,102036,751004,FRESA ROTO RFID 2.0 DIAMOND BLG,300,572.6184,171785.52
C467,2025-09-05T00:00:00Z,293330,767576,DISCO ZOLID GEN X B1 98 X 25 F ZRO2,20,1857.1405,37142.81
C467,2025-09-05T00:00:00Z,288671,767575,DISCO ZOLID GEN X B1 98 X 22 F,9,1702.3789,15321.41
C467,2025-09-05T00:00:00Z,293330,767576,DISCO ZOLID GEN X B1 98 X 25 F ZRO2,80,1857.1406,148571.248
C467,2025-09-05T00:00:00Z,2266418,767533,DISCO ZOLID GEN X BL3 98 X 22 F,40,1702.379,68095.16
C467,2025-09-05T00:00:00Z,154503,761057,DISCO CERAMILL A TEMP ML 0/A1 98 X 20 PMMA,50,843.4514,42172.57
C467,2025-09-05T00:00:00Z,102036,751004,FRESA ROTO RFID 2.0 DIAMOND BLG,91,572.6184,52108.274399999995
C467,2025-09-05T00:00:00Z,102042,751006,FRESA ROTO RFID 1.0 DIAMOND BLG,59,572.6185,33784.49
C467,2025-09-05T00:00:00Z,3821,217991,MALETIN ARTEX,20,1722.498,34449.96
C467,2025-09-05T00:00:00Z,4685,218170C,ESPIGA INDIVIDUAL VERS C,15,4635.114,69526.70999999999
C467,2025-09-05T00:00:00Z,4679,216100C,JUEGO DE PLACAS SPLITEX VERSION C,20,1849.4025,36988.05
C467,2025-09-05T00:00:00Z,3833,BAJA218760,BAJA ARTEX TYP CR,20,13077.3655,261547.31
C467,2025-09-05T00:00:00Z,3827,218600,ARCO FACIAL ARTEX,20,6801.7775,136035.55
C467,2025-09-05T00:00:00Z,3818,217650,ARTEX QUICKBITE 10PCS,20,441.071,8821.42
C467,2025-09-05T00:00:00Z,3800,216240,AG BASE DE TRANSFERENCIA SPLITEX INCL MESA,20,3474.4005,69488.01000000001
C467,2025-09-05T00:00:00Z,309649,767523,DISCO CERAMILL SINTRON 98X 25 F COCRMO 98X25 F,7,4468.7443,31281.210100000004
C467,2025-09-05T00:00:00Z,309646,767522,DISCO CERAMILL SINTRON 98X 20 F COCRMO 98X20 F,20,3958.031,79160.62
C467,2025-09-05T00:00:00Z,309643,767521,DISCO CERAMILL SINTRON 98X 18 F COCRMO 98X18 F,20,3551.7815,71035.63
C467,2025-09-05T00:00:00Z,7623177,180554,TOOL PRESENCE SENSOR MOTION 3,3,1178.1233,3534.37
C467,2025-09-05T00:00:00Z,7623189,179968,"PLACA CIRCUITO+ PANTALLA ARGOTH.2, THERM3",1,9330.19,9330.19
C467,2025-09-05T00:00:00Z,295036,181381,BLANK HOLDER 98 MATRON,2,9854.26,19708.52
C467,2025-09-05T00:00:00Z,2266440,759625,FRESA ROTO RFID PURPLE 1.2 EM,30,1204.0463,36121.39
C467,2025-09-05T00:00:00Z,115671,760705,FRESA ROTO RFID 1.2 TITAN DM,20,649.999,12999.98
C467,2025-09-05T00:00:00Z,309628,767572,DISCO ZOLID GEN-X B1 98X16 F ZRO2,40,1324.7603,52990.41
C467,2025-09-05T00:00:00Z,288461,767538,DISCO ZOLID GEN X A1 98 X 18 F,35,1417.6174,49616.61
C467,2025-09-05T00:00:00Z,288674,767579,DISCO ZOLID GEN X B2 98 X 16 F,35,1324.7603,46366.61
C467,2025-09-05T00:00:00Z,288464,767540,DISCO ZOLID GEN X A1 98 X 22 F ZRO2,30,1702.379,51071.37
C467,2025-09-05T00:00:00Z,288650,767545,DISCO ZOLID GEN X A2 98 X 18 F,30,1417.6173,42528.52
C467,2025-09-05T00:00:00Z,288458,767536,DISCO ZOLID GEN X A1 98 X 14 F ZRO2,20,1225.713,24514.26
C467,2025-09-05T00:00:00Z,288467,767541,DISCO ZOLID GEN X A1 98 X 25 F ZRO2,20,1857.1405,37142.81
CND30,2025-09-05T00:00:00Z,3872,259300,S&S SPEEDVEST 20 X 160G + 750ML,20,387.969,7759.38
C467,2025-09-05T00:00:00Z,99561,760673,FRESA ROTO RFID 1.0 TI,5,572.62,2863.1
C467,2025-09-05T00:00:00Z,92431,760680,FRESA ROTO RFID 2.5 SC,20,572.618,11452.36
C467,2025-09-05T00:00:00Z,4253,760679,FRESA ROTO RFID 0.4 DM,20,572.618,11452.36
C467,2025-09-05T00:00:00Z,85835,760666,FRESA ROTO RFID 0.6 SINTRON,20,572.618,11452.36
C467,2025-09-05T00:00:00Z,85831,760665,FRESA ROTO RFID 1.0 SINTRON DM 1.0,20,572.618,11452.36
C467,2025-09-05T00:00:00Z,85828,760664,FRESA ROTO RFID 2.5 SINTRON DM 2.5,20,572.618,11452.36
C467,2025-09-05T00:00:00Z,4013,751001,FRESA ROTO RFID 1.2 ST DM,22,649.9991,14299.98
C467,2025-09-05T00:00:00Z,303763,759619,FRESA ROTO RFID BROWN 3.0 DM,23,766.0704,17619.62
C467,2025-09-05T00:00:00Z,4250,760678,"FRESA DIAMOND RFID 1,0 DM",25,572.6184,14315.46
C467,2025-09-05T00:00:00Z,4244,760676,FRESA DIAMOND RFID 1.8 DM,25,572.6184,14315.46
C467,2025-09-05T00:00:00Z,92435,760681,FRESA ROTO RFID 1.0  SC DM,30,572.6187,17178.56
C467,2025-09-05T00:00:00Z,303775,759614,FRESA ROTO RFID BROWN 1.0 DM,37,766.0705,28344.61
C467,2025-09-05T00:00:00Z,102045,751008,FRESA ROTO RFID 0.4 DIAMOND BLG,37,572.6184,21186.88
C467,2025-09-05T00:00:00Z,303781,759616,FRESA ROTO RFID BROWN F 1.2 EM DM,38,843.4513,32051.15
C467,2025-09-05T00:00:00Z,303778,759615,FRESA ROTO RFID BROWN R 1.2 EM DM,38,843.4513,32051.15
C467,2025-09-05T00:00:00Z,303787,759618,FRESA ROTO RFID BROWN 1.5 SM DM 1.5,40,843.4515,33738.06
C467,2025-09-05T00:00:00Z,4241,760663,FRESA ROTO RFID 0.3 ZI,50,572.6184,28630.92
C467,2025-09-05T00:00:00Z,4238,760662,FRESA ROTO RFID 0.6 ZI DM,79,572.6184,45236.85
C467,2025-09-05T00:00:00Z,85848,760670,FRESA ROTO RFID 0.6 PMMA WAX DM 0.6,149,1431.5459,213300.3391
C467,2025-09-05T00:00:00Z,85844,760669,FRESA ROTO RFID 1.0 PMMA WAX DM 1.0,150,572.6184,85892.76
C467,2025-09-05T00:00:00Z,102042,751006,FRESA ROTO RFID 1.0 DIAMOND BLG,150,572.6184,85892.76
C467,2025-09-05T00:00:00Z,85841,760668,FRESA ROTO RFID 2.5 PMMA WAX DM 2.5,200,572.6184,114523.68
C467,2025-09-05T00:00:00Z,85857,760682,FRESA ROTO RFID 0.6 SC DM 0.6,5,572.62,2863.1
C467,2025-09-05T00:00:00Z,309640,767520,DISCO CERAMILL SINTRON 98X 16 F COCRMO 98X16 F,30,3215.1747,96455.241
C467,2025-09-05T00:00:00Z,293320,767519,DISCO CERAMILL SINTRON 98 X 14 F,15,2971.4253,44571.38
C467,2025-09-05T00:00:00Z,303754,767543,DISCO ZOLID GEN X A2 98 X 14 F ZRO2,120,1225.7128,147085.536
C467,2025-09-05T00:00:00Z,288647,767544,DISCO ZOLID GEN X A2 98 X 16 F ZRO2,100,1324.7604,132476.03999999998
C467,2025-09-05T00:00:00Z,288662,767550,DISCO ZOLID GEN X A3 98 X 14 F,50,1225.713,61285.65
C467,2025-09-05T00:00:00Z,303751,767573,DISCO GEN X B1 98 X 18 F ZRO2,40,1417.6173,56704.69
C467,2025-09-05T00:00:00Z,297459,180407,TOOL LENGTH SENSOR MOTION 2 O 3,5,5267.702,26338.510000000002
C467,2025-09-05T00:00:00Z,115675,760706,FRESA ROTO RFID 1.0 TITAN DM,20,572.618,11452.36
C467,2025-09-05T00:00:00Z,115679,760707,FRESA ROTO RFID 1.2 R TITAN DM,20,649.999,12999.98
C467,2025-09-05T00:00:00Z,303793,759627,FRESA ROTO RFID GREEN 1.5 DM,10,766.07,7660.7
C467,2025-09-05T00:00:00Z,85838,760667,FRESA ROTO RFID 0.3 SINTRON DM 0.3,10,572.618,5726.18
C467,2025-09-05T00:00:00Z,85851,760671,FRESA ROTO RFID 0.3 PMMA WAX DM 0.3,10,572.618,5726.18
C467,2025-09-05T00:00:00Z,85860,760683,FRESA ROTO RFID 0.3 SC DM 0.3,10,572.618,5726.18
C467,2025-09-05T00:00:00Z,85875,760688,FRESA ROTO RFID 2.5 COCR,10,572.618,5726.18
C467,2025-09-05T00:00:00Z,115663,760703,FRESA ROTO RFID 2.0 TITAN DM,10,572.618,5726.18
C467,2025-09-05T00:00:00Z,115667,760704,FRESA ROTO RFID 1.5 TITAN DM,10,572.618,5726.18
C468,2025-09-09T00:00:00Z,295036,181381,BLANK HOLDER 98 MATRON,5,9575.936,47879.68
C468,2025-09-09T00:00:00Z,307925,181378,CERAMILL MATRON SNAPMAG,5,5039.966,25199.83
C468,2025-09-09T00:00:00Z,295039,181383,BLANK HOLDER BLOCKS 4X UN MATRON,5,9575.936,47879.68
C468,2025-09-09T00:00:00Z,295030,181251,LLAVE PARA PINZA SYC 3/6 DE CERAMILL MATRON,5,1602.788,8013.94
C468,2025-09-09T00:00:00Z,295033,181380,BLANK HOLDER C CLAMP MATRON,10,9575.934,95759.34
C468,2025-09-09T00:00:00Z,295012,181375,CERAMILL TANK MATRON,5,10987.162,54935.81
C468,2025-09-09T00:00:00Z,92543,179164,CERAMILL MATCH 2 CAM DONGLE,10,34171.002,341710.02
C468,2025-09-09T00:00:00Z,6739637,181351,FRESADORA CERAMILL MOTION 3 AIR,10,403619.261,4036192.61
C468,2025-09-09T00:00:00Z,295015,181376,CERAMILL COOLANTFLOW MATRON,5,36186.99,180934.94999999998
C468,2025-09-09T00:00:00Z,295018,181377,CERAMILL CART MATRON,5,47241.452,236207.25999999998
C468,2025-09-09T00:00:00Z,92543,179164,CERAMILL MATCH 2 CAM DONGLE,5,34171.004,170855.02000000002
C468,2025-09-09T00:00:00Z,295009,181371,CERAMILL MATRON,5,674347.364,3371736.82
C468,2025-09-09T00:00:00Z,295042,181385,BLANK HOLDER METAL MATRON,15,17135.882,257038.23
INV9,2025-09-09T00:00:00Z,113752,MIGHTY8K,IMPRESORA 3D SONIC MIGHTY 8K,1,8189.55,8189.55
C468,2025-09-09T00:00:00Z,295027,181389,AUTOCALIBRATION KIT MATRON,5,19151.868,95759.34
CND32,2025-09-10T00:00:00Z,13352,VMKDD250G,VMK DENTINE D2 50G,1,484.73,484.73
CND32,2025-09-10T00:00:00Z,13310,VMKDB250G,VMK DENTINE B2 50G,7,494.59,3462.13
CND33,2025-09-10T00:00:00Z,79977,6883010,GEO GANCHOS BONYHARD 10PL,3,159.68,479.04
CND32,2025-09-10T00:00:00Z,13334,VMKDC250G,VMK DENTINE C2 50G,2,494.59,989.18
CND32,2025-09-10T00:00:00Z,13319,VMKDB412G,VMK DENTINE B4 12G,15,143.2513,2148.77
C469,2025-09-11T00:00:00Z,8742721,180465,CONTROL UNIT MATRON,2,83640.455,167280.91
C469,2025-09-11T00:00:00Z,8742725,180487,DISPLAY MATRON,2,65012.29,130024.58
C469,2025-09-11T00:00:00Z,85538,179232,JAEGER SPINDLE 100K SHF,1,55698.2,55698.2
C470,2025-09-18T00:00:00Z,7209147,R-412-110,VACUUM CLEANER R-412 220V,10,15593.502,155935.02000000002
C470,2025-09-18T00:00:00Z,7209139,AMD-500EPRO-IN98,MILLING MACHINE AMD-500E PRO-IN98,10,255733.431,2557334.31
C470,2025-09-18T00:00:00Z,7209135,CFP-200-A,PORCELAIN FURNACE CFP-200 110V + BOMBA DE VACIO,10,39652.048,396520.48000000004
C470,2025-09-18T00:00:00Z,7209143,CSF-400PRO-SIC-US,ZIRCONIA SINTERING FURNACE CSF-400PRO-SIC 220V,10,100243.941,1002439.41
CND35,2025-09-18T00:00:00Z,9527715,PINADACER,PINZA ADAPTADOR CEREC,7,579.0,4053.0
CND34,2025-09-19T00:00:00Z,4262,760975,ADDITIONAL ADAPTER CEREC 3 STK,1,1335.38,1335.38
C471,2025-10-02T00:00:00Z,141601,DENTALCADFLEXUNI,DENTALCAD EDUCATIONAL FLEX UNIVERSIDADES,14,11448.965,160285.51
C472,2025-10-06T00:00:00Z,103956,72000200,PASTA ROSSA 3G,69,693.0555,47820.83
C472,2025-10-06T00:00:00Z,117029,72007070,MATRIX FLOW 70 CLEAR 2 X 50ML CARTRIDGE,32,1072.9447,34334.23
C472,2025-10-06T00:00:00Z,103858,16201010,OUTLINE SKIN GLAZE 10ML,13,1104.9615,14364.5
C472,2025-10-06T00:00:00Z,103962,72000210,PASTA GRIGIA II,11,1009.4509,11103.96
C472,2025-10-06T00:00:00Z,116775,16012076,VISCO III A2 76G,11,1827.0736,20097.81
C472,2025-10-06T00:00:00Z,116824,17300100,ACRYLINE POWDER INTENSE RED 100G,3,799.5967,2398.79
C472,2025-10-06T00:00:00Z,103926,20055705,ANAXBLEND ENAMEL S57 PASTE 4G,3,710.5433,2131.63
C472,2025-10-06T00:00:00Z,116925,20654003,ANAXBLEND TRANSPA HT 54 YELLOWISH FLOW 3G,1,717.27,717.27
C472,2025-10-06T00:00:00Z,103888,200000X3,ANAXBLEND KIT XL FLOW,1,14494.18,14494.18
C472,2025-10-06T00:00:00Z,117016,25205003,ANAXGUM PAINT YELLOW 3G,1,1305.67,1305.67
C472,2025-10-06T00:00:00Z,10990789,18131120,THE SHOW 10 LAYERS U BLEACH 1 20 MM,10,2081.05,20810.5
C472,2025-10-06T00:00:00Z,10990793,18162120,THE SHOW 10 LAYERS U A1 20MM,10,2081.05,20810.5
C472,2025-10-06T00:00:00Z,10990796,18133120,THE SHOW 10 LAYERS U B1 20MM,10,2081.05,20810.5
C472,2025-10-06T00:00:00Z,10990799,18131125,THE SHOW 10 LAYERS U BLEACH 1 25MM,10,2168.49,21684.9
C472,2025-10-06T00:00:00Z,10990802,18132125,THE SHOW 10 LAYERS U A1 25 MM,10,2168.49,21684.9
C472,2025-10-06T00:00:00Z,10990805,18133125,THE SHOW 10 LAYERS U B1 25 MM,5,2168.49,10842.45
C472,2025-10-06T00:00:00Z,10990808,18120220,PMMA MULTI BLANK U AB 20MM,5,1745.284,8726.42
C472,2025-10-06T00:00:00Z,10990811,18121120,PMMA MULTI BLANK U A1 20MM,10,1745.285,17452.85
C472,2025-10-06T00:00:00Z,10990814,18121422,PMMA MULTI BLANK U B1 20 MM,10,1745.285,17452.85
C472,2025-10-06T00:00:00Z,10990817,18121220,PMMA MULTI BLANK U A2 20MM,5,1745.284,8726.42
C472,2025-10-06T00:00:00Z,116800,17610100,ACRYLINE POWDER REGULAR 100G,2,627.68,1255.36
C474,2025-10-07T00:00:00Z,13574,VMKOD0M250G,VMK OPAQUE DENTINE 0M2 50G,7,483.4486,3384.14
C474,2025-10-07T00:00:00Z,13352,VMKDD250G,VMK DENTINE D2 50G,2,483.48,966.96
C473,2025-10-07T00:00:00Z,98081,29494025,RENFERT BASIC ECO 25-70Μ/70-250Μ 120V 50/60HZ,3,16279.29,48837.87
C473,2025-10-07T00:00:00Z,309291,29340009,CABLE DE INTERFAZ TIPO D PARA AG,15,1416.576,21248.64
C474,2025-10-07T00:00:00Z,13289,VMKDA312G,VMK DENTINE A3 12G,152,140.0332,21285.0464
C474,2025-10-07T00:00:00Z,13775,VMKODA312G,VMK OPAQUE DENTINE A3 12G,27,140.0333,3780.9
C474,2025-10-07T00:00:00Z,11501914,D56235,MEMBRANE KEYBOARD WITH FRAME,2,1123.05,2246.1
C474,2025-10-07T00:00:00Z,7349,LUMACODA212G,"LUMEX OPAQUE DENTINE, A2, 12 G",3,247.6633,742.99
C474,2025-10-07T00:00:00Z,7310,LUMACGDEERED,LUMEX GINGIVA DEEP-RED 12G,2,247.735,495.47
C474,2025-10-07T00:00:00Z,11501910,D56234,"DISPLAY TFT 5,7''",2,3666.985,7333.97
C474,2025-10-07T00:00:00Z,121247,D32277,FIRING MUFFLE 110V,16,5011.4719,80183.5504
C475,2025-10-20T00:00:00Z,103803,INTSCAI600,MEDIT SCANNER I600,10,78309.609,783096.09
C475,2025-10-20T00:00:00Z,103803,INTSCAI600,MEDIT SCANNER I600,2,55538.73,111077.46
C475,2025-10-20T00:00:00Z,305097,3A0111867C0,ASSY CABLE USB 3.0 IO3 PARA I600/I700,10,1851.291,18512.91
C475,2025-10-20T00:00:00Z,11920076,3A0112011B0,SCREW JIG / ASSY JIG SCREW TS1,4,3332.325,13329.3
C475,2025-10-20T00:00:00Z,305100,3A0112485C0,ASSY SMALL TIP PACKING IO3 PARA I600/I700/I700W,15,3702.582,55538.729999999996
C475,2025-10-20T00:00:00Z,89427,T710,SCANNER DE MESA T710,5,129590.37,647951.85
C475,2025-10-20T00:00:00Z,89422,T510,SCANNER DE MESA T510,20,83308.095,1666161.9
C475,2025-10-20T00:00:00Z,89431,T310,SCANNER DE MESA T310,10,55538.73,555387.3
C475,2025-10-20T00:00:00Z,97903,INTSCAI700W,INTRA ORAL SCANNER I700 WIRELESS,1,105523.59,105523.59
CND36,2025-10-21T00:00:00Z,116749,WASHCUREKIT,PHROZEN WASH & CURE KIT,5,3202.156,16010.779999999999
CND38,2025-10-21T00:00:00Z,114072,LAPTOPG,LAPTOP G,3,22956.03,68868.09
CND37,2025-10-21T00:00:00Z,116749,WASHCUREKIT,PHROZEN WASH & CURE KIT,8,3202.1563,25617.2504
C476,2025-10-28T00:00:00Z,8426017,620156,ZI-CT NECK TRANSPA HT-56 OCHRE,3,399.1367,1197.41
C476,2025-10-28T00:00:00Z,326705,620154,ZI-CT NECK TRANSPA HT-54 HONEY,10,399.15,3991.5
C476,2025-10-28T00:00:00Z,8426015,620153,ZI-CT NECK TRANSPA HT-53 SAND,8,399.145,3193.16
C476,2025-10-28T00:00:00Z,326702,620152,ZI-CT NECK TRANSPA HT-52 KAKI,20,399.1505,7983.01
C476,2025-10-28T00:00:00Z,326699,620151,ZI-CT NECK TRANSPA HT-51 IRIDESCENT,10,399.15,3991.5
C476,2025-10-28T00:00:00Z,326696,620134,ZI-CT OPAQUE DENTINE OD-43 IVORY,16,399.1456,6386.33
C476,2025-10-28T00:00:00Z,8425796,620126,ZI-CT SHOULDER SP-26 YELLOW GREY,3,432.4267,1297.28
C476,2025-10-28T00:00:00Z,8425804,620122,ZI-CT SHOULDER SP-22 FLAMINGO,3,432.4267,1297.28
C476,2025-10-28T00:00:00Z,8425800,620121,ZI-CT SHOULDER SP-21 NEUTRAL,5,432.414,2162.07
C476,2025-10-28T00:00:00Z,326739,620107,ZI-CT GINGIVA G7 VIOLET,10,432.413,4324.13
C476,2025-10-28T00:00:00Z,8425808,620106,ZI-CT GINGIVA G6 DARK PINK OPAQUE,3,432.4267,1297.28
C476,2025-10-28T00:00:00Z,326736,620105,ZI-CT GINGIVA G5 ROSE,10,432.413,4324.13
C476,2025-10-28T00:00:00Z,326732,620104,ZI-CT GINGIVA G4 FLAMINGO,15,432.4133,6486.2
C476,2025-10-28T00:00:00Z,326729,620103,ZI-CT GINGIVA G3 LIGHT PINK,22,432.4109,9513.04
C476,2025-10-28T00:00:00Z,326726,620102,ZI-CT GINGIVA G2 DARK PINK,10,432.413,4324.13
C476,2025-10-28T00:00:00Z,326723,620101,ZI-CT GINGIVA G1 PURPLE,6,432.4267,2594.56
C476,2025-10-28T00:00:00Z,326723,620101,ZI-CT GINGIVA G1 PURPLE,14,432.4071,6053.7
C476,2025-10-28T00:00:00Z,8425985,620051,ZI-CT PEARL ENAMEL PS-1 BLUE WHITE,8,399.145,3193.16
C476,2025-10-28T00:00:00Z,326708,620050,ZI-CT PEARL ENAMEL PS-0 WHITE,15,399.1507,5987.26
C476,2025-10-28T00:00:00Z,298225,620047,ZI-CT TRANSPA GELLER MIX 20G,10,405.388,4053.88
C476,2025-10-28T00:00:00Z,298222,620046,ZI-CT TRANSPA OT+ 20G,10,405.388,4053.88
C476,2025-10-28T00:00:00Z,298219,620045,ZI-CT TRANSPA TI-5 GRAY 20G,10,399.15,3991.5
C476,2025-10-28T00:00:00Z,8425998,620044,ZI-CT TRANSPA TI-4 YELLOW 20G,3,399.1367,1197.41
C476,2025-10-28T00:00:00Z,8425996,620043,ZI-CT TRANSPA T3-1 PINK 20G,6,399.1367,2394.82
C476,2025-10-28T00:00:00Z,8425990,620042,ZI-CT TRANSPA TI-2 WHITE 20G,4,399.1725,1596.69
C476,2025-10-28T00:00:00Z,298216,620041,ZI-CT TRANSPA TI-1 BLUE 20G,5,399.15,1995.75
C476,2025-10-28T00:00:00Z,298213,620040,ZI-CT TRANSPA OT OPAL 20G,5,399.15,1995.75
C476,2025-10-28T00:00:00Z,298210,620039,ZI-CT TRANSPA NT NEUTRAL 20G,5,399.15,1995.75
C476,2025-10-28T00:00:00Z,11920369,620035,ZI-CT EFFECT ENAMEL SI-05 MEDIUM ORANGE,5,399.15,1995.75
C476,2025-10-28T00:00:00Z,8425968,620033,ZI-CT EFFECT ENAMEL SI-03 HEAVY YELLOW,5,399.15,1995.75
C476,2025-10-28T00:00:00Z,298204,620023,ZI-CT BLEACH DENTINE BD-A 20G,5,399.15,1995.75
C476,2025-10-28T00:00:00Z,326720,620022,ZI-CT WINDOW UC,15,399.1507,5987.26
C476,2025-10-28T00:00:00Z,8426000,620021,ZI-CT CL-O 20G,10,399.15,3991.5
C476,2025-10-28T00:00:00Z,11920363,620012,ZI-CT DENTINE D-C3 20G,2,399.17,798.34
C476,2025-10-28T00:00:00Z,11920344,620010,ZI-CT DENTINE D-C1 20G,2,399.17,798.34
C476,2025-10-28T00:00:00Z,11920340,620009,ZI-CT DENTINE D-B4 20G,2,399.17,798.34
C476,2025-10-28T00:00:00Z,11920336,620008,ZI-CT DENTINE D-B3 20G,6,399.1367,2394.82
C476,2025-10-28T00:00:00Z,11920330,620007,ZI-CT DENTINE D-B2 20G,10,399.15,3991.5
C476,2025-10-28T00:00:00Z,11920298,620005,ZI-CT DENTINE D-A4 20G,4,399.1725,1596.69
C476,2025-10-28T00:00:00Z,298184,620003,ZI-CT DENTINE D-A3 20G,20,399.1505,7983.01
C476,2025-10-28T00:00:00Z,298180,620002,ZI-CT DENTINE D-A2 20G,25,399.1508,9978.77
C476,2025-10-28T00:00:00Z,298177,620001,ZI-CT DENTINE D-A1 20G,25,399.1508,9978.77
C476,2025-10-28T00:00:00Z,11920293,1160,IN NOVA NEO INN-10 MAIS,4,607.065,2428.26
C476,2025-10-28T00:00:00Z,11920289,1159,IN NOVA NEO INN-9 WHITE,4,607.065,2428.26
C476,2025-10-28T00:00:00Z,11920285,1155,IN NOVA NEO INN-5 BROWN,3,607.0267,1821.08
C476,2025-10-28T00:00:00Z,11920281,1153,IN NOVA NEO INN-3 YELLOW,3,607.0267,1821.08
C476,2025-10-28T00:00:00Z,11920277,1151,IN NOVA NEO INN-1 MELONE,4,607.065,2428.26
C476,2025-10-28T00:00:00Z,11920206,1113,MAKE UP NEO MN-F13 DEEP BLUE,3,604.9567,1814.87
C476,2025-10-28T00:00:00Z,11920202,1108,MAKE UP NEO MN-F8 MEDIUM BROWN,3,604.9567,1814.87
C476,2025-10-28T00:00:00Z,11920198,11,UNIVERSAL AND GLAZE LIQUID UF GL 50ML,20,326.389,6527.78
C476,2025-10-28T00:00:00Z,11920302,620006,ZI-CT DENTINE D-B1 20G,10,399.193,3991.93
C476,2025-10-28T00:00:00Z,8425800,620121,ZI-CT SHOULDER SP-21 NEUTRAL,3,432.4267,1297.28
C476,2025-10-28T00:00:00Z,7245070,620502,ZI-CT KIT 2 (540G),1,7254.33,7254.33
C476,2025-10-28T00:00:00Z,7245066,620501,ZI-CT KIT 1 (599G),1,7720.04,7720.04
C476,2025-10-28T00:00:00Z,326717,620165,ZI-CT MAKE IN MI-65 GOLD,13,432.4162,5621.41
C476,2025-10-28T00:00:00Z,326714,620163,ZI-CT MAKE IN MI-63 HONEY,26,432.4165,11242.83
C476,2025-10-28T00:00:00Z,326714,620163,ZI-CT MAKE IN MI-63 HONEY,1,432.5,432.5
C476,2025-10-28T00:00:00Z,326711,620161,ZI-CT MAKE IN MI-61 IVORY,12,432.41,5188.92
C476,2025-10-28T00:00:00Z,8426017,620156,ZI-CT NECK TRANSPA HT-56 OCHRE,2,399.17,798.34
C476,2025-10-28T00:00:00Z,11920363,620012,ZI-CT DENTINE D-C3 20G,2,399.17,798.34
C476,2025-10-28T00:00:00Z,8426025,620020,ZI-CT ENAMEL E-60 20G,1,399.06,399.06
C476,2025-10-28T00:00:00Z,11920344,620010,ZI-CT DENTINE D-C1 20G,2,399.17,798.34
C476,2025-10-28T00:00:00Z,11920340,620009,ZI-CT DENTINE D-B4 20G,2,399.17,798.34
C476,2025-10-28T00:00:00Z,11920395,620004,ZI-CT DENTINE D-A3.5 20G,4,399.1725,1596.69
C476,2025-10-28T00:00:00Z,298177,620001,ZI-CT DENTINE D-A1 20G,5,399.15,1995.75
C476,2025-10-28T00:00:00Z,7245074,830080,LS/PRESS STARTER KIT,1,9620.64,9620.64
C476,2025-10-28T00:00:00Z,8426015,620153,ZI-CT NECK TRANSPA HT-53 SAND,25,399.1508,9978.77
C476,2025-10-28T00:00:00Z,298201,620019,ZI-CT ENAMEL E-59 20G,1,399.06,399.06
C476,2025-10-28T00:00:00Z,298201,620019,ZI-CT ENAMEL E-59 20G,19,399.1553,7583.95
C476,2025-10-28T00:00:00Z,7245042,1508,CC/ KIT 2 1508 (INCL. SHADE GUIDE) 650G,1,8827.43,8827.43
C476,2025-10-28T00:00:00Z,7245042,1508,CC/ KIT 2 1508 (INCL. SHADE GUIDE) 650G,1,8827.43,8827.43
C476,2025-10-28T00:00:00Z,7234682,804,CC KIT 1 804 (INCL. SHADE GUIDE) 710G,2,9798.095,19596.19
C476,2025-10-28T00:00:00Z,11920379,620507,ZI-CT SHOULDER KIT,2,2519.015,5038.03
C476,2025-10-28T00:00:00Z,11920377,620504,ZI-CT GINGIVA KIT,4,1952.9425,7811.77
C476,2025-10-28T00:00:00Z,11920371,620503,ZI-CT STARTER KIT,1,7337.27,7337.27
C476,2025-10-28T00:00:00Z,11920371,620503,ZI-CT STARTER KIT,3,7337.3367,22012.0101
C476,2025-10-28T00:00:00Z,11920371,620503,ZI-CT STARTER KIT,6,7337.3,44023.8
C476,2025-10-28T00:00:00Z,7245070,620502,ZI-CT KIT 2 (540G),2,7254.32,14508.64
C476,2025-10-28T00:00:00Z,7245066,620501,ZI-CT KIT 1 (599G),2,7720.045,15440.09
C476,2025-10-28T00:00:00Z,326717,620165,ZI-CT MAKE IN MI-65 GOLD,7,432.4071,3026.85
C476,2025-10-28T00:00:00Z,326717,620165,ZI-CT MAKE IN MI-65 GOLD,3,432.4267,1297.28
C476,2025-10-28T00:00:00Z,326714,620163,ZI-CT MAKE IN MI-63 HONEY,12,432.41,5188.92
C476,2025-10-28T00:00:00Z,326711,620161,ZI-CT MAKE IN MI-61 IVORY,10,432.413,4324.13
C476,2025-10-28T00:00:00Z,298198,620018,ZI-CT ENAMEL E-58 20G,15,399.1507,5987.26
C476,2025-10-28T00:00:00Z,326748,620037,ZI-CT EFFECT ENAMEL SO-10 BLUE,10,399.15,3991.5
C476,2025-10-28T00:00:00Z,326705,620154,ZI-CT NECK TRANSPA HT-54 HONEY,13,399.1477,5188.92
C476,2025-10-28T00:00:00Z,8426015,620153,ZI-CT NECK TRANSPA HT-53 SAND,1,399.06,399.06
C476,2025-10-28T00:00:00Z,326702,620152,ZI-CT NECK TRANSPA HT-52 KAKI,19,399.1553,7583.95
C476,2025-10-28T00:00:00Z,326699,620151,ZI-CT NECK TRANSPA HT-51 IRIDESCENT,9,399.16,3592.44
C476,2025-10-28T00:00:00Z,326739,620107,ZI-CT GINGIVA G7 VIOLET,3,432.4267,1297.28
C476,2025-10-28T00:00:00Z,326736,620105,ZI-CT GINGIVA G5 ROSE,3,432.4267,1297.28
C476,2025-10-28T00:00:00Z,326726,620102,ZI-CT GINGIVA G2 DARK PINK,3,432.4267,1297.28
C476,2025-10-28T00:00:00Z,8425985,620051,ZI-CT PEARL ENAMEL PS-1 BLUE WHITE,1,399.06,399.06
C476,2025-10-28T00:00:00Z,326708,620050,ZI-CT PEARL ENAMEL PS-0 WHITE,24,399.1542,9579.7
C476,2025-10-28T00:00:00Z,298225,620047,ZI-CT TRANSPA GELLER MIX 20G,3,405.35,1216.05
C476,2025-10-28T00:00:00Z,298222,620046,ZI-CT TRANSPA OT+ 20G,3,405.35,1216.05
C476,2025-10-28T00:00:00Z,298219,620045,ZI-CT TRANSPA TI-5 GRAY 20G,8,399.145,3193.16
C476,2025-10-28T00:00:00Z,8425998,620044,ZI-CT TRANSPA TI-4 YELLOW 20G,1,399.06,399.06
C476,2025-10-28T00:00:00Z,8425996,620043,ZI-CT TRANSPA T3-1 PINK 20G,9,399.16,3592.44
C476,2025-10-28T00:00:00Z,8425996,620043,ZI-CT TRANSPA T3-1 PINK 20G,6,399.1367,2394.82
C476,2025-10-28T00:00:00Z,8425990,620042,ZI-CT TRANSPA TI-2 WHITE 20G,1,399.06,399.06
C476,2025-10-28T00:00:00Z,8425990,620042,ZI-CT TRANSPA TI-2 WHITE 20G,5,399.15,1995.75
C476,2025-10-28T00:00:00Z,298216,620041,ZI-CT TRANSPA TI-1 BLUE 20G,1,399.06,399.06
C476,2025-10-28T00:00:00Z,298210,620039,ZI-CT TRANSPA NT NEUTRAL 20G,1,399.06,399.06
C476,2025-10-28T00:00:00Z,326748,620037,ZI-CT EFFECT ENAMEL SO-10 BLUE,8,399.145,3193.16
C476,2025-10-28T00:00:00Z,8425973,620034,ZI-CT EFFECT ENAMEL SI-04 LIGHT ORANGE,1,399.06,399.06
C476,2025-10-28T00:00:00Z,8425968,620033,ZI-CT EFFECT ENAMEL SI-03 HEAVY YELLOW,5,399.15,1995.75
C476,2025-10-28T00:00:00Z,8425964,620032,ZI-CT EFFECT ENAMEL SI-02 MEDIUM YELLOW,1,399.06,399.06
C476,2025-10-28T00:00:00Z,7245046,620031,ZI-CT EFFECT ENAMEL SI-01 LIGHT YELLOW,6,399.1367,2394.82
C476,2025-10-28T00:00:00Z,8426000,620021,ZI-CT CL-O 20G,1,399.06,399.06
CND40,2025-11-10T00:00:00Z,84025,INTSCAI700,MEDIT INTRA ORAL SCANNER I700,1,74000.0,74000.0
C502,2025-11-13T00:00:00Z,17001766,5182-01,TORNADO 1 COMPRESOR WITH MEMBRANE DRYING UNIT,25,36712.0,917800.0
C478,2025-11-19T00:00:00Z,16522090,MB2705Z,MILLING BUR ZIR 1.0 DC ROTO LONG FOR AMD-500,10,379.026,3790.26
C478,2025-11-19T00:00:00Z,16298134,CMBBC14LTC3,CAMEO MILL BLOCS BOX C14 LT C3,30,390.1743,11705.23
C478,2025-11-19T00:00:00Z,218175,CMBBC14LTC2,CAMEO MILL BLOCS BOX C14 LT C2,57,390.1742,22239.93
C478,2025-11-19T00:00:00Z,218175,CMBBC14LTC2,CAMEO MILL BLOCS BOX C14 LT C2,50,390.1744,19508.72
C478,2025-11-19T00:00:00Z,218179,CMBBC14LTC1,CAMEO MILL BLOCS BOX C14 LT C1,51,390.1741,19898.88
C478,2025-11-19T00:00:00Z,16372815,MB2709P,FRESA DE PMMA 1.0 16MM,20,289.8435,5796.87
C478,2025-11-19T00:00:00Z,218179,CMBBC14LTC1,CAMEO MILL BLOCS BOX C14 LT C1,40,390.1743,15606.97
C478,2025-11-19T00:00:00Z,16298121,CMBBC14LTBL4,CAMEO MILL BLOCS BOX C14 LT BL4,40,390.1743,15606.97
C478,2025-11-19T00:00:00Z,16298121,CMBBC14LTBL4,CAMEO MILL BLOCS BOX C14 LT BL4,80,390.1743,31213.94
C478,2025-11-19T00:00:00Z,16298116,APG181315MLBL3,CAMEO MILL BLOCS BOX C14 LT BL3,40,390.1743,15606.97
C478,2025-11-19T00:00:00Z,16298116,APG181315MLBL3,CAMEO MILL BLOCS BOX C14 LT BL3,70,390.1744,27312.21
C478,2025-11-19T00:00:00Z,86616,APG181315MLBL2,CAMEO MILL BLOCS BOX C14 LT BL2,40,390.1743,15606.97
C478,2025-11-19T00:00:00Z,86616,APG181315MLBL2,CAMEO MILL BLOCS BOX C14 LT BL2,150,390.1743,58526.145000000004
C478,2025-11-19T00:00:00Z,86619,CMBBC14LTBL1,CAMEO MILL BLOCS BOX C14 LT BL1,40,390.1743,15606.97
C478,2025-11-19T00:00:00Z,86619,CMBBC14LTBL1,CAMEO MILL BLOCS BOX C14 LT BL1,100,390.1743,39017.43
C478,2025-11-19T00:00:00Z,5780,CMBBC14LTB2,CAMEO MILL BLOCS BOX C14 LT B2,40,390.1743,15606.97
C478,2025-11-19T00:00:00Z,5780,CMBBC14LTB2,CAMEO MILL BLOCS BOX C14 LT B2,140,390.1743,54624.402
C478,2025-11-19T00:00:00Z,5780,CMBBC14LTB2,CAMEO MILL BLOCS BOX C14 LT B2,160,390.1743,62427.888000000006
C478,2025-11-19T00:00:00Z,5777,APG181315MLB1,CAMEO MILL BLOCS BOX C14 LT B1,46,390.1743,17948.02
C478,2025-11-19T00:00:00Z,5777,APG181315MLB1,CAMEO MILL BLOCS BOX C14 LT B1,240,390.1743,93641.83200000001
C478,2025-11-19T00:00:00Z,16298094,CMBBC14LTA3.5,CAMEO MILL BLOCS BOX C14 LT A3.5,60,390.1743,23410.46
C478,2025-11-19T00:00:00Z,96010,CMBBC14HTBL1,CAMEO MILL BLOCS BOX C14 HT BL1/W1,100,390.1743,39017.43
C478,2025-11-19T00:00:00Z,84073,CPIBLTC1,CAMEO PRESS INGOT BOX LT C1,10,334.435,3344.35
C478,2025-11-19T00:00:00Z,86610,CPIBLTBL2,CAMEO PRESS INGOT BOX LT BL2,20,334.435,6688.7
C478,2025-11-19T00:00:00Z,5825,CPIBLTB2,CAMEO PRESS INGOT BOX LT B2,30,334.435,10033.05
C478,2025-11-19T00:00:00Z,5822,CPIBLTA3,CAMEO PRESS INGOT BOX LT A3,200,334.4351,66887.01999999999
C478,2025-11-19T00:00:00Z,218191,CPIBHTBL2,CAMEO PRESS INGOT BOX HT BL2,20,334.435,6688.7
C478,2025-11-19T00:00:00Z,91771,CPIBHTB2,CAMEO PRESS INGOT BOX HT B2,50,334.435,16721.75
C478,2025-11-19T00:00:00Z,5810,APG12.510PB1,CAMEO PRESS INGOT BOX HT B1,100,334.4351,33443.509999999995
C478,2025-11-19T00:00:00Z,5807,APG12.510PA3,CAMEO PRESS INGOT BOX HT A3,400,334.4351,133774.03999999998
C478,2025-11-19T00:00:00Z,102233,DBSOLIDWAX98X20,DISCO BLUE SOLID WAX 98 X 20MM,80,66.887,5350.96
C478,2025-11-19T00:00:00Z,16372820,MB2715P,FRESA DE PMMA 1.5,10,289.844,2898.44
C478,2025-11-19T00:00:00Z,16522104,MB2716P,FRESA DE PMMA 2.0 25MM,40,289.8438,11593.75
C478,2025-11-19T00:00:00Z,16372822,MB2717P,FRESA DE PMMA 3.0,50,289.8438,14492.19
C478,2025-11-19T00:00:00Z,16372818,MB2710P,FRESA DE PMMA 2.0 16MM,20,289.8435,5796.87
C478,2025-11-19T00:00:00Z,16522102,MB2714P,FRESA DE PMMA 1.0 20MM,30,289.8437,8695.31
C478,2025-11-19T00:00:00Z,16522092,MB2706Z,MILLING BUR ZIR 2.0 DC ROTO LONG FOR AMD-500,10,379.026,3790.26
C478,2025-11-19T00:00:00Z,16372813,MB2708P,FRESA DE PMMA 0.6,20,289.8435,5796.87
C478,2025-11-19T00:00:00Z,16363499,APW9825SHT-APMB2,AIZIR 98 X 25MM B2,15,1337.7407,20066.11
C478,2025-11-19T00:00:00Z,292787,APW9825SHT-APMOM1,MICRA 98 X 25MM OM1,100,1337.7404,133774.03999999998
C478,2025-11-19T00:00:00Z,16363503,APW9825SHT-APMOM2,AIZIR 98 X 25MM OM2,100,1337.7404,133774.03999999998
C478,2025-11-19T00:00:00Z,6150136,APW9825SHT-APMOM3,AIZIR 98 X 25MM OM3,100,1337.7404,133774.03999999998
C478,2025-11-19T00:00:00Z,9185111,MB2701Z,MILLING BUR ZIR 0.6 DC ROTO FOR AMD-500,20,379.0265,7580.53
C478,2025-11-19T00:00:00Z,9185109,MB2702Z,MILLING BUR ZIR 1.0 DC ROTO FOR AMD-500,40,379.0265,15161.06
C478,2025-11-19T00:00:00Z,9185107,MB2703Z,MILLING BUR ZIR 1.5 DC FLAT FOR AMD-500,10,379.026,3790.26
C478,2025-11-19T00:00:00Z,9185104,MB2704Z,MILLING BUR ZIR 2.0 DC ROTO FOR AMD-500,40,379.0265,15161.06
C478,2025-11-19T00:00:00Z,16298134,CMBBC14LTC3,CAMEO MILL BLOCS BOX C14 LT C3,60,390.1743,23410.46
C478,2025-11-19T00:00:00Z,9185119,APW9814SHT-APMA1,AIZIR 98 X 14MM A1,20,780.3485,15606.97
C478,2025-11-19T00:00:00Z,16298142,APW9814SHT-APMA2,AIZIR 98 X 14MM A2,65,780.3486,50722.66
C478,2025-11-19T00:00:00Z,16298144,APW9814SHT-APMA3,AIZIR 98 X 14MM A3,25,780.3488,19508.72
C478,2025-11-19T00:00:00Z,16301335,APW9814SHT-APMA3.5,AIZIR 98 X 14MM A3.5,7,780.3486,5462.44
C478,2025-11-19T00:00:00Z,16301337,APW9814SHT-APMB1,AIZIR 98 X 14MM B1,7,780.3486,5462.44
C478,2025-11-19T00:00:00Z,16301339,APW9814SHT-APMB2,AIZIR 98 X 14MM B2,6,780.3483,4682.09
C478,2025-11-19T00:00:00Z,16301341,APW9814SHT-APMC2,AIZIR 98 X 14MM C2,5,780.35,3901.75
C478,2025-11-19T00:00:00Z,16301344,APW9814SHT-APMD3,AIZIR 98 X 14MM D3,8,780.3488,6242.79
C478,2025-11-19T00:00:00Z,16301346,APW9814SHT-APMOM1,AIZIR 98 X 14MM OM1,40,780.3485,31213.94
C478,2025-11-19T00:00:00Z,16301348,APW9814SHT-APMOM3,AIZIR 98 X 14MM OM3,40,780.3485,31213.94
C478,2025-11-19T00:00:00Z,6150068,APW9816SHT-APMA1,AIZIR 98 X 16MM A1,700,891.8269,624278.8300000001
C478,2025-11-19T00:00:00Z,6150064,APW9816SHT-APMA2,AIZIR 98 X 16MM A2,600,891.8269,535096.14
C478,2025-11-19T00:00:00Z,6150116,APW9816SHT-APMA3,AIZIR 98 X 16MM A3,240,891.8269,214038.456
C478,2025-11-19T00:00:00Z,16301352,APW9816SHT-APMA3.5,AIZIR 98 X 16MM A3.5,10,891.827,8918.27
C478,2025-11-19T00:00:00Z,6150112,APW9816SHT-APMB1,AIZIR 98 X 16MM B1,150,891.8269,133774.035
C478,2025-11-19T00:00:00Z,16301355,APW9816SHT-APMB2,AIZIR 98 X 16MM B2,15,891.8267,13377.4
C478,2025-11-19T00:00:00Z,16301357,APW9816SHT-APMB3,AIZIR 98 X 16MM B3,10,891.827,8918.27
C478,2025-11-19T00:00:00Z,16301359,APW9816SHT-APMC2,AIZIR 98 X 16MM C2,15,891.8267,13377.4
C478,2025-11-19T00:00:00Z,16301363,APW9816SHT-APMC3,AIZIR 98 X 16MM C3,10,891.827,8918.27
C478,2025-11-19T00:00:00Z,16301366,APW9816SHT-APMD3,AIZIR 98 X 16MM D3,12,891.8275,10701.93
C478,2025-11-19T00:00:00Z,16301368,APW9816SHT-APMOM2,AIZIR 98 X 16MM OM2,10,891.827,8918.27
C478,2025-11-19T00:00:00Z,16301370,APW9818SHT-APMA1,AIZIR 98 X 18MM A1,140,1003.3053,140462.742
C478,2025-11-19T00:00:00Z,16301372,APW9818SHT-APMA2,AIZIR 98 X 18MM A2,140,1003.3053,140462.742
C478,2025-11-19T00:00:00Z,16379122,APW9818SHT-APMA3,AIZIR 98 X 18MM A3,60,1003.3053,60198.32
C478,2025-11-19T00:00:00Z,16301374,APW9818SHT-APMB1,AIZIR 98 X 18MM B1,8,1003.305,8026.44
C478,2025-11-19T00:00:00Z,16301376,APW9818SHT-APMB2,AIZIR 98 X 18MM B2,8,1003.305,8026.44
C478,2025-11-19T00:00:00Z,16301379,APW9818SHT-APMOM1,AIZIR 98 X 18MM OM1,50,1003.3052,50165.26
C478,2025-11-19T00:00:00Z,16301381,APW9818SHT-APMOM2,AIZIR 98 X 18MM OM2,50,1003.3052,50165.26
C478,2025-11-19T00:00:00Z,16301383,APW9818SHT-APMOM3,AIZIR 98 X 18MM OM3,30,1003.3053,30099.16
C478,2025-11-19T00:00:00Z,6150120,APW9820SHT-APMA1,AIZIR 98 X 20MM A1,140,1114.7836,156069.704
C478,2025-11-19T00:00:00Z,6150132,APW9820SHT-APMA2,AIZIR 98 X 20MM A2,140,1114.7836,156069.704
C478,2025-11-19T00:00:00Z,16304485,APW9820SHT-APMA3,AIZIR 98 X 20MM A3,30,1114.7837,33443.51
C478,2025-11-19T00:00:00Z,6150124,APW9820SHT-APMB1,AIZIR 98 X 20MM B1,70,1114.7837,78034.859
C478,2025-11-19T00:00:00Z,16304487,APW9820SHT-APMB2,AIZIR 98 X 20MM B2,10,1114.784,11147.84
C478,2025-11-19T00:00:00Z,16304489,APW9820SHT-APMOM1,AIZIR 98 X 20MM OM1,30,1114.7837,33443.51
C478,2025-11-19T00:00:00Z,16304491,APW9820SHT-APMOM2,AIZIR 98 X 20MM OM2,30,1114.7837,33443.51
C478,2025-11-19T00:00:00Z,16304493,APW9820SHT-APMOM3,AIZIR 98 X 20MM OM3,30,1114.7837,33443.51
C478,2025-11-19T00:00:00Z,16363490,APW9822SHT-APMA1,AIZIR 98 X 22MM A1,20,1226.262,24525.24
C478,2025-11-19T00:00:00Z,16363492,APW9822SHT-APMA2,AIZIR 98 X 22MM A2,20,1226.262,24525.24
C478,2025-11-19T00:00:00Z,16363494,APW9825SHT-APMA1,AIZIR 98 X 25MM A1,110,1337.7404,147151.444
C478,2025-11-19T00:00:00Z,16363496,APW9825SHT-APMA2,AIZIR 98 X 25MM A2,120,1337.7404,160528.848
C478,2025-11-19T00:00:00Z,6150140,APW9825SHT-APMB1,AIZIR 98 X 25MM B1,70,1337.7404,93641.828
C479,2025-11-24T00:00:00Z,268815,GABSCAN,GABINETE PARA ESCANER MEDICO DENTAL,40,19181.3883,767255.5319999999
INV10,2025-12-02T00:00:00Z,116749,WASHCUREKIT,PHROZEN WASH & CURE KIT,1,3179.97,3179.97
INV11,2025-12-02T00:00:00Z,3776,181810,NEXTDENT LC 3DMIXER AG,1,4448.4,4448.4
INV11,2025-12-02T00:00:00Z,3773,181800,NEXTDENT LC 3D PRINT BOX AG,1,22316.39,22316.39
INV12,2025-12-02T00:00:00Z,84025,INTSCAI700,MEDIT INTRA ORAL SCANNER I700,2,73102.8,146205.6
INV13,2025-12-02T00:00:00Z,99851,VPADCOMFORT,VPAD COMFORT,1,19006.97,19006.97
INV13,2025-12-02T00:00:00Z,86280,6000MP110V,HORNO 6000MP 110V,1,57305.08,57305.08
INV13,2025-12-02T00:00:00Z,90218,6100MS,HORNO ZYRCOMAT 6100 MS 230V,1,136860.86,136860.86
INV13,2025-12-02T00:00:00Z,91350,BOMVAC110V,VITA BOMBA DE VACIO PARA HORNO 110V,1,7016.7,7016.7
C480,2025-12-03T00:00:00Z,8342,MI873,MIYO STRUCTURE GHOST FLUOR PASTE 4G,5,668.964,3344.82
C480,2025-12-03T00:00:00Z,14288,ZR190,INSYNC ZR GLAZE LIQUID 25 ML,80,214.6704,17173.63
C480,2025-12-03T00:00:00Z,8360,MI880,MIYO TRANS SHADE D FLUOR PASTE 4G,10,668.964,6689.64
C480,2025-12-03T00:00:00Z,17424669,MI959,MIYO TRANS MOSS FLUOR PASTE 4G,10,668.964,6689.64
C480,2025-12-03T00:00:00Z,17424666,MI958,MIYO TRANS NIGHT FLUOR PASTE 4G,5,668.964,3344.82
C480,2025-12-03T00:00:00Z,87161,MI996,MIYO GINGIVAL FINISHING SYSTEM KIT,15,11007.9987,165119.9805
C480,2025-12-03T00:00:00Z,8426,MI993,MIYO ESTHETIC FINISHING SYSTEM KIT,20,15549.101,310982.02
C480,2025-12-03T00:00:00Z,87158,MI954,MIYO HIGH FUSING STRUCTURE WINDOW PASTE 4G,2,668.965,1337.93
C480,2025-12-03T00:00:00Z,87152,MI952,MIYO TRANS GARNET PASTE 4G,20,668.964,13379.28
C480,2025-12-03T00:00:00Z,8420,MI951,MIYO GINGIVAL CARNATION 4G,5,668.964,3344.82
C480,2025-12-03T00:00:00Z,8417,MI950,MIYO TRANS SUNFLOWER 4G,20,668.964,13379.28
C480,2025-12-03T00:00:00Z,8414,MI898,MIYO GINGIVAL THISTLE PASTE 4G,5,668.964,3344.82
C480,2025-12-03T00:00:00Z,8411,MI897,MIYO GINGIVAL SABLE PASTE 4G,10,668.964,6689.64
C480,2025-12-03T00:00:00Z,8408,MI896,MIYO TRANS LUMIN PLUS FLUOR PASTE 4G,30,668.964,20068.92
C480,2025-12-03T00:00:00Z,8405,MI895,MIYO TRANS SLATE FLUOR PASTE 4G,20,668.964,13379.28
C480,2025-12-03T00:00:00Z,8402,MI894,MIYO TRANS COBALT FLUOR PASTE 4G,20,668.964,13379.28
C480,2025-12-03T00:00:00Z,8399,MI893,MIYO TRANS SAGE FLUOR PASTE 4G,10,668.964,6689.64
C480,2025-12-03T00:00:00Z,8396,MI892,MIYO GINGIVAL STRUCTURE FROST PASTE 4G,10,668.964,6689.64
C480,2025-12-03T00:00:00Z,8390,MI890,MIYO GINGIVAL STRUCTURE ORCHID PASTE 4G,30,668.964,20068.92
C480,2025-12-03T00:00:00Z,8381,MI887,MIYO GINGIVAL TRANS RASPBERRY PASTE 4G,15,668.964,10034.46
C480,2025-12-03T00:00:00Z,8378,MI886,MIYO GINGIVAL SORBET PASTE 4G,20,668.964,13379.28
C480,2025-12-03T00:00:00Z,8375,MI885,MIYO GINGIVAL MERLOT PASTE 4G,30,668.964,20068.92
C480,2025-12-03T00:00:00Z,8372,MI884,MIYO GINGIVAL PLUM PASTE 4G,5,668.964,3344.82
C480,2025-12-03T00:00:00Z,8366,MI882,MIYO GINGIVAL CRIMSON PASTE 4G,10,668.964,6689.64
C480,2025-12-03T00:00:00Z,8363,MI881,MIYO GINGIVAL FLAMINGO PASTE 4G,40,668.9638,26758.55
C480,2025-12-03T00:00:00Z,8357,MI879,MIYO TRANS SHADE C FLUOR PASTE 4G,30,668.964,20068.92
C480,2025-12-03T00:00:00Z,8354,MI878,MIYO TRANS SHADE B FLUOR PASTE 4G,30,668.964,20068.92
C480,2025-12-03T00:00:00Z,8351,MI877,MIYO TRANS SHADE A FLUOR PASTE 4G,70,668.964,46827.48
C480,2025-12-03T00:00:00Z,8348,MI876,MIYO TRANS LUMIN FLUOR PASTE 4G,30,668.964,20068.92
C480,2025-12-03T00:00:00Z,8345,MI875,MIYO TRANS SMOKE FLUOR PASTE 4G,60,668.964,40137.84
C480,2025-12-03T00:00:00Z,8339,MI872,MIYO STRUCTURE ENAMEL FLUOR PASTE 4G,15,668.964,10034.46
C480,2025-12-03T00:00:00Z,86186,MI871,MIYO STRUCTURE BLUSH FLUOR PASTE 4G,10,668.964,6689.64
C480,2025-12-03T00:00:00Z,8336,MI870,MIYO STRUCTURE ICE FLUOR PASTE 4G,5,668.964,3344.82
C480,2025-12-03T00:00:00Z,8333,MI869,MIYO STRUCTURE WINDOW FLUOR PASTE 4G,25,668.964,16724.1
C480,2025-12-03T00:00:00Z,8330,MI868,MIYO MAMELON PUMPKIN FLUOR PASTE 4G,40,668.9638,26758.55
C480,2025-12-03T00:00:00Z,8327,MI867,MIYO MAMELON CORAL FLUOR PASTE 4G,25,668.964,16724.1
C480,2025-12-03T00:00:00Z,8324,MI866,MIYO MAMELON WHEAT FLUOR PASTE 4G,35,668.964,23413.74
C480,2025-12-03T00:00:00Z,8321,MI865,MIYO AUTUMN SPRING FLUOR PASTE 4G,5,668.964,3344.82
C480,2025-12-03T00:00:00Z,8318,MI864,MIYO HALO SPRIN FLUOR PASTE 4G,5,668.964,3344.82
C480,2025-12-03T00:00:00Z,8315,MI863,MIYO TRANS CLEMENTINE FLUOR PASTE 4G,30,668.964,20068.92
C480,2025-12-03T00:00:00Z,8312,MI862,MIYO TRANS STRAW FLUOR PASTE 4G,5,668.964,3344.82
C480,2025-12-03T00:00:00Z,8309,MI861,MIYO TRANS LOTUS FLUOR PASTE 4G,5,668.964,3344.82
C480,2025-12-03T00:00:00Z,8306,MI860,MIYO TRANS STORM FLUOR PASTE 4G,20,668.964,13379.28
C480,2025-12-03T00:00:00Z,8303,MI859,MIYO FISSURE FLUOR POWDER 4G,15,668.964,10034.46
C480,2025-12-03T00:00:00Z,8300,MI858,MIYO LINEN FLUOR PASTE 4G,20,668.964,13379.28
C480,2025-12-03T00:00:00Z,8297,MI857,MIYO SNOW FLUOR PASTE 4G,25,668.964,16724.1
C480,2025-12-03T00:00:00Z,8294,MI821,MIYO GINGIVAL GLAZE PASTE NO FLOUR 4G,35,668.964,23413.74
C480,2025-12-03T00:00:00Z,14291,ZR249,INSYN FC GLAZE PASTE 4G,90,498.5121,44866.089
C481,2025-12-08T00:00:00Z,114072,LAPTOPG,LAPTOP G,2,19782.76,39565.52
C482,2025-12-10T00:00:00Z,103803,INTSCAI600,MEDIT SCANNER I600,14,64852.0221,907928.3094
C482,2025-12-10T00:00:00Z,97903,INTSCAI700W,INTRA ORAL SCANNER I700 WIRELESS,7,114880.7243,804165.0701
C482,2025-12-10T00:00:00Z,84025,INTSCAI700,MEDIT INTRA ORAL SCANNER I700,65,105616.1502,6865049.763
C482,2025-12-10T00:00:00Z,103803,INTSCAI600,MEDIT SCANNER I600,22,88939.9159,1956678.1498000002
C482,2025-12-10T00:00:00Z,84025,INTSCAI700,MEDIT INTRA ORAL SCANNER I700,31,83381.1713,2584816.3103
C483,2025-12-11T00:00:00Z,19270926,761456,ZOLID NATURALS OPACIFIER,5,1054.75,5273.75
C483,2025-12-11T00:00:00Z,19258389,761437,ZOLID NATURALS B3,2,520.695,1041.39
C483,2025-12-11T00:00:00Z,19258393,761438,ZOLID NATURALS B4,1,520.7,520.7
C483,2025-12-11T00:00:00Z,19258364,761432,ZOLID NATURALS A3.5,1,520.7,520.7
C483,2025-12-11T00:00:00Z,19258361,761431,ZOLID NATURALS A3,2,520.695,1041.39
C483,2025-12-11T00:00:00Z,19258357,761430,ZOLID NATURALS A2,2,520.695,1041.39
C483,2025-12-11T00:00:00Z,19270910,761446,ZOLID NATURALS D3,2,520.695,1041.39
C483,2025-12-11T00:00:00Z,19270906,761445,ZOLID NATURALS D2,2,520.695,1041.39
C483,2025-12-11T00:00:00Z,19270902,761444,ZOLID NATURALS C INTENSE,2,1054.755,2109.51
C483,2025-12-11T00:00:00Z,19270898,761443,ZOLID NATURALS C4,2,520.695,1041.39
C483,2025-12-11T00:00:00Z,19270894,761442,ZOLID NATURALS C3,2,520.695,1041.39
C483,2025-12-11T00:00:00Z,19258397,761439,ZOLID NATURALS B INTENSE,5,1054.75,5273.75
C483,2025-12-11T00:00:00Z,19258350,761429,ZOLID NATURALS A1,2,520.695,1041.39
C483,2025-12-11T00:00:00Z,6738590,761428,ZOLID NATURALS STARTER SET,15,9332.5387,139988.08049999998
C483,2025-12-11T00:00:00Z,19258368,761433,ZOLID NATURALS A4,1,520.7,520.7
C483,2025-12-11T00:00:00Z,19258410,761441,ZOLID NATURALS C2,2,520.695,1041.39
C483,2025-12-11T00:00:00Z,19258406,761440,ZOLID NATURALS C1,2,520.695,1041.39
C483,2025-12-11T00:00:00Z,19270922,761451,ZOLID NATURALS BR,2,1054.755,2109.51
C483,2025-12-11T00:00:00Z,19270918,761449,ZOLID NATURALS OR,2,1054.755,2109.51
C483,2025-12-11T00:00:00Z,19270914,761448,ZOLID NATURALS D INTENSE,2,1054.755,2109.51
C483,2025-12-11T00:00:00Z,19258372,761434,ZOLID NATURALS A INTENSE,5,1054.75,5273.75
C483,2025-12-11T00:00:00Z,19258376,761435,ZOLID NATURALS B1,2,520.695,1041.39
C483,2025-12-11T00:00:00Z,19258385,761436,ZOLID NATURALS B2,2,520.695,1041.39
C484,2025-12-15T00:00:00Z,2266432,759601,FRESA ROTO RFID GREY 1.0,20,1043.088,20861.76
C484,2025-12-15T00:00:00Z,19308571,761452,ZOLID NATURALS GIN,3,1049.2,3147.6
C484,2025-12-15T00:00:00Z,19305461,761450,ZOLID NATURALS GR,2,1049.2,2098.4
C484,2025-12-15T00:00:00Z,96744,761086,DISCO A SPLINT 98 X 20 PMMA,50,695.673,34783.65
C484,2025-12-15T00:00:00Z,4262,760975,ADDITIONAL ADAPTER CEREC 3 STK,3,1286.7833,3860.35
C484,2025-12-15T00:00:00Z,85844,760669,FRESA ROTO RFID 1.0 PMMA WAX DM 1.0,150,779.7862,116967.93000000001
C484,2025-12-15T00:00:00Z,85841,760668,FRESA ROTO RFID 2.5 PMMA WAX DM 2.5,100,779.7862,77978.62
C484,2025-12-15T00:00:00Z,4238,760662,FRESA ROTO RFID 0.6 ZI DM,50,779.7862,38989.31
C484,2025-12-15T00:00:00Z,4235,760661,FRESA ROTO RFID 1.0 ZI DM,200,779.7862,155957.24
C484,2025-12-15T00:00:00Z,4232,760660,FRESA ROTO RFID 2.5 ZI DM,200,779.7862,155957.24
C484,2025-12-15T00:00:00Z,8426504,759623,FRESA ROTO RFID PURPLE 1.8 TS,20,1148.493,22969.86
C484,2025-12-15T00:00:00Z,8426494,759622,FRESA ROTO RFID PURPLE 2.0 TS,20,1148.493,22969.86
C484,2025-12-15T00:00:00Z,303784,759617,FRESA ROTO RFID BROWN 1.5 TS DM,10,1148.493,11484.93
C484,2025-12-15T00:00:00Z,8426520,759610,FRESA ROTO RFID ORANGE G 0.4 DM,2,1043.09,2086.18
C484,2025-12-15T00:00:00Z,8426516,759609,FRESA ROTO RFID ORANGE G 1.0,20,1043.088,20861.76
C484,2025-12-15T00:00:00Z,8426512,759608,FRESA ROTO RFID ORANGE G 2.0 DM,20,1043.088,20861.76
C484,2025-12-15T00:00:00Z,2266450,759603,FRESA ROTO RFID GREY 0.3,2,1043.09,2086.18
C484,2025-12-15T00:00:00Z,2266436,759602,FRESA ROTO RFID GREY 0.6,10,1043.088,10430.88
C484,2025-12-15T00:00:00Z,295072,180490,CHUCK 3MM MATRON,6,3084.15,18504.9
C484,2025-12-15T00:00:00Z,2266424,759600,FRESA ROTO RFID GREY 2.5,20,1043.088,20861.76
C484,2025-12-15T00:00:00Z,102045,751008,FRESA ROTO RFID 0.4 DIAMOND BLG,50,779.7862,38989.31
C484,2025-12-15T00:00:00Z,102042,751006,FRESA ROTO RFID 1.0 DIAMOND BLG,200,779.7862,155957.24
C484,2025-12-15T00:00:00Z,102036,751004,FRESA ROTO RFID 2.0 DIAMOND BLG,200,779.7862,155957.24
C484,2025-12-15T00:00:00Z,121370,181362,BLANK HOLDER BLOCS 3X UN MOTION 3,6,21131.595,126789.57
C484,2025-12-15T00:00:00Z,112914,181361,BLANK HOLDER C-CLAMP MOTION 3,5,21131.594,105657.97
C484,2025-12-15T00:00:00Z,195333,180246,MOTION DRS HOLDER,2,16409.45,32818.9
C484,2025-12-15T00:00:00Z,309649,767523,DISCO CERAMILL SINTRON 98X 25 F COCRMO 98X25 F,20,4868.868,97377.36000000002
C484,2025-12-15T00:00:00Z,8426508,759626,FRESA ROTO RFID PURPLE 0.6 EM,10,1148.493,11484.93
C484,2025-12-15T00:00:00Z,19299242,180350,RFID-PRINT MOTION DRS / M3 / MATRON,1,6183.06,6183.06
C484,2025-12-15T00:00:00Z,19293029,180345,PRESSURE SWITCH INCL. HOSES & CONNECTION,1,2641.45,2641.45
C484,2025-12-15T00:00:00Z,19293025,180367,A-COVER WITH SENSORS MOTION DRS,3,17560.4733,52681.41990000001
C484,2025-12-15T00:00:00Z,19293021,180351,DOOR CYLINDER MOTION DRS,3,1534.6967,4604.09
C484,2025-12-15T00:00:00Z,12572784,180520,UMRÜSTKIT SYCOTEC SPINDEL MOTION 3,2,55927.895,111855.79
C484,2025-12-15T00:00:00Z,85697,179327,CONTROL M2I DNA GENERATION,1,42646.86,42646.86
C484,2025-12-15T00:00:00Z,19293017,181250,COLLET WRENCH - TORQUE SYCOTEC,4,2641.45,10565.8
C484,2025-12-15T00:00:00Z,19293013,179651,MAINTENANCE OIL - PUMP SPRAY,4,345.3075,1381.23
C484,2025-12-15T00:00:00Z,19293008,179604,COOLING LIQUID 125ML + 10X FILTER ZR,4,3306.9775,13227.91
C484,2025-12-15T00:00:00Z,19293004,179313,KIT DE LIMPIEZA ST,4,1062.4825,4249.93
C484,2025-12-15T00:00:00Z,4637,178650-NTR,COOLING LIQUID,30,861.7913,25853.74
C484,2025-12-15T00:00:00Z,19314792,751033,ROTO RFID BROWN 1.2 EM 3MM SHAFT,10,1286.784,12867.84
C484,2025-12-15T00:00:00Z,19314796,751034,ROTO RFID BROWN 0.5 EM,10,1286.784,12867.84
C484,2025-12-15T00:00:00Z,19314802,751035,ROTO RFID BROWN 0.5 SM 3MM SHAFT,10,1286.784,12867.84
C484,2025-12-15T00:00:00Z,295111,178756,FLOAT SINTERIZACION DISCO 2,1,2493.88,2493.88
C484,2025-12-15T00:00:00Z,3827,218600,ARCO FACIAL ARTEX,50,9793.1786,489658.92999999993
C484,2025-12-15T00:00:00Z,3818,217650,ARTEX QUICKBITE 10PCS,50,757.0188,37850.94
C484,2025-12-15T00:00:00Z,3833,BAJA218760,BAJA ARTEX TYP CR,50,19951.0584,997552.92
C484,2025-12-15T00:00:00Z,3821,217991,MALETIN ARTEX,50,1877.0522,93852.61
C484,2025-12-15T00:00:00Z,19308581,761454,ZOLID NATURALS BL,5,1049.202,5246.01
C484,2025-12-15T00:00:00Z,4679,216100C,JUEGO DE PLACAS SPLITEX VERSION C,5,3439.786,17198.93
C484,2025-12-15T00:00:00Z,309643,767521,DISCO CERAMILL SINTRON 98X 18 F COCRMO 98X18 F,20,3869.839,77396.78
C484,2025-12-15T00:00:00Z,309646,767522,DISCO CERAMILL SINTRON 98X 20 F COCRMO 98X20 F,20,4312.54,86250.8
C484,2025-12-15T00:00:00Z,19308577,761453,ZOLID NATURALS VIO,2,1049.2,2098.4
C486,2025-12-16T00:00:00Z,3773,181800,NEXTDENT LC 3D PRINT BOX AG,1,45470.69,45470.69
C485,2025-12-16T00:00:00Z,3776,181810,NEXTDENT LC 3DMIXER AG,1,8186.21,8186.21
C487,2025-12-18T00:00:00Z,114072,LAPTOPG,LAPTOP G,1,20301.45,20301.45
C488,2025-12-22T00:00:00Z,99851,VPADCOMFORT,VPAD COMFORT,15,12386.1947,185792.9205
C488,2025-12-22T00:00:00Z,91350,BOMVAC110V,VITA BOMBA DE VACIO PARA HORNO 110V,30,7047.3177,211419.531
C489,2025-12-22T00:00:00Z,19317914,7188100100,TYSCOR VS 4 CENTRAL COMBINED SUCTION UNIT WITH RADIAL-TECHNOLOGY 9,1,87888.53,87888.53
C488,2025-12-22T00:00:00Z,99851,VPADCOMFORT,VPAD COMFORT,30,12386.195,371585.85
C488,2025-12-22T00:00:00Z,198723,V60IPLUS110V,HORNO V60I LINE PLUS 110V,20,46341.4535,926829.0700000001
C488,2025-12-22T00:00:00Z,90218,6100MS,HORNO ZYRCOMAT 6100 MS 230V,15,117882.4067,1768236.1005000002
C488,2025-12-22T00:00:00Z,86280,6000MP110V,HORNO 6000MP 110V,30,57125.9853,1713779.559
C488,2025-12-22T00:00:00Z,91350,BOMVAC110V,VITA BOMBA DE VACIO PARA HORNO 110V,20,7047.318,140946.36000000002
C490,2025-12-29T00:00:00Z,305788,COMPUGAMER,"COMPUTADORA TIPO GAMER (TECLADO, MOUSE Y MONITOR)",3,18799.14,56397.42
C493,2025-12-30T00:00:00Z,21814313,804.870.16,LAGKAPTEN TABLRO 140X60 NEGRO CAFE,1,947.42,947.42
C492,2025-12-30T00:00:00Z,229532,505.637.52,ALEX STORAGE UNIT 36X70 WHITE,1,1034.48,1034.48
C491,2025-12-30T00:00:00Z,21814311,604.735.48,ALEX CAJONRA 36X70 NEGRO CAFE,1,2155.17,2155.17
C491,2025-12-30T00:00:00Z,21814313,804.870.16,LAGKAPTEN TABLRO 140X60 NEGRO CAFE,1,947.42,947.42
C493,2025-12-30T00:00:00Z,21814311,604.735.48,ALEX CAJONRA 36X70 NEGRO CAFE,1,2155.17,2155.17
C496,2025-12-30T00:00:00Z,229532,505.637.52,ALEX STORAGE UNIT 36X70 WHITE,1,1034.48,1034.48
C494,2025-12-30T00:00:00Z,229532,505.637.52,ALEX STORAGE UNIT 36X70 WHITE,1,1034.48,1034.48
C495,2025-12-31T00:00:00Z,21814311,604.735.48,ALEX CAJONRA 36X70 NEGRO CAFE,1,2155.17,2155.17
C495,2025-12-31T00:00:00Z,21814313,804.870.16,LAGKAPTEN TABLRO 140X60 NEGRO CAFE,1,947.42,947.42
C497,2026-01-22T00:00:00Z,26986094,DENTALCADULTBUNDTEST,DENTALCAD ULTIMATE BUNDLE: TEST,16,4324.8,69196.8
C498,2026-01-22T00:00:00Z,3698,179301,SYCOTEC SPINDEL,1,58841.44,58841.44
C498,2026-01-22T00:00:00Z,27058558,180504,DOOR WORKPIECE CHANGER MATRON,1,12932.01,12932.01
C498,2026-01-22T00:00:00Z,85538,179232,JAEGER SPINDLE 100K SHF,1,55563.37,55563.37
C499,2026-01-23T00:00:00Z,118619,29343000,SILENT COMPACTCAM,1,28905.17,28905.17
C500,2026-01-29T00:00:00Z,295024,178801,SILENT POWERCAM EC INTERFACE CABLE,7,1187.3386,8311.37
C500,2026-01-29T00:00:00Z,252317,181366,BLANK HOLDER BLOCS 9X UN MOTION 3,7,20342.0386,142394.2702
C500,2026-01-29T00:00:00Z,295072,180490,CHUCK 3MM MATRON,6,3296.35,19778.1
C500,2026-01-29T00:00:00Z,92543,179164,CERAMILL MATCH 2 CAM DONGLE,2,40091.945,80183.89
C500,2026-01-29T00:00:00Z,6739637,181351,FRESADORA CERAMILL MOTION 3 AIR,7,472962.7257,3310739.0799000002
C500,2026-01-29T00:00:00Z,295111,178756,FLOAT SINTERIZACION DISCO 2,1,2605.98,2605.98
C500,2026-01-29T00:00:00Z,4637,178650-NTR,COOLING LIQUID,200,1286.4669,257293.37999999998
C500,2026-01-29T00:00:00Z,295024,178801,SILENT POWERCAM EC INTERFACE CABLE,2,1187.335,2374.67
C500,2026-01-29T00:00:00Z,27817902,178820,SILENT COMPACTCAM.,2,21385.97,42771.94
C500,2026-01-29T00:00:00Z,6739637,181351,FRESADORA CERAMILL MOTION 3 AIR,1,440570.86,440570.86
C500,2026-01-29T00:00:00Z,92543,179164,CERAMILL MATCH 2 CAM DONGLE,7,40091.9471,280643.6297
C500,2026-01-29T00:00:00Z,27817902,178820,SILENT COMPACTCAM.,7,21385.97,149701.79
C500,2026-01-29T00:00:00Z,252317,181366,BLANK HOLDER BLOCS 9X UN MOTION 3,2,20342.04,40684.08
C501,2026-02-05T00:00:00Z,99851,VPADCOMFORT,VPAD COMFORT,15,12820.5727,192308.59050000002
C501,2026-02-05T00:00:00Z,198723,V60IPLUS110V,HORNO V60I LINE PLUS 110V,20,47966.6245,959332.49
C501,2026-02-05T00:00:00Z,91350,BOMVAC110V,VITA BOMBA DE VACIO PARA HORNO 110V,30,7294.4637,218833.91100000002
C501,2026-02-05T00:00:00Z,86280,6000MP110V,HORNO 6000MP 110V,30,59129.3643,1773880.929
C501,2026-02-05T00:00:00Z,99851,VPADCOMFORT,VPAD COMFORT,30,12820.5723,384617.169
C501,2026-02-05T00:00:00Z,90218,6100MS,HORNO ZYRCOMAT 6100 MS 230V,15,122016.4827,1830247.2404999998
C501,2026-02-05T00:00:00Z,91350,BOMVAC110V,VITA BOMBA DE VACIO PARA HORNO 110V,20,7294.4635,145889.27
CND55,2026-02-11T00:00:00Z,103803,INTSCAI600,MEDIT SCANNER I600,2,34131.475,68262.95
C503,2026-02-23T00:00:00Z,40768827,MACBOOK,MACBOOK,3,16370.69,49112.07
C504,2026-02-26T00:00:00Z,40768827,MACBOOK,MACBOOK,10,16378.654,163786.54
C504,2026-02-26T00:00:00Z,40768827,MACBOOK,MACBOOK,10,16378.654,163786.54
C504,2026-02-26T00:00:00Z,40768827,MACBOOK,MACBOOK,5,16378.654,81893.27
C505,2026-03-03T00:00:00Z,190929,DENTALCADFLEX,DENTALCAD FLEX CORE VERSION,1,23940.93,23940.93
C506,2026-03-06T00:00:00Z,143651,MONITORPC,MONITOR PARA PC,1,2998.99,2998.99
C507,2026-03-12T00:00:00Z,141601,DENTALCADFLEXUNI,DENTALCAD EDUCATIONAL FLEX UNIVERSIDADES,39,11016.2831,429635.0409
C508,2026-03-13T00:00:00Z,4232,760660,FRESA ROTO RFID 2.5 ZI DM,800,641.7554,513404.32
C508,2026-03-13T00:00:00Z,4244,760676,FRESA DIAMOND RFID 1.8 DM,130,641.7555,83428.215
C508,2026-03-13T00:00:00Z,85854,760672,FRESA ROTO RFID 2.0 TI DM 2.0,3,641.7567,1925.27
C508,2026-03-13T00:00:00Z,85844,760669,FRESA ROTO RFID 1.0 PMMA WAX DM 1.0,30,641.7557,19252.67
C508,2026-03-13T00:00:00Z,4241,760663,FRESA ROTO RFID 0.3 ZI,90,641.7554,57757.986000000004
C508,2026-03-13T00:00:00Z,102042,751006,FRESA ROTO RFID 1.0 DIAMOND BLG,100,641.7554,64175.54
C508,2026-03-13T00:00:00Z,303784,759617,FRESA ROTO RFID BROWN 1.5 TS DM,6,945.2883,5671.73
C508,2026-03-13T00:00:00Z,4250,760678,"FRESA DIAMOND RFID 1,0 DM",60,641.7553,38505.32
C508,2026-03-13T00:00:00Z,4253,760679,FRESA ROTO RFID 0.4 DM,10,641.756,6417.56
C508,2026-03-13T00:00:00Z,4016,751002,FRESA ROTO RFID 0.6 ST DM,15,728.4787,10927.18
C508,2026-03-13T00:00:00Z,102036,751004,FRESA ROTO RFID 2.0 DIAMOND BLG,400,641.7554,256702.16
C508,2026-03-13T00:00:00Z,4247,760677,FRESA DIAMOND RFID 1.4 DM,100,641.7554,64175.54
C508,2026-03-13T00:00:00Z,4235,760661,FRESA ROTO RFID 1.0 ZI DM,700,641.7554,449228.78
C508,2026-03-13T00:00:00Z,7613597,216400,ARTEX PRINT&CLICK SET,30,3857.2537,115717.611
C508,2026-03-13T00:00:00Z,102045,751008,FRESA ROTO RFID 0.4 DIAMOND BLG,40,641.7555,25670.22
C508,2026-03-13T00:00:00Z,4238,760662,FRESA ROTO RFID 0.6 ZI DM,500,641.7554,320877.7
C510,2026-03-23T00:00:00Z,116749,WASHCUREKIT,PHROZEN WASH & CURE KIT,1,4990.0,4990.0
C511,2026-03-24T00:00:00Z,40768827,MACBOOK,MACBOOK,1,16378.45,16378.45
C512,2026-03-25T00:00:00Z,305094,3A0111866C0,ASSY CABLE USB MAIN IO3 PARA I600/I700,30,1108.4923,33254.77
C518,2026-03-26T00:00:00Z,43491698,25171710,COMPRESSOR AGGREGATE DUO 230V,1,44600.77,44600.77
C514,2026-03-27T00:00:00Z,295030,181251,LLAVE PARA PINZA SYC 3/6 DE CERAMILL MATRON,1,1728.42,1728.42
C514,2026-03-27T00:00:00Z,295027,181389,AUTOCALIBRATION KIT MATRON,1,20881.12,20881.12
C514,2026-03-27T00:00:00Z,92543,179164,CERAMILL MATCH 2 CAM DONGLE,3,39375.4867,118126.4601
C514,2026-03-27T00:00:00Z,6739637,181351,FRESADORA CERAMILL MOTION 3 AIR,3,464510.6833,1393532.0499
C514,2026-03-27T00:00:00Z,3593,178641,CERAMILL COOLSTREAM WATER TANK,2,42404.375,84808.75
C514,2026-03-27T00:00:00Z,92543,179164,CERAMILL MATCH 2 CAM DONGLE,3,39375.4867,118126.4601
C514,2026-03-27T00:00:00Z,252317,181366,BLANK HOLDER BLOCS 9X UN MOTION 3,3,19978.5167,59935.5501
C514,2026-03-27T00:00:00Z,27817902,178820,SILENT COMPACTCAM.,3,21003.7933,63011.3799
C514,2026-03-27T00:00:00Z,295024,178801,SILENT POWERCAM EC INTERFACE CABLE,3,1044.9667,3134.9
C514,2026-03-27T00:00:00Z,295009,181371,CERAMILL MATRON,1,776081.78,776081.78
C514,2026-03-27T00:00:00Z,295012,181375,CERAMILL TANK MATRON,1,11600.63,11600.63
C514,2026-03-27T00:00:00Z,295015,181376,CERAMILL COOLANTFLOW MATRON,1,40486.22,40486.22
C514,2026-03-27T00:00:00Z,295018,181377,CERAMILL CART MATRON,1,53005.47,53005.47
C514,2026-03-27T00:00:00Z,307925,181378,CERAMILL MATRON SNAPMAG,1,5800.31,5800.31
C514,2026-03-27T00:00:00Z,295036,181381,BLANK HOLDER 98 MATRON,1,11020.59,11020.59
C514,2026-03-27T00:00:00Z,295033,181380,BLANK HOLDER C CLAMP MATRON,2,11020.59,22041.18
C513,2026-03-27T00:00:00Z,5759,CMBBC14HTA2,CAMEO MILL BLOCS BOX C14 HT A2,40,352.4223,14096.89
C513,2026-03-27T00:00:00Z,218183,CMBBC14HTBL2,CAMEO MILL BLOCS BOX C14 HT BL2,150,352.4223,52863.345
C513,2026-03-27T00:00:00Z,5801,APG12.510PA1,CAMEO PRESS INGOT BOX HT A1,100,302.0762,30207.619999999995
C513,2026-03-27T00:00:00Z,5804,CPIBHTA2,CAMEO PRESS INGOT BOX HT A2,100,302.0762,30207.619999999995
C513,2026-03-27T00:00:00Z,5765,CMBBC14HTBL3W3,CAMEO MILL BLOCS BOX C14 HT BL3/W3,40,352.4223,14096.89
C513,2026-03-27T00:00:00Z,5804,CPIBHTA2,CAMEO PRESS INGOT BOX HT A2,100,302.0762,30207.619999999995
C513,2026-03-27T00:00:00Z,5804,CPIBHTA2,CAMEO PRESS INGOT BOX HT A2,100,302.0762,30207.619999999995
C513,2026-03-27T00:00:00Z,42007886,APG181315MA3.5,CAMEO MILL BLOCS BOX C14 HT A3.5,60,352.4223,21145.34
C513,2026-03-27T00:00:00Z,218183,CMBBC14HTBL2,CAMEO MILL BLOCS BOX C14 HT BL2,11,352.4227,3876.65
C513,2026-03-27T00:00:00Z,5819,CPIBLTA2,CAMEO PRESS INGOT BOX LT A2,100,302.0762,30207.619999999995
C513,2026-03-27T00:00:00Z,5762,APG181315MB1,CAMEO MILL BLOCS BOX C14 HT B1,86,352.4222,30308.31
C513,2026-03-27T00:00:00Z,791800,CMBBC14HTA3,CAMEO MILL BLOCS BOX C14 HT A3,100,352.4223,35242.23
C513,2026-03-27T00:00:00Z,5816,CPIBLTA1,CAMEO PRESS INGOT BOX LT A1,100,302.0762,30207.619999999995
C513,2026-03-27T00:00:00Z,5819,CPIBLTA2,CAMEO PRESS INGOT BOX LT A2,100,302.0762,30207.619999999995
C513,2026-03-27T00:00:00Z,5771,APG181315MLA2,CAMEO MILL BLOCS BOX C14 LT A2,91,352.4223,32070.4293
C513,2026-03-27T00:00:00Z,5804,CPIBHTA2,CAMEO PRESS INGOT BOX HT A2,100,302.0762,30207.619999999995
C513,2026-03-27T00:00:00Z,218183,CMBBC14HTBL2,CAMEO MILL BLOCS BOX C14 HT BL2,29,352.4221,10220.24
C513,2026-03-27T00:00:00Z,5804,CPIBHTA2,CAMEO PRESS INGOT BOX HT A2,100,302.0762,30207.619999999995
C513,2026-03-27T00:00:00Z,5804,CPIBHTA2,CAMEO PRESS INGOT BOX HT A2,100,302.0762,30207.619999999995
C513,2026-03-27T00:00:00Z,5804,CPIBHTA2,CAMEO PRESS INGOT BOX HT A2,100,302.0762,30207.619999999995
C513,2026-03-27T00:00:00Z,218187,CMBBC14HTBL4,CAMEO MILL BLOCS BOX C14 HT BL4,120,352.4223,42290.676
C513,2026-03-27T00:00:00Z,42007876,APG181315MC2,CAMEO MILL BLOCS BOX C14 HT C2,60,352.4223,21145.34
C513,2026-03-27T00:00:00Z,5759,CMBBC14HTA2,CAMEO MILL BLOCS BOX C14 HT A2,100,352.4223,35242.23
C513,2026-03-27T00:00:00Z,5801,APG12.510PA1,CAMEO PRESS INGOT BOX HT A1,100,302.0762,30207.619999999995
C513,2026-03-27T00:00:00Z,5774,APG181315MLA3,CAMEO MILL BLOCS BOX C14 LT A3,55,352.4224,19383.23
C513,2026-03-27T00:00:00Z,5759,CMBBC14HTA2,CAMEO MILL BLOCS BOX C14 HT A2,100,352.4223,35242.23
C513,2026-03-27T00:00:00Z,5762,APG181315MB1,CAMEO MILL BLOCS BOX C14 HT B1,100,352.4223,35242.23
C513,2026-03-27T00:00:00Z,218187,CMBBC14HTBL4,CAMEO MILL BLOCS BOX C14 HT BL4,40,352.4223,14096.89
C513,2026-03-27T00:00:00Z,5768,APG181315MLA1,CAMEO MILL BLOCS BOX C14 LT A1,49,352.4222,17268.69
C513,2026-03-27T00:00:00Z,5756,CMBBC14HTA1,CAMEO MILL BLOCS BOX C14 HT A1,88,352.4223,31013.1624
C513,2026-03-27T00:00:00Z,42212501,APG181315MB2,CAMEO MILL BLOCS BOX C14 HT B2,40,352.4223,14096.89
C513,2026-03-27T00:00:00Z,5801,APG12.510PA1,CAMEO PRESS INGOT BOX HT A1,100,302.0762,30207.619999999995
C513,2026-03-27T00:00:00Z,5819,CPIBLTA2,CAMEO PRESS INGOT BOX LT A2,100,302.0762,30207.619999999995
C513,2026-03-27T00:00:00Z,5801,APG12.510PA1,CAMEO PRESS INGOT BOX HT A1,100,302.0762,30207.619999999995
C513,2026-03-27T00:00:00Z,5759,CMBBC14HTA2,CAMEO MILL BLOCS BOX C14 HT A2,31,352.4223,10925.09
C513,2026-03-27T00:00:00Z,5771,APG181315MLA2,CAMEO MILL BLOCS BOX C14 LT A2,40,352.4223,14096.89
C513,2026-03-27T00:00:00Z,5768,APG181315MLA1,CAMEO MILL BLOCS BOX C14 LT A1,40,352.4223,14096.89
C513,2026-03-27T00:00:00Z,5762,APG181315MB1,CAMEO MILL BLOCS BOX C14 HT B1,14,352.4221,4933.91
C513,2026-03-27T00:00:00Z,5816,CPIBLTA1,CAMEO PRESS INGOT BOX LT A1,100,302.0762,30207.619999999995
C513,2026-03-27T00:00:00Z,5819,CPIBLTA2,CAMEO PRESS INGOT BOX LT A2,100,302.0762,30207.619999999995
C513,2026-03-27T00:00:00Z,5819,CPIBLTA2,CAMEO PRESS INGOT BOX LT A2,100,302.0762,30207.619999999995
C513,2026-03-27T00:00:00Z,5771,APG181315MLA2,CAMEO MILL BLOCS BOX C14 LT A2,100,352.4223,35242.23
C513,2026-03-27T00:00:00Z,5762,APG181315MB1,CAMEO MILL BLOCS BOX C14 HT B1,50,352.4222,17621.11
C513,2026-03-27T00:00:00Z,5765,CMBBC14HTBL3W3,CAMEO MILL BLOCS BOX C14 HT BL3/W3,40,352.4223,14096.89
C513,2026-03-27T00:00:00Z,5768,APG181315MLA1,CAMEO MILL BLOCS BOX C14 LT A1,51,352.4224,17973.54
C513,2026-03-27T00:00:00Z,5801,APG12.510PA1,CAMEO PRESS INGOT BOX HT A1,100,302.0762,30207.619999999995
C513,2026-03-27T00:00:00Z,5759,CMBBC14HTA2,CAMEO MILL BLOCS BOX C14 HT A2,100,352.4223,35242.23
C513,2026-03-27T00:00:00Z,5804,CPIBHTA2,CAMEO PRESS INGOT BOX HT A2,100,302.0762,30207.619999999995
C513,2026-03-27T00:00:00Z,5756,CMBBC14HTA1,CAMEO MILL BLOCS BOX C14 HT A1,40,352.4223,14096.89
C513,2026-03-27T00:00:00Z,5774,APG181315MLA3,CAMEO MILL BLOCS BOX C14 LT A3,200,352.4223,70484.46
C513,2026-03-27T00:00:00Z,5756,CMBBC14HTA1,CAMEO MILL BLOCS BOX C14 HT A1,100,352.4223,35242.23
C513,2026-03-27T00:00:00Z,5804,CPIBHTA2,CAMEO PRESS INGOT BOX HT A2,100,302.0762,30207.619999999995
C513,2026-03-27T00:00:00Z,5816,CPIBLTA1,CAMEO PRESS INGOT BOX LT A1,100,302.0762,30207.619999999995
C513,2026-03-27T00:00:00Z,5762,APG181315MB1,CAMEO MILL BLOCS BOX C14 HT B1,40,352.4223,14096.89
C513,2026-03-27T00:00:00Z,5768,APG181315MLA1,CAMEO MILL BLOCS BOX C14 LT A1,50,352.4222,17621.11
C513,2026-03-27T00:00:00Z,5816,CPIBLTA1,CAMEO PRESS INGOT BOX LT A1,100,302.0762,30207.619999999995
C513,2026-03-27T00:00:00Z,5759,CMBBC14HTA2,CAMEO MILL BLOCS BOX C14 HT A2,69,352.4222,24317.13
C513,2026-03-27T00:00:00Z,5771,APG181315MLA2,CAMEO MILL BLOCS BOX C14 LT A2,100,352.4223,35242.23
C513,2026-03-27T00:00:00Z,96010,CMBBC14HTBL1,CAMEO MILL BLOCS BOX C14 HT BL1/W1,20,352.4225,7048.45
C513,2026-03-27T00:00:00Z,5819,CPIBLTA2,CAMEO PRESS INGOT BOX LT A2,100,302.0762,30207.619999999995
C513,2026-03-27T00:00:00Z,791800,CMBBC14HTA3,CAMEO MILL BLOCS BOX C14 HT A3,60,352.4223,21145.34
C513,2026-03-27T00:00:00Z,5804,CPIBHTA2,CAMEO PRESS INGOT BOX HT A2,100,302.0762,30207.619999999995
C513,2026-03-27T00:00:00Z,5759,CMBBC14HTA2,CAMEO MILL BLOCS BOX C14 HT A2,100,352.4223,35242.23
C513,2026-03-27T00:00:00Z,5816,CPIBLTA1,CAMEO PRESS INGOT BOX LT A1,100,302.0762,30207.619999999995
C513,2026-03-27T00:00:00Z,5756,CMBBC14HTA1,CAMEO MILL BLOCS BOX C14 HT A1,100,352.4223,35242.23
C513,2026-03-27T00:00:00Z,5756,CMBBC14HTA1,CAMEO MILL BLOCS BOX C14 HT A1,12,352.4217,4229.06
C513,2026-03-27T00:00:00Z,5804,CPIBHTA2,CAMEO PRESS INGOT BOX HT A2,100,302.0762,30207.619999999995
C513,2026-03-27T00:00:00Z,42652622,ACPW9816MA1,DISCO PMMA MULTI 98 X 16 A1,10,604.152,6041.52
C513,2026-03-27T00:00:00Z,7209139,AMD-500EPRO-IN98,MILLING MACHINE AMD-500E PRO-IN98,10,181849.895,1818498.95
C513,2026-03-27T00:00:00Z,7209147,R-412-110,VACUUM CLEANER R-412 220V,10,12284.434,122844.34
C513,2026-03-27T00:00:00Z,9185113,ACO125,AIZIR SHADE GUIDE,10,100.693,1006.93
C513,2026-03-27T00:00:00Z,42325752,CSF-400PRO-SIC-EU,ZIRCONIA SINTERING FURNACE CSF-400PRO-SIC,10,90622.871,906228.71
C513,2026-03-27T00:00:00Z,9185109,MB2702Z,MILLING BUR ZIR 1.0 DC ROTO FOR AMD-500,10,100.693,1006.93
C513,2026-03-27T00:00:00Z,9185111,MB2701Z,MILLING BUR ZIR 0.6 DC ROTO FOR AMD-500,10,100.693,1006.93
C513,2026-03-27T00:00:00Z,9185104,MB2704Z,MILLING BUR ZIR 2.0 DC ROTO FOR AMD-500,10,100.693,1006.93
C513,2026-03-27T00:00:00Z,9185107,MB2703Z,MILLING BUR ZIR 1.5 DC FLAT FOR AMD-500,10,100.693,1006.93
C513,2026-03-27T00:00:00Z,6150068,APW9816SHT-APMA1,AIZIR 98 X 16MM A1,10,704.845,7048.45
C513,2026-03-27T00:00:00Z,42646281,ACLYDM1000X,EZ PRINT MODEL ALMOND,2,201.385,402.77
C513,2026-03-27T00:00:00Z,42646275,ACCXDM10004,EZ PRINT MODEL GRAY,2,201.385,402.77
C513,2026-03-27T00:00:00Z,42646271,ASA-ISPRO3-EN,A-IS PRO 3 ESCANER,1,105485.03,105485.03
C513,2026-03-27T00:00:00Z,42221990,APW9820SHT-PMOM3,SUPERFECT ZIR SHT-PM 20MM OM3,30,604.1523,18124.57
C513,2026-03-27T00:00:00Z,42221986,APW9820SHT-PMD2,SUPERFECT ZIR SHT-PM 20MM D2,8,604.1525,4833.22
C513,2026-03-27T00:00:00Z,42221982,APW9820SHT-PMA2,SUPERFECT ZIR SHT-PM 20MM A2,30,604.1523,18124.57
C513,2026-03-27T00:00:00Z,42221978,APW9820SHT-PMB2,SUPERFECT ZIR SHT-PM 20MM B2,16,604.1519,9666.43
C513,2026-03-27T00:00:00Z,42221972,APW9820SHT-PMB1,SUPERFECT ZIR SHT-PM 20MM B1,60,604.1525,36249.15
C513,2026-03-27T00:00:00Z,42221968,APW9820SHT-PMA3,SUPERFECT ZIR SHT-PM 20MM A3,16,604.1519,9666.43
C513,2026-03-27T00:00:00Z,42218827,APW9820SHT-PMOM2,SUPERFECT ZIR SHT-PM 20MM OM2,24,604.1525,14499.66
C513,2026-03-27T00:00:00Z,42218815,APW9820SHT-PMOM1,SUPERFECT ZIR SHT-PM 20MM OM1,20,604.1525,12083.05
C513,2026-03-27T00:00:00Z,42218809,APW9820SHT-PMA1,SUPERFECT ZIR SHT-PM 20MM A1,24,604.1525,14499.66
C513,2026-03-27T00:00:00Z,5768,APG181315MLA1,CAMEO MILL BLOCS BOX C14 LT A1,100,352.4223,35242.23
C513,2026-03-27T00:00:00Z,5804,CPIBHTA2,CAMEO PRESS INGOT BOX HT A2,100,302.0762,30207.619999999995
C513,2026-03-27T00:00:00Z,42215658,APG181315MC3,CAMEO MILL BLOCS BOX C14 HT C3,60,352.4223,21145.34
C513,2026-03-27T00:00:00Z,96010,CMBBC14HTBL1,CAMEO MILL BLOCS BOX C14 HT BL1/W1,20,352.4225,7048.45
C513,2026-03-27T00:00:00Z,218169,CMBBC14LTD2,CAMEO MILL BLOCS BOX C14 LT D2,5,352.424,1762.12
C513,2026-03-27T00:00:00Z,5756,CMBBC14HTA1,CAMEO MILL BLOCS BOX C14 HT A1,100,352.4223,35242.23
C513,2026-03-27T00:00:00Z,42215642,APG181315MC1,CAMEO MILL BLOCS BOX C14 HT C1,60,352.4223,21145.34
C513,2026-03-27T00:00:00Z,5804,CPIBHTA2,CAMEO PRESS INGOT BOX HT A2,100,302.0762,30207.619999999995
C513,2026-03-27T00:00:00Z,5771,APG181315MLA2,CAMEO MILL BLOCS BOX C14 LT A2,100,352.4223,35242.23
C513,2026-03-27T00:00:00Z,5771,APG181315MLA2,CAMEO MILL BLOCS BOX C14 LT A2,9,352.4222,3171.8
C514,2026-03-27T00:00:00Z,42001585,181370,CERAMILL MATRON CORE,3,594742.9467,1784228.8401
C514,2026-03-27T00:00:00Z,295072,180490,CHUCK 3MM MATRON,3,2049.47,6148.41
C514,2026-03-27T00:00:00Z,295042,181385,BLANK HOLDER METAL MATRON,3,18433.7867,55301.360100000005
C514,2026-03-27T00:00:00Z,295039,181383,BLANK HOLDER BLOCKS 4X UN MATRON,3,10301.2333,30903.6999
C514,2026-03-27T00:00:00Z,295033,181380,BLANK HOLDER C CLAMP MATRON,3,10301.2333,30903.6999
C514,2026-03-27T00:00:00Z,295027,181389,AUTOCALIBRATION KIT MATRON,3,19518.1267,58554.3801
C514,2026-03-27T00:00:00Z,307925,181378,CERAMILL MATRON SNAPMAG,3,5421.7,16265.099999999999
C514,2026-03-27T00:00:00Z,295015,181376,CERAMILL COOLANTFLOW MATRON,3,37843.5233,113530.5699
C514,2026-03-27T00:00:00Z,295012,181375,CERAMILL TANK MATRON,3,10843.4067,32530.2201
C514,2026-03-27T00:00:00Z,92543,179164,CERAMILL MATCH 2 CAM DONGLE,1,39375.49,39375.49
C514,2026-03-27T00:00:00Z,295072,180490,CHUCK 3MM MATRON,1,2862.29,2862.29
C514,2026-03-27T00:00:00Z,295042,181385,BLANK HOLDER METAL MATRON,3,19721.06,59163.18000000001
C514,2026-03-27T00:00:00Z,295039,181383,BLANK HOLDER BLOCKS 4X UN MATRON,1,11020.59,11020.59
C515,2026-03-30T00:00:00Z,43422432,9Z000002698,SCAN LADDER 8X KIT SCREW 1.40,35,16492.53,577238.5499999999
C515,2026-03-30T00:00:00Z,43425570,9Z000002708,SCAN LADDER 5X KIT SCREW 1.60,5,16492.53,82462.65
C517,2026-03-31T00:00:00Z,43492049,EUAPW9820SHT-APMC2,EU AIZIR MULITLAYER 98 X 20 C2,3,987.6833,2963.05
C517,2026-03-31T00:00:00Z,43492037,EUAPW9820SHT-APMA3,EU AIZIR MULITLAYER 98 X 20 A3,3,987.6833,2963.05
C517,2026-03-31T00:00:00Z,43492041,EUAPW9820SHT-APMB2,EU AIZIR MULITLAYER 98 X 20 B2,2,987.685,1975.37
C517,2026-03-31T00:00:00Z,43492045,EUAPW9820SHT-APMB3,EU AIZIR MULITLAYER 98 X 20 B3,2,987.685,1975.37
C517,2026-03-31T00:00:00Z,43492053,EUAPW9825SHT-APMA3,EU AIZIR MULITLAYER 98 X 25 A3,5,1167.262,5836.31
C517,2026-03-31T00:00:00Z,43491854,EUAPW9818SHT-APMB2,EU AIZIR MULITLAYER 98 X 18 B2,1,897.9,897.9
C517,2026-03-31T00:00:00Z,43491858,EUAPW9818SHT-APMB3,EU AIZIR MULITLAYER 98 X 18 B3,1,897.9,897.9
C517,2026-03-31T00:00:00Z,43492029,EUAPW9816SHT-APMOM3,EU AIZIR MULITLAYER 98 X 16 OM3,5,808.106,4040.53
C517,2026-03-31T00:00:00Z,43492033,EUAPW9818SHT-APMB1,EU AIZIR MULITLAYER 98 X 18 B1,6,897.8933,5387.36
C517,2026-03-31T00:00:00Z,43491850,EUAPW9818SHT-APMA3.5,EU AIZIR MULTILAYER 98 X 18 A3.5,1,897.9,897.9
C517,2026-03-31T00:00:00Z,43491826,EUAPW9816SHT-APMA3.5,EU AIZIR MULTILAYER 98 X 16 A3.5,4,808.105,3232.42
C517,2026-03-31T00:00:00Z,43491830,EUAPW9816SHT-APMB2,EU AIZIR MULTILAYER 98 X 16 B2,2,808.105,1616.21
C517,2026-03-31T00:00:00Z,43491834,EUAPW9816SHT-APMB3,EU AIZIR MULTILAYER 98 X 16 B3,5,808.106,4040.53
C517,2026-03-31T00:00:00Z,43492021,EUAPW9816SHT-APMOM1,EU AIZIR MULITLAYER 98 X 16 OM1,5,808.106,4040.53
C517,2026-03-31T00:00:00Z,43492025,EUAPW9816SHT-APMOM2,EU AIZIR MULITLAYER 98 X 16 OM2,5,808.106,4040.53
C521,2026-04-07T00:00:00Z,43491838,EUAPW9818SHT-APMA1,EU AIZIR MULTILAYER 98 X 18 A1,2,891.795,1783.59
C521,2026-04-07T00:00:00Z,43491842,EUAPW9818SHT-APMA2,EU AIZIR MULTILAYER 98 X 18 A2,2,891.795,1783.59
C521,2026-04-07T00:00:00Z,43491846,EUAPW9818SHT-APMA3,EU AIZIR MULTILAYER 98 X 18 A3,2,891.795,1783.59
C521,2026-04-07T00:00:00Z,43491850,EUAPW9818SHT-APMA3.5,EU AIZIR MULTILAYER 98 X 18 A3.5,1,891.8,891.8
C521,2026-04-07T00:00:00Z,43491854,EUAPW9818SHT-APMB2,EU AIZIR MULITLAYER 98 X 18 B2,2,891.795,1783.59
C521,2026-04-07T00:00:00Z,43491858,EUAPW9818SHT-APMB3,EU AIZIR MULITLAYER 98 X 18 B3,1,891.8,891.8
C521,2026-04-07T00:00:00Z,43491862,EUAPW9818SHT-APMC1,EU AIZIR MULITLAYER 98 X 18 C1,1,891.8,891.8
C521,2026-04-07T00:00:00Z,43491866,EUAPW9818SHT-APMC2,EU AIZIR MULITLAYER 98 X 18 C2,1,891.8,891.8
C521,2026-04-07T00:00:00Z,43491870,EUAPW9818SHT-APMD2,EU AIZIR MULITLAYER 98 X 18 D2,1,891.8,891.8
C521,2026-04-07T00:00:00Z,43491874,EUAPW9822SHT-APMA2,EU AIZIR MULITLAYER 98 X 22 A2,2,1070.155,2140.31
C521,2026-04-07T00:00:00Z,43491878,EUAPW9822SHT-APMB1,EU AIZIR MULITLAYER 98 X 22 B1,1,1070.16,1070.16
C521,2026-04-07T00:00:00Z,43491882,EUACPW9814MOM2,EU PMMA MILTILAYER 98 X 14 OM2,1,356.72,356.72
C521,2026-04-07T00:00:00Z,43491886,EUACF-GLAZE,EU BIOMIC STAINS GLAZE,10,535.078,5350.78
C519,2026-04-07T00:00:00Z,40768827,MACBOOK,MACBOOK,5,12935.844,64679.219999999994
C521,2026-04-07T00:00:00Z,43491809,EUAPW9816SHT-APMA1,EU AIZIR MULTILAYER 98 X 16 A1,3,802.6167,2407.85
C521,2026-04-07T00:00:00Z,43491711,EUAPW9812SHT-APMB1,EU AIZIR MULTILAYER 98 X 12  B1,5,624.258,3121.29
C521,2026-04-07T00:00:00Z,43491754,EUAPW9812SHT-APMA1,EU AIZIR MULTILAYER 98 X 12 A1,8,624.2575,4994.06
C521,2026-04-07T00:00:00Z,43491758,EUAPW9812SHT-APMA2,EU AIZIR MULTILAYER 98 X 12 A2,15,624.2573,9363.86
C521,2026-04-07T00:00:00Z,43491762,EUAPW9812SHT-APMA3,EU AIZIR MULTILAYER 98 X 12 A3,5,624.258,3121.29
C521,2026-04-07T00:00:00Z,43491766,EUAPW9814SHT-APMA1,EU AIZIR MULTILAYER 98 X 14 A1,5,713.436,3567.18
C521,2026-04-07T00:00:00Z,43491771,EUAPW9814SHT-APMA2,EU AIZIR MULTILAYER 98 X 14 A2,20,713.437,14268.74
C520,2026-04-07T00:00:00Z,44871866,AMW400-010,CALIBRATING RODS FOR CUTTING MACHINES,100,68.5191,6851.91
C521,2026-04-07T00:00:00Z,43491775,EUAPW9814SHT-APMA3,EU AIZIR MULTILAYER 98 X 14 A3,4,713.4375,2853.75
C521,2026-04-07T00:00:00Z,43491779,EUAPW9814SHT-APMA3.5,EU AIZIR MULTILAYER 98 X 14 A3.5,1,713.44,713.44
C521,2026-04-07T00:00:00Z,43491783,EUAPW9814SHT-APMB1,EU AIZIR MULTILAYER 98 X 14 B1,3,713.4367,2140.31
C521,2026-04-07T00:00:00Z,43491787,EUAPW9814SHT-APMB2,EU AIZIR MULTILAYER 98 X 14 B2,4,713.4375,2853.75
C521,2026-04-07T00:00:00Z,43491791,EUAPW9814SHT-APMB3,EU AIZIR MULTILAYER 98 X 14 B3,1,713.44,713.44
C521,2026-04-07T00:00:00Z,43491795,EUAPW9814SHT-APMC3,EU AIZIR MULTILAYER 98 X 14 C3,2,713.435,1426.87
C521,2026-04-07T00:00:00Z,43491818,EUAPW9816SHT-APMA2,EU AIZIR MULTILAYER 98 X 16 A2,5,802.618,4013.09
C521,2026-04-07T00:00:00Z,43491822,EUAPW9816SHT-APMA3,EU AIZIR MULTILAYER 98 X 16 A3,3,802.6167,2407.85
C521,2026-04-07T00:00:00Z,43491826,EUAPW9816SHT-APMA3.5,EU AIZIR MULTILAYER 98 X 16 A3.5,1,802.62,802.62
C521,2026-04-07T00:00:00Z,43491830,EUAPW9816SHT-APMB2,EU AIZIR MULTILAYER 98 X 16 B2,2,802.615,1605.23
C521,2026-04-07T00:00:00Z,43491834,EUAPW9816SHT-APMB3,EU AIZIR MULTILAYER 98 X 16 B3,2,802.615,1605.23
C522,2026-04-08T00:00:00Z,8330,MI868,MIYO MAMELON PUMPKIN FLUOR PASTE 4G,20,705.1395,14102.79
C522,2026-04-08T00:00:00Z,8333,MI869,MIYO STRUCTURE WINDOW FLUOR PASTE 4G,10,705.14,7051.4
C522,2026-04-08T00:00:00Z,8339,MI872,MIYO STRUCTURE ENAMEL FLUOR PASTE 4G,10,705.14,7051.4
C522,2026-04-08T00:00:00Z,87155,MI953,MIYO HIGH FUSING STRUCTURE ENAMEL PASTE 4G,10,705.14,7051.4
C522,2026-04-08T00:00:00Z,8396,MI892,MIYO GINGIVAL STRUCTURE FROST PASTE 4G,20,705.1395,14102.79
C522,2026-04-08T00:00:00Z,8399,MI893,MIYO TRANS SAGE FLUOR PASTE 4G,20,705.1395,14102.79
C522,2026-04-08T00:00:00Z,8402,MI894,MIYO TRANS COBALT FLUOR PASTE 4G,20,705.1395,14102.79
C522,2026-04-08T00:00:00Z,8405,MI895,MIYO TRANS SLATE FLUOR PASTE 4G,30,705.1393,21154.18
C522,2026-04-08T00:00:00Z,14291,ZR249,INSYN FC GLAZE PASTE 4G,300,525.4701,157641.03
C522,2026-04-08T00:00:00Z,14288,ZR190,INSYNC ZR GLAZE LIQUID 25 ML,50,226.279,11313.95
C522,2026-04-08T00:00:00Z,8423,MI957,MIYO GINGIVAL VENULE 4G,5,705.138,3525.69
C522,2026-04-08T00:00:00Z,8387,MI889,MIYO GINGIVAL SALMON PASTE 4G,20,705.1395,14102.79
C523,2026-04-08T00:00:00Z,6150140,APW9825SHT-APMB1,AIZIR 98 X 25MM B1,60,1371.3997,82283.98199999999
C523,2026-04-08T00:00:00Z,16301366,APW9816SHT-APMD3,AIZIR 98 X 16MM D3,10,914.266,9142.66
C523,2026-04-08T00:00:00Z,6150104,APW9816SHT-PMA1,NEW SUPERFECT ZIR PM 16MM A1,500,571.4166,285708.3
C523,2026-04-08T00:00:00Z,16363492,APW9822SHT-APMA2,AIZIR 98 X 22MM A2,30,1257.1167,37713.5
C523,2026-04-08T00:00:00Z,16304491,APW9820SHT-APMOM2,AIZIR 98 X 20MM OM2,40,1142.833,45713.32
C523,2026-04-08T00:00:00Z,16304493,APW9820SHT-APMOM3,AIZIR 98 X 20MM OM3,50,1142.8332,57141.66
C523,2026-04-08T00:00:00Z,6150092,APW9816SHT-PMA3,NEW SUPERFECT ZIR PM 16MM A3,250,571.4166,142854.15
C523,2026-04-08T00:00:00Z,6150132,APW9820SHT-APMA2,AIZIR 98 X 20MM A2,100,1142.8331,114283.31000000001
C523,2026-04-08T00:00:00Z,6150116,APW9816SHT-APMA3,AIZIR 98 X 16MM A3,80,914.2665,73141.31999999999
C523,2026-04-08T00:00:00Z,6150112,APW9816SHT-APMB1,AIZIR 98 X 16MM B1,100,914.2665,91426.65
C523,2026-04-08T00:00:00Z,16304487,APW9820SHT-APMB2,AIZIR 98 X 20MM B2,40,1142.833,45713.32
C523,2026-04-08T00:00:00Z,6150088,APW9816SHT-PMB1,NEW SUPERFECT ZIR PM 16MM B1,140,571.4166,79998.32400000001
C523,2026-04-08T00:00:00Z,6150064,APW9816SHT-APMA2,AIZIR 98 X 16MM A2,200,914.2665,182853.3
C523,2026-04-08T00:00:00Z,16363499,APW9825SHT-APMB2,AIZIR 98 X 25MM B2,10,1371.4,13714.0
C523,2026-04-08T00:00:00Z,6150124,APW9820SHT-APMB1,AIZIR 98 X 20MM B1,150,1142.8331,171424.965
C523,2026-04-08T00:00:00Z,6150073,APW9814SHT-PMA1,NEW SUPERFECT ZIR PM 14MM A1,500,571.4166,285708.3
C523,2026-04-08T00:00:00Z,16301339,APW9814SHT-APMB2,AIZIR 98 X 14MM B2,20,799.983,15999.66
C523,2026-04-08T00:00:00Z,16301368,APW9816SHT-APMOM2,AIZIR 98 X 16MM OM2,20,914.2665,18285.33
C523,2026-04-08T00:00:00Z,16304489,APW9820SHT-APMOM1,AIZIR 98 X 20MM OM1,40,1142.833,45713.32
C523,2026-04-08T00:00:00Z,6150096,APW9818SHT-PMA1,NEW SUPERFECT ZIR PM 18MM A1,120,685.6998,82283.976
C523,2026-04-08T00:00:00Z,16301335,APW9814SHT-APMA3.5,AIZIR 98 X 14MM A3.5,20,799.983,15999.66
C523,2026-04-08T00:00:00Z,16301359,APW9816SHT-APMC2,AIZIR 98 X 16MM C2,20,914.2665,18285.33
C523,2026-04-08T00:00:00Z,16301352,APW9816SHT-APMA3.5,AIZIR 98 X 16MM A3.5,40,914.2665,36570.66
C523,2026-04-08T00:00:00Z,16363490,APW9822SHT-APMA1,AIZIR 98 X 22MM A1,20,1257.1165,25142.33
C523,2026-04-08T00:00:00Z,6150084,APW9814SHT-PMA3,NEW SUPERFECT ZIR PM 14MM A3,80,571.4165,45713.32
C523,2026-04-08T00:00:00Z,9185119,APW9814SHT-APMA1,AIZIR 98 X 14MM A1,200,799.9832,159996.64
C523,2026-04-08T00:00:00Z,6150100,APW9818SHT-PMA2,NEW SUPERFECT ZIR PM 18MM A2,120,685.6998,82283.976
C523,2026-04-08T00:00:00Z,16301337,APW9814SHT-APMB1,AIZIR 98 X 14MM B1,40,799.9833,31999.33
C523,2026-04-08T00:00:00Z,6150108,APW9816SHT-PMA2,NEW SUPERFECT ZIR PM 16MM A2,600,571.4166,342849.96
C523,2026-04-08T00:00:00Z,16304485,APW9820SHT-APMA3,AIZIR 98 X 20MM A3,40,1142.833,45713.32
C523,2026-04-08T00:00:00Z,6150128,APW9818SHT-PMA3,NEW SUPERFECT ZIR PM 18MM A3,50,685.6998,34284.99
C523,2026-04-08T00:00:00Z,6150120,APW9820SHT-APMA1,AIZIR 98 X 20MM A1,150,1142.8331,171424.965
C523,2026-04-08T00:00:00Z,16298144,APW9814SHT-APMA3,AIZIR 98 X 14MM A3,50,799.9834,39999.17
C523,2026-04-08T00:00:00Z,6150080,APW9814SHT-PMA2,NEW SUPERFECT ZIR PM 14MM A2,600,571.4166,342849.96
C523,2026-04-08T00:00:00Z,16363494,APW9825SHT-APMA1,AIZIR 98 X 25MM A1,30,1371.3997,41141.99
C523,2026-04-08T00:00:00Z,84076,GPKIT12ZG,DENTAL GRINDING AND POLISHING BURS,40,1325.6863,53027.45
C523,2026-04-08T00:00:00Z,16301355,APW9816SHT-APMB2,AIZIR 98 X 16MM B2,50,914.2664,45713.32
C523,2026-04-08T00:00:00Z,16298142,APW9814SHT-APMA2,AIZIR 98 X 14MM A2,200,799.9832,159996.64
C523,2026-04-08T00:00:00Z,45051591,APW9814SHT-PMB2,SUPERFECT ZIR SHT-PM 14MM B2,60,571.4165,34284.99
C523,2026-04-08T00:00:00Z,45051586,APW9816SHT-PMB2,SUPERFECT ZIR SHT-PM 16MM B2,100,571.4166,57141.66
C523,2026-04-08T00:00:00Z,45051582,APW9818SHT-PMB1,SUPERFECT ZIR SHT-PM 18MM B1,50,685.6998,34284.99
C523,2026-04-08T00:00:00Z,45051578,APW9818SHT-PMC2,SUPERFECT ZIR SHT-PM 18MM C2,10,685.7,6857.0
C523,2026-04-08T00:00:00Z,45051502,APW9816SHT-PMC2,SUPERFECT ZIR SHT-PM 16MM C2,20,571.4165,11428.33
C523,2026-04-08T00:00:00Z,45048436,APW9822SHT-APMB1,AIZIR 98 X 22MM B1,40,1257.1165,50284.66
C523,2026-04-08T00:00:00Z,45048429,APW9814SHT-PMB1,SUPERFECT ZIR SHT-PM 14MM B1,100,571.4166,57141.66
C523,2026-04-08T00:00:00Z,45048420,APW9818SHT-PMB2,SUPERFECT ZIR SHT-PM 18MM B2,40,685.6998,27427.99
C523,2026-04-08T00:00:00Z,102279,ACO032,FIRING PASTE,80,159.9966,12799.73
C523,2026-04-08T00:00:00Z,9185104,MB2704Z,MILLING BUR ZIR 2.0 DC ROTO FOR AMD-500,20,388.5635,7771.27
C523,2026-04-08T00:00:00Z,16522092,MB2706Z,MILLING BUR ZIR 2.0 DC ROTO LONG FOR AMD-500,10,388.563,3885.63
C523,2026-04-08T00:00:00Z,16372820,MB2715P,FRESA DE PMMA 1.5,10,297.136,2971.36
C523,2026-04-08T00:00:00Z,16522104,MB2716P,FRESA DE PMMA 2.0 25MM,20,297.1365,5942.73
C523,2026-04-08T00:00:00Z,16372818,MB2710P,FRESA DE PMMA 2.0 16MM,10,297.136,2971.36
C523,2026-04-08T00:00:00Z,16372813,MB2708P,FRESA DE PMMA 0.6,10,297.136,2971.36
C523,2026-04-08T00:00:00Z,9185111,MB2701Z,MILLING BUR ZIR 0.6 DC ROTO FOR AMD-500,30,388.5633,11656.9
C523,2026-04-08T00:00:00Z,9185109,MB2702Z,MILLING BUR ZIR 1.0 DC ROTO FOR AMD-500,30,388.5633,11656.9
C523,2026-04-08T00:00:00Z,9185107,MB2703Z,MILLING BUR ZIR 1.5 DC FLAT FOR AMD-500,20,388.5635,7771.27
C523,2026-04-08T00:00:00Z,16522090,MB2705Z,MILLING BUR ZIR 1.0 DC ROTO LONG FOR AMD-500,10,388.563,3885.63
C523,2026-04-08T00:00:00Z,16522102,MB2714P,FRESA DE PMMA 1.0 20MM,10,297.136,2971.36
C523,2026-04-08T00:00:00Z,16372815,MB2709P,FRESA DE PMMA 1.0 16MM,10,297.136,2971.36
C523,2026-04-08T00:00:00Z,16298094,CMBBC14LTA3.5,CAMEO MILL BLOCS BOX C14 LT A3.5,10,399.992,3999.92
C523,2026-04-08T00:00:00Z,218169,CMBBC14LTD2,CAMEO MILL BLOCS BOX C14 LT D2,10,399.992,3999.92
C523,2026-04-08T00:00:00Z,5762,APG181315MB1,CAMEO MILL BLOCS BOX C14 HT B1,600,399.9916,239994.96
C523,2026-04-08T00:00:00Z,5810,APG12.510PB1,CAMEO PRESS INGOT BOX HT B1,200,457.1333,91426.66
C523,2026-04-08T00:00:00Z,83147,CPIBLTB1,CAMEO PRESS INGOT BOX LT B1,100,342.8499,34284.99
C523,2026-04-08T00:00:00Z,218183,CMBBC14HTBL2,CAMEO MILL BLOCS BOX C14 HT BL2,400,399.9916,159996.64
C523,2026-04-08T00:00:00Z,5768,APG181315MLA1,CAMEO MILL BLOCS BOX C14 LT A1,300,399.9916,119997.48
C523,2026-04-08T00:00:00Z,86619,CMBBC14LTBL1,CAMEO MILL BLOCS BOX C14 LT BL1,30,399.9913,11999.74
C523,2026-04-08T00:00:00Z,5774,APG181315MLA3,CAMEO MILL BLOCS BOX C14 LT A3,100,399.9917,39999.17
C523,2026-04-08T00:00:00Z,86616,APG181315MLBL2,CAMEO MILL BLOCS BOX C14 LT BL2,60,399.9917,23999.5
C523,2026-04-08T00:00:00Z,791800,CMBBC14HTA3,CAMEO MILL BLOCS BOX C14 HT A3,400,399.9916,159996.64
C523,2026-04-08T00:00:00Z,16298116,APG181315MLBL3,CAMEO MILL BLOCS BOX C14 LT BL3,30,399.9913,11999.74
C523,2026-04-08T00:00:00Z,96010,CMBBC14HTBL1,CAMEO MILL BLOCS BOX C14 HT BL1/W1,100,399.9917,39999.17
C523,2026-04-08T00:00:00Z,91771,CPIBHTB2,CAMEO PRESS INGOT BOX HT B2,200,457.1333,91426.66
C523,2026-04-08T00:00:00Z,5771,APG181315MLA2,CAMEO MILL BLOCS BOX C14 LT A2,300,399.9916,119997.48
C523,2026-04-08T00:00:00Z,5825,CPIBLTB2,CAMEO PRESS INGOT BOX LT B2,100,342.8499,34284.99
C523,2026-04-08T00:00:00Z,218191,CPIBHTBL2,CAMEO PRESS INGOT BOX HT BL2,100,342.8499,34284.99
C523,2026-04-08T00:00:00Z,5822,CPIBLTA3,CAMEO PRESS INGOT BOX LT A3,200,457.1333,91426.66
C523,2026-04-08T00:00:00Z,86610,CPIBLTBL2,CAMEO PRESS INGOT BOX LT BL2,30,342.85,10285.5
C522,2026-04-08T00:00:00Z,8408,MI896,MIYO TRANS LUMIN PLUS FLUOR PASTE 4G,10,705.14,7051.4
C522,2026-04-08T00:00:00Z,8411,MI897,MIYO GINGIVAL SABLE PASTE 4G,10,705.14,7051.4
C522,2026-04-08T00:00:00Z,8414,MI898,MIYO GINGIVAL THISTLE PASTE 4G,5,705.138,3525.69
C522,2026-04-08T00:00:00Z,8417,MI950,MIYO TRANS SUNFLOWER 4G,20,705.1395,14102.79
C522,2026-04-08T00:00:00Z,8420,MI951,MIYO GINGIVAL CARNATION 4G,40,705.1395,28205.58
C522,2026-04-08T00:00:00Z,8390,MI890,MIYO GINGIVAL STRUCTURE ORCHID PASTE 4G,40,705.1395,28205.58
C522,2026-04-08T00:00:00Z,8345,MI875,MIYO TRANS SMOKE FLUOR PASTE 4G,50,705.1396,35256.98
C522,2026-04-08T00:00:00Z,8348,MI876,MIYO TRANS LUMIN FLUOR PASTE 4G,20,705.1395,14102.79
C522,2026-04-08T00:00:00Z,8351,MI877,MIYO TRANS SHADE A FLUOR PASTE 4G,120,705.1395,84616.74
C522,2026-04-08T00:00:00Z,8354,MI878,MIYO TRANS SHADE B FLUOR PASTE 4G,60,705.1395,42308.37
C522,2026-04-08T00:00:00Z,8357,MI879,MIYO TRANS SHADE C FLUOR PASTE 4G,40,705.1395,28205.58
C522,2026-04-08T00:00:00Z,8360,MI880,MIYO TRANS SHADE D FLUOR PASTE 4G,10,705.14,7051.4
C522,2026-04-08T00:00:00Z,8363,MI881,MIYO GINGIVAL FLAMINGO PASTE 4G,40,705.1395,28205.58
C522,2026-04-08T00:00:00Z,8366,MI882,MIYO GINGIVAL CRIMSON PASTE 4G,5,705.138,3525.69
C522,2026-04-08T00:00:00Z,8369,MI883,MIYO GINGIVAL TRANS MIDNIGHT PASTE 4G,30,705.1393,21154.18
C522,2026-04-08T00:00:00Z,8375,MI885,MIYO GINGIVAL MERLOT PASTE 4G,100,705.1395,70513.95
C522,2026-04-08T00:00:00Z,87152,MI952,MIYO TRANS GARNET PASTE 4G,20,705.1395,14102.79
C522,2026-04-08T00:00:00Z,8372,MI884,MIYO GINGIVAL PLUM PASTE 4G,10,705.14,7051.4
C522,2026-04-08T00:00:00Z,8393,MI891,MIYO GINGIVAL STRUCTURE ROUGE PASTE 4G,30,705.1393,21154.18
C522,2026-04-08T00:00:00Z,8381,MI887,MIYO GINGIVAL TRANS RASPBERRY PASTE 4G,80,705.1395,56411.16
C522,2026-04-08T00:00:00Z,8384,MI888,MIYO GINGIVAL TRANS COPPER PASTE 4G,10,705.14,7051.4
C522,2026-04-08T00:00:00Z,8378,MI886,MIYO GINGIVAL SORBET PASTE 4G,20,705.1395,14102.79
C522,2026-04-08T00:00:00Z,8291,MI008,MIYO BRUSH KIT,5,3287.234,16436.17
C522,2026-04-08T00:00:00Z,8294,MI821,MIYO GINGIVAL GLAZE PASTE NO FLOUR 4G,20,705.1395,14102.79
C522,2026-04-08T00:00:00Z,8297,MI857,MIYO SNOW FLUOR PASTE 4G,20,705.1395,14102.79
C522,2026-04-08T00:00:00Z,8300,MI858,MIYO LINEN FLUOR PASTE 4G,10,705.14,7051.4
C522,2026-04-08T00:00:00Z,8306,MI860,MIYO TRANS STORM FLUOR PASTE 4G,30,705.1393,21154.18
C522,2026-04-08T00:00:00Z,8312,MI862,MIYO TRANS STRAW FLUOR PASTE 4G,10,705.14,7051.4
C522,2026-04-08T00:00:00Z,8315,MI863,MIYO TRANS CLEMENTINE FLUOR PASTE 4G,50,705.1396,35256.98
C522,2026-04-08T00:00:00Z,8318,MI864,MIYO HALO SPRIN FLUOR PASTE 4G,20,705.1395,14102.79
C522,2026-04-08T00:00:00Z,8324,MI866,MIYO MAMELON WHEAT FLUOR PASTE 4G,10,705.14,7051.4
C522,2026-04-08T00:00:00Z,8327,MI867,MIYO MAMELON CORAL FLUOR PASTE 4G,10,705.14,7051.4
C524,2026-04-14T00:00:00Z,13517,VMKOB112G,VMK OPAQUE B1 12G,5,146.95,734.75
C524,2026-04-14T00:00:00Z,13454,VMKM2,VMK MARGIN M2,4,170.305,681.22
C524,2026-04-14T00:00:00Z,13127,VMKD2L1.512G,VMK DENTINE 2L1.5 12G,15,146.9507,2204.26
C524,2026-04-14T00:00:00Z,13121,VMKD1M212G,VMK DENTINE 1M2 12G,5,146.95,734.75
C524,2026-04-14T00:00:00Z,13103,VMKD0M212G,VMK DENTINE 0M2 12G,1,146.95,146.95
C524,2026-04-14T00:00:00Z,13715,VMKOD4M212G,VMK OPAQUE DENTINE 4M2 12G,2,146.95,293.9
C524,2026-04-14T00:00:00Z,13679,VMKOD3R1.512G,VMK OPAQUE DENTINE 3R1.5 12G,2,146.95,293.9
C524,2026-04-14T00:00:00Z,13673,VMKOD3M312G,VMK OPAQUE DENTINE 3M3 12G,2,146.95,293.9
C524,2026-04-14T00:00:00Z,13667,VMKOD3M212G,VMK OPAQUE DENTINE 3M2 12G,20,146.9505,2939.01
C524,2026-04-14T00:00:00Z,13661,VMKOD3M112G,VMK OPAQUE DENTINE 3M1 12G,5,146.95,734.75
C524,2026-04-14T00:00:00Z,13655,VMKOD3L2.512G,VMK OPAQUE DENTINE 3L2.5 12G,5,146.95,734.75
C524,2026-04-14T00:00:00Z,13649,VMKOD3L1.512G,VMK OPAQUE DENTINE 3L1.5 12G,5,146.95,734.75
C524,2026-04-14T00:00:00Z,13637,VMKOD2R2.512G,VMK OPAQUE DENTINE 2R2.5 12G,5,146.95,734.75
C524,2026-04-14T00:00:00Z,13631,VMKOD2R1.512G,VMK OPAQUE DENTINE 2R1.5 12G,5,146.95,734.75
C524,2026-04-14T00:00:00Z,13613,VMKOD2M112G,VMK OPAQUE DENTINE 2M1 12G,5,146.95,734.75
C524,2026-04-14T00:00:00Z,13607,VMKOD2L2.512G,VMK OPAQUE DENTINE 2L2.5 12G,5,146.95,734.75
C524,2026-04-14T00:00:00Z,13583,VMKOD1M112G,VMK OPAQUE DENTINE 1M1 12G,3,146.9533,440.86
C524,2026-04-14T00:00:00Z,13565,VMKOD0M112G,VMK OPAQUE DENTINE 0M1 12G,3,146.9533,440.86
C524,2026-04-14T00:00:00Z,13895,VMKOP512G,VMK OPAQUE OP5 12G,2,146.95,293.9
C524,2026-04-14T00:00:00Z,13889,VMKOP412G,VMK OPAQUE OP4 12G,2,146.95,293.9
C524,2026-04-14T00:00:00Z,13883,VMKOP312G,VMK OPAQUE OP3 12G,15,146.9507,2204.26
C524,2026-04-14T00:00:00Z,13877,VMKOP212G,VMK OPAQUE OP2 12G,25,146.9504,3673.76
C524,2026-04-14T00:00:00Z,13871,VMKOP112G,VMK OPAQUE OP1 12G,10,146.951,1469.51
C524,2026-04-14T00:00:00Z,13349,VMKDD212G,VMK DENTINE D2 12G,2,146.95,293.9
C524,2026-04-14T00:00:00Z,13331,VMKDC212G,VMK DENTINE C2 12G,5,146.95,734.75
C524,2026-04-14T00:00:00Z,13313,VMKDB312G,VMK DENTINE B3 12G,10,146.951,1469.51
C524,2026-04-14T00:00:00Z,13307,VMKDB212G,VMK DENTINE B2 12G,20,146.9505,2939.01
C524,2026-04-14T00:00:00Z,13301,VMKDB112G,VMK DENTINE B1 12G,10,146.951,1469.51
C524,2026-04-14T00:00:00Z,13295,VMKDA412G,VMK DENTINE A4 12G,10,146.951,1469.51
C524,2026-04-14T00:00:00Z,13283,VMKDA3.512G,VMK DENTINE A3.5 12G,40,146.9505,5878.02
C524,2026-04-14T00:00:00Z,13289,VMKDA312G,VMK DENTINE A3 12G,100,146.9506,14695.060000000001
C524,2026-04-14T00:00:00Z,13277,VMKDA212G,VMK DENTINE A2 12G,100,146.9506,14695.060000000001
C524,2026-04-14T00:00:00Z,13271,VMKDA112G,VMK DENTINE A1 12G,50,146.9508,7347.54
C524,2026-04-14T00:00:00Z,13811,VMKODC112G,VMK OPAQUE DENTINE C1 12G,3,146.9533,440.86
C524,2026-04-14T00:00:00Z,13805,VMKODB412G,VMK OPAQUE DENTINE B4 12G,3,146.9533,440.86
C524,2026-04-14T00:00:00Z,13799,VMKODB312G,VMK OPAQUE DENTINE B3 12G,5,146.95,734.75
C524,2026-04-14T00:00:00Z,13793,VMKODB212G,VMK OPAQUE DENTINE B2 12G,10,146.951,1469.51
C524,2026-04-14T00:00:00Z,13787,VMKODB112G,VMK OPAQUE DENTINE B1 12G,5,146.95,734.75
C524,2026-04-14T00:00:00Z,13781,VMKODA412G,VMK OPAQUE DENTINE A4 12G,5,146.95,734.75
C524,2026-04-14T00:00:00Z,13769,VMKODA3.512G,VMK OPAQUE DENTINE A3.5 12G,10,146.951,1469.51
C524,2026-04-14T00:00:00Z,13775,VMKODA312G,VMK OPAQUE DENTINE A3 12G,30,146.9507,4408.52
C524,2026-04-14T00:00:00Z,13763,VMKODA212G,VMK OPAQUE DENTINE A2 12G,40,146.9505,5878.02
C524,2026-04-14T00:00:00Z,13757,VMKODA112G,VMK OPAQUE DENTINE A1 12G,20,146.9505,2939.01
C524,2026-04-14T00:00:00Z,13595,VMKOD212G,VMK OPAQUE D2 12G,3,146.9533,440.86
C524,2026-04-14T00:00:00Z,13523,VMKOB212G,VMK OPAQUE B2 12G,5,146.95,734.75
C524,2026-04-14T00:00:00Z,13511,VMKOA412G,VMK OPAQUE A4 12G,5,146.95,734.75
C524,2026-04-14T00:00:00Z,13499,VMKOA3.512G,VMK OPAQUE A3.5 12G,10,146.951,1469.51
C524,2026-04-14T00:00:00Z,13505,VMKOA312G,VMK OPAQUE A3 12G,30,146.9507,4408.52
C524,2026-04-14T00:00:00Z,13493,VMKOA212G,VMK OPAQUE A2 12G,40,146.9505,5878.02
C524,2026-04-14T00:00:00Z,13487,VMKOA112G,VMK OPAQUE A1 12G,10,146.951,1469.51
C524,2026-04-14T00:00:00Z,198884,AKZLCSTANDKIT,AKZENT LC STANDARD KIT,13,5769.41,75002.33
C524,2026-04-14T00:00:00Z,13625,VMKOD2M312G,VMK OPAQUE DENTINE 2M3 12G,5,146.95,734.75
C524,2026-04-14T00:00:00Z,8477,OPAFLUVMK250ML,"OPAQUE FLUID (AMARILLO, VMK) 250ML",15,452.7487,6791.23
C524,2026-04-14T00:00:00Z,8480,OPAFLUVMK50ML,"OPAQUE FLUID (AMARILLO, VMK) 50ML",40,115.8863,4635.45
C524,2026-04-14T00:00:00Z,13859,VMKONECOLKITA2,VMK ONE COLOR KIT A2,10,1116.12,11161.2
C524,2026-04-14T00:00:00Z,7316,LUMACGLIGROS,LUMEX GINGIVA LIGHT-ROSE 12G,10,259.973,2599.73
C524,2026-04-14T00:00:00Z,5954,ENA4M2TEM14,ENAMIC 4M2 T EM14,5,1330.928,6654.64
C524,2026-04-14T00:00:00Z,5945,ENA3M2TEM14,ENAMIC 3M2 T EM14,20,1330.928,26618.56
C524,2026-04-14T00:00:00Z,5933,ENA2M2TEM14,ENAMIC 2M2 T EM14,20,1330.928,26618.56
C524,2026-04-14T00:00:00Z,198661,ENA2M1TEM14,ENAMIC 2M1 T EM14,20,1330.928,26618.56
C524,2026-04-14T00:00:00Z,5951,ENA4M2HTEM14,ENAMIC 4M2 HT EM14,5,1330.928,6654.64
C524,2026-04-14T00:00:00Z,5948,ENA3M3HTEM14,ENAMIC 3M3 HT EM14,10,1330.927,13309.27
C524,2026-04-14T00:00:00Z,5942,ENA3M2HTEM14,ENAMIC 3M2 HT EM14,30,1330.9277,39927.83
C524,2026-04-14T00:00:00Z,5936,ENA3M1HTEM14,ENAMIC 3M1 HT EM14,20,1330.928,26618.56
C524,2026-04-14T00:00:00Z,5930,ENA2M2HTEM14,ENAMIC 2M2 HT EM14,50,1330.9278,66546.39
C524,2026-04-14T00:00:00Z,5924,ENA2M1HTEM14,ENAMIC 2M1 HT EM14,40,1330.9278,53237.11
C524,2026-04-14T00:00:00Z,5918,ENA1M2HTEM14,ENAMIC 1M2 HT EM14,20,1330.928,26618.56
C524,2026-04-14T00:00:00Z,5909,ENA1M1HTEM14,ENAMIC 1M1 HT EM14,30,1330.9277,39927.83
C524,2026-04-14T00:00:00Z,5900,ENA0M1HTEM14,ENAMIC 0M1 HT EM14,20,1330.928,26618.56
C524,2026-04-14T00:00:00Z,7472,MARII2M1CI14,MARK II 2M1C I14,20,742.9045,14858.09
C524,2026-04-14T00:00:00Z,7448,MARII1M1CI14,MARK II 1M1C I14,20,742.9045,14858.09
C524,2026-04-14T00:00:00Z,7439,MARII0M1CI14,MARK II 0M1C I14,10,742.905,7429.05
C524,2026-04-14T00:00:00Z,5585,AKZPOWFLU20ML,AKZENT POWDER FLUID 20ML,200,132.4098,26481.96
C524,2026-04-14T00:00:00Z,5573,AKZPLUGLALT5G,AKZENT PLUS GLAZE LT 5G,120,214.5876,25750.512000000002
C524,2026-04-14T00:00:00Z,5570,AKZPLUGLA5G,AKZENT PLUS GLAZE 5G,120,214.5876,25750.512000000002
C524,2026-04-14T00:00:00Z,5516,AKZPLUCHRSTAD3G,AKZENT PLUS CHROMA STAINS D 3G,5,180.658,903.29
C524,2026-04-14T00:00:00Z,5513,AKZPLUCHRSTAC3G,AKZENT PLUS CHROMA STAINS C 3G,10,180.658,1806.58
C524,2026-04-14T00:00:00Z,5510,AKZPLUCHRSTAB3G,AKZENT PLUS CHROMA STAINS B 3G,10,180.658,1806.58
C524,2026-04-14T00:00:00Z,5567,AKZPLUGLA30G,AKZENT PLUS GLAZE 30G,20,1284.6615,25693.23
C524,2026-04-14T00:00:00Z,5507,AKZPLUCHRSTAA3G,AKZENT PLUS CHROMA STAINS A 3G,20,180.659,3613.18
C524,2026-04-14T00:00:00Z,5558,AKZPLUES133G,AKZENT PLUS EFFECT STAINS ES13 3G,5,180.658,903.29
C524,2026-04-14T00:00:00Z,5555,AKZPLUES123G,AKZENT PLUS EFFECT STAINS ES12 3G,20,180.659,3613.18
C524,2026-04-14T00:00:00Z,5552,AKZPLUES113G,AKZENT PLUS EFFECT STAINS ES11 3G,20,180.659,3613.18
C524,2026-04-14T00:00:00Z,5549,AKZPLUES103G,AKZENT PLUS EFFECT STAINS ES10 3G,5,180.658,903.29
C524,2026-04-14T00:00:00Z,5546,AKZPLUES093G,AKZENT PLUS EFFECT STAINS ES09 3G,20,180.659,3613.18
C524,2026-04-14T00:00:00Z,5543,AKZPLUES083G,AKZENT PLUS EFFECT STAINS ES08 3G,10,180.658,1806.58
C524,2026-04-14T00:00:00Z,5540,AKZPLUES073G,AKZENT PLUS EFFECT STAINS ES07 3G,10,180.658,1806.58
C524,2026-04-14T00:00:00Z,5537,AKZPLUES063G,AKZENT PLUS EFFECT STAINS ES06 3G,20,180.659,3613.18
C524,2026-04-14T00:00:00Z,5534,AKZPLUES053G,AKZENT PLUS EFFECT STAINS ES05 3G,20,180.659,3613.18
C524,2026-04-14T00:00:00Z,5531,AKZPLUES043G,AKZENT PLUS EFFECT STAINS ES04 3G,20,180.659,3613.18
C524,2026-04-14T00:00:00Z,5528,AKZPLUES033G,AKZENT PLUS EFFECT STAINS ES03 3G,20,180.659,3613.18
C524,2026-04-14T00:00:00Z,5525,AKZPLUES023G,AKZENT PLUS EFFECT STAINS ES02 3G,20,180.659,3613.18
C524,2026-04-14T00:00:00Z,5522,AKZPLUES013G,AKZENT PLUS EFFECT STAINS ES01 3G,20,180.659,3613.18
C524,2026-04-14T00:00:00Z,7334,LUMACKITRECEST,LUMEX AC STANDARD KIT,2,13824.82,27649.64
C524,2026-04-14T00:00:00Z,7406,LUMACRECPORGIN,LUMEX AC GINGIVA KIT,1,2438.23,2438.23
C524,2026-04-14T00:00:00Z,7418,LUMACTMISROS,"LUMEX TRANSLUCENT, MISTY-ROSE, 12 G",5,313.73,1568.65
C524,2026-04-14T00:00:00Z,7415,LUMACTLIGBLO,"LUMEX TRANSLUCENT, LIGHT-BLONDE, 12 G",5,313.73,1568.65
C524,2026-04-14T00:00:00Z,7307,LUMACGDARRED,LUMEX GINGIVA DARK-RED 12G,10,259.973,2599.73
C524,2026-04-14T00:00:00Z,7310,LUMACGDEERED,LUMEX GINGIVA DEEP-RED 12G,10,259.973,2599.73
C524,2026-04-14T00:00:00Z,7325,LUMACGPUR,LUMEX GINGIVA PURPLE 12G,2,259.975,519.95
C524,2026-04-14T00:00:00Z,7328,LUMACGROS,LUMEX GINGIVA ROSEWOOD 12G,10,259.973,2599.73
C524,2026-04-14T00:00:00Z,7313,LUMACGGRA,LUMEX GINGIVA GRAPEFRUIT 12G,10,259.973,2599.73
C524,2026-04-14T00:00:00Z,7319,LUMACGNEC,LUMEX GINGIVA NECTARINE 12G,10,259.973,2599.73
C524,2026-04-14T00:00:00Z,7322,LUMACGPALPAP,LUMEX GINGIVA PALE-PAPILLA 12G,10,259.973,2599.73
C524,2026-04-14T00:00:00Z,7277,LUMACECLE12G,"LUMEX ENAMEL, CLEAR, 12 G",20,259.9725,5199.45
C524,2026-04-14T00:00:00Z,7289,LUMACEMED12G,"LUMEX ENAMEL, MEDIUM, 12 G",20,259.9725,5199.45
C524,2026-04-14T00:00:00Z,7286,LUMACELIG12G,"LUMEX ENAMEL, LIGHT, 12 G",20,259.9725,5199.45
C524,2026-04-14T00:00:00Z,7247,LUMACDC312G,"LUMEX DENTINE, C3, 12 G",3,259.9733,779.92
C524,2026-04-14T00:00:00Z,7244,LUMACDC212G,"LUMEX DENTINE, C2, 12 G",3,259.9733,779.92
C524,2026-04-14T00:00:00Z,7241,LUMACDC112G,"LUMEX DENTINE, C1, 12 G",3,259.9733,779.92
C524,2026-04-14T00:00:00Z,7235,LUMACDB312G,"LUMEX DENTINE, B3, 12 G",5,259.974,1299.87
C524,2026-04-14T00:00:00Z,7226,LUMACDA412G,"LUMEX DENTINE, A4, 12 G",5,259.974,1299.87
C524,2026-04-14T00:00:00Z,7220,LUMACDA3.512G,"LUMEX DENTINE, A3.5, 12 G",5,259.974,1299.87
C524,2026-04-14T00:00:00Z,7223,LUMACDA312G,"LUMEX DENTINE, A3, 12 G",40,259.9725,10398.9
C524,2026-04-14T00:00:00Z,7217,LUMACDA212G,"LUMEX DENTINE, A2, 12 G",50,259.9728,12998.64
C524,2026-04-14T00:00:00Z,7214,LUMACDA112G,"LUMEX DENTINE, A1, 12 G",20,259.9725,5199.45
C524,2026-04-14T00:00:00Z,7352,LUMACODA3.512G,"LUMEX OPAQUE DENTINE, A3.5, 12 G",2,259.975,519.95
C524,2026-04-14T00:00:00Z,7355,LUMACODA312G,"LUMEX OPAQUE DENTINE, A3, 12 G",5,259.974,1299.87
C524,2026-04-14T00:00:00Z,7349,LUMACODA212G,"LUMEX OPAQUE DENTINE, A2, 12 G",8,259.9725,2079.78
C524,2026-04-14T00:00:00Z,5576,AKZPLUGLALTSPR,AKZENT PLUS GLAZE LT SPRAY 75ML,20,854.3845,17087.69
C524,2026-04-14T00:00:00Z,199240,AKZLCGLAZE5ML,AKZENT LC GLAZE 5 ML,40,755.0223,30200.89
C524,2026-04-14T00:00:00Z,199236,AKZLCCHLIGHTRED2.5ML,AKZENT LC CHROMA STAINS LIGHT-RED 2.5 ML,8,755.0225,6040.18
C524,2026-04-14T00:00:00Z,199232,AKZLCCHDARKYELLO2.5M,AKZENT LC CHROMA STAINS DARK-YELLOW 2.5 ML,8,755.0225,6040.18
C524,2026-04-14T00:00:00Z,199227,AKZLCCHREDYELL2.5ML,AKZENT LC CHROMA STAINS RED-YELLOW 2.5 ML,2,755.025,1510.05
C524,2026-04-14T00:00:00Z,199223,AKZLCCHCORNYELLOW2.5,AKZENT LC CHROMA STAINS CORN-YELLOW 2.5 ML,10,755.022,7550.22
C524,2026-04-14T00:00:00Z,199202,AKZLCCHGREYRED2.5ML,AKZENT LC CHROMA STAINS GREY-RED 2.5 ML,12,755.0225,9060.27
C524,2026-04-14T00:00:00Z,199198,AKZLCCHGREYBROWN2.5M,AKZENT LC CHROMA STAINS GREY-BROWN 2.5 ML,12,755.0225,9060.27
C524,2026-04-14T00:00:00Z,199192,AKZLCCHREDSUN2.5ML,AKZENT LC CHROMA STAINS RED-SUN 2.5 ML,12,755.0225,9060.27
C524,2026-04-14T00:00:00Z,199187,AKZLCCHREDBROWN2.5ML,AKZENT LC CHROMA STAINS RED-BROWN 2.5 ML,25,755.0224,18875.56
C524,2026-04-14T00:00:00Z,199178,AKZLCEFECBLACK2.5ML,AKZENT LC EFFECT STAINS BLACK 2.5 ML,2,755.025,1510.05
C524,2026-04-14T00:00:00Z,199173,AKZLCEFECGREY2.5ML,AKZENT LC EFFECT STAINS GREY 2.5 ML,8,755.0225,6040.18
C524,2026-04-14T00:00:00Z,199144,AKZLCEFECGREYBLUE2.5,AKZENT LC EFFECT STAINS GREY-BLUE 2.5 ML,12,755.0225,9060.27
C524,2026-04-14T00:00:00Z,199138,AKZLCEFECBLUE2.5ML,AKZENT LC EFFECT STAINS BLUE 2.5 ML,12,755.0225,9060.27
C524,2026-04-14T00:00:00Z,199132,AKZLCEFECPURPLE2.5ML,AKZENT LC EFFECT STAINS PURPLE 2.5 ML,2,755.025,1510.05
C524,2026-04-14T00:00:00Z,199126,AKZLCEFECDARKRED2.5M,AKZENT LC EFFECT STAINS DARK-RED 2.5 ML,8,755.0225,6040.18
C524,2026-04-14T00:00:00Z,199095,AKZLCEFECPINK2.5ML,AKZENT LC EFFECT STAINS PINK 2.5 ML,25,755.0224,18875.56
C524,2026-04-14T00:00:00Z,199078,AKZLCEFECORANGE2.5ML,AKZENT LC EFFECT STAINS ORANGE 2.5 ML,10,755.022,7550.22
C524,2026-04-14T00:00:00Z,199020,AKZLCEFECWHITE2.5ML,AKZENT LC EFFECT STAINS WHITE 2.5 ML,2,755.025,1510.05
C524,2026-04-14T00:00:00Z,199033,AKZLCEFECCREAM2.5ML,AKZENT LC EFFECT STAINS CREAM 2.5 ML,2,755.025,1510.05
C524,2026-04-14T00:00:00Z,7874,MFTPL311M1,MFT PL31 1M1,130,78.8731,10253.502999999999
C524,2026-04-14T00:00:00Z,7904,MFTPL331M1,MFT PL33 1M1,120,78.8731,9464.771999999999
C524,2026-04-14T00:00:00Z,7934,MFTPU291M1,MFT PU29 1M1,80,78.8731,6309.85
C524,2026-04-14T00:00:00Z,8012,MFTPU333M2,MFT PU33 3M2,330,78.8731,26028.123
C524,2026-04-14T00:00:00Z,7982,MFTPU313M2,MFT PU31 3M2,640,78.873,50478.72
C524,2026-04-14T00:00:00Z,7952,MFTPU293M2,MFT PU29 3M2,270,78.8731,21295.736999999997
C524,2026-04-14T00:00:00Z,7922,MFTPL333M2,MFT PL33 3M2,540,78.8731,42591.473999999995
C524,2026-04-14T00:00:00Z,7892,MFTPL313M2,MFT PL31 3M2,570,78.8731,44957.666999999994
C524,2026-04-14T00:00:00Z,7862,MFTPL293M2,MFT PL29 3M2,250,78.8731,19718.274999999998
C524,2026-04-14T00:00:00Z,7964,MFTPU311M1,MFT PU31 1M1,160,78.8731,12619.696
C524,2026-04-14T00:00:00Z,7994,MFTPU331M1,MFT PU33 1M1,160,78.8731,12619.696
C524,2026-04-14T00:00:00Z,7853,MFTPL292M2,MFT PL29 2M2,410,78.873,32337.93
C524,2026-04-14T00:00:00Z,7883,MFTPL312M2,MFT PL31 2M2,850,78.873,67042.05
C524,2026-04-14T00:00:00Z,7913,MFTPL332M2,MFT PL33 2M2,790,78.8731,62309.748999999996
C524,2026-04-14T00:00:00Z,7943,MFTPU292M2,MFT PU29 2M2,470,78.873,37070.310000000005
C524,2026-04-14T00:00:00Z,7973,MFTPU312M2,MFT PU31 2M2,1010,78.8731,79661.83099999999
C524,2026-04-14T00:00:00Z,8003,MFTPU332M2,MFT PU33 2M2,990,78.8731,78084.36899999999
C524,2026-04-14T00:00:00Z,7997,MFTPU332L1.5,MFT PU33 2L1.5,120,78.8731,9464.771999999999
C524,2026-04-14T00:00:00Z,7967,MFTPU312L1.5,MFT PU31 2L1.5,140,78.8731,11042.233999999999
C524,2026-04-14T00:00:00Z,8009,MFTPU333L2.5,MFT PU33 3L2.5,100,78.8731,7887.3099999999995
C524,2026-04-14T00:00:00Z,7979,MFTPU313L2.5,MFT PU31 3L2.5,70,78.873,5521.11
C524,2026-04-14T00:00:00Z,7949,MFTPU293L2.5,MFT PU29 3L2.5,20,78.873,1577.46
C524,2026-04-14T00:00:00Z,7919,MFTPL333L2.5,MFT PL33 3L2.5,90,78.873,7098.570000000001
C524,2026-04-14T00:00:00Z,7889,MFTPL313L2.5,MFT PL31 3L2.5,50,78.873,3943.65
C524,2026-04-14T00:00:00Z,7859,MFTPL293L2.5,MFT PL29 3L2.5,20,78.873,1577.46
C524,2026-04-14T00:00:00Z,7937,MFTPU292L1.5,MFT PU29 2L1.5,110,78.873,8676.03
C524,2026-04-14T00:00:00Z,7907,MFTPL332L1.5,MFT PL33 2L1.5,130,78.8731,10253.502999999999
C524,2026-04-14T00:00:00Z,7877,MFTPL312L1.5,MFT PL31 2L1.5,130,78.8731,10253.502999999999
C524,2026-04-14T00:00:00Z,7847,MFTPL292L1.5,MFT PL29 2L1.5,80,78.8731,6309.85
C524,2026-04-14T00:00:00Z,7844,MFTPL291M1,MFT PL29 1M1,60,78.873,4732.38
C524,2026-04-14T00:00:00Z,8000,MFTPU332M1,MFT PU33 2M1,300,78.873,23661.9
C524,2026-04-14T00:00:00Z,7970,MFTPU312M1,MFT PU31 2M1,340,78.8731,26816.854
C524,2026-04-14T00:00:00Z,7940,MFTPU292M1,MFT PU29 2M1,160,78.8731,12619.696
C524,2026-04-14T00:00:00Z,7910,MFTPL332M1,MFT PL33 2M1,260,78.873,20506.98
C524,2026-04-14T00:00:00Z,7841,MFTPL290M3,MFT PL29 0M3,20,78.873,1577.46
C524,2026-04-14T00:00:00Z,7871,MFTPL310M3,MFT PL31 0M3,20,78.873,1577.46
C524,2026-04-14T00:00:00Z,7901,MFTPL330M3,MFT PL33 0M3,30,78.873,2366.19
C524,2026-04-14T00:00:00Z,7931,MFTPU290M3,MFT PU29 0M3,30,78.873,2366.19
C524,2026-04-14T00:00:00Z,7961,MFTPU310M3,MFT PU31 0M3,40,78.873,3154.92
C524,2026-04-14T00:00:00Z,8015,MFTPU333R2.5,MFT PU33 3R2.5,240,78.873,18929.52
C524,2026-04-14T00:00:00Z,7850,MFTPL292M1,MFT PL29 2M1,140,78.8731,11042.233999999999
C524,2026-04-14T00:00:00Z,7880,MFTPL312M1,MFT PL31 2M1,280,78.873,22084.440000000002
C524,2026-04-14T00:00:00Z,7991,MFTPU330M3,MFT PU33 0M3,40,78.873,3154.92
C524,2026-04-14T00:00:00Z,7865,MFTPL293R2.5,MFT PL29 3R2.5,60,78.873,4732.38
C524,2026-04-14T00:00:00Z,7895,MFTPL313R2.5,MFT PL31 3R2.5,180,78.8731,14197.158
C524,2026-04-14T00:00:00Z,7925,MFTPL333R2.5,MFT PL33 3R2.5,200,78.8731,15774.619999999999
C524,2026-04-14T00:00:00Z,7985,MFTPU313R2.5,MFT PU31 3R2.5,200,78.8731,15774.619999999999
C524,2026-04-14T00:00:00Z,7955,MFTPU293R2.5,MFT PU29 3R2.5,60,78.873,4732.38
C524,2026-04-14T00:00:00Z,8027,MFTR422L1.5,MFT R42 2L1.5,45,79.534,3579.03
C524,2026-04-14T00:00:00Z,8057,MFTR452L1.5,MFT R45 2L1.5,60,79.534,4772.04
C524,2026-04-14T00:00:00Z,8087,MFTR472L1.5,MFT R47 2L1.5,45,79.534,3579.03
C524,2026-04-14T00:00:00Z,8117,MFTS472L1.5,MFT S47 2L1.5,30,79.534,2386.02
C524,2026-04-14T00:00:00Z,8147,MFTS502L1.5,MFT S50 2L1.5,45,79.534,3579.03
C524,2026-04-14T00:00:00Z,8177,MFTT412L1.5,MFT T41 2L1.5,45,79.534,3579.03
C524,2026-04-14T00:00:00Z,7820,MFTO492M1,MFT O49 2M1,45,79.534,3579.03
C524,2026-04-14T00:00:00Z,7790,MFTO442M1,MFT O44 2M1,60,79.534,4772.04
C524,2026-04-14T00:00:00Z,7760,MFTO402M1,MFT O40 2M1,45,79.534,3579.03
C524,2026-04-14T00:00:00Z,7730,MFTL402M1,MFT L40 2M1,150,79.534,11930.1
C524,2026-04-14T00:00:00Z,7670,MFTL372M1,MFT L37 2M1,210,79.534,16702.140000000003
C524,2026-04-14T00:00:00Z,7640,MFTL342M1,MFT L34 2M1,120,79.534,9544.08
C524,2026-04-14T00:00:00Z,7610,MFTL332M1,MFT L33 2M1,90,79.534,7158.06
C524,2026-04-14T00:00:00Z,8267,MFTT492L1.5,MFT T49 2L1.5,60,79.534,4772.04
C524,2026-04-14T00:00:00Z,8237,MFTT462L1.5,MFT T46 2L1.5,60,79.534,4772.04
C524,2026-04-14T00:00:00Z,8207,MFTT432L1.5,MFT T43 2L1.5,60,79.534,4772.04
C524,2026-04-14T00:00:00Z,7631,MFTL340M3,MFT L34 0M3,15,79.534,1193.01
C524,2026-04-14T00:00:00Z,7661,MFTL370M3,MFT L37 0M3,15,79.534,1193.01
C524,2026-04-14T00:00:00Z,7691,MFTL37LN0M3,MFT L37LN 0M3,15,79.534,1193.01
C524,2026-04-14T00:00:00Z,7721,MFTL400M3,MFT L40 0M3,15,79.534,1193.01
C524,2026-04-14T00:00:00Z,8021,MFTR420M3,MFT R42 0M3,15,79.534,1193.01
C524,2026-04-14T00:00:00Z,8051,MFTR450M3,MFT R45 0M3,15,79.534,1193.01
C524,2026-04-14T00:00:00Z,8111,MFTS470M3,MFT S47 0M3,30,79.534,2386.02
C524,2026-04-14T00:00:00Z,8141,MFTS500M3,MFT S50 0M3,15,79.534,1193.01
C524,2026-04-14T00:00:00Z,7604,MFTL331M1,MFT L33 1M1,15,79.534,1193.01
C524,2026-04-14T00:00:00Z,7634,MFTL341M1,MFT L34 1M1,75,79.534,5965.05
C524,2026-04-14T00:00:00Z,7664,MFTL371M1,MFT L37 1M1,120,79.534,9544.08
C524,2026-04-14T00:00:00Z,7694,MFTL37LN1M1,MFT L37LN 1M1,15,79.534,1193.01
C524,2026-04-14T00:00:00Z,7724,MFTL401M1,MFT L40 1M1,75,79.534,5965.05
C524,2026-04-14T00:00:00Z,7754,MFTO401M1,MFT O40 1M1,30,79.534,2386.02
C524,2026-04-14T00:00:00Z,7784,MFTO441M1,MFT O44 1M1,15,79.534,1193.01
C524,2026-04-14T00:00:00Z,7814,MFTO491M1,MFT O49 1M1,30,79.534,2386.02
C524,2026-04-14T00:00:00Z,8024,MFTR421M1,MFT R42 1M1,45,79.534,3579.03
C524,2026-04-14T00:00:00Z,8054,MFTR451M1,MFT R45 1M1,60,79.534,4772.04
C524,2026-04-14T00:00:00Z,8084,MFTR471M1,MFT R47 1M1,45,79.534,3579.03
C524,2026-04-14T00:00:00Z,8114,MFTS471M1,MFT S47 1M1,45,79.534,3579.03
C524,2026-04-14T00:00:00Z,8144,MFTS501M1,MFT S50 1M1,30,79.534,2386.02
C524,2026-04-14T00:00:00Z,8174,MFTT411M1,MFT T41 1M1,15,79.534,1193.01
C524,2026-04-14T00:00:00Z,8204,MFTT431M1,MFT T43 1M1,60,79.534,4772.04
C524,2026-04-14T00:00:00Z,8234,MFTT461M1,MFT T46 1M1,60,79.534,4772.04
C524,2026-04-14T00:00:00Z,8264,MFTT491M1,MFT T49 1M1,45,79.534,3579.03
C524,2026-04-14T00:00:00Z,7607,MFTL332L1.5,MFT L33 2L1.5,45,79.534,3579.03
C524,2026-04-14T00:00:00Z,7637,MFTL342L1.5,MFT L34 2L1.5,75,79.534,5965.05
C524,2026-04-14T00:00:00Z,7667,MFTL372L1.5,MFT L37 2L1.5,90,79.534,7158.06
C524,2026-04-14T00:00:00Z,7697,MFTL37LN2L1.5,MFT L37LN 2L1.5,15,79.534,1193.01
C524,2026-04-14T00:00:00Z,7727,MFTL402L1.5,MFT L40 2L1.5,60,79.534,4772.04
C524,2026-04-14T00:00:00Z,7757,MFTO402L1.5,MFT O40 2L1.5,30,79.534,2386.02
C524,2026-04-14T00:00:00Z,7787,MFTO442L1.5,MFT O44 2L1.5,30,79.534,2386.02
C524,2026-04-14T00:00:00Z,7817,MFTO492L1.5,MFT O49 2L1.5,30,79.534,2386.02
C524,2026-04-14T00:00:00Z,8030,MFTR422M1,MFT R42 2M1,60,79.534,4772.04
C524,2026-04-14T00:00:00Z,8249,MFTT463L2.5,MFT T46 3L2.5,30,79.534,2386.02
C524,2026-04-14T00:00:00Z,8279,MFTT493L2.5,MFT T49 3L2.5,15,79.534,1193.01
C524,2026-04-14T00:00:00Z,7622,MFTL333M2,MFT L33 3M2,105,79.5341,8351.0805
C524,2026-04-14T00:00:00Z,7652,MFTL343M2,MFT L34 3M2,225,79.534,17895.15
C524,2026-04-14T00:00:00Z,7682,MFTL373M2,MFT L37 3M2,330,79.534,26246.22
C524,2026-04-14T00:00:00Z,7712,MFTL37LN3M2,MFT L37LN 3M2,45,79.534,3579.03
C524,2026-04-14T00:00:00Z,7742,MFTL403M2,MFT L40 3M2,225,79.534,17895.15
C524,2026-04-14T00:00:00Z,7772,MFTO403M2,MFT O40 3M2,75,79.534,5965.05
C524,2026-04-14T00:00:00Z,7802,MFTO443M2,MFT O44 3M2,90,79.534,7158.06
C524,2026-04-14T00:00:00Z,7832,MFTO493M2,MFT O49 3M2,105,79.5341,8351.0805
C524,2026-04-14T00:00:00Z,8042,MFTR423M2,MFT R42 3M2,105,79.5341,8351.0805
C524,2026-04-14T00:00:00Z,8072,MFTR453M2,MFT R45 3M2,225,79.534,17895.15
C524,2026-04-14T00:00:00Z,8102,MFTR473M2,MFT R47 3M2,165,79.534,13123.11
C524,2026-04-14T00:00:00Z,8132,MFTS473M2,MFT S47 3M2,135,79.534,10737.09
C524,2026-04-14T00:00:00Z,8162,MFTS503M2,MFT S50 3M2,150,79.534,11930.1
C524,2026-04-14T00:00:00Z,8192,MFTT413M2,MFT T41 3M2,120,79.534,9544.08
C524,2026-04-14T00:00:00Z,8222,MFTT433M2,MFT T43 3M2,240,79.534,19088.16
C524,2026-04-14T00:00:00Z,8252,MFTT463M2,MFT T46 3M2,330,79.534,26246.22
C524,2026-04-14T00:00:00Z,8282,MFTT493M2,MFT T49 3M2,240,79.534,19088.16
C524,2026-04-14T00:00:00Z,7625,MFTL333R2.5,MFT L33 3R2.5,30,79.534,2386.02
C524,2026-04-14T00:00:00Z,7655,MFTL343R2.5,MFT L34 3R2.5,45,79.534,3579.03
C524,2026-04-14T00:00:00Z,7685,MFTL373R2.5,MFT L37 3R2.5,75,79.534,5965.05
C524,2026-04-14T00:00:00Z,7715,MFTL37LN3R2.5,MFT L37LN 3R2.5,15,79.534,1193.01
C524,2026-04-14T00:00:00Z,7745,MFTL403R2.5,MFT L40 3R2.5,60,79.534,4772.04
C524,2026-04-14T00:00:00Z,7775,MFTO403R2.5,MFT O40 3R2.5,45,79.534,3579.03
C524,2026-04-14T00:00:00Z,7805,MFTO443R2.5,MFT O44 3R2.5,15,79.534,1193.01
C524,2026-04-14T00:00:00Z,7835,MFTO493R2.5,MFT O49 3R2.5,30,79.534,2386.02
C524,2026-04-14T00:00:00Z,8045,MFTR423R2.5,MFT R42 3R2.5,30,79.534,2386.02
C524,2026-04-14T00:00:00Z,8075,MFTR453R2.5,MFT R45 3R2.5,60,79.534,4772.04
C524,2026-04-14T00:00:00Z,8105,MFTR473R2.5,MFT R47 3R2.5,45,79.534,3579.03
C524,2026-04-14T00:00:00Z,8135,MFTS473R2.5,MFT S47 3R2.5,45,79.534,3579.03
C524,2026-04-14T00:00:00Z,8165,MFTS503R2.5,MFT S50 3R2.5,30,79.534,2386.02
C524,2026-04-14T00:00:00Z,8195,MFTT413R2.5,MFT T41 3R2.5,30,79.534,2386.02
C524,2026-04-14T00:00:00Z,8225,MFTT433R2.5,MFT T43 3R2.5,60,79.534,4772.04
C524,2026-04-14T00:00:00Z,8255,MFTT463R2.5,MFT T46 3R2.5,90,79.534,7158.06
C524,2026-04-14T00:00:00Z,8285,MFTT493R2.5,MFT T49 3R2.5,60,79.534,4772.04
C524,2026-04-14T00:00:00Z,8219,MFTT433L2.5,MFT T43 3L2.5,15,79.534,1193.01
C524,2026-04-14T00:00:00Z,8060,MFTR452M1,MFT R45 2M1,105,79.5341,8351.0805
C524,2026-04-14T00:00:00Z,8090,MFTR472M1,MFT R47 2M1,90,79.534,7158.06
C524,2026-04-14T00:00:00Z,8120,MFTS472M1,MFT S47 2M1,75,79.534,5965.05
C524,2026-04-14T00:00:00Z,8150,MFTS502M1,MFT S50 2M1,75,79.534,5965.05
C524,2026-04-14T00:00:00Z,8180,MFTT412M1,MFT T41 2M1,75,79.534,5965.05
C524,2026-04-14T00:00:00Z,8210,MFTT432M1,MFT T43 2M1,135,79.534,10737.09
C524,2026-04-14T00:00:00Z,8240,MFTT462M1,MFT T46 2M1,135,79.534,10737.09
C524,2026-04-14T00:00:00Z,8270,MFTT492M1,MFT T49 2M1,90,79.534,7158.06
C524,2026-04-14T00:00:00Z,7613,MFTL332M2,MFT L33 2M2,180,79.534,14316.12
C524,2026-04-14T00:00:00Z,7643,MFTL342M2,MFT L34 2M2,465,79.534,36983.310000000005
C524,2026-04-14T00:00:00Z,7673,MFTL372M2,MFT L37 2M2,525,79.534,41755.350000000006
C524,2026-04-14T00:00:00Z,7703,MFTL37LN2M2,MFT L37LN 2M2,45,79.534,3579.03
C524,2026-04-14T00:00:00Z,7733,MFTL402M2,MFT L40 2M2,375,79.534,29825.250000000004
C524,2026-04-14T00:00:00Z,7763,MFTO402M2,MFT O40 2M2,135,79.534,10737.09
C524,2026-04-14T00:00:00Z,7793,MFTO442M2,MFT O44 2M2,165,79.534,13123.11
C524,2026-04-14T00:00:00Z,7823,MFTO492M2,MFT O49 2M2,120,79.534,9544.08
C524,2026-04-14T00:00:00Z,8033,MFTR422M2,MFT R42 2M2,165,79.534,13123.11
C524,2026-04-14T00:00:00Z,8063,MFTR452M2,MFT R45 2M2,360,79.534,28632.24
C524,2026-04-14T00:00:00Z,8093,MFTR472M2,MFT R47 2M2,255,79.534,20281.170000000002
C524,2026-04-14T00:00:00Z,8123,MFTS472M2,MFT S47 2M2,255,79.534,20281.170000000002
C524,2026-04-14T00:00:00Z,8153,MFTS502M2,MFT S50 2M2,180,79.534,14316.12
C524,2026-04-14T00:00:00Z,8183,MFTT412M2,MFT T41 2M2,150,79.534,11930.1
C524,2026-04-14T00:00:00Z,8213,MFTT432M2,MFT T43 2M2,390,79.534,31018.260000000002
C524,2026-04-14T00:00:00Z,8243,MFTT462M2,MFT T46 2M2,450,79.534,35790.3
C524,2026-04-14T00:00:00Z,8273,MFTT492M2,MFT T49 2M2,315,79.534,25053.210000000003
C524,2026-04-14T00:00:00Z,7649,MFTL343L2.5,MFT L34 3L2.5,15,79.534,1193.01
C524,2026-04-14T00:00:00Z,7679,MFTL373L2.5,MFT L37 3L2.5,30,79.534,2386.02
C524,2026-04-14T00:00:00Z,7709,MFTL37LN3L2.5,MFT L37LN 3L2.5,15,79.534,1193.01
C524,2026-04-14T00:00:00Z,7739,MFTL403L2.5,MFT L40 3L2.5,15,79.534,1193.01
C524,2026-04-14T00:00:00Z,7769,MFTO403L2.5,MFT O40 3L2.5,15,79.534,1193.01
C524,2026-04-14T00:00:00Z,7799,MFTO443L2.5,MFT O44 3L2.5,15,79.534,1193.01
C524,2026-04-14T00:00:00Z,8039,MFTR423L2.5,MFT R42 3L2.5,15,79.534,1193.01
C524,2026-04-14T00:00:00Z,8069,MFTR453L2.5,MFT R45 3L2.5,15,79.534,1193.01
C524,2026-04-14T00:00:00Z,8099,MFTR473L2.5,MFT R47 3L2.5,15,79.534,1193.01
C524,2026-04-14T00:00:00Z,8159,MFTS503L2.5,MFT S50 3L2.5,15,79.534,1193.01
C524,2026-04-14T00:00:00Z,8189,MFTT413L2.5,MFT T41 3L2.5,15,79.534,1193.01
C524,2026-04-14T00:00:00Z,13817,VMKODC212G,VMK OPAQUE DENTINE C2 12G,3,146.9533,440.86
C524,2026-04-14T00:00:00Z,13406,VMKEN350G,VMK ENAMEL EN3 50G,5,507.388,2536.94
C524,2026-04-14T00:00:00Z,8435,BMFRS250,MODELLING FLUID RS (ROSA) 250ML,15,620.6293,9309.44
C524,2026-04-14T00:00:00Z,8441,BMF250,"MODELLING FLUID (NARANJA, VMK) 250ML",15,452.7487,6791.23
C524,2026-04-14T00:00:00Z,8444,MODFLUVMK50ML,"MODELLING FLUID (NARANJA, VMK) 50ML",40,115.8863,4635.45
C524,2026-04-14T00:00:00Z,13421,VMKG5,VMK GINGIVA G5 12G,3,170.3033,510.91
C524,2026-04-14T00:00:00Z,13415,VMKG3,VMK GINGIVA G3,5,170.304,851.52
C524,2026-04-14T00:00:00Z,13412,VMKG2,VMK GINGIVA G2,5,170.304,851.52
C524,2026-04-14T00:00:00Z,13949,VMKWIN50G,VMK WINDOW WIN 50G,3,507.3867,1522.16
C524,2026-04-14T00:00:00Z,13400,VMKEN250G,VMK ENAMEL EN2 50G,10,507.387,5073.87
C524,2026-04-14T00:00:00Z,13394,VMKEN150G,VMK ENAMEL EN1 50G,20,507.3875,10147.75
C524,2026-04-14T00:00:00Z,13955,VMKWO50G,VMK WASH OPAQUE WO 50G,5,507.388,2536.94
C524,2026-04-14T00:00:00Z,13190,VMKD3M250G,VMK DENTINE 3M2 50G,15,507.3873,7610.81
C524,2026-04-14T00:00:00Z,13148,VMKD2M250G,VMK DENTINE 2M2 50G,15,507.3873,7610.81
C524,2026-04-14T00:00:00Z,13142,VMKD2M150G,VMK DENTINE 2M1 50G,5,507.388,2536.94
C524,2026-04-14T00:00:00Z,13880,VMKOP250G,VMK OPAQUE OP2 50G,3,507.3867,1522.16
C524,2026-04-14T00:00:00Z,13310,VMKDB250G,VMK DENTINE B2 50G,5,507.388,2536.94
C524,2026-04-14T00:00:00Z,13304,VMKDB150G,VMK DENTINE B1 50G,1,507.39,507.39
C524,2026-04-14T00:00:00Z,13298,VMKDA450G,VMK DENTINE A4 50G,1,507.39,507.39
C524,2026-04-14T00:00:00Z,13286,VMKDA3.550G,VMK DENTINE A3.5 50G,5,507.388,2536.94
C524,2026-04-14T00:00:00Z,13292,VMKDA350G,VMK DENTINE A3 50G,10,507.387,5073.87
C524,2026-04-14T00:00:00Z,13280,VMKDA250G,VMK DENTINE A2 50G,30,507.387,15221.61
C524,2026-04-14T00:00:00Z,13778,VMKODA350G,VMK OPAQUE DENTINE A3 50G,3,507.3867,1522.16
C524,2026-04-14T00:00:00Z,13766,VMKODA250G,VMK OPAQUE DENTINE A2 50G,3,507.3867,1522.16
C524,2026-04-14T00:00:00Z,13496,VMKOA250G,VMK OPAQUE A2 50G,5,507.388,2536.94
C524,2026-04-14T00:00:00Z,13490,VMKOA150G,VMK OPAQUE A1 50G,3,507.3867,1522.16
C524,2026-04-14T00:00:00Z,13475,VMKN2,VMK NECK N2,2,146.95,293.9
C524,2026-04-14T00:00:00Z,13931,VMKT512G,VMK TRANSLUCENT T5 12G,5,146.95,734.75
C524,2026-04-14T00:00:00Z,13919,VMKT212G,VMK TRANSLUCENT T2 12G,5,146.95,734.75
C524,2026-04-14T00:00:00Z,13916,VMKT112G,VMK TRANSLUCENT T1 12G,10,146.951,1469.51
C524,2026-04-14T00:00:00Z,13946,VMKWIN12G,VMK WINDOW WIN 12G,10,146.951,1469.51
C524,2026-04-14T00:00:00Z,13403,VMKEN312G,VMK ENAMEL EN3 12G,10,146.951,1469.51
C524,2026-04-14T00:00:00Z,13397,VMKEN212G,VMK ENAMEL EN2 12G,50,146.9508,7347.54
C524,2026-04-14T00:00:00Z,13391,VMKEN112G,VMK ENAMEL EN1 12G,150,146.9507,22042.605000000003
C524,2026-04-14T00:00:00Z,13952,VMKWO12G,VMK WASH OPAQUE WO 12G,50,146.9508,7347.54
C524,2026-04-14T00:00:00Z,13265,VMKD5M312G,VMK DENTINE 5M3 12G,2,146.95,293.9
C524,2026-04-14T00:00:00Z,13259,VMKD5M212G,VMK DENTINE 5M2 12G,2,146.95,293.9
C524,2026-04-14T00:00:00Z,13253,VMKD5M112G,VMK DENTINE 5M1 12G,2,146.95,293.9
C524,2026-04-14T00:00:00Z,13247,VMKD4R2.512G,VMK DENTINE 4R2.5 12G,2,146.95,293.9
C524,2026-04-14T00:00:00Z,13241,VMKD4R1.512G,VMK DENTINE 4R1.5 12G,2,146.95,293.9
C524,2026-04-14T00:00:00Z,13235,VMKD4M312G,VMK DENTINE 4M3 12G,2,146.95,293.9
C524,2026-04-14T00:00:00Z,13223,VMKD4M112G,VMK DENTINE 4M1 12G,3,146.9533,440.86
C524,2026-04-14T00:00:00Z,13217,VMKD4L2.512G,VMK DENTINE 4L2.5 12G,3,146.9533,440.86
C524,2026-04-14T00:00:00Z,13211,VMKD4L1.512G,VMK DENTINE 4L1.5 12G,5,146.95,734.75
C524,2026-04-14T00:00:00Z,13205,VMKD3R2.512G,VMK DENTINE 3R2.5 12G,10,146.951,1469.51
C524,2026-04-14T00:00:00Z,13199,VMKD3R1.512G,VMK DENTINE 3R1.5 12G,5,146.95,734.75
C524,2026-04-14T00:00:00Z,13193,VMKD3M312G,VMK DENTINE 3M3 12G,15,146.9507,2204.26
C524,2026-04-14T00:00:00Z,13187,VMKD3M212G,VMK DENTINE 3M2 12G,50,146.9508,7347.54
C524,2026-04-14T00:00:00Z,13181,VMKD3M112G,VMK DENTINE 3M1 12G,5,146.95,734.75
C524,2026-04-14T00:00:00Z,13175,VMKD3L2.512G,VMK DENTINE 3L2.5 12G,10,146.951,1469.51
C524,2026-04-14T00:00:00Z,13169,VMKD3L1.512G,VMK DENTINE 3L1.5 12G,10,146.951,1469.51
C524,2026-04-14T00:00:00Z,13163,VMKD2R2.512G,VMK DENTINE 2R2.5 12G,5,146.95,734.75
C524,2026-04-14T00:00:00Z,13157,VMKD2R1.512G,VMK DENTINE 2R1.5 12G,5,146.95,734.75
C524,2026-04-14T00:00:00Z,13151,VMKD2M312G,VMK DENTINE 2M3 12G,10,146.951,1469.51
C524,2026-04-14T00:00:00Z,13145,VMKD2M212G,VMK DENTINE 2M2 12G,50,146.9508,7347.54
C524,2026-04-14T00:00:00Z,13139,VMKD2M112G,VMK DENTINE 2M1 12G,15,146.9507,2204.26
C524,2026-04-14T00:00:00Z,13133,VMKD2L2.512G,VMK DENTINE 2L2.5 12G,10,146.951,1469.51
C525,2026-04-16T00:00:00Z,84025,INTSCAI700,MEDIT INTRA ORAL SCANNER I700,38,105864.3547,4022845.4786
C525,2026-04-16T00:00:00Z,46561435,INTSCAI700UNI,MEDIT INTRA ORAL SCANNER I700 UNI,12,79897.6258,958771.5096
C525,2026-04-16T00:00:00Z,103803,INTSCAI600,MEDIT SCANNER I600,65,83892.5075,5453012.987500001
C525,2026-04-16T00:00:00Z,97903,INTSCAI700W,INTRA ORAL SCANNER I700 WIRELESS,30,109859.236,3295777.08
C525,2026-04-16T00:00:00Z,46561417,INTSCAI600UNI,MEDIT SCANNER I600 UNI,5,69910.422,349552.11000000004
C526,2026-04-30T00:00:00Z,40768827,MACBOOK,MACBOOK,5,17240.518,86202.59
C548,2026-05-01T00:00:00Z,61592948,EUAPW9818-3DMB2,EU 3D PRO MULTILAYER 98 X 18 B2,2,1916.9,3833.8
C548,2026-05-01T00:00:00Z,61599202,EUACSTAIN-A,EU BIOMIC STAINS A,3,557.6433,1672.93
C548,2026-05-01T00:00:00Z,61599198,EUAPW9825-3DMB1,EU 3D PRO MULTILAYER 98 X 25 B1,1,2439.69,2439.69
C548,2026-05-01T00:00:00Z,61599173,EUAPW9818-3DMC1,EU 3D PRO MULTILAYER 98 X 18 C1,1,1916.9,1916.9
C548,2026-05-01T00:00:00Z,59092927,EUAPW9814-3DMC2,EU 3D PRO MULTILAYER 98 X 14 C2,1,1568.37,1568.37
C548,2026-05-01T00:00:00Z,59092931,EUAPW9814-3DM0M1,EU 3D PRO MULTILAYER 98 X 14 OM1,2,1568.37,3136.74
C548,2026-05-01T00:00:00Z,59092980,EUAPW9814-3DMD2,EU 3D PRO MULTILAYER 98 X 14 D2,1,1568.37,1568.37
C548,2026-05-01T00:00:00Z,59092984,EUAPW9814-3DMD3,EU 3D PRO MULTILAYER 98 X 14 D3,1,1568.37,1568.37
C548,2026-05-01T00:00:00Z,59093166,EUAPW9816-3DMA1,EU 3D PRO MULTILAYER 98 X 16 A1,3,1742.6367,5227.91
C548,2026-05-01T00:00:00Z,59093170,EUAPW9816-3DMA2,EU 3D PRO MULTILAYER 98 X 16 A2,5,1742.636,8713.18
C548,2026-05-01T00:00:00Z,59093174,EUAPW9816-3DMA3,EU 3D PRO MULTILAYER 98 X 16 A3,3,1742.6367,5227.91
C548,2026-05-01T00:00:00Z,59093179,EUAPW9816-3DMA3.5,EU 3D PRO MULTILAYER 98 X 16 A3.5,1,1742.64,1742.64
C548,2026-05-01T00:00:00Z,61599189,EUAPW9825-3DMA1,EU 3D PRO MULTILAYER 98 X 25 A1,1,2439.69,2439.69
C548,2026-05-01T00:00:00Z,61599185,EUAPW9825-3DMA2,EU 3D PRO MULTILAYER 98 X 25 A2,2,2439.69,4879.38
C548,2026-05-01T00:00:00Z,61599194,EUAPW9825-3DMA3,EU 3D PRO MULTILAYER 98 X 25 A3,1,2439.69,2439.69
C548,2026-05-01T00:00:00Z,61592960,EUAPW9818-3DMD2,EU 3D PRO MULTILAYER 98 X 18 D2,1,1916.9,1916.9
C548,2026-05-01T00:00:00Z,61592952,EUAPW9818-3DMB3,EU 3D PRO MULTILAYER 98 X 18 B3,1,1916.9,1916.9
C548,2026-05-01T00:00:00Z,61592936,EUAPW9818-3DMB1,EU 3D PRO MULTILAYER 98 X 18 B1,3,1916.9,5750.7
C548,2026-05-01T00:00:00Z,61592932,EUAPW9818-3DMA3.5,EU 3D PRO MULTILAYER 98 X 18 A3.5,1,1916.9,1916.9
C548,2026-05-01T00:00:00Z,61419425,EUAPW9818-3DMA3,EU 3D PRO MULTILAYER 98 X 18 A3,2,1916.9,3833.8
C548,2026-05-01T00:00:00Z,61419411,EUAPW9818-3DMA2,EU 3D PRO MULTILAYER 98 X 18 A2,3,1916.9,5750.7
C548,2026-05-01T00:00:00Z,61419407,EUAPW9818-3DMA1,EU 3D PRO MULTILAYER 98 X 18 A1,2,1916.9,3833.8
C548,2026-05-01T00:00:00Z,61419403,EUAPW9816-3DMD3,EU 3D PRO MULTILAYER 98 X 16 D3,1,1742.64,1742.64
C548,2026-05-01T00:00:00Z,61416311,EUAPW9816-3DMD2,EU 3D PRO MULTILAYER 98 X 16 D2,2,1742.635,3485.27
C548,2026-05-01T00:00:00Z,61416307,EUAPW9816-3DMC2,EU 3D PRO MULTILAYER 98 X 16 C2,1,1742.64,1742.64
C548,2026-05-01T00:00:00Z,59093196,EUAPW9816-3DMC1,EU 3D PRO MULTILAYER 98 X 16 C1,1,1742.64,1742.64
C548,2026-05-01T00:00:00Z,59093191,EUAPW9816-3DMB3,EU 3D PRO MULTILAYER 98 X 16 B3,1,1742.64,1742.64
C548,2026-05-01T00:00:00Z,59093187,EUAPW9816-3DMB2,EU 3D PRO MULTILAYER 98 X 16 B2,2,1742.635,3485.27
C548,2026-05-01T00:00:00Z,59093183,EUAPW9816-3DMB1,EU 3D PRO MULTILAYER 98 X 16 B1,4,1742.635,6970.54
C548,2026-05-01T00:00:00Z,59092919,EUAPW9814-3DMA3.5,EU 3D PRO MULTILAYER 98 X 14 A3.5,1,1568.37,1568.37
C548,2026-05-01T00:00:00Z,59092923,EUAPW9814-3DMB2,EU 3D PRO MULTILAYER 98 X 14 B2,3,1568.3733,4705.12
C548,2026-05-01T00:00:00Z,61599177,EUAPW9818-3DMC2,EU 3D PRO MULTILAYER 98 X 18 C2,2,1916.9,3833.8
C548,2026-05-01T00:00:00Z,59092915,EUAPW9814-3DMA3,EU 3D PRO MULTILAYER 98 X 14 A3,3,1568.3733,4705.12
C548,2026-05-01T00:00:00Z,59089883,EUAPW9814-3DMA2,EU 3D PRO MULTILAYER 98 X 14 A2,5,1568.372,7841.86
C548,2026-05-01T00:00:00Z,59089849,EUAPW9814-3DMB1,EU 3D PRO MULTILAYER 98 X 14 B1,8,1568.3725,12546.98
C548,2026-05-01T00:00:00Z,61599181,EUAPW9818-3DMD3,EU 3D PRO MULTILAYER 98 X 18 D3,1,1916.9,1916.9
C548,2026-05-01T00:00:00Z,59089839,EUAPW9812-3DMA3,EU 3D PRO MULTILAYER 98 X 12 A3,2,1394.11,2788.22
C548,2026-05-01T00:00:00Z,59089834,EUAPW9812-3DMA2,EU 3D PRO MULTILAYER 98 X 12 A2,5,1394.108,6970.54
C548,2026-05-01T00:00:00Z,57401302,EUAPW9812-3DMA1,EU 3D PRO MULTILAYER 98 X 12 A1,3,1394.11,4182.33
C548,2026-05-01T00:00:00Z,43491886,EUACF-GLAZE,EU BIOMIC STAINS GLAZE,6,557.6433,3345.86
C548,2026-05-01T00:00:00Z,59089844,EUAPW9812-3DMB1,EU 3D PRO MULTILAYER 98 X 12 B1,3,1394.11,4182.33
C548,2026-05-01T00:00:00Z,59089861,EUAPW9814-3DMA1,EU 3D PRO MULTILAYER 98 X 14 A1,2,1568.37,3136.74
C527,2026-05-08T00:00:00Z,9185101,AMD500EPRO-001,DESING SOFTWARE MILLBOX ECO 500E PRO,10,949.508,9495.08
C527,2026-05-08T00:00:00Z,49100178,STD520PRO,DESING SOFTWARE MILLBOX STD/520 PRO,3,949.5067,2848.52
C528,2026-05-13T00:00:00Z,40768827,MACBOOK,MACBOOK,15,16860.3447,252905.1705
C529,2026-05-15T00:00:00Z,49550326,PN/07950,MAX CROWN KIT BUILD TRAY,3,940.85,2822.55
C529,2026-05-15T00:00:00Z,95540,PN/03000,RESINA DENTAMODEL 1KG BOTTLE ,3,1014.6433,3043.93
C529,2026-05-15T00:00:00Z,95537,PN/05167,RESINA DENTAFORM 1KG BOTTLE,5,940.85,4704.25
C529,2026-05-15T00:00:00Z,49547148,PN/07876,DENTAFORM BEIGE 1KG BOTTLE,10,940.849,9408.49
C529,2026-05-15T00:00:00Z,85167,PN/02500,2L MAX BUILD PLASTIC TRAY FOR MAX 3D PRINTER,5,1438.944,7194.72
C529,2026-05-15T00:00:00Z,89497,PN/02501,5L MAX BUILD TRAY,25,2379.7944,59494.86
C529,2026-05-15T00:00:00Z,295121,PN/05220,1L MAX LOW FORCE BUILD TRAY,5,940.85,4704.25
C529,2026-05-15T00:00:00Z,808297,PN/07647,5L ULTRA ENDURANCE BUILD TRAY,10,1438.946,14389.46
C529,2026-05-15T00:00:00Z,49559856,PN/07951,MAX CROWN KIT SET,3,5995.6067,17986.8201
C529,2026-05-15T00:00:00Z,295114,PN/07323,IMPRESORA 3D ULTRA 50,3,177718.9833,533156.9499
C529,2026-05-15T00:00:00Z,295130,PN/00194,ASIGA FLASH LAMP UV,3,1014.6433,3043.93
C529,2026-05-15T00:00:00Z,49547180,PN/07957,ULTRA CROWN KIT BUILD TRAY,3,940.85,2822.55
C529,2026-05-15T00:00:00Z,49547186,PN/07956,ULTRA CROWN KIT SET,2,10699.85,21399.7
C529,2026-05-15T00:00:00Z,95540,PN/03000,RESINA DENTAMODEL 1KG BOTTLE ,30,1291.3613,38740.84
C530,2026-05-20T00:00:00Z,50807593,LEACIRBRE,LEAKAGE CIRCUIT BREAKER,11,129.5027,1424.53
C530,2026-05-20T00:00:00Z,50807628,HEATELE,HEATING ELEMENT,20,777.015,15540.3
C530,2026-05-20T00:00:00Z,50807624,TIESTRA,TIE STRAP,11,25.9009,284.91
C530,2026-05-20T00:00:00Z,50807618,WIRMAT,WIRE MATERIAL,11,25.9009,284.91
C530,2026-05-20T00:00:00Z,50807614,CARRODSLE,CARBON ROD SLEEVE,11,129.5027,1424.53
C530,2026-05-20T00:00:00Z,50807582,SELFLOCSWIBUT,SELF-LOCKING SWITCH BUTTON,11,103.6018,1139.62
C530,2026-05-20T00:00:00Z,50804444,TEMCONMET,TEMPERATURE CONTROL METER,11,777.0145,8547.16
C530,2026-05-20T00:00:00Z,50804440,FURNACEASSE,FURNACE ASSEMBLY,11,2072.04,22792.44
C530,2026-05-20T00:00:00Z,50807588,ACCON,AC CONTACTOR,11,388.5073,4273.58
C530,2026-05-20T00:00:00Z,50807601,HEXCOMSCR,M5*20 HEXAGON COMBINATION SCREW,11,25.9009,284.91
C530,2026-05-20T00:00:00Z,50807597,CERWIRBAS,CERAMIC WIRING BASE,11,51.8009,569.81
C531,2026-05-26T00:00:00Z,51432260,ACTAW9812,DISCO TITANIO GRADO 5 98X12,50,408.266,20413.3
C531,2026-05-26T00:00:00Z,51432269,ACTAW9816,DISCO TITANIO GRADO 5 98X16,80,505.4723,40437.78
C531,2026-05-26T00:00:00Z,51435372,ACTAW9820,DISCO TITANIO GRADO 5 98X20,10,602.679,6026.79
C531,2026-05-26T00:00:00Z,51435376,ACTAW9822,DISCO TITANIO GRADO 5 98X22,3,641.5633,1924.69
C531,2026-05-26T00:00:00Z,51435380,ACTAW9825,DISCO TITANIO GRADO 5 98X25,3,699.8867,2099.66
C531,2026-05-26T00:00:00Z,51435368,ACTAW9818,DISCO TITANIO GRADO 5 98X18,30,544.3547,16330.64
C531,2026-05-26T00:00:00Z,51432264,ACTAW9814,DISCO TITANIO GRADO 5 98X14,80,466.5899,37327.19
C531,2026-05-26T00:00:00Z,51432254,ACTAW9810,DISCO TITANIO GRADO 5 98X10MM,40,369.3838,14775.35
CND71,2026-06-02T00:00:00Z,85844,760669,FRESA ROTO RFID 1.0 PMMA WAX DM 1.0,40,1345.4483,53817.93
CND71,2026-06-02T00:00:00Z,51861754,REN-900021678,"RENFERT MOTOR UNIT SILENT EC2, POWERCAM EC - 100/120 V",1,14890.62,14890.62
C533,2026-06-04T00:00:00Z,40768827,MACBOOK,MACBOOK,1,12068.11,12068.11
C534,2026-06-04T00:00:00Z,40768827,MACBOOK,MACBOOK,1,16378.46,16378.46
C535,2026-06-18T00:00:00Z,54122666,PN/08299,PROJECTOR DISPATCH KIT (MAX),1,23461.32,23461.32
C536,2026-06-18T00:00:00Z,43822219,116911,COMPLETE SAFETY CAP STEAMER X3,2,1879.615,3759.23
C537,2026-06-19T00:00:00Z,40768827,MACBOOK,MACBOOK,5,14659.118,73295.59
C538,2026-06-19T00:00:00Z,40768827,MACBOOK,MACBOOK,5,14659.118,73295.59
C540,2026-06-24T00:00:00Z,40768827,MACBOOK,MACBOOK,5,14659.118,73295.59
C539,2026-06-24T00:00:00Z,40768827,MACBOOK,MACBOOK,5,14659.118,73295.59
C542,2026-06-30T00:00:00Z,304363,MONITOREQ,MONITOR PARA EQUIPO NS,3,1866.38,5599.14
C543,2026-07-06T00:00:00Z,4244,760676,FRESA DIAMOND RFID 1.8 DM,120,603.7009,72444.10800000001
C543,2026-07-06T00:00:00Z,57364713,751030,FRESA ROTO RFID D3 BROWN 1.2 EM,10,685.282,6852.82
C543,2026-07-06T00:00:00Z,57367747,751031,FRESA ROTO RFID D3 BROWN 0.5 EM,10,685.282,6852.82
C543,2026-07-06T00:00:00Z,57367751,751032,FRESA ROTO RFID D3 BROWN 0.5 SM,10,685.282,6852.82
C543,2026-07-06T00:00:00Z,19314792,751033,ROTO RFID BROWN 1.2 EM 3MM SHAFT,10,889.235,8892.35
C543,2026-07-06T00:00:00Z,19314796,751034,ROTO RFID BROWN 0.5 EM,10,889.235,8892.35
C543,2026-07-06T00:00:00Z,19314802,751035,ROTO RFID BROWN 0.5 SM 3MM SHAFT,10,889.235,8892.35
C543,2026-07-06T00:00:00Z,2266436,759602,FRESA ROTO RFID GREY 0.6,25,807.654,20191.35
C543,2026-07-06T00:00:00Z,303799,759606,FRESA ROTO RFID GREEN 0.6 DM,20,807.654,16153.08
C543,2026-07-06T00:00:00Z,8426512,759608,FRESA ROTO RFID ORANGE G 2.0 DM,10,807.654,8076.54
C543,2026-07-06T00:00:00Z,8426516,759609,FRESA ROTO RFID ORANGE G 1.0,10,807.654,8076.54
C543,2026-07-06T00:00:00Z,303766,759611,FRESA ROTO RFID BROWN 2.5 DM,30,807.654,24229.62
C543,2026-07-06T00:00:00Z,303769,759612,FRESA ROTO RFID BROWN 2.0,12,807.6542,9691.85
C543,2026-07-06T00:00:00Z,303781,759616,FRESA ROTO RFID BROWN F 1.2 EM DM,20,889.235,17784.7
C543,2026-07-06T00:00:00Z,303784,759617,FRESA ROTO RFID BROWN 1.5 TS DM,30,889.235,26677.05
C543,2026-07-06T00:00:00Z,303787,759618,FRESA ROTO RFID BROWN 1.5 SM DM 1.5,18,889.235,16006.23
C543,2026-07-06T00:00:00Z,303763,759619,FRESA ROTO RFID BROWN 3.0 DM,30,807.654,24229.62
C543,2026-07-06T00:00:00Z,8426504,759623,FRESA ROTO RFID PURPLE 1.8 TS,5,889.236,4446.18
C543,2026-07-06T00:00:00Z,2266446,759624,FRESA ROTO RFID PURPLE 1.5 TS,5,889.236,4446.18
C543,2026-07-06T00:00:00Z,8426508,759626,FRESA ROTO RFID PURPLE 0.6 EM,5,889.236,4446.18
C543,2026-07-06T00:00:00Z,303793,759627,FRESA ROTO RFID GREEN 1.5 DM,20,807.654,16153.08
C543,2026-07-06T00:00:00Z,4232,760660,FRESA ROTO RFID 2.5 ZI DM,100,603.7009,60370.090000000004
C543,2026-07-06T00:00:00Z,4235,760661,FRESA ROTO RFID 1.0 ZI DM,200,603.7009,120740.18000000001
C543,2026-07-06T00:00:00Z,4238,760662,FRESA ROTO RFID 0.6 ZI DM,50,603.7008,30185.04
C543,2026-07-06T00:00:00Z,4241,760663,FRESA ROTO RFID 0.3 ZI,50,603.7008,30185.04
C543,2026-07-06T00:00:00Z,85841,760668,FRESA ROTO RFID 2.5 PMMA WAX DM 2.5,400,603.7009,241480.36000000002
C543,2026-07-06T00:00:00Z,85844,760669,FRESA ROTO RFID 1.0 PMMA WAX DM 1.0,500,603.7009,301850.45
C543,2026-07-06T00:00:00Z,85848,760670,FRESA ROTO RFID 0.6 PMMA WAX DM 0.6,150,603.7009,90555.13500000001
C543,2026-07-06T00:00:00Z,85854,760672,FRESA ROTO RFID 2.0 TI DM 2.0,15,603.7007,9055.51
C543,2026-07-06T00:00:00Z,170068,751015,FRESA ROTO RFID 1.8 T SHAPE,20,685.282,13705.64
C543,2026-07-06T00:00:00Z,4247,760677,FRESA DIAMOND RFID 1.4 DM,100,603.7009,60370.090000000004
C543,2026-07-06T00:00:00Z,4250,760678,"FRESA DIAMOND RFID 1,0 DM",100,603.7009,60370.090000000004
C543,2026-07-06T00:00:00Z,4253,760679,FRESA ROTO RFID 0.4 DM,35,603.7009,21129.53
C543,2026-07-06T00:00:00Z,92431,760680,FRESA ROTO RFID 2.5 SC,110,603.7009,66407.099
C543,2026-07-06T00:00:00Z,92435,760681,FRESA ROTO RFID 1.0  SC DM,85,603.7008,51314.57
C543,2026-07-06T00:00:00Z,85857,760682,FRESA ROTO RFID 0.6 SC DM 0.6,65,603.7009,39240.56
C543,2026-07-06T00:00:00Z,85863,760684,FRESA ROTO RFID 2.5 DMB DC,10,734.231,7342.31
C543,2026-07-06T00:00:00Z,85869,760686,FRESA ROTO RFID 0.6 DMB DC,2,734.23,1468.46
C543,2026-07-06T00:00:00Z,293320,767519,DISCO CERAMILL SINTRON 98 X 14 F,35,2923.8703,102335.4605
C543,2026-07-06T00:00:00Z,309640,767520,DISCO CERAMILL SINTRON 98X 16 F COCRMO 98X16 F,9,3163.7189,28473.4701
C543,2026-07-06T00:00:00Z,4637,178650-NTR,COOLING LIQUID,400,937.9799,375191.96
C543,2026-07-06T00:00:00Z,95865,179296,ANILLO DE SELLADO EJE A O B MOTION 2 O 3,20,528.2385,10564.77
C543,2026-07-06T00:00:00Z,85538,179232,JAEGER SPINDLE 100K SHF,1,48398.05,48398.05
C543,2026-07-06T00:00:00Z,295072,180490,CHUCK 3MM MATRON,1,2983.83,2983.83
C543,2026-07-06T00:00:00Z,40737787,180477,COVER X-AXIS MATRON,2,6695.775,13391.55
C543,2026-07-06T00:00:00Z,43825388,180476,COVER SEGMENTS Y-AXIS MATRON,1,6695.78,6695.78
C543,2026-07-06T00:00:00Z,43822247,180474,5X MODUL BASIS (W/O NPS + LENGTH SENSOR),1,66957.77,66957.77
C543,2026-07-06T00:00:00Z,6150047,180472,ZERO POINT CLAMPING SYSTEM MATRON,5,24127.64,120638.2
C543,2026-07-06T00:00:00Z,41704211,180470,PRESSURE SWITCH MODULE MATRON,2,3412.135,6824.27
C543,2026-07-06T00:00:00Z,295069,180469,TOOL LENGTH SENSOR MATRON,2,7266.845,14533.69
C543,2026-07-06T00:00:00Z,43825398,180502,FRONT WORKPIECE CHANGER MATRON,1,22699.97,22699.97
C543,2026-07-06T00:00:00Z,43822241,180453,DOOR MILLING CHAMBER MATRON,1,15690.1,15690.1
C543,2026-07-06T00:00:00Z,43822229,180434,JIG FOR GAUGE ATORN,1,5125.34,5125.34
C543,2026-07-06T00:00:00Z,85792,180209,A AXIS MOTOR INCL ENCODER 4X AND 5X FOR MIKRO 4X 5X MOTION 2,3,3840.4333,11521.2999
C543,2026-07-06T00:00:00Z,43822225,180202,RETROFIT KIT HEAVY-DUTY EXTRACTION FROM,10,15832.871,158328.71
C543,2026-07-06T00:00:00Z,115326,180177,BOMBA DE REFRIGERANTE MIKRO IC/M2I/M2DNA,2,7124.08,14248.16
C543,2026-07-06T00:00:00Z,43822233,180156,PRESSURE SENSOR MATIK / MATRON,2,2269.995,4539.99
C543,2026-07-06T00:00:00Z,8426494,759622,FRESA ROTO RFID PURPLE 2.0 TS,5,889.236,4446.18
C543,2026-07-06T00:00:00Z,295075,180507,GRIPPER BLANK HOLDER MATRON,1,14405.2,14405.2
C543,2026-07-06T00:00:00Z,43825402,180508,SLIDE WORKPIECE CHANGER (Z AXIS) MATRON,1,44115.03,44115.03
C543,2026-07-06T00:00:00Z,43825393,180509,RFID-SET WORKPIECE CHANGER MATRON,1,2412.76,2412.76
C543,2026-07-06T00:00:00Z,43825407,180510,MOTOR ENCODER SPINDLE (X-AXIS) MATRON BC,1,6124.71,6124.71
C543,2026-07-06T00:00:00Z,43825412,180511,MOTOR ENCODER SPINDLE (Y-AXIS) MATRON BC,1,6124.71,6124.71
C543,2026-07-06T00:00:00Z,43825416,180512,MOTOR ENCODER WELLE (Z-ACHS) MATRON BC,1,6124.71,6124.71
C543,2026-07-06T00:00:00Z,295058,180519,SPINDLE 6MM SYCOTEC MATRON,1,44115.03,44115.03
C543,2026-07-06T00:00:00Z,12572784,180520,UMRÜSTKIT SYCOTEC SPINDEL MOTION 3,1,54108.73,54108.73
C543,2026-07-06T00:00:00Z,295045,181202,FILTROS DE AGUA CLEANSTREAM COOLANTFLOW,10,356.918,3569.18
C543,2026-07-06T00:00:00Z,309395,181203,CINTURON FILTRANTE CLEANSTREAM 3PZS,10,2983.832,29838.32
C543,2026-07-06T00:00:00Z,295030,181251,LLAVE PARA PINZA SYC 3/6 DE CERAMILL MATRON,2,2555.53,5111.06
C543,2026-07-06T00:00:00Z,99530,760300,DISCO CERAMILL TEST 98 X 20,40,462.5655,18502.62
C543,2026-07-06T00:00:00Z,102036,751004,FRESA ROTO RFID 2.0 DIAMOND BLG,400,603.7009,241480.36000000002
C543,2026-07-06T00:00:00Z,102042,751006,FRESA ROTO RFID 1.0 DIAMOND BLG,200,603.7009,120740.18000000001
C543,2026-07-06T00:00:00Z,102045,751008,FRESA ROTO RFID 0.4 DIAMOND BLG,60,603.7008,36222.05
C543,2026-07-06T00:00:00Z,170076,751014,FRESA ROTO RFID 2.0 T SHAPE,20,685.282,13705.64
C544,2026-07-14T00:00:00Z,84025,INTSCAI700,MEDIT INTRA ORAL SCANNER I700,33,92604.25,3055940.25
C544,2026-07-14T00:00:00Z,97903,INTSCAI700W,INTRA ORAL SCANNER I700 WIRELESS,20,96098.75,1921975.0
C546,2026-07-15T00:00:00Z,59093264,EUAPW9816SHT-APMC2,EU AIZIR MULTILAYER 98 X 16 C2,2,805.54,1611.08
C546,2026-07-15T00:00:00Z,59093268,EUAPW9816SHT-APMD2,EU AIZIR MULTILAYER 98 X 16 D2,1,805.54,805.54
C546,2026-07-15T00:00:00Z,59093272,EUAPW9816SHT-APMD3,EU AIZIR MULTILAYER 98 X 16 D3,1,805.54,805.54
C546,2026-07-15T00:00:00Z,43491838,EUAPW9818SHT-APMA1,EU AIZIR MULTILAYER 98 X 18 A1,2,910.61,1821.22
C546,2026-07-15T00:00:00Z,43491842,EUAPW9818SHT-APMA2,EU AIZIR MULTILAYER 98 X 18 A2,5,910.612,4553.06
C546,2026-07-15T00:00:00Z,43491846,EUAPW9818SHT-APMA3,EU AIZIR MULTILAYER 98 X 18 A3,3,910.61,2731.83
C546,2026-07-15T00:00:00Z,43491850,EUAPW9818SHT-APMA3.5,EU AIZIR MULTILAYER 98 X 18 A3.5,1,910.61,910.61
C546,2026-07-15T00:00:00Z,43492033,EUAPW9818SHT-APMB1,EU AIZIR MULITLAYER 98 X 18 B1,3,910.61,2731.83
C546,2026-07-15T00:00:00Z,43491854,EUAPW9818SHT-APMB2,EU AIZIR MULITLAYER 98 X 18 B2,3,910.61,2731.83
C546,2026-07-15T00:00:00Z,43491858,EUAPW9818SHT-APMB3,EU AIZIR MULITLAYER 98 X 18 B3,1,910.61,910.61
C546,2026-07-15T00:00:00Z,59093276,EUAPW9818SHT-APMD3,EU AIZIR MULTILAYER 98 X 18 D3,1,910.61,910.61
C546,2026-07-15T00:00:00Z,59093319,EUAPW9812SHT-FPMA1,EU AIZIR FLASH 98 X 12 A1,2,735.495,1470.99
C546,2026-07-15T00:00:00Z,59093323,EUAPW9812SHT-FPMA2,EU AIZIR FLASH 98 X 12 A2,2,735.495,1470.99
C546,2026-07-15T00:00:00Z,59093327,EUAPW9812SHT-FPMA3,EU AIZIR FLASH 98 X 12 A3,2,735.495,1470.99
C546,2026-07-15T00:00:00Z,59093331,EUAPW9814SHT-FPMA1,EU AIZIR FLASH 98 X 14 A1,2,858.075,1716.15
C546,2026-07-15T00:00:00Z,59093336,EUAPW9814SHT-FPMA2,EU AIZIR FLASH 98 X 14 A2,5,858.076,4290.38
C546,2026-07-15T00:00:00Z,59093340,EUAPW9814SHT-FPMA3,EU AIZIR FLASH 98 X 14 A3,2,858.075,1716.15
C546,2026-07-15T00:00:00Z,59093344,EUAPW9814SHT-FPMB1,EU AIZIR FLASH 98 X 14 B1,2,858.075,1716.15
C546,2026-07-15T00:00:00Z,59093348,EUAPW9814SHT-FPMC3,EU AIZIR FLASH 98 X 14 C3,1,858.07,858.07
C546,2026-07-15T00:00:00Z,43491766,EUAPW9814SHT-APMA1,EU AIZIR MULTILAYER 98 X 14 A1,3,700.47,2101.41
C546,2026-07-15T00:00:00Z,43491771,EUAPW9814SHT-APMA2,EU AIZIR MULTILAYER 98 X 14 A2,10,700.47,7004.7
C546,2026-07-15T00:00:00Z,43491775,EUAPW9814SHT-APMA3,EU AIZIR MULTILAYER 98 X 14 A3,4,700.47,2801.88
C546,2026-07-15T00:00:00Z,43491779,EUAPW9814SHT-APMA3.5,EU AIZIR MULTILAYER 98 X 14 A3.5,1,700.47,700.47
C546,2026-07-15T00:00:00Z,43491783,EUAPW9814SHT-APMB1,EU AIZIR MULTILAYER 98 X 14 B1,2,700.47,1400.94
C546,2026-07-15T00:00:00Z,43491791,EUAPW9814SHT-APMB3,EU AIZIR MULTILAYER 98 X 14 B3,2,700.47,1400.94
C546,2026-07-15T00:00:00Z,59093234,EUAPW9814SHT-APMC1,EU AIZIR MULTILAYER 98 X 14 C1,2,700.47,1400.94
C546,2026-07-15T00:00:00Z,59093238,EUAPW9814SHT-APMC2,EU AIZIR MULTILAYER 98 X 14 C2,1,700.47,700.47
C545,2026-07-15T00:00:00Z,309233,29391000,SILENT POWERCAM MTN,1,57213.79,57213.79
C545,2026-07-15T00:00:00Z,309291,29340009,CABLE DE INTERFAZ TIPO D PARA AG,2,1570.81,3141.62
C546,2026-07-15T00:00:00Z,43491711,EUAPW9812SHT-APMB1,EU AIZIR MULTILAYER 98 X 12  B1,2,612.915,1225.83
C546,2026-07-15T00:00:00Z,59093260,EUAPW9816SHT-APMC1,EU AIZIR MULTILAYER 98 X 16 C1,2,805.54,1611.08
C546,2026-07-15T00:00:00Z,43491754,EUAPW9812SHT-APMA1,EU AIZIR MULTILAYER 98 X 12 A1,2,612.915,1225.83
C546,2026-07-15T00:00:00Z,43491758,EUAPW9812SHT-APMA2,EU AIZIR MULTILAYER 98 X 12 A2,10,612.911,6129.11
C546,2026-07-15T00:00:00Z,43491762,EUAPW9812SHT-APMA3,EU AIZIR MULTILAYER 98 X 12 A3,5,612.912,3064.56
C546,2026-07-15T00:00:00Z,43491834,EUAPW9816SHT-APMB3,EU AIZIR MULTILAYER 98 X 16 B3,1,805.54,805.54
C546,2026-07-15T00:00:00Z,43491795,EUAPW9814SHT-APMC3,EU AIZIR MULTILAYER 98 X 14 C3,2,700.47,1400.94
C546,2026-07-15T00:00:00Z,59093242,EUAPW9814SHT-APMD2,EU AIZIR MULTILAYER 98 X 14 D2,2,700.47,1400.94
C546,2026-07-15T00:00:00Z,59093246,EUAPW9814SHT-APMD3,EU AIZIR MULTILAYER 98 X 14 D3,2,700.47,1400.94
C546,2026-07-15T00:00:00Z,43491809,EUAPW9816SHT-APMA1,EU AIZIR MULTILAYER 98 X 16 A1,4,805.5425,3222.17
C546,2026-07-15T00:00:00Z,43491818,EUAPW9816SHT-APMA2,EU AIZIR MULTILAYER 98 X 16 A2,4,805.5425,3222.17
C546,2026-07-15T00:00:00Z,43491822,EUAPW9816SHT-APMA3,EU AIZIR MULTILAYER 98 X 16 A3,1,805.54,805.54
C546,2026-07-15T00:00:00Z,43491826,EUAPW9816SHT-APMA3.5,EU AIZIR MULTILAYER 98 X 16 A3.5,1,805.54,805.54
C546,2026-07-15T00:00:00Z,59093250,EUAPW9816SHT-APMB1,EU AIZIR MULTILAYER 98 X 16 B1,1,805.54,805.54
C546,2026-07-15T00:00:00Z,59093369,EUACPW9814MA2,EU PMMA MULTILAYER 98 X 14 A2,7,350.2343,2451.64
C546,2026-07-15T00:00:00Z,43491830,EUAPW9816SHT-APMB2,EU AIZIR MULTILAYER 98 X 16 B2,2,805.54,1611.08
C546,2026-07-15T00:00:00Z,59093361,EUACPW9814MA1,EU PMMA MULTILAYER 98 X 14 A1,5,350.236,1751.18
C546,2026-07-15T00:00:00Z,59093356,EUAPW9814SHT-FPMOM2,EU AIZIR FLASH 98 X 14 OM2,1,858.07,858.07
C546,2026-07-15T00:00:00Z,59093352,EUAPW9814SHT-FPMD3,EU AIZIR FLASH 98 X 14 D3,1,858.07,858.07
C546,2026-07-15T00:00:00Z,59093373,EUACPW9814MA3,EU PMMA MULTILAYER 98 X 14 A3,4,350.235,1400.94
C546,2026-07-15T00:00:00Z,59093384,EUACPW9814MB1,EU PMMA MULTILAYER 98 X 14 B1,5,350.236,1751.18
C546,2026-07-15T00:00:00Z,59093388,EUACPW9818MB1,EU PMMA MULTILAYER 98 X 18 B1,5,350.236,1751.18
C546,2026-07-15T00:00:00Z,59093397,EUACPW9818MA2,EU PMMA MULTILAYER 98 X 18 A2,5,350.236,1751.18
C546,2026-07-15T00:00:00Z,59093401,EUACPW9818MA3,EU PMMA MULTILAYER 98 X 18 A3,4,350.235,1400.94
C546,2026-07-15T00:00:00Z,59093405,EUACPW9818T,EU PMMA TRANSPARENT 98 X 18 T,2,262.675,525.35
C546,2026-07-15T00:00:00Z,59093409,EUACPW9814T,EU PMMA TRANSPARENT 98 X 14 T,10,262.676,2626.76
C546,2026-07-15T00:00:00Z,59093280,EUAPW9822SHT-APMA3,EU AIZIR MULTILAYER 98 X 22 A3,2,1103.24,2206.48
CND73,2026-07-22T00:00:00Z,305094,3A0111866C0,ASSY CABLE USB MAIN IO3 PARA I600/I700,40,363.1585,14526.34
C547,2026-07-23T00:00:00Z,59093544,DENTALCADIMPBUN,DENTALCAD FLEX IMPLANT BUNDLE,10,3496.857,34968.57
C547,2026-07-23T00:00:00Z,59093595,DENCADEXOGUICRE,DENTALCAD EXOPLAN FLEX WITH GUIDE CREATOR,10,2540.006,25400.06
C547,2026-07-23T00:00:00Z,59093581,DENTALCADULTBUN,DENTALCAD FLEX ULTIMATE BUNDLE,20,4836.4495,96728.98999999999
C553,2026-07-31T00:00:00Z,8408,MI896,MIYO TRANS LUMIN PLUS FLUOR PASTE 4G,20,635.942,12718.84
C552,2026-07-31T00:00:00Z,141601,DENTALCADFLEXUNI,DENTALCAD EDUCATIONAL FLEX UNIVERSIDADES,9,3572.6522,32153.8698
C553,2026-07-31T00:00:00Z,8357,MI879,MIYO TRANS SHADE C FLUOR PASTE 4G,20,635.942,12718.84
C553,2026-07-31T00:00:00Z,8291,MI008,MIYO BRUSH KIT,5,2964.65,14823.25
C553,2026-07-31T00:00:00Z,8294,MI821,MIYO GINGIVAL GLAZE PASTE NO FLOUR 4G,5,635.942,3179.71
C553,2026-07-31T00:00:00Z,8297,MI857,MIYO SNOW FLUOR PASTE 4G,10,635.943,6359.43
C553,2026-07-31T00:00:00Z,8306,MI860,MIYO TRANS STORM FLUOR PASTE 4G,5,635.942,3179.71
C553,2026-07-31T00:00:00Z,8309,MI861,MIYO TRANS LOTUS FLUOR PASTE 4G,15,635.942,9539.13
C553,2026-07-31T00:00:00Z,8312,MI862,MIYO TRANS STRAW FLUOR PASTE 4G,20,635.942,12718.84
C553,2026-07-31T00:00:00Z,8321,MI865,MIYO AUTUMN SPRING FLUOR PASTE 4G,10,635.943,6359.43
C553,2026-07-31T00:00:00Z,8330,MI868,MIYO MAMELON PUMPKIN FLUOR PASTE 4G,10,635.943,6359.43
C553,2026-07-31T00:00:00Z,8336,MI870,MIYO STRUCTURE ICE FLUOR PASTE 4G,15,635.942,9539.13
C553,2026-07-31T00:00:00Z,86186,MI871,MIYO STRUCTURE BLUSH FLUOR PASTE 4G,15,635.942,9539.13
C553,2026-07-31T00:00:00Z,8339,MI872,MIYO STRUCTURE ENAMEL FLUOR PASTE 4G,10,635.943,6359.43
C553,2026-07-31T00:00:00Z,8342,MI873,MIYO STRUCTURE GHOST FLUOR PASTE 4G,10,635.943,6359.43
C553,2026-07-31T00:00:00Z,8345,MI875,MIYO TRANS SMOKE FLUOR PASTE 4G,20,635.942,12718.84
C553,2026-07-31T00:00:00Z,8351,MI877,MIYO TRANS SHADE A FLUOR PASTE 4G,90,635.9422,57234.797999999995
C553,2026-07-31T00:00:00Z,8354,MI878,MIYO TRANS SHADE B FLUOR PASTE 4G,20,635.942,12718.84
C553,2026-07-31T00:00:00Z,8360,MI880,MIYO TRANS SHADE D FLUOR PASTE 4G,20,635.942,12718.84
C553,2026-07-31T00:00:00Z,8366,MI882,MIYO GINGIVAL CRIMSON PASTE 4G,10,635.943,6359.43
C553,2026-07-31T00:00:00Z,8369,MI883,MIYO GINGIVAL TRANS MIDNIGHT PASTE 4G,25,635.9424,15898.56
C553,2026-07-31T00:00:00Z,8372,MI884,MIYO GINGIVAL PLUM PASTE 4G,20,635.942,12718.84
C553,2026-07-31T00:00:00Z,8375,MI885,MIYO GINGIVAL MERLOT PASTE 4G,50,635.9422,31797.11
C553,2026-07-31T00:00:00Z,8378,MI886,MIYO GINGIVAL SORBET PASTE 4G,20,635.942,12718.84
C553,2026-07-31T00:00:00Z,8381,MI887,MIYO GINGIVAL TRANS RASPBERRY PASTE 4G,30,635.9423,19078.27
C553,2026-07-31T00:00:00Z,8384,MI888,MIYO GINGIVAL TRANS COPPER PASTE 4G,10,635.943,6359.43
C553,2026-07-31T00:00:00Z,8387,MI889,MIYO GINGIVAL SALMON PASTE 4G,20,635.942,12718.84
C553,2026-07-31T00:00:00Z,8390,MI890,MIYO GINGIVAL STRUCTURE ORCHID PASTE 4G,20,635.942,12718.84
C553,2026-07-31T00:00:00Z,8393,MI891,MIYO GINGIVAL STRUCTURE ROUGE PASTE 4G,50,635.9422,31797.11
C553,2026-07-31T00:00:00Z,8399,MI893,MIYO TRANS SAGE FLUOR PASTE 4G,10,635.943,6359.43
C553,2026-07-31T00:00:00Z,8402,MI894,MIYO TRANS COBALT FLUOR PASTE 4G,5,635.942,3179.71
C553,2026-07-31T00:00:00Z,8411,MI897,MIYO GINGIVAL SABLE PASTE 4G,10,635.943,6359.43
C553,2026-07-31T00:00:00Z,8414,MI898,MIYO GINGIVAL THISTLE PASTE 4G,5,635.942,3179.71
C553,2026-07-31T00:00:00Z,87152,MI952,MIYO TRANS GARNET PASTE 4G,10,635.943,6359.43
C553,2026-07-31T00:00:00Z,87155,MI953,MIYO HIGH FUSING STRUCTURE ENAMEL PASTE 4G,5,635.942,3179.71
C553,2026-07-31T00:00:00Z,87158,MI954,MIYO HIGH FUSING STRUCTURE WINDOW PASTE 4G,2,635.945,1271.89
C553,2026-07-31T00:00:00Z,8423,MI957,MIYO GINGIVAL VENULE 4G,10,635.943,6359.43
C553,2026-07-31T00:00:00Z,8426,MI993,MIYO ESTHETIC FINISHING SYSTEM KIT,10,14781.558,147815.58000000002
C553,2026-07-31T00:00:00Z,87161,MI996,MIYO GINGIVAL FINISHING SYSTEM KIT,5,10464.616,52323.08
C553,2026-07-31T00:00:00Z,14288,ZR190,INSYNC ZR GLAZE LIQUID 25 ML,20,204.074,4081.48
C553,2026-07-31T00:00:00Z,14291,ZR249,INSYN FC GLAZE PASTE 4G,240,473.9043,113737.03199999999
C551,2026-07-31T00:00:00Z,61630487,AMD500S-020,AMM520 DUST COVER,2,1706.865,3413.73
C551,2026-07-31T00:00:00Z,61822378,MB3411M,AMM520 TITANIUM DISK MILLING BUR 1.5 MM BUR BALL,4,644.8125,2579.25
C551,2026-07-31T00:00:00Z,61636672,MB3410M,AMM520 TITANIUM DISK MILLING BUR 1.0 MM BUR BALL,4,644.8125,2579.25
C551,2026-07-31T00:00:00Z,61630439,AMD500S-007,AMM520 SPINDLE CHUCK,2,4930.93,9861.86
C551,2026-07-31T00:00:00Z,61828582,MB3418M,AMM520 TITANIUM DISK MILLING BUR 1.5 MM BUR TORIC,4,644.8125,2579.25
C551,2026-07-31T00:00:00Z,61825489,MB3416M,AMM520 TITANIUM DISK MILLING BUR 2.0 MM BUR FLAT,4,644.8125,2579.25
C551,2026-07-31T00:00:00Z,61822390,MB3414M,AMM520 TITANIUM DISK MILLING BUR 2.0 MM BUR BALL,4,644.8125,2579.25
C551,2026-07-31T00:00:00Z,61822384,MB3412M,AMM520 TITANIUM DISK MILLING BUR 3.0 MM BUR BALL,4,644.8125,2579.25
C554,2026-08-04T00:00:00Z,62621301,ACKMDGi10005,EZ PRINT MODEL GINGIVA,10,1526.624,15266.24
C554,2026-08-04T00:00:00Z,62621297,ACKMDM10001,EZ PRINT MODEL YELLOW,100,520.44,52044.00000000001
C554,2026-08-04T00:00:00Z,62621281,AAMCC010A2,ADDITIVE MANUFACTURING LIGHT CURING CROWN BRIDGE RESIN,10,8847.48,88474.79999999999
C554,2026-08-04T00:00:00Z,62621277,AAMDB010P2,ADDITIVE MANUFACTURED LIGHT DENTURE RESIN,20,4857.44,97148.79999999999
C554,2026-08-04T00:00:00Z,42646281,ACLYDM1000X,EZ PRINT MODEL ALMOND,100,520.44,52044.00000000001
C554,2026-08-04T00:00:00Z,42646275,ACCXDM10004,EZ PRINT MODEL GRAY,300,277.568,83270.4
C554,2026-08-04T00:00:00Z,5759,CMBBC14HTA2,CAMEO MILL BLOCS BOX C14 HT A2,400,303.59,121435.99999999999
C554,2026-08-04T00:00:00Z,86613,CPIBLTBL1,CAMEO PRESS INGOT BOX LT BL1,40,260.22,10408.8
C554,2026-08-04T00:00:00Z,86926,APG401514MLA3,CAMEO MILL BLOCS BOX B40 LT A3,5,1214.36,6071.8
C554,2026-08-04T00:00:00Z,62488032,ACPW9816CB1,DISCO PMMA MONO 98 X 16 B1,100,121.436,12143.6
C554,2026-08-04T00:00:00Z,62488036,ACPW9820COM2,DISCO PMMA MONO 98 X 20 OM2,200,121.436,24287.2
C554,2026-08-04T00:00:00Z,62488040,ACPW9825COM3,DISCO PMMA MONO 98 X 25 OM3,100,121.436,12143.6
C554,2026-08-04T00:00:00Z,62488046,ACPW9825CB1,DISCO PMMA MONO 98 X 25 B1,200,121.436,24287.2
C554,2026-08-04T00:00:00Z,62488060,ACPW9820CB2,DISCO PMMA MONO 98 X 20 B2,200,121.436,24287.2
C554,2026-08-04T00:00:00Z,62488055,ACPW9825CA1,DISCO PMMA MONO 98 X 25 A1,200,121.436,24287.2
C554,2026-08-04T00:00:00Z,62488050,ACPW9816CA3,DISCO PMMA MONO 98 X 16 A3,30,121.436,3643.08
C541,2026-08-04T00:00:00Z,54958293,AMM-520PRO-IN,MILLING MACHINE AMM-520 PRO-IN,3,298918.17,896754.51
C541,2026-08-04T00:00:00Z,54958329,WYQ-5000W,REGULATED POWER SUPPLY WYQ-5000W,3,4688.5033,14065.509900000001
C541,2026-08-04T00:00:00Z,7209147,R-412-110,VACUUM CLEANER R-412 220V,13,12155.3808,158019.9504
C541,2026-08-04T00:00:00Z,54958321,CSF-400C-EU,SINTERING FURNACE CSF-400C-EU,10,41675.59,416755.89999999997
C541,2026-08-04T00:00:00Z,7209139,AMD-500EPRO-IN98,MILLING MACHINE AMD-500E PRO-IN98,10,109398.423,1093984.23
CND74,2026-08-04T00:00:00Z,116749,WASHCUREKIT,PHROZEN WASH & CURE KIT,1,4989.97,4989.97
C554,2026-08-04T00:00:00Z,5804,CPIBHTA2,CAMEO PRESS INGOT BOX HT A2,700,260.22,182154.00000000003
C554,2026-08-04T00:00:00Z,86918,CMBBB40LTA1,CAMEO MILL BLOCS BOX B40 LT A1,10,1214.36,12143.6
C554,2026-08-04T00:00:00Z,5816,CPIBLTA1,CAMEO PRESS INGOT BOX LT A1,300,260.22,78066.00000000001
C554,2026-08-04T00:00:00Z,5756,CMBBC14HTA1,CAMEO MILL BLOCS BOX C14 HT A1,400,303.59,121435.99999999999
C554,2026-08-04T00:00:00Z,218187,CMBBC14HTBL4,CAMEO MILL BLOCS BOX C14 HT BL4,100,303.59,30358.999999999996
C554,2026-08-04T00:00:00Z,5819,CPIBLTA2,CAMEO PRESS INGOT BOX LT A2,400,260.22,104088.00000000001
C554,2026-08-04T00:00:00Z,84073,CPIBLTC1,CAMEO PRESS INGOT BOX LT C1,30,260.22,7806.6
C554,2026-08-04T00:00:00Z,5765,CMBBC14HTBL3W3,CAMEO MILL BLOCS BOX C14 HT BL3/W3,100,303.59,30358.999999999996
C554,2026-08-04T00:00:00Z,5813,CPIBHTBL3W3,CAMEO PRESS INGOT BOX HT BL3/W3,30,260.22,7806.6
C554,2026-08-04T00:00:00Z,62494292,ACPW9820COM1,DISCO PMMA MONO 98 X 20 OM1,50,121.436,6071.8
C554,2026-08-04T00:00:00Z,62494287,ACPW9820CA1,DISCO PMMA MONO 98 X 20 A1,400,121.436,48574.4
C554,2026-08-04T00:00:00Z,62491195,ACPW9820CB1,DISCO PMMA MONO 98 X 20 B1,400,121.436,48574.4
C554,2026-08-04T00:00:00Z,62491189,ACPW9816CA2,DISCO PMMA MONO 98 X 16 A2,100,121.436,12143.6
C554,2026-08-04T00:00:00Z,62491185,ACPW9820COM3,DISCO PMMA MONO 98 X 20 OM3,199,121.436,24165.764000000003
C554,2026-08-04T00:00:00Z,62491181,ACPW9825CA2,DISCO PMMA MONO 98 X 25 A2,200,121.436,24287.2
C554,2026-08-04T00:00:00Z,62491175,ACPW9816CA1,DISCO PMMA MONO 98 X 16 A1,100,121.436,12143.6
C554,2026-08-04T00:00:00Z,62491171,ACPW9825CA3,DISCO PMMA MONO 98 X 25 A3,50,121.436,6071.8
C554,2026-08-04T00:00:00Z,62491167,ACPW9825COM1,DISCO PMMA MONO 98 X 25 OM1,40,121.436,4857.44
C554,2026-08-04T00:00:00Z,62491163,ACPW9816CB2,DISCO PMMA MONO 98 X 16 B2,60,121.436,7286.16
C554,2026-08-04T00:00:00Z,62491157,ACPW9825CB2,DISCO PMMA MONO 98 X 25 B2,100,121.436,12143.6
C554,2026-08-04T00:00:00Z,62491152,ACPW9820T,DISCO PMMA TRANSPA 98 X 20 T,60,277.568,16654.08
C554,2026-08-04T00:00:00Z,62488026,ACPW9820CA2,DISCO PMMA MONO 98 X 20 A2,400,121.436,48574.4
C554,2026-08-04T00:00:00Z,62484933,ACPW9825COM2,DISCO PMMA MONO 98 X 25 OM2,100,121.436,12143.6
C554,2026-08-04T00:00:00Z,62484928,ACPW9820CA3,DISCO PMMA MONO 98 X 20 A3,100,121.436,12143.6
C554,2026-08-04T00:00:00Z,102229,DBSOLIDWAX98X14,DISCO BLUE SOLID WAX 98 X 14MM,400,52.044,20817.6
C554,2026-08-04T00:00:00Z,102233,DBSOLIDWAX98X20,DISCO BLUE SOLID WAX 98 X 20MM,300,52.044,15613.199999999999
C554,2026-08-04T00:00:00Z,5801,APG12.510PA1,CAMEO PRESS INGOT BOX HT A1,800,346.96,277568.0
C554,2026-08-04T00:00:00Z,62621309,ACKMDG10002,EZ PRINT MODEL SURGICAL GUIDE,60,1144.968,68698.08
C554,2026-08-04T00:00:00Z,62621305,ACRFDM10003,EZ PRIN MODEL WHITE,20,659.224,13184.48
C555,2026-08-06T00:00:00Z,3488,101915,BLUE PLACE HOLDER BOX SPECIAL DIAMETER,30,538.8557,16165.67
C556,2026-08-07T00:00:00Z,43825416,180512,MOTOR ENCODER WELLE (Z-ACHS) MATRON BC,1,5983.61,5983.61
C556,2026-08-07T00:00:00Z,43825420,180537,MAINTENANCE SET MATRON,3,11227.98,33683.94
C556,2026-08-07T00:00:00Z,43828558,180539,CHUCK 6MM MATRON,3,3333.5267,10000.5801
C556,2026-08-07T00:00:00Z,295045,181202,FILTROS DE AGUA CLEANSTREAM COOLANTFLOW,40,348.695,13947.8
C556,2026-08-07T00:00:00Z,309395,181203,CINTURON FILTRANTE CLEANSTREAM 3PZS,20,2915.091,58301.82
C556,2026-08-07T00:00:00Z,99530,760300,DISCO CERAMILL TEST 98 X 20,60,451.9088,27114.53
C556,2026-08-07T00:00:00Z,97253,115706,PLACA DE CIRCUITO SMARTMIX C2,3,10446.9033,31340.7099
C556,2026-08-07T00:00:00Z,141929,116173,PLACA DE CIRCUITO SMARTBOX X2,2,7936.3,15872.6
C556,2026-08-07T00:00:00Z,3677,179251,TAPA DE PORTAHERRAMIENTAS MOTION 2,4,555.92,2223.68
C556,2026-08-07T00:00:00Z,85514,179302,X/Y/Z AXIS MOTOR INCL ENCODER PARA MOTION 2 O 3,10,3751.959,37519.59
C556,2026-08-07T00:00:00Z,85697,179327,CONTROL M2I DNA GENERATION,2,40309.15,80618.3
C556,2026-08-07T00:00:00Z,295048,180039,SENSOR DE PUERTA MIKRO 4X/5X/LC PLATAFORMA,1,292.91,292.91
C556,2026-08-07T00:00:00Z,232544,180112,DISPLAY HMI 10.1 INCL WLAN MODUL,1,24966.57,24966.57
C556,2026-08-07T00:00:00Z,85800,180161,B AXIS MOTOR INCHL ENCODER 5X,2,5983.605,11967.21
C556,2026-08-07T00:00:00Z,85532,180208,X/Y/Z AXIS MOTOR INCL ENCODER 4X AND 5X FOR MIKRO 4X 5X IC CS,2,3751.955,7503.91
C556,2026-08-07T00:00:00Z,85797,180210,A AXIS MOTOR INCL ENCODER MIKRO IC+CS FOR MIKRO IC CHAIRSIDE,2,4728.31,9456.62
C556,2026-08-07T00:00:00Z,234044,180231,VALVULA SOLENOIDE 24V ARGOTHERM 2,4,864.7625,3459.05
C556,2026-08-07T00:00:00Z,297459,180407,TOOL LENGTH SENSOR MOTION 2 O 3,2,5983.605,11967.21
C556,2026-08-07T00:00:00Z,63105444,180449,REGULATOR + PRE-FILTER SET ARGOTHERM 2,4,3054.57,12218.28
C556,2026-08-07T00:00:00Z,63105448,181200A,PAQUETE DE ACCESORIOS MATIK,1,19925.43,19925.43
C556,2026-08-07T00:00:00Z,85817,181211,PORTAPIEZAS 98 PRODUCCION,20,5969.66,119393.2
C556,2026-08-07T00:00:00Z,85889,181213,PORTAPIEZAS BLOCS UN PRODUCCION,5,5685.722,28428.61
C556,2026-08-07T00:00:00Z,85895,181218,PORTAPIEZAS METAL PRODUCCION,5,13142.816,65714.08
C556,2026-08-07T00:00:00Z,41562124,218760,ARTEX TYP CR,49,17833.2627,873829.8722999999
C556,2026-08-07T00:00:00Z,3827,218600,ARCO FACIAL ARTEX,50,8329.8274,416491.37
C556,2026-08-07T00:00:00Z,3533,116910,STEAMER X3 230V,1,26235.81,26235.81
C556,2026-08-07T00:00:00Z,102036,751004,FRESA ROTO RFID 2.0 DIAMOND BLG,10,589.793,5897.93
C556,2026-08-07T00:00:00Z,102042,751006,FRESA ROTO RFID 1.0 DIAMOND BLG,10,589.793,5897.93
C556,2026-08-07T00:00:00Z,4238,760662,FRESA ROTO RFID 0.6 ZI DM,69,589.7929,40695.71
C556,2026-08-07T00:00:00Z,303760,768262,DISCO ZOLID BION A1 98 X 16 F ZRO2,148,1452.5641,214979.4868
C556,2026-08-07T00:00:00Z,195299,768264,DISCO ZOLID BION A1 98 X 20 F ZRO2,100,1594.8317,159483.16999999998
C556,2026-08-07T00:00:00Z,195303,768265,DISCO ZOLID BION A1 98 X 25 FZRO2,80,1633.8855,130710.84000000001
C556,2026-08-07T00:00:00Z,85848,760670,FRESA ROTO RFID 0.6 PMMA WAX DM 0.6,151,589.7928,89058.71280000001
C556,2026-08-07T00:00:00Z,195307,768270,DISCO ZOLID BION A2 98 X 16 F ZRO2,16,1452.5644,23241.03
C556,2026-08-07T00:00:00Z,43828573,768305,DISCO ZOLID BION B1 98 X 25 F,86,1633.8856,140514.1616
C556,2026-08-07T00:00:00Z,43822233,180156,PRESSURE SENSOR MATIK / MATRON,1,2217.7,2217.7
C556,2026-08-07T00:00:00Z,19299242,180350,RFID-PRINT MOTION DRS / M3 / MATRON,1,5844.13,5844.13
C556,2026-08-07T00:00:00Z,295063,180464,AIR NOOZLE SPINDLE MATRON,1,557.91,557.91
C556,2026-08-07T00:00:00Z,63105405,180466,VALVE TERMINAL MATRON,1,11562.73,11562.73
C556,2026-08-07T00:00:00Z,63105411,180467,CAMERA UNIT MATRON,1,5007.26,5007.26
C556,2026-08-07T00:00:00Z,63105415,180471,ROTARY TABLE MATRON,1,93310.8,93310.8
C556,2026-08-07T00:00:00Z,6150047,180472,ZERO POINT CLAMPING SYSTEM MATRON,1,23571.79,23571.79
C556,2026-08-07T00:00:00Z,63105419,180505,PNEUMATIC CYLINDER CHANGER MATRON,1,4867.78,4867.78
C556,2026-08-07T00:00:00Z,295075,180507,GRIPPER BLANK HOLDER MATRON,1,14073.33,14073.33
C556,2026-08-07T00:00:00Z,63105424,180542,SPINDLE CONTROLLER SYCOTEC MATRON,1,14491.77,14491.77
C556,2026-08-07T00:00:00Z,43825407,180510,MOTOR ENCODER SPINDLE (X-AXIS) MATRON BC,1,5983.61,5983.61
C556,2026-08-07T00:00:00Z,295072,180490,CHUCK 3MM MATRON,2,2915.09,5830.18
C556,2026-08-07T00:00:00Z,295075,180507,GRIPPER BLANK HOLDER MATRON,2,14073.33,28146.66
C556,2026-08-07T00:00:00Z,43825412,180511,MOTOR ENCODER SPINDLE (Y-AXIS) MATRON BC,1,5983.61,5983.61
C556,2026-08-07T00:00:00Z,63105428,180573,VALVE TERMINAL MATRON CORE,1,9191.6,9191.6
C556,2026-08-07T00:00:00Z,43825402,180508,SLIDE WORKPIECE CHANGER (Z AXIS) MATRON,1,43098.71,43098.71
C556,2026-08-07T00:00:00Z,43825407,180510,MOTOR ENCODER SPINDLE (X-AXIS) MATRON BC,1,5983.61,5983.61
C556,2026-08-07T00:00:00Z,43825412,180511,MOTOR ENCODER SPINDLE (Y-AXIS) MATRON BC,1,5983.61,5983.61
C556,2026-08-07T00:00:00Z,43825416,180512,MOTOR ENCODER WELLE (Z-ACHS) MATRON BC,1,5983.61,5983.61
C556,2026-08-07T00:00:00Z,43825420,180537,MAINTENANCE SET MATRON,1,11227.98,11227.98
C556,2026-08-07T00:00:00Z,43828558,180539,CHUCK 6MM MATRON,1,3333.53,3333.53
C556,2026-08-07T00:00:00Z,295066,180468,SENSOR BLOCK MATRON,1,6402.05,6402.05
C556,2026-08-07T00:00:00Z,295045,181202,FILTROS DE AGUA CLEANSTREAM COOLANTFLOW,1,348.69,348.69
C556,2026-08-07T00:00:00Z,191177,221500,ZEBRIS FOR CERAMILL,5,146740.852,733704.26
C556,2026-08-07T00:00:00Z,3536,116912,CONJUNTO DE EMPAQUETADURAS PARA TAPA,10,223.165,2231.65
C556,2026-08-07T00:00:00Z,43828569,179218,SERVICE SET JAEGER SPINDLE,2,2636.135,5272.27
C556,2026-08-07T00:00:00Z,307928,179253,TAMIZ DE VIRUTAS MOTION 2,2,1659.79,3319.58
C556,2026-08-07T00:00:00Z,43828562,179256,FILTER BAG COOLSTREAM,10,1199.511,11995.11
C556,2026-08-07T00:00:00Z,95865,179296,ANILLO DE SELLADO EJE A O B MOTION 2 O 3,30,516.0687,15482.06
C556,2026-08-07T00:00:00Z,85789,179306,PRESOSTATO,3,2217.7,6653.1
C556,2026-08-07T00:00:00Z,19293004,179313,KIT DE LIMPIEZA ST,4,1004.2425,4016.97
C556,2026-08-07T00:00:00Z,43822233,180156,PRESSURE SENSOR MATIK / MATRON,2,2217.7,4435.4
C556,2026-08-07T00:00:00Z,115326,180177,BOMBA DE REFRIGERANTE MIKRO IC/M2I/M2DNA,3,6959.9533,20879.8599
C556,2026-08-07T00:00:00Z,85792,180209,A AXIS MOTOR INCL ENCODER 4X AND 5X FOR MIKRO 4X 5X MOTION 2,7,3751.96,26263.72
C556,2026-08-07T00:00:00Z,43822237,180361,FAN HOUSING MOTION / MIKRO IC / MATRON,4,1799.2675,7197.07
C556,2026-08-07T00:00:00Z,43444459,180413,CAMERA UNIT MOTION 3,6,5007.2617,30043.570200000002
C556,2026-08-07T00:00:00Z,309530,180430,AG CASO DE SERVICIO-CERAMILL MOTION/DRS,1,51467.4,51467.4
C556,2026-08-07T00:00:00Z,295069,180469,TOOL LENGTH SENSOR MATRON,3,7099.4333,21298.299899999998
C556,2026-08-07T00:00:00Z,41704211,180470,PRESSURE SWITCH MODULE MATRON,7,3333.5243,23334.6701
C557,2026-08-10T00:00:00Z,180116,SONMIN8KS,IMPRESORA 3D SONIC MINI 8K S,1,7155.0,7155.0
C558,2026-08-12T00:00:00Z,63524842,29223000,SILENT XS ROW 100-240V,1,11637.93,11637.93
CND76,2026-08-17T00:00:00Z,64668484,CSF-200-006,THERMOCOUPLE FOR CSF-200L,1,4408.47,4408.47
C559,2026-08-19T00:00:00Z,64724862,ACPW9816MA3,DISCO PMMA MULTI 98 X 16 A3,85,295.6471,25130.0
C559,2026-08-19T00:00:00Z,42646281,ACLYDM1000X,EZ PRINT MODEL ALMOND,400,521.73,208692.0
C559,2026-08-19T00:00:00Z,64712068,ACLYDC10008-2.0,EZ PRINT CAST,40,1217.37,48694.8
C559,2026-08-19T00:00:00Z,5819,CPIBLTA2,CAMEO PRESS INGOT BOX LT A2,400,260.865,104346.0
C559,2026-08-19T00:00:00Z,5759,CMBBC14HTA2,CAMEO MILL BLOCS BOX C14 HT A2,400,304.3425,121736.99999999999
C559,2026-08-19T00:00:00Z,5756,CMBBC14HTA1,CAMEO MILL BLOCS BOX C14 HT A1,400,304.3425,121736.99999999999
C559,2026-08-19T00:00:00Z,218187,CMBBC14HTBL4,CAMEO MILL BLOCS BOX C14 HT BL4,300,304.3425,91302.74999999999
C559,2026-08-19T00:00:00Z,5765,CMBBC14HTBL3W3,CAMEO MILL BLOCS BOX C14 HT BL3/W3,300,304.3425,91302.74999999999
C559,2026-08-19T00:00:00Z,5816,CPIBLTA1,CAMEO PRESS INGOT BOX LT A1,600,260.865,156519.0
C559,2026-08-19T00:00:00Z,50807628,HEATELE,HEATING ELEMENT,5,16406.67,82033.34999999999
C559,2026-08-19T00:00:00Z,42646275,ACCXDM10004,EZ PRINT MODEL GRAY,400,278.256,111302.4
C559,2026-08-19T00:00:00Z,5774,APG181315MLA3,CAMEO MILL BLOCS BOX C14 LT A3,50,260.865,13043.25
C559,2026-08-19T00:00:00Z,42212501,APG181315MB2,CAMEO MILL BLOCS BOX C14 HT B2,300,260.865,78259.5
C559,2026-08-19T00:00:00Z,5813,CPIBHTBL3W3,CAMEO PRESS INGOT BOX HT BL3/W3,230,260.865,59998.950000000004
C559,2026-08-19T00:00:00Z,83147,CPIBLTB1,CAMEO PRESS INGOT BOX LT B1,60,260.865,15651.9
C559,2026-08-19T00:00:00Z,91771,CPIBHTB2,CAMEO PRESS INGOT BOX HT B2,300,260.865,78259.5
C559,2026-08-19T00:00:00Z,5807,APG12.510PA3,CAMEO PRESS INGOT BOX HT A3,150,260.865,39129.75
C559,2026-08-19T00:00:00Z,64721582,APG12.510PA3.5,CAMEO PRESS INGOT BOX HT A3.5,100,260.865,26086.5
C559,2026-08-19T00:00:00Z,86610,CPIBLTBL2,CAMEO PRESS INGOT BOX LT BL2,100,260.865,26086.5
C559,2026-08-19T00:00:00Z,64721588,APG181315MB3,CAMEO MILL BLOCS BOX C14 HT B3,100,260.865,26086.5
C559,2026-08-19T00:00:00Z,64721599,APG12.510PLA3.5,CAMEO PRESS INGOT BOX LT A3.5,200,260.865,52173.0
C559,2026-08-19T00:00:00Z,42007886,APG181315MA3.5,CAMEO MILL BLOCS BOX C14 HT A3.5,100,260.865,26086.5
C559,2026-08-19T00:00:00Z,64721612,APW9812SHT-APMA1,AIZIR 98 X 12MM A1,250,521.73,130432.5
C559,2026-08-19T00:00:00Z,6150116,APW9816SHT-APMA3,AIZIR 98 X 16MM A3,300,695.64,208692.0
C559,2026-08-19T00:00:00Z,9185119,APW9814SHT-APMA1,AIZIR 98 X 14MM A1,390,608.685,237387.14999999997
C559,2026-08-19T00:00:00Z,16301339,APW9814SHT-APMB2,AIZIR 98 X 14MM B2,130,608.685,79129.04999999999
C559,2026-08-19T00:00:00Z,64721623,APW9814SHT-APMC3,AIZIR 98 X 14MM C3,85,608.6851,51738.23
C559,2026-08-19T00:00:00Z,16298144,APW9814SHT-APMA3,AIZIR 98 X 14MM A3,295,608.685,179562.07499999998
C559,2026-08-19T00:00:00Z,16301337,APW9814SHT-APMB1,AIZIR 98 X 14MM B1,190,608.685,115650.15
C559,2026-08-19T00:00:00Z,6150064,APW9816SHT-APMA2,AIZIR 98 X 16MM A2,450,695.64,313038.0
C559,2026-08-19T00:00:00Z,16304489,APW9820SHT-APMOM1,AIZIR 98 X 20MM OM1,36,869.55,31303.8
C559,2026-08-19T00:00:00Z,16298142,APW9814SHT-APMA2,AIZIR 98 X 14MM A2,400,608.685,243473.99999999997
C559,2026-08-19T00:00:00Z,64721629,APW9812SHT-APMA2,AIZIR 98 X 12MM A2,360,521.73,187822.80000000002
C559,2026-08-19T00:00:00Z,16304493,APW9820SHT-APMOM3,AIZIR 98 X 20MM OM3,36,869.55,31303.8
C559,2026-08-19T00:00:00Z,64724725,APW9812SHT-APMA3,AIZIR 98 X 12MM A3,140,521.73,73042.2
C559,2026-08-19T00:00:00Z,64724740,APW9814SHT-APMB3,AIZIR 98 X 14MM B3,70,608.685,42607.95
C559,2026-08-19T00:00:00Z,64724745,APW9812SHT-APMB1,AIZIR 98 X 12MM B1,190,521.73,99128.7
C559,2026-08-19T00:00:00Z,16301335,APW9814SHT-APMA3.5,AIZIR 98 X 14MM A3.5,125,608.685,76085.625
C559,2026-08-19T00:00:00Z,64724806,ACPW9825MB1,DISCO PMMA MULTI 98 X 25 B1,70,295.647,20695.29
C559,2026-08-19T00:00:00Z,64724811,ACPW9820MOM1,DISCO PMMA MULTI 98 X 20 OM1,75,295.6471,22173.53
C559,2026-08-19T00:00:00Z,64724815,ACPW9816MOM2,DISCO PMMA MULTI 98 X 16 OM2,50,295.647,14782.35
C559,2026-08-19T00:00:00Z,64724819,ACPW9820MA2,DISCO PMMA MULTI 98 X 20 A2,145,295.647,42868.815
C559,2026-08-19T00:00:00Z,64724824,ACPW9814MA2,DISCO PMMA MULTI 98 X 14 A2,65,295.6471,19217.06
C559,2026-08-19T00:00:00Z,64724828,ACPW9825MA1,DISCO PMMA MULTI 98 X 25 A1,80,295.647,23651.76
C559,2026-08-19T00:00:00Z,64724832,ACPW9816MB2,DISCO PMMA MULTI 98 X 16 B2,75,295.6471,22173.53
C559,2026-08-19T00:00:00Z,42652622,ACPW9816MA1,DISCO PMMA MULTI 98 X 16 A1,135,295.647,39912.345
C559,2026-08-19T00:00:00Z,64724837,ACPW9825MOM2,DISCO PMMA MULTI 98 X 25 OM2,30,295.647,8869.41
C559,2026-08-19T00:00:00Z,64724845,ACPW9816MB1,DISCO PMMA MULTI 98 X 16 B1,75,295.6471,22173.53
C559,2026-08-19T00:00:00Z,64724850,ACPW9814MA3,DISCO PMMA MULTI 98 X 14 A3,35,295.6471,10347.65
C559,2026-08-19T00:00:00Z,64724854,ACPW9820MB1,DISCO PMMA MULTI 98 X 20 B1,105,295.647,31042.934999999998
C559,2026-08-19T00:00:00Z,64724858,ACPW9825MOM3,DISCO PMMA MULTI 98 X 25 OM3,50,295.647,14782.35
C559,2026-08-19T00:00:00Z,64724866,ACPW9820MA1,DISCO PMMA MULTI 98 X 20 A1,175,295.647,51738.225
C559,2026-08-19T00:00:00Z,62491175,ACPW9816CA1,DISCO PMMA MONO 98 X 16 A1,30,121.737,3652.11
C559,2026-08-19T00:00:00Z,64724870,ACPW9820MOM2,DISCO PMMA MULTI 98 X 20 OM2,75,295.6471,22173.53
C559,2026-08-19T00:00:00Z,64724874,ACPW9820MB2,DISCO PMMA MULTI 98 X 20 B2,55,295.6471,16260.59
C559,2026-08-19T00:00:00Z,64724881,ACPW9825MA2,DISCO PMMA MULTI 98 X 25 A2,70,295.647,20695.29
C559,2026-08-19T00:00:00Z,64724885,ACPW9825MA3,DISCO PMMA MULTI 98 X 25 A3,50,295.647,14782.35
C559,2026-08-19T00:00:00Z,64724889,ACPW9825MOM1,DISCO PMMA MULTI 98 X 25 OM1,50,295.647,14782.35
C559,2026-08-19T00:00:00Z,64724893,ACPW9825MB2,DISCO PMMA MULTI 98 X 25 B2,40,295.647,11825.88
C559,2026-08-19T00:00:00Z,64724899,ACPW9820MA3,DISCO PMMA MULTI 98 X 20 A3,55,295.6471,16260.59
C559,2026-08-19T00:00:00Z,64724903,ACPW9814MOM2,DISCO PMMA MULTI 98 X 14 OM2,25,295.6472,7391.18
C559,2026-08-19T00:00:00Z,64724907,ACPW9814MB1,DISCO PMMA MULTI 98 X 14 B1,25,295.6472,7391.18
C559,2026-08-19T00:00:00Z,64724911,ACPW9814MA1,DISCO PMMA MULTI 98 X 14 A1,65,295.6471,19217.06
C559,2026-08-19T00:00:00Z,64724915,ACPW9816T,DISCO PMMA TRANSPA 98 X 16 T,180,278.256,50086.079999999994
C559,2026-08-19T00:00:00Z,64724927,ACPW9816MA2,DISCO PMMA MULTI 98 X 16 A2,135,295.647,39912.345
C559,2026-08-19T00:00:00Z,64724931,ACPW9820MOM3,DISCO PMMA MULTI 98 X 20 OM3,75,295.6471,22173.53
C559,2026-08-19T00:00:00Z,9185104,MB2704Z,MILLING BUR ZIR 2.0 DC ROTO FOR AMD-500,100,295.647,29564.7
C559,2026-08-19T00:00:00Z,9185109,MB2702Z,MILLING BUR ZIR 1.0 DC ROTO FOR AMD-500,100,295.647,29564.7
C559,2026-08-19T00:00:00Z,9185111,MB2701Z,MILLING BUR ZIR 0.6 DC ROTO FOR AMD-500,110,295.647,32521.17
C559,2026-08-19T00:00:00Z,102229,DBSOLIDWAX98X14,DISCO BLUE SOLID WAX 98 X 14MM,430,52.173,22434.39
C559,2026-08-19T00:00:00Z,102233,DBSOLIDWAX98X20,DISCO BLUE SOLID WAX 98 X 20MM,530,52.173,27651.690000000002
C560,2026-08-20T00:00:00Z,114072,LAPTOPG,LAPTOP G,1,22152.59,22152.59
C561,2026-08-21T00:00:00Z,65144024,14.041,ANALOG NP 3.5 (HEX ACTIVE) - ANODIZED - PURPLE,4,985.705,3942.82
C561,2026-08-21T00:00:00Z,65144032,14.044,ANALOG RP RC/4.1-4.8 (CONICAL BL) - NO ANODIZED,4,759.0825,3036.33
C561,2026-08-21T00:00:00Z,65144028,14.042,ANALOG RP 4.3/5.0 (HEX ACTIVE) - ANODIZED - YELLOW,4,985.705,3942.82
C561,2026-08-21T00:00:00Z,65144044,14.09,ANALOG DENTIUM SUPERLINE (CONIC DENT) - NO ANODIZED,4,759.0825,3036.33
C561,2026-08-21T00:00:00Z,65144040,14.056/D,DIGITAL ANALOG MIS 3.3 (INT. HEX MI) - NO ANODIZED,4,1482.6525,5930.61
C562,2026-08-27T00:00:00Z,117011,25204003,ANAXGUM PAINT DARK BROWN 3G,3,981.1267,2943.38
C562,2026-08-27T00:00:00Z,117008,25203003,ANABLEND PAINT CREAM 3G,5,981.092,4905.46
C562,2026-08-27T00:00:00Z,117005,25202003,ANAXGUM PAINT PURPLE 3G,10,891.913,8919.13
C562,2026-08-27T00:00:00Z,117002,25201003,ANAXGUM PAINT FLOW RED 3G,30,891.913,26757.39
C562,2026-08-27T00:00:00Z,116982,25153003,ANAXGUM GINGIVA FLOW ORANGE PINK 3G,30,617.9557,18538.67
C562,2026-08-27T00:00:00Z,116979,25151003,ANAXGUM GINGIVA FLOW LIGHT PINK 3G,3,679.72,2039.16
C562,2026-08-27T00:00:00Z,116998,25105005,ANAXGUM GINGIVA PASTE BROWN PINK 4G,3,1030.16,3090.48
C562,2026-08-27T00:00:00Z,116995,25104005,ANAXGUM GINGIVA PASTE PURPLE PINK 4G,4,1030.18,4120.72
C562,2026-08-27T00:00:00Z,116992,25103005,ANAXGUM GINGIVA PASTE ORANGE PINK 4G,30,936.5377,28096.13
C562,2026-08-27T00:00:00Z,116985,25102005,ANAXGUM GINGIVA PASTE DARK PINK 4G,30,936.5377,28096.13
C562,2026-08-27T00:00:00Z,249173,25101005,ANAXGUM GINGIVA PASTE LIGHT PINK 4G,5,1030.192,5150.96
C562,2026-08-27T00:00:00Z,103947,25001001,ANAXGUM KIT XL,1,9483.2,9483.2
C562,2026-08-27T00:00:00Z,116963,20810601,ANAXBLENT COLORS S KHAKI 1G,3,525.8167,1577.45
C562,2026-08-27T00:00:00Z,116960,20810501,ANAXBLEND COLORS S BLUE 1G,3,525.8167,1577.45
C562,2026-08-27T00:00:00Z,116956,20810401,ANAXBLEND COLORS S ORANGE 1G,5,525.802,2629.01
C562,2026-08-27T00:00:00Z,116925,20654003,ANAXBLEND TRANSPA HT 54 YELLOWISH FLOW 3G,5,587.924,2939.62
C562,2026-08-27T00:00:00Z,65738144,25152003,ANAXGUM GINGIVA FLOW DARK PINK 3G,30,617.9557,18538.67
C562,2026-08-27T00:00:00Z,103962,72000210,PASTA GRIGIA II,35,549.3197,19226.19
C562,2026-08-27T00:00:00Z,103959,72000205,PASTA GRIGIA I,50,442.7354,22136.77
C562,2026-08-27T00:00:00Z,103956,72000200,PASTA ROSSA 3G,140,414.8595,58080.33
C562,2026-08-27T00:00:00Z,117016,25205003,ANAXGUM PAINT YELLOW 3G,5,981.092,4905.46
C562,2026-08-27T00:00:00Z,116966,20810701,ANAXBLEND COLORS S BROWN 1G,3,525.8167,1577.45
C562,2026-08-27T00:00:00Z,103908,20700006,ANAXBLEND BOND LC 10ML,10,1203.865,12038.65
C562,2026-08-27T00:00:00Z,103900,20700008,ANAXBLEND PEKK BLOND 10 ML,1,1326.8,1326.8
C562,2026-08-27T00:00:00Z,116946,20810101,ANAXBLEND COLORS S CLEAR 1G,5,525.802,2629.01
C562,2026-08-27T00:00:00Z,116949,20810201,ANAXBLEND COLORS S WHITE 1G,3,525.8167,1577.45
C563,2026-08-27T00:00:00Z,65738172,APW9818GCMA1,3D PRO MULTILAYER 98 X 18 A1,5,739.712,3698.56
C563,2026-08-27T00:00:00Z,65738180,ACSTAINAES-S,BIOMIC STAIN AES S,5,887.668,4438.34
C563,2026-08-27T00:00:00Z,65738184,ACSTAINGUM-S,BIOMIC STAIN GUM S,5,887.668,4438.34
C562,2026-08-27T00:00:00Z,10990811,18121120,PMMA MULTI BLANK U A1 20MM,10,1285.807,12858.07
C562,2026-08-27T00:00:00Z,10990817,18121220,PMMA MULTI BLANK U A2 20MM,5,1285.808,6429.04
C562,2026-08-27T00:00:00Z,10990802,18132125,THE SHOW 10 LAYERS U A1 25 MM,20,1597.596,31951.92
C562,2026-08-27T00:00:00Z,10990793,18162120,THE SHOW 10 LAYERS U A1 20MM,20,1533.177,30663.54
C562,2026-08-27T00:00:00Z,103888,200000X3,ANAXBLEND KIT XL FLOW,1,10892.0,10892.0
C562,2026-08-27T00:00:00Z,103897,200000X5,ANAXBLEND KIT XL PASTE,1,11776.3,11776.3
C562,2026-08-27T00:00:00Z,116832,20210003,ANAXBLEND DENTIN AB FLOW 3G,5,450.466,2252.33
C562,2026-08-27T00:00:00Z,116847,20225003,ANAXBLEND ENAMEL SCHNEIDE S AB FLOW 3G,2,450.465,900.93
C562,2026-08-27T00:00:00Z,10990808,18120220,PMMA MULTI BLANK U AB 20MM,5,1285.808,6429.04
C562,2026-08-27T00:00:00Z,103858,16201010,OUTLINE SKIN GLAZE 10ML,2,905.735,1811.47
C562,2026-08-27T00:00:00Z,116771,16011076,VISCO III A1 76G,4,1497.6875,5990.75
C562,2026-08-27T00:00:00Z,103944,25001000,ANAXGUM KIT S,3,3422.96,10268.880000000001
C564,2026-08-31T00:00:00Z,3593,178641,CERAMILL COOLSTREAM WATER TANK,1,37841.8,37841.8
C564,2026-08-31T00:00:00Z,295024,178801,SILENT POWERCAM EC INTERFACE CABLE,1,963.07,963.07
C564,2026-08-31T00:00:00Z,66742562,178820V120,SILENT COMPACTCAM 120V US,1,21415.43,21415.43
C564,2026-08-31T00:00:00Z,92543,179164,CERAMILL MATCH 2 CAM DONGLE,1,44419.1,44419.1
C564,2026-08-31T00:00:00Z,6739637,181351,FRESADORA CERAMILL MOTION 3 AIR,1,374411.7,374411.7
C565,2026-09-03T00:00:00Z,102036,751004,FRESA ROTO RFID 2.0 DIAMOND BLG,116,577.3598,66973.7368
C565,2026-09-03T00:00:00Z,295036,181381,BLANK HOLDER 98 MATRON,2,9031.975,18063.95
C565,2026-09-03T00:00:00Z,295033,181380,BLANK HOLDER C CLAMP MATRON,8,9031.975,72255.8
C565,2026-09-03T00:00:00Z,295009,181371,CERAMILL MATRON,2,674013.0,1348026.0
C565,2026-09-03T00:00:00Z,295012,181375,CERAMILL TANK MATRON,2,12998.4,25996.8
C565,2026-09-03T00:00:00Z,295015,181376,CERAMILL COOLANTFLOW MATRON,2,44008.085,88016.17
C565,2026-09-03T00:00:00Z,295018,181377,CERAMILL CART MATRON,2,37938.005,75876.01
C565,2026-09-03T00:00:00Z,295021,178800V120,SILENT POWERCAM EC 120V,2,40824.8,81649.6
C565,2026-09-03T00:00:00Z,295024,178801,SILENT POWERCAM EC INTERFACE CABLE,2,841.075,1682.15
C565,2026-09-03T00:00:00Z,295027,181389,AUTOCALIBRATION KIT MATRON,2,20383.145,40766.29
C565,2026-09-03T00:00:00Z,295030,181251,LLAVE PARA PINZA SYC 3/6 DE CERAMILL MATRON,2,1749.245,3498.49
C565,2026-09-03T00:00:00Z,295042,181385,BLANK HOLDER METAL MATRON,4,18063.95,72255.8
C565,2026-09-03T00:00:00Z,295072,180490,CHUCK 3MM MATRON,2,2282.91,4565.82
C565,2026-09-03T00:00:00Z,92543,179164,CERAMILL MATCH 2 CAM DONGLE,2,33061.655,66123.31
C565,2026-09-03T00:00:00Z,6739637,181351,FRESADORA CERAMILL MOTION 3 AIR,9,367856.24,3310706.16
C565,2026-09-03T00:00:00Z,3593,178641,CERAMILL COOLSTREAM WATER TANK,9,37179.2433,334613.1897
C565,2026-09-03T00:00:00Z,92543,179164,CERAMILL MATCH 2 CAM DONGLE,9,43641.3822,392772.4398
C565,2026-09-03T00:00:00Z,66742562,178820V120,SILENT COMPACTCAM 120V US,9,21040.4744,189364.2696
C565,2026-09-03T00:00:00Z,295024,178801,SILENT POWERCAM EC INTERFACE CABLE,9,946.2067,8515.86
C565,2026-09-03T00:00:00Z,297116,180418,PUERTA MOTION 3,1,15005.5,15005.5
C565,2026-09-03T00:00:00Z,8742725,180487,DISPLAY MATRON,1,53113.2,53113.2
C565,2026-09-03T00:00:00Z,43825398,180502,FRONT WORKPIECE CHANGER MATRON,1,21709.51,21709.51
C565,2026-09-03T00:00:00Z,8742725,180487,DISPLAY MATRON,1,53113.2,53113.2
C565,2026-09-03T00:00:00Z,85811,181200,CERAMILL MATIK,1,660177.82,660177.82
C565,2026-09-03T00:00:00Z,85814,178660,CERAMILL CLEANSTREAM,1,146290.5,146290.5
C565,2026-09-03T00:00:00Z,295021,178800V120,SILENT POWERCAM EC 120V,3,40824.8033,122474.4099
C565,2026-09-03T00:00:00Z,295024,178801,SILENT POWERCAM EC INTERFACE CABLE,3,1051.34,3154.02
C565,2026-09-03T00:00:00Z,4637,178650-NTR,COOLING LIQUID,400,897.0534,358821.36
C565,2026-09-03T00:00:00Z,43828587,768342,DISCO ZOLID BION C2 98 X 16 F,10,1421.944,14219.44
C565,2026-09-03T00:00:00Z,43828583,768310,DISCO ZOLID BION B2 98 X 16 F,60,1421.9437,85316.622
C565,2026-09-03T00:00:00Z,43828573,768305,DISCO ZOLID BION B1 98 X 25 F,4,1599.4425,6397.77
C565,2026-09-03T00:00:00Z,288683,768302,DISCO ZOLID BION B1 98 X 16 F,60,1421.9437,85316.622
C565,2026-09-03T00:00:00Z,43828579,768286,DISCO ZOLID BION A3.5 98 X 16 F,40,1421.9438,56877.75
C565,2026-09-03T00:00:00Z,195317,768278,DISCO ZOLID BION A3 98 X 16 F ZRO2,100,1421.9437,142194.37
C565,2026-09-03T00:00:00Z,43762451,768273,DISCO ZOLID BION A2 98 X 25 F,50,1599.4428,79972.14
C565,2026-09-03T00:00:00Z,288680,768272,DISCO ZOLID BION A2 98 X 20 F,60,1561.2122,93672.73199999999
C565,2026-09-03T00:00:00Z,195307,768270,DISCO ZOLID BION A2 98 X 16 F ZRO2,234,1421.9437,332734.8258
C565,2026-09-03T00:00:00Z,303760,768262,DISCO ZOLID BION A1 98 X 16 F ZRO2,52,1421.9437,73941.0724
C565,2026-09-03T00:00:00Z,43762446,768248,DISCO ZOLID BION BL3 98 X 20 F,20,1561.212,31224.24
C565,2026-09-03T00:00:00Z,309640,767520,DISCO CERAMILL SINTRON 98X 16 F COCRMO 98X16 F,25,3025.6776,75641.94
C565,2026-09-03T00:00:00Z,85848,760670,FRESA ROTO RFID 0.6 PMMA WAX DM 0.6,49,577.3598,28290.63
C565,2026-09-03T00:00:00Z,85844,760669,FRESA ROTO RFID 1.0 PMMA WAX DM 1.0,400,577.3599,230943.96000000002
C565,2026-09-03T00:00:00Z,85841,760668,FRESA ROTO RFID 2.5 PMMA WAX DM 2.5,200,577.3599,115471.98000000001
C565,2026-09-03T00:00:00Z,4241,760663,FRESA ROTO RFID 0.3 ZI,30,577.36,17320.8
C565,2026-09-03T00:00:00Z,4238,760662,FRESA ROTO RFID 0.6 ZI DM,281,577.3599,162238.1319
C565,2026-09-03T00:00:00Z,4235,760661,FRESA ROTO RFID 1.0 ZI DM,300,577.3598,173207.93999999997
C565,2026-09-03T00:00:00Z,4232,760660,FRESA ROTO RFID 2.5 ZI DM,400,577.3599,230943.96000000002
C565,2026-09-03T00:00:00Z,102045,751008,FRESA ROTO RFID 0.4 DIAMOND BLG,50,577.3598,28867.99
C565,2026-09-03T00:00:00Z,102042,751006,FRESA ROTO RFID 1.0 DIAMOND BLG,119,577.3598,68705.8162
