id_negocio,nombre_etapa,estado,estatus,motivo_cierre_perdido,fecha_creacion,fecha_cierre
60966213634,Cierre Ganado,Querétaro,Cerrado,Sin motivo especifico,2026-06-08 21:50:42.257000+00:00,2026-06-08 22:53:13.159000+00:00
60964805197,Cierre Perdido,Querétaro,Cerrado,No tiene el dinero,2026-06-09 00:12:48.684000+00:00,2026-06-24 20:39:32.277000+00:00
60964799543,Cierre Ganado,Querétaro,Cerrado,Sin motivo especifico,2026-06-08 22:20:22.148000+00:00,2026-06-24 22:13:35.260000+00:00
60964785012,Cierre Ganado,Querétaro,Cerrado,Sin motivo especifico,2026-06-08 19:06:34.126000+00:00,2026-06-09 22:22:07.180000+00:00
60962206830,Cierre Ganado,Querétaro,Cerrado,Sin motivo especifico,2026-06-08 18:23:55.735000+00:00,2026-06-08 21:06:47.960000+00:00
60962198894,Cierre Perdido,Hidalgo,Cerrado,No tiene el dinero,2026-06-08 17:39:24+00:00,2026-07-03 15:30:32.623000+00:00
60864464165,Cierre Perdido,Querétaro,Cerrado,No pasó su crédito (Financiera),2026-06-04 17:31:39.113000+00:00,2026-07-07 15:17:04.251000+00:00
60786207900,Perdido,Chihuahua,Cerrado,No tiene el dinero,2026-06-02 23:01:28.135000+00:00,2026-08-17 20:39:10.839000+00:00
61917246634,Cierre Ganado,sin estado,Cerrado,Sin motivo especifico,2026-06-30 22:43:48.612000+00:00,2026-06-30 23:35:14.836000+00:00
60785654045,Cierre Perdido,Sonora,Cerrado,Eligio un producto de la competencia,2026-06-02 22:57:16.318000+00:00,2026-07-30 18:03:06.927000+00:00
57093653326,Cierre Perdido,Guanajuato,Cerrado,Eligio un producto de la competencia,2026-02-27 17:20:02.345000+00:00,2026-07-22 19:47:39.046000+00:00
56709525121,Cierre Perdido,San Luis Potosí,Cerrado,Falta de producto,2026-02-21 19:10:08.864000+00:00,2026-02-21 19:10:08.864000+00:00
64414420778,Lead,Nuevo León,Abierto,Sin motivo especifico,,
64413651230,Ganado,Oaxaca,Cerrado,Sin motivo especifico,2026-08-27 19:33:09.536000+00:00,2026-08-31 16:47:42.276000+00:00
64410981224,Ganado,sin estado,Cerrado,Sin motivo especifico,2026-08-27 16:57:20.972000+00:00,2026-08-27 17:00:28.126000+00:00
64365936757,Contactado,Nuevo León,Abierto,Sin motivo especifico,,
64338575450,Ganado,Nuevo León,Cerrado,Sin motivo especifico,2026-08-27 00:23:42.777000+00:00,2026-08-27 00:24:38.481000+00:00
64338108741,Necesidad Descubierta,Tamaulipas,Abierto,Sin motivo especifico,2026-08-25 18:03:56.288000+00:00,2026-08-28 18:03:32.713000+00:00
64333652347,Ganado,Sonora,Cerrado,Sin motivo especifico,2026-08-27 16:40:25.267000+00:00,2026-08-27 16:43:59.291000+00:00
64333652027,Ganado,Sonora,Cerrado,Sin motivo especifico,2026-08-27 16:31:03.435000+00:00,2026-08-27 16:34:30.240000+00:00
64333294380,Cotización,Coahuila,Abierto,Sin motivo especifico,2026-08-25 20:59:24.871000+00:00,2026-09-06 20:58:49.498000+00:00
64291659078,Ganado,Sonora,Cerrado,Sin motivo especifico,2026-08-25 15:24:39.268000+00:00,2026-08-25 17:41:54.183000+00:00
64287782232,Ganado,Chihuahua,Cerrado,Sin motivo especifico,2026-08-24 17:21:49.858000+00:00,2026-08-25 15:19:00.929000+00:00
64286341533,Ganado,Sonora,Cerrado,Sin motivo especifico,2026-08-24 16:45:17.467000+00:00,2026-08-24 20:33:00.565000+00:00
64250244972,Ganado,Chihuahua,Cerrado,Sin motivo especifico,2026-08-21 22:27:05.487000+00:00,2026-08-24 18:28:06.197000+00:00
64187545692,Lead,Coahuila,Abierto,Sin motivo especifico,,
64181349815,Negociación,Chihuahua,Abierto,Sin motivo especifico,,
64178122378,Perdido,Chihuahua,Cerrado,Falta de producto,2026-08-19 23:37:08.478000+00:00,2026-08-31 16:51:30.669000+00:00
64175546901,Cotización,Sonora,Abierto,Sin motivo especifico,2026-08-20 19:06:43.231000+00:00,2026-08-31 18:55:48.579000+00:00
64175458618,Perdido,Nuevo León,Cerrado,Falta de producto,2026-08-19 23:12:30.768000+00:00,2026-08-25 18:07:34.971000+00:00
64175211392,Cotización,Tamaulipas,Abierto,Sin motivo especifico,2026-08-19 23:44:34.795000+00:00,2026-08-21 23:44:10.650000+00:00
64175205143,Perdido,Chihuahua,Cerrado,Sin interés detectado,2026-08-19 19:39:48.514000+00:00,2026-08-24 19:51:45.502000+00:00
64133959752,Ganado,Tamaulipas,Cerrado,Sin motivo especifico,2026-08-18 15:57:55.171000+00:00,2026-08-24 19:54:10.303000+00:00
64133900107,Ganado,Chihuahua,Cerrado,Sin motivo especifico,2026-08-18 16:48:31.245000+00:00,2026-08-18 22:38:35.355000+00:00
64133495706,Ganado,Chihuahua,Cerrado,Sin motivo especifico,2026-08-19 15:19:04.939000+00:00,2026-08-21 19:39:59.135000+00:00
64133470081,Perdido,Chihuahua,Cerrado,Falta de producto,2026-08-18 18:29:39.534000+00:00,2026-08-27 15:18:03.669000+00:00
64133468060,Ganado,Tamaulipas,Cerrado,Sin motivo especifico,2026-08-18 17:40:52.953000+00:00,2026-08-24 19:52:16.450000+00:00
64133283743,Ganado,Sonora,Cerrado,Sin motivo especifico,2026-08-18 17:53:21.983000+00:00,2026-08-25 15:22:25.282000+00:00
64133283110,Ganado,Coahuila,Cerrado,Sin motivo especifico,2026-08-18 17:36:32.630000+00:00,2026-08-19 17:17:43.063000+00:00
64133278617,Ganado,Nuevo León,Cerrado,Sin motivo especifico,2026-08-18 15:56:19.163000+00:00,2026-08-19 20:47:31.402000+00:00
64059170360,Ganado,Coahuila,Cerrado,Sin motivo especifico,2026-08-17 22:23:29.032000+00:00,2026-08-17 22:24:18.372000+00:00
64058921636,Ganado,Tamaulipas,Cerrado,Sin motivo especifico,2026-08-17 18:45:24.588000+00:00,2026-08-17 18:47:06.266000+00:00
64058803526,Cotización,Sonora,Abierto,Sin motivo especifico,2026-08-17 20:26:43.488000+00:00,2026-08-31 20:24:08.519000+00:00
64055962905,Perdido,Chihuahua,Cerrado,Falta de producto,2026-08-17 20:36:35.497000+00:00,2026-08-17 20:38:47.271000+00:00
64049909528,Perdido,Sonora,Cerrado,Sin interés detectado,2026-08-17 15:33:59.961000+00:00,2026-08-27 16:51:55.990000+00:00
63929513107,Ganado,Chihuahua,Cerrado,Sin motivo especifico,2026-08-17 16:55:59.901000+00:00,2026-08-17 18:59:06.108000+00:00
63925309208,Perdido,Nuevo León,Cerrado,Sin interés detectado,2026-08-14 23:08:32.009000+00:00,2026-08-17 16:45:48.278000+00:00
63925304388,Ganado,Coahuila,Cerrado,Sin motivo especifico,2026-08-14 19:34:55.232000+00:00,2026-08-14 19:37:36.370000+00:00
64624046365,Lead,Tamaulipas,Abierto,Sin motivo especifico,2026-09-03 23:56:20.156000+00:00,2026-09-30 23:56:09.444000+00:00
63925241450,Ganado,Nuevo León,Cerrado,Sin motivo especifico,2026-08-14 18:56:35.601000+00:00,2026-08-14 18:58:56.690000+00:00
63863595180,Perdido,Coahuila,Cerrado,Sin Respuesta,2026-08-13 15:53:25.594000+00:00,2026-08-17 16:48:35.735000+00:00
63858016316,Perdido,Chihuahua,Cerrado,Sin Respuesta,2026-08-13 15:52:52.664000+00:00,2026-08-17 20:20:22.999000+00:00
63857093516,Perdido,Tamaulipas,Cerrado,Sin Respuesta,2026-08-13 16:48:24.498000+00:00,2026-08-18 15:59:28.727000+00:00
63856624135,Perdido,Sonora,Cerrado,Sin Respuesta,2026-08-13 15:52:52.513000+00:00,2026-08-17 20:21:58.362000+00:00
63854245894,Perdido,Nuevo León,Cerrado,Sin Respuesta,2026-08-13 15:35:28.989000+00:00,2026-08-17 16:48:25.915000+00:00
63852082868,Perdido,Chihuahua,Cerrado,Sin Respuesta,2026-08-13 15:52:52.719000+00:00,2026-08-17 20:34:16.724000+00:00
63837181492,Ganado,Coahuila,Cerrado,Sin motivo especifico,2026-08-14 16:53:07.535000+00:00,2026-08-14 16:54:01.664000+00:00
63837162387,Ganado,Nuevo León,Cerrado,Sin motivo especifico,2026-08-13 23:57:27.857000+00:00,2026-08-14 18:57:42.695000+00:00
63837161395,Ganado,Tamaulipas,Cerrado,Sin motivo especifico,2026-08-13 22:56:20.495000+00:00,2026-08-14 15:40:49.424000+00:00
63837157647,Ganado,Coahuila,Cerrado,Sin motivo especifico,2026-08-13 20:40:42.035000+00:00,2026-08-13 20:44:43.208000+00:00
63836996281,Negociación,Nuevo León,Abierto,Sin motivo especifico,2026-08-14 17:40:13.843000+00:00,2026-08-31 17:26:54.533000+00:00
63836994672,Ganado,Tamaulipas,Cerrado,Sin motivo especifico,2026-08-14 16:57:57.797000+00:00,2026-08-14 16:59:24.972000+00:00
63836726066,Perdido,Chihuahua,Cerrado,No tiene el dinero,2026-08-13 16:46:07.595000+00:00,2026-08-31 16:48:08.762000+00:00
63835077188,Ganado,Tamaulipas,Cerrado,Sin motivo especifico,2026-08-14 17:05:44.607000+00:00,2026-08-17 18:37:19.273000+00:00
63835052892,Ganado,Tamaulipas,Cerrado,Sin motivo especifico,2026-08-13 20:49:25.708000+00:00,2026-08-13 20:52:00.677000+00:00
63834926480,Ganado,Chihuahua,Cerrado,Sin motivo especifico,2026-08-13 15:38:02.093000+00:00,2026-08-13 15:41:23.961000+00:00
63834744139,Perdido,Chihuahua,Cerrado,Falta de producto,2026-08-13 17:09:49.722000+00:00,2026-08-21 19:38:04.726000+00:00
63813161039,Ganado,Sonora,Cerrado,Sin motivo especifico,2026-08-13 00:10:43.608000+00:00,2026-08-13 00:12:43.565000+00:00
63813160098,Ganado,Sonora,Cerrado,Sin motivo especifico,2026-08-12 23:10:31.596000+00:00,2026-08-12 23:16:02.072000+00:00
63813098423,Ganado,Sonora,Cerrado,Sin motivo especifico,2026-08-12 23:52:24.673000+00:00,2026-08-12 23:57:33.689000+00:00
63765725720,Ganado,Sonora,Cerrado,Sin motivo especifico,2026-08-13 00:03:47.909000+00:00,2026-08-13 00:05:57.072000+00:00
63765415345,Ganado,Sonora,Cerrado,Sin motivo especifico,2026-08-12 16:15:00.208000+00:00,2026-08-12 22:30:27.341000+00:00
63739354994,Ganado,Sonora,Cerrado,Sin motivo especifico,2026-08-12 00:04:50.979000+00:00,2026-08-12 22:33:01.989000+00:00
63718181555,Ganado,Chihuahua,Cerrado,Sin motivo especifico,2026-08-11 19:35:27.350000+00:00,2026-08-13 00:17:03.625000+00:00
63717399976,Ganado,Sonora,Cerrado,Sin motivo especifico,2026-08-11 15:19:38.727000+00:00,2026-08-13 00:39:48.506000+00:00
63680195185,Ganado,Chihuahua,Cerrado,Sin motivo especifico,2026-08-10 19:44:04.121000+00:00,2026-08-13 00:23:01+00:00
63680190761,Perdido,Nuevo León,Cerrado,No paso su credito,2026-08-10 19:18:16.093000+00:00,2026-08-10 20:26:05.401000+00:00
63680185948,Ganado,Sonora,Cerrado,Sin motivo especifico,2026-08-10 19:19:06.727000+00:00,2026-08-13 00:38:02.109000+00:00
63433945448,Cierre Ganado,Tamaulipas,Cerrado,Sin motivo especifico,2026-08-06 19:28:38.191000+00:00,2026-08-06 19:35:07.785000+00:00
63433822088,Ganado,Chihuahua,Cerrado,Sin motivo especifico,2026-08-03 22:43:28.473000+00:00,2026-08-12 23:33:09.940000+00:00
63327307057,Perdido,Chihuahua,Cerrado,Falta de producto,2026-07-31 20:16:45.580000+00:00,2026-08-21 19:01:45.105000+00:00
63290997655,Cierre Ganado,Sonora,Cerrado,Sin motivo especifico,2026-07-30 16:22:57.372000+00:00,2026-07-30 17:55:25.506000+00:00
63290937985,Perdido,Chihuahua,Cerrado,Sin Respuesta,2026-07-30 17:18:15.535000+00:00,2026-08-21 19:09:12.600000+00:00
63290823944,Ganado,Chihuahua,Cerrado,Sin motivo especifico,2026-07-31 00:45:09.270000+00:00,2026-08-12 22:53:40.853000+00:00
63290757780,Negociación,Chihuahua,Abierto,Sin motivo especifico,2026-07-30 19:24:21.998000+00:00,2026-07-31 19:12:48.438000+00:00
63223095636,Cierre Ganado,Chihuahua,Cerrado,Sin motivo especifico,2026-07-30 22:21:52.224000+00:00,2026-07-31 19:45:32.297000+00:00
63222932136,Cierre Ganado,Sonora,Cerrado,Sin motivo especifico,2026-07-29 23:18:22.226000+00:00,2026-07-30 17:55:18.816000+00:00
63222750499,Cierre Ganado,Chihuahua,Cerrado,Sin motivo especifico,2026-07-28 17:00:59.706000+00:00,2026-07-29 00:57:31.169000+00:00
63222211497,Cierre Ganado,Sonora,Cerrado,Sin motivo especifico,2026-07-28 22:34:26.058000+00:00,2026-07-29 16:28:38.802000+00:00
63186775185,Ganado,Sonora,Cerrado,Sin motivo especifico,2026-07-27 19:25:37.458000+00:00,2026-08-12 22:42:07.181000+00:00
63087284521,Cierre Ganado,Sonora,Cerrado,Sin motivo especifico,2026-07-27 16:57:15.872000+00:00,2026-07-31 19:45:44.671000+00:00
63027840779,Cierre Ganado,Sonora,Cerrado,Sin motivo especifico,2026-07-22 23:37:52.084000+00:00,2026-07-23 16:16:25.661000+00:00
63027623307,Cierre Perdido,Chihuahua,Cerrado,Eligio un producto de la competencia,2026-07-23 20:40:53.814000+00:00,2026-07-24 22:37:52.036000+00:00
63027584003,Cierre Ganado,sin estado,Cerrado,Sin motivo especifico,2026-07-22 19:03:52.507000+00:00,2026-07-22 22:09:03.494000+00:00
63027582302,Cierre Ganado,Chihuahua,Cerrado,Sin motivo especifico,2026-07-22 18:24:22.935000+00:00,2026-07-23 16:59:52.747000+00:00
63027353640,Cierre Ganado,Sonora,Cerrado,Sin motivo especifico,2026-07-23 00:11:05.620000+00:00,2026-07-23 00:15:45.073000+00:00
62939565983,Cierre Ganado,Chihuahua,Cerrado,Sin motivo especifico,2026-07-21 22:54:16.494000+00:00,2026-07-23 16:45:24.585000+00:00
62939133445,Cierre Ganado,Sonora,Cerrado,Sin motivo especifico,2026-07-21 16:10:31.404000+00:00,2026-07-21 20:34:41.352000+00:00
62930041781,Cierre Perdido,Chihuahua,Cerrado,Falta de producto,2026-07-21 18:35:10.866000+00:00,2026-07-21 18:39:27.448000+00:00
62853591596,Cierre Ganado,Chihuahua,Cerrado,Sin motivo especifico,2026-07-20 18:15:41.221000+00:00,2026-07-20 23:16:18.072000+00:00
62853165158,Cierre Ganado,Chihuahua,Cerrado,Sin motivo especifico,2026-07-20 20:42:54.920000+00:00,2026-07-21 15:51:23.028000+00:00
62853043028,Ganado,Sonora,Cerrado,Sin motivo especifico,2026-07-20 21:13:59.758000+00:00,2026-08-12 22:50:54.281000+00:00
62853034825,Cierre Ganado,Chihuahua,Cerrado,Sin motivo especifico,2026-07-20 18:04:49.419000+00:00,2026-07-20 23:53:34.197000+00:00
62852813871,Cierre Ganado,Sonora,Cerrado,Sin motivo especifico,2026-07-20 17:17:32.384000+00:00,2026-07-20 17:22:25.054000+00:00
62852801659,Cierre Ganado,Chihuahua,Cerrado,Sin motivo especifico,2026-07-20 17:00:19.521000+00:00,2026-07-21 22:22:21.612000+00:00
62661111464,Cierre Ganado,sin estado,Cerrado,Sin motivo especifico,2026-07-16 04:39:57.088000+00:00,2026-07-16 04:44:19.696000+00:00
62644012084,Cierre Ganado,Sonora,Cerrado,Sin motivo especifico,2026-07-15 01:05:50.567000+00:00,2026-07-15 01:12:26.702000+00:00
62638113823,Cierre Ganado,Sonora,Cerrado,Sin motivo especifico,2026-07-14 17:25:31.680000+00:00,2026-07-20 18:20:31.706000+00:00
62622516059,Perdido,Nuevo León,Cerrado,Sin Respuesta,2026-07-13 23:31:08.624000+00:00,2026-08-18 15:58:52.438000+00:00
62450991656,Cierre Ganado,Sonora,Cerrado,Sin motivo especifico,2026-07-09 18:03:39.687000+00:00,2026-07-09 22:10:06.328000+00:00
62416550042,Cierre Ganado,Chihuahua,Cerrado,Sin motivo especifico,2026-07-08 17:10:30.288000+00:00,2026-07-08 19:21:40.920000+00:00
62122021446,Cierre Ganado,Chihuahua,Cerrado,Sin motivo especifico,2026-07-07 16:23:10.991000+00:00,2026-07-07 19:23:46.188000+00:00
62121933651,Cierre Ganado,Chihuahua,Cerrado,Sin motivo especifico,2026-07-06 22:35:36.891000+00:00,2026-07-07 00:30:06.282000+00:00
62121623047,Cierre Ganado,Sonora,Cerrado,Sin motivo especifico,2026-07-03 23:37:02.505000+00:00,2026-07-06 23:15:20.517000+00:00
62121561197,Cierre Ganado,Chihuahua,Cerrado,Sin motivo especifico,2026-07-03 22:55:05.797000+00:00,2026-07-04 00:15:16.694000+00:00
62121556581,Cierre Ganado,Chihuahua,Cerrado,Sin motivo especifico,2026-07-03 18:05:32.585000+00:00,2026-07-03 23:34:05.377000+00:00
62121538413,Cierre Ganado,Sonora,Cerrado,Sin motivo especifico,2026-07-02 23:44:28.319000+00:00,2026-07-03 19:32:00.082000+00:00
64623985825,Lead,Tamaulipas,Abierto,Sin motivo especifico,2026-09-03 23:56:04.600000+00:00,2026-09-30 23:55:53.151000+00:00
62115663680,Perdido,Nuevo León,Cerrado,Sin Respuesta,2026-07-08 18:11:53.285000+00:00,2026-08-20 20:54:20.967000+00:00
62115424786,Cierre Ganado,Sonora,Cerrado,Sin motivo especifico,2026-07-06 22:54:17.955000+00:00,2026-07-11 00:34:28.026000+00:00
62115421361,Cierre Ganado,Hidalgo,Cerrado,Sin motivo especifico,2026-07-06 21:31:18.151000+00:00,2026-07-07 15:15:26.803000+00:00
62115296588,Cierre Ganado,Chihuahua,Cerrado,Sin motivo especifico,2026-07-03 15:36:07.396000+00:00,2026-07-03 19:31:56.306000+00:00
61625406128,Cierre Ganado,Querétaro,Cerrado,Sin motivo especifico,2026-06-26 23:32:31.839000+00:00,2026-06-27 00:23:32.028000+00:00
61625239183,Cierre Ganado,Hidalgo,Cerrado,Sin motivo especifico,2026-06-25 15:21:21.693000+00:00,2026-06-25 15:36:15.880000+00:00
61624661122,Cierre Ganado,Querétaro,Cerrado,Sin motivo especifico,2026-06-26 18:58:16.681000+00:00,2026-06-26 20:49:55.803000+00:00
61507434396,Cierre Ganado,Hidalgo,Cerrado,Sin motivo especifico,2026-06-24 20:50:07.585000+00:00,2026-06-30 23:35:27.530000+00:00
64577073710,Ganado,Sonora,Cerrado,Sin motivo especifico,2026-09-02 17:51:25.337000+00:00,2026-09-02 22:18:06.750000+00:00
61475189685,Cierre Ganado,Hidalgo,Cerrado,Sin motivo especifico,2026-06-24 17:05:04.257000+00:00,2026-06-26 22:18:20.939000+00:00
61465666654,Cierre Ganado,Querétaro,Cerrado,Sin motivo especifico,2026-06-23 19:20:13.062000+00:00,2026-06-24 15:59:41.584000+00:00
64577072799,Ganado,Chihuahua,Cerrado,Sin motivo especifico,2026-09-02 17:29:18.728000+00:00,2026-09-02 22:19:58.230000+00:00
64519542144,Ganado,Chihuahua,Cerrado,Sin motivo especifico,2026-08-31 19:20:56.227000+00:00,2026-08-31 23:12:56.010000+00:00
64519450264,Ganado,Chihuahua,Cerrado,Sin motivo especifico,2026-09-01 16:55:26.961000+00:00,2026-09-01 19:30:28.912000+00:00
61355847760,Cierre Ganado,Querétaro,Cerrado,Sin motivo especifico,2026-06-22 22:14:13.941000+00:00,2026-06-23 19:52:15.017000+00:00
64484690479,Ganado,Chihuahua,Cerrado,Sin motivo especifico,2026-08-31 17:00:27.199000+00:00,2026-09-02 18:00:58.987000+00:00
61293205620,Contactado,Tamaulipas,Abierto,Sin motivo especifico,2026-06-18 19:04:17.778000+00:00,2026-06-30 19:02:54.213000+00:00
61293082783,Cierre Ganado,Hidalgo,Cerrado,Sin motivo especifico,2026-06-18 19:23:23.165000+00:00,2026-06-18 20:37:06.883000+00:00
61292692231,Negociación,Nuevo León,Abierto,Sin motivo especifico,2026-06-18 19:10:32.326000+00:00,2026-06-30 19:08:11.273000+00:00
64435043751,Ganado,Chihuahua,Cerrado,Sin motivo especifico,2026-08-31 16:15:27.600000+00:00,2026-08-31 23:13:38.140000+00:00
64434917801,Ganado,Chihuahua,Cerrado,Sin motivo especifico,2026-08-31 16:07:17.281000+00:00,2026-09-02 18:04:16.006000+00:00
61245101109,Cierre Ganado,Querétaro,Cerrado,Sin motivo especifico,2026-06-18 16:51:49.706000+00:00,2026-06-19 22:23:11.514000+00:00
61244973357,Contactado,Tamaulipas,Abierto,Sin motivo especifico,2026-06-18 15:16:07.142000+00:00,2026-06-30 15:14:12.638000+00:00
61176345249,Cierre Perdido,Hidalgo,Cerrado,No tiene el dinero,2026-06-16 23:03:43.528000+00:00,2026-06-19 17:54:10.853000+00:00
61138836875,Cierre Ganado,Querétaro,Cerrado,Sin motivo especifico,2026-06-16 20:03:25.207000+00:00,2026-06-16 20:47:29.747000+00:00
61129513834,Cierre Ganado,Hidalgo,Cerrado,Sin motivo especifico,2026-06-16 23:46:46.566000+00:00,2026-06-17 18:27:17.214000+00:00
61129224606,Cierre Ganado,Querétaro,Cerrado,Sin motivo especifico,2026-06-16 19:16:08.418000+00:00,2026-06-16 19:20:27.261000+00:00
61129217543,Cierre Ganado,Hidalgo,Cerrado,Sin motivo especifico,2026-06-16 16:33:39.814000+00:00,2026-06-22 16:50:31.973000+00:00
64416679071,Ganado,Sonora,Cerrado,Sin motivo especifico,2026-08-27 22:53:02.364000+00:00,2026-09-02 22:19:04.521000+00:00
61053997920,Cierre Ganado,Querétaro,Cerrado,Sin motivo especifico,2026-06-12 19:34:42.635000+00:00,2026-06-22 19:09:52.181000+00:00
61032276288,Cierre Ganado,Querétaro,Cerrado,Sin motivo especifico,2026-06-11 15:50:57.684000+00:00,2026-06-11 22:05:48.726000+00:00
61024968518,Cierre Ganado,Querétaro,Cerrado,Sin motivo especifico,2026-06-10 23:45:23.930000+00:00,2026-06-11 22:06:18.961000+00:00
61024923052,Cierre Perdido,Hidalgo,Cerrado,No tiene el dinero,2026-06-10 20:52:04.444000+00:00,2026-06-30 23:39:59.139000+00:00
61024902525,Cierre Ganado,sin estado,Cerrado,Sin motivo especifico,2026-06-10 19:41:00.789000+00:00,2026-06-16 19:22:23.300000+00:00
64416675342,Ganado,sin estado,Cerrado,Sin motivo especifico,2026-08-27 22:18:49.299000+00:00,2026-08-28 01:00:24.306000+00:00
61024843870,Cierre Perdido,Querétaro,Cerrado,Falta de producto,2026-06-10 17:17:33.957000+00:00,2026-06-15 16:28:02.636000+00:00
61024617504,Cierre Ganado,Querétaro,Cerrado,Sin motivo especifico,2026-06-09 20:10:21.684000+00:00,2026-06-11 22:05:15.437000+00:00
62115695194,Cierre Ganado,Estado De México,Cerrado,Sin motivo especifico,2026-07-08 21:25:41.988000+00:00,2026-07-07 21:25:39.142000+00:00
41601145164,Cierre Ganado,Estado De México,Cerrado,Sin motivo especifico,2025-08-08 15:47:42.507000+00:00,2025-08-08 22:26:06.035000+00:00
42228338822,Cierre Ganado,Estado De México,Cerrado,Sin motivo especifico,2025-08-15 20:17:27.123000+00:00,2025-08-15 20:13:00.880000+00:00
42403457833,Cierre Ganado,Estado De México,Cerrado,Sin motivo especifico,2025-08-18 15:31:49.233000+00:00,2025-08-18 15:23:57.595000+00:00
42403522922,Cierre Ganado,Estado De México,Cerrado,Sin motivo especifico,2025-08-18 19:35:02.514000+00:00,2025-08-18 19:32:51.482000+00:00
42403523925,Cierre Ganado,Estado De México,Cerrado,Sin motivo especifico,2025-08-18 19:41:26.716000+00:00,2025-08-18 19:38:21.173000+00:00
42403525155,Cierre Ganado,Estado De México,Cerrado,Sin motivo especifico,2025-08-18 19:48:54.365000+00:00,2025-08-31 19:47:38.725000+00:00
42403546918,Cierre Ganado,sin estado,Cerrado,Sin motivo especifico,2025-08-18 22:53:29.089000+00:00,2025-08-31 22:51:37.896000+00:00
42407329600,Cierre Perdido,sin estado,Cerrado,No tiene el dinero,2025-08-18 19:09:03.185000+00:00,2025-08-25 19:23:01.496000+00:00
42407980959,Cierre Ganado,sin estado,Cerrado,Sin motivo especifico,2025-08-18 19:46:29.221000+00:00,2025-08-18 19:46:00.364000+00:00
42446353537,Cierre Ganado,Ciudad De México,Cerrado,Sin motivo especifico,2025-08-19 16:29:30.372000+00:00,2025-08-20 16:27:49.982000+00:00
42448724632,Cierre Ganado,Estado De México,Cerrado,Sin motivo especifico,2025-08-19 19:26:36.352000+00:00,2025-08-20 19:26:07.544000+00:00
42830931734,Cierre Ganado,Estado De México,Cerrado,Sin motivo especifico,2025-08-25 18:41:21.177000+00:00,2025-08-25 18:40:44.080000+00:00
42830939916,Cierre Perdido,Tamaulipas,Cerrado,Falta de producto,2025-08-25 19:28:50.582000+00:00,2025-08-25 19:29:03.629000+00:00
42832754529,Cierre Ganado,Estado De México,Cerrado,Sin motivo especifico,2025-08-25 18:47:32.019000+00:00,2025-08-25 18:46:59.579000+00:00
42920466213,Cierre Ganado,Estado De México,Cerrado,Sin motivo especifico,2025-08-26 22:22:16.445000+00:00,2025-08-26 22:21:52.621000+00:00
42920468572,Cierre Ganado,Estado De México,Cerrado,Sin motivo especifico,2025-08-26 22:53:11.466000+00:00,2025-08-20 22:52:51.909000+00:00
42920469091,Cierre Ganado,Ciudad De México,Cerrado,Sin motivo especifico,2025-08-26 23:00:27.623000+00:00,2025-08-20 23:00:08.883000+00:00
42920472631,Cierre Ganado,Estado De México,Cerrado,Sin motivo especifico,2025-08-27 00:00:11.733000+00:00,2025-08-26 23:57:39.263000+00:00
42920473428,Cierre Ganado,Estado De México,Cerrado,Sin motivo especifico,2025-08-27 00:15:41.176000+00:00,2025-08-26 00:15:22.617000+00:00
42920527392,Cierre Ganado,Estado De México,Cerrado,Sin motivo especifico,2025-08-26 22:55:31.814000+00:00,2025-08-20 22:55:17.467000+00:00
42920528501,Cierre Ganado,Estado De México,Cerrado,Sin motivo especifico,2025-08-26 23:12:27.567000+00:00,2025-08-27 23:12:14.940000+00:00
42984129593,Cierre Ganado,sin estado,Cerrado,Sin motivo especifico,2025-08-27 18:44:40.081000+00:00,2025-08-28 18:43:51.232000+00:00
42984913232,Cierre Ganado,Estado De México,Cerrado,Sin motivo especifico,2025-08-27 19:42:50.121000+00:00,2025-08-28 19:42:07.190000+00:00
43097132883,Cierre Ganado,Estado De México,Cerrado,Sin motivo especifico,2025-08-29 21:16:51.882000+00:00,2025-08-29 21:16:40.599000+00:00
43097132919,Cierre Ganado,Estado De México,Cerrado,Sin motivo especifico,2025-08-29 21:19:33.718000+00:00,2025-08-29 21:19:03.405000+00:00
43098777690,Cierre Ganado,Estado De México,Cerrado,Sin motivo especifico,2025-08-29 21:25:35.403000+00:00,2025-08-29 21:25:15.218000+00:00
43098951095,Cierre Ganado,Estado De México,Cerrado,Sin motivo especifico,2025-08-29 15:31:57.239000+00:00,2025-08-27 15:30:32.510000+00:00
43098951228,Cierre Ganado,Estado De México,Cerrado,Sin motivo especifico,2025-08-29 15:34:21.656000+00:00,2025-08-27 15:33:56.932000+00:00
43098964591,Cierre Ganado,Estado De México,Cerrado,Sin motivo especifico,2025-08-30 00:16:43.696000+00:00,2025-09-01 00:15:20.616000+00:00
43098992251,Cierre Ganado,Estado De México,Cerrado,Sin motivo especifico,2025-09-01 20:04:15.689000+00:00,2025-09-03 20:03:30.846000+00:00
43156477990,Cierre Ganado,Estado De México,Cerrado,Sin motivo especifico,2025-08-29 15:19:13.836000+00:00,2025-08-30 15:18:58.912000+00:00
43156550664,Cierre Ganado,Ciudad De México,Cerrado,Sin motivo especifico,2025-08-29 21:13:25.739000+00:00,2025-08-29 21:13:13.520000+00:00
43157163700,Cierre Ganado,Estado De México,Cerrado,Sin motivo especifico,2025-08-29 15:21:53.671000+00:00,2025-08-31 15:20:28.002000+00:00
43157163941,Cierre Ganado,Estado De México,Cerrado,Sin motivo especifico,2025-08-29 15:27:33.137000+00:00,2025-08-27 15:24:00.946000+00:00
43158001000,Cierre Ganado,Ciudad De México,Cerrado,Sin motivo especifico,2025-08-29 23:54:31.311000+00:00,2025-08-28 23:54:18.679000+00:00
43163691789,Cierre Ganado,Estado De México,Cerrado,Sin motivo especifico,2025-09-01 19:56:11.451000+00:00,2025-09-02 19:55:57.856000+00:00
43163692039,Cierre Perdido,Ciudad De México,Cerrado,Eligio un producto de la competencia,2025-09-01 20:10:17.840000+00:00,2025-09-09 15:43:31.082000+00:00
43245321606,Cierre Ganado,Estado De México,Cerrado,Sin motivo especifico,2025-09-01 19:52:17.051000+00:00,2025-09-01 19:52:04.241000+00:00
43289409345,Cierre Ganado,Estado De México,Cerrado,Sin motivo especifico,2025-09-02 21:56:13.581000+00:00,2025-09-02 21:56:02.987000+00:00
43289409717,Cierre Ganado,Estado De México,Cerrado,Sin motivo especifico,2025-09-02 22:13:25.648000+00:00,2025-09-03 22:12:30.473000+00:00
43289411849,Cierre Ganado,Estado De México,Cerrado,Sin motivo especifico,2025-09-03 00:26:23.552000+00:00,2025-09-03 00:25:52.633000+00:00
43289532983,Cierre Ganado,Estado De México,Cerrado,Sin motivo especifico,2025-09-02 21:54:31.243000+00:00,2025-09-02 21:54:19.038000+00:00
43476163204,Cierre Ganado,Chiapas,Cerrado,Sin motivo especifico,2025-09-09 18:12:27.410000+00:00,2025-09-03 18:12:12.235000+00:00
43476164114,Cierre Ganado,sin estado,Cerrado,Sin motivo especifico,2025-09-09 18:34:29.859000+00:00,2025-09-03 18:34:04.907000+00:00
43514206091,Cierre Ganado,Estado De México,Cerrado,Sin motivo especifico,2025-09-09 23:38:37.626000+00:00,2025-09-04 23:37:56.757000+00:00
43514206567,Cierre Ganado,Ciudad De México,Cerrado,Sin motivo especifico,2025-09-10 00:13:54.020000+00:00,2025-09-09 00:13:28.552000+00:00
43514206601,Cierre Ganado,Estado De México,Cerrado,Sin motivo especifico,2025-09-10 00:17:54.123000+00:00,2025-09-10 00:17:44.583000+00:00
43514206637,Cierre Ganado,Estado De México,Cerrado,Sin motivo especifico,2025-09-10 00:21:41.395000+00:00,2025-09-10 00:21:31.606000+00:00
43523876914,Cierre Ganado,Estado De México,Cerrado,Sin motivo especifico,2025-09-09 18:08:50.674000+00:00,2025-09-03 18:13:11.132000+00:00
43523887116,Cierre Ganado,Estado De México,Cerrado,Sin motivo especifico,2025-09-09 23:59:10.204000+00:00,2025-09-05 23:58:14.202000+00:00
43524517967,Cierre Ganado,Estado De México,Cerrado,Sin motivo especifico,2025-09-09 23:42:34.504000+00:00,2025-09-04 23:42:13.461000+00:00
43524518072,Cierre Ganado,Estado De México,Cerrado,Sin motivo especifico,2025-09-09 23:55:41.820000+00:00,2025-09-05 23:55:30.118000+00:00
43524518279,Cierre Ganado,Ciudad De México,Cerrado,Sin motivo especifico,2025-09-10 00:11:05.327000+00:00,2025-09-09 00:10:54.090000+00:00
43524640275,Cierre Ganado,Estado De México,Cerrado,Sin motivo especifico,2025-09-09 23:45:07.235000+00:00,2025-09-04 23:44:55.345000+00:00
43525110162,Cierre Ganado,Ciudad De México,Cerrado,Sin motivo especifico,2025-09-09 23:51:24.308000+00:00,2025-09-05 23:51:12.606000+00:00
43530682976,Cierre Ganado,Estado De México,Cerrado,Sin motivo especifico,2025-09-09 23:34:18.537000+00:00,2025-09-04 23:33:56.132000+00:00
43530683317,Cierre Ganado,Estado De México,Cerrado,Sin motivo especifico,2025-09-10 00:01:41.134000+00:00,2025-09-06 00:01:29.615000+00:00
43530744934,Cierre Ganado,Estado De México,Cerrado,Sin motivo especifico,2025-09-09 23:47:48.607000+00:00,2025-09-04 23:47:35.406000+00:00
43530745160,Cierre Ganado,Estado De México,Cerrado,Sin motivo especifico,2025-09-10 00:04:39.727000+00:00,2025-09-06 00:04:28.174000+00:00
43530929737,Cierre Ganado,Estado De México,Cerrado,Sin motivo especifico,2025-09-10 00:08:19.905000+00:00,2025-09-06 00:08:08.605000+00:00
43542899249,Cierre Ganado,sin estado,Cerrado,Sin motivo especifico,2025-09-10 20:18:06.468000+00:00,2025-09-09 20:17:50.864000+00:00
43576119417,Cierre Perdido,Ciudad De México,Cerrado,Sin Respuesta,2025-09-10 16:36:01.673000+00:00,2026-08-11 00:36:44.807000+00:00
43660687482,Cierre Ganado,Estado De México,Cerrado,Sin motivo especifico,2025-09-12 22:40:57.517000+00:00,2025-09-10 22:40:46.012000+00:00
43660809063,Cierre Ganado,Estado De México,Cerrado,Sin motivo especifico,2025-09-12 22:53:48.887000+00:00,2025-09-10 22:53:26.747000+00:00
43660809298,Cierre Ganado,Estado De México,Cerrado,Sin motivo especifico,2025-09-12 23:16:37.512000+00:00,2025-09-12 23:15:56.268000+00:00
43662879926,Cierre Ganado,Estado De México,Cerrado,Sin motivo especifico,2025-09-12 22:44:58.719000+00:00,2025-09-10 22:44:48.068000+00:00
43662880167,Cierre Ganado,Estado De México,Cerrado,Sin motivo especifico,2025-09-12 23:10:28.759000+00:00,2025-09-12 23:10:12.553000+00:00
43663123055,Cierre Ganado,Estado De México,Cerrado,Sin motivo especifico,2025-09-12 22:58:08.634000+00:00,2025-09-11 22:57:55.731000+00:00
43694637235,Cierre Ganado,Estado De México,Cerrado,Sin motivo especifico,2025-09-12 23:01:50.137000+00:00,2025-09-11 23:01:10.618000+00:00
43694698778,Cierre Ganado,Estado De México,Cerrado,Sin motivo especifico,2025-09-12 23:04:55.054000+00:00,2025-09-12 23:04:46.896000+00:00
44081324382,Cierre Ganado,Estado De México,Cerrado,Sin motivo especifico,2025-09-22 20:12:03.171000+00:00,2025-09-18 20:11:33.382000+00:00
44081446919,Cierre Ganado,Estado De México,Cerrado,Sin motivo especifico,2025-09-22 20:02:16.580000+00:00,2025-09-18 20:01:18.499000+00:00
44081447427,Cierre Ganado,Estado De México,Cerrado,Sin motivo especifico,2025-09-22 20:15:39.397000+00:00,2025-09-19 20:15:14.044000+00:00
44081570052,Cierre Ganado,Estado De México,Cerrado,Sin motivo especifico,2025-09-22 19:45:54.831000+00:00,2025-09-15 19:45:27.030000+00:00
44081570215,Cierre Ganado,Estado De México,Cerrado,Sin motivo especifico,2025-09-22 19:51:45.518000+00:00,2025-09-17 19:51:00.544000+00:00
44133399427,Cierre Ganado,Estado De México,Cerrado,Sin motivo especifico,2025-09-22 19:47:43.719000+00:00,2025-09-15 19:47:26.786000+00:00
44133400236,Cierre Ganado,Estado De México,Cerrado,Sin motivo especifico,2025-09-22 20:06:10.582000+00:00,2025-09-18 20:06:00.548000+00:00
44133458747,Cierre Ganado,Estado De México,Cerrado,Sin motivo especifico,2025-09-22 19:39:07.241000+00:00,2025-09-15 19:38:27.228000+00:00
44133459567,Cierre Ganado,Estado De México,Cerrado,Sin motivo especifico,2025-09-22 19:58:31.625000+00:00,2025-09-17 19:58:23.910000+00:00
44134018229,Cierre Ganado,Estado De México,Cerrado,Sin motivo especifico,2025-09-22 19:43:05.749000+00:00,2025-09-15 19:42:55.577000+00:00
44134018830,Cierre Ganado,Estado De México,Cerrado,Sin motivo especifico,2025-09-22 19:54:51.598000+00:00,2025-09-17 19:54:43.864000+00:00
44855983392,Cierre Ganado,Ciudad De México,Cerrado,Sin motivo especifico,2025-09-29 18:16:02.513000+00:00,2025-09-22 18:15:17.575000+00:00
44865671199,Cierre Ganado,Estado De México,Cerrado,Sin motivo especifico,2025-09-29 21:58:26.388000+00:00,2025-09-24 21:58:08.932000+00:00
44865672962,Cierre Ganado,Estado De México,Cerrado,Sin motivo especifico,2025-09-29 23:25:14.130000+00:00,2025-09-25 23:24:32.715000+00:00
44865731423,Cierre Ganado,Estado De México,Cerrado,Sin motivo especifico,2025-09-29 21:30:29.795000+00:00,2025-09-22 21:30:15.527000+00:00
44865917016,Cierre Ganado,Estado De México,Cerrado,Sin motivo especifico,2025-09-29 21:23:06.933000+00:00,2025-09-22 21:26:25.720000+00:00
44865918258,Cierre Ganado,Estado De México,Cerrado,Sin motivo especifico,2025-09-29 22:07:40.883000+00:00,2025-09-24 22:06:52.002000+00:00
44865919589,Cierre Ganado,Querétaro,Cerrado,Sin motivo especifico,2025-09-29 23:18:01.124000+00:00,2025-09-24 23:17:25.670000+00:00
44865920589,Cierre Ganado,Ciudad De México,Cerrado,Sin motivo especifico,2025-09-30 00:24:15.405000+00:00,2025-09-30 00:23:52.331000+00:00
44865979394,Cierre Ganado,Estado De México,Cerrado,Sin motivo especifico,2025-09-29 21:55:21.668000+00:00,2025-09-23 21:54:20.379000+00:00
44865979528,Cierre Ganado,Ciudad De México,Cerrado,Sin motivo especifico,2025-09-29 22:02:44.133000+00:00,2025-09-24 22:02:29.089000+00:00
44865979823,Cierre Perdido,Estado De México,Cerrado,Falta de producto,2025-09-29 22:15:47.756000+00:00,2025-09-24 22:15:20.985000+00:00
44866041200,Cierre Perdido,Ciudad De México,Cerrado,Falta de producto,2025-09-29 22:13:03.057000+00:00,2025-09-24 22:12:16.988000+00:00
44866041386,Cierre Perdido,Estado De México,Cerrado,Falta de producto,2025-09-29 22:22:04.397000+00:00,2025-09-30 22:21:48.133000+00:00
44866103578,Cierre Ganado,Estado De México,Cerrado,Sin motivo especifico,2025-09-30 00:15:24.215000+00:00,2025-09-27 00:15:02.342000+00:00
44866171828,Cierre Ganado,Estado De México,Cerrado,Sin motivo especifico,2025-09-29 20:17:43.690000+00:00,2025-09-22 20:17:25.353000+00:00
44866350878,Cierre Ganado,Ciudad De México,Cerrado,Sin motivo especifico,2025-09-29 21:35:24.621000+00:00,2025-09-23 21:35:01.232000+00:00
44866351111,Cierre Ganado,Ciudad De México,Cerrado,Sin motivo especifico,2025-09-29 21:43:19.672000+00:00,2025-09-23 21:43:10.254000+00:00
44866537782,Cierre Ganado,Estado De México,Cerrado,Sin motivo especifico,2025-09-29 23:21:33.526000+00:00,2025-09-25 23:21:05.821000+00:00
44866538597,Cierre Ganado,Ciudad De México,Cerrado,Sin motivo especifico,2025-09-30 00:18:47.521000+00:00,2025-09-27 00:18:29.749000+00:00
44866660464,Cierre Ganado,Estado De México,Cerrado,Sin motivo especifico,2025-09-29 23:30:40.958000+00:00,2025-09-23 23:30:27.773000+00:00
44965264449,Cierre Ganado,Ciudad De México,Cerrado,Sin motivo especifico,2025-09-30 19:03:17.209000+00:00,2025-09-30 19:00:57.237000+00:00
45002414746,Cierre Ganado,Estado De México,Cerrado,Sin motivo especifico,2025-10-01 19:30:50.310000+00:00,2025-09-30 19:30:42.093000+00:00
45092462098,Cierre Ganado,Estado De México,Cerrado,Sin motivo especifico,2025-10-01 16:46:06.983000+00:00,2025-09-29 17:17:07.050000+00:00
45092462368,Cierre Ganado,Estado De México,Cerrado,Sin motivo especifico,2025-10-01 16:53:08.989000+00:00,2025-09-29 17:13:50.422000+00:00
45092462899,Cierre Ganado,Estado De México,Cerrado,Sin motivo especifico,2025-10-01 17:06:25.047000+00:00,2025-09-29 17:12:39.677000+00:00
45092462964,Cierre Ganado,Estado De México,Cerrado,Sin motivo especifico,2025-10-01 17:08:56.633000+00:00,2025-09-29 17:12:02.677000+00:00
45092589577,Cierre Ganado,Estado De México,Cerrado,Sin motivo especifico,2025-10-01 16:56:54.604000+00:00,2025-09-29 17:13:23.685000+00:00
45327247275,Cierre Ganado,sin estado,Cerrado,Sin motivo especifico,2025-10-07 19:00:15.653000+00:00,2025-10-06 19:00:05.339000+00:00
45385206194,Cierre Ganado,Estado De México,Cerrado,Sin motivo especifico,2025-10-07 18:22:12.224000+00:00,2025-10-01 18:21:59.317000+00:00
45416470590,Cierre Ganado,Estado De México,Cerrado,Sin motivo especifico,2025-10-07 18:19:01.120000+00:00,2025-10-01 18:18:18.278000+00:00
45416471975,Cierre Ganado,Estado De México,Cerrado,Sin motivo especifico,2025-10-07 18:56:00.585000+00:00,2025-10-06 18:55:54.132000+00:00
45416590393,Cierre Ganado,Chiapas,Cerrado,Sin motivo especifico,2025-10-07 18:46:05.161000+00:00,2025-10-03 18:45:48.928000+00:00
45416710194,Cierre Ganado,Estado De México,Cerrado,Sin motivo especifico,2025-10-07 18:33:52.516000+00:00,2025-10-01 18:33:05.418000+00:00
45416773168,Cierre Ganado,Hidalgo,Cerrado,Sin motivo especifico,2025-10-07 19:09:49.232000+00:00,2025-10-06 19:09:16.211000+00:00
45417063557,Cierre Ganado,Estado De México,Cerrado,Sin motivo especifico,2025-10-07 17:52:32.102000+00:00,2025-10-01 17:52:17.414000+00:00
45417064887,Cierre Ganado,Ciudad De México,Cerrado,Sin motivo especifico,2025-10-07 18:25:23.077000+00:00,2025-10-01 18:25:10.923000+00:00
45417065475,Cierre Ganado,Estado De México,Cerrado,Sin motivo especifico,2025-10-07 18:37:50.377000+00:00,2025-10-02 18:37:44.066000+00:00
45417120769,Cierre Ganado,Estado De México,Cerrado,Sin motivo especifico,2025-10-07 18:29:33.313000+00:00,2025-10-01 18:28:54.137000+00:00
45417121586,Cierre Ganado,Estado De México,Cerrado,Sin motivo especifico,2025-10-07 18:51:16.639000+00:00,2025-10-06 18:50:43.387000+00:00
45417122470,Cierre Ganado,Hidalgo,Cerrado,Sin motivo especifico,2025-10-07 19:13:50.148000+00:00,2025-10-06 19:13:37.187000+00:00
45417179929,Cierre Ganado,Morelos,Cerrado,Sin motivo especifico,2025-10-07 20:04:22.174000+00:00,2025-10-06 20:03:56.984000+00:00
45489234194,Cierre Ganado,Estado De México,Cerrado,Sin motivo especifico,2025-10-09 17:56:05.697000+00:00,2025-10-07 17:55:52.320000+00:00
45489234598,Cierre Ganado,Estado De México,Cerrado,Sin motivo especifico,2025-10-09 18:10:00.293000+00:00,2025-10-08 18:09:28.817000+00:00
45489353118,Cierre Ganado,Estado De México,Cerrado,Sin motivo especifico,2025-10-09 17:53:36.989000+00:00,2025-10-07 17:53:23.859000+00:00
45489354015,Cierre Ganado,Estado De México,Cerrado,Sin motivo especifico,2025-10-09 18:19:02.505000+00:00,2025-10-08 18:18:49.313000+00:00
45491280667,Cierre Ganado,Estado De México,Cerrado,Sin motivo especifico,2025-10-09 18:02:17.962000+00:00,2025-10-07 18:01:38.060000+00:00
45491281289,Cierre Ganado,Ciudad De México,Cerrado,Sin motivo especifico,2025-10-09 18:21:36.345000+00:00,2025-10-08 18:21:23.638000+00:00
45652104785,Cierre Perdido,Ciudad De México,Cerrado,Falta de producto,2025-10-09 17:50:51.748000+00:00,2025-10-09 17:50:22.037000+00:00
45652105810,Cierre Ganado,Ciudad De México,Cerrado,Sin motivo especifico,2025-10-09 18:23:16.003000+00:00,2025-10-08 18:23:07.644000+00:00
45652162851,Cierre Ganado,Ciudad De México,Cerrado,Sin motivo especifico,2025-10-09 17:58:53.845000+00:00,2025-10-07 17:58:47.581000+00:00
45652163406,Cierre Ganado,Estado De México,Cerrado,Sin motivo especifico,2025-10-09 18:15:24.022000+00:00,2025-10-08 18:14:08.305000+00:00
45663508876,Cierre Ganado,Estado De México,Cerrado,Sin motivo especifico,2025-10-09 18:05:36.083000+00:00,2025-10-08 18:05:17.377000+00:00
45664190127,Cierre Ganado,Ciudad De México,Cerrado,Sin motivo especifico,2025-10-09 18:37:34.276000+00:00,2025-10-08 18:37:16.506000+00:00
45968578911,Cierre Ganado,Ciudad De México,Cerrado,Sin motivo especifico,2025-10-15 16:10:18.310000+00:00,2025-10-09 16:10:05.130000+00:00
45968579667,Cierre Ganado,Estado De México,Cerrado,Sin motivo especifico,2025-10-15 16:29:57.831000+00:00,2025-10-13 16:29:23.206000+00:00
45968825683,Cierre Ganado,Estado De México,Cerrado,Sin motivo especifico,2025-10-15 16:06:14.925000+00:00,2025-10-09 16:05:29.808000+00:00
45968825730,Cierre Ganado,Estado De México,Cerrado,Sin motivo especifico,2025-10-15 16:07:45.513000+00:00,2025-10-09 16:07:23.742000+00:00
45968825947,Cierre Ganado,Estado De México,Cerrado,Sin motivo especifico,2025-10-15 16:13:09.776000+00:00,2025-10-10 16:13:04.882000+00:00
45968826286,Cierre Ganado,Ciudad De México,Cerrado,Sin motivo especifico,2025-10-15 16:22:21.351000+00:00,2025-10-13 16:22:10.277000+00:00
45968826743,Cierre Ganado,Estado De México,Cerrado,Sin motivo especifico,2025-10-15 16:33:12.965000+00:00,2025-10-13 16:33:04.596000+00:00
46017268506,Cierre Ganado,Estado De México,Cerrado,Sin motivo especifico,2025-10-15 16:40:11.037000+00:00,2025-10-13 16:40:03.212000+00:00
46017327509,Cierre Ganado,Estado De México,Cerrado,Sin motivo especifico,2025-10-15 16:25:20.872000+00:00,2025-10-13 16:24:56.621000+00:00
46031020356,Cierre Ganado,Estado De México,Cerrado,Sin motivo especifico,2025-10-15 16:59:43.225000+00:00,2025-10-13 16:59:32.162000+00:00
46040800284,Cierre Perdido,Estado De México,Cerrado,Falta de producto,2025-10-15 16:36:16.512000+00:00,2026-07-29 00:01:41.203000+00:00
46040800621,Cierre Ganado,Estado De México,Cerrado,Sin motivo especifico,2025-10-15 16:46:14.799000+00:00,2025-10-13 16:46:04.743000+00:00
46040922421,Cierre Ganado,Estado De México,Cerrado,Sin motivo especifico,2025-10-15 19:01:09.989000+00:00,2025-10-14 19:00:55.682000+00:00
46040925549,Cierre Ganado,Estado De México,Cerrado,Sin motivo especifico,2025-10-15 20:20:21.716000+00:00,2025-10-14 20:19:59.700000+00:00
46040984106,Cierre Ganado,Estado De México,Cerrado,Sin motivo especifico,2025-10-15 18:53:57.746000+00:00,2025-10-14 18:53:45.645000+00:00
46040984248,Cierre Ganado,Hidalgo,Cerrado,Sin motivo especifico,2025-10-15 18:58:31.676000+00:00,2025-10-14 18:58:09.895000+00:00
46041107550,Cierre Ganado,Estado De México,Cerrado,Sin motivo especifico,2025-10-15 18:50:28.808000+00:00,2025-10-14 18:50:12.303000+00:00
46041357707,Cierre Ganado,Ciudad De México,Cerrado,Sin motivo especifico,2025-10-15 16:19:21.967000+00:00,2025-10-10 16:19:11.447000+00:00
46041359164,Cierre Ganado,Estado De México,Cerrado,Sin motivo especifico,2025-10-15 16:55:51.618000+00:00,2025-10-13 16:55:37.250000+00:00
46041359409,Cierre Ganado,Estado De México,Cerrado,Sin motivo especifico,2025-10-15 17:02:26.795000+00:00,2025-10-14 17:02:25+00:00
46041420111,Cierre Ganado,Estado De México,Cerrado,Sin motivo especifico,2025-10-15 16:16:54.630000+00:00,2025-10-10 16:16:26.521000+00:00
46041541214,Cierre Ganado,Ciudad De México,Cerrado,Sin motivo especifico,2025-10-15 18:47:09.392000+00:00,2025-10-14 18:46:47.872000+00:00
46594211413,Cierre Ganado,Ciudad De México,Cerrado,Sin motivo especifico,2025-10-21 00:47:07.891000+00:00,2025-10-21 00:46:50.666000+00:00
46638066432,Cierre Ganado,Estado De México,Cerrado,Sin motivo especifico,2025-10-22 17:38:46.268000+00:00,2025-10-15 17:38:19.133000+00:00
46638067483,Cierre Ganado,Morelos,Cerrado,Sin motivo especifico,2025-10-22 18:06:27.940000+00:00,2025-10-16 18:06:17.568000+00:00
46638068582,Cierre Ganado,Ciudad De México,Cerrado,Sin motivo especifico,2025-10-22 18:32:27.793000+00:00,2025-10-20 18:32:18.294000+00:00
46638069528,Cierre Ganado,Estado De México,Cerrado,Sin motivo especifico,2025-10-22 18:52:14.048000+00:00,2025-10-20 18:52:00.690000+00:00
46638070406,Cierre Ganado,Ciudad De México,Cerrado,Sin motivo especifico,2025-10-22 19:13:46.152000+00:00,2025-10-21 19:13:31.107000+00:00
46700930447,Cierre Ganado,Estado De México,Cerrado,Sin motivo especifico,2025-10-22 18:58:16.873000+00:00,2025-10-20 18:57:42.342000+00:00
46709508222,Cierre Ganado,Estado De México,Cerrado,Sin motivo especifico,2025-10-22 19:02:47.539000+00:00,2025-10-20 19:02:18.801000+00:00
46709567395,Cierre Ganado,Estado De México,Cerrado,Sin motivo especifico,2025-10-22 17:51:59.419000+00:00,2025-10-16 17:51:40.939000+00:00
46709568895,Cierre Ganado,Estado De México,Cerrado,Sin motivo especifico,2025-10-22 18:29:43.390000+00:00,2025-10-17 18:29:16.278000+00:00
46736633256,Cierre Ganado,sin estado,Cerrado,Sin motivo especifico,2025-10-22 17:06:54.469000+00:00,2025-10-15 17:36:52.279000+00:00
46736634803,Cierre Ganado,Estado De México,Cerrado,Sin motivo especifico,2025-10-22 17:43:10.769000+00:00,2025-10-15 17:42:58.723000+00:00
46736637023,Cierre Ganado,Estado De México,Cerrado,Sin motivo especifico,2025-10-22 18:35:59.200000+00:00,2025-10-20 18:35:47.408000+00:00
46736638777,Cierre Ganado,Ciudad De México,Cerrado,Sin motivo especifico,2025-10-22 19:17:02.807000+00:00,2025-10-21 19:16:50.059000+00:00
46736689984,Cierre Ganado,Estado De México,Cerrado,Sin motivo especifico,2025-10-22 17:36:04.979000+00:00,2025-10-15 17:35:51.739000+00:00
46736690831,Cierre Ganado,Morelos,Cerrado,Sin motivo especifico,2025-10-22 17:59:05.437000+00:00,2025-10-16 17:58:26.165000+00:00
46749167462,Cierre Ganado,Estado De México,Cerrado,Sin motivo especifico,2025-10-22 18:19:39.303000+00:00,2025-10-17 18:19:26.673000+00:00
46749227380,Cierre Ganado,Estado De México,Cerrado,Sin motivo especifico,2025-10-22 18:10:51.396000+00:00,2025-10-17 18:10:39.302000+00:00
46749227616,Cierre Ganado,Estado De México,Cerrado,Sin motivo especifico,2025-10-22 18:16:46.921000+00:00,2025-10-17 18:16:37.890000+00:00
46749228898,Cierre Ganado,Estado De México,Cerrado,Sin motivo especifico,2025-10-22 18:47:27.372000+00:00,2025-10-20 18:47:16.638000+00:00
46749229891,Cierre Ganado,Estado De México,Cerrado,Sin motivo especifico,2025-10-22 19:09:57.462000+00:00,2025-10-21 19:09:41.203000+00:00
47210028098,Cierre Ganado,Estado De México,Cerrado,Sin motivo especifico,2025-10-28 16:38:29.015000+00:00,2025-10-22 16:38:13.093000+00:00
47210354266,Cierre Ganado,Estado De México,Cerrado,Sin motivo especifico,2025-10-28 17:31:21.015000+00:00,2025-10-27 17:30:57.585000+00:00
47324887314,Cierre Ganado,Estado De México,Cerrado,Sin motivo especifico,2025-10-28 16:43:41.726000+00:00,2025-10-22 16:43:20.468000+00:00
47415974784,Cierre Ganado,Estado De México,Cerrado,Sin motivo especifico,2025-10-28 16:47:42.459000+00:00,2025-10-23 16:47:33.077000+00:00
47415975079,Cierre Ganado,Estado De México,Cerrado,Sin motivo especifico,2025-10-28 16:54:47.656000+00:00,2025-10-23 16:54:34.955000+00:00
47415975266,Cierre Ganado,Estado De México,Cerrado,Sin motivo especifico,2025-10-28 16:57:48.729000+00:00,2025-10-23 16:57:25.204000+00:00
47416033806,Cierre Ganado,Estado De México,Cerrado,Sin motivo especifico,2025-10-28 17:20:03.513000+00:00,2025-10-24 17:19:54.829000+00:00
47416093977,Cierre Ganado,Estado De México,Cerrado,Sin motivo especifico,2025-10-28 16:34:52.321000+00:00,2025-10-22 16:36:12.888000+00:00
47416148351,Cierre Ganado,Estado De México,Cerrado,Sin motivo especifico,2025-10-28 17:01:35.880000+00:00,2025-10-24 17:00:54.523000+00:00
47416149585,Cierre Ganado,Estado De México,Cerrado,Sin motivo especifico,2025-10-28 17:35:22.875000+00:00,2025-10-27 17:33:18.813000+00:00
47416149796,Cierre Perdido,Estado De México,Cerrado,Sin Respuesta,2025-10-28 17:39:05.593000+00:00,2026-07-29 00:02:14.721000+00:00
47416149865,Cierre Ganado,Estado De México,Cerrado,Sin motivo especifico,2025-10-28 17:41:27.646000+00:00,2025-10-27 17:41:19.729000+00:00
47416272814,Cierre Ganado,Estado De México,Cerrado,Sin motivo especifico,2025-10-28 17:48:48.326000+00:00,2025-10-27 17:48:36.923000+00:00
47432687647,Cierre Ganado,Estado De México,Cerrado,Sin motivo especifico,2025-10-28 17:12:31.108000+00:00,2025-10-24 17:12:21.877000+00:00
47438024054,Cierre Ganado,Estado De México,Cerrado,Sin motivo especifico,2025-10-28 15:30:19.686000+00:00,2025-10-21 15:30:06.279000+00:00
47450362019,Cierre Ganado,Estado De México,Cerrado,Sin motivo especifico,2025-10-28 17:05:53.671000+00:00,2025-10-24 17:05:40.888000+00:00
47450543890,Cierre Ganado,Estado De México,Cerrado,Sin motivo especifico,2025-10-28 17:26:12.789000+00:00,2025-10-27 17:26:01.224000+00:00
47453494391,Cierre Ganado,Estado De México,Cerrado,Sin motivo especifico,2025-10-28 17:44:00.756000+00:00,2025-10-27 17:43:32.106000+00:00
47966163796,Cierre Ganado,Ciudad De México,Cerrado,Sin motivo especifico,2025-11-03 16:57:36.511000+00:00,2025-10-28 16:57:25.626000+00:00
48011041430,Cierre Ganado,Estado De México,Cerrado,Sin motivo especifico,2025-11-03 17:03:10.883000+00:00,2025-10-28 17:03:01.986000+00:00
48122942050,Cierre Ganado,Estado De México,Cerrado,Sin motivo especifico,2025-11-03 16:49:59.216000+00:00,2025-10-28 16:49:47.336000+00:00
48122942773,Cierre Ganado,Estado De México,Cerrado,Sin motivo especifico,2025-11-03 17:05:24.445000+00:00,2025-10-29 17:05:14.719000+00:00
48122942854,Cierre Ganado,Estado De México,Cerrado,Sin motivo especifico,2025-11-03 17:08:17.278000+00:00,2025-10-29 17:08:05.723000+00:00
48122943370,Cierre Ganado,Estado De México,Cerrado,Sin motivo especifico,2025-11-03 17:20:38.559000+00:00,2025-10-30 17:20:22.804000+00:00
48123096837,Cierre Ganado,Estado De México,Cerrado,Sin motivo especifico,2025-11-03 17:00:00.776000+00:00,2025-10-28 16:59:51.571000+00:00
48138001561,Cierre Ganado,sin estado,Cerrado,Sin motivo especifico,2025-11-03 17:13:17.474000+00:00,2025-10-30 17:14:38.881000+00:00
48147755102,Cierre Ganado,Estado De México,Cerrado,Sin motivo especifico,2025-11-03 16:52:49.678000+00:00,2025-10-28 16:52:38.094000+00:00
48147770286,Cierre Perdido,sin estado,Cerrado,Falta de producto,2025-11-04 00:42:06.118000+00:00,2025-10-25 00:42:01.389000+00:00
48161792922,Cierre Perdido,Estado De México,Cerrado,Falta de producto,2025-11-04 00:50:13.259000+00:00,2025-10-17 00:50:04.684000+00:00
48161793076,Cierre Perdido,Estado De México,Cerrado,Falta de producto,2025-11-04 01:00:42.807000+00:00,2025-10-24 01:00:35.360000+00:00
48171904656,Cierre Perdido,Ciudad De México,Cerrado,Falta de producto,2025-11-04 00:46:19.815000+00:00,2025-10-28 00:46:07.873000+00:00
48171965216,Cierre Perdido,Ciudad De México,Cerrado,Falta de producto,2025-11-04 00:38:25.078000+00:00,2025-11-01 00:37:22.259000+00:00
48171965337,Cierre Perdido,Estado De México,Cerrado,Falta de producto,2025-11-04 00:53:59.718000+00:00,2025-10-04 00:53:12.228000+00:00
48172209013,Cierre Perdido,Estado De México,Cerrado,Falta de producto,2025-11-04 00:56:17.512000+00:00,2025-10-08 00:55:59.615000+00:00
48887013436,Cierre Ganado,Estado De México,Cerrado,Sin motivo especifico,2025-11-12 18:22:58.530000+00:00,2025-11-04 18:22:13.668000+00:00
48887013482,Cierre Ganado,Estado De México,Cerrado,Sin motivo especifico,2025-11-12 18:24:30.221000+00:00,2025-11-04 18:24:22.480000+00:00
48887013528,Cierre Ganado,Estado De México,Cerrado,Sin motivo especifico,2025-11-12 18:26:08.272000+00:00,2025-11-04 18:25:59.309000+00:00
48887014067,Cierre Ganado,Estado De México,Cerrado,Sin motivo especifico,2025-11-12 18:39:22.074000+00:00,2025-11-05 18:39:11.439000+00:00
48887014500,Cierre Ganado,Estado De México,Cerrado,Sin motivo especifico,2025-11-12 18:49:42.166000+00:00,2025-11-05 18:49:27.043000+00:00
48887014918,Cierre Ganado,Estado De México,Cerrado,Sin motivo especifico,2025-11-12 18:58:49.159000+00:00,2025-11-06 18:58:40.034000+00:00
48939069459,Cierre Ganado,Estado De México,Cerrado,Sin motivo especifico,2025-11-12 18:30:45.302000+00:00,2025-11-04 18:27:40.478000+00:00
48939070493,Cierre Ganado,Estado De México,Cerrado,Sin motivo especifico,2025-11-12 18:57:13.563000+00:00,2025-11-06 18:56:48.959000+00:00
48939070976,Cierre Ganado,Estado De México,Cerrado,Sin motivo especifico,2025-11-12 19:09:12.567000+00:00,2025-11-07 19:09:04.158000+00:00
48943054138,Cierre Ganado,Estado De México,Cerrado,Sin motivo especifico,2025-11-12 19:00:33.295000+00:00,2025-11-06 19:00:22.478000+00:00
48945974882,Cierre Ganado,Estado De México,Cerrado,Sin motivo especifico,2025-11-12 18:32:13.079000+00:00,2025-11-04 18:32:52.217000+00:00
48945976187,Cierre Ganado,Estado De México,Cerrado,Sin motivo especifico,2025-11-12 19:05:26.875000+00:00,2025-11-06 19:04:56.647000+00:00
48950012742,Cierre Ganado,Ciudad De México,Cerrado,Sin motivo especifico,2025-11-12 18:44:25.845000+00:00,2025-11-05 18:44:18.568000+00:00
48950013009,Cierre Ganado,Ciudad De México,Cerrado,Sin motivo especifico,2025-11-12 18:52:10.041000+00:00,2025-11-05 18:51:54.110000+00:00
48950013191,Cierre Ganado,Estado De México,Cerrado,Sin motivo especifico,2025-11-12 18:55:01.892000+00:00,2025-11-05 18:54:48.163000+00:00
48950633479,Cierre Ganado,Estado De México,Cerrado,Sin motivo especifico,2025-11-12 19:02:58.367000+00:00,2025-11-06 19:02:35.549000+00:00
48950633600,Cierre Ganado,Ciudad De México,Cerrado,Sin motivo especifico,2025-11-12 19:07:30.142000+00:00,2025-11-07 19:07:19.883000+00:00
48987889552,Cierre Ganado,Estado De México,Cerrado,Sin motivo especifico,2025-11-13 22:45:35.141000+00:00,2025-11-10 22:45:18.926000+00:00
48987889940,Cierre Perdido,Estado De México,Cerrado,Falta de producto,2025-11-13 23:02:56.754000+00:00,2025-11-06 23:02:28.855000+00:00
49069874951,Cierre Ganado,Chiapas,Cerrado,Sin motivo especifico,2025-11-13 22:30:25.926000+00:00,2025-11-07 22:30:17.673000+00:00
49069875516,Cierre Perdido,Estado De México,Cerrado,Falta de producto,2025-11-13 22:55:42.552000+00:00,2025-11-13 22:55:31.594000+00:00
49069875564,Cierre Perdido,Estado De México,Cerrado,Falta de producto,2025-11-13 22:59:56.273000+00:00,2025-11-05 22:59:24.427000+00:00
49069934454,Cierre Ganado,Estado De México,Cerrado,Sin motivo especifico,2025-11-13 22:48:39.637000+00:00,2025-11-11 22:48:18.709000+00:00
49069995117,Cierre Ganado,Estado De México,Cerrado,Sin motivo especifico,2025-11-13 22:34:25.093000+00:00,2025-11-10 22:34:03.426000+00:00
49069995292,Cierre Ganado,Ciudad De México,Cerrado,Sin motivo especifico,2025-11-13 22:41:28.434000+00:00,2025-11-10 22:41:17.593000+00:00
49069995323,Cierre Ganado,Estado De México,Cerrado,Sin motivo especifico,2025-11-13 22:43:35.519000+00:00,2025-11-10 22:43:04.322000+00:00
49070494558,Cierre Perdido,Estado De México,Cerrado,Falta de producto,2025-11-13 22:53:22.656000+00:00,2025-11-13 22:52:10.908000+00:00
49070556046,Cierre Ganado,Ciudad De México,Cerrado,Sin motivo especifico,2025-11-13 22:40:05.959000+00:00,2025-11-10 22:39:56.478000+00:00
49070738493,Cierre Ganado,Estado De México,Cerrado,Sin motivo especifico,2025-11-13 22:32:00.784000+00:00,2025-11-10 22:31:50.656000+00:00
49070738593,Cierre Ganado,Estado De México,Cerrado,Sin motivo especifico,2025-11-13 22:37:48.183000+00:00,2025-11-10 22:37:26.342000+00:00
49070739292,Cierre Perdido,Ciudad De México,Cerrado,Falta de producto,2025-11-13 23:06:06.230000+00:00,2025-11-07 23:05:44.158000+00:00
49070739326,Cierre Perdido,Ciudad De México,Cerrado,Falta de producto,2025-11-13 23:08:07.244000+00:00,2025-11-08 23:07:54.626000+00:00
49756525677,Cierre Ganado,Estado De México,Cerrado,Sin motivo especifico,2025-11-21 16:51:27.781000+00:00,2025-11-12 16:51:16.899000+00:00
49756526256,Cierre Ganado,Estado De México,Cerrado,Sin motivo especifico,2025-11-21 17:08:01.313000+00:00,2025-11-14 17:07:45.561000+00:00
49757065378,Recepción De Pago,Ciudad De México,Cerrado,Sin motivo especifico,2025-11-20 19:12:22.633000+00:00,2025-11-30 19:10:16.776000+00:00
49775481191,Cierre Ganado,Ciudad De México,Cerrado,Sin motivo especifico,2025-11-21 16:40:44.869000+00:00,2025-11-12 16:43:26.707000+00:00
49775481443,Cierre Ganado,Estado De México,Cerrado,Sin motivo especifico,2025-11-21 16:45:19.315000+00:00,2025-11-12 16:44:52.124000+00:00
49775482440,Cierre Ganado,Estado De México,Cerrado,Sin motivo especifico,2025-11-21 16:53:31.854000+00:00,2025-11-13 16:53:11.036000+00:00
49775482916,Cierre Ganado,Ciudad De México,Cerrado,Sin motivo especifico,2025-11-21 17:06:08.418000+00:00,2025-11-13 17:05:59.005000+00:00
49776557613,Cierre Ganado,Estado De México,Cerrado,Sin motivo especifico,2025-11-21 16:42:45.459000+00:00,2025-11-12 16:42:27.239000+00:00
49776558182,Cierre Ganado,Estado De México,Cerrado,Sin motivo especifico,2025-11-21 16:59:24.551000+00:00,2025-11-14 16:59:15.584000+00:00
49776558610,Cierre Ganado,Ciudad De México,Cerrado,Sin motivo especifico,2025-11-21 17:11:31.946000+00:00,2025-11-18 17:11:22.087000+00:00
49776618288,Cierre Ganado,Ciudad De México,Cerrado,Sin motivo especifico,2025-11-21 17:20:06.517000+00:00,2025-11-18 17:20:00.768000+00:00
49776678824,Cierre Ganado,Estado De México,Cerrado,Sin motivo especifico,2025-11-21 17:17:21.581000+00:00,2025-11-18 17:17:12.892000+00:00
49777180218,Cierre Ganado,Estado De México,Cerrado,Sin motivo especifico,2025-11-21 17:09:43.904000+00:00,2025-11-14 17:09:35.804000+00:00
49777355939,Cierre Ganado,Ciudad De México,Cerrado,Sin motivo especifico,2025-11-21 16:56:27.115000+00:00,2025-11-13 16:54:43.923000+00:00
49779134541,Cierre Ganado,Ciudad De México,Cerrado,Sin motivo especifico,2025-11-21 22:04:59.598000+00:00,2025-11-19 22:00:33.392000+00:00
49779255338,Cierre Ganado,Ciudad De México,Cerrado,Sin motivo especifico,2025-11-21 22:09:35.688000+00:00,2025-11-19 22:09:23.923000+00:00
49908843813,Cierre Ganado,Estado De México,Cerrado,Sin motivo especifico,2025-11-21 22:07:55.390000+00:00,2025-11-19 22:07:43.974000+00:00
49908843885,Cierre Ganado,Estado De México,Cerrado,Sin motivo especifico,2025-11-21 22:11:40.301000+00:00,2025-11-19 22:11:25.437000+00:00
50331913046,Cierre Ganado,Estado De México,Cerrado,Sin motivo especifico,2025-11-25 16:27:54.779000+00:00,2025-11-20 16:27:34.120000+00:00
50435701895,Cierre Ganado,Estado De México,Cerrado,Sin motivo especifico,2025-11-25 16:31:52.425000+00:00,2025-11-20 16:31:39.915000+00:00
50436082833,Cierre Ganado,Estado De México,Cerrado,Sin motivo especifico,2025-11-25 16:26:18.486000+00:00,2025-11-20 16:26:07.671000+00:00
50443227443,Cierre Ganado,Estado De México,Cerrado,Sin motivo especifico,2025-11-25 15:35:18.997000+00:00,2025-10-20 15:34:47.250000+00:00
50443408773,Cierre Ganado,Estado De México,Cerrado,Sin motivo especifico,2025-11-25 16:33:51.116000+00:00,2025-11-20 16:33:40.711000+00:00
50443408899,Cierre Ganado,Estado De México,Cerrado,Sin motivo especifico,2025-11-25 16:35:54.349000+00:00,2025-11-20 16:35:23.731000+00:00
50443470918,Cierre Ganado,Estado De México,Cerrado,Sin motivo especifico,2025-11-25 16:38:38.520000+00:00,2025-11-20 16:38:28.167000+00:00
50591473824,Cierre Ganado,Estado De México,Cerrado,Sin motivo especifico,2025-12-01 17:07:47.562000+00:00,2025-11-21 18:21:08.175000+00:00
50712779830,Cierre Ganado,Ciudad De México,Cerrado,Sin motivo especifico,2025-12-01 16:53:10.860000+00:00,2025-11-21 18:22:39.668000+00:00
50712780297,Cierre Ganado,Ciudad De México,Cerrado,Sin motivo especifico,2025-12-01 17:03:45.119000+00:00,2025-11-21 18:21:49.936000+00:00
50712780937,Cierre Ganado,sin estado,Cerrado,Sin motivo especifico,2025-12-01 17:18:02.740000+00:00,2025-11-24 18:20:10.342000+00:00
50712898129,Cierre Ganado,Estado De México,Cerrado,Sin motivo especifico,2025-12-01 17:33:28.855000+00:00,2025-11-25 18:18:26.417000+00:00
50712898203,Cierre Ganado,Estado De México,Cerrado,Sin motivo especifico,2025-12-01 17:36:17.155000+00:00,2025-11-25 18:18:00.666000+00:00
50713846274,Cierre Ganado,Ciudad De México,Cerrado,Sin motivo especifico,2025-12-01 18:05:42.607000+00:00,2025-11-25 18:17:24.673000+00:00
50770241907,Cierre Ganado,Estado De México,Cerrado,Sin motivo especifico,2025-12-01 17:00:17.012000+00:00,2025-11-21 18:22:16.946000+00:00
50770300307,Cierre Ganado,Ciudad De México,Cerrado,Sin motivo especifico,2025-12-01 17:24:23.179000+00:00,2025-11-24 18:19:29.315000+00:00
50770300600,Cierre Ganado,Estado De México,Cerrado,Sin motivo especifico,2025-12-01 17:31:24.409000+00:00,2025-11-24 18:19:05.844000+00:00
50770358784,Cierre Ganado,Ciudad De México,Cerrado,Sin motivo especifico,2025-12-01 18:10:03.759000+00:00,2025-11-25 18:16:56.991000+00:00
50770542776,Cierre Ganado,Estado De México,Cerrado,Sin motivo especifico,2025-12-01 18:31:53.602000+00:00,2025-11-27 18:31:29.763000+00:00
50770544387,Cierre Ganado,Estado De México,Cerrado,Sin motivo especifico,2025-12-01 19:09:49.602000+00:00,2025-11-27 19:09:40.024000+00:00
50770606134,Cierre Ganado,Ciudad De México,Cerrado,Sin motivo especifico,2025-12-01 19:06:12.712000+00:00,2025-12-27 19:05:07.496000+00:00
50770666382,Cierre Ganado,Ciudad De México,Cerrado,Sin motivo especifico,2025-12-01 18:29:47.576000+00:00,2025-11-27 18:29:37.187000+00:00
50770667924,Cierre Ganado,Estado De México,Cerrado,Sin motivo especifico,2025-12-01 19:08:04.839000+00:00,2025-11-27 19:07:57.093000+00:00
50790318366,Cierre Ganado,Estado De México,Cerrado,Sin motivo especifico,2025-12-01 17:22:25.470000+00:00,2025-11-24 18:19:48.908000+00:00
50797798532,Cierre Ganado,Estado De México,Cerrado,Sin motivo especifico,2025-12-01 18:36:05.733000+00:00,2025-11-27 18:36:02.069000+00:00
50797860154,Cierre Ganado,Estado De México,Cerrado,Sin motivo especifico,2025-12-01 18:27:41.280000+00:00,2025-11-25 18:26:42.866000+00:00
50797921669,Cierre Ganado,Ciudad De México,Cerrado,Sin motivo especifico,2025-12-01 18:16:28.956000+00:00,2025-11-24 18:16:27.270000+00:00
50797984304,Cierre Ganado,Estado De México,Cerrado,Sin motivo especifico,2025-12-01 18:33:47.978000+00:00,2025-11-27 18:33:41.832000+00:00
51244036740,Cierre Ganado,Estado De México,Cerrado,Sin motivo especifico,2025-12-04 15:40:59.632000+00:00,2025-11-19 15:40:49.752000+00:00
51244656416,Cierre Ganado,Estado De México,Cerrado,Sin motivo especifico,2025-12-04 15:44:48.049000+00:00,2025-11-19 15:44:37.812000+00:00
51514420230,Cierre Ganado,Ciudad De México,Cerrado,Sin motivo especifico,2025-12-09 19:35:53.504000+00:00,2025-12-01 19:35:43.293000+00:00
51514421587,Cierre Ganado,Estado De México,Cerrado,Sin motivo especifico,2025-12-09 20:10:26.423000+00:00,2025-12-03 20:10:18.996000+00:00
51514421648,Cierre Ganado,Estado De México,Cerrado,Sin motivo especifico,2025-12-09 20:12:13.970000+00:00,2025-12-03 20:12:05.143000+00:00
51514422598,Cierre Ganado,Estado De México,Cerrado,Sin motivo especifico,2025-12-09 20:36:55.274000+00:00,2025-12-04 20:36:45.631000+00:00
51514482082,Cierre Ganado,Morelos,Cerrado,Sin motivo especifico,2025-12-09 20:00:10.212000+00:00,2025-12-02 19:59:31.382000+00:00
51514483795,Cierre Ganado,Estado De México,Cerrado,Sin motivo especifico,2025-12-09 20:45:35.886000+00:00,2025-12-05 20:45:29.136000+00:00
51514605156,Cierre Ganado,Estado De México,Cerrado,Sin motivo especifico,2025-12-09 19:47:44.378000+00:00,2025-12-01 19:47:15.029000+00:00
51514608294,Cierre Ganado,Estado De México,Cerrado,Sin motivo especifico,2025-12-09 21:08:02.695000+00:00,2025-12-08 21:07:55.221000+00:00
51514668930,Cierre Ganado,Ciudad De México,Cerrado,Sin motivo especifico,2025-12-09 20:34:06.138000+00:00,2025-12-03 20:33:56.368000+00:00
51514670242,Cierre Perdido,Estado De México,Cerrado,Falta de producto,2025-12-09 21:14:56.730000+00:00,2025-12-09 21:14:29.634000+00:00
51514670444,Cierre Perdido,Estado De México,Cerrado,Falta de producto,2025-12-09 21:21:32.073000+00:00,2025-12-01 21:21:07.630000+00:00
51514729588,Cierre Ganado,Estado De México,Cerrado,Sin motivo especifico,2025-12-09 19:55:38.774000+00:00,2025-12-01 19:55:29.957000+00:00
51514730106,Cierre Ganado,Estado De México,Cerrado,Sin motivo especifico,2025-12-09 20:08:49.029000+00:00,2025-12-02 20:08:34.712000+00:00
51514731804,Cierre Ganado,Ciudad De México,Cerrado,Sin motivo especifico,2025-12-09 20:51:33.541000+00:00,2025-12-05 20:51:23.307000+00:00
51514731844,Cierre Ganado,Morelos,Cerrado,Sin motivo especifico,2025-12-09 20:53:07.792000+00:00,2025-12-05 20:53:00.862000+00:00
51514732663,Cierre Perdido,Estado De México,Cerrado,Falta de producto,2025-12-09 21:19:12.365000+00:00,2025-12-03 21:19:10.986000+00:00
51515127299,Cierre Ganado,Estado De México,Cerrado,Sin motivo especifico,2025-12-09 19:38:46.461000+00:00,2025-12-01 19:38:54.516000+00:00
51515127963,Cierre Ganado,Estado De México,Cerrado,Sin motivo especifico,2025-12-09 19:57:40.053000+00:00,2025-12-02 19:57:30.826000+00:00
51515128225,Cierre Ganado,Hidalgo,Cerrado,Sin motivo especifico,2025-12-09 20:04:04.451000+00:00,2025-12-02 20:03:52.454000+00:00
51515128374,Cierre Ganado,Ciudad De México,Cerrado,Sin motivo especifico,2025-12-09 20:07:00.326000+00:00,2025-12-02 20:06:49.092000+00:00
51515129509,Cierre Ganado,Ciudad De México,Cerrado,Sin motivo especifico,2025-12-09 20:39:21.105000+00:00,2025-12-04 20:39:09.934000+00:00
51515129775,Cierre Ganado,Estado De México,Cerrado,Sin motivo especifico,2025-12-09 20:47:10.069000+00:00,2025-12-05 20:47:01.587000+00:00
51515130204,Cierre Ganado,Estado De México,Cerrado,Sin motivo especifico,2025-12-09 20:57:29.480000+00:00,2025-12-05 20:57:16.214000+00:00
51515189426,Cierre Ganado,Estado De México,Cerrado,Sin motivo especifico,2025-12-09 19:43:08.744000+00:00,2025-12-01 19:42:12.514000+00:00
51515190283,Cierre Ganado,Morelos,Cerrado,Sin motivo especifico,2025-12-09 20:02:10.973000+00:00,2025-12-02 20:01:56.227000+00:00
51515190399,Cierre Ganado,Ciudad De México,Cerrado,Sin motivo especifico,2025-12-09 20:05:35.641000+00:00,2025-12-02 20:05:17.481000+00:00
51515191906,Cierre Ganado,Estado De México,Cerrado,Sin motivo especifico,2025-12-09 20:43:54.844000+00:00,2025-12-04 20:43:47.893000+00:00
51515192131,Cierre Ganado,Estado De México,Cerrado,Sin motivo especifico,2025-12-09 20:49:29.922000+00:00,2025-12-05 20:49:23.183000+00:00
51515192576,Cierre Ganado,Morelos,Cerrado,Sin motivo especifico,2025-12-09 20:59:53.785000+00:00,2025-12-08 20:59:26.893000+00:00
51515192632,Cierre Ganado,Estado De México,Cerrado,Sin motivo especifico,2025-12-09 21:02:08.043000+00:00,2025-12-08 21:01:59.528000+00:00
51515192952,Cierre Perdido,Estado De México,Cerrado,Falta de producto,2025-12-09 21:11:49.901000+00:00,2025-12-05 21:11:23.699000+00:00
51515368514,Cierre Ganado,Estado De México,Cerrado,Sin motivo especifico,2025-12-11 19:42:48.586000+00:00,2025-12-11 19:42:39.390000+00:00
51663097982,Cierre Ganado,Estado De México,Cerrado,Sin motivo especifico,2025-12-12 00:22:16.698000+00:00,2025-12-06 00:22:06.594000+00:00
51760616721,Cierre Ganado,Ciudad De México,Cerrado,Sin motivo especifico,2025-12-11 23:16:29.579000+00:00,2025-12-11 22:45:17.037000+00:00
51760642680,Cierre Ganado,Ciudad De México,Cerrado,Sin motivo especifico,2025-12-12 22:11:40.494000+00:00,2025-12-12 22:11:49.310000+00:00
51790295562,Cierre Ganado,Ciudad De México,Cerrado,Sin motivo especifico,2025-12-12 21:56:30.608000+00:00,2025-12-12 21:58:55.859000+00:00
51829991040,Cierre Ganado,Estado De México,Cerrado,Sin motivo especifico,2025-12-16 15:09:35.270000+00:00,2025-12-15 15:09:24.707000+00:00
51832009487,Cierre Ganado,Estado De México,Cerrado,Sin motivo especifico,2025-12-16 15:13:53.918000+00:00,2025-12-15 15:13:44.091000+00:00
52002432824,Cierre Ganado,Ciudad De México,Cerrado,Sin motivo especifico,2025-12-17 00:04:00.262000+00:00,2025-12-17 00:03:52.152000+00:00
52003054415,Cierre Ganado,Estado De México,Cerrado,Sin motivo especifico,2025-12-17 00:08:06.359000+00:00,2025-12-16 00:07:58.639000+00:00
52994266009,Cierre Ganado,Estado De México,Cerrado,Sin motivo especifico,2026-01-05 17:59:10.019000+00:00,2025-12-26 17:58:43.465000+00:00
53014775123,Cierre Ganado,Estado De México,Cerrado,Sin motivo especifico,2026-01-06 19:50:44.251000+00:00,2025-12-09 19:50:35.060000+00:00
53014775219,Cierre Ganado,Morelos,Cerrado,Sin motivo especifico,2026-01-06 19:53:57.925000+00:00,2025-12-09 19:53:46.498000+00:00
53265171076,Cierre Ganado,Ciudad De México,Cerrado,Sin motivo especifico,2026-01-06 20:21:19.274000+00:00,2025-12-11 20:21:15.858000+00:00
53284623441,Cierre Ganado,Estado De México,Cerrado,Sin motivo especifico,2026-01-06 20:23:11.761000+00:00,2025-12-11 20:23:00.773000+00:00
53347855288,Cierre Ganado,Estado De México,Cerrado,Sin motivo especifico,2026-01-06 19:59:43.065000+00:00,2025-12-10 19:58:31.482000+00:00
53354357591,Cierre Ganado,Estado De México,Cerrado,Sin motivo especifico,2026-01-06 20:14:39.236000+00:00,2025-12-11 20:14:15.269000+00:00
53354380185,Cierre Ganado,Estado De México,Cerrado,Sin motivo especifico,2026-01-06 20:03:27.906000+00:00,2025-12-10 20:03:17.971000+00:00
53354428330,Cierre Ganado,Estado De México,Cerrado,Sin motivo especifico,2026-01-06 19:52:16.139000+00:00,2025-12-09 19:52:02.902000+00:00
53354428505,Cierre Ganado,Estado De México,Cerrado,Sin motivo especifico,2026-01-06 19:56:13.309000+00:00,2025-12-09 19:55:34.525000+00:00
53354428826,Cierre Ganado,Estado De México,Cerrado,Sin motivo especifico,2026-01-06 20:05:45.026000+00:00,2025-12-11 20:05:08.694000+00:00
53354442325,Cierre Ganado,Estado De México,Cerrado,Sin motivo especifico,2026-01-06 20:11:11.109000+00:00,2025-12-11 20:10:35.679000+00:00
53354450265,Cierre Ganado,Estado De México,Cerrado,Sin motivo especifico,2026-01-06 20:01:46.418000+00:00,2025-12-10 20:01:31.527000+00:00
53354450845,Cierre Ganado,Estado De México,Cerrado,Sin motivo especifico,2026-01-06 20:17:13.916000+00:00,2025-12-11 20:16:25.914000+00:00
54078733448,Cierre Ganado,Guerrero,Cerrado,Sin motivo especifico,2026-01-20 00:16:06.253000+00:00,2026-01-06 00:15:48.022000+00:00
54101284869,Cierre Ganado,Ciudad De México,Cerrado,Sin motivo especifico,2026-01-20 00:07:30.146000+00:00,2026-01-06 00:07:02.510000+00:00
54101285148,Cierre Ganado,Estado De México,Cerrado,Sin motivo especifico,2026-01-20 00:26:32.289000+00:00,2026-01-07 00:25:23.352000+00:00
54101285445,Cierre Ganado,Estado De México,Cerrado,Sin motivo especifico,2026-01-20 00:50:21.074000+00:00,2026-01-13 00:49:54.249000+00:00
54128064827,Cierre Ganado,Estado De México,Cerrado,Sin motivo especifico,2026-01-20 00:18:06.706000+00:00,2026-01-06 00:17:46.361000+00:00
54128064860,Cierre Ganado,Estado De México,Cerrado,Sin motivo especifico,2026-01-20 00:21:15.209000+00:00,2026-01-06 00:20:38.208000+00:00
54128065131,Cierre Ganado,Ciudad De México,Cerrado,Sin motivo especifico,2026-01-20 00:41:53.469000+00:00,2026-01-13 00:41:31.809000+00:00
54128065299,Cierre Ganado,Estado De México,Cerrado,Sin motivo especifico,2026-01-20 00:54:44.895000+00:00,2026-01-13 00:53:29.225000+00:00
54166945604,Cierre Ganado,Ciudad De México,Cerrado,Sin motivo especifico,2026-01-20 00:33:21.797000+00:00,2026-01-08 00:33:04.597000+00:00
54166945648,Cierre Ganado,Ciudad De México,Cerrado,Sin motivo especifico,2026-01-20 00:38:12.195000+00:00,2026-01-09 00:38:06.585000+00:00
54166963893,Cierre Ganado,Estado De México,Cerrado,Sin motivo especifico,2026-01-20 15:57:33.671000+00:00,2026-01-15 15:57:20.382000+00:00
54218207141,Cierre Ganado,Ciudad De México,Cerrado,Sin motivo especifico,2026-01-20 00:09:37.977000+00:00,2026-01-06 00:09:25.618000+00:00
54218207159,Cierre Ganado,Ciudad De México,Cerrado,Sin motivo especifico,2026-01-20 00:11:40.548000+00:00,2026-01-06 00:11:32.791000+00:00
54218207259,Cierre Ganado,Ciudad De México,Cerrado,Sin motivo especifico,2026-01-20 00:14:05.008000+00:00,2026-01-06 00:13:58.619000+00:00
54218207489,Cierre Ganado,Estado De México,Cerrado,Sin motivo especifico,2026-01-20 00:29:57.820000+00:00,2026-01-07 00:29:46.575000+00:00
54218207582,Cierre Ganado,Guerrero,Cerrado,Sin motivo especifico,2026-01-20 00:39:41.202000+00:00,2026-01-09 00:39:29.429000+00:00
54218207631,Cierre Ganado,Morelos,Cerrado,Sin motivo especifico,2026-01-20 00:45:41.553000+00:00,2026-01-13 00:45:29.768000+00:00
54218207844,Cierre Ganado,Estado De México,Cerrado,Sin motivo especifico,2026-01-20 01:00:39.051000+00:00,2026-01-14 01:00:33.732000+00:00
54222745999,Cierre Ganado,Ciudad De México,Cerrado,Sin motivo especifico,2026-01-20 00:03:18.601000+00:00,2026-01-06 00:01:39.533000+00:00
54222746023,Cierre Ganado,Estado De México,Cerrado,Sin motivo especifico,2026-01-20 00:04:56.323000+00:00,2026-01-06 00:04:44.995000+00:00
54222746295,Cierre Ganado,Estado De México,Cerrado,Sin motivo especifico,2026-01-20 00:23:31.500000+00:00,2026-01-06 00:23:13.900000+00:00
54222746759,Cierre Ganado,Estado De México,Cerrado,Sin motivo especifico,2026-01-20 00:58:56.842000+00:00,2026-01-13 00:58:48.062000+00:00
54223485363,Cierre Ganado,Estado De México,Cerrado,Sin motivo especifico,2026-01-20 00:36:02.376000+00:00,2026-01-08 00:35:48.717000+00:00
54223504516,Cierre Ganado,Estado De México,Cerrado,Sin motivo especifico,2026-01-20 15:53:22.446000+00:00,2026-01-14 15:53:10.621000+00:00
54223510029,Cierre Ganado,Ciudad De México,Cerrado,Sin motivo especifico,2026-01-20 17:38:11.556000+00:00,2026-01-16 17:38:02.698000+00:00
54223510551,Cierre Ganado,Morelos,Cerrado,Sin motivo especifico,2026-01-20 17:50:33.900000+00:00,2026-01-19 17:50:26.687000+00:00
54224281420,Cierre Ganado,Estado De México,Cerrado,Sin motivo especifico,2026-01-20 00:47:56.892000+00:00,2026-01-13 00:47:39.916000+00:00
54247076792,Cierre Ganado,Chiapas,Cerrado,Sin motivo especifico,2026-01-20 15:05:52.978000+00:00,2026-01-13 15:05:41.008000+00:00
54247078792,Cierre Ganado,Ciudad De México,Cerrado,Sin motivo especifico,2026-01-20 15:44:47.127000+00:00,2026-01-14 15:44:31.755000+00:00
54247084331,Cierre Ganado,Estado De México,Cerrado,Sin motivo especifico,2026-01-20 17:29:06.008000+00:00,2026-01-15 17:28:16.227000+00:00
54247084463,Cierre Ganado,Estado De México,Cerrado,Sin motivo especifico,2026-01-20 17:32:40.173000+00:00,2026-01-16 17:31:39.141000+00:00
54247084977,Cierre Ganado,Ciudad De México,Cerrado,Sin motivo especifico,2026-01-20 17:43:32.273000+00:00,2026-01-19 17:43:23.482000+00:00
54261101335,Cierre Ganado,Hidalgo,Cerrado,Sin motivo especifico,2026-01-20 15:07:55.562000+00:00,2026-01-13 15:07:36.521000+00:00
54262526819,Cierre Ganado,Ciudad De México,Cerrado,Sin motivo especifico,2026-01-20 15:30:49.590000+00:00,2026-01-13 15:30:31.165000+00:00
54262526979,Cierre Ganado,Estado De México,Cerrado,Sin motivo especifico,2026-01-20 15:33:12.718000+00:00,2026-01-14 15:33:03.007000+00:00
54262733416,Cierre Ganado,Estado De México,Cerrado,Sin motivo especifico,2026-01-20 15:55:32.369000+00:00,2026-01-14 15:55:11.967000+00:00
54262750013,Cierre Ganado,Estado De México,Cerrado,Sin motivo especifico,2026-01-20 15:46:46.977000+00:00,2026-01-14 15:46:36.542000+00:00
54262752938,Cierre Ganado,Estado De México,Cerrado,Sin motivo especifico,2026-01-20 15:51:14.411000+00:00,2026-01-14 15:51:04.643000+00:00
54263558541,Cierre Ganado,Estado De México,Cerrado,Sin motivo especifico,2026-01-20 17:34:22.245000+00:00,2026-01-16 17:34:13.400000+00:00
54263629148,Cierre Ganado,Estado De México,Cerrado,Sin motivo especifico,2026-01-20 17:30:45.817000+00:00,2026-01-15 17:30:36.354000+00:00
54263748872,Cierre Ganado,Ciudad De México,Cerrado,Sin motivo especifico,2026-01-20 17:47:12.347000+00:00,2026-01-19 17:46:56.739000+00:00
54263748917,Cierre Ganado,Estado De México,Cerrado,Sin motivo especifico,2026-01-20 17:49:11.357000+00:00,2026-01-19 17:48:39.793000+00:00
54263848793,Cierre Ganado,Estado De México,Cerrado,Sin motivo especifico,2026-01-20 17:42:02.072000+00:00,2026-01-16 17:41:38.869000+00:00
54263849229,Cierre Ganado,Estado De México,Cerrado,Sin motivo especifico,2026-01-20 17:51:59.389000+00:00,2026-01-19 17:51:42.786000+00:00
54263860901,Cierre Ganado,sin estado,Cerrado,Sin motivo especifico,2026-01-20 17:45:27.060000+00:00,2026-01-19 17:45:09.806000+00:00
54265759324,Cierre Ganado,Estado De México,Cerrado,Sin motivo especifico,2026-01-20 15:22:53.536000+00:00,2026-01-13 15:22:08.273000+00:00
54266476133,Cierre Ganado,Ciudad De México,Cerrado,Sin motivo especifico,2026-01-20 17:36:42.296000+00:00,2026-01-16 17:36:20.590000+00:00
54609925693,Cierre Ganado,Ciudad De México,Cerrado,Sin motivo especifico,2026-01-26 23:24:27.424000+00:00,2026-01-21 23:23:09.993000+00:00
54609926417,Cierre Ganado,Estado De México,Cerrado,Sin motivo especifico,2026-01-27 00:02:34.574000+00:00,2026-01-23 00:02:19.768000+00:00
54609974125,Cierre Ganado,Estado De México,Cerrado,Sin motivo especifico,2026-01-26 23:34:57.397000+00:00,2026-01-21 23:34:36.054000+00:00
54609974336,Cierre Ganado,Estado De México,Cerrado,Sin motivo especifico,2026-01-26 23:45:20.989000+00:00,2026-01-22 23:44:53.256000+00:00
54609974695,Cierre Ganado,Ciudad De México,Cerrado,Sin motivo especifico,2026-01-27 00:07:31.798000+00:00,2026-01-23 00:07:07.728000+00:00
54609975040,Cierre Ganado,Estado De México,Cerrado,Sin motivo especifico,2026-01-27 00:25:25.993000+00:00,2026-01-24 00:25:03.105000+00:00
54609975103,Cierre Ganado,Estado De México,Cerrado,Sin motivo especifico,2026-01-27 00:30:23.638000+00:00,2026-01-27 00:30:06.705000+00:00
54610034214,Cierre Ganado,Ciudad De México,Cerrado,Sin motivo especifico,2026-01-26 23:49:48.014000+00:00,2026-01-22 23:49:30.480000+00:00
54615873953,Cierre Ganado,Hidalgo,Cerrado,Sin motivo especifico,2026-01-26 23:14:29.880000+00:00,2026-01-19 23:14:12.633000+00:00
54615874065,Cierre Ganado,Estado De México,Cerrado,Sin motivo especifico,2026-01-26 23:17:52.818000+00:00,2026-01-20 23:17:36.574000+00:00
54615874125,Cierre Ganado,Estado De México,Cerrado,Sin motivo especifico,2026-01-26 23:22:08.054000+00:00,2026-01-20 23:21:46.830000+00:00
54615874978,Cierre Ganado,Ciudad De México,Cerrado,Sin motivo especifico,2026-01-27 00:09:30.059000+00:00,2026-01-24 00:09:13.091000+00:00
54615875110,Cierre Ganado,Hidalgo,Cerrado,Sin motivo especifico,2026-01-27 00:14:35.725000+00:00,2026-01-24 00:14:10.421000+00:00
54615935805,Cierre Ganado,Ciudad De México,Cerrado,Sin motivo especifico,2026-01-26 23:20:03.608000+00:00,2026-01-20 23:18:51.241000+00:00
54615936906,Cierre Ganado,Estado De México,Cerrado,Sin motivo especifico,2026-01-27 00:18:53.555000+00:00,2026-01-24 00:18:25.364000+00:00
54615937149,Cierre Ganado,Ciudad De México,Cerrado,Sin motivo especifico,2026-01-27 00:33:46.871000+00:00,2026-01-27 00:33:37.474000+00:00
54615998307,Cierre Ganado,Estado De México,Cerrado,Sin motivo especifico,2026-01-27 00:05:20.244000+00:00,2026-01-23 00:05:09.892000+00:00
54615998385,Cierre Ganado,Estado De México,Cerrado,Sin motivo especifico,2026-01-27 00:11:36.901000+00:00,2026-01-24 00:11:28.256000+00:00
54616121697,Cierre Ganado,Ciudad De México,Cerrado,Sin motivo especifico,2026-01-26 23:26:56.172000+00:00,2026-03-24 21:27:22.799000+00:00
54616121943,Cierre Ganado,Estado De México,Cerrado,Sin motivo especifico,2026-01-26 23:40:32.165000+00:00,2026-01-22 23:40:08.559000+00:00
54616122720,Cierre Ganado,Morelos,Cerrado,Sin motivo especifico,2026-01-27 00:21:56.013000+00:00,2026-01-24 00:21:43.627000+00:00
54616122916,Cierre Ganado,Estado De México,Cerrado,Sin motivo especifico,2026-01-27 00:32:07.439000+00:00,2026-01-27 00:31:57.293000+00:00
54616182340,Cierre Ganado,Ciudad De México,Cerrado,Sin motivo especifico,2026-01-26 23:29:38.471000+00:00,2026-01-21 23:28:15.426000+00:00
54616183190,Cierre Ganado,Ciudad De México,Cerrado,Sin motivo especifico,2026-01-27 00:16:41.386000+00:00,2026-01-24 00:16:20.937000+00:00
54616183555,Cierre Ganado,Estado De México,Cerrado,Sin motivo especifico,2026-01-27 00:35:58.513000+00:00,2026-01-27 00:35:38.062000+00:00
54835539715,Cierre Ganado,Estado De México,Cerrado,Sin motivo especifico,2026-01-28 00:23:54.444000+00:00,2026-01-28 00:23:16.249000+00:00
55815119365,Cierre Ganado,Estado De México,Cerrado,Sin motivo especifico,2026-02-09 17:48:17.068000+00:00,2026-01-29 17:48:08.862000+00:00
55815242017,Cierre Ganado,Estado De México,Cerrado,Sin motivo especifico,2026-02-09 17:23:27.046000+00:00,2026-01-27 17:23:03.999000+00:00
55815242150,Cierre Ganado,Estado De México,Cerrado,Sin motivo especifico,2026-02-09 17:27:23.738000+00:00,2026-01-27 17:27:19.527000+00:00
55815242638,Cierre Ganado,Estado De México,Cerrado,Sin motivo especifico,2026-02-09 17:36:55.100000+00:00,2026-01-28 17:36:43.473000+00:00
55815242847,Cierre Ganado,Hidalgo,Cerrado,Sin motivo especifico,2026-02-09 17:41:05.216000+00:00,2026-01-28 17:40:57.209000+00:00
55815243074,Cierre Ganado,Ciudad De México,Cerrado,Sin motivo especifico,2026-02-09 17:46:22.009000+00:00,2026-03-24 21:24:37.998000+00:00
55815244473,Cierre Ganado,Jalisco,Cerrado,Sin motivo especifico,2026-02-09 18:19:12.035000+00:00,2026-02-04 18:34:23.286000+00:00
55815304511,Cierre Ganado,Estado De México,Cerrado,Sin motivo especifico,2026-02-09 17:34:53.800000+00:00,2026-01-27 17:34:43.573000+00:00
55815428450,Cierre Ganado,Estado De México,Cerrado,Sin motivo especifico,2026-02-09 17:52:42.342000+00:00,2026-01-29 17:52:32.887000+00:00
55815429019,Cierre Ganado,Estado De México,Cerrado,Sin motivo especifico,2026-02-09 18:04:36.786000+00:00,2026-01-29 18:04:26.980000+00:00
55827387317,Cierre Ganado,Estado De México,Cerrado,Sin motivo especifico,2026-02-09 17:38:39.608000+00:00,2026-01-28 17:38:29.772000+00:00
55827447097,Cierre Ganado,Estado De México,Cerrado,Sin motivo especifico,2026-02-09 17:25:33.081000+00:00,2026-01-27 17:25:25.605000+00:00
55827447430,Cierre Ganado,Estado De México,Cerrado,Sin motivo especifico,2026-02-09 17:31:53.408000+00:00,2026-01-27 17:31:43.793000+00:00
55827510398,Cierre Ganado,Ciudad De México,Cerrado,Sin motivo especifico,2026-02-09 17:54:54.888000+00:00,2026-01-29 17:54:46.338000+00:00
55827571095,Cierre Ganado,Estado De México,Cerrado,Sin motivo especifico,2026-02-09 17:57:59.159000+00:00,2026-01-29 17:56:39.590000+00:00
55827571287,Cierre Ganado,Estado De México,Cerrado,Sin motivo especifico,2026-02-09 18:01:34.161000+00:00,2026-01-29 18:00:31.069000+00:00
55922565664,Cierre Ganado,Estado De México,Cerrado,Sin motivo especifico,2026-02-11 00:13:27.892000+00:00,2026-02-05 00:13:10.658000+00:00
55927351383,Cierre Ganado,Ciudad De México,Cerrado,Sin motivo especifico,2026-02-11 00:09:54.772000+00:00,2026-02-05 00:09:45.611000+00:00
55927475774,Cierre Ganado,Hidalgo,Cerrado,Sin motivo especifico,2026-02-11 00:11:38.405000+00:00,2026-02-05 00:11:30.095000+00:00
55976755482,Cierre Ganado,Ciudad De México,Cerrado,Sin motivo especifico,2026-02-10 23:49:14.236000+00:00,2026-02-03 23:49:03.029000+00:00
55976755569,Cierre Ganado,Estado De México,Cerrado,Sin motivo especifico,2026-02-10 23:55:43.092000+00:00,2026-02-03 23:55:28.746000+00:00
55976755783,Cierre Ganado,Estado De México,Cerrado,Sin motivo especifico,2026-02-11 00:07:48.290000+00:00,2026-02-05 00:07:40.903000+00:00
55978739888,Cierre Ganado,sin estado,Cerrado,Sin motivo especifico,2026-02-10 23:53:55.694000+00:00,2026-02-03 23:53:42.118000+00:00
55978740023,Cierre Ganado,Estado De México,Cerrado,Sin motivo especifico,2026-02-10 23:58:34.474000+00:00,2026-02-03 23:58:00.606000+00:00
55978740076,Cierre Ganado,Estado De México,Cerrado,Sin motivo especifico,2026-02-11 00:03:11.996000+00:00,2026-02-05 00:03:02.935000+00:00
55978801769,Cierre Ganado,Estado De México,Cerrado,Sin motivo especifico,2026-02-10 23:45:07.098000+00:00,2026-02-03 23:44:58.797000+00:00
55978802028,Cierre Ganado,Ciudad De México,Cerrado,Sin motivo especifico,2026-02-11 00:01:25.730000+00:00,2026-02-05 00:01:19.212000+00:00
56091139389,Cierre Ganado,Ciudad De México,Cerrado,Sin motivo especifico,2026-02-11 00:17:49.871000+00:00,2026-02-06 00:17:26.434000+00:00
56108330644,Cierre Ganado,Estado De México,Cerrado,Sin motivo especifico,2026-02-11 00:15:31.142000+00:00,2026-02-06 00:15:22.471000+00:00
56108392359,Cierre Ganado,Estado De México,Cerrado,Sin motivo especifico,2026-02-11 00:19:26.416000+00:00,2026-02-06 00:19:19.199000+00:00
56443015445,Cierre Ganado,Estado De México,Cerrado,Sin motivo especifico,2026-02-16 23:09:49.760000+00:00,2026-02-06 23:09:13.626000+00:00
56443015992,Cierre Ganado,Ciudad De México,Cerrado,Sin motivo especifico,2026-02-16 23:45:03.396000+00:00,2026-02-10 23:44:53.573000+00:00
56443016107,Cierre Ganado,Ciudad De México,Cerrado,Sin motivo especifico,2026-02-16 23:56:27.791000+00:00,2026-02-12 23:56:02.666000+00:00
56443016252,Cierre Ganado,Ciudad De México,Cerrado,Sin motivo especifico,2026-02-17 00:04:27.174000+00:00,2026-02-13 00:04:15.473000+00:00
56443016268,Cierre Ganado,Estado De México,Cerrado,Sin motivo especifico,2026-02-17 00:06:17.858000+00:00,2026-02-13 00:06:05.781000+00:00
56443262113,Cierre Ganado,Estado De México,Cerrado,Sin motivo especifico,2026-02-16 23:06:49.570000+00:00,2026-02-05 23:06:40.685000+00:00
56443322923,Cierre Ganado,sin estado,Cerrado,Sin motivo especifico,2026-02-16 23:33:09.740000+00:00,2026-02-09 23:32:33.838000+00:00
56443322987,Cierre Ganado,Estado De México,Cerrado,Sin motivo especifico,2026-02-16 23:39:53.882000+00:00,2026-02-10 23:39:34.996000+00:00
56443323730,Cierre Ganado,Ciudad De México,Cerrado,Sin motivo especifico,2026-02-17 00:34:07.825000+00:00,2026-02-17 00:33:55.529000+00:00
56460901643,Cierre Ganado,Estado De México,Cerrado,Sin motivo especifico,2026-02-16 23:19:14.633000+00:00,2026-02-06 23:11:35.950000+00:00
56460901753,Cierre Ganado,Estado De México,Cerrado,Sin motivo especifico,2026-02-16 23:27:50.219000+00:00,2026-02-06 23:27:40.549000+00:00
56460902022,Cierre Ganado,Morelos,Cerrado,Sin motivo especifico,2026-02-16 23:47:12.972000+00:00,2026-02-10 23:47:01.441000+00:00
56460902042,Cierre Ganado,Estado De México,Cerrado,Sin motivo especifico,2026-02-16 23:48:57.690000+00:00,2026-02-10 23:48:42.764000+00:00
56460902237,Cierre Ganado,Estado De México,Cerrado,Sin motivo especifico,2026-02-16 23:59:41.645000+00:00,2026-02-12 23:59:28.865000+00:00
56460902253,Cierre Ganado,Estado De México,Cerrado,Sin motivo especifico,2026-02-17 00:01:13.230000+00:00,2026-02-13 00:00:55.875000+00:00
56460902416,Cierre Ganado,Ciudad De México,Cerrado,Sin motivo especifico,2026-02-17 00:11:21.713000+00:00,2026-02-14 00:11:09.966000+00:00
56460963723,Cierre Ganado,Estado De México,Cerrado,Sin motivo especifico,2026-02-16 23:26:04.960000+00:00,2026-02-06 23:25:48.008000+00:00
56461206849,Cierre Ganado,Ciudad De México,Cerrado,Sin motivo especifico,2026-02-16 23:23:57.311000+00:00,2026-02-06 23:23:48.861000+00:00
56461207137,Cierre Ganado,Estado De México,Cerrado,Sin motivo especifico,2026-02-16 23:41:56.220000+00:00,2026-02-10 23:41:44.551000+00:00
57021682476,Cierre Ganado,Estado De México,Cerrado,Sin motivo especifico,2026-02-26 15:22:55.216000+00:00,2026-02-16 15:22:20.408000+00:00
57021682771,Cierre Ganado,Ciudad De México,Cerrado,Sin motivo especifico,2026-02-26 15:32:58.751000+00:00,2026-02-18 15:32:26.977000+00:00
57021683342,Cierre Ganado,Estado De México,Cerrado,Sin motivo especifico,2026-02-26 15:51:13.058000+00:00,2026-02-23 15:51:03.996000+00:00
57030414460,Cierre Ganado,Morelos,Cerrado,Sin motivo especifico,2026-02-26 15:34:38.156000+00:00,2026-02-18 15:34:29.213000+00:00
57074848424,Cierre Ganado,Ciudad De México,Cerrado,Sin motivo especifico,2026-02-26 15:19:06.086000+00:00,2026-02-16 15:19:03.368000+00:00
57074848833,Cierre Ganado,Estado De México,Cerrado,Sin motivo especifico,2026-02-26 15:28:36.743000+00:00,2026-02-18 15:28:12.650000+00:00
57074849376,Cierre Ganado,Estado De México,Cerrado,Sin motivo especifico,2026-02-26 15:45:48.837000+00:00,2026-02-20 15:45:28.034000+00:00
57074849417,Cierre Ganado,Ciudad De México,Cerrado,Sin motivo especifico,2026-02-26 15:47:48.928000+00:00,2026-02-20 15:47:43.941000+00:00
57086240004,Cierre Ganado,Ciudad De México,Cerrado,Sin motivo especifico,2026-02-26 15:21:07.691000+00:00,2026-02-16 15:20:59.923000+00:00
57093134922,Cierre Ganado,Ciudad De México,Cerrado,Sin motivo especifico,2026-02-26 15:30:53.657000+00:00,2026-02-18 15:30:47.390000+00:00
57093135145,Cierre Ganado,Estado De México,Cerrado,Sin motivo especifico,2026-02-26 15:37:53.923000+00:00,2026-02-18 15:37:44.211000+00:00
57093754231,Cierre Ganado,Ciudad De México,Cerrado,Sin motivo especifico,2026-02-26 15:39:25.207000+00:00,2026-02-20 15:39:14.302000+00:00
57093877918,Cierre Ganado,Estado De México,Cerrado,Sin motivo especifico,2026-02-26 15:41:42.169000+00:00,2026-02-20 15:40:56.065000+00:00
57093878378,Cierre Ganado,Estado De México,Cerrado,Sin motivo especifico,2026-02-26 15:55:06.061000+00:00,2026-02-23 15:54:58.172000+00:00
57093939290,Cierre Ganado,Estado De México,Cerrado,Sin motivo especifico,2026-02-26 15:49:22.961000+00:00,2026-02-20 15:49:12.512000+00:00
57093939373,Cierre Ganado,Estado De México,Cerrado,Sin motivo especifico,2026-02-26 15:52:56.104000+00:00,2026-02-23 15:52:37.944000+00:00
57094062359,Cierre Ganado,Estado De México,Cerrado,Sin motivo especifico,2026-02-26 15:25:39.610000+00:00,2026-02-17 15:25:29.925000+00:00
57351005077,Cierre Ganado,Ciudad De México,Cerrado,Sin motivo especifico,2026-03-02 22:58:01.635000+00:00,2026-02-24 22:57:51.871000+00:00
57396906353,Cierre Ganado,Estado De México,Cerrado,Sin motivo especifico,2026-03-02 22:56:22.171000+00:00,2026-02-24 22:56:12.636000+00:00
57396907808,Cierre Ganado,Ciudad De México,Cerrado,Sin motivo especifico,2026-03-03 00:01:51.643000+00:00,2026-02-25 00:01:34.541000+00:00
57447229315,Cierre Ganado,Estado De México,Cerrado,Sin motivo especifico,2026-03-03 15:18:57.973000+00:00,2026-02-25 15:18:41.780000+00:00
57447229991,Cierre Ganado,Estado De México,Cerrado,Sin motivo especifico,2026-03-03 15:31:20.774000+00:00,2026-02-26 15:31:04.334000+00:00
57447289930,Cierre Ganado,Estado De México,Cerrado,Sin motivo especifico,2026-03-03 15:20:39.169000+00:00,2026-02-25 15:20:31.169000+00:00
57447351901,Cierre Ganado,Estado De México,Cerrado,Sin motivo especifico,2026-03-03 15:22:35.917000+00:00,2026-02-25 15:22:26.484000+00:00
57447413657,Cierre Ganado,Estado De México,Cerrado,Sin motivo especifico,2026-03-03 15:17:21.881000+00:00,2026-02-25 15:16:46+00:00
57447414637,Cierre Ganado,Chiapas,Cerrado,Sin motivo especifico,2026-03-03 15:34:39.725000+00:00,2026-02-26 15:34:24.412000+00:00
57451846450,Cierre Ganado,Estado De México,Cerrado,Sin motivo especifico,2026-03-03 15:15:13.211000+00:00,2026-02-25 15:14:42.973000+00:00
57451908929,Cierre Ganado,Estado De México,Cerrado,Sin motivo especifico,2026-03-03 15:25:19.634000+00:00,2026-02-25 15:24:59.617000+00:00
57451909028,Cierre Ganado,Estado De México,Cerrado,Sin motivo especifico,2026-03-03 15:27:50.224000+00:00,2026-02-25 15:27:36.720000+00:00
57506513430,Cierre Ganado,Estado De México,Cerrado,Sin motivo especifico,2026-03-03 22:29:21.005000+00:00,2026-03-02 22:28:49.656000+00:00
57938946723,Cierre Ganado,Estado De México,Cerrado,Sin motivo especifico,2026-03-12 22:28:18.513000+00:00,2026-03-02 22:27:44.407000+00:00
57938948156,Cierre Ganado,Estado De México,Cerrado,Sin motivo especifico,2026-03-12 23:35:40.941000+00:00,2026-03-05 23:35:32.302000+00:00
57938948443,Cierre Ganado,Estado De México,Cerrado,Sin motivo especifico,2026-03-12 23:53:18.799000+00:00,2026-03-06 23:53:02.208000+00:00
57938948514,Cierre Ganado,sin estado,Cerrado,Sin motivo especifico,2026-03-13 00:00:33.201000+00:00,2026-03-10 00:00:00.998000+00:00
57939007832,Cierre Ganado,Estado De México,Cerrado,Sin motivo especifico,2026-03-12 22:11:25.554000+00:00,2026-03-02 22:11:14.341000+00:00
57939008951,Cierre Ganado,Estado De México,Cerrado,Sin motivo especifico,2026-03-12 23:03:13.296000+00:00,2026-03-03 23:02:47.964000+00:00
57939009856,Cierre Ganado,sin estado,Cerrado,Sin motivo especifico,2026-03-12 23:55:58.001000+00:00,2026-03-06 23:55:47.382000+00:00
57939071538,Cierre Ganado,Ciudad De México,Cerrado,Sin motivo especifico,2026-03-12 22:17:23.352000+00:00,2026-03-02 22:17:07.473000+00:00
57939071746,Cierre Ganado,Estado De México,Cerrado,Sin motivo especifico,2026-03-12 22:26:18.867000+00:00,2026-03-02 22:26:10.011000+00:00
57939072938,Cierre Ganado,sin estado,Cerrado,Sin motivo especifico,2026-03-12 23:26:24.495000+00:00,2026-03-05 23:26:16.891000+00:00
57939073375,Cierre Ganado,Jalisco,Cerrado,Sin motivo especifico,2026-03-12 23:50:45.140000+00:00,2026-03-05 23:50:32.699000+00:00
57939134633,Cierre Ganado,sin estado,Cerrado,Sin motivo especifico,2026-03-12 22:24:49.128000+00:00,2026-03-02 22:24:17.983000+00:00
57939135085,Cierre Ganado,Estado De México,Cerrado,Sin motivo especifico,2026-03-12 22:44:12.367000+00:00,2026-03-03 22:41:21.602000+00:00
57939135529,Cierre Ganado,Estado De México,Cerrado,Sin motivo especifico,2026-03-12 23:04:36.460000+00:00,2026-03-03 23:04:28.255000+00:00
57939188246,Cierre Ganado,Estado De México,Cerrado,Sin motivo especifico,2026-03-12 23:08:13.653000+00:00,2026-03-03 23:06:34.699000+00:00
57941049009,Cierre Ganado,Estado De México,Cerrado,Sin motivo especifico,2026-03-12 23:11:58.335000+00:00,2026-03-04 23:11:48.046000+00:00
57941049367,Cierre Ganado,sin estado,Cerrado,Sin motivo especifico,2026-03-12 23:28:13.762000+00:00,2026-03-05 23:28:04.911000+00:00
57941112580,Cierre Ganado,Ciudad De México,Cerrado,Sin motivo especifico,2026-03-12 22:15:26.546000+00:00,2026-03-06 22:15:08.141000+00:00
57941113464,Cierre Ganado,Estado De México,Cerrado,Sin motivo especifico,2026-03-12 22:58:56.183000+00:00,2026-03-03 22:58:42.708000+00:00
57941170548,Cierre Ganado,Estado De México,Cerrado,Sin motivo especifico,2026-03-12 22:30:09.161000+00:00,2026-03-02 22:29:43.530000+00:00
57941171013,Cierre Ganado,Estado De México,Cerrado,Sin motivo especifico,2026-03-12 22:56:22.661000+00:00,2026-03-03 22:56:11.295000+00:00
57941171246,Cierre Ganado,Estado De México,Cerrado,Sin motivo especifico,2026-03-12 23:10:03.527000+00:00,2026-03-03 23:09:31.153000+00:00
57941171787,Cierre Ganado,Estado De México,Cerrado,Sin motivo especifico,2026-03-12 23:48:45.852000+00:00,2026-03-05 23:48:12.710000+00:00
58289365535,Cierre Ganado,Estado De México,Cerrado,Sin motivo especifico,2026-03-24 17:15:58.512000+00:00,2026-03-09 17:15:36.367000+00:00
58289371265,Cierre Ganado,Ciudad De México,Cerrado,Sin motivo especifico,2026-03-24 19:23:44.658000+00:00,2026-03-18 19:23:35.634000+00:00
58289375349,Cierre Ganado,Estado De México,Cerrado,Sin motivo especifico,2026-03-24 20:58:46.817000+00:00,2026-03-24 20:58:37.777000+00:00
58289375416,Cierre Ganado,sin estado,Cerrado,Sin motivo especifico,2026-03-24 21:01:56.795000+00:00,2026-03-31 21:01:35.822000+00:00
58295121962,Cierre Ganado,Estado De México,Cerrado,Sin motivo especifico,2026-03-24 17:31:37.851000+00:00,2026-03-11 17:31:27.997000+00:00
58295122233,Cierre Ganado,Estado De México,Cerrado,Sin motivo especifico,2026-03-24 17:38:00.987000+00:00,2026-03-11 17:37:53.696000+00:00
58295123363,Cierre Ganado,sin estado,Cerrado,Sin motivo especifico,2026-03-24 18:05:17.416000+00:00,2026-03-13 18:04:44.922000+00:00
58295125641,Cierre Ganado,Estado De México,Cerrado,Sin motivo especifico,2026-03-24 18:57:30.545000+00:00,2026-03-17 18:57:21.154000+00:00
58295129010,Cierre Ganado,Estado De México,Cerrado,Sin motivo especifico,2026-03-24 20:20:33.580000+00:00,2026-03-19 20:20:18.266000+00:00
58295129409,Cierre Ganado,Estado De México,Cerrado,Sin motivo especifico,2026-03-24 20:28:33.529000+00:00,2026-03-20 20:28:22.369000+00:00
58295556249,Cierre Ganado,Ciudad De México,Cerrado,Sin motivo especifico,2026-03-25 20:52:20.184000+00:00,2026-03-02 20:51:29.915000+00:00
58295556448,Cierre Ganado,Estado De México,Cerrado,Sin motivo especifico,2026-03-25 20:57:46.454000+00:00,2026-03-24 20:57:22.047000+00:00
58295617679,Cierre Ganado,Estado De México,Cerrado,Sin motivo especifico,2026-03-24 17:35:52.992000+00:00,2026-03-11 17:35:37.790000+00:00
58295618378,Cierre Ganado,Ciudad De México,Cerrado,Sin motivo especifico,2026-03-24 17:49:30.290000+00:00,2026-03-12 17:49:19.997000+00:00
58295618450,Cierre Ganado,Ciudad De México,Cerrado,Sin motivo especifico,2026-03-24 17:51:31.913000+00:00,2026-03-12 17:51:11.320000+00:00
58295618573,Cierre Ganado,Estado De México,Cerrado,Sin motivo especifico,2026-03-24 17:52:52.843000+00:00,2026-03-13 17:52:45.267000+00:00
58295621912,Cierre Ganado,Morelos,Cerrado,Sin motivo especifico,2026-03-24 19:03:29.144000+00:00,2026-03-17 19:03:22.654000+00:00
58295622311,Cierre Ganado,Estado De México,Cerrado,Sin motivo especifico,2026-03-24 19:13:37.016000+00:00,2026-03-17 19:13:07.198000+00:00
58295622503,Cierre Ganado,sin estado,Cerrado,Sin motivo especifico,2026-03-24 19:17:36.316000+00:00,2026-03-18 19:16:54.461000+00:00
58295625016,Cierre Ganado,Estado De México,Cerrado,Sin motivo especifico,2026-03-24 20:15:22.063000+00:00,2026-03-31 20:15:07.913000+00:00
58295625383,Cierre Ganado,sin estado,Cerrado,Sin motivo especifico,2026-03-24 20:25:27.014000+00:00,2026-03-19 20:25:09.980000+00:00
58295626078,Cierre Ganado,Estado De México,Cerrado,Sin motivo especifico,2026-03-24 20:40:15.688000+00:00,2026-03-23 20:40:07.806000+00:00
58295679034,Cierre Ganado,Estado De México,Cerrado,Sin motivo especifico,2026-03-24 17:19:46.448000+00:00,2026-03-10 17:19:22.630000+00:00
58295679914,Cierre Ganado,Estado De México,Cerrado,Sin motivo especifico,2026-03-24 17:40:16.809000+00:00,2026-03-12 17:40:07.117000+00:00
58295686212,Cierre Ganado,Estado De México,Cerrado,Sin motivo especifico,2026-03-24 20:07:48.942000+00:00,2026-03-19 20:07:18.100000+00:00
58295686778,Cierre Ganado,Estado De México,Cerrado,Sin motivo especifico,2026-03-24 20:22:14.605000+00:00,2026-03-19 20:22:06.717000+00:00
58295687088,Cierre Ganado,Estado De México,Cerrado,Sin motivo especifico,2026-03-24 20:30:34.866000+00:00,2026-03-20 20:30:27.197000+00:00
58295687203,Cierre Ganado,Estado De México,Cerrado,Sin motivo especifico,2026-03-24 20:32:00.374000+00:00,2026-03-20 20:31:52.640000+00:00
58295687329,Cierre Ganado,Estado De México,Cerrado,Sin motivo especifico,2026-03-24 20:35:12.993000+00:00,2026-03-23 20:34:53.142000+00:00
58295741081,Cierre Ganado,Estado De México,Cerrado,Sin motivo especifico,2026-03-24 17:27:25.917000+00:00,2026-03-11 17:27:04.157000+00:00
58295741221,Cierre Ganado,Estado De México,Cerrado,Sin motivo especifico,2026-03-24 17:29:07.657000+00:00,2026-03-11 17:29:00.271000+00:00
58295741459,Cierre Ganado,Estado De México,Cerrado,Sin motivo especifico,2026-03-24 17:34:17.103000+00:00,2026-03-11 17:33:53.233000+00:00
58295747477,Cierre Ganado,Estado De México,Cerrado,Sin motivo especifico,2026-03-24 19:55:25.008000+00:00,2026-03-18 19:55:08.012000+00:00
58295749656,Cierre Ganado,Estado De México,Cerrado,Sin motivo especifico,2026-03-24 20:46:37.859000+00:00,2026-03-23 20:46:33.690000+00:00
58295802726,Cierre Ganado,Estado De México,Cerrado,Sin motivo especifico,2026-03-24 17:17:34.872000+00:00,2026-03-10 17:17:26.619000+00:00
58295804065,Cierre Ganado,sin estado,Cerrado,Sin motivo especifico,2026-03-24 17:45:51.841000+00:00,2026-03-12 17:45:42.375000+00:00
58295807124,Cierre Ganado,Estado De México,Cerrado,Sin motivo especifico,2026-03-24 18:53:18.049000+00:00,2026-03-13 18:53:05.266000+00:00
58295809317,Cierre Ganado,Estado De México,Cerrado,Sin motivo especifico,2026-03-24 19:42:33.552000+00:00,2026-03-25 18:09:30.813000+00:00
58295812676,Cierre Ganado,sin estado,Cerrado,Sin motivo especifico,2026-03-24 21:05:32.630000+00:00,2026-03-31 21:02:16.816000+00:00
58295865735,Cierre Ganado,Estado De México,Cerrado,Sin motivo especifico,2026-03-24 17:42:07.896000+00:00,2026-03-12 17:42:00.912000+00:00
58295871767,Cierre Ganado,Estado De México,Cerrado,Sin motivo especifico,2026-03-24 19:57:45.858000+00:00,2026-03-18 19:57:38.224000+00:00
58295873908,Cierre Ganado,Ciudad De México,Cerrado,Sin motivo especifico,2026-03-24 20:48:41.617000+00:00,2026-03-24 20:48:33.334000+00:00
58295927198,Cierre Ganado,sin estado,Cerrado,Sin motivo especifico,2026-03-24 17:25:05.846000+00:00,2026-03-10 17:24:42.136000+00:00
58295931053,Cierre Ganado,Estado De México,Cerrado,Sin motivo especifico,2026-03-24 18:50:32.507000+00:00,2026-03-13 18:50:24.765000+00:00
58295931927,Cierre Ganado,Chiapas,Cerrado,Sin motivo especifico,2026-03-24 19:07:18.771000+00:00,2026-03-17 19:07:06.132000+00:00
58295934392,Cierre Ganado,Ciudad De México,Cerrado,Sin motivo especifico,2026-03-24 20:02:54.327000+00:00,2026-03-19 20:02:45.906000+00:00
58295935795,Cierre Ganado,Estado De México,Cerrado,Sin motivo especifico,2026-03-24 20:37:15.417000+00:00,2026-03-23 20:36:34.401000+00:00
58332099507,Cierre Ganado,Estado De México,Cerrado,Sin motivo especifico,2026-03-25 21:23:25.784000+00:00,2026-03-31 21:22:13.248000+00:00
58332160843,Cierre Ganado,Estado De México,Cerrado,Sin motivo especifico,2026-03-25 21:13:41.684000+00:00,2026-03-24 21:13:18.676000+00:00
58332164536,Cierre Ganado,Estado De México,Cerrado,Sin motivo especifico,2026-03-26 00:28:43.868000+00:00,2026-03-26 00:28:34.059000+00:00
58332222854,Cierre Ganado,Estado De México,Cerrado,Sin motivo especifico,2026-03-25 21:18:24.567000+00:00,2026-03-25 21:18:17.094000+00:00
58368934832,Cierre Ganado,Estado De México,Cerrado,Sin motivo especifico,2026-03-25 21:17:06.151000+00:00,2026-03-25 21:16:57.403000+00:00
58368935082,Cierre Ganado,Morelos,Cerrado,Sin motivo especifico,2026-03-25 21:25:13+00:00,2026-03-25 21:25:03.626000+00:00
58369058088,Cierre Ganado,Ciudad De México,Cerrado,Sin motivo especifico,2026-03-25 21:01:14.718000+00:00,2026-03-24 21:01:06.798000+00:00
58369058388,Cierre Ganado,Morelos,Cerrado,Sin motivo especifico,2026-03-25 21:09:50.385000+00:00,2026-03-31 21:08:49.834000+00:00
58369058679,Cierre Ganado,Estado De México,Cerrado,Sin motivo especifico,2026-03-25 21:19:44.678000+00:00,2026-03-31 21:19:33.809000+00:00
58566937014,Cierre Ganado,Estado De México,Cerrado,Sin motivo especifico,2026-03-30 21:34:45.131000+00:00,2026-03-25 21:34:37.141000+00:00
58566937442,Cierre Ganado,Estado De México,Cerrado,Sin motivo especifico,2026-03-30 21:48:01.881000+00:00,2026-03-27 21:47:26.141000+00:00
58566937763,Cierre Ganado,Ciudad De México,Cerrado,Sin motivo especifico,2026-03-30 22:01:16.843000+00:00,2026-03-27 22:01:09.885000+00:00
58567495238,Cierre Ganado,Estado De México,Cerrado,Sin motivo especifico,2026-03-30 21:56:21.479000+00:00,2026-03-27 21:55:22.564000+00:00
58567556512,Cierre Ganado,Estado De México,Cerrado,Sin motivo especifico,2026-03-30 21:36:55.876000+00:00,2026-03-25 21:36:48.105000+00:00
58567557287,Cierre Ganado,Estado De México,Cerrado,Sin motivo especifico,2026-03-30 22:04:40.144000+00:00,2026-03-27 22:04:29.820000+00:00
58599203233,Cierre Ganado,Estado De México,Cerrado,Sin motivo especifico,2026-03-30 21:41:54.481000+00:00,2026-03-26 21:41:28.938000+00:00
58599203354,Cierre Ganado,Ciudad De México,Cerrado,Sin motivo especifico,2026-03-30 21:44:07.566000+00:00,2026-03-27 21:43:56.470000+00:00
58599265301,Cierre Ganado,Ciudad De México,Cerrado,Sin motivo especifico,2026-03-30 21:51:02.542000+00:00,2026-03-27 21:50:37.578000+00:00
58599327841,Cierre Ganado,Estado De México,Cerrado,Sin motivo especifico,2026-03-30 22:05:51.208000+00:00,2026-03-27 22:05:43.206000+00:00
58599327922,Cierre Perdido,Ciudad De México,Cerrado,No pasó su crédito (Financiera),2026-03-30 22:10:46.260000+00:00,2026-08-08 00:35:17.583000+00:00
58599388768,Cierre Ganado,Estado De México,Cerrado,Sin motivo especifico,2026-03-30 21:38:43.358000+00:00,2026-03-30 21:38:34.364000+00:00
58798455933,Cierre Ganado,Estado De México,Cerrado,Sin motivo especifico,2026-04-03 22:33:08.651000+00:00,2026-03-31 22:32:58.231000+00:00
58798455950,Cierre Ganado,Estado De México,Cerrado,Sin motivo especifico,2026-04-03 22:35:56.557000+00:00,2026-03-31 22:35:26.907000+00:00
58900566548,Cierre Perdido,Estado De México,Cerrado,Falta de producto,2026-04-07 16:00:01.443000+00:00,2026-04-20 15:59:56.639000+00:00
58986154932,Cierre Ganado,Estado De México,Cerrado,Sin motivo especifico,2026-04-08 16:06:47.119000+00:00,2026-04-01 16:05:56.970000+00:00
58986156620,Cierre Ganado,Estado De México,Cerrado,Sin motivo especifico,2026-04-08 16:42:02.260000+00:00,2026-04-07 16:41:46.057000+00:00
58986216711,Cierre Ganado,Estado De México,Cerrado,Sin motivo especifico,2026-04-08 16:03:19.581000+00:00,2026-04-01 16:02:50.589000+00:00
58986217143,Cierre Ganado,Ciudad De México,Cerrado,Sin motivo especifico,2026-04-08 16:14:28.031000+00:00,2026-04-06 16:13:59.361000+00:00
58986279266,Cierre Ganado,Estado De México,Cerrado,Sin motivo especifico,2026-04-08 16:17:15.655000+00:00,2026-04-06 16:16:58.559000+00:00
58986279492,Cierre Ganado,Estado De México,Cerrado,Sin motivo especifico,2026-04-08 16:22:01.669000+00:00,2026-04-06 16:21:49.510000+00:00
58986280292,Cierre Ganado,Estado De México,Cerrado,Sin motivo especifico,2026-04-08 16:40:20.962000+00:00,2026-04-07 16:40:12.766000+00:00
58986341303,Cierre Ganado,Estado De México,Cerrado,Sin motivo especifico,2026-04-08 16:26:43.139000+00:00,2026-04-07 16:26:11.141000+00:00
58986847564,Cierre Perdido,Ciudad De México,Cerrado,Falta de producto,2026-04-08 20:12:27.283000+00:00,2026-04-30 20:11:28.324000+00:00
58986960288,Cierre Ganado,Ciudad De México,Cerrado,Sin motivo especifico,2026-04-08 16:10:18.688000+00:00,2026-04-13 23:56:45.767000+00:00
58986961253,Cierre Ganado,Estado De México,Cerrado,Sin motivo especifico,2026-04-08 16:28:47.863000+00:00,2026-04-07 16:28:29.970000+00:00
58986961680,Cierre Perdido,Estado De México,Cerrado,Sin Respuesta,2026-04-08 16:36:45.447000+00:00,2026-07-29 00:02:38.931000+00:00
58987023179,Cierre Ganado,Estado De México,Cerrado,Sin motivo especifico,2026-04-08 16:34:25.514000+00:00,2026-04-07 16:34:17.195000+00:00
59018102955,Cierre Ganado,Estado De México,Cerrado,Sin motivo especifico,2026-04-10 00:04:01.070000+00:00,2026-04-10 00:03:53.786000+00:00
59018103205,Cierre Perdido,Ciudad De México,Cerrado,Sin motivo especifico,2026-04-10 00:24:13.307000+00:00,2026-04-10 00:23:05.723000+00:00
59018103385,Cierre Perdido,Estado De México,Cerrado,Falta de producto,2026-04-10 00:37:25.458000+00:00,2026-04-09 00:36:36.452000+00:00
59018164322,Cierre Ganado,Ciudad De México,Cerrado,Sin motivo especifico,2026-04-10 00:13:27.818000+00:00,2026-04-10 00:14:06.131000+00:00
59018225977,Cierre Ganado,Ciudad De México,Cerrado,Sin motivo especifico,2026-04-10 00:16:29.258000+00:00,2026-04-10 00:17:02.279000+00:00
59021179212,Cierre Perdido,Ciudad De México,Cerrado,Sin motivo especifico,2026-04-09 20:18:31.194000+00:00,2026-05-15 16:06:05.030000+00:00
59021184177,Cierre Ganado,Estado De México,Cerrado,Sin motivo especifico,2026-04-09 23:46:48.894000+00:00,2026-04-08 23:46:41.716000+00:00
59021184317,Cierre Ganado,Estado De México,Cerrado,Sin motivo especifico,2026-04-09 23:53:05.536000+00:00,2026-04-08 23:51:06.652000+00:00
59021184389,Cierre Ganado,Ciudad De México,Cerrado,Sin motivo especifico,2026-04-09 23:59:51.645000+00:00,2026-04-08 23:59:42.779000+00:00
59021244012,Cierre Perdido,Estado De México,Cerrado,Falta de producto,2026-04-10 00:17:15.068000+00:00,2026-05-01 00:13:52.016000+00:00
59021244173,Cierre Ganado,Ciudad De México,Cerrado,Sin motivo especifico,2026-04-10 00:26:53.632000+00:00,2026-04-10 00:27:09.992000+00:00
59021244179,Cierre Perdido,Estado De México,Cerrado,Sin motivo especifico,2026-04-10 00:27:25.520000+00:00,2026-04-03 00:26:52.530000+00:00
59021308705,Cierre Ganado,Querétaro,Cerrado,Sin motivo especifico,2026-04-10 00:24:04.822000+00:00,2026-04-10 00:24:24.280000+00:00
59021367725,Cierre Ganado,Estado De México,Cerrado,Sin motivo especifico,2026-04-10 00:39:34.048000+00:00,2026-04-10 00:39:25.136000+00:00
59021430159,Cierre Ganado,Estado De México,Cerrado,Sin motivo especifico,2026-04-09 23:54:38.527000+00:00,2026-04-08 23:54:30.394000+00:00
59021430330,Cierre Ganado,Estado De México,Cerrado,Sin motivo especifico,2026-04-10 00:06:17.876000+00:00,2026-04-10 00:06:10.335000+00:00
59086318481,Cierre Perdido,Estado De México,Cerrado,Sin motivo especifico,2026-04-10 22:13:38.531000+00:00,2026-04-10 22:11:19.890000+00:00
59087060023,Cierre Ganado,Ciudad De México,Cerrado,Sin motivo especifico,2026-04-11 00:13:01.142000+00:00,2026-04-22 00:10:59.001000+00:00
59149456524,Cierre Perdido,Estado De México,Cerrado,Sin interés detectado,2026-04-13 15:41:10.114000+00:00,2026-08-08 00:41:59.826000+00:00
59149469051,Cierre Perdido,Estado De México,Cerrado,Sin Respuesta,2026-04-13 16:02:52.193000+00:00,2026-07-29 00:12:29.878000+00:00
59149481650,Cierre Perdido,Estado De México,Cerrado,Falta de producto,2026-04-13 16:11:43.949000+00:00,2026-04-30 16:10:27.849000+00:00
59171605571,Cierre Ganado,Ciudad De México,Cerrado,Sin motivo especifico,2026-04-14 15:35:26.815000+00:00,2026-04-13 15:35:16.687000+00:00
59171615255,Cierre Ganado,Estado De México,Cerrado,Sin motivo especifico,2026-04-14 15:28:41.168000+00:00,2026-04-10 15:28:30.916000+00:00
59171616407,Cierre Ganado,Ciudad De México,Cerrado,Sin motivo especifico,2026-04-14 15:33:43.480000+00:00,2026-04-13 15:33:33.925000+00:00
59171617342,Cierre Ganado,Estado De México,Cerrado,Sin motivo especifico,2026-04-14 15:31:47.414000+00:00,2026-04-13 15:31:09.240000+00:00
59171621781,Perdido,Estado De México,Cerrado,Sin interés detectado,2026-04-14 16:17:37.548000+00:00,2026-08-27 19:07:58.074000+00:00
59171658542,Cierre Ganado,Estado De México,Cerrado,Sin motivo especifico,2026-04-14 18:14:04.933000+00:00,2026-04-14 18:13:58.699000+00:00
59173001821,Cierre Ganado,Ciudad De México,Cerrado,Sin motivo especifico,2026-04-14 20:32:58.167000+00:00,2026-04-30 20:29:47.715000+00:00
59173003108,Cierre Ganado,Ciudad De México,Cerrado,Sin motivo especifico,2026-04-14 20:25:57.013000+00:00,2026-04-14 20:26:17.498000+00:00
59173003272,Cierre Ganado,Ciudad De México,Cerrado,Sin motivo especifico,2026-04-14 20:28:57.002000+00:00,2026-04-30 20:27:22.595000+00:00
59173003536,Cierre Ganado,Ciudad De México,Cerrado,Sin motivo especifico,2026-04-14 20:34:49.599000+00:00,2026-04-30 20:33:55.444000+00:00
59275347090,Cierre Ganado,Estado De México,Cerrado,Sin motivo especifico,2026-04-17 23:54:49.827000+00:00,2026-04-14 23:54:38.276000+00:00
59275347267,Cierre Ganado,Ciudad De México,Cerrado,Sin motivo especifico,2026-04-18 00:13:51.729000+00:00,2026-04-18 00:13:34.356000+00:00
59275347277,Cierre Ganado,Ciudad De México,Cerrado,Sin motivo especifico,2026-04-18 00:15:47.722000+00:00,2026-04-18 00:15:37.744000+00:00
59275347282,Cierre Ganado,Ciudad De México,Cerrado,Sin motivo especifico,2026-04-18 00:17:00.794000+00:00,2026-04-18 00:16:52.554000+00:00
59275347357,Cierre Ganado,Ciudad De México,Cerrado,Sin motivo especifico,2026-04-18 00:32:26.556000+00:00,2026-04-18 00:32:18.683000+00:00
59275408934,Cierre Ganado,Estado De México,Cerrado,Sin motivo especifico,2026-04-18 00:05:30.277000+00:00,2026-04-16 00:05:20.550000+00:00
59275409024,Cierre Ganado,Estado De México,Cerrado,Sin motivo especifico,2026-04-18 00:19:37.683000+00:00,2026-04-18 00:19:11.038000+00:00
59275409028,Cierre Ganado,Estado De México,Cerrado,Sin motivo especifico,2026-04-18 00:20:56.635000+00:00,2026-04-18 00:20:45.112000+00:00
59275409057,Cierre Ganado,Estado De México,Cerrado,Sin motivo especifico,2026-04-18 00:26:28.201000+00:00,2026-04-17 00:26:19.793000+00:00
59277405715,Cierre Ganado,Ciudad De México,Cerrado,Sin motivo especifico,2026-04-17 23:44:06.862000+00:00,2026-04-14 23:43:58.433000+00:00
59277405817,Cierre Ganado,Estado De México,Cerrado,Sin motivo especifico,2026-04-18 00:01:06.500000+00:00,2026-04-15 23:57:55.785000+00:00
59277405857,Cierre Ganado,Estado De México,Cerrado,Sin motivo especifico,2026-04-18 00:07:21.486000+00:00,2026-04-16 00:07:11.474000+00:00
59277406024,Cierre Ganado,Ciudad De México,Cerrado,Sin motivo especifico,2026-04-18 00:23:01.269000+00:00,2026-04-17 00:22:52.723000+00:00
59277529450,Cierre Ganado,Estado De México,Cerrado,Sin motivo especifico,2026-04-17 23:38:09.426000+00:00,2026-04-14 23:37:57.655000+00:00
59277529663,Cierre Ganado,Estado De México,Cerrado,Sin motivo especifico,2026-04-18 00:02:34.567000+00:00,2026-04-16 00:02:23.449000+00:00
59277529677,Cierre Ganado,Estado De México,Cerrado,Sin motivo especifico,2026-04-18 00:04:02.472000+00:00,2026-04-16 00:03:48.459000+00:00
59277529713,Cierre Ganado,Estado De México,Cerrado,Sin motivo especifico,2026-04-18 00:09:08.564000+00:00,2026-04-17 00:08:56.516000+00:00
59277529725,Cierre Ganado,Estado De México,Cerrado,Sin motivo especifico,2026-04-18 00:10:43.390000+00:00,2026-04-17 00:10:23.856000+00:00
59277529735,Cierre Ganado,Estado De México,Cerrado,Sin motivo especifico,2026-04-18 00:12:06.423000+00:00,2026-04-17 00:11:58.625000+00:00
59277529883,Cierre Ganado,Estado De México,Cerrado,Sin motivo especifico,2026-04-18 00:25:03.527000+00:00,2026-04-17 00:24:54.982000+00:00
59277591608,Cierre Ganado,Estado De México,Cerrado,Sin motivo especifico,2026-04-17 23:42:25.849000+00:00,2026-04-14 23:42:16.911000+00:00
59277591653,Cierre Ganado,Estado De México,Cerrado,Sin motivo especifico,2026-04-17 23:49:03.637000+00:00,2026-04-14 23:48:42.938000+00:00
59277653782,Cierre Ganado,Estado De México,Cerrado,Sin motivo especifico,2026-04-17 23:56:29.520000+00:00,2026-04-14 23:56:21.254000+00:00
59369339509,Cierre Ganado,Ciudad De México,Cerrado,Sin motivo especifico,2026-04-20 15:30:30.754000+00:00,2026-04-20 16:37:13.207000+00:00
59369339735,Cierre Ganado,Ciudad De México,Cerrado,Sin motivo especifico,2026-04-20 15:34:41.500000+00:00,2026-04-20 16:37:07.781000+00:00
59369402947,Cierre Ganado,Ciudad De México,Cerrado,Sin motivo especifico,2026-04-20 15:44:40.663000+00:00,2026-04-20 16:02:15.132000+00:00
59369410823,Cierre Ganado,Estado De México,Cerrado,Sin motivo especifico,2026-04-20 18:37:36.681000+00:00,2026-04-20 18:37:00.099000+00:00
59369419777,Cierre Ganado,Ciudad De México,Cerrado,Sin motivo especifico,2026-04-20 22:47:10.977000+00:00,2026-04-20 22:47:00.135000+00:00
59369419822,Cierre Ganado,Estado De México,Cerrado,Sin motivo especifico,2026-04-20 22:50:59.377000+00:00,2026-04-20 22:50:45.023000+00:00
59369464398,Cierre Ganado,Ciudad De México,Cerrado,Sin motivo especifico,2026-04-20 15:39:29.519000+00:00,2026-04-20 16:02:25.402000+00:00
59369474123,Cierre Ganado,Ciudad De México,Cerrado,Sin motivo especifico,2026-04-20 19:13:13.048000+00:00,2026-04-17 19:13:01.606000+00:00
59369506357,Perdido,Estado De México,Cerrado,Sin Respuesta,2026-04-21 17:13:50.844000+00:00,2026-08-24 23:58:21.538000+00:00
59369525030,Cierre Perdido,Ciudad De México,Cerrado,Sin Respuesta,2026-04-20 15:21:02.146000+00:00,2026-08-08 00:14:58.163000+00:00
59369526899,Cierre Ganado,Ciudad De México,Cerrado,Sin motivo especifico,2026-04-20 15:55:44.652000+00:00,2026-04-20 16:02:07.660000+00:00
59369527180,Cierre Ganado,Ciudad De México,Cerrado,Sin motivo especifico,2026-04-20 16:01:29.834000+00:00,2026-04-20 16:02:05.685000+00:00
59369587284,Cierre Ganado,Ciudad De México,Cerrado,Sin motivo especifico,2026-04-20 15:23:50.860000+00:00,2026-04-20 16:37:20.625000+00:00
59369588322,Cierre Ganado,Ciudad De México,Cerrado,Sin motivo especifico,2026-04-20 15:41:46.208000+00:00,2026-04-20 16:02:18.419000+00:00
59369592320,Cierre Perdido,Morelos,Cerrado,No tiene el dinero,2026-04-20 16:59:53.427000+00:00,2026-06-15 18:22:53.351000+00:00
59369898669,Cierre Ganado,sin estado,Cerrado,Sin motivo especifico,2026-04-20 15:51:56.572000+00:00,2026-04-20 16:02:11.787000+00:00
59369905981,Cierre Ganado,Ciudad De México,Cerrado,Sin motivo especifico,2026-04-20 18:28:21.086000+00:00,2026-04-17 18:28:07.145000+00:00
59369906835,Cierre Ganado,Estado De México,Cerrado,Sin motivo especifico,2026-04-20 18:48:02.063000+00:00,2026-04-20 18:47:54.907000+00:00
59369976336,Cierre Ganado,Estado De México,Cerrado,Sin motivo especifico,2026-04-20 22:35:23.337000+00:00,2026-04-20 22:34:50.519000+00:00
59370020639,Cierre Ganado,Ciudad De México,Cerrado,Sin motivo especifico,2026-04-20 15:28:51.732000+00:00,2026-04-20 16:37:17.128000+00:00
59370036253,Cierre Ganado,Estado De México,Cerrado,Sin motivo especifico,2026-04-20 22:52:58.493000+00:00,2026-04-20 22:52:45.764000+00:00
59418594726,Cierre Ganado,Estado De México,Cerrado,Sin motivo especifico,2026-04-22 19:32:54.820000+00:00,2026-04-22 19:32:48.214000+00:00
59419158067,Cierre Ganado,Ciudad De México,Cerrado,Sin motivo especifico,2026-04-22 22:40:18.480000+00:00,2026-04-23 20:34:19.359000+00:00
59419282433,Cierre Ganado,Ciudad De México,Cerrado,Sin motivo especifico,2026-04-22 22:38:04.489000+00:00,2026-04-23 20:34:29.044000+00:00
59419346019,Cierre Ganado,Ciudad De México,Cerrado,Sin motivo especifico,2026-04-22 22:32:23.873000+00:00,2026-04-23 20:34:26.036000+00:00
59419346077,Cierre Ganado,Ciudad De México,Cerrado,Sin motivo especifico,2026-04-22 22:36:03.592000+00:00,2026-04-23 20:34:22.828000+00:00
59503420804,Cierre Ganado,Ciudad De México,Cerrado,Sin motivo especifico,2026-04-23 20:51:18.034000+00:00,2026-04-23 21:17:32.671000+00:00
59503421704,Cierre Ganado,Ciudad De México,Cerrado,Sin motivo especifico,2026-04-23 21:17:00.063000+00:00,2026-04-23 21:17:10.624000+00:00
59503424077,Cierre Ganado,Ciudad De México,Cerrado,Sin motivo especifico,2026-04-23 23:04:12.665000+00:00,2026-04-23 23:20:53.527000+00:00
59545412914,Cierre Ganado,Ciudad De México,Cerrado,Sin motivo especifico,2026-04-23 20:39:06.885000+00:00,2026-04-23 21:17:44.243000+00:00
59545413268,Cierre Ganado,Ciudad De México,Cerrado,Sin motivo especifico,2026-04-23 20:48:05.401000+00:00,2026-04-23 21:17:34.382000+00:00
59545413955,Cierre Ganado,Ciudad De México,Cerrado,Sin motivo especifico,2026-04-23 21:07:00.419000+00:00,2026-04-23 21:17:22.180000+00:00
59545475430,Cierre Perdido,Ciudad De México,Cerrado,Sin motivo especifico,2026-04-23 20:52:18.079000+00:00,2026-05-18 22:29:03.815000+00:00
59545476153,Cierre Ganado,Ciudad De México,Cerrado,Sin motivo especifico,2026-04-23 21:15:41.978000+00:00,2026-04-23 21:17:12.620000+00:00
59545536863,Cierre Perdido,Ciudad De México,Cerrado,No tiene el dinero,2026-04-23 20:37:32.581000+00:00,2026-08-08 00:18:55.750000+00:00
59545537139,Cierre Ganado,Ciudad De México,Cerrado,Sin motivo especifico,2026-04-23 20:45:15.950000+00:00,2026-04-23 21:17:36.277000+00:00
59545537692,Cierre Ganado,Ciudad De México,Cerrado,Sin motivo especifico,2026-04-23 20:59:22.750000+00:00,2026-04-23 21:17:28.893000+00:00
59569847871,Cierre Perdido,Ciudad De México,Cerrado,Sin Respuesta,2026-04-23 21:10:09.577000+00:00,2026-08-08 00:19:02.219000+00:00
59569847945,Cierre Ganado,Ciudad De México,Cerrado,Sin motivo especifico,2026-04-23 21:13:32.730000+00:00,2026-04-23 21:17:14.235000+00:00
59569848178,Cierre Ganado,Ciudad De México,Cerrado,Sin motivo especifico,2026-04-23 21:21:20.319000+00:00,2026-04-23 21:41:01.930000+00:00
59569908838,Cierre Ganado,Ciudad De México,Cerrado,Sin motivo especifico,2026-04-23 21:02:05.592000+00:00,2026-04-23 21:17:26.295000+00:00
59610026258,Cierre Ganado,Estado De México,Cerrado,Sin motivo especifico,2026-04-27 16:59:39.841000+00:00,2026-04-21 16:59:20.425000+00:00
59610026507,Cierre Ganado,Ciudad De México,Cerrado,Sin motivo especifico,2026-04-27 17:04:06.419000+00:00,2026-04-22 17:03:48.722000+00:00
59610146325,Cierre Ganado,Estado De México,Cerrado,Sin motivo especifico,2026-04-27 17:01:51.929000+00:00,2026-04-22 17:01:30.614000+00:00
59610147242,Cierre Ganado,Ciudad De México,Cerrado,Sin motivo especifico,2026-04-27 17:32:54.726000+00:00,2026-04-24 17:32:47.101000+00:00
59610212628,Cierre Ganado,Estado De México,Cerrado,Sin motivo especifico,2026-04-27 16:57:03.848000+00:00,2026-04-21 16:56:36.075000+00:00
59610213783,Cierre Ganado,Estado De México,Cerrado,Sin motivo especifico,2026-04-27 17:22:13.483000+00:00,2026-04-23 17:22:05.975000+00:00
59610213894,Cierre Ganado,Estado De México,Cerrado,Sin motivo especifico,2026-04-27 17:23:40.790000+00:00,2026-04-23 17:23:33.907000+00:00
59610213991,Cierre Ganado,Ciudad De México,Cerrado,Sin motivo especifico,2026-04-27 17:26:28.840000+00:00,2026-04-24 17:26:21.848000+00:00
59644555293,Cierre Ganado,sin estado,Cerrado,Sin motivo especifico,2026-04-27 17:17:24.505000+00:00,2026-04-23 17:17:13.566000+00:00
59680145227,Cierre Ganado,Ciudad De México,Cerrado,Sin motivo especifico,2026-04-27 17:05:47.442000+00:00,2026-04-22 17:05:37.614000+00:00
59680149289,Cierre Perdido,Ciudad De México,Cerrado,Sin Respuesta,2026-04-27 18:26:01.046000+00:00,2026-08-08 00:19:08.847000+00:00
59680309930,Cierre Ganado,Estado De México,Cerrado,Sin motivo especifico,2026-04-27 17:07:52.908000+00:00,2026-04-22 17:07:28.177000+00:00
59680310095,Cierre Ganado,Estado De México,Cerrado,Sin motivo especifico,2026-04-27 17:11:06.121000+00:00,2026-04-23 17:10:38.568000+00:00
59680310785,Cierre Ganado,Ciudad De México,Cerrado,Sin motivo especifico,2026-04-27 17:25:11.823000+00:00,2026-04-23 17:25:01.182000+00:00
59680311196,Cierre Ganado,Estado De México,Cerrado,Sin motivo especifico,2026-04-27 17:35:02.768000+00:00,2026-04-24 17:34:53.863000+00:00
59680313090,Cierre Ganado,Ciudad De México,Cerrado,Sin motivo especifico,2026-04-27 18:12:12.950000+00:00,2026-04-24 18:11:46.949000+00:00
59680313399,Cierre Ganado,Estado De México,Cerrado,Sin motivo especifico,2026-04-27 18:18:54.661000+00:00,2026-04-24 18:18:33.038000+00:00
59727962784,Cierre Perdido,Ciudad De México,Cerrado,Sin motivo especifico,2026-04-27 23:51:48.429000+00:00,2026-06-15 18:23:05.364000+00:00
59727983364,Cierre Ganado,Estado De México,Cerrado,Sin motivo especifico,2026-04-28 15:51:35.127000+00:00,2026-04-27 15:51:27.686000+00:00
59728023825,Cierre Perdido,sin estado,Cerrado,Falta de producto,2026-04-27 22:46:52.153000+00:00,2026-04-22 22:45:22.109000+00:00
59728023933,Cierre Perdido,Ciudad De México,Cerrado,Sin motivo especifico,2026-04-27 22:54:43.119000+00:00,2026-05-20 22:32:03.306000+00:00
59728024948,Cierre Perdido,Ciudad De México,Cerrado,Sin Respuesta,2026-04-27 23:54:55.241000+00:00,2026-08-08 00:19:15.797000+00:00
59728147822,Cierre Ganado,Ciudad De México,Cerrado,Sin motivo especifico,2026-04-27 23:07:10.056000+00:00,2026-04-27 23:10:51.826000+00:00
59728147984,Cierre Ganado,sin estado,Cerrado,Sin motivo especifico,2026-04-27 23:13:10.765000+00:00,2026-04-27 23:13:23.727000+00:00
59728272044,Cierre Ganado,Ciudad De México,Cerrado,Sin motivo especifico,2026-04-27 23:24:38.480000+00:00,2026-04-27 23:25:08.028000+00:00
59728293472,Cierre Ganado,Estado De México,Cerrado,Sin motivo especifico,2026-04-28 15:49:49.382000+00:00,2026-04-27 15:49:42.418000+00:00
59729832457,Cierre Ganado,Estado De México,Cerrado,Sin motivo especifico,2026-04-28 15:53:28.733000+00:00,2026-04-27 15:53:10.593000+00:00
59729835148,Cierre Perdido,Ciudad De México,Cerrado,Sin motivo especifico,2026-04-28 16:50:13.493000+00:00,2026-06-15 18:23:16.464000+00:00
59810741173,Cierre Perdido,Ciudad De México,Cerrado,No tiene el dinero,2026-04-29 18:09:28.256000+00:00,2026-07-11 00:21:47.448000+00:00
59812437518,Cierre Ganado,Estado De México,Cerrado,Sin motivo especifico,2026-04-29 23:43:02.846000+00:00,2026-04-29 23:42:51.507000+00:00
59812438273,Cierre Ganado,Estado De México,Cerrado,Sin motivo especifico,2026-04-30 00:40:57.132000+00:00,2026-04-30 00:40:48.181000+00:00
59812438320,Cierre Ganado,Ciudad De México,Cerrado,Sin motivo especifico,2026-04-30 00:47:18.750000+00:00,2026-04-30 00:47:10.667000+00:00
59812499733,Cierre Ganado,Estado De México,Cerrado,Sin motivo especifico,2026-04-30 00:43:16.951000+00:00,2026-04-30 00:43:08.983000+00:00
59814800480,Cierre Ganado,Estado De México,Cerrado,Sin motivo especifico,2026-04-29 23:35:04.883000+00:00,2026-04-28 23:38:44.708000+00:00
60008671824,Cierre Ganado,Estado De México,Cerrado,Sin motivo especifico,2026-05-04 17:23:57.552000+00:00,2026-02-04 17:22:45.362000+00:00
59814827357,Cierre Perdido,Ciudad De México,Cerrado,Sin Respuesta,2026-04-30 18:25:55.725000+00:00,2026-08-08 00:19:21.622000+00:00
59814889637,Cierre Ganado,Ciudad De México,Cerrado,Sin motivo especifico,2026-04-30 18:29:45.102000+00:00,2026-04-30 18:42:31.097000+00:00
59814890247,Cierre Ganado,Ciudad De México,Cerrado,Sin motivo especifico,2026-04-30 18:44:01.810000+00:00,2026-06-16 18:43:27.996000+00:00
59814924319,Cierre Ganado,Estado De México,Cerrado,Sin motivo especifico,2026-04-29 23:36:40.470000+00:00,2026-04-28 23:38:28.371000+00:00
59814924801,Cierre Ganado,Ciudad De México,Cerrado,Sin motivo especifico,2026-04-30 00:12:17.980000+00:00,2026-04-30 00:12:06.910000+00:00
59814925105,Cierre Ganado,Estado De México,Cerrado,Sin motivo especifico,2026-04-30 00:38:12.527000+00:00,2026-04-30 00:38:05.087000+00:00
59814985910,Cierre Ganado,Ciudad De México,Cerrado,Sin motivo especifico,2026-04-29 23:28:47.188000+00:00,2026-04-28 23:39:00.740000+00:00
59815109467,Cierre Ganado,Estado De México,Cerrado,Sin motivo especifico,2026-04-29 23:38:03.760000+00:00,2026-04-28 23:37:52.817000+00:00
59815110146,Cierre Ganado,Estado De México,Cerrado,Sin motivo especifico,2026-04-30 00:29:57.200000+00:00,2026-04-30 00:29:50.940000+00:00
59815134572,Cierre Ganado,Ciudad De México,Cerrado,Sin motivo especifico,2026-04-30 18:49:43.906000+00:00,2026-04-30 18:50:20.121000+00:00
59815134726,Cierre Ganado,Ciudad De México,Cerrado,Sin motivo especifico,2026-04-30 18:52:21.973000+00:00,2026-04-30 18:52:36.429000+00:00
59915348330,Cierre Ganado,Ciudad De México,Cerrado,Sin motivo especifico,2026-05-04 15:50:12.554000+00:00,2026-05-13 16:57:45.277000+00:00
60008667804,Cierre Ganado,Ciudad De México,Cerrado,Sin motivo especifico,2026-05-04 15:51:43.613000+00:00,2026-05-13 16:57:40.710000+00:00
60019840788,Cierre Perdido,Ciudad De México,Cerrado,No tiene el dinero,2026-05-05 16:08:33.416000+00:00,2026-07-17 21:17:26.633000+00:00
60036752914,Cierre Ganado,Ciudad De México,Cerrado,Sin motivo especifico,2026-05-05 16:16:48.916000+00:00,2026-05-18 22:32:04.554000+00:00
60177479837,Cierre Ganado,Morelos,Cerrado,Sin motivo especifico,2026-05-12 00:15:59.289000+00:00,2026-05-06 00:14:48.076000+00:00
60177602655,Cierre Ganado,Estado De México,Cerrado,Sin motivo especifico,2026-05-12 00:19:23.206000+00:00,2026-05-06 00:19:11.915000+00:00
60177660691,Cierre Ganado,Ciudad De México,Cerrado,Sin motivo especifico,2026-05-11 20:44:13.418000+00:00,2026-05-06 20:43:52.567000+00:00
60177665423,Cierre Ganado,Morelos,Cerrado,Sin motivo especifico,2026-05-12 00:17:51.036000+00:00,2026-05-06 00:17:35.857000+00:00
60177726592,Cierre Ganado,Ciudad De México,Cerrado,Sin motivo especifico,2026-05-12 00:02:03.629000+00:00,2026-05-05 00:01:48.986000+00:00
60177849378,Cierre Ganado,Estado De México,Cerrado,Sin motivo especifico,2026-05-12 00:03:39.165000+00:00,2026-05-06 00:03:29.796000+00:00
60182363469,Cierre Ganado,Ciudad De México,Cerrado,Sin motivo especifico,2026-05-13 17:00:57.061000+00:00,2026-05-13 17:01:08.737000+00:00
60194286670,Calificado Para Comprar,sin estado,Abierto,Sin motivo especifico,,
60234067620,Cierre Ganado,Ciudad De México,Cerrado,Sin motivo especifico,2026-05-13 15:19:52.777000+00:00,2026-05-13 15:21:45+00:00
60236767907,Cierre Ganado,Ciudad De México,Cerrado,Sin motivo especifico,2026-05-13 16:56:01.523000+00:00,2026-05-13 16:56:19.541000+00:00
60236783128,Cierre Ganado,Ciudad De México,Cerrado,Sin motivo especifico,2026-05-13 17:54:32.151000+00:00,2026-05-18 16:14:36.945000+00:00
60239734287,Cierre Perdido,Estado De México,Cerrado,Falta de producto,2026-05-13 22:09:33.212000+00:00,2026-07-27 18:32:56.723000+00:00
60256608440,Cierre Ganado,Estado De México,Cerrado,Sin motivo especifico,2026-05-14 18:30:43.448000+00:00,2026-05-06 18:30:10.947000+00:00
60256608589,Cierre Ganado,Estado De México,Cerrado,Sin motivo especifico,2026-05-14 18:32:46.288000+00:00,2026-05-07 18:32:31.088000+00:00
60256608789,Cierre Ganado,Estado De México,Cerrado,Sin motivo especifico,2026-05-14 18:36:23.102000+00:00,2026-05-07 18:36:12.789000+00:00
60256609628,Cierre Ganado,Ciudad De México,Cerrado,Sin motivo especifico,2026-05-14 18:34:36.685000+00:00,2026-05-07 18:34:28.803000+00:00
60256613962,Cierre Ganado,Ciudad De México,Cerrado,Sin motivo especifico,2026-05-14 19:21:52.375000+00:00,2026-05-14 19:22:32.982000+00:00
60256627749,Cierre Ganado,Ciudad De México,Cerrado,Sin motivo especifico,2026-05-14 20:28:04.019000+00:00,2026-05-07 20:27:54.108000+00:00
60256628252,Cierre Ganado,Ciudad De México,Cerrado,Sin motivo especifico,2026-05-14 20:23:30.396000+00:00,2026-05-07 20:23:25.203000+00:00
60256631651,Cierre Ganado,Estado De México,Cerrado,Sin motivo especifico,2026-05-14 18:38:51.924000+00:00,2026-05-10 18:38:41.531000+00:00
60256637511,Cierre Ganado,Estado De México,Cerrado,Sin motivo especifico,2026-05-14 21:00:56.935000+00:00,2026-05-11 21:00:37.027000+00:00
60256653473,Cierre Ganado,Estado De México,Cerrado,Sin motivo especifico,2026-05-14 21:37:28.840000+00:00,2026-05-11 21:37:20.456000+00:00
60256654229,Cierre Ganado,Estado De México,Cerrado,Sin motivo especifico,2026-05-14 21:39:01.671000+00:00,2026-05-11 21:38:39.339000+00:00
60257774163,Cierre Ganado,Estado De México,Cerrado,Sin motivo especifico,2026-05-14 21:46:02.801000+00:00,2026-05-12 21:45:54.930000+00:00
60257800104,Cierre Ganado,Estado De México,Cerrado,Sin motivo especifico,2026-05-14 20:57:56.868000+00:00,2026-05-11 20:57:48.485000+00:00
60257806196,Cierre Ganado,Ciudad De México,Cerrado,Sin motivo especifico,2026-05-14 21:41:34.397000+00:00,2026-05-11 21:41:27.706000+00:00
60257806230,Cierre Ganado,Ciudad De México,Cerrado,Sin motivo especifico,2026-05-14 21:43:12.989000+00:00,2026-05-11 21:43:05.300000+00:00
60273527128,Cierre Ganado,Ciudad De México,Cerrado,Sin motivo especifico,2026-05-15 15:22:57.374000+00:00,2026-05-12 15:22:46.748000+00:00
60273527627,Cierre Ganado,Ciudad De México,Cerrado,Sin motivo especifico,2026-05-15 15:26:34.060000+00:00,2026-05-13 15:26:22.735000+00:00
60273527914,Cierre Ganado,Estado De México,Cerrado,Sin motivo especifico,2026-05-15 15:33:30.851000+00:00,2026-05-13 15:33:12.507000+00:00
60273530373,Cierre Ganado,Ciudad De México,Cerrado,Sin motivo especifico,2026-05-15 15:51:09.223000+00:00,2026-05-15 16:05:36.576000+00:00
60273538471,Cierre Ganado,Ciudad De México,Cerrado,Sin motivo especifico,2026-05-15 16:13:39.142000+00:00,2026-05-13 16:13:27.862000+00:00
60273538911,Cierre Ganado,Estado De México,Cerrado,Sin motivo especifico,2026-05-15 16:24:19.885000+00:00,2026-05-14 16:24:09.124000+00:00
60273540462,Cierre Ganado,Ciudad De México,Cerrado,Sin motivo especifico,2026-05-15 16:20:19.610000+00:00,2026-05-25 16:57:28.975000+00:00
60273544778,Cierre Ganado,Estado De México,Cerrado,Sin motivo especifico,2026-05-15 15:30:51.535000+00:00,2026-05-13 15:30:17.539000+00:00
60273549363,Cierre Ganado,Estado De México,Cerrado,Sin motivo especifico,2026-05-15 16:16:21.340000+00:00,2026-05-13 16:16:10.091000+00:00
60273551136,Cierre Ganado,Estado De México,Cerrado,Sin motivo especifico,2026-05-15 16:32:24.337000+00:00,2026-05-14 16:32:10.413000+00:00
60273552654,Cierre Ganado,Estado De México,Cerrado,Sin motivo especifico,2026-05-15 16:29:51.467000+00:00,2026-05-14 16:29:42.144000+00:00
60275538780,Cierre Ganado,Ciudad De México,Cerrado,Sin motivo especifico,2026-05-15 17:16:46.653000+00:00,2026-05-15 17:16:58.013000+00:00
60275541684,Cierre Ganado,Estado De México,Cerrado,Sin motivo especifico,2026-05-15 17:21:56.584000+00:00,2026-05-09 17:21:49.510000+00:00
60275543977,Cierre Ganado,Oaxaca,Cerrado,Sin motivo especifico,2026-05-15 17:48:28.457000+00:00,2026-05-08 17:48:24.594000+00:00
60275544988,Cierre Ganado,Ciudad De México,Cerrado,Sin motivo especifico,2026-05-15 17:36:15.459000+00:00,2026-05-08 17:36:00.200000+00:00
60275547679,Cierre Ganado,Hidalgo,Cerrado,Sin motivo especifico,2026-05-15 18:03:57.742000+00:00,2026-05-06 18:03:44.193000+00:00
60275548203,Cierre Ganado,Ciudad De México,Cerrado,Sin motivo especifico,2026-05-15 17:54:56.110000+00:00,2026-05-07 17:54:49.450000+00:00
60275559860,Cierre Ganado,Ciudad De México,Cerrado,Sin motivo especifico,2026-05-15 17:57:33.170000+00:00,2026-05-07 17:57:25.801000+00:00
60275561008,Cierre Ganado,Estado De México,Cerrado,Sin motivo especifico,2026-05-15 18:00:00.803000+00:00,2026-05-07 17:59:47.496000+00:00
60275561782,Cierre Ganado,Estado De México,Cerrado,Sin motivo especifico,2026-05-15 18:07:49.492000+00:00,2026-05-06 18:07:43.962000+00:00
60275587245,Cierre Ganado,Morelos,Cerrado,Sin motivo especifico,2026-05-15 20:12:44.751000+00:00,2026-05-15 20:13:34.100000+00:00
60333961988,Cierre Ganado,Ciudad De México,Cerrado,Sin motivo especifico,2026-05-18 22:26:39.403000+00:00,2026-05-18 22:27:57.628000+00:00
60349809962,Perdido,Estado De México,Cerrado,Sin interés detectado,2026-05-19 15:55:08.917000+00:00,2026-08-22 00:03:05.731000+00:00
60353137423,Cierre Ganado,Estado De México,Cerrado,Sin motivo especifico,2026-05-19 19:05:59.480000+00:00,2026-05-18 19:05:51.554000+00:00
60353145712,Cierre Ganado,Ciudad De México,Cerrado,Sin motivo especifico,2026-05-19 22:56:43.248000+00:00,2026-05-19 23:01:54.818000+00:00
60353197650,Cierre Ganado,Tamaulipas,Cerrado,Sin motivo especifico,2026-05-19 18:31:17.171000+00:00,2026-05-14 18:30:48.369000+00:00
60353259272,Cierre Ganado,Ciudad De México,Cerrado,Sin motivo especifico,2026-05-19 18:40:09.373000+00:00,2026-05-25 16:02:39.331000+00:00
60353259640,Cierre Ganado,Ciudad De México,Cerrado,Sin motivo especifico,2026-05-19 18:49:46.823000+00:00,2026-05-15 18:49:31.900000+00:00
60353260432,Cierre Ganado,Estado De México,Cerrado,Sin motivo especifico,2026-05-19 19:08:14.748000+00:00,2026-05-18 19:08:03.551000+00:00
60353267559,Cierre Ganado,Ciudad De México,Cerrado,Sin motivo especifico,2026-05-19 22:44:09.400000+00:00,2026-05-19 22:44:46.728000+00:00
60353319183,Cierre Perdido,Morelos,Cerrado,No tiene el dinero,2026-05-19 17:44:30.857000+00:00,2026-07-23 16:14:09.536000+00:00
60353321536,Cierre Ganado,Estado De México,Cerrado,Sin motivo especifico,2026-05-19 18:45:10.228000+00:00,2026-05-15 18:45:02.212000+00:00
60353322134,Cierre Ganado,Estado De México,Cerrado,Sin motivo especifico,2026-05-19 19:02:01.834000+00:00,2026-05-15 19:01:52.868000+00:00
60355223410,Cierre Ganado,Ciudad De México,Cerrado,Sin motivo especifico,2026-05-19 16:49:35.140000+00:00,2026-05-22 23:28:48.821000+00:00
60355472811,Cierre Ganado,Estado De México,Cerrado,Sin motivo especifico,2026-05-19 18:36:39.607000+00:00,2026-05-14 18:36:24.707000+00:00
60355536270,Cierre Ganado,Estado De México,Cerrado,Sin motivo especifico,2026-05-19 19:10:32.065000+00:00,2026-05-18 19:09:53.179000+00:00
60419714088,Cierre Perdido,Ciudad De México,Cerrado,No tiene el dinero,2026-05-20 16:02:10.450000+00:00,2026-07-11 00:22:00.722000+00:00
60419911563,Cierre Ganado,Ciudad De México,Cerrado,Sin motivo especifico,2026-05-20 22:50:47.265000+00:00,2026-05-20 22:51:26.072000+00:00
60486804385,Cierre Ganado,Ciudad De México,Cerrado,Sin motivo especifico,2026-05-22 22:16:18.543000+00:00,2026-05-21 22:16:09.513000+00:00
60486818157,Cierre Ganado,Ciudad De México,Cerrado,Sin motivo especifico,2026-05-24 20:53:56.921000+00:00,2026-05-24 20:54:41.804000+00:00
60486818449,Cierre Ganado,Ciudad De México,Cerrado,Sin motivo especifico,2026-05-24 21:57:31.001000+00:00,2026-05-24 21:59:07.039000+00:00
60486818467,Cierre Ganado,Ciudad De México,Cerrado,Sin motivo especifico,2026-05-24 22:03:15.809000+00:00,2026-05-24 22:04:14.653000+00:00
60486818708,Cierre Ganado,Ciudad De México,Cerrado,Sin motivo especifico,2026-05-24 22:45:30.663000+00:00,2026-05-24 22:47:04.215000+00:00
60486818946,Cierre Ganado,Ciudad De México,Cerrado,Sin motivo especifico,2026-05-24 23:19:33.545000+00:00,2026-05-24 23:21:26.804000+00:00
60486864207,Cierre Ganado,Estado De México,Cerrado,Sin motivo especifico,2026-05-22 21:23:18.920000+00:00,2026-05-19 21:23:08.413000+00:00
60486864446,Cierre Ganado,sin estado,Cerrado,Sin motivo especifico,2026-05-22 21:36:13.871000+00:00,2026-05-22 21:35:48.828000+00:00
60486864689,Cierre Ganado,Morelos,Cerrado,Sin motivo especifico,2026-05-22 21:50:19.271000+00:00,2026-05-20 21:50:12.009000+00:00
60486864946,Cierre Ganado,Estado De México,Cerrado,Sin motivo especifico,2026-05-22 22:05:39.075000+00:00,2026-05-20 22:05:32.110000+00:00
60486879037,Cierre Ganado,Ciudad De México,Cerrado,Sin motivo especifico,2026-05-24 21:34:03.051000+00:00,2026-05-24 21:39:59.822000+00:00
60486927684,Cierre Ganado,Estado De México,Cerrado,Sin motivo especifico,2026-05-22 21:25:36.917000+00:00,2026-05-19 21:25:29.098000+00:00
60486928133,Cierre Ganado,Querétaro,Cerrado,Sin motivo especifico,2026-05-22 21:48:35.145000+00:00,2026-05-20 21:48:21.781000+00:00
60486928216,Cierre Ganado,Estado De México,Cerrado,Sin motivo especifico,2026-05-22 21:55:49.221000+00:00,2026-05-20 21:55:44.210000+00:00
60486929558,Cierre Ganado,Ciudad De México,Cerrado,Sin motivo especifico,2026-05-22 23:40:50.456000+00:00,2026-05-22 23:42:24.734000+00:00
60486941550,Cierre Ganado,Ciudad De México,Cerrado,Sin motivo especifico,2026-05-24 18:50:07.381000+00:00,2026-05-24 19:37:37.730000+00:00
60486942377,Cierre Perdido,Ciudad De México,Cerrado,Sin motivo especifico,2026-05-24 21:43:27.431000+00:00,2026-05-24 21:48:27.380000+00:00
60486942599,Cierre Ganado,Morelos,Cerrado,Sin motivo especifico,2026-05-24 22:26:23.386000+00:00,2026-05-24 22:31:47.175000+00:00
60524838725,Cierre Ganado,Ciudad De México,Cerrado,Sin motivo especifico,2026-05-22 22:04:11.178000+00:00,2026-05-20 22:04:04.234000+00:00
60524838787,Cierre Ganado,Estado De México,Cerrado,Sin motivo especifico,2026-05-22 22:09:12.006000+00:00,2026-05-20 22:09:05.171000+00:00
60524838812,Cierre Ganado,Ciudad De México,Cerrado,Sin motivo especifico,2026-05-22 22:11:11.573000+00:00,2026-05-21 22:11:04.607000+00:00
60524838937,Cierre Ganado,Estado De México,Cerrado,Sin motivo especifico,2026-05-22 22:14:52.317000+00:00,2026-05-21 22:14:34.557000+00:00
60524852104,Cierre Ganado,Ciudad De México,Cerrado,Sin motivo especifico,2026-05-24 18:43:47.287000+00:00,2026-05-24 18:46:24.418000+00:00
60524852618,Cierre Ganado,Ciudad De México,Cerrado,Sin motivo especifico,2026-05-24 20:21:04.520000+00:00,2026-05-24 20:22:46.939000+00:00
60524852800,Cierre Ganado,Ciudad De México,Cerrado,Sin motivo especifico,2026-05-24 20:56:19.319000+00:00,2026-05-24 20:59:14.799000+00:00
60524902069,Cierre Ganado,Ciudad De México,Cerrado,Sin motivo especifico,2026-05-22 21:29:41.972000+00:00,2026-05-19 21:29:34.857000+00:00
60524902176,Cierre Ganado,Estado De México,Cerrado,Sin motivo especifico,2026-05-22 21:31:49.557000+00:00,2026-05-19 21:31:41.759000+00:00
60524904058,Cierre Ganado,Ciudad De México,Cerrado,Sin motivo especifico,2026-05-22 23:48:34.367000+00:00,2026-05-22 23:51:00.815000+00:00
60524916561,Cierre Ganado,Ciudad De México,Cerrado,Sin motivo especifico,2026-05-24 19:48:44.543000+00:00,2026-05-24 19:50:36.974000+00:00
60524962333,Cierre Ganado,Ciudad De México,Cerrado,Sin motivo especifico,2026-05-22 21:38:04.101000+00:00,2026-05-20 21:37:42.226000+00:00
60524963329,Cierre Perdido,Estado De México,Cerrado,Falta de producto,2026-05-22 22:33:41.450000+00:00,2026-05-13 22:32:47.176000+00:00
60524976784,Cierre Ganado,Ciudad De México,Cerrado,Sin motivo especifico,2026-05-24 20:30:05.481000+00:00,2026-05-24 20:30:48.566000+00:00
60524976820,Cierre Ganado,Ciudad De México,Cerrado,Sin motivo especifico,2026-05-24 20:38:43.666000+00:00,2026-05-24 20:40:45.201000+00:00
60524977704,Cierre Ganado,Ciudad De México,Cerrado,Sin motivo especifico,2026-05-24 23:11:44.176000+00:00,2026-06-03 16:16:20.661000+00:00
60525021074,Cierre Ganado,Estado De México,Cerrado,Sin motivo especifico,2026-05-22 21:33:14.948000+00:00,2026-05-19 21:33:04.328000+00:00
60525021464,Cierre Ganado,Morelos,Cerrado,Sin motivo especifico,2026-05-22 21:53:38.732000+00:00,2026-05-18 21:53:28.751000+00:00
60525022122,Cierre Perdido,Estado De México,Cerrado,Falta de producto,2026-05-22 22:45:55.063000+00:00,2026-05-18 22:43:02.171000+00:00
60525022746,Cierre Ganado,Ciudad De México,Cerrado,Sin motivo especifico,2026-05-22 23:43:59.824000+00:00,2026-05-22 23:45:33.577000+00:00
60525035144,Cierre Ganado,Ciudad De México,Cerrado,Sin motivo especifico,2026-05-24 21:08:08.007000+00:00,2026-05-24 21:10:43.262000+00:00
60525035524,Cierre Ganado,Ciudad De México,Cerrado,Sin motivo especifico,2026-05-24 22:06:39.013000+00:00,2026-05-24 22:09:23.121000+00:00
60525035952,Cierre Ganado,Ciudad De México,Cerrado,Sin motivo especifico,2026-05-24 23:28:05.254000+00:00,2026-05-25 20:06:42.775000+00:00
60525085300,Cierre Ganado,Estado De México,Cerrado,Sin motivo especifico,2026-05-22 21:27:27.889000+00:00,2026-05-19 21:27:20.493000+00:00
60525085960,Cierre Ganado,Hidalgo,Cerrado,Sin motivo especifico,2026-05-22 22:02:37.783000+00:00,2026-05-20 22:02:30.623000+00:00
60525086016,Cierre Ganado,Ciudad De México,Cerrado,Sin motivo especifico,2026-05-22 22:07:04.063000+00:00,2026-05-20 22:06:57.552000+00:00
60525086088,Cierre Ganado,Ciudad De México,Cerrado,Sin motivo especifico,2026-05-22 22:13:07.410000+00:00,2026-05-21 22:12:57.906000+00:00
60525086479,Cierre Perdido,Estado De México,Cerrado,Falta de producto,2026-05-22 22:35:49.718000+00:00,2026-05-11 22:34:57.220000+00:00
60525086504,Cierre Perdido,Estado De México,Cerrado,Falta de producto,2026-05-22 22:38:09.716000+00:00,2026-05-11 22:37:34.577000+00:00
60525086526,Cierre Perdido,Estado De México,Cerrado,Falta de producto,2026-05-22 22:40:15.179000+00:00,2026-05-14 22:39:41.773000+00:00
60525087513,Cierre Ganado,Ciudad De México,Cerrado,Sin motivo especifico,2026-05-23 00:27:04.038000+00:00,2026-05-23 00:27:34.212000+00:00
60525099810,Cierre Ganado,Ciudad De México,Cerrado,Sin motivo especifico,2026-05-24 20:25:13.572000+00:00,2026-05-24 20:26:21.052000+00:00
60525100437,Cierre Ganado,Hidalgo,Cerrado,Sin motivo especifico,2026-05-24 22:35:02.092000+00:00,2026-05-24 22:36:26.438000+00:00
60629208596,Cierre Ganado,Ciudad De México,Cerrado,Sin motivo especifico,2026-05-25 20:10:48.975000+00:00,2026-06-03 16:10:40.882000+00:00
60630512445,Cierre Ganado,Ciudad De México,Cerrado,Sin motivo especifico,2026-05-25 20:06:28.512000+00:00,2026-05-25 20:06:36.292000+00:00
60644371782,Cierre Ganado,Ciudad De México,Cerrado,Sin motivo especifico,2026-05-26 21:06:33.077000+00:00,2026-05-25 21:06:25.441000+00:00
60653690264,Cierre Ganado,Estado De México,Cerrado,Sin motivo especifico,2026-05-26 21:03:05.919000+00:00,2026-05-25 21:02:58.611000+00:00
60653692027,Cierre Ganado,Estado De México,Cerrado,Sin motivo especifico,2026-05-26 20:56:54.017000+00:00,2026-05-22 20:56:37.704000+00:00
60653692222,Cierre Ganado,Guerrero,Cerrado,Sin motivo especifico,2026-05-26 21:01:16.332000+00:00,2026-05-25 21:01:02.679000+00:00
60653694373,Cierre Ganado,Estado De México,Cerrado,Sin motivo especifico,2026-05-26 21:04:52.803000+00:00,2026-05-25 21:04:44.934000+00:00
60653694550,Cierre Ganado,Ciudad De México,Cerrado,Sin motivo especifico,2026-05-26 21:08:40.747000+00:00,2026-05-26 21:08:32.580000+00:00
60653694583,Cierre Ganado,Querétaro,Cerrado,Sin motivo especifico,2026-05-26 21:10:10.001000+00:00,2026-05-26 21:10:02.328000+00:00
60653696110,Cierre Ganado,Querétaro,Cerrado,Sin motivo especifico,2026-05-26 21:11:30.011000+00:00,2026-05-26 21:11:22.417000+00:00
60715086685,Cierre Ganado,Ciudad De México,Cerrado,Sin motivo especifico,2026-05-29 20:03:02.856000+00:00,2026-05-29 20:03:21.576000+00:00
60785607227,Cierre Ganado,Ciudad De México,Cerrado,Sin motivo especifico,2026-06-01 18:46:45.690000+00:00,2026-06-15 17:51:31.310000+00:00
60785609882,Cierre Ganado,Chihuahua,Cerrado,Sin motivo especifico,2026-06-01 19:49:24.904000+00:00,2026-06-03 16:34:47.512000+00:00
60785610842,Cierre Ganado,Ciudad De México,Cerrado,Sin motivo especifico,2026-06-01 20:11:57.248000+00:00,2026-06-03 17:57:14.741000+00:00
60785611307,Cierre Ganado,Ciudad De México,Cerrado,Sin motivo especifico,2026-06-01 20:21:58.440000+00:00,2026-06-03 18:09:14.551000+00:00
60785732657,Cierre Ganado,Ciudad De México,Cerrado,Sin motivo especifico,2026-06-01 19:41:27.021000+00:00,2026-06-03 16:21:12.507000+00:00
60785734328,Cierre Ganado,Ciudad De México,Cerrado,Sin motivo especifico,2026-06-01 20:17:32.723000+00:00,2026-06-03 18:07:07.185000+00:00
60786164494,Cierre Ganado,Ciudad De México,Cerrado,Sin motivo especifico,2026-06-01 19:53:05.065000+00:00,2026-06-03 16:57:13.824000+00:00
60786226761,Cierre Ganado,Ciudad De México,Cerrado,Sin motivo especifico,2026-06-01 19:37:03.720000+00:00,2026-06-03 16:21:05.528000+00:00
60786229129,Cierre Ganado,Ciudad De México,Cerrado,Sin motivo especifico,2026-06-01 20:35:41.221000+00:00,2026-06-03 18:16:48.183000+00:00
60786295117,Cierre Perdido,Ciudad De México,Cerrado,No tiene el dinero,2026-06-02 00:22:51.316000+00:00,2026-07-17 21:17:36.560000+00:00
60786350960,Cierre Ganado,Ciudad De México,Cerrado,Sin motivo especifico,2026-06-01 19:57:32.101000+00:00,2026-06-03 17:01:48.258000+00:00
60786351269,Cierre Ganado,Ciudad De México,Cerrado,Sin motivo especifico,2026-06-01 20:05:17.215000+00:00,2026-06-03 17:07:03.731000+00:00
60786351663,Cierre Ganado,Ciudad De México,Cerrado,Sin motivo especifico,2026-06-01 20:13:55.110000+00:00,2026-06-03 18:36:21.416000+00:00
60844062865,Cierre Perdido,Ciudad De México,Cerrado,Sin Respuesta,2026-06-03 16:52:50.602000+00:00,2026-08-08 00:24:03.573000+00:00
60846278672,Cierre Ganado,Ciudad De México,Cerrado,Sin motivo especifico,2026-06-03 18:52:07.269000+00:00,2026-06-12 22:47:24.776000+00:00
60846279279,Cierre Ganado,Ciudad De México,Cerrado,Sin motivo especifico,2026-06-03 19:08:13.187000+00:00,2026-06-12 22:50:51.836000+00:00
60846289044,Cierre Perdido,Ciudad De México,Cerrado,Sin Respuesta,2026-06-03 19:15:28.831000+00:00,2026-08-08 00:23:50.539000+00:00
60846299218,Cierre Ganado,Ciudad De México,Cerrado,Sin motivo especifico,2026-06-03 19:26:10.416000+00:00,2026-06-12 23:05:31.573000+00:00
60846303013,Cierre Ganado,Ciudad De México,Cerrado,Sin motivo especifico,2026-06-03 19:28:57.669000+00:00,2026-06-12 23:06:08.614000+00:00
60846304890,Cierre Ganado,Ciudad De México,Cerrado,Sin motivo especifico,2026-06-03 19:12:27.798000+00:00,2026-06-12 22:56:55.910000+00:00
60846307435,Cierre Ganado,Ciudad De México,Cerrado,Sin motivo especifico,2026-06-03 19:19:00.345000+00:00,2026-06-12 23:02:33.238000+00:00
60846320411,Cierre Ganado,Estado De México,Cerrado,Sin motivo especifico,2026-06-03 21:14:39.472000+00:00,2026-05-27 21:11:06.665000+00:00
60846328727,Cierre Ganado,Estado De México,Cerrado,Sin motivo especifico,2026-06-03 21:08:27.286000+00:00,2026-05-27 21:08:19.636000+00:00
60846331262,Cierre Ganado,Estado De México,Cerrado,Sin motivo especifico,2026-06-03 21:04:42.005000+00:00,2026-05-27 21:04:26.829000+00:00
60846340234,Cierre Ganado,Estado De México,Cerrado,Sin motivo especifico,2026-06-03 21:43:56.730000+00:00,2026-05-27 21:43:47.848000+00:00
60846340277,Cierre Ganado,Estado De México,Cerrado,Sin motivo especifico,2026-06-03 21:46:37.251000+00:00,2026-05-27 21:46:15.981000+00:00
60846344352,Cierre Ganado,Estado De México,Cerrado,Sin motivo especifico,2026-06-03 22:38:47.301000+00:00,2026-05-28 22:38:28.551000+00:00
60848468308,Cierre Ganado,Chiapas,Cerrado,Sin motivo especifico,2026-06-03 21:38:03.872000+00:00,2026-05-27 21:37:49.129000+00:00
60848469128,Cierre Ganado,Estado De México,Cerrado,Sin motivo especifico,2026-06-03 21:41:05.258000+00:00,2026-05-27 21:40:42.043000+00:00
60848492109,Cierre Ganado,Estado De México,Cerrado,Sin motivo especifico,2026-06-03 22:54:40.635000+00:00,2026-05-29 22:54:33.756000+00:00
60848494901,Cierre Ganado,Estado De México,Cerrado,Sin motivo especifico,2026-06-03 22:52:08.075000+00:00,2026-05-28 22:51:56.518000+00:00
60848495774,Cierre Ganado,Ciudad De México,Cerrado,Sin motivo especifico,2026-06-03 22:43:19.346000+00:00,2026-05-28 22:43:12.024000+00:00
60848495932,Cierre Ganado,Ciudad De México,Cerrado,Sin motivo especifico,2026-06-03 22:49:27.596000+00:00,2026-05-28 22:49:20.450000+00:00
60848496012,Cierre Ganado,Ciudad De México,Cerrado,Sin motivo especifico,2026-06-03 22:57:09.180000+00:00,2026-05-29 22:56:55.535000+00:00
60848497080,Cierre Ganado,Ciudad De México,Cerrado,Sin motivo especifico,2026-06-03 22:34:08.966000+00:00,2026-05-27 22:34:01.247000+00:00
60866098017,Cierre Ganado,Ciudad De México,Cerrado,Sin motivo especifico,2026-06-04 17:52:33.231000+00:00,2026-06-04 17:55:12.555000+00:00
60866105159,Cierre Perdido,Estado De México,Cerrado,Falta de producto,2026-06-04 18:23:07.645000+00:00,2026-06-04 18:21:57.059000+00:00
60866113291,Cierre Perdido,Estado De México,Cerrado,Falta de producto,2026-06-04 18:24:38.943000+00:00,2026-06-04 18:24:13.429000+00:00
60890489784,Cierre Ganado,Estado De México,Cerrado,Sin motivo especifico,2026-06-05 15:30:24.404000+00:00,2026-06-01 15:30:12.843000+00:00
60890492027,Cierre Perdido,Ciudad De México,Cerrado,Sin Respuesta,2026-06-05 15:33:20.122000+00:00,2026-08-27 19:18:32.046000+00:00
60890492944,Cierre Ganado,Estado De México,Cerrado,Sin motivo especifico,2026-06-05 15:36:49.646000+00:00,2026-06-02 15:36:40.428000+00:00
60890493445,Cierre Ganado,Estado De México,Cerrado,Sin motivo especifico,2026-06-05 15:46:57.774000+00:00,2026-06-03 15:46:50.550000+00:00
60890494518,Cierre Ganado,Estado De México,Cerrado,Sin motivo especifico,2026-06-05 15:34:43.284000+00:00,2026-06-02 15:34:32.085000+00:00
60890494725,Cierre Ganado,Estado De México,Cerrado,Sin motivo especifico,2026-06-05 15:39:34.748000+00:00,2026-06-03 15:39:10.744000+00:00
60893080195,Cierre Ganado,Tamaulipas,Cerrado,Sin motivo especifico,2026-06-05 15:25:34.073000+00:00,2026-05-29 15:23:46.121000+00:00
60893080930,Cierre Ganado,Estado De México,Cerrado,Sin motivo especifico,2026-06-05 15:28:16.336000+00:00,2026-06-01 15:27:51.937000+00:00
60893082009,Cierre Perdido,Estado De México,Cerrado,Sin interés detectado,2026-06-05 15:45:38.491000+00:00,2026-07-29 00:03:10.382000+00:00
60893083235,Cierre Ganado,Hidalgo,Cerrado,Sin motivo especifico,2026-06-05 16:03:18.936000+00:00,2026-06-03 16:02:58.276000+00:00
60893097243,Cierre Ganado,Morelos,Cerrado,Sin motivo especifico,2026-06-05 15:48:25.457000+00:00,2026-06-03 15:48:16.835000+00:00
60893103025,Cierre Perdido,Ciudad De México,Cerrado,Eligio un producto de la competencia,2026-06-05 16:22:33.799000+00:00,2026-08-12 16:36:21.873000+00:00
60893108035,Cierre Ganado,Estado De México,Cerrado,Sin motivo especifico,2026-06-05 17:01:26.486000+00:00,2026-06-04 17:01:17.257000+00:00
60893110299,Cierre Perdido,Ciudad De México,Cerrado,Sin interés detectado,2026-06-05 17:11:13.676000+00:00,2026-08-08 00:24:10.925000+00:00
60895965874,Cierre Ganado,Ciudad De México,Cerrado,Sin motivo especifico,2026-06-05 17:49:46.320000+00:00,2026-06-02 17:49:34.585000+00:00
60895979955,Cierre Ganado,Morelos,Cerrado,Sin motivo especifico,2026-06-05 18:46:37.095000+00:00,2026-06-15 15:39:02.942000+00:00
60895987287,Cierre Perdido,Ciudad De México,Cerrado,Sin Respuesta,2026-06-05 19:02:47.552000+00:00,2026-08-08 00:24:17.376000+00:00
60895997781,Cierre Ganado,Ciudad De México,Cerrado,Sin motivo especifico,2026-06-05 20:04:07.114000+00:00,2026-06-12 23:10:58.691000+00:00
60895998219,Cierre Perdido,Ciudad De México,Cerrado,Sin Respuesta,2026-06-05 20:15:45.368000+00:00,2026-08-08 00:24:43.206000+00:00
60895999359,Cierre Ganado,Ciudad De México,Cerrado,Sin motivo especifico,2026-06-05 20:31:38.918000+00:00,2026-06-15 18:08:52.453000+00:00
60895999785,Cierre Perdido,Ciudad De México,Cerrado,Sin Respuesta,2026-06-05 20:09:53.603000+00:00,2026-08-08 00:24:25.809000+00:00
60896000008,Cierre Perdido,Ciudad De México,Cerrado,Sin Respuesta,2026-06-05 20:17:03.865000+00:00,2026-08-08 00:19:26.225000+00:00
60896000413,Cierre Ganado,Ciudad De México,Cerrado,Sin motivo especifico,2026-06-05 20:32:51.059000+00:00,2026-06-15 18:10:02.183000+00:00
60896000918,Cierre Ganado,Ciudad De México,Cerrado,Sin motivo especifico,2026-06-05 20:05:37.939000+00:00,2026-06-15 17:48:33.971000+00:00
60896001029,Cierre Ganado,Ciudad De México,Cerrado,Sin motivo especifico,2026-06-05 20:07:04.179000+00:00,2026-06-12 23:13:03.969000+00:00
60896001586,Cierre Ganado,Ciudad De México,Cerrado,Sin motivo especifico,2026-06-05 20:27:19.095000+00:00,2026-06-12 17:30:07.702000+00:00
60896006460,Cierre Perdido,Ciudad De México,Cerrado,No tiene el dinero,2026-06-05 20:12:39.480000+00:00,2026-07-09 20:38:41.813000+00:00
60896007971,Cierre Ganado,Ciudad De México,Cerrado,Sin motivo especifico,2026-06-05 20:21:00.827000+00:00,2026-06-15 17:53:02.851000+00:00
60896008055,Cierre Ganado,Ciudad De México,Cerrado,Sin motivo especifico,2026-06-05 20:23:54.137000+00:00,2026-06-15 18:00:01.091000+00:00
60896008250,Cierre Ganado,Morelos,Cerrado,Sin motivo especifico,2026-06-05 20:29:36.967000+00:00,2026-06-15 18:02:59.288000+00:00
60896009818,Cierre Ganado,Ciudad De México,Cerrado,Sin motivo especifico,2026-06-05 20:22:54.947000+00:00,2026-06-15 17:54:01.531000+00:00
60897496101,Cierre Ganado,Ciudad De México,Cerrado,Sin motivo especifico,2026-06-05 20:33:42.887000+00:00,2026-06-15 18:14:48.323000+00:00
60962207786,Cierre Perdido,Estado De México,Cerrado,Falta de producto,2026-06-08 18:43:36.216000+00:00,2026-06-08 18:43:10.522000+00:00
60962211655,Cierre Ganado,Ciudad De México,Cerrado,Sin motivo especifico,2026-06-08 18:48:06.401000+00:00,2026-06-16 18:38:37.246000+00:00
61024589166,Cierre Perdido,Estado De México,Cerrado,No tiene el dinero,2026-06-09 18:30:14.458000+00:00,2026-07-23 16:12:44.401000+00:00
61024645520,Cierre Ganado,Estado De México,Cerrado,Sin motivo especifico,2026-06-09 23:25:16.720000+00:00,2026-06-09 23:25:08.289000+00:00
61024649986,Cierre Ganado,Estado De México,Cerrado,Sin motivo especifico,2026-06-09 23:33:22.593000+00:00,2026-06-05 23:33:16.818000+00:00
61024650123,Cierre Ganado,Estado De México,Cerrado,Sin motivo especifico,2026-06-09 23:45:16.462000+00:00,2026-06-08 23:45:09.363000+00:00
61024652060,Cierre Ganado,Estado De México,Cerrado,Sin motivo especifico,2026-06-09 23:27:27.936000+00:00,2026-06-05 23:27:22.695000+00:00
61024662893,Cierre Ganado,Estado De México,Cerrado,Sin motivo especifico,2026-06-09 23:50:55.461000+00:00,2026-06-08 23:50:46.406000+00:00
61024666032,Cierre Ganado,Estado De México,Cerrado,Sin motivo especifico,2026-06-09 23:20:07.413000+00:00,2026-06-05 23:19:59.295000+00:00
61024666479,Cierre Ganado,Estado De México,Cerrado,Sin motivo especifico,2026-06-09 23:47:41.922000+00:00,2026-06-08 23:47:24.543000+00:00
61024667992,Cierre Ganado,Estado De México,Cerrado,Sin motivo especifico,2026-06-09 23:56:27.989000+00:00,2026-06-08 23:56:13.418000+00:00
61111809897,Cierre Ganado,Estado De México,Cerrado,Sin motivo especifico,2026-06-15 15:45:51.274000+00:00,2026-06-08 15:45:43.620000+00:00
61111810607,Cierre Ganado,Estado De México,Cerrado,Sin motivo especifico,2026-06-15 15:47:22.221000+00:00,2026-06-09 15:47:13.191000+00:00
61111811117,Cierre Ganado,Estado De México,Cerrado,Sin motivo especifico,2026-06-15 15:57:45.646000+00:00,2026-06-09 15:57:39.221000+00:00
61111819087,Cierre Ganado,Estado De México,Cerrado,Sin motivo especifico,2026-06-15 15:51:28.437000+00:00,2026-06-09 15:50:11.046000+00:00
61111826236,Cierre Ganado,Estado De México,Cerrado,Sin motivo especifico,2026-06-15 16:20:43.862000+00:00,2026-06-09 16:20:35.316000+00:00
61111826295,Cierre Ganado,Ciudad De México,Cerrado,Sin motivo especifico,2026-06-15 16:22:47.921000+00:00,2026-06-09 16:22:37.144000+00:00
61111834946,Cierre Ganado,Estado De México,Cerrado,Sin motivo especifico,2026-06-15 16:03:21.102000+00:00,2026-06-09 16:03:01.903000+00:00
61111836166,Cierre Ganado,Estado De México,Cerrado,Sin motivo especifico,2026-06-15 16:14:45.530000+00:00,2026-06-09 16:14:35.351000+00:00
61112645795,Cierre Ganado,Morelos,Cerrado,Sin motivo especifico,2026-06-15 17:11:40.978000+00:00,2026-06-09 17:11:32.406000+00:00
61112659101,Cierre Ganado,Ciudad De México,Cerrado,Sin motivo especifico,2026-06-15 18:56:42.832000+00:00,2026-06-16 18:46:37.467000+00:00
61112660577,Cierre Ganado,Ciudad De México,Cerrado,Sin motivo especifico,2026-06-15 19:11:54.797000+00:00,2026-06-16 19:02:45.701000+00:00
61112660999,Cierre Ganado,Ciudad De México,Cerrado,Sin motivo especifico,2026-06-15 19:20:00.660000+00:00,2026-06-10 19:19:52.521000+00:00
61112661906,Cierre Ganado,Estado De México,Cerrado,Sin motivo especifico,2026-06-15 19:31:20.489000+00:00,2026-06-12 19:31:13.081000+00:00
61112663141,Cierre Ganado,Ciudad De México,Cerrado,Sin motivo especifico,2026-06-15 19:17:41.633000+00:00,2026-06-16 19:05:49.425000+00:00
61112663158,Cierre Ganado,Ciudad De México,Cerrado,Sin motivo especifico,2026-06-15 19:18:22.123000+00:00,2026-06-10 19:18:12.110000+00:00
61112664367,Cierre Ganado,Estado De México,Cerrado,Sin motivo especifico,2026-06-15 19:25:19.143000+00:00,2026-06-11 19:25:09.603000+00:00
61112664619,Cierre Ganado,Morelos,Cerrado,Sin motivo especifico,2026-06-15 19:32:03.848000+00:00,2026-06-18 00:28:55.720000+00:00
61112665878,Cierre Ganado,Ciudad De México,Cerrado,Sin motivo especifico,2026-06-15 19:35:29.689000+00:00,2026-06-12 19:35:21.345000+00:00
61113513781,Cierre Ganado,Ciudad De México,Cerrado,Sin motivo especifico,2026-06-15 18:41:01.630000+00:00,2026-06-16 18:41:32.273000+00:00
61113522823,Cierre Ganado,Ciudad De México,Cerrado,Sin motivo especifico,2026-06-15 18:28:32.888000+00:00,2026-06-16 18:32:33.866000+00:00
61113524057,Cierre Ganado,Ciudad De México,Cerrado,Sin motivo especifico,2026-06-15 18:25:26.455000+00:00,2026-06-16 18:31:47.977000+00:00
61113524495,Cierre Ganado,Ciudad De México,Cerrado,Sin motivo especifico,2026-06-15 18:35:18.954000+00:00,2026-06-16 18:36:37.134000+00:00
61113528656,Cierre Ganado,Ciudad De México,Cerrado,Sin motivo especifico,2026-06-15 18:38:30.146000+00:00,2026-06-16 18:39:21.352000+00:00
61113532942,Cierre Ganado,Ciudad De México,Cerrado,Sin motivo especifico,2026-06-15 18:48:52.119000+00:00,2026-06-16 18:56:23.275000+00:00
61113533488,Cierre Ganado,Estado De México,Cerrado,Sin motivo especifico,2026-06-15 19:04:01.971000+00:00,2026-06-10 19:03:33.184000+00:00
61113533573,Cierre Ganado,Ciudad De México,Cerrado,Sin motivo especifico,2026-06-15 19:07:18.093000+00:00,2026-06-10 19:07:02.743000+00:00
61113535666,Cierre Ganado,sin estado,Cerrado,Sin motivo especifico,2026-06-15 19:03:23.574000+00:00,2026-06-16 18:59:32.039000+00:00
61113560343,Cierre Ganado,Ciudad De México,Cerrado,Sin motivo especifico,2026-06-15 22:29:41.512000+00:00,2026-06-18 16:28:59.779000+00:00
61114473857,Cierre Ganado,Estado De México,Cerrado,Sin motivo especifico,2026-06-15 19:22:21.113000+00:00,2026-06-10 19:22:12.198000+00:00
61114474869,Cierre Ganado,Estado De México,Cerrado,Sin motivo especifico,2026-06-15 19:13:16.809000+00:00,2026-06-10 19:12:59.595000+00:00
61114475010,Cierre Ganado,Ciudad De México,Cerrado,Sin motivo especifico,2026-06-15 19:15:16.804000+00:00,2026-06-16 19:03:48.683000+00:00
61114475548,Cierre Ganado,Estado De México,Cerrado,Sin motivo especifico,2026-06-15 19:28:18.958000+00:00,2026-06-12 19:28:14.763000+00:00
61114480447,Cierre Ganado,Ciudad De México,Cerrado,Sin motivo especifico,2026-06-15 22:23:15.617000+00:00,2026-06-18 16:36:45.035000+00:00
61114493262,Cierre Ganado,Ciudad De México,Cerrado,Sin motivo especifico,2026-06-15 22:33:37.323000+00:00,2026-06-18 16:27:58.492000+00:00
61114493556,Cierre Ganado,Ciudad De México,Cerrado,Sin motivo especifico,2026-06-15 22:50:51.020000+00:00,2026-06-18 16:24:43.013000+00:00
61129313291,Cierre Ganado,Morelos,Cerrado,Sin motivo especifico,2026-06-16 19:17:15.328000+00:00,2026-06-23 16:28:24.588000+00:00
61129313373,Cierre Ganado,Ciudad De México,Cerrado,Sin motivo especifico,2026-06-16 19:20:35.289000+00:00,2026-06-23 16:30:07.719000+00:00
61129313441,Cierre Ganado,Ciudad De México,Cerrado,Sin motivo especifico,2026-06-16 18:52:57.101000+00:00,2026-06-16 18:54:07.162000+00:00
61138838419,Cierre Ganado,Ciudad De México,Cerrado,Sin motivo especifico,2026-06-16 19:10:51.219000+00:00,2026-06-18 16:27:07.873000+00:00
61176344689,Cierre Perdido,Ciudad De México,Cerrado,No tiene el dinero,2026-06-16 22:32:51.086000+00:00,2026-06-23 19:03:34.898000+00:00
61205772142,Cierre Ganado,Estado De México,Cerrado,Sin motivo especifico,2026-06-18 00:34:31.595000+00:00,2026-06-17 00:34:22.275000+00:00
61205833267,Cierre Ganado,Estado De México,Cerrado,Sin motivo especifico,2026-06-18 00:44:33.238000+00:00,2026-06-18 00:44:04.349000+00:00
61244356881,Cierre Ganado,Estado De México,Cerrado,Sin motivo especifico,2026-06-18 16:02:38+00:00,2026-06-15 16:02:31.504000+00:00
61244357132,Cierre Ganado,Ciudad De México,Cerrado,Sin motivo especifico,2026-06-18 16:08:35.903000+00:00,2026-06-15 16:08:22.292000+00:00
61244421279,Cierre Ganado,Ciudad De México,Cerrado,Sin motivo especifico,2026-06-18 17:20:52.805000+00:00,2026-06-29 20:35:05.759000+00:00
61244476821,Cierre Ganado,Ciudad De México,Cerrado,Sin motivo especifico,2026-06-18 17:37:52.946000+00:00,2026-06-29 20:44:17.996000+00:00
61244537606,Cierre Ganado,Ciudad De México,Cerrado,Sin motivo especifico,2026-06-18 17:27:45.099000+00:00,2026-06-23 17:50:44.460000+00:00
61244788529,Cierre Ganado,Estado De México,Cerrado,Sin motivo especifico,2026-06-18 15:32:23.486000+00:00,2026-06-15 15:32:12.695000+00:00
61244850337,Cierre Ganado,Morelos,Cerrado,Sin motivo especifico,2026-06-18 15:30:03.016000+00:00,2026-06-15 15:29:55.339000+00:00
61244914235,Cierre Ganado,Ciudad De México,Cerrado,Sin motivo especifico,2026-06-18 16:06:33.568000+00:00,2026-06-15 16:06:24.240000+00:00
61244978318,Cierre Ganado,Ciudad De México,Cerrado,Sin motivo especifico,2026-06-18 17:19:13.495000+00:00,2026-06-23 16:36:50.433000+00:00
61267234714,Cierre Ganado,Hidalgo,Cerrado,Sin motivo especifico,2026-06-18 17:32:13.673000+00:00,2026-06-29 20:36:04.027000+00:00
61278593426,Cierre Ganado,Hidalgo,Cerrado,Sin motivo especifico,2026-06-18 17:33:31.338000+00:00,2026-06-29 20:43:13.325000+00:00
61352521823,Cierre Ganado,Estado De México,Cerrado,Sin motivo especifico,2026-06-22 16:33:50.181000+00:00,2026-06-16 16:32:55.974000+00:00
61352522321,Cierre Ganado,Estado De México,Cerrado,Sin motivo especifico,2026-06-22 16:45:14.583000+00:00,2026-06-18 16:43:38.707000+00:00
61352529489,Cierre Ganado,Ciudad De México,Cerrado,Sin motivo especifico,2026-06-22 19:33:55.598000+00:00,2026-06-30 21:13:47.247000+00:00
61355711606,Cierre Ganado,Ciudad De México,Cerrado,Sin motivo especifico,2026-06-22 16:42:01.633000+00:00,2026-06-17 16:41:53.471000+00:00
61355716788,Cierre Ganado,Estado De México,Cerrado,Sin motivo especifico,2026-06-22 18:40:54.527000+00:00,2026-06-18 18:40:43.829000+00:00
61355716950,Cierre Ganado,Estado De México,Cerrado,Sin motivo especifico,2026-06-22 18:43:28.263000+00:00,2026-06-18 18:43:23.258000+00:00
61355717017,Cierre Ganado,Ciudad De México,Cerrado,Sin motivo especifico,2026-06-22 18:45:53.739000+00:00,2026-06-18 18:45:46.951000+00:00
61355717632,Cierre Ganado,Ciudad De México,Cerrado,Sin motivo especifico,2026-06-22 18:57:05.322000+00:00,2026-06-19 18:56:51.348000+00:00
61355718820,Cierre Ganado,Ciudad De México,Cerrado,Sin motivo especifico,2026-06-22 19:26:52.988000+00:00,2026-07-09 22:07:19.716000+00:00
61355770531,Cierre Ganado,Estado De México,Cerrado,Sin motivo especifico,2026-06-22 16:35:42.087000+00:00,2026-06-16 16:35:35.260000+00:00
61355770721,Cierre Ganado,Ciudad De México,Cerrado,Sin motivo especifico,2026-06-22 16:39:25.750000+00:00,2026-06-17 16:39:15.195000+00:00
61355778069,Cierre Ganado,Ciudad De México,Cerrado,Sin motivo especifico,2026-06-22 19:31:31.081000+00:00,2026-06-30 21:11:49.627000+00:00
61355841815,Cierre Ganado,Ciudad De México,Cerrado,Sin motivo especifico,2026-06-22 19:23:15.939000+00:00,2026-07-09 22:10:09.476000+00:00
61355841858,Cierre Ganado,Ciudad De México,Cerrado,Sin motivo especifico,2026-06-22 19:24:22.885000+00:00,2026-06-29 20:44:44.933000+00:00
61355842075,Cierre Ganado,Ciudad De México,Cerrado,Sin motivo especifico,2026-06-22 19:28:31.248000+00:00,2026-06-29 20:49:23.656000+00:00
61355902304,Cierre Ganado,Estado De México,Cerrado,Sin motivo especifico,2026-06-22 18:38:07.375000+00:00,2026-06-18 18:38:00.697000+00:00
61355902726,Cierre Ganado,Ciudad De México,Cerrado,Sin motivo especifico,2026-06-22 18:47:21.642000+00:00,2026-06-18 18:47:13.241000+00:00
61355902857,Cierre Ganado,Estado De México,Cerrado,Sin motivo especifico,2026-06-22 18:51:06.931000+00:00,2026-06-19 18:50:47.712000+00:00
61355905570,Cierre Ganado,Ciudad De México,Cerrado,Sin motivo especifico,2026-06-22 19:54:11.941000+00:00,2026-06-29 15:26:55.516000+00:00
61390374758,Cierre Ganado,Estado De México,Cerrado,Sin motivo especifico,2026-06-22 16:29:16.036000+00:00,2026-06-16 16:29:02.207000+00:00
61390383617,Cierre Ganado,Morelos,Cerrado,Sin motivo especifico,2026-06-22 19:59:23.825000+00:00,2026-06-24 22:16:38.904000+00:00
61390446468,Cierre Ganado,Ciudad De México,Cerrado,Sin motivo especifico,2026-06-22 19:45:44.651000+00:00,2026-06-30 21:17:57.796000+00:00
61390495599,Cierre Ganado,Estado De México,Cerrado,Sin motivo especifico,2026-06-22 16:30:47.311000+00:00,2026-06-16 16:30:38.139000+00:00
61390500977,Cierre Ganado,Estado De México,Cerrado,Sin motivo especifico,2026-06-22 18:54:03.306000+00:00,2026-06-19 18:53:55.310000+00:00
61624655130,Cierre Ganado,Estado De México,Cerrado,Sin motivo especifico,2026-06-26 16:15:17.290000+00:00,2026-06-23 16:15:13.616000+00:00
61624656520,Cierre Ganado,Estado De México,Cerrado,Sin motivo especifico,2026-06-26 16:52:14.304000+00:00,2026-06-24 16:51:58.534000+00:00
61624666738,Cierre Ganado,Estado De México,Cerrado,Sin motivo especifico,2026-06-26 22:26:37.812000+00:00,2026-06-26 22:26:26.311000+00:00
61625211964,Cierre Ganado,Ciudad De México,Cerrado,Sin motivo especifico,2026-06-26 16:59:22.822000+00:00,2026-06-24 16:59:13.365000+00:00
61625212311,Cierre Ganado,Estado De México,Cerrado,Sin motivo especifico,2026-06-26 17:13:04.761000+00:00,2026-06-25 17:12:56.701000+00:00
61625239300,Cierre Perdido,Morelos,Cerrado,Falta de producto,2026-06-25 15:22:48.775000+00:00,2026-06-23 15:22:39.643000+00:00
61625272378,Cierre Ganado,Estado De México,Cerrado,Sin motivo especifico,2026-06-26 16:05:55.802000+00:00,2026-06-22 16:01:17.989000+00:00
61625272945,Cierre Ganado,Estado De México,Cerrado,Sin motivo especifico,2026-06-26 16:21:15.306000+00:00,2026-06-23 16:21:02.884000+00:00
61625274475,Cierre Ganado,Hidalgo,Cerrado,Sin motivo especifico,2026-06-26 17:03:53.333000+00:00,2026-06-25 17:06:12.867000+00:00
61625333124,Cierre Ganado,Estado De México,Cerrado,Sin motivo especifico,2026-06-26 16:09:52.609000+00:00,2026-06-22 16:09:29.230000+00:00
61625393965,Cierre Ganado,Estado De México,Cerrado,Sin motivo especifico,2026-06-26 15:56:15.862000+00:00,2026-06-22 15:55:58.011000+00:00
61625394959,Cierre Ganado,Estado De México,Cerrado,Sin motivo especifico,2026-06-26 16:24:03.995000+00:00,2026-06-24 16:23:54.801000+00:00
61625396591,Cierre Ganado,Estado De México,Cerrado,Sin motivo especifico,2026-06-26 17:10:24.126000+00:00,2026-06-25 17:10:16.681000+00:00
61625457951,Cierre Ganado,Estado De México,Cerrado,Sin motivo especifico,2026-06-26 16:08:07.683000+00:00,2026-06-22 16:07:58.090000+00:00
61625521716,Cierre Ganado,Estado De México,Cerrado,Sin motivo especifico,2026-06-26 16:19:37.442000+00:00,2026-06-23 16:19:22.264000+00:00
61625581607,Cierre Ganado,Estado De México,Cerrado,Sin motivo especifico,2026-06-26 16:12:27.201000+00:00,2026-06-22 16:12:13.106000+00:00
61625583134,Cierre Ganado,Estado De México,Cerrado,Sin motivo especifico,2026-06-26 16:55:07.273000+00:00,2026-06-24 16:54:31.874000+00:00
61625583644,Cierre Ganado,Estado De México,Cerrado,Sin motivo especifico,2026-06-26 17:08:57.341000+00:00,2026-06-25 17:08:42.382000+00:00
61625583920,Cierre Ganado,Ciudad De México,Cerrado,Sin motivo especifico,2026-06-26 17:16:39.630000+00:00,2026-06-25 17:15:52.459000+00:00
61872766387,Cierre Ganado,Ciudad De México,Cerrado,Sin motivo especifico,2026-06-30 19:07:09.799000+00:00,2026-06-30 21:53:49.291000+00:00
61872766785,Cierre Ganado,Ciudad De México,Cerrado,Sin motivo especifico,2026-06-30 19:14:33.845000+00:00,2026-06-30 22:00:50.288000+00:00
61872767349,Cierre Ganado,Hidalgo,Cerrado,Sin motivo especifico,2026-06-30 19:26:26.172000+00:00,2026-06-30 22:29:35.773000+00:00
61872767411,Cierre Ganado,Ciudad De México,Cerrado,Sin motivo especifico,2026-06-30 19:28:48.150000+00:00,2026-07-09 22:16:09.531000+00:00
61872768583,Cierre Ganado,Ciudad De México,Cerrado,Sin motivo especifico,2026-06-30 19:50:58.622000+00:00,2026-07-17 20:57:01.503000+00:00
61872769792,Cierre Ganado,Ciudad De México,Cerrado,Sin motivo especifico,2026-06-30 20:15:41.694000+00:00,2026-07-02 23:33:06.490000+00:00
61872827993,Cierre Ganado,Ciudad De México,Cerrado,Sin motivo especifico,2026-06-30 18:56:59.457000+00:00,2026-06-30 21:38:49.152000+00:00
61872829063,Cierre Ganado,Ciudad De México,Cerrado,Sin motivo especifico,2026-06-30 19:19:31.257000+00:00,2026-06-30 22:08:43.264000+00:00
61872950355,Cierre Ganado,Ciudad De México,Cerrado,Sin motivo especifico,2026-06-30 19:13:28.810000+00:00,2026-06-30 22:00:22.019000+00:00
61872952334,Cierre Ganado,Ciudad De México,Cerrado,Sin motivo especifico,2026-06-30 20:13:08.292000+00:00,2026-07-09 20:24:32.709000+00:00
61873012041,Cierre Ganado,Ciudad De México,Cerrado,Sin motivo especifico,2026-06-30 23:23:01.861000+00:00,2026-06-30 23:22:07.115000+00:00
61873073470,Cierre Ganado,Estado De México,Cerrado,Sin motivo especifico,2026-06-30 23:09:19.322000+00:00,2026-06-29 23:09:11.314000+00:00
61873133361,Cierre Ganado,Ciudad De México,Cerrado,Sin motivo especifico,2026-06-30 21:37:06.076000+00:00,2026-06-30 21:37:51.046000+00:00
61873756033,Cierre Ganado,Ciudad De México,Cerrado,Sin motivo especifico,2026-06-30 18:32:38.999000+00:00,2026-07-09 22:19:11.019000+00:00
61873757098,Cierre Ganado,Ciudad De México,Cerrado,Sin motivo especifico,2026-06-30 18:53:46.035000+00:00,2026-06-30 21:31:13.477000+00:00
61873757993,Cierre Ganado,Ciudad De México,Cerrado,Sin motivo especifico,2026-06-30 19:11:14.982000+00:00,2026-06-30 21:57:40.277000+00:00
61873758211,Cierre Ganado,Ciudad De México,Cerrado,Sin motivo especifico,2026-06-30 19:15:36.524000+00:00,2026-06-30 22:04:26.045000+00:00
61873758284,Cierre Ganado,Ciudad De México,Cerrado,Sin motivo especifico,2026-06-30 19:18:22.377000+00:00,2026-06-30 22:06:13.087000+00:00
61916815376,Cierre Ganado,Ciudad De México,Cerrado,Sin motivo especifico,2026-06-30 18:46:32.653000+00:00,2026-06-30 21:25:49.947000+00:00
61916815475,Cierre Ganado,Ciudad De México,Cerrado,Sin motivo especifico,2026-06-30 18:49:41.361000+00:00,2026-06-30 21:27:18.934000+00:00
61916816421,Cierre Ganado,Ciudad De México,Cerrado,Sin motivo especifico,2026-06-30 19:08:50.299000+00:00,2026-06-30 21:56:15.050000+00:00
61916876464,Cierre Ganado,Ciudad De México,Cerrado,Sin motivo especifico,2026-06-30 18:43:06.171000+00:00,2026-06-30 21:22:31.648000+00:00
61916876850,Cierre Ganado,Ciudad De México,Cerrado,Sin motivo especifico,2026-06-30 18:51:51.029000+00:00,2026-06-30 21:29:07.202000+00:00
61916877214,Cierre Ganado,Ciudad De México,Cerrado,Sin motivo especifico,2026-06-30 19:00:47.687000+00:00,2026-06-30 21:46:35.474000+00:00
61916878198,Cierre Ganado,sin estado,Cerrado,Sin motivo especifico,2026-06-30 19:23:23.802000+00:00,2026-07-09 22:11:25.044000+00:00
61916999338,Cierre Ganado,Ciudad De México,Cerrado,Sin motivo especifico,2026-06-30 19:21:40.428000+00:00,2026-06-30 22:13:40.892000+00:00
61916999697,Cierre Ganado,Ciudad De México,Cerrado,Sin motivo especifico,2026-06-30 19:32:52.786000+00:00,2026-06-30 22:34:59.495000+00:00
61917061279,Cierre Ganado,Estado De México,Cerrado,Sin motivo especifico,2026-06-30 23:20:56.844000+00:00,2026-06-30 23:20:08.671000+00:00
61917123218,Cierre Ganado,Estado De México,Cerrado,Sin motivo especifico,2026-06-30 22:59:03.234000+00:00,2026-06-26 22:58:51.824000+00:00
61917123480,Cierre Ganado,Estado De México,Cerrado,Sin motivo especifico,2026-06-30 23:12:35.148000+00:00,2026-06-29 23:12:24.175000+00:00
61917123506,Cierre Ganado,Estado De México,Cerrado,Sin motivo especifico,2026-06-30 23:14:42.296000+00:00,2026-06-29 23:14:34.860000+00:00
61917185881,Cierre Ganado,Estado De México,Cerrado,Sin motivo especifico,2026-06-30 23:40:27.129000+00:00,2026-06-29 23:40:09.012000+00:00
61917309085,Cierre Ganado,Estado De México,Cerrado,Sin motivo especifico,2026-06-30 23:19:24.456000+00:00,2026-06-30 23:18:17.128000+00:00
62115573261,Cierre Ganado,Estado De México,Cerrado,Sin motivo especifico,2026-07-08 00:53:27.256000+00:00,2026-07-08 00:53:14.928000+00:00
62115578626,Cierre Ganado,Ciudad De México,Cerrado,Sin motivo especifico,2026-07-08 04:54:25.587000+00:00,2026-07-09 20:36:09.775000+00:00
62115579507,Cierre Ganado,Ciudad De México,Cerrado,Sin motivo especifico,2026-07-08 04:31:38.083000+00:00,2026-07-09 20:27:01.808000+00:00
62115579532,Cierre Ganado,Ciudad De México,Cerrado,Sin motivo especifico,2026-07-08 04:33:46.022000+00:00,2026-07-09 21:40:28.209000+00:00
62115580598,Cierre Ganado,Ciudad De México,Cerrado,Sin motivo especifico,2026-07-08 04:29:15.518000+00:00,2026-07-09 20:23:55.426000+00:00
62115580719,Cierre Ganado,Ciudad De México,Cerrado,Sin motivo especifico,2026-07-08 04:36:10.518000+00:00,2026-07-09 20:26:17.820000+00:00
62115580749,Cierre Ganado,Ciudad De México,Cerrado,Sin motivo especifico,2026-07-08 04:40:11.385000+00:00,2026-07-09 20:36:01.741000+00:00
62115580949,Cierre Ganado,Ciudad De México,Cerrado,Sin motivo especifico,2026-07-08 04:58:58.135000+00:00,2026-08-01 04:57:34.931000+00:00
62115581811,Cierre Ganado,Ciudad De México,Cerrado,Sin motivo especifico,2026-07-08 05:04:18.712000+00:00,2026-07-09 21:01:48.596000+00:00
62115581978,Cierre Ganado,Ciudad De México,Cerrado,Sin motivo especifico,2026-07-08 05:21:25.922000+00:00,2026-07-09 21:49:17.677000+00:00
62115582788,Cierre Ganado,Ciudad De México,Cerrado,Sin motivo especifico,2026-07-08 05:14:34.478000+00:00,2026-07-09 21:40:11.059000+00:00
62115582871,Cierre Ganado,Ciudad De México,Cerrado,Sin motivo especifico,2026-07-08 05:27:19.956000+00:00,2026-07-09 21:40:30.866000+00:00
62115583330,Cierre Ganado,Ciudad De México,Cerrado,Sin motivo especifico,2026-07-08 05:10:12.328000+00:00,2026-07-09 22:13:12.249000+00:00
62115584349,Cierre Ganado,Ciudad De México,Cerrado,Sin motivo especifico,2026-07-08 05:17:46.796000+00:00,2026-07-09 21:43:13.695000+00:00
62115584400,Cierre Ganado,Ciudad De México,Cerrado,Sin motivo especifico,2026-07-08 05:26:01.771000+00:00,2026-07-09 21:55:18.888000+00:00
62115585368,Cierre Ganado,Ciudad De México,Cerrado,Sin motivo especifico,2026-07-08 05:24:46.686000+00:00,2026-07-09 21:53:16.762000+00:00
62115644025,Cierre Ganado,Estado De México,Cerrado,Sin motivo especifico,2026-07-08 16:10:19.060000+00:00,2026-07-01 16:10:05.623000+00:00
62115651414,Cierre Ganado,Estado De México,Cerrado,Sin motivo especifico,2026-07-08 16:52:50.533000+00:00,2026-07-03 16:52:40.735000+00:00
62115651678,Cierre Ganado,Estado De México,Cerrado,Sin motivo especifico,2026-07-08 16:59:44.189000+00:00,2026-07-03 16:59:17.735000+00:00
62115654954,Cierre Ganado,Ciudad De México,Cerrado,Sin motivo especifico,2026-07-08 17:06:00.084000+00:00,2026-07-03 17:05:52.446000+00:00
62115687024,Cierre Ganado,Estado De México,Cerrado,Sin motivo especifico,2026-07-08 21:05:08.641000+00:00,2026-07-06 21:04:54.368000+00:00
62115688566,Cierre Ganado,Estado De México,Cerrado,Sin motivo especifico,2026-07-08 21:06:57.044000+00:00,2026-07-06 21:06:47.267000+00:00
62115689008,Cierre Ganado,Ciudad De México,Cerrado,Sin motivo especifico,2026-07-08 20:38:26.045000+00:00,2026-07-03 20:38:19.653000+00:00
62115691449,Cierre Ganado,Morelos,Cerrado,Sin motivo especifico,2026-07-08 21:13:04.253000+00:00,2026-07-07 21:12:56.767000+00:00
62115691920,Cierre Ganado,Estado De México,Cerrado,Sin motivo especifico,2026-07-08 20:45:17.525000+00:00,2026-07-03 20:44:47.673000+00:00
62115692610,Cierre Ganado,Estado De México,Cerrado,Sin motivo especifico,2026-07-08 21:01:30.819000+00:00,2026-07-06 21:01:18.633000+00:00
62364297111,Cierre Ganado,Ciudad De México,Cerrado,Sin motivo especifico,2026-07-08 05:06:16.419000+00:00,2026-07-09 20:36:14.379000+00:00
62364297274,Cierre Ganado,Ciudad De México,Cerrado,Sin motivo especifico,2026-07-08 05:20:16.529000+00:00,2026-07-09 21:45:18.443000+00:00
62364297293,Cierre Ganado,Ciudad De México,Cerrado,Sin motivo especifico,2026-07-08 05:22:59.276000+00:00,2026-07-09 21:49:51.161000+00:00
62364298574,Cierre Ganado,Ciudad De México,Cerrado,Sin motivo especifico,2026-07-08 04:42:51.396000+00:00,2026-07-09 20:39:38.144000+00:00
62364298588,Cierre Ganado,Hidalgo,Cerrado,Sin motivo especifico,2026-07-08 04:45:30.101000+00:00,2026-07-09 20:41:11.334000+00:00
62364298659,Cierre Perdido,Hidalgo,Cerrado,No tiene el dinero,2026-07-08 04:55:58.400000+00:00,2026-07-23 00:19:38.206000+00:00
62364299632,Cierre Ganado,Ciudad De México,Cerrado,Sin motivo especifico,2026-07-08 04:34:43.459000+00:00,2026-07-09 20:28:04.388000+00:00
62364299652,Cierre Ganado,Ciudad De México,Cerrado,Sin motivo especifico,2026-07-08 04:37:52.746000+00:00,2026-07-09 20:32:21.897000+00:00
62364299826,Cierre Ganado,Ciudad De México,Cerrado,Sin motivo especifico,2026-07-08 04:53:06.670000+00:00,2026-07-09 22:20:29.063000+00:00
62364300082,Cierre Ganado,Ciudad De México,Cerrado,Sin motivo especifico,2026-07-08 05:16:22.895000+00:00,2026-07-09 21:40:29.619000+00:00
62364301061,Cierre Ganado,Ciudad De México,Cerrado,Sin motivo especifico,2026-07-08 04:48:13.599000+00:00,2026-07-09 20:48:54.493000+00:00
62364301209,Cierre Ganado,Ciudad De México,Cerrado,Sin motivo especifico,2026-07-08 05:12:23.725000+00:00,2026-07-09 21:06:05.085000+00:00
62416541505,Cierre Ganado,Estado De México,Cerrado,Sin motivo especifico,2026-07-08 16:24:04.067000+00:00,2026-07-02 16:24:00.486000+00:00
62416543078,Cierre Ganado,Morelos,Cerrado,Sin motivo especifico,2026-07-08 16:19:22.066000+00:00,2026-07-01 16:19:18.083000+00:00
62416543145,Cierre Ganado,Estado De México,Cerrado,Sin motivo especifico,2026-07-08 16:21:26.190000+00:00,2026-07-01 16:21:18.804000+00:00
62416547426,Cierre Ganado,Estado De México,Cerrado,Sin motivo especifico,2026-07-08 16:36:13.796000+00:00,2026-07-02 16:35:18.668000+00:00
62416548651,Cierre Ganado,Estado De México,Cerrado,Sin motivo especifico,2026-07-08 16:46:57.671000+00:00,2026-07-02 16:46:53.195000+00:00
62423220898,Cierre Ganado,Morelos,Cerrado,Sin motivo especifico,2026-07-08 21:09:29.669000+00:00,2026-07-07 21:09:16.767000+00:00
62423221769,Cierre Ganado,Estado De México,Cerrado,Sin motivo especifico,2026-07-08 20:58:51.552000+00:00,2026-07-06 20:58:34.620000+00:00
62423222821,Cierre Ganado,Estado De México,Cerrado,Sin motivo especifico,2026-07-08 20:49:02.226000+00:00,2026-07-03 20:48:19.712000+00:00
62423223621,Cierre Ganado,Morelos,Cerrado,Sin motivo especifico,2026-07-08 21:11:46.824000+00:00,2026-07-07 21:11:39.901000+00:00
62423223716,Cierre Ganado,Estado De México,Cerrado,Sin motivo especifico,2026-07-08 21:15:56.652000+00:00,2026-07-07 21:15:51.028000+00:00
62423223963,Cierre Ganado,Estado De México,Cerrado,Sin motivo especifico,2026-07-08 21:22:23.919000+00:00,2026-07-07 21:22:16.080000+00:00
62423224416,Cierre Ganado,Jalisco,Cerrado,Sin motivo especifico,2026-07-08 21:21:03.367000+00:00,2026-07-07 21:20:51.630000+00:00
62455767851,Cierre Ganado,Ciudad De México,Cerrado,Sin motivo especifico,2026-07-09 23:20:49.517000+00:00,2026-07-10 23:57:24.699000+00:00
62455767897,Cierre Ganado,Ciudad De México,Cerrado,Sin motivo especifico,2026-07-09 23:25:13.262000+00:00,2026-07-31 23:24:37.137000+00:00
62455770407,Cierre Ganado,Ciudad De México,Cerrado,Sin motivo especifico,2026-07-09 23:19:46.921000+00:00,2026-07-31 23:19:09.966000+00:00
62455771984,Cierre Ganado,Ciudad De México,Cerrado,Sin motivo especifico,2026-07-09 23:41:23.092000+00:00,2026-07-31 23:40:29.803000+00:00
62458170676,Cierre Ganado,Ciudad De México,Cerrado,Sin motivo especifico,2026-07-09 23:22:27.001000+00:00,2026-07-31 23:21:56.683000+00:00
62458173018,Cierre Ganado,Ciudad De México,Cerrado,Sin motivo especifico,2026-07-09 23:28:21.909000+00:00,2026-07-17 20:57:59.177000+00:00
62494486078,Cierre Ganado,Ciudad De México,Cerrado,Sin motivo especifico,2026-07-10 23:56:57.638000+00:00,2026-07-10 23:57:16.059000+00:00
62499303731,Cierre Ganado,Ciudad De México,Cerrado,Sin motivo especifico,2026-07-10 23:52:22.612000+00:00,2026-07-10 23:57:19.731000+00:00
62499305038,Cierre Ganado,Ciudad De México,Cerrado,Sin motivo especifico,2026-07-10 23:54:47.900000+00:00,2026-07-10 23:57:17.652000+00:00
62616658512,Cierre Ganado,Estado De México,Cerrado,Sin motivo especifico,2026-07-13 16:03:38.664000+00:00,2026-07-08 16:03:35.277000+00:00
62616663152,Cierre Ganado,Estado De México,Cerrado,Sin motivo especifico,2026-07-13 16:37:15.476000+00:00,2026-07-08 16:37:08.922000+00:00
62616663835,Cierre Ganado,Ciudad De México,Cerrado,Sin motivo especifico,2026-07-13 16:39:02.365000+00:00,2026-07-08 16:38:50.413000+00:00
62616664497,Cierre Ganado,Ciudad De México,Cerrado,Sin motivo especifico,2026-07-13 16:56:03.540000+00:00,2026-07-09 16:55:56.373000+00:00
62616665111,Cierre Ganado,Estado De México,Cerrado,Sin motivo especifico,2026-07-13 16:43:34.599000+00:00,2026-07-08 16:43:27.135000+00:00
62616667188,Cierre Ganado,Estado De México,Cerrado,Sin motivo especifico,2026-07-13 16:44:45.925000+00:00,2026-07-09 16:44:38.153000+00:00
62616671011,Cierre Ganado,Estado De México,Cerrado,Sin motivo especifico,2026-07-13 16:11:06.835000+00:00,2026-07-08 16:11:03.357000+00:00
62616671757,Cierre Ganado,Estado De México,Cerrado,Sin motivo especifico,2026-07-13 16:05:22.372000+00:00,2026-07-08 16:05:14.368000+00:00
62616671807,Cierre Ganado,Estado De México,Cerrado,Sin motivo especifico,2026-07-13 16:07:01.677000+00:00,2026-07-08 16:06:42.290000+00:00
62616674209,Cierre Ganado,Estado De México,Cerrado,Sin motivo especifico,2026-07-13 17:04:59.972000+00:00,2026-07-09 17:04:48.767000+00:00
62616677129,Cierre Ganado,Ciudad De México,Cerrado,Sin motivo especifico,2026-07-13 16:34:35.669000+00:00,2026-07-13 16:36:19.185000+00:00
62616682060,Cierre Ganado,Estado De México,Cerrado,Sin motivo especifico,2026-07-13 16:57:40.649000+00:00,2026-07-09 16:57:34.825000+00:00
62619520871,Cierre Ganado,Morelos,Cerrado,Sin motivo especifico,2026-07-13 17:00:37.055000+00:00,2026-07-09 17:00:27.726000+00:00
62622460712,Cierre Ganado,sin estado,Cerrado,Sin motivo especifico,2026-07-13 20:29:39.012000+00:00,2026-07-17 20:59:21.570000+00:00
62622465282,Cierre Ganado,Ciudad De México,Cerrado,Sin motivo especifico,2026-07-13 20:28:12.602000+00:00,2026-07-13 23:19:11.064000+00:00
62622472033,Cierre Ganado,Ciudad De México,Cerrado,Sin motivo especifico,2026-07-13 20:32:42.990000+00:00,2026-07-17 20:59:41.049000+00:00
62622480661,Cierre Ganado,Ciudad De México,Cerrado,Sin motivo especifico,2026-07-13 21:14:41.426000+00:00,2026-07-17 21:14:58.482000+00:00
62622483504,Cierre Ganado,Ciudad De México,Cerrado,Sin motivo especifico,2026-07-13 20:34:50.701000+00:00,2026-07-17 21:01:51.743000+00:00
62622488487,Cierre Ganado,Ciudad De México,Cerrado,Sin motivo especifico,2026-07-13 21:17:20.973000+00:00,2026-07-17 21:15:24.396000+00:00
62622490515,Cierre Ganado,Ciudad De México,Cerrado,Sin motivo especifico,2026-07-13 21:12:52.896000+00:00,2026-07-20 15:34:16.837000+00:00
62622492324,Cierre Ganado,Morelos,Cerrado,Sin motivo especifico,2026-07-13 21:54:03.586000+00:00,2026-07-10 21:53:45.261000+00:00
62622492988,Cierre Ganado,Ciudad De México,Cerrado,Sin motivo especifico,2026-07-13 22:19:09.463000+00:00,2026-07-17 20:53:23.607000+00:00
62622493042,Cierre Ganado,Estado De México,Cerrado,Sin motivo especifico,2026-07-13 22:22:12.241000+00:00,2026-07-13 22:21:54.730000+00:00
62622493856,Cierre Ganado,Estado De México,Cerrado,Sin motivo especifico,2026-07-13 22:03:37.544000+00:00,2026-07-10 22:03:31.921000+00:00
62622494229,Cierre Ganado,Estado De México,Cerrado,Sin motivo especifico,2026-07-13 22:18:09.003000+00:00,2026-07-13 22:18:01.123000+00:00
62622495627,Cierre Ganado,Estado De México,Cerrado,Sin motivo especifico,2026-07-13 22:09:05.410000+00:00,2026-07-13 22:08:58.259000+00:00
62622495874,Cierre Ganado,Estado De México,Cerrado,Sin motivo especifico,2026-07-13 22:19:58.377000+00:00,2026-07-13 22:19:30.950000+00:00
62622498692,Cierre Ganado,Ciudad De México,Cerrado,Sin motivo especifico,2026-07-13 22:17:13.036000+00:00,2026-07-20 15:34:55.648000+00:00
62622506775,Cierre Ganado,Estado De México,Cerrado,Sin motivo especifico,2026-07-13 21:57:46.695000+00:00,2026-07-10 21:57:42.908000+00:00
62622507331,Cierre Ganado,Ciudad De México,Cerrado,Sin motivo especifico,2026-07-13 23:57:07.501000+00:00,2026-07-13 23:56:59.630000+00:00
62622510487,Cierre Ganado,Jalisco,Cerrado,Sin motivo especifico,2026-07-13 22:07:05.885000+00:00,2026-07-10 22:06:57.398000+00:00
62622512163,Cierre Ganado,Estado De México,Cerrado,Sin motivo especifico,2026-07-13 22:11:41.527000+00:00,2026-07-13 22:11:34.152000+00:00
62704497224,Cierre Ganado,Ciudad De México,Cerrado,Sin motivo especifico,2026-07-16 22:38:01.730000+00:00,2026-07-14 22:37:56.263000+00:00
62704497674,Cierre Ganado,Estado De México,Cerrado,Sin motivo especifico,2026-07-16 23:00:38.158000+00:00,2026-07-16 23:00:26.066000+00:00
62704497817,Cierre Ganado,Ciudad De México,Cerrado,Sin motivo especifico,2026-07-16 23:12:21.254000+00:00,2026-07-16 23:12:13.752000+00:00
62704523315,Cierre Perdido,Estado De México,Cerrado,Falta de producto,2026-07-17 19:27:59.008000+00:00,2026-07-31 19:27:38.315000+00:00
62704527025,Cierre Ganado,Ciudad De México,Cerrado,Sin motivo especifico,2026-07-17 21:35:38.665000+00:00,2026-07-20 15:39:32.386000+00:00
62704527123,Cierre Ganado,Ciudad De México,Cerrado,Sin motivo especifico,2026-07-17 21:36:55.235000+00:00,2026-07-20 15:40:29.729000+00:00
62704559481,Cierre Ganado,Estado De México,Cerrado,Sin motivo especifico,2026-07-16 22:56:50.028000+00:00,2026-07-15 22:56:42.763000+00:00
62704559671,Cierre Ganado,Estado De México,Cerrado,Sin motivo especifico,2026-07-16 23:06:09.166000+00:00,2026-07-16 23:05:49.331000+00:00
62704580507,Cotización,Estado De México,Abierto,Sin motivo especifico,2026-07-17 17:07:54.620000+00:00,2026-07-14 17:07:42.447000+00:00
62704589570,Cierre Ganado,Ciudad De México,Cerrado,Sin motivo especifico,2026-07-17 21:28:47.607000+00:00,2026-07-20 15:38:12.816000+00:00
62704589999,Cierre Ganado,Ciudad De México,Cerrado,Sin motivo especifico,2026-07-17 21:53:57.911000+00:00,2026-07-20 15:51:00.087000+00:00
62704650914,Cierre Ganado,Ciudad De México,Cerrado,Sin motivo especifico,2026-07-17 21:23:48.679000+00:00,2026-07-20 15:38:57.782000+00:00
62704682871,Cierre Ganado,Ciudad De México,Cerrado,Sin motivo especifico,2026-07-16 22:44:05.235000+00:00,2026-07-14 22:43:55.836000+00:00
62704683033,Cierre Ganado,Ciudad De México,Cerrado,Sin motivo especifico,2026-07-16 22:52:52.319000+00:00,2026-07-15 22:52:43.235000+00:00
62704683140,Cierre Ganado,Ciudad De México,Cerrado,Sin motivo especifico,2026-07-16 23:03:14.955000+00:00,2026-07-15 23:03:07.722000+00:00
62704683286,Cierre Ganado,Estado De México,Cerrado,Sin motivo especifico,2026-07-16 23:09:28.244000+00:00,2026-07-16 23:09:19.562000+00:00
62704684069,Cotización,Estado De México,Abierto,Sin motivo especifico,2026-07-17 00:06:33.193000+00:00,2026-07-17 00:06:28.965000+00:00
62704713012,Cierre Ganado,Ciudad De México,Cerrado,Sin motivo especifico,2026-07-17 21:33:02.201000+00:00,2026-07-20 15:38:47.666000+00:00
62706568527,Cierre Ganado,Ciudad De México,Cerrado,Sin motivo especifico,2026-07-17 21:34:06.031000+00:00,2026-07-20 15:38:55.609000+00:00
62706568960,Cierre Ganado,Ciudad De México,Cerrado,Sin motivo especifico,2026-07-17 21:57:08.615000+00:00,2026-07-20 15:53:15.821000+00:00
62706632102,Cierre Ganado,Ciudad De México,Cerrado,Sin motivo especifico,2026-07-17 21:47:28.946000+00:00,2026-07-20 15:49:03.546000+00:00
62706632238,Cierre Ganado,Ciudad De México,Cerrado,Sin motivo especifico,2026-07-17 21:51:46.794000+00:00,2026-07-20 15:49:52.964000+00:00
62750578555,Cierre Ganado,Ciudad De México,Cerrado,Sin motivo especifico,2026-07-16 22:36:27.463000+00:00,2026-07-14 22:35:39.835000+00:00
62750578802,Cierre Ganado,Estado De México,Cerrado,Sin motivo especifico,2026-07-16 22:50:30.986000+00:00,2026-07-15 22:50:22.183000+00:00
62750578863,Cierre Ganado,Ciudad De México,Cerrado,Sin motivo especifico,2026-07-16 22:54:52.306000+00:00,2026-07-15 22:54:38.758000+00:00
62750579301,Cierre Ganado,Ciudad De México,Cerrado,Sin motivo especifico,2026-07-16 23:23:27.812000+00:00,2026-07-16 23:23:17.925000+00:00
62750607460,Cierre Ganado,Ciudad De México,Cerrado,Sin motivo especifico,2026-07-17 21:48:52.172000+00:00,2026-07-20 15:49:49.391000+00:00
62750639132,Cierre Ganado,Estado De México,Cerrado,Sin motivo especifico,2026-07-16 22:31:39.725000+00:00,2026-07-14 22:31:08.363000+00:00
62750671275,Cierre Perdido,Ciudad De México,Cerrado,Sin Respuesta,2026-07-17 21:26:18.702000+00:00,2026-08-08 00:24:49.760000+00:00
62750671536,Cierre Ganado,Ciudad De México,Cerrado,Sin motivo especifico,2026-07-17 21:38:09.457000+00:00,2026-07-20 15:42:12.891000+00:00
62750671692,Cierre Ganado,Ciudad De México,Cerrado,Sin motivo especifico,2026-07-17 21:42:58.731000+00:00,2026-07-20 15:45:10.029000+00:00
62750671978,Cierre Ganado,Ciudad De México,Cerrado,Sin motivo especifico,2026-07-17 21:55:08.143000+00:00,2026-07-20 15:51:27.555000+00:00
62852982840,Cierre Ganado,Hidalgo,Cerrado,Sin motivo especifico,2026-07-20 23:29:54.355000+00:00,2026-07-21 00:01:50.845000+00:00
62852983082,Cierre Ganado,Ciudad De México,Cerrado,Sin motivo especifico,2026-07-20 23:49:13.823000+00:00,2026-07-21 00:06:31.619000+00:00
62853106716,Cierre Ganado,Ciudad De México,Cerrado,Sin motivo especifico,2026-07-20 23:33:32.367000+00:00,2026-07-21 00:06:49.404000+00:00
62853292590,Ganado,Ciudad De México,Cerrado,No tiene el dinero,2026-07-20 23:41:05.585000+00:00,2026-08-27 00:49:29.010000+00:00
62853292622,Cierre Ganado,Ciudad De México,Cerrado,Sin motivo especifico,2026-07-20 23:44:28.757000+00:00,2026-07-21 00:06:40.896000+00:00
62853345927,Cierre Ganado,Ciudad De México,Cerrado,Sin motivo especifico,2026-07-20 23:36:24.848000+00:00,2026-07-21 00:06:50.658000+00:00
62853346909,Cierre Ganado,Ciudad De México,Cerrado,Sin motivo especifico,2026-07-21 00:42:43.052000+00:00,2026-07-22 23:53:08.915000+00:00
62853540487,Cierre Ganado,Ciudad De México,Cerrado,Sin motivo especifico,2026-07-20 23:39:24.392000+00:00,2026-07-21 00:06:52.266000+00:00
62853540648,Cierre Ganado,Ciudad De México,Cerrado,Sin motivo especifico,2026-07-20 23:46:41.595000+00:00,2026-07-21 00:06:54.197000+00:00
62853540747,Cierre Ganado,Ciudad De México,Cerrado,Sin motivo especifico,2026-07-20 23:54:43.379000+00:00,2026-07-21 00:05:57.036000+00:00
62853602425,Cierre Ganado,Ciudad De México,Cerrado,Sin motivo especifico,2026-07-20 23:31:28.692000+00:00,2026-07-21 00:06:47.658000+00:00
62853602818,Cierre Ganado,Ciudad De México,Cerrado,Sin motivo especifico,2026-07-20 23:55:38.844000+00:00,2026-07-21 00:06:30.367000+00:00
62853602851,Cierre Ganado,Ciudad De México,Cerrado,Sin motivo especifico,2026-07-20 23:57:53.694000+00:00,2026-07-21 00:06:29.430000+00:00
62929801650,Cierre Ganado,Ciudad De México,Cerrado,Sin motivo especifico,2026-07-21 16:43:02.881000+00:00,2026-07-21 16:51:13.758000+00:00
63027353723,Cierre Ganado,Ciudad De México,Cerrado,Sin motivo especifico,2026-07-23 00:19:55.933000+00:00,2026-07-21 00:19:34.072000+00:00
63027353949,Cierre Ganado,Estado De México,Cerrado,Sin motivo especifico,2026-07-23 00:38:14.632000+00:00,2026-07-22 00:38:04.707000+00:00
63027371824,Cierre Ganado,Estado De México,Cerrado,Sin motivo especifico,2026-07-23 15:35:46.687000+00:00,2026-07-22 15:35:33.204000+00:00
63027372176,Cierre Ganado,Estado De México,Cerrado,Sin motivo especifico,2026-07-23 15:43:18.568000+00:00,2026-07-23 15:43:07.245000+00:00
63027387439,Cierre Ganado,Ciudad De México,Cerrado,Sin motivo especifico,2026-07-23 22:02:30.756000+00:00,2026-07-27 02:54:27.663000+00:00
63027387507,Cierre Ganado,Ciudad De México,Cerrado,Sin motivo especifico,2026-07-23 22:07:37.060000+00:00,2026-07-27 02:59:08.228000+00:00
63027592856,Cierre Ganado,Estado De México,Cerrado,Sin motivo especifico,2026-07-23 00:22:19.302000+00:00,2026-07-21 00:22:11.645000+00:00
63027593053,Cierre Ganado,Ciudad De México,Cerrado,Sin motivo especifico,2026-07-23 00:35:39.985000+00:00,2026-07-22 00:35:36.614000+00:00
63027593247,Cierre Ganado,Estado De México,Cerrado,Sin motivo especifico,2026-07-23 00:50:58.559000+00:00,2026-07-22 00:50:50.083000+00:00
63027593270,Cierre Ganado,Estado De México,Cerrado,Sin motivo especifico,2026-07-23 00:53:52.522000+00:00,2026-07-22 00:53:14.327000+00:00
63027610167,Cierre Ganado,Estado De México,Cerrado,Sin motivo especifico,2026-07-23 15:29:21.275000+00:00,2026-07-22 15:29:10.513000+00:00
63027626041,Cierre Ganado,Ciudad De México,Cerrado,Sin motivo especifico,2026-07-23 22:16:34.093000+00:00,2026-07-28 17:38:16.188000+00:00
63027626065,Cierre Ganado,Hidalgo,Cerrado,Sin motivo especifico,2026-07-23 22:18:41.066000+00:00,2026-07-27 03:00:15.480000+00:00
63027626090,Cierre Ganado,Ciudad De México,Cerrado,Sin motivo especifico,2026-07-23 22:20:19.956000+00:00,2026-07-27 02:59:44.656000+00:00
63027653518,Cierre Ganado,Morelos,Cerrado,Sin motivo especifico,2026-07-23 00:08:48.185000+00:00,2026-07-21 00:08:40.089000+00:00
63027670450,Cierre Ganado,Estado De México,Cerrado,Sin motivo especifico,2026-07-23 15:45:23.847000+00:00,2026-07-23 15:45:16.112000+00:00
63027683345,Cierre Ganado,Ciudad De México,Cerrado,Sin motivo especifico,2026-07-23 22:01:34.537000+00:00,2026-07-23 22:25:29.740000+00:00
63027715497,Cierre Ganado,Hidalgo,Cerrado,Sin motivo especifico,2026-07-22 23:58:11.980000+00:00,2026-07-17 23:58:02.447000+00:00
63027731887,Cierre Ganado,Morelos,Cerrado,Sin motivo especifico,2026-07-23 15:25:36.361000+00:00,2026-07-22 15:25:10.921000+00:00
63027732252,Cierre Ganado,Morelos,Cerrado,Sin motivo especifico,2026-07-23 15:33:02.678000+00:00,2026-07-22 15:32:52.351000+00:00
63027746738,Cierre Ganado,Ciudad De México,Cerrado,Sin motivo especifico,2026-07-23 22:05:06.691000+00:00,2026-07-27 02:57:49.447000+00:00
63027778127,Cierre Ganado,Estado De México,Cerrado,Sin motivo especifico,2026-07-22 23:28:40.325000+00:00,2026-07-22 23:30:12.014000+00:00
63027779197,Cierre Ganado,Estado De México,Cerrado,Sin motivo especifico,2026-07-23 00:46:25.294000+00:00,2026-07-22 00:46:16.138000+00:00
63027779375,Cierre Ganado,Estado De México,Cerrado,Sin motivo especifico,2026-07-23 00:58:49.830000+00:00,2026-07-23 00:58:40.721000+00:00
63027811892,Cierre Ganado,Hidalgo,Cerrado,Sin motivo especifico,2026-07-23 21:59:59.480000+00:00,2026-07-23 22:21:10.915000+00:00
63027812189,Cierre Ganado,Ciudad De México,Cerrado,Sin motivo especifico,2026-07-23 22:11:54.734000+00:00,2026-07-27 02:59:17.315000+00:00
63027812213,Cierre Ganado,Ciudad De México,Cerrado,Sin motivo especifico,2026-07-23 22:13:06.027000+00:00,2026-07-28 17:38:18.800000+00:00
63027841095,Cierre Ganado,Estado De México,Cerrado,Sin motivo especifico,2026-07-23 00:00:58.600000+00:00,2026-07-21 00:00:40.708000+00:00
63027841634,Cierre Ganado,Estado De México,Cerrado,Sin motivo especifico,2026-07-23 00:41:49.196000+00:00,2026-07-22 00:41:39.706000+00:00
63027841861,Cierre Ganado,Morelos,Cerrado,Sin motivo especifico,2026-07-23 01:01:09.956000+00:00,2026-08-01 01:00:04.221000+00:00
63027874568,Cierre Ganado,Ciudad De México,Cerrado,Sin motivo especifico,2026-07-23 21:51:44.562000+00:00,2026-07-23 22:21:00.516000+00:00
63027874582,Cierre Ganado,Ciudad De México,Cerrado,Sin motivo especifico,2026-07-23 21:52:53.828000+00:00,2026-07-23 22:21:04.972000+00:00
63027874899,Cierre Ganado,Ciudad De México,Cerrado,Sin motivo especifico,2026-07-23 22:09:01.390000+00:00,2026-07-28 17:38:21.506000+00:00
63027874922,Cierre Ganado,Ciudad De México,Cerrado,Sin motivo especifico,2026-07-23 22:10:16.319000+00:00,2026-07-28 17:38:20.130000+00:00
63027902848,Cierre Ganado,Estado De México,Cerrado,Sin motivo especifico,2026-07-23 00:44:12.018000+00:00,2026-07-22 00:44:05.869000+00:00
63027902887,Cierre Ganado,Morelos,Cerrado,Sin motivo especifico,2026-07-23 00:48:28.113000+00:00,2026-07-22 00:48:19.934000+00:00
63027933339,Cierre Ganado,Ciudad De México,Cerrado,Sin motivo especifico,2026-07-23 21:53:43.623000+00:00,2026-07-23 22:21:08.122000+00:00
63027933538,Cierre Ganado,Ciudad De México,Cerrado,Sin motivo especifico,2026-07-23 22:03:22.611000+00:00,2026-07-27 02:57:37.243000+00:00
63027933773,Cierre Ganado,Ciudad De México,Cerrado,Sin motivo especifico,2026-07-23 22:14:51.235000+00:00,2026-07-28 17:38:17.556000+00:00
63053404713,Cierre Ganado,Ciudad De México,Cerrado,Sin motivo especifico,2026-07-23 00:03:21.234000+00:00,2026-07-21 00:03:13.881000+00:00
63053404786,Cierre Ganado,Ciudad De México,Cerrado,Sin motivo especifico,2026-07-23 00:13:10.496000+00:00,2026-07-21 00:13:01.884000+00:00
63053404802,Cierre Ganado,Ciudad De México,Cerrado,Sin motivo especifico,2026-07-23 00:15:28.364000+00:00,2026-07-21 00:15:24.200000+00:00
63053405030,Cierre Ganado,Jalisco,Cerrado,Sin motivo especifico,2026-07-23 00:33:19.468000+00:00,2026-07-22 00:33:10.794000+00:00
63087266382,Cierre Ganado,Ciudad De México,Cerrado,Sin motivo especifico,2026-07-27 03:07:50.938000+00:00,2026-07-28 17:38:13.976000+00:00
63087266399,Cierre Ganado,Ciudad De México,Cerrado,Sin motivo especifico,2026-07-27 03:10:14.276000+00:00,2026-07-28 17:38:09.916000+00:00
63125332230,Cierre Ganado,Hidalgo,Cerrado,Sin motivo especifico,2026-07-27 03:12:06.393000+00:00,2026-07-28 17:38:08.551000+00:00
63125440353,Cierre Ganado,Ciudad De México,Cerrado,Sin motivo especifico,2026-07-27 03:09:17.575000+00:00,2026-07-28 17:38:11.831000+00:00
63222134608,Cierre Ganado,Ciudad De México,Cerrado,Sin motivo especifico,2026-07-28 18:21:44.466000+00:00,2026-07-28 18:51:53.270000+00:00
63222209199,Cierre Ganado,Morelos,Cerrado,Sin motivo especifico,2026-07-28 21:11:13.021000+00:00,2026-07-23 21:11:04.716000+00:00
63222209536,Cierre Ganado,Morelos,Cerrado,Sin motivo especifico,2026-07-28 21:18:31.379000+00:00,2026-07-24 21:18:23.849000+00:00
63222209588,Cierre Ganado,Ciudad De México,Cerrado,Sin motivo especifico,2026-07-28 21:20:28.837000+00:00,2026-07-24 21:20:21.317000+00:00
63222261797,Cierre Ganado,Ciudad De México,Cerrado,Sin motivo especifico,2026-07-28 18:14:28.347000+00:00,2026-07-28 18:51:55.489000+00:00
63222268952,Cierre Ganado,Estado De México,Cerrado,Sin motivo especifico,2026-07-28 21:16:10.275000+00:00,2026-07-24 21:16:01.927000+00:00
63222324818,Cierre Ganado,Ciudad De México,Cerrado,Sin motivo especifico,2026-07-28 18:37:03.220000+00:00,2026-07-28 18:51:51.171000+00:00
63222381896,Cierre Ganado,Ciudad De México,Cerrado,Sin motivo especifico,2026-07-28 16:51:06.265000+00:00,2026-07-31 16:50:10.078000+00:00
63222386220,Cierre Ganado,Ciudad De México,Cerrado,Sin motivo especifico,2026-07-28 18:38:28.943000+00:00,2026-07-28 18:51:49.958000+00:00
63222815348,Cierre Ganado,Ciudad De México,Cerrado,Sin motivo especifico,2026-07-28 18:23:51.039000+00:00,2026-07-28 18:51:52.259000+00:00
63222821913,Cierre Ganado,Ciudad De México,Cerrado,Sin motivo especifico,2026-07-28 21:14:18.731000+00:00,2026-07-24 21:14:09.745000+00:00
63222822154,Cierre Ganado,Estado De México,Cerrado,Sin motivo especifico,2026-07-28 21:22:22.219000+00:00,2026-07-24 21:22:13.680000+00:00
63222881326,Cierre Ganado,Ciudad De México,Cerrado,Sin motivo especifico,2026-07-28 18:20:22.113000+00:00,2026-07-28 18:51:54.333000+00:00
63222888288,Cierre Ganado,Ciudad De México,Cerrado,Sin motivo especifico,2026-07-28 21:06:01.895000+00:00,2026-07-23 21:05:53.706000+00:00
63222888352,Cierre Perdido,Estado De México,Cerrado,Sin interés detectado,2026-07-28 21:08:24.173000+00:00,2026-08-12 17:40:34.816000+00:00
63433627158,Cierre Ganado,Ciudad De México,Cerrado,Sin motivo especifico,2026-08-03 17:56:23.797000+00:00,2026-07-27 17:56:16.079000+00:00
63433627540,Cierre Ganado,Estado De México,Cerrado,Sin motivo especifico,2026-08-03 18:06:15.488000+00:00,2026-07-28 18:06:07.233000+00:00
63433627756,Cierre Ganado,Estado De México,Cerrado,Sin motivo especifico,2026-08-03 18:11:08.883000+00:00,2026-07-28 18:10:45.307000+00:00
63433628592,Cierre Ganado,Ciudad De México,Cerrado,Sin motivo especifico,2026-08-03 18:31:22.259000+00:00,2026-08-30 18:31:14.329000+00:00
63433628957,Cierre Ganado,Estado De México,Cerrado,Sin motivo especifico,2026-08-03 18:38:10.119000+00:00,2026-07-30 18:38:05.983000+00:00
63433630245,Cierre Ganado,Ciudad De México,Cerrado,Sin motivo especifico,2026-08-03 19:07:07.299000+00:00,2026-08-04 22:37:58.524000+00:00
63433688220,Cierre Ganado,Estado De México,Cerrado,Sin motivo especifico,2026-08-03 18:01:52.304000+00:00,2026-07-27 18:01:44.137000+00:00
63433753236,Cierre Ganado,Ciudad De México,Cerrado,Sin motivo especifico,2026-08-03 19:04:30.286000+00:00,2026-08-04 15:15:33.010000+00:00
63433794745,Cierre Ganado,Hidalgo,Cerrado,Sin motivo especifico,2026-08-04 22:44:37.905000+00:00,2026-08-04 22:45:05.493000+00:00
63433811827,Cierre Ganado,Ciudad De México,Cerrado,Sin motivo especifico,2026-08-03 17:46:22.773000+00:00,2026-08-03 17:47:03.241000+00:00
63433813088,Cierre Ganado,Ciudad De México,Cerrado,Sin motivo especifico,2026-08-03 18:16:49.806000+00:00,2026-07-29 18:16:41.398000+00:00
63433815988,Cierre Ganado,Ciudad De México,Cerrado,Sin motivo especifico,2026-08-03 19:27:27.728000+00:00,2026-08-04 15:15:25.294000+00:00
63433856521,Cierre Ganado,Hidalgo,Cerrado,Sin motivo especifico,2026-08-04 22:41:39.710000+00:00,2026-08-31 22:40:33.241000+00:00
63433935965,Cierre Ganado,Estado De México,Cerrado,Sin motivo especifico,2026-08-06 15:35:57.343000+00:00,2026-08-03 15:35:28.932000+00:00
63433936183,Cierre Ganado,Estado De México,Cerrado,Sin motivo especifico,2026-08-06 15:40:46.187000+00:00,2026-08-03 15:40:37.798000+00:00
63433936562,Cierre Ganado,Estado De México,Cerrado,Sin motivo especifico,2026-08-06 15:50:34.510000+00:00,2026-08-03 15:50:29.112000+00:00
63433942636,Cierre Ganado,Estado De México,Cerrado,Sin motivo especifico,2026-08-06 18:19:23.864000+00:00,2026-08-05 18:19:14.620000+00:00
63433995287,Cierre Ganado,Estado De México,Cerrado,Sin motivo especifico,2026-08-06 15:31:35.239000+00:00,2026-08-03 15:31:08.724000+00:00
63434001998,Cierre Ganado,Estado De México,Cerrado,Sin motivo especifico,2026-08-06 18:32:19.850000+00:00,2026-08-05 18:32:10.357000+00:00
63434010274,Cierre Ganado,Ciudad De México,Cerrado,Sin motivo especifico,2026-08-06 23:06:20.616000+00:00,2026-08-08 00:25:02.830000+00:00
63434064786,Cierre Ganado,Estado De México,Cerrado,Sin motivo especifico,2026-08-06 17:57:22.868000+00:00,2026-08-04 17:57:12.898000+00:00
63434065576,Cierre Ganado,Morelos,Cerrado,Sin motivo especifico,2026-08-06 18:16:38.361000+00:00,2026-08-04 18:16:28.031000+00:00
63434186572,Cierre Ganado,Estado De México,Cerrado,Sin motivo especifico,2026-08-06 17:54:56.753000+00:00,2026-08-03 17:54:46.630000+00:00
63434195566,Cierre Ganado,Estado De México,Cerrado,Sin motivo especifico,2026-08-06 23:07:31.889000+00:00,2026-08-05 23:07:02.941000+00:00
63434233602,Cierre Ganado,Estado De México,Cerrado,Sin motivo especifico,2026-08-06 18:01:36.338000+00:00,2026-08-04 18:01:30.267000+00:00
63434234014,Cierre Ganado,Estado De México,Cerrado,Sin motivo especifico,2026-08-06 18:14:05.538000+00:00,2026-08-04 18:10:31.995000+00:00
63434234950,Cierre Ganado,Estado De México,Cerrado,Sin motivo especifico,2026-08-06 18:34:24.996000+00:00,2026-08-05 18:34:11.089000+00:00
63436213410,Cierre Ganado,Ciudad De México,Cerrado,Sin motivo especifico,2026-08-03 18:03:51.422000+00:00,2026-07-28 18:03:44.749000+00:00
63436214599,Cierre Ganado,Ciudad De México,Cerrado,Sin motivo especifico,2026-08-03 18:33:41.691000+00:00,2026-08-03 20:18:00.127000+00:00
63436214871,Cierre Ganado,Estado De México,Cerrado,Sin motivo especifico,2026-08-03 18:40:52.186000+00:00,2026-07-30 18:40:43.043000+00:00
63436217856,Cierre Ganado,Ciudad De México,Cerrado,Sin motivo especifico,2026-08-03 19:52:15.491000+00:00,2026-08-04 15:15:22.290000+00:00
63436240921,Cierre Perdido,Ciudad De México,Cerrado,Sin interés detectado,2026-08-04 15:19:05.409000+00:00,2026-08-10 18:37:55.399000+00:00
63436257608,Cierre Ganado,Hidalgo,Cerrado,Sin motivo especifico,2026-08-04 22:43:07.663000+00:00,2026-08-06 15:18:48.490000+00:00
63436276342,Cierre Ganado,Ciudad De México,Cerrado,Sin motivo especifico,2026-08-03 18:23:13.535000+00:00,2026-07-29 18:22:45.857000+00:00
63436276564,Cierre Ganado,Estado De México,Cerrado,Sin motivo especifico,2026-08-03 18:27:47.020000+00:00,2026-07-29 18:27:34.467000+00:00
63436277875,Cierre Ganado,Ciudad De México,Cerrado,Sin motivo especifico,2026-08-03 18:57:36.466000+00:00,2026-08-04 15:15:35.637000+00:00
63436278611,Cierre Ganado,Ciudad De México,Cerrado,Sin motivo especifico,2026-08-03 19:13:13.365000+00:00,2026-08-04 15:15:31.491000+00:00
63436279367,Cierre Ganado,Ciudad De México,Cerrado,Sin motivo especifico,2026-08-03 19:30:57.694000+00:00,2026-08-04 15:15:24.076000+00:00
63436338526,Cierre Ganado,Ciudad De México,Cerrado,Sin motivo especifico,2026-08-03 18:59:42.094000+00:00,2026-08-04 15:15:34.229000+00:00
63436339234,Cierre Ganado,Ciudad De México,Cerrado,Sin motivo especifico,2026-08-03 19:16:38.376000+00:00,2026-08-04 15:15:26.880000+00:00
63436377348,Cierre Ganado,Ciudad De México,Cerrado,Sin motivo especifico,2026-08-04 22:39:12.823000+00:00,2026-08-04 22:39:39.848000+00:00
63436398515,Cierre Ganado,Ciudad De México,Cerrado,Sin motivo especifico,2026-08-03 17:57:45.830000+00:00,2026-07-27 17:57:38.610000+00:00
63436399656,Cierre Ganado,Ciudad De México,Cerrado,Sin motivo especifico,2026-08-03 18:25:48.574000+00:00,2026-07-29 18:25:40.087000+00:00
63436399880,Cierre Ganado,Ciudad De México,Cerrado,Sin motivo especifico,2026-08-03 18:31:03.210000+00:00,2026-08-03 20:17:33.684000+00:00
63436400412,Cierre Ganado,Ciudad De México,Cerrado,Sin motivo especifico,2026-08-03 18:44:00.100000+00:00,2026-07-31 18:43:41.568000+00:00
63436401780,Cierre Ganado,Ciudad De México,Cerrado,Sin motivo especifico,2026-08-03 19:15:42.744000+00:00,2026-08-04 15:15:28.232000+00:00
63436662656,Cierre Ganado,Jalisco,Cerrado,Sin motivo especifico,2026-08-06 18:04:17.208000+00:00,2026-08-04 18:04:08.863000+00:00
63436663698,Cierre Ganado,Estado De México,Cerrado,Sin motivo especifico,2026-08-06 18:36:43.888000+00:00,2026-08-05 18:36:35.917000+00:00
63436720984,Cierre Ganado,Estado De México,Cerrado,Sin motivo especifico,2026-08-06 15:58:50.243000+00:00,2026-08-03 15:58:31.072000+00:00
63436768285,Cierre Ganado,Estado De México,Cerrado,Sin motivo especifico,2026-08-06 17:59:24.210000+00:00,2026-08-04 17:59:16.559000+00:00
63436773224,Cierre Ganado,Estado De México,Cerrado,Sin motivo especifico,2026-08-06 19:55:12.616000+00:00,2026-08-05 19:55:05.032000+00:00
63436778582,Cierre Ganado,Estado De México,Cerrado,Sin motivo especifico,2026-08-06 22:50:34.940000+00:00,2026-08-06 23:44:05.483000+00:00
63436778676,Cierre Ganado,Ciudad De México,Cerrado,Sin motivo especifico,2026-08-06 22:57:05.642000+00:00,2026-08-08 00:25:05.424000+00:00
63472142650,Calificado Para Comprar,sin estado,Abierto,Sin motivo especifico,,
63472225628,Calificado Para Comprar,sin estado,Abierto,Sin motivo especifico,,
63476800289,Calificado Para Comprar,sin estado,Abierto,Sin motivo especifico,,
63513956264,Cierre Ganado,Ciudad De México,Cerrado,Sin motivo especifico,2026-08-06 22:41:14.874000+00:00,2026-08-08 00:25:07.868000+00:00
63513956525,Cierre Ganado,Ciudad De México,Cerrado,Sin motivo especifico,2026-08-06 22:55:31.135000+00:00,2026-08-08 00:25:06.483000+00:00
63513956693,Cierre Ganado,Ciudad De México,Cerrado,Sin motivo especifico,2026-08-06 23:03:04.041000+00:00,2026-08-08 00:25:04.388000+00:00
63549178761,Calificado Para Comprar,sin estado,Abierto,Sin motivo especifico,,
63550936079,Calificado Para Comprar,sin estado,Abierto,Sin motivo especifico,,
63680246562,Ganado,Ciudad De México,Cerrado,Sin motivo especifico,2026-08-11 00:36:05.065000+00:00,2026-08-21 22:38:21.579000+00:00
63680246582,Cierre Ganado,Ciudad De México,Cerrado,Sin motivo especifico,2026-08-11 00:38:26.911000+00:00,2026-08-11 00:47:14.528000+00:00
63680246629,Cierre Ganado,Ciudad De México,Cerrado,Sin motivo especifico,2026-08-11 00:44:32.690000+00:00,2026-08-20 00:36:10.431000+00:00
63683062448,Calificado Para Comprar,sin estado,Abierto,Sin motivo especifico,,
63683327771,Cierre Ganado,Ciudad De México,Cerrado,Sin motivo especifico,2026-08-11 00:39:24.588000+00:00,2026-08-11 00:47:13.184000+00:00
63683333945,Cierre Ganado,Ciudad De México,Cerrado,Sin motivo especifico,2026-08-11 00:46:45.878000+00:00,2026-08-11 00:47:05.465000+00:00
63683335315,Cierre Ganado,Ciudad De México,Cerrado,Sin motivo especifico,2026-08-11 00:40:51.296000+00:00,2026-08-11 00:47:11.843000+00:00
63683336574,Cierre Ganado,Ciudad De México,Cerrado,Sin motivo especifico,2026-08-11 00:41:30.266000+00:00,2026-08-11 00:47:10.745000+00:00
63683338100,Cierre Ganado,Ciudad De México,Cerrado,Sin motivo especifico,2026-08-11 00:45:27.759000+00:00,2026-08-11 00:47:06.667000+00:00
63683338853,Cierre Ganado,Ciudad De México,Cerrado,Sin motivo especifico,2026-08-11 00:42:31.449000+00:00,2026-08-11 00:47:09.401000+00:00
63717415328,Cierre Ganado,Estado De México,Cerrado,Sin motivo especifico,2026-08-11 22:03:08.580000+00:00,2026-08-06 22:02:57.977000+00:00
63718116184,Cierre Ganado,Ciudad De México,Cerrado,Sin motivo especifico,2026-08-11 21:58:45.453000+00:00,2026-08-06 21:58:33.073000+00:00
63718116409,Cierre Ganado,Estado De México,Cerrado,Sin motivo especifico,2026-08-11 22:08:51.814000+00:00,2026-08-06 22:08:28.733000+00:00
63739288219,Ganado,Ciudad De México,Cerrado,Sin motivo especifico,2026-08-11 21:19:47.256000+00:00,2026-08-21 22:38:25.390000+00:00
63739289674,Cierre Ganado,Ciudad De México,Cerrado,Sin motivo especifico,2026-08-11 22:11:04.439000+00:00,2026-08-06 22:10:46.776000+00:00
63739289723,Cierre Ganado,Estado De México,Cerrado,Sin motivo especifico,2026-08-11 22:14:43.081000+00:00,2026-08-06 22:14:33.760000+00:00
63739289766,Cierre Ganado,Estado De México,Cerrado,Sin motivo especifico,2026-08-11 22:17:01.629000+00:00,2026-08-06 22:16:52.861000+00:00
63739290149,Cierre Ganado,Estado De México,Cerrado,Sin motivo especifico,2026-08-11 22:31:21.002000+00:00,2026-08-07 22:31:05.778000+00:00
63739290212,Cierre Ganado,Estado De México,Cerrado,Sin motivo especifico,2026-08-11 22:35:22.982000+00:00,2026-08-07 22:35:12.234000+00:00
63739290407,Cierre Ganado,Querétaro,Cerrado,Sin motivo especifico,2026-08-11 22:43:28.566000+00:00,2026-08-10 22:43:18.163000+00:00
63739353234,Cierre Ganado,Morelos,Cerrado,Sin motivo especifico,2026-08-11 22:25:46.694000+00:00,2026-08-07 22:25:37.959000+00:00
63739354010,Cierre Ganado,Estado De México,Cerrado,Sin motivo especifico,2026-08-11 23:03:59.098000+00:00,2026-08-31 23:03:12.061000+00:00
63739916575,Cierre Ganado,Estado De México,Cerrado,Sin motivo especifico,2026-08-11 22:19:27.981000+00:00,2026-08-07 22:19:16.209000+00:00
63739916891,Cierre Ganado,Estado De México,Cerrado,Sin motivo especifico,2026-08-11 22:37:22.517000+00:00,2026-08-10 22:37:10.615000+00:00
63739917450,Cierre Ganado,Estado De México,Cerrado,Sin motivo especifico,2026-08-11 23:08:09.211000+00:00,2026-08-11 23:08:01.333000+00:00
63739917484,Cierre Ganado,Estado De México,Cerrado,Sin motivo especifico,2026-08-11 23:11:01.078000+00:00,2026-08-11 23:10:39.611000+00:00
63739978652,Cierre Ganado,Morelos,Cerrado,Sin motivo especifico,2026-08-11 22:00:59.864000+00:00,2026-08-06 22:00:37.076000+00:00
63739980870,Cierre Ganado,Ciudad De México,Cerrado,Sin motivo especifico,2026-08-11 22:49:10.782000+00:00,2026-08-10 22:49:01.095000+00:00
63739981179,Cierre Ganado,Estado De México,Cerrado,Sin motivo especifico,2026-08-11 23:06:06.681000+00:00,2026-08-11 23:06:01.170000+00:00
63765412957,Cierre Ganado,Estado De México,Cerrado,Sin motivo especifico,2026-08-12 15:21:26.559000+00:00,2026-08-12 15:21:06.774000+00:00
63765413506,Cierre Ganado,Estado De México,Cerrado,Sin motivo especifico,2026-08-12 15:32:50.601000+00:00,2026-08-12 15:25:39.374000+00:00
63765785945,Cierre Ganado,Ciudad De México,Cerrado,Sin motivo especifico,2026-08-12 22:26:30.356000+00:00,2026-08-12 22:26:24.677000+00:00
63767772300,Cierre Ganado,Estado De México,Cerrado,Sin motivo especifico,2026-08-12 22:22:28.371000+00:00,2026-08-12 22:22:18.151000+00:00
63767772334,Cierre Ganado,Estado De México,Cerrado,Sin motivo especifico,2026-08-12 22:24:30.749000+00:00,2026-08-12 22:24:26.907000+00:00
63767772458,Cierre Ganado,Estado De México,Cerrado,Sin motivo especifico,2026-08-12 22:29:16.570000+00:00,2026-08-12 22:29:11.027000+00:00
63835053926,Cierre Ganado,Ciudad De México,Cerrado,Sin motivo especifico,2026-08-13 21:16:04.019000+00:00,2026-08-14 22:56:51.531000+00:00
63835053946,Cierre Ganado,Ciudad De México,Cerrado,Sin motivo especifico,2026-08-13 21:17:01.221000+00:00,2026-08-14 22:56:49.655000+00:00
63835113830,Cierre Ganado,Ciudad De México,Cerrado,Sin motivo especifico,2026-08-13 20:58:07.515000+00:00,2026-08-14 22:56:59.412000+00:00
63836848699,Cierre Ganado,Ciudad De México,Cerrado,Sin motivo especifico,2026-08-13 21:00:22.695000+00:00,2026-08-14 22:56:57.970000+00:00
63836849304,Ganado,Ciudad De México,Cerrado,Sin motivo especifico,2026-08-13 21:22:09.166000+00:00,2026-08-21 22:38:28.662000+00:00
63836973100,Cierre Ganado,Ciudad De México,Cerrado,Sin motivo especifico,2026-08-13 21:14:18.544000+00:00,2026-08-14 22:56:53.523000+00:00
63836973325,Cierre Ganado,Ciudad De México,Cerrado,Sin motivo especifico,2026-08-13 21:21:10.431000+00:00,2026-08-14 22:56:44.571000+00:00
63837033350,Cierre Ganado,Ciudad De México,Cerrado,Sin motivo especifico,2026-08-13 20:48:27.313000+00:00,2026-08-17 15:33:17.586000+00:00
63837034169,Cierre Ganado,Ciudad De México,Cerrado,Sin motivo especifico,2026-08-13 21:18:51.957000+00:00,2026-08-14 22:56:47.689000+00:00
63837097095,Cierre Ganado,Ciudad De México,Cerrado,Sin motivo especifico,2026-08-13 21:05:30.851000+00:00,2026-08-14 22:56:56.507000+00:00
63837097568,Cierre Ganado,Ciudad De México,Cerrado,Sin motivo especifico,2026-08-13 21:19:46.648000+00:00,2026-08-14 22:56:46.033000+00:00
63837157995,Cierre Ganado,Querétaro,Cerrado,Sin motivo especifico,2026-08-13 20:49:26.183000+00:00,2026-08-17 15:33:16.160000+00:00
63837158161,Cierre Ganado,Ciudad De México,Cerrado,Sin motivo especifico,2026-08-13 20:52:37.892000+00:00,2026-08-17 15:33:14.672000+00:00
63837158264,Cierre Ganado,Ciudad De México,Cerrado,Sin motivo especifico,2026-08-13 20:56:35.008000+00:00,2026-08-17 15:33:13.451000+00:00
63837158700,Cierre Ganado,Ciudad De México,Cerrado,Sin motivo especifico,2026-08-13 21:08:04.924000+00:00,2026-08-14 22:56:54.981000+00:00
63872790443,Calificado Para Comprar,sin estado,Abierto,Sin motivo especifico,,
63875886161,Calificado Para Comprar,sin estado,Abierto,Sin motivo especifico,,
64133282889,Cierre Ganado,Hidalgo,Cerrado,Sin motivo especifico,2026-08-18 17:32:42.300000+00:00,2026-08-18 22:46:59.226000+00:00
64133344615,Cierre Ganado,Ciudad De México,Cerrado,Sin motivo especifico,2026-08-18 17:39:02.982000+00:00,2026-08-18 22:46:53.113000+00:00
64133405296,Cierre Ganado,Hidalgo,Cerrado,Sin motivo especifico,2026-08-18 16:49:26.506000+00:00,2026-08-18 22:47:05.739000+00:00
64133407128,Cierre Ganado,Ciudad De México,Cerrado,Sin motivo especifico,2026-08-18 17:36:22.033000+00:00,2026-08-18 22:46:56.647000+00:00
64133418015,Ganado,Ciudad De México,Cerrado,Sin motivo especifico,2026-08-18 22:58:31.200000+00:00,2026-08-21 22:38:42.800000+00:00
64133467031,Ganado,Ciudad De México,Cerrado,Sin motivo especifico,2026-08-18 17:13:59.855000+00:00,2026-08-21 22:38:31.675000+00:00
64133467480,Ganado,Ciudad De México,Cerrado,Sin motivo especifico,2026-08-18 17:24:09.799000+00:00,2026-08-21 22:38:34.569000+00:00
64133468049,Ganado,Ciudad De México,Cerrado,Sin motivo especifico,2026-08-18 17:40:31.310000+00:00,2026-08-21 22:38:37.241000+00:00
64133528342,Cierre Ganado,Ciudad De México,Cerrado,Sin motivo especifico,2026-08-18 16:47:47.673000+00:00,2026-08-18 22:47:07.158000+00:00
64133529872,Cierre Ganado,Ciudad De México,Cerrado,Sin motivo especifico,2026-08-18 17:22:59.531000+00:00,2026-08-18 22:47:01.919000+00:00
64133542709,Ganado,Sinaloa,Cerrado,Sin motivo especifico,2026-08-18 22:53:11.857000+00:00,2026-08-21 22:38:39.989000+00:00
64133902080,Cierre Ganado,Ciudad De México,Cerrado,Sin motivo especifico,2026-08-18 17:37:24.089000+00:00,2026-08-18 22:46:55.007000+00:00
64135986560,Calificado Para Comprar,sin estado,Abierto,Sin motivo especifico,,
64136292986,Calificado Para Comprar,sin estado,Abierto,Sin motivo especifico,,
64137936205,Calificado Para Comprar,sin estado,Abierto,Sin motivo especifico,,
64153075788,Calificado Para Comprar,sin estado,Abierto,Sin motivo especifico,,
64157002839,Calificado Para Comprar,sin estado,Abierto,Sin motivo especifico,,
64175144728,Cierre Ganado,Estado De México,Cerrado,Sin motivo especifico,2026-08-19 20:00:07.270000+00:00,2026-08-14 19:59:58.137000+00:00
64175147189,Cierre Ganado,Estado De México,Cerrado,Sin motivo especifico,2026-08-19 20:58:52.155000+00:00,2026-08-18 20:58:36.479000+00:00
64175147556,Cierre Ganado,Estado De México,Cerrado,Sin motivo especifico,2026-08-19 21:07:06.285000+00:00,2026-08-19 21:06:56.903000+00:00
64175183681,Ganado,Ciudad De México,Cerrado,Sin motivo especifico,2026-08-20 20:53:43.834000+00:00,2026-08-21 23:19:53.833000+00:00
64175205193,Cierre Ganado,Morelos,Cerrado,Sin motivo especifico,2026-08-19 19:41:00.606000+00:00,2026-08-13 19:24:54.622000+00:00
64175205717,Cierre Ganado,Estado De México,Cerrado,Sin motivo especifico,2026-08-19 19:54:41.363000+00:00,2026-08-13 19:54:32.568000+00:00
64175207723,Cierre Ganado,Estado De México,Cerrado,Sin motivo especifico,2026-08-19 20:49:13.881000+00:00,2026-08-17 20:49:04.412000+00:00
64175238432,Perdido,sin estado,Cerrado,Falta de producto,2026-08-20 20:08:31.272000+00:00,2026-08-20 20:08:56.448000+00:00
64175239015,Ganado,Ciudad De México,Cerrado,Sin motivo especifico,2026-08-20 20:24:44.266000+00:00,2026-08-21 23:19:43.141000+00:00
64175265928,Cierre Ganado,Aguascalientes,Cerrado,Sin motivo especifico,2026-08-19 19:20:13.806000+00:00,2026-08-12 19:19:55.836000+00:00
64175300223,Ganado,Ciudad De México,Cerrado,Sin motivo especifico,2026-08-20 20:19:06.515000+00:00,2026-08-21 23:19:37.698000+00:00
64175300387,Ganado,Ciudad De México,Cerrado,Sin motivo especifico,2026-08-20 20:23:09.794000+00:00,2026-08-21 23:19:40.237000+00:00
64175300706,Ganado,Ciudad De México,Cerrado,Sin motivo especifico,2026-08-20 20:31:30.425000+00:00,2026-08-21 23:19:32.684000+00:00
64175329641,Cierre Ganado,Estado De México,Cerrado,Sin motivo especifico,2026-08-19 19:50:24.905000+00:00,2026-08-13 19:50:09.351000+00:00
64175332174,Cierre Ganado,Estado De México,Cerrado,Sin motivo especifico,2026-08-19 20:54:49.169000+00:00,2026-08-17 20:54:40.568000+00:00
64175332224,Cierre Ganado,Estado De México,Cerrado,Sin motivo especifico,2026-08-19 20:56:43.359000+00:00,2026-08-18 20:59:13.857000+00:00
64175392651,Cierre Ganado,Estado De México,Cerrado,Sin motivo especifico,2026-08-19 20:15:24.266000+00:00,2026-08-14 20:15:10.333000+00:00
64175424042,Ganado,Estado De México,Cerrado,Sin motivo especifico,2026-08-20 18:49:21.981000+00:00,2026-08-20 19:42:12.813000+00:00
64175427478,Ganado,Ciudad De México,Cerrado,Sin motivo especifico,2026-08-20 20:17:09.111000+00:00,2026-08-21 23:19:34.979000+00:00
64175428113,Ganado,Hidalgo,Cerrado,Sin motivo especifico,2026-08-20 20:32:41.021000+00:00,2026-08-21 23:19:48.469000+00:00
64175428266,Ganado,Estado De México,Cerrado,Sin motivo especifico,2026-08-20 20:37:48.163000+00:00,2026-08-20 20:46:32.604000+00:00
64175453705,Cierre Ganado,Morelos,Cerrado,Sin motivo especifico,2026-08-19 20:04:02.160000+00:00,2026-08-14 20:03:49.825000+00:00
64175453998,Cierre Ganado,Ciudad De México,Cerrado,Sin motivo especifico,2026-08-19 20:11:45.879000+00:00,2026-08-14 20:11:36.311000+00:00
64175455492,Cierre Ganado,Ciudad De México,Cerrado,Sin motivo especifico,2026-08-19 20:52:39.808000+00:00,2026-08-17 20:52:28.124000+00:00
64175457690,Negociación,Hidalgo,Abierto,Sin motivo especifico,2026-08-19 22:20:54.604000+00:00,2026-08-31 22:20:41.375000+00:00
64175486067,Ganado,Ciudad De México,Cerrado,Sin motivo especifico,2026-08-20 20:29:14.490000+00:00,2026-08-21 23:19:45.940000+00:00
64175486742,Ganado,Estado De México,Cerrado,Sin motivo especifico,2026-08-20 20:47:28.644000+00:00,2026-08-20 23:47:27.158000+00:00
64175512834,Cierre Ganado,Estado De México,Cerrado,Sin motivo especifico,2026-08-19 18:52:36.873000+00:00,2026-08-19 18:52:19.495000+00:00
64175515549,Cierre Ganado,Estado De México,Cerrado,Sin motivo especifico,2026-08-19 19:58:03.919000+00:00,2026-08-14 19:57:55.325000+00:00
64175515981,Cierre Ganado,Estado De México,Cerrado,Sin motivo especifico,2026-08-19 20:07:13.061000+00:00,2026-08-14 20:07:02.750000+00:00
64175517503,Cierre Ganado,Ciudad De México,Cerrado,Sin motivo especifico,2026-08-19 20:46:41.149000+00:00,2026-08-17 20:46:26.273000+00:00
64175518117,Cierre Ganado,Estado De México,Cerrado,Sin motivo especifico,2026-08-19 21:04:22.498000+00:00,2026-08-19 21:04:12.210000+00:00
64175541433,Ganado,Ciudad De México,Cerrado,Sin motivo especifico,2026-08-20 16:50:38.668000+00:00,2026-08-21 22:38:45.642000+00:00
64178116986,Cierre Ganado,Morelos,Cerrado,Sin motivo especifico,2026-08-19 20:09:17.606000+00:00,2026-08-14 20:09:05.145000+00:00
64178118981,Cierre Ganado,Estado De México,Cerrado,Sin motivo especifico,2026-08-19 21:01:35.552000+00:00,2026-08-18 21:01:11.668000+00:00
64178151721,Ganado,Ciudad De México,Cerrado,Sin motivo especifico,2026-08-20 20:30:18.950000+00:00,2026-08-21 23:19:30.188000+00:00
64178151967,Ganado,Ciudad De México,Cerrado,Sin motivo especifico,2026-08-20 20:37:33.219000+00:00,2026-08-21 23:19:51.025000+00:00
64248593737,Ganado,Ciudad De México,Cerrado,Sin motivo especifico,2026-08-21 20:52:38.728000+00:00,2026-08-21 21:37:43.274000+00:00
64250243248,Ganado,Ciudad De México,Cerrado,Sin motivo especifico,2026-08-21 22:51:04.821000+00:00,2026-08-21 22:51:44.940000+00:00
64250247936,Ganado,Ciudad De México,Cerrado,Sin motivo especifico,2026-08-21 23:10:47.841000+00:00,2026-08-26 17:26:45.876000+00:00
64250248255,Ganado,Ciudad De México,Cerrado,Sin motivo especifico,2026-08-21 23:37:28.342000+00:00,2026-08-24 23:02:15.906000+00:00
64250248277,Ganado,Ciudad De México,Cerrado,Sin motivo especifico,2026-08-21 23:42:07.989000+00:00,2026-08-24 23:02:09.059000+00:00
64251886617,Ganado,Estado De México,Cerrado,Sin motivo especifico,2026-08-21 22:53:20.494000+00:00,2026-08-21 22:54:18.122000+00:00
64251887717,Ganado,Ciudad De México,Cerrado,Sin motivo especifico,2026-08-21 23:53:48.648000+00:00,2026-08-24 23:02:03.661000+00:00
64251888456,Ganado,Ciudad De México,Cerrado,Sin motivo especifico,2026-08-21 23:39:35.637000+00:00,2026-08-24 23:02:12.223000+00:00
64251906188,Ganado,Ciudad De México,Cerrado,Sin motivo especifico,2026-08-21 23:49:10.175000+00:00,2026-08-24 23:02:06.367000+00:00
64466575540,Perdido,Ciudad De México,Cerrado,Sin Respuesta,2026-08-28 18:18:52.193000+00:00,2026-09-01 22:46:00.104000+00:00
64251906217,Ganado,Ciudad De México,Cerrado,Sin motivo especifico,2026-08-21 23:55:01.054000+00:00,2026-08-24 23:02:00.631000+00:00
64285457986,Perdido,Ciudad De México,Cerrado,No tiene el dinero,2026-08-24 15:28:48.688000+00:00,2026-08-31 18:40:40.840000+00:00
64286336535,Ganado,Ciudad De México,Cerrado,Sin motivo especifico,2026-08-24 17:10:41.320000+00:00,2026-08-24 23:15:03.134000+00:00
64287763467,Ganado,Estado De México,Cerrado,Sin motivo especifico,2026-08-24 17:17:58.480000+00:00,2026-08-24 23:14:23.152000+00:00
64288634444,Ganado,Ciudad De México,Cerrado,Sin motivo especifico,2026-08-24 23:53:43.205000+00:00,2026-08-25 22:53:11.812000+00:00
64288695824,Ganado,Estado De México,Cerrado,Sin motivo especifico,2026-08-25 00:25:34.426000+00:00,2026-08-26 17:26:04.544000+00:00
64288758182,Ganado,Ciudad De México,Cerrado,Sin motivo especifico,2026-08-24 23:56:26.906000+00:00,2026-08-25 22:53:09.060000+00:00
64288758421,Ganado,Ciudad De México,Cerrado,Sin motivo especifico,2026-08-25 00:11:32.450000+00:00,2026-08-25 22:52:56.368000+00:00
64288881032,Ganado,Ciudad De México,Cerrado,Sin motivo especifico,2026-08-24 23:32:12.955000+00:00,2026-08-25 00:16:27.033000+00:00
64288944962,Ganado,Ciudad De México,Cerrado,Sin motivo especifico,2026-08-25 00:03:13.006000+00:00,2026-08-25 22:53:02.273000+00:00
64291640385,Ganado,Ciudad De México,Cerrado,Sin motivo especifico,2026-08-24 23:57:43.997000+00:00,2026-08-25 22:53:05.636000+00:00
64291640495,Ganado,Ciudad De México,Cerrado,Sin motivo especifico,2026-08-25 00:09:22.423000+00:00,2026-08-25 22:52:59.614000+00:00
64294846304,Ganado,Ciudad De México,Cerrado,Sin motivo especifico,2026-08-25 00:13:47.058000+00:00,2026-08-25 22:52:53.782000+00:00
64333599405,Perdido,Estado De México,Cerrado,Falta de producto,2026-08-26 00:51:20.563000+00:00,2026-08-27 16:52:02.016000+00:00
64333621000,Ganado,Ciudad De México,Cerrado,Sin motivo especifico,2026-08-26 17:30:01.735000+00:00,2026-08-27 17:07:18.955000+00:00
64333661860,Perdido,Morelos,Cerrado,Sin interés detectado,2026-08-26 00:52:02.900000+00:00,2026-08-27 16:37:02.442000+00:00
64333698705,Ganado,Hidalgo,Cerrado,Sin motivo especifico,2026-08-27 00:32:50.187000+00:00,2026-08-27 00:49:35.094000+00:00
64333698741,Ganado,Ciudad De México,Cerrado,Sin motivo especifico,2026-08-27 00:36:40.435000+00:00,2026-08-27 00:49:37.529000+00:00
64333698838,Ganado,Ciudad De México,Cerrado,Sin motivo especifico,2026-08-27 00:39:28.381000+00:00,2026-09-01 19:36:35.667000+00:00
64333722413,Contactado,Estado De México,Abierto,Sin motivo especifico,2026-08-26 00:52:53.182000+00:00,2026-09-01 00:52:49.911000+00:00
64333743394,Ganado,Ciudad De México,Cerrado,Sin motivo especifico,2026-08-26 17:22:29.549000+00:00,2026-08-26 17:23:16.429000+00:00
64333755810,Ganado,Ciudad De México,Cerrado,Sin motivo especifico,2026-08-27 00:25:34.085000+00:00,2026-08-27 00:49:31.945000+00:00
64337343793,Perdido,Hidalgo,Cerrado,Falta de producto,2026-08-25 20:36:27.564000+00:00,2026-08-25 22:33:06.855000+00:00
64338298385,Perdido,Estado De México,Cerrado,Sin Respuesta,2026-08-26 00:53:46.585000+00:00,2026-09-02 16:16:43.459000+00:00
64338334097,Ganado,Ciudad De México,Cerrado,Sin motivo especifico,2026-08-27 00:34:15.755000+00:00,2026-08-27 00:49:39.608000+00:00
64338334210,Ganado,Ciudad De México,Cerrado,Sin motivo especifico,2026-08-27 00:38:10.460000+00:00,2026-08-27 00:49:42.931000+00:00
64338421630,Ganado,Estado De México,Cerrado,Sin motivo especifico,2026-08-26 00:39:36.246000+00:00,2026-08-27 17:08:21.372000+00:00
64338421830,Perdido,Morelos,Cerrado,Sin Respuesta,2026-08-26 00:51:36.321000+00:00,2026-09-01 17:37:42.095000+00:00
64338421832,Perdido,Estado De México,Cerrado,Sin interés detectado,2026-08-26 00:51:55.177000+00:00,2026-08-27 16:52:30.836000+00:00
64338478718,Ganado,Ciudad De México,Cerrado,Sin motivo especifico,2026-08-27 18:05:55.794000+00:00,2026-08-27 18:06:32.819000+00:00
64338482742,Perdido,Estado De México,Cerrado,Sin interés detectado,2026-08-26 00:51:09.082000+00:00,2026-09-01 22:19:14.147000+00:00
64338482763,Lead,Morelos,Abierto,Sin motivo especifico,2026-08-26 00:53:02.398000+00:00,2026-09-01 00:52:58.446000+00:00
64338544541,Perdido,Morelos,Cerrado,Sin interés detectado,2026-08-26 00:51:29.817000+00:00,2026-08-27 16:36:11.286000+00:00
64338544561,Lead,Morelos,Abierto,Sin motivo especifico,2026-08-26 00:53:11.094000+00:00,2026-09-01 00:53:07.428000+00:00
64371543185,Perdido,Ciudad De México,Cerrado,Sin Respuesta,2026-08-26 23:37:50.429000+00:00,2026-09-02 16:16:56.164000+00:00
64374472781,Perdido,Ciudad De México,Cerrado,Sin Respuesta,2026-08-26 17:55:35.651000+00:00,2026-09-02 16:16:50.073000+00:00
64383269515,Perdido,Estado De México,Cerrado,Sin Respuesta,2026-08-26 15:18:54.777000+00:00,2026-09-02 00:25:26.945000+00:00
64390271918,Perdido,Morelos,Cerrado,Sin interés detectado,2026-08-27 15:42:42.692000+00:00,2026-09-02 00:26:10.834000+00:00
64411705270,Perdido,Morelos,Cerrado,Sin Respuesta,2026-08-27 16:13:37.332000+00:00,2026-08-27 16:24:20.270000+00:00
64413141048,Perdido,Morelos,Cerrado,Sin interés detectado,2026-08-27 16:30:39.962000+00:00,2026-08-27 16:50:15.224000+00:00
64413155109,Perdido,Morelos,Cerrado,Sin interés detectado,2026-08-27 16:30:40.298000+00:00,2026-08-27 16:36:31.381000+00:00
64413441563,Ganado,Querétaro,Cerrado,Sin motivo especifico,2026-08-27 18:02:14.084000+00:00,2026-08-27 18:03:28.585000+00:00
64413651229,Ganado,Estado De México,Cerrado,Sin motivo especifico,2026-08-27 19:33:08.377000+00:00,2026-08-27 19:34:00.493000+00:00
64414587774,Ganado,Estado De México,Cerrado,Sin motivo especifico,2026-08-27 19:30:38.336000+00:00,2026-08-28 00:07:17.561000+00:00
64417865313,Cotización,Ciudad De México,Abierto,Sin motivo especifico,,
64434426691,Ganado,Estado De México,Cerrado,Sin motivo especifico,2026-08-31 16:45:49.134000+00:00,2026-08-31 17:47:39.848000+00:00
64435044914,Ganado,Ciudad De México,Cerrado,Sin motivo especifico,2026-08-31 16:39:37.601000+00:00,2026-08-31 16:42:03.053000+00:00
64474590385,Cotización,Ciudad De México,Abierto,Sin motivo especifico,,
64518298421,Contactado,Hidalgo,Abierto,Sin motivo especifico,,
64519396920,Necesidad Descubierta,Estado De México,Abierto,Sin motivo especifico,2026-09-01 19:50:10.146000+00:00,2026-09-30 19:50:01.548000+00:00
64519414552,Ganado,Querétaro,Cerrado,Sin motivo especifico,2026-08-31 17:44:07.073000+00:00,2026-08-31 17:46:36.677000+00:00
64519484807,Ganado,Ciudad De México,Cerrado,Sin motivo especifico,2026-08-31 21:38:14.214000+00:00,2026-08-31 21:39:00.185000+00:00
64519520064,Ganado,Ciudad De México,Cerrado,Sin motivo especifico,2026-09-02 00:32:36.529000+00:00,2026-09-03 23:25:38.434000+00:00
64519520162,Ganado,Ciudad De México,Cerrado,Sin motivo especifico,2026-09-02 00:46:27.438000+00:00,2026-09-03 23:24:59.611000+00:00
64519582381,Ganado,Estado De México,Cerrado,Sin motivo especifico,2026-09-01 21:24:56.587000+00:00,2026-09-02 00:38:53.858000+00:00
64524544346,Ganado,Ciudad De México,Cerrado,Sin motivo especifico,2026-09-01 16:25:30.201000+00:00,2026-09-01 16:26:45.767000+00:00
64524560047,Ganado,Estado De México,Cerrado,Sin motivo especifico,2026-09-01 23:12:49.044000+00:00,2026-09-01 23:13:40.437000+00:00
64524561308,Ganado,Ciudad De México,Cerrado,Sin motivo especifico,2026-09-02 00:39:32.738000+00:00,2026-09-03 23:24:40.159000+00:00
64524561321,Cotización,Ciudad De México,Abierto,Sin motivo especifico,2026-09-02 00:40:32.562000+00:00,2026-10-01 00:39:53.788000+00:00
64524561413,Ganado,Ciudad De México,Cerrado,Sin motivo especifico,2026-09-02 00:42:56.624000+00:00,2026-09-03 23:24:42.805000+00:00
64524561423,Ganado,Ciudad De México,Cerrado,Sin motivo especifico,2026-09-02 00:43:58.250000+00:00,2026-09-03 23:24:46.753000+00:00
64524561431,Ganado,Ciudad De México,Cerrado,Sin motivo especifico,2026-09-02 00:45:09.222000+00:00,2026-09-03 23:24:49.467000+00:00
64524561453,Ganado,Ciudad De México,Cerrado,Sin motivo especifico,2026-09-02 00:47:52.140000+00:00,2026-09-03 23:25:02.795000+00:00
64524574829,Ganado,Estado De México,Cerrado,Sin motivo especifico,2026-08-31 19:21:54.496000+00:00,2026-08-31 19:24:10.001000+00:00
64524616042,Ganado,Estado De México,Cerrado,Sin motivo especifico,2026-09-01 23:17:30.091000+00:00,2026-09-03 22:56:08.640000+00:00
64524617121,Ganado,Ciudad De México,Cerrado,Sin motivo especifico,2026-09-02 00:48:38.826000+00:00,2026-09-03 23:25:05.614000+00:00
64524668269,Ganado,Estado De México,Cerrado,Sin motivo especifico,2026-09-01 17:24:08.612000+00:00,2026-09-01 17:25:04.519000+00:00
64524678718,Ganado,Morelos,Cerrado,Sin motivo especifico,2026-09-01 22:42:00.930000+00:00,2026-09-01 22:43:11.361000+00:00
64524680473,Ganado,Ciudad De México,Cerrado,Sin motivo especifico,2026-09-02 00:35:34.398000+00:00,2026-09-03 23:24:34.622000+00:00
64524680483,Ganado,Ciudad De México,Cerrado,Sin motivo especifico,2026-09-02 00:36:49.071000+00:00,2026-09-03 23:24:37.389000+00:00
64532686897,Perdido,Ciudad De México,Cerrado,Sin Respuesta,2026-08-31 17:19:25.444000+00:00,2026-09-02 15:37:58.411000+00:00
64534234904,Perdido,Ciudad De México,Cerrado,Sin interés detectado,2026-08-31 17:13:38.681000+00:00,2026-09-01 22:52:41.946000+00:00
64539381569,Contactado,Ciudad De México,Abierto,Sin motivo especifico,,
64541383092,Contactado,Ciudad De México,Abierto,Sin motivo especifico,,
64543864753,Perdido,Morelos,Cerrado,Sin interés detectado,2026-08-31 20:09:11.375000+00:00,2026-09-01 23:58:26.670000+00:00
64544310969,Lead,Estado De México,Abierto,Sin motivo especifico,,
64576196990,Ganado,Estado De México,Cerrado,Sin motivo especifico,2026-09-02 16:24:40.590000+00:00,2026-09-02 16:25:41.775000+00:00
64576268921,Negociación,Ciudad De México,Abierto,Sin motivo especifico,2026-09-02 20:59:52.772000+00:00,2026-09-03 20:59:38.950000+00:00
64576771657,Ganado,Estado De México,Cerrado,Sin motivo especifico,2026-09-02 20:48:56.715000+00:00,2026-09-02 20:49:49.521000+00:00
64576916746,Ganado,Ciudad De México,Cerrado,Sin motivo especifico,2026-09-03 15:37:03.905000+00:00,2026-09-03 15:38:18.325000+00:00
64576958482,Ganado,Estado De México,Cerrado,Sin motivo especifico,2026-09-02 20:56:17.988000+00:00,2026-09-02 20:57:35.592000+00:00
64577018473,Ganado,Estado De México,Cerrado,Sin motivo especifico,2026-09-02 20:54:28.523000+00:00,2026-09-02 20:55:19.233000+00:00
64577070144,Ganado,Ciudad De México,Cerrado,Sin motivo especifico,2026-09-02 16:21:10.846000+00:00,2026-09-02 16:22:23.700000+00:00
64580023723,Contactado,Ciudad De México,Abierto,Sin motivo especifico,,
64623862281,Lead,Estado De México,Abierto,Sin motivo especifico,2026-09-03 23:55:10.302000+00:00,2026-09-30 23:55:01.442000+00:00
64624106796,Contactado,Morelos,Abierto,Sin motivo especifico,2026-09-03 23:39:39.746000+00:00,2026-09-30 23:39:23.719000+00:00
64627514265,Lead,Ciudad De México,Abierto,Sin motivo especifico,2026-09-03 23:54:56.432000+00:00,2026-09-30 23:54:48.103000+00:00
64627514440,Contactado,Estado De México,Abierto,Sin motivo especifico,2026-09-04 00:07:15.061000+00:00,2026-10-01 00:06:58.794000+00:00
64627578403,Lead,Estado De México,Abierto,Sin motivo especifico,2026-09-03 23:55:37.700000+00:00,2026-09-30 23:55:28.962000+00:00
64627638358,Lead,Ciudad De México,Abierto,Sin motivo especifico,2026-09-03 23:41:55.852000+00:00,2026-09-30 23:41:47.117000+00:00
64627638374,Lead,Ciudad De México,Abierto,Sin motivo especifico,2026-09-03 23:42:49.448000+00:00,2026-09-30 23:42:17.835000+00:00
64627638563,Lead,Estado De México,Abierto,Sin motivo especifico,2026-09-03 23:54:37.960000+00:00,2026-09-30 23:54:29.027000+00:00
64627638570,Lead,Estado De México,Abierto,Sin motivo especifico,2026-09-03 23:55:24.262000+00:00,2026-09-30 23:55:15.913000+00:00
64639196800,Lead,Estado De México,Abierto,Sin motivo especifico,,
64639970584,Lead,Ciudad De México,Abierto,Sin motivo especifico,,
64649950570,Lead,Ciudad De México,Abierto,Sin motivo especifico,,
64655197611,Lead,Morelos,Abierto,Sin motivo especifico,,
63186783059,Cierre Ganado,Puebla,Cerrado,Sin motivo especifico,2026-07-28 00:31:03.809000+00:00,2026-07-28 00:30:58.786000+00:00
55475199498,Cierre Ganado,Tamaulipas,Cerrado,Sin motivo especifico,2026-02-04 20:28:37.521000+00:00,2026-03-04 20:28:16.359000+00:00
55475227953,Cierre Ganado,Tamaulipas,Cerrado,Sin motivo especifico,2026-02-03 22:51:18.034000+00:00,2026-02-03 22:51:08.138000+00:00
55475262052,Cierre Ganado,Coahuila,Cerrado,Sin motivo especifico,2026-02-04 20:35:41.833000+00:00,2026-02-04 23:49:13.135000+00:00
55475442868,Cierre Ganado,Tamaulipas,Cerrado,Sin motivo especifico,2026-02-04 20:06:21.308000+00:00,2026-02-04 20:07:04.163000+00:00
55475443489,Cierre Ganado,Tamaulipas,Cerrado,Sin motivo especifico,2026-02-04 20:19:53.889000+00:00,2026-02-04 20:19:44.502000+00:00
55478371846,Cierre Ganado,Coahuila,Cerrado,Sin motivo especifico,2026-02-03 22:43:18.846000+00:00,2026-01-30 22:43:07.356000+00:00
55478527842,Cierre Ganado,Tamaulipas,Cerrado,Sin motivo especifico,2026-02-04 19:52:27.812000+00:00,2026-02-13 20:45:41.132000+00:00
55478533699,Cierre Ganado,Coahuila,Cerrado,Sin motivo especifico,2026-02-04 22:16:33.914000+00:00,2026-02-06 23:24:46.801000+00:00
55478592928,Cierre Perdido,Coahuila,Cerrado,No tiene el dinero,2026-02-04 20:31:11.616000+00:00,2026-02-21 22:35:34.689000+00:00
55580845153,Cierre Perdido,Nuevo León,Cerrado,Falta de producto,2026-02-04 23:44:26.597000+00:00,2026-03-24 00:52:07.070000+00:00
55623975175,Cierre Perdido,Nuevo León,Cerrado,Sin motivo especifico,2026-02-05 18:01:29.606000+00:00,2026-03-24 22:44:35.615000+00:00
55624485698,Cierre Ganado,Nuevo León,Cerrado,Sin motivo especifico,2026-02-06 00:52:11.661000+00:00,2026-03-06 00:52:05.211000+00:00
55636970583,Cierre Ganado,Nuevo León,Cerrado,Sin motivo especifico,2026-02-05 20:10:52.114000+00:00,2026-02-11 20:32:22.471000+00:00
55671505972,Cierre Ganado,Tamaulipas,Cerrado,Sin motivo especifico,2026-02-06 16:55:00.469000+00:00,2026-03-09 22:54:12.096000+00:00
55682301971,Cierre Ganado,Coahuila,Cerrado,Sin motivo especifico,2026-02-06 16:46:24.668000+00:00,2026-02-10 19:09:16.809000+00:00
55682555691,Cierre Ganado,Tamaulipas,Cerrado,Sin motivo especifico,2026-02-06 20:29:39.499000+00:00,2026-03-06 20:29:25.325000+00:00
55757964063,Cierre Perdido,Coahuila,Cerrado,Falta de producto,2026-02-09 15:46:12.289000+00:00,2026-02-09 15:46:02.747000+00:00
55815182184,Cierre Perdido,Tamaulipas,Cerrado,No pasó su crédito (Financiera),2026-02-09 18:07:00.424000+00:00,2026-03-25 00:06:13.820000+00:00
62640935519,Cierre Perdido,Puebla,Cerrado,Sin interés detectado,2026-07-14 20:25:05.126000+00:00,2026-07-28 15:35:07.636000+00:00
62640937310,Cierre Ganado,Puebla,Cerrado,Sin motivo especifico,2026-07-14 22:45:11.440000+00:00,2026-07-14 22:45:53.364000+00:00
62640955730,Cierre Ganado,Puebla,Cerrado,Sin motivo especifico,2026-07-14 23:29:30.256000+00:00,2026-07-21 01:01:05.063000+00:00
62644011783,Perdido,Puebla,Cerrado,No pasó su crédito (Financiera),2026-07-15 00:41:13.749000+00:00,2026-08-25 20:35:51.122000+00:00
55819292779,Cierre Ganado,Coahuila,Cerrado,Sin motivo especifico,2026-02-09 16:54:11.250000+00:00,2026-02-09 18:18:46.868000+00:00
62644038656,Cierre Ganado,Puebla,Cerrado,Sin motivo especifico,2026-07-14 23:13:56.076000+00:00,2026-07-14 23:13:48.478000+00:00
62644044824,Cierre Perdido,Puebla,Cerrado,No tiene el dinero,2026-07-15 00:54:20.683000+00:00,2026-07-21 16:51:53.328000+00:00
62660908175,Cierre Perdido,Puebla,Cerrado,Falta de producto,2026-07-15 16:28:18.286000+00:00,2026-07-15 16:28:11.967000+00:00
62660972041,Cierre Ganado,Puebla,Cerrado,Sin motivo especifico,2026-07-15 17:16:18.032000+00:00,2026-07-16 19:25:45.274000+00:00
62660977983,Cierre Ganado,Puebla,Cerrado,Sin motivo especifico,2026-07-15 19:35:52.592000+00:00,2026-07-16 20:27:34.849000+00:00
55922619958,Cierre Ganado,Tamaulipas,Cerrado,Sin motivo especifico,2026-02-10 20:13:11.528000+00:00,2026-02-10 22:03:34.251000+00:00
55927465291,Cierre Ganado,Tamaulipas,Cerrado,Sin motivo especifico,2026-02-10 19:08:18.260000+00:00,2026-03-10 19:19:31.039000+00:00
62661098117,Negociación,Puebla,Abierto,Sin motivo especifico,2026-07-15 18:15:50.333000+00:00,2026-08-31 00:10:52.928000+00:00
55976755087,Cierre Perdido,Coahuila,Cerrado,Falta de producto,2026-02-10 23:29:47.191000+00:00,2026-02-28 23:29:24.316000+00:00
62661106036,Cierre Ganado,Yucatán,Cerrado,Sin motivo especifico,2026-07-15 21:50:00.353000+00:00,2026-07-17 21:49:41.542000+00:00
62661162243,Cierre Ganado,Puebla,Cerrado,Sin motivo especifico,2026-07-15 19:43:28.628000+00:00,2026-07-16 20:33:35.172000+00:00
62704186697,Cierre Ganado,Puebla,Cerrado,Sin motivo especifico,2026-07-16 17:02:50.209000+00:00,2026-07-16 20:33:21.928000+00:00
62704246388,Cierre Ganado,Quintana Roo,Cerrado,Sin motivo especifico,2026-07-16 16:41:20.995000+00:00,2026-07-29 16:02:12.976000+00:00
56091177510,Cierre Perdido,Coahuila,Cerrado,Falta de producto,2026-02-12 00:21:27.120000+00:00,2026-02-12 00:21:12.234000+00:00
62704305324,Cierre Ganado,Puebla,Cerrado,Sin motivo especifico,2026-07-16 15:45:42.416000+00:00,2026-07-16 20:32:52.112000+00:00
56127402157,Cierre Perdido,Coahuila,Cerrado,Falta de producto,2026-02-11 20:20:51.946000+00:00,2026-03-26 20:30:47.533000+00:00
56127403915,Cierre Perdido,Nuevo León,Cerrado,Falta de producto,2026-02-11 21:00:44.021000+00:00,2026-02-11 21:00:20.950000+00:00
56135831403,Cierre Perdido,Tamaulipas,Cerrado,Falta de producto,2026-02-11 16:02:29.063000+00:00,2026-02-11 16:02:12.579000+00:00
56135847803,Cierre Perdido,Nuevo León,Cerrado,Falta de producto,2026-02-11 22:02:54.005000+00:00,2026-02-11 22:02:36.965000+00:00
56135851382,Cierre Ganado,Coahuila,Cerrado,Sin motivo especifico,2026-02-12 00:26:01.236000+00:00,2026-02-14 00:25:49.118000+00:00
56135901301,Cierre Perdido,Coahuila,Cerrado,Falta de producto,2026-02-11 22:17:21.467000+00:00,2026-02-11 22:18:11.698000+00:00
56135901445,Cierre Ganado,Coahuila,Cerrado,Sin motivo especifico,2026-02-11 22:20:47.875000+00:00,2026-02-25 04:19:10.080000+00:00
56175395132,Cierre Ganado,Nuevo León,Cerrado,Sin motivo especifico,2026-02-12 18:56:13.840000+00:00,2026-02-12 17:15:51.842000+00:00
56214404465,Cierre Ganado,Tamaulipas,Cerrado,Sin motivo especifico,2026-02-13 18:19:07.830000+00:00,2026-03-13 19:22:38.197000+00:00
56214404659,Cierre Perdido,Nuevo León,Cerrado,No tiene el dinero,2026-02-13 18:23:25.867000+00:00,2026-03-02 15:57:01.197000+00:00
56214463881,Cierre Perdido,Tamaulipas,Cerrado,Sin motivo especifico,2026-02-13 17:40:47.159000+00:00,2026-03-26 18:43:01.571000+00:00
56214464676,Cierre Perdido,Coahuila,Cerrado,Falta de producto,2026-02-13 18:01:00.494000+00:00,2026-02-28 17:58:55.695000+00:00
56214587782,Cierre Ganado,Nuevo León,Cerrado,Sin motivo especifico,2026-02-13 18:21:23.868000+00:00,2026-02-25 04:21:17.700000+00:00
56317117233,Cierre Ganado,Nuevo León,Cerrado,Sin motivo especifico,2026-02-14 00:55:31.255000+00:00,2026-02-14 00:55:15.423000+00:00
62704491288,Cierre Ganado,Puebla,Cerrado,Sin motivo especifico,2026-07-16 19:32:12.912000+00:00,2026-07-23 03:45:03.142000+00:00
64484653062,Negociación,Yucatán,Abierto,Sin motivo especifico,2026-08-29 01:57:55.878000+00:00,2026-09-01 01:57:10.825000+00:00
64484658557,Ganado,Puebla,Cerrado,Sin motivo especifico,2026-08-29 17:58:07.538000+00:00,2026-08-29 18:02:13.666000+00:00
64175207009,Ganado,Puebla,Cerrado,Sin motivo especifico,2026-08-19 20:29:08.192000+00:00,2026-08-21 19:26:03.565000+00:00
41514267952,Cierre Perdido,Tamaulipas,Cerrado,No tiene el dinero,2025-08-06 23:18:21.131000+00:00,2025-09-10 22:18:30.274000+00:00
41559848541,Cierre Ganado,Nuevo León,Cerrado,Sin motivo especifico,2025-08-07 16:19:51.934000+00:00,2025-08-01 16:21:22.674000+00:00
64175236173,Ganado,Tabasco,Cerrado,Sin motivo especifico,2026-08-20 19:12:53.305000+00:00,2026-08-21 16:24:52.150000+00:00
64484718262,Ganado,Puebla,Cerrado,Sin motivo especifico,2026-08-29 15:44:33.065000+00:00,2026-08-29 15:46:04.604000+00:00
41456045435,Cierre Ganado,Tamaulipas,Cerrado,Sin motivo especifico,2025-08-06 00:44:48.667000+00:00,2025-08-18 17:06:39.381000+00:00
64175242777,Ganado,Yucatán,Cerrado,Sin motivo especifico,2026-08-20 22:43:33.120000+00:00,2026-08-24 20:07:34.227000+00:00
64519357752,Negociación,Guerrero,Abierto,Sin motivo especifico,2026-08-31 19:32:56.890000+00:00,2026-08-31 19:31:24.582000+00:00
62704618274,Perdido,Puebla,Cerrado,No tiene el dinero,2026-07-16 20:55:33.420000+00:00,2026-08-18 18:14:36.863000+00:00
62704622694,Cierre Perdido,Puebla,Cerrado,Sin Respuesta,2026-07-17 00:37:02.864000+00:00,2026-07-29 00:41:22.261000+00:00
56516637534,Cierre Ganado,Coahuila,Cerrado,Sin motivo especifico,2026-02-18 03:40:20.871000+00:00,2026-02-18 03:40:08.157000+00:00
56570005139,Cierre Perdido,Coahuila,Cerrado,Falta de producto,2026-02-18 02:12:35.004000+00:00,2026-03-01 02:11:10.940000+00:00
56574894151,Cierre Perdido,Tamaulipas,Cerrado,Falta de producto,2026-02-19 02:13:28.997000+00:00,2026-02-19 02:13:15.561000+00:00
56574895493,Cierre Ganado,Nuevo León,Cerrado,Sin motivo especifico,2026-02-19 04:31:52.578000+00:00,2026-03-27 17:45:38.769000+00:00
56611323053,Cierre Perdido,Coahuila,Cerrado,Falta de producto,2026-02-19 15:19:13.155000+00:00,2026-02-19 15:18:38.020000+00:00
56611700614,Cierre Ganado,Nuevo León,Cerrado,Sin motivo especifico,2026-02-19 04:07:58.367000+00:00,2026-02-19 04:07:49.648000+00:00
56611937385,Cierre Perdido,Nuevo León,Cerrado,Falta de producto,2026-02-19 03:47:11.756000+00:00,2026-03-04 23:43:37.848000+00:00
56645910452,Cierre Ganado,Nuevo León,Cerrado,Sin motivo especifico,2026-02-20 04:17:03.396000+00:00,2026-02-19 04:16:47.680000+00:00
56646080812,Cierre Perdido,Nuevo León,Cerrado,Sin motivo especifico,2026-02-20 04:17:11.168000+00:00,2026-02-24 03:26:31.953000+00:00
56646138409,Cierre Ganado,Nuevo León,Cerrado,Sin motivo especifico,2026-02-20 02:42:58.499000+00:00,2026-03-30 19:32:40.229000+00:00
56889310341,Cierre Perdido,Nuevo León,Cerrado,No tiene el dinero,2026-02-23 22:40:14.971000+00:00,2026-03-26 18:42:26.525000+00:00
56896729369,Cierre Ganado,Nuevo León,Cerrado,Sin motivo especifico,2026-02-25 04:26:16.667000+00:00,2026-02-25 04:26:11.272000+00:00
56896764319,Cierre Ganado,Nuevo León,Cerrado,Sin motivo especifico,2026-02-24 14:40:07.277000+00:00,2026-02-19 14:39:52.768000+00:00
56896825258,Cierre Ganado,Coahuila,Cerrado,Sin motivo especifico,2026-02-24 14:33:46.527000+00:00,2026-02-19 14:33:40.058000+00:00
56896851488,Cierre Ganado,Nuevo León,Cerrado,Sin motivo especifico,2026-02-25 04:15:09.091000+00:00,2026-02-24 04:15:03.552000+00:00
56935808810,Cierre Perdido,Nuevo León,Cerrado,Falta de producto,2026-02-25 03:30:53.757000+00:00,2026-03-26 18:41:47.301000+00:00
56935951289,Cierre Ganado,Coahuila,Cerrado,Sin motivo especifico,2026-02-24 03:47:48.678000+00:00,2026-02-26 04:39:07.882000+00:00
64519363992,Ganado,Puebla,Cerrado,Sin motivo especifico,2026-08-31 22:14:55.254000+00:00,2026-08-31 22:20:58.778000+00:00
64519385628,Perdido,Yucatán,Cerrado,Eligio un producto de la competencia,2026-09-01 15:40:13.244000+00:00,2026-09-01 15:46:18.964000+00:00
41438133040,Cierre Ganado,Tamaulipas,Cerrado,Sin motivo especifico,2025-08-06 00:18:10.479000+00:00,2025-08-06 00:28:21.716000+00:00
57021731180,Cierre Ganado,Coahuila,Cerrado,Sin motivo especifico,2026-02-26 04:07:21.906000+00:00,2026-03-11 20:56:26.071000+00:00
64175304840,Ganado,Puebla,Cerrado,Sin motivo especifico,2026-08-20 23:29:31.502000+00:00,2026-08-20 23:32:53.193000+00:00
57030456609,Cierre Perdido,Puebla,Cerrado,No tiene el dinero,2026-02-25 22:36:46.144000+00:00,2026-05-12 19:05:14.854000+00:00
62706353060,Cierre Ganado,Puebla,Cerrado,Sin motivo especifico,2026-07-16 16:49:31.642000+00:00,2026-07-16 20:33:25.593000+00:00
42448873834,Cierre Ganado,sin estado,Cerrado,Sin motivo especifico,2025-08-20 00:19:36.395000+00:00,2025-09-01 00:18:24.864000+00:00
64175335973,Cotización,Puebla,Abierto,Sin motivo especifico,2026-08-19 23:34:45.269000+00:00,2026-09-26 00:22:43.418000+00:00
62706601825,Cierre Ganado,Puebla,Cerrado,Sin motivo especifico,2026-07-16 22:05:17.739000+00:00,2026-07-16 22:05:11.725000+00:00
62706603108,Cierre Ganado,Tlaxcala,Cerrado,Sin motivo especifico,2026-07-16 23:26:10.148000+00:00,2026-07-17 00:00:20.866000+00:00
64175369884,Calificado Para Comprar,Yucatán,Abierto,Sin motivo especifico,2026-08-21 00:47:18.887000+00:00,2026-09-01 00:39:31.579000+00:00
57100378225,Cierre Ganado,Coahuila,Cerrado,Sin motivo especifico,2026-02-27 03:11:04.572000+00:00,2026-02-27 03:10:55.204000+00:00
57100439672,Cierre Ganado,Coahuila,Cerrado,Sin motivo especifico,2026-02-27 04:44:11.805000+00:00,2026-02-27 04:43:55.733000+00:00
57100439681,Cierre Ganado,Coahuila,Cerrado,Sin motivo especifico,2026-02-27 04:46:13.306000+00:00,2026-02-26 04:45:56.946000+00:00
57200951208,Cierre Ganado,Nuevo León,Cerrado,Sin motivo especifico,2026-03-02 16:06:36.245000+00:00,2026-03-06 16:07:53.486000+00:00
57347207464,Cierre Ganado,Tamaulipas,Cerrado,Sin motivo especifico,2026-03-02 17:22:45.741000+00:00,2026-03-02 17:27:24.113000+00:00
57351002482,Cierre Perdido,Nuevo León,Cerrado,No tiene el dinero,2026-03-02 21:37:58.563000+00:00,2026-03-31 16:35:02.412000+00:00
64175387831,Ganado,Puebla,Cerrado,Sin motivo especifico,2026-08-19 18:20:45.674000+00:00,2026-08-19 20:42:20.643000+00:00
64175390024,Ganado,Tlaxcala,Cerrado,Sin motivo especifico,2026-08-19 19:12:09.668000+00:00,2026-09-03 17:14:46.504000+00:00
41508814391,Cierre Ganado,Nuevo León,Cerrado,Sin motivo especifico,2025-08-06 18:19:07.471000+00:00,2025-08-11 18:18:37.739000+00:00
64175424043,Negociación,Puebla,Abierto,Sin motivo especifico,2026-08-20 18:49:25.908000+00:00,2026-09-11 18:49:20.960000+00:00
57447417663,Cierre Perdido,Nuevo León,Cerrado,No tiene el dinero,2026-03-03 16:33:29.250000+00:00,2026-03-26 20:31:04.200000+00:00
57447600212,Cierre Perdido,Tamaulipas,Cerrado,Falta de producto,2026-03-03 15:50:34.756000+00:00,2026-03-26 20:54:24.439000+00:00
64519453609,Cotización,Puebla,Abierto,Sin motivo especifico,2026-09-01 18:11:00.800000+00:00,2026-09-02 18:10:51.669000+00:00
57452096286,Cierre Ganado,Coahuila,Cerrado,Sin motivo especifico,2026-03-03 17:28:47.840000+00:00,2026-03-02 17:28:33.057000+00:00
57452280657,Cierre Ganado,Tamaulipas,Cerrado,Sin motivo especifico,2026-03-03 17:32:44.252000+00:00,2026-03-02 17:32:39.553000+00:00
57506336264,Cierre Perdido,Nuevo León,Cerrado,Falta de producto,2026-03-03 20:57:36.092000+00:00,2026-03-03 20:57:29.760000+00:00
57506392175,Cierre Perdido,Nuevo León,Cerrado,Falta de producto,2026-03-03 20:08:56.404000+00:00,2026-03-26 18:39:08.830000+00:00
57539473837,Cierre Perdido,Tamaulipas,Cerrado,Falta de producto,2026-03-04 23:03:13.281000+00:00,2026-03-04 23:03:00.036000+00:00
57601548072,Cierre Ganado,Coahuila,Cerrado,Sin motivo especifico,2026-03-04 23:01:13.396000+00:00,2026-03-05 20:49:43.374000+00:00
57601634474,Cierre Perdido,Tamaulipas,Cerrado,Falta de producto,2026-03-05 18:01:32.430000+00:00,2026-03-05 18:01:16.126000+00:00
57610412930,Cierre Ganado,Coahuila,Cerrado,Sin motivo especifico,2026-03-06 00:51:33.964000+00:00,2026-03-06 00:51:18.936000+00:00
57663813172,Cierre Perdido,Nuevo León,Cerrado,Sin motivo especifico,2026-03-06 19:41:26.810000+00:00,2026-03-24 00:46:05.791000+00:00
57663819802,Cierre Ganado,Coahuila,Cerrado,Sin motivo especifico,2026-03-06 23:50:06.224000+00:00,2026-03-20 03:33:45.017000+00:00
57746262425,Cierre Ganado,Coahuila,Cerrado,Sin motivo especifico,2026-03-06 19:31:14.485000+00:00,2026-03-06 19:31:01.359000+00:00
57746324609,Cierre Perdido,Tamaulipas,Cerrado,Falta de producto,2026-03-06 23:07:06.004000+00:00,2026-03-06 23:06:58.906000+00:00
57746383376,Cierre Ganado,Tamaulipas,Cerrado,Sin motivo especifico,2026-03-07 00:24:20.343000+00:00,2026-03-07 00:24:06.310000+00:00
57746941022,Cierre Perdido,Coahuila,Cerrado,Sin motivo especifico,2026-03-07 00:37:43.799000+00:00,2026-03-30 19:19:56.962000+00:00
57746941039,Cierre Ganado,Nuevo León,Cerrado,Sin motivo especifico,2026-03-07 00:40:33.281000+00:00,2026-03-30 19:31:38.069000+00:00
57830007830,Cierre Perdido,Nuevo León,Cerrado,No tiene el dinero,2026-03-09 17:47:42.080000+00:00,2026-03-20 02:45:11.835000+00:00
57830009918,Cierre Ganado,Coahuila,Cerrado,Sin motivo especifico,2026-03-09 18:32:28.428000+00:00,2026-03-09 18:42:02.634000+00:00
57830063914,Cierre Perdido,Coahuila,Cerrado,No tiene el dinero,2026-03-09 16:12:05.267000+00:00,2026-03-24 00:44:42.351000+00:00
57830299958,Cierre Perdido,Coahuila,Cerrado,Falta de producto,2026-03-09 17:14:31.942000+00:00,2026-03-09 17:14:28.584000+00:00
57856185470,Cierre Ganado,Tamaulipas,Cerrado,Sin motivo especifico,2026-03-11 17:14:17.293000+00:00,2026-03-11 17:13:59.224000+00:00
57865552804,Cierre Ganado,Nuevo León,Cerrado,Sin motivo especifico,2026-03-11 17:09:27.358000+00:00,2026-03-10 17:09:14.656000+00:00
57938939963,Cierre Ganado,Tamaulipas,Cerrado,Sin motivo especifico,2026-03-12 19:25:15.104000+00:00,2026-03-12 19:25:01.949000+00:00
64175429686,Ganado,Tabasco,Cerrado,Sin motivo especifico,2026-08-20 21:16:09.362000+00:00,2026-08-31 16:06:59.185000+00:00
57938971961,Cierre Ganado,Nuevo León,Cerrado,Sin motivo especifico,2026-03-12 00:24:25.382000+00:00,2026-03-12 00:24:12.098000+00:00
42100176540,Cierre Ganado,Coahuila,Cerrado,Sin motivo especifico,2025-08-14 18:51:06.752000+00:00,2025-08-14 18:50:56.623000+00:00
62853042007,Perdido,Yucatán,Cerrado,No tiene el dinero,2026-07-20 20:43:22.933000+00:00,2026-08-24 17:13:07.931000+00:00
57941043032,Cierre Perdido,Coahuila,Cerrado,Falta de producto,2026-03-12 19:42:44.431000+00:00,2026-03-26 18:38:50.290000+00:00
57941077169,Cierre Ganado,Tamaulipas,Cerrado,Sin motivo especifico,2026-03-12 00:03:41.931000+00:00,2026-03-12 00:03:29.535000+00:00
58134753933,Cierre Ganado,Nuevo León,Cerrado,Sin motivo especifico,2026-03-20 03:12:33.859000+00:00,2026-03-14 03:12:26.250000+00:00
58134938216,Cierre Ganado,Tamaulipas,Cerrado,Sin motivo especifico,2026-03-20 03:18:38.898000+00:00,2026-03-14 03:20:51.146000+00:00
58134938233,Cierre Ganado,Coahuila,Cerrado,Sin motivo especifico,2026-03-20 03:22:02.158000+00:00,2026-03-18 03:21:41.990000+00:00
58134938246,Cierre Ganado,Coahuila,Cerrado,Sin motivo especifico,2026-03-20 03:23:39.890000+00:00,2026-03-18 03:23:30.955000+00:00
58136075541,Cierre Ganado,Tamaulipas,Cerrado,Sin motivo especifico,2026-03-20 03:16:38.365000+00:00,2026-03-14 03:16:26.679000+00:00
58197734918,Cierre Ganado,Nuevo León,Cerrado,Sin motivo especifico,2026-03-20 03:26:57.810000+00:00,2026-03-19 03:26:46.795000+00:00
58254622900,Cierre Ganado,Tamaulipas,Cerrado,Sin motivo especifico,2026-03-24 00:47:32.318000+00:00,2026-03-24 00:47:16.629000+00:00
58254807939,Cierre Ganado,Tamaulipas,Cerrado,Sin motivo especifico,2026-03-24 00:58:56.270000+00:00,2026-03-24 00:58:43.158000+00:00
64519509595,Negociación,Quintana Roo,Abierto,Sin motivo especifico,2026-09-01 17:42:15.309000+00:00,2026-09-30 17:41:27.800000+00:00
64519515825,Ganado,Querétaro,Cerrado,Sin motivo especifico,2026-09-01 20:46:49.501000+00:00,2026-09-01 23:03:15.168000+00:00
64519520565,Ganado,Puebla,Cerrado,Sin motivo especifico,2026-09-02 01:24:11.192000+00:00,2026-09-03 16:49:44.487000+00:00
58295133759,Cierre Ganado,Coahuila,Cerrado,Sin motivo especifico,2026-03-24 23:01:18.420000+00:00,2026-03-31 17:43:21.658000+00:00
62929679952,Cierre Ganado,Puebla,Cerrado,Sin motivo especifico,2026-07-21 18:21:03.644000+00:00,2026-07-20 18:20:57.524000+00:00
41505123493,Cierre Perdido,Tamaulipas,Cerrado,No paso su credito,2025-08-06 15:41:29.554000+00:00,2025-09-10 22:18:57.685000+00:00
62939135297,Perdido,Puebla,Cerrado,No tiene el dinero,2026-07-21 16:57:01.921000+00:00,2026-08-21 17:22:57.022000+00:00
62939191176,Cierre Ganado,Puebla,Cerrado,Sin motivo especifico,2026-07-21 15:15:40.480000+00:00,2026-07-21 18:14:20.281000+00:00
62939251625,Cierre Ganado,Puebla,Cerrado,Sin motivo especifico,2026-07-21 18:17:45.960000+00:00,2026-07-17 18:17:41.189000+00:00
62939506031,Cierre Ganado,Puebla,Cerrado,Sin motivo especifico,2026-07-22 01:07:40.972000+00:00,2026-07-22 01:08:08.363000+00:00
62950522968,Cierre Ganado,Puebla,Cerrado,Sin motivo especifico,2026-07-21 23:12:51.154000+00:00,2026-07-21 23:12:45.272000+00:00
62950523677,Cierre Ganado,Puebla,Cerrado,Sin motivo especifico,2026-07-21 23:53:29.805000+00:00,2026-07-20 23:53:25.065000+00:00
62985366116,Cierre Ganado,Puebla,Cerrado,Sin motivo especifico,2026-07-21 23:03:46.706000+00:00,2026-07-21 23:04:52.910000+00:00
62985366166,Cierre Ganado,Puebla,Cerrado,Sin motivo especifico,2026-07-21 23:07:28.909000+00:00,2026-07-20 23:07:24.579000+00:00
62985366337,Cierre Ganado,Puebla,Cerrado,Sin motivo especifico,2026-07-21 23:15:32.411000+00:00,2026-07-21 23:15:21.935000+00:00
64524455859,Ganado,Puebla,Cerrado,Sin motivo especifico,2026-08-31 20:38:11.685000+00:00,2026-08-31 20:38:49.161000+00:00
64175521359,Perdido,Querétaro,Cerrado,No tiene el dinero,2026-08-19 23:30:26.722000+00:00,2026-08-28 00:39:02.461000+00:00
58332247098,Cierre Ganado,Coahuila,Cerrado,Sin motivo especifico,2026-03-26 16:22:28.977000+00:00,2026-03-30 17:39:52.299000+00:00
64524458614,Cotización,Veracruz,Abierto,Sin motivo especifico,2026-08-31 21:58:25.893000+00:00,2026-08-31 21:57:23.797000+00:00
58369054253,Cierre Perdido,Nuevo León,Cerrado,Falta de producto,2026-03-25 19:26:47.215000+00:00,2026-03-26 00:13:37.244000+00:00
63027461401,Cierre Ganado,Puebla,Cerrado,Sin motivo especifico,2026-07-21 23:09:49.955000+00:00,2026-07-17 23:09:44.836000+00:00
58404182540,Cierre Ganado,Tamaulipas,Cerrado,Sin motivo especifico,2026-03-26 19:30:23.190000+00:00,2026-03-23 19:30:41.518000+00:00
58404368265,Cierre Ganado,Nuevo León,Cerrado,Sin motivo especifico,2026-03-26 19:37:32.012000+00:00,2026-03-24 19:37:19.199000+00:00
58406787122,Cierre Ganado,Coahuila,Cerrado,Sin motivo especifico,2026-03-26 20:51:03.872000+00:00,2026-03-31 20:49:45.581000+00:00
58437529508,Cierre Ganado,Nuevo León,Cerrado,Sin motivo especifico,2026-03-26 18:55:36.266000+00:00,2026-03-26 19:43:35.747000+00:00
58437591390,Cierre Ganado,Coahuila,Cerrado,Sin motivo especifico,2026-03-26 18:36:47.697000+00:00,2026-03-26 18:37:45.053000+00:00
58474844680,Cierre Ganado,Tamaulipas,Cerrado,Sin motivo especifico,2026-03-27 17:05:45.154000+00:00,2026-03-27 17:05:25.758000+00:00
58556494929,Cierre Ganado,Coahuila,Cerrado,Sin motivo especifico,2026-03-30 19:39:19.390000+00:00,2026-03-30 19:39:13.224000+00:00
64177991945,Cotización,Puebla,Abierto,Sin motivo especifico,2026-08-19 15:05:19.515000+00:00,2026-09-11 15:04:59.443000+00:00
64524487447,Ganado,sin estado,Cerrado,Sin motivo especifico,2026-09-01 18:13:19.468000+00:00,2026-09-01 19:57:21.807000+00:00
41554373763,Cierre Ganado,Coahuila,Cerrado,Sin motivo especifico,2025-08-07 20:32:06.521000+00:00,2025-08-08 19:50:20.854000+00:00
64524521784,Ganado,Veracruz,Cerrado,Sin motivo especifico,2026-08-31 22:47:14.693000+00:00,2026-08-31 22:48:40.434000+00:00
64178156376,Ganado,Puebla,Cerrado,Sin motivo especifico,2026-08-20 23:42:32.471000+00:00,2026-08-20 23:48:35.940000+00:00
58599390314,Cierre Perdido,Nuevo León,Cerrado,Falta de producto,2026-03-30 22:50:07.838000+00:00,2026-03-30 22:49:51.036000+00:00
58599390835,Cierre Ganado,Tamaulipas,Cerrado,Sin motivo especifico,2026-03-30 23:17:58.261000+00:00,2026-03-30 23:18:35.825000+00:00
58630505740,Cierre Perdido,Tamaulipas,Cerrado,Falta de producto,2026-03-31 18:21:25.243000+00:00,2026-03-31 19:02:13.709000+00:00
58630516142,Cierre Ganado,Puebla,Cerrado,Sin motivo especifico,2026-03-31 23:46:24.628000+00:00,2026-04-02 00:24:25.201000+00:00
58630516286,Cierre Ganado,Puebla,Cerrado,Sin motivo especifico,2026-03-31 23:52:15.709000+00:00,2026-04-08 19:14:57.048000+00:00
58630631427,Cierre Perdido,Nuevo León,Cerrado,Falta de producto,2026-03-31 18:54:27.101000+00:00,2026-03-20 18:54:13.067000+00:00
58630686609,Cierre Ganado,Nuevo León,Cerrado,Sin motivo especifico,2026-03-31 16:31:26.296000+00:00,2026-03-31 19:36:18.305000+00:00
58630701835,Cierre Ganado,Puebla,Cerrado,Sin motivo especifico,2026-03-31 23:42:40.840000+00:00,2026-06-29 20:56:34.267000+00:00
58630754894,Cierre Perdido,Nuevo León,Cerrado,Falta de producto,2026-03-31 19:07:06.679000+00:00,2026-03-26 19:06:34.409000+00:00
58634160024,Cierre Perdido,Coahuila,Cerrado,Falta de producto,2026-03-31 18:25:41.991000+00:00,2026-03-30 18:25:29.896000+00:00
58634220976,Cierre Perdido,Tamaulipas,Cerrado,Sin motivo especifico,2026-03-31 18:02:11.016000+00:00,2026-04-15 23:53:39.274000+00:00
58634267570,Perdido,Chiapas,Cerrado,Sin Respuesta,2026-04-02 00:45:30.429000+00:00,2026-08-24 19:08:26.273000+00:00
58634294303,Cierre Perdido,Puebla,Cerrado,No tiene el dinero,2026-03-31 23:38:49.856000+00:00,2026-05-19 00:53:14.191000+00:00
58685888910,Cierre Perdido,Puebla,Cerrado,Falta de producto,2026-04-02 16:06:34.542000+00:00,2026-04-15 00:46:25.904000+00:00
58686505323,Cierre Perdido,Puebla,Cerrado,Falta de producto,2026-04-02 16:53:21.706000+00:00,2026-04-16 00:07:30.436000+00:00
58686505796,Cierre Perdido,Puebla,Cerrado,No tiene el dinero,2026-04-02 17:07:24.002000+00:00,2026-05-08 17:22:51.571000+00:00
58686564641,Perdido,Oaxaca,Cerrado,Sin Respuesta,2026-04-02 15:40:13.536000+00:00,2026-08-20 15:27:14.195000+00:00
58686568619,Cierre Ganado,Puebla,Cerrado,Sin motivo especifico,2026-04-02 17:24:29.084000+00:00,2026-04-01 17:24:22.397000+00:00
58686627182,Cierre Ganado,Puebla,Cerrado,Sin motivo especifico,2026-04-02 16:33:56.077000+00:00,2026-04-03 00:20:54.600000+00:00
58686629220,Cierre Ganado,Puebla,Cerrado,Sin motivo especifico,2026-04-02 17:48:33.025000+00:00,2026-04-02 21:56:30.046000+00:00
58686691202,Cierre Perdido,Puebla,Cerrado,No tiene el dinero,2026-04-02 17:18:55.153000+00:00,2026-06-25 15:05:11.167000+00:00
58686932805,Cierre Ganado,Puebla,Cerrado,Sin motivo especifico,2026-04-02 21:36:24.328000+00:00,2026-04-23 00:29:17.437000+00:00
58754551184,Cierre Ganado,Puebla,Cerrado,Sin motivo especifico,2026-04-06 15:50:16.379000+00:00,2026-04-07 00:59:41.098000+00:00
63027655724,Cierre Ganado,Puebla,Cerrado,Sin motivo especifico,2026-07-23 03:37:02.769000+00:00,2026-08-01 00:15:59.294000+00:00
63027655755,Ganado,Puebla,Cerrado,Sin motivo especifico,2026-07-23 03:41:19.427000+00:00,2026-08-31 20:22:30.373000+00:00
58901975126,Cierre Ganado,Puebla,Cerrado,Sin motivo especifico,2026-04-07 16:46:34.941000+00:00,2026-06-11 18:35:06.124000+00:00
58902514821,Cierre Perdido,Puebla,Cerrado,Sin motivo especifico,2026-04-08 00:30:31.099000+00:00,2026-04-08 00:43:17.338000+00:00
58951336325,Cierre Perdido,Tlaxcala,Cerrado,No tiene el dinero,2026-04-07 22:24:31.332000+00:00,2026-04-29 00:49:32.841000+00:00
58986172038,Perdido,Puebla,Cerrado,Falta de producto,2026-04-09 00:04:36.172000+00:00,2026-08-28 00:13:30.396000+00:00
63027674686,Cierre Ganado,Yucatán,Cerrado,Sin motivo especifico,2026-07-23 17:38:55.900000+00:00,2026-07-29 22:25:08.039000+00:00
41554361412,Cierre Ganado,sin estado,Cerrado,Sin motivo especifico,2025-08-07 18:33:55+00:00,2025-08-07 18:33:48.143000+00:00
58986226554,Cierre Ganado,Puebla,Cerrado,Sin motivo especifico,2026-04-08 20:01:32.957000+00:00,2026-04-08 22:40:04.692000+00:00
63027717678,Cierre Ganado,Tlaxcala,Cerrado,Sin motivo especifico,2026-07-23 03:20:09.885000+00:00,2026-07-23 03:20:03.803000+00:00
58986292806,Cierre Perdido,Quintana Roo,Cerrado,Sin Respuesta,2026-04-08 22:29:20.747000+00:00,2026-08-11 01:07:14.734000+00:00
63027717938,Cierre Ganado,Puebla,Cerrado,Sin motivo especifico,2026-07-23 03:48:00.274000+00:00,2026-07-22 03:47:53.782000+00:00
58986354857,Cierre Ganado,Puebla,Cerrado,Sin motivo especifico,2026-04-08 22:55:54.983000+00:00,2026-04-27 22:31:18.983000+00:00
58986844331,Cierre Ganado,Puebla,Cerrado,Sin motivo especifico,2026-04-08 18:59:48.824000+00:00,2026-04-07 18:59:31.117000+00:00
58986903683,Cierre Ganado,Puebla,Cerrado,Sin motivo especifico,2026-04-08 18:19:24.657000+00:00,2026-04-07 18:19:16.447000+00:00
58986908057,Cierre Ganado,Puebla,Cerrado,Sin motivo especifico,2026-04-08 20:02:59.944000+00:00,2026-04-22 15:51:16.570000+00:00
58986970538,Cierre Ganado,Puebla,Cerrado,Sin motivo especifico,2026-04-08 19:53:46.033000+00:00,2026-05-28 15:51:45.787000+00:00
58986975631,Cierre Ganado,Yucatán,Cerrado,Sin motivo especifico,2026-04-08 22:17:48.900000+00:00,2026-04-07 22:17:03.911000+00:00
58987036750,Cierre Perdido,Puebla,Cerrado,Falta de producto,2026-04-09 00:27:37.685000+00:00,2026-04-09 00:27:31.959000+00:00
63027780738,Cierre Perdido,Tlaxcala,Cerrado,No tiene el dinero,2026-07-23 03:01:19.851000+00:00,2026-08-10 21:13:28.275000+00:00
64248543880,Ganado,Tlaxcala,Cerrado,Sin motivo especifico,2026-08-21 17:35:24.071000+00:00,2026-08-21 23:18:18.370000+00:00
64248549514,Ganado,Puebla,Cerrado,Sin motivo especifico,2026-08-21 17:51:32.418000+00:00,2026-08-21 19:13:34.038000+00:00
64248552565,Ganado,Puebla,Cerrado,Sin motivo especifico,2026-08-21 18:03:40.788000+00:00,2026-08-21 19:09:39.668000+00:00
59021242673,Cierre Perdido,Puebla,Cerrado,No tiene el dinero,2026-04-09 22:48:10.982000+00:00,2026-07-21 23:52:08.691000+00:00
64524543043,Ganado,Puebla,Cerrado,Sin motivo especifico,2026-09-01 15:55:50.086000+00:00,2026-09-03 16:22:40.763000+00:00
63027843339,Cierre Ganado,Tlaxcala,Cerrado,Sin motivo especifico,2026-07-23 03:16:46.545000+00:00,2026-07-23 03:16:28.734000+00:00
64524547686,Ganado,Yucatán,Cerrado,Sin motivo especifico,2026-09-01 17:39:03.376000+00:00,2026-09-01 17:41:17.978000+00:00
59071639718,Cierre Ganado,Puebla,Cerrado,Sin motivo especifico,2026-04-10 22:13:36.519000+00:00,2026-04-08 22:13:30.833000+00:00
59071639855,Cierre Ganado,Tlaxcala,Cerrado,Sin motivo especifico,2026-04-10 22:19:00.795000+00:00,2026-04-30 22:18:09.239000+00:00
59071640473,Cierre Ganado,Puebla,Cerrado,Sin motivo especifico,2026-04-10 23:00:30.471000+00:00,2026-04-10 23:00:22.950000+00:00
59086315396,Cierre Perdido,Puebla,Cerrado,No tiene el dinero,2026-04-10 20:16:54.303000+00:00,2026-07-06 22:27:06.025000+00:00
59086318849,Cierre Ganado,Puebla,Cerrado,Sin motivo especifico,2026-04-10 22:29:54.183000+00:00,2026-04-08 22:29:46.789000+00:00
59086319412,Cierre Ganado,Puebla,Cerrado,Sin motivo especifico,2026-04-10 23:04:52.515000+00:00,2026-04-10 23:04:29.593000+00:00
59086320034,Cierre Perdido,Puebla,Cerrado,No tiene el dinero,2026-04-11 00:06:52.498000+00:00,2026-05-18 23:22:32.103000+00:00
59086380334,Cierre Ganado,Puebla,Cerrado,Sin motivo especifico,2026-04-10 22:44:24.120000+00:00,2026-04-08 22:43:43.250000+00:00
59086380453,Cierre Ganado,Puebla,Cerrado,Sin motivo especifico,2026-04-10 22:55:00.203000+00:00,2026-04-10 22:54:49.009000+00:00
59086381493,Cierre Ganado,Puebla,Cerrado,Sin motivo especifico,2026-04-11 00:50:41.019000+00:00,2026-04-17 03:25:19.095000+00:00
59086444327,Cierre Ganado,Puebla,Cerrado,Sin motivo especifico,2026-04-10 23:15:50.658000+00:00,2026-04-09 23:15:43.075000+00:00
59086934126,Cierre Ganado,Puebla,Cerrado,Sin motivo especifico,2026-04-10 20:30:46.909000+00:00,2026-04-23 22:57:28.566000+00:00
59086937109,Cierre Perdido,Puebla,Cerrado,Sin motivo especifico,2026-04-10 22:44:34.951000+00:00,2026-04-10 22:45:00.263000+00:00
59087001503,Cierre Ganado,Puebla,Cerrado,Sin motivo especifico,2026-04-11 00:57:03.133000+00:00,2026-06-05 19:39:59.119000+00:00
64596414253,Contactado,Yucatán,Abierto,Sin motivo especifico,,
59087124378,Cierre Ganado,Puebla,Cerrado,Sin motivo especifico,2026-04-10 22:35:50.791000+00:00,2026-04-06 22:35:44.645000+00:00
59087125826,Cierre Perdido,Puebla,Cerrado,No tiene el dinero,2026-04-11 00:52:49.596000+00:00,2026-07-06 22:26:41.367000+00:00
64623731350,Ganado,Puebla,Cerrado,Sin motivo especifico,2026-09-03 16:28:35.156000+00:00,2026-09-03 16:35:01.838000+00:00
64623856436,Perdido,Chiapas,Cerrado,Falta de producto,2026-09-03 20:11:31.710000+00:00,2026-09-03 20:26:46.596000+00:00
59153656237,Cierre Ganado,Tlaxcala,Cerrado,Sin motivo especifico,2026-04-13 20:50:24.390000+00:00,2026-05-06 16:05:33.904000+00:00
63027904588,Cierre Ganado,Puebla,Cerrado,Sin motivo especifico,2026-07-23 03:30:45.901000+00:00,2026-07-23 03:30:41.516000+00:00
64251892315,Ganado,Puebla,Cerrado,Sin motivo especifico,2026-08-22 00:58:12.519000+00:00,2026-08-22 01:01:15.426000+00:00
59171669876,Cierre Ganado,Puebla,Cerrado,Sin motivo especifico,2026-04-14 18:45:02.948000+00:00,2026-04-13 18:44:57.247000+00:00
59171672399,Cierre Ganado,Puebla,Cerrado,Sin motivo especifico,2026-04-14 18:57:15.343000+00:00,2026-04-13 18:57:07.928000+00:00
63027937706,Cierre Ganado,Puebla,Cerrado,Sin motivo especifico,2026-07-24 03:49:43.120000+00:00,2026-07-24 03:49:37.162000+00:00
63027937881,Cierre Ganado,Puebla,Cerrado,Sin motivo especifico,2026-07-24 04:03:49.669000+00:00,2026-07-28 00:34:18.516000+00:00
64623862096,Lead,Yucatán,Abierto,Sin motivo especifico,2026-09-03 23:45:34.857000+00:00,2026-09-30 23:45:22.912000+00:00
59185231397,Cierre Ganado,Puebla,Cerrado,Sin motivo especifico,2026-04-15 15:52:47.749000+00:00,2026-04-22 16:19:40.681000+00:00
59185308789,Cierre Ganado,Puebla,Cerrado,Sin motivo especifico,2026-04-16 00:33:40.299000+00:00,2026-04-20 14:54:05.379000+00:00
59186187655,Cierre Perdido,Puebla,Cerrado,No tiene el dinero,2026-04-16 00:48:45.683000+00:00,2026-07-01 16:06:33.049000+00:00
59186244133,Cierre Perdido,Puebla,Cerrado,Falta de producto,2026-04-15 20:54:39.065000+00:00,2026-04-15 20:54:33.880000+00:00
59186305673,Cierre Perdido,Puebla,Cerrado,No tiene el dinero,2026-04-15 20:56:21.494000+00:00,2026-04-29 15:42:33.484000+00:00
59221069217,Cierre Perdido,sin estado,Cerrado,Sin motivo especifico,2026-04-15 15:52:59.319000+00:00,2026-04-15 23:52:55.612000+00:00
59225154715,Cierre Ganado,Puebla,Cerrado,Sin motivo especifico,2026-04-15 22:32:32.988000+00:00,2026-04-20 14:42:35.272000+00:00
59225156973,Cierre Ganado,Puebla,Cerrado,Sin motivo especifico,2026-04-16 01:02:45.225000+00:00,2026-04-16 01:02:32.704000+00:00
59275095702,Cierre Ganado,Puebla,Cerrado,Sin motivo especifico,2026-04-17 17:21:41.383000+00:00,2026-04-23 00:22:49.454000+00:00
64286314885,Ganado,Puebla,Cerrado,Sin motivo especifico,2026-08-24 15:38:38.814000+00:00,2026-08-24 16:58:08.172000+00:00
63053437019,Cierre Perdido,Puebla,Cerrado,Sin Respuesta,2026-07-24 04:01:59.747000+00:00,2026-07-29 22:30:37.677000+00:00
63084834305,Cierre Ganado,Veracruz,Cerrado,Sin motivo especifico,2026-07-24 20:03:16.267000+00:00,2026-07-28 18:33:18.979000+00:00
63087105283,Cierre Perdido,Puebla,Cerrado,Sin interés detectado,2026-07-27 17:07:14.624000+00:00,2026-08-10 21:36:15.092000+00:00
63087221796,Cierre Ganado,Puebla,Cerrado,Sin motivo especifico,2026-07-27 15:23:37.890000+00:00,2026-07-28 22:19:59.499000+00:00
59277153863,Cierre Ganado,Puebla,Cerrado,Sin motivo especifico,2026-04-17 17:07:44.291000+00:00,2026-04-22 16:16:39.273000+00:00
59277154149,Cierre Ganado,Puebla,Cerrado,Sin motivo especifico,2026-04-17 17:15:32.166000+00:00,2026-04-22 16:14:34.432000+00:00
64286327420,Negociación,Tlaxcala,Abierto,Sin motivo especifico,2026-08-24 16:52:28.634000+00:00,2026-09-30 16:59:37.874000+00:00
63087284030,Cierre Ganado,Puebla,Cerrado,Sin motivo especifico,2026-07-27 16:44:39.333000+00:00,2026-08-01 00:14:39.255000+00:00
63087286645,Cierre Ganado,Yucatán,Cerrado,Sin motivo especifico,2026-07-27 17:56:06.669000+00:00,2026-07-29 15:57:47.060000+00:00
64286337415,Ganado,Yucatán,Cerrado,Sin motivo especifico,2026-08-24 16:50:33.194000+00:00,2026-08-26 19:20:40.997000+00:00
55459382413,Cierre Ganado,Tamaulipas,Cerrado,Sin motivo especifico,2026-02-03 16:36:19.695000+00:00,2026-01-30 16:36:08.257000+00:00
63186783321,Cierre Ganado,Puebla,Cerrado,Sin motivo especifico,2026-07-28 00:53:10.338000+00:00,2026-07-25 00:53:05.152000+00:00
63189248149,Cierre Ganado,Puebla,Cerrado,Sin motivo especifico,2026-07-27 18:59:47.001000+00:00,2026-07-28 00:07:55.306000+00:00
63189258085,Cierre Ganado,Puebla,Cerrado,Sin motivo especifico,2026-07-28 00:14:50.086000+00:00,2026-07-28 00:14:42.193000+00:00
63189319338,Cierre Ganado,Puebla,Cerrado,Sin motivo especifico,2026-07-27 23:59:50.661000+00:00,2026-07-23 23:59:40.081000+00:00
59369358777,Cierre Ganado,Puebla,Cerrado,Sin motivo especifico,2026-04-21 02:55:18.125000+00:00,2026-06-09 18:16:10.374000+00:00
59369372278,Cierre Ganado,Puebla,Cerrado,Sin motivo especifico,2026-04-21 14:44:36.035000+00:00,2026-04-20 14:44:27.715000+00:00
63189319459,Cierre Ganado,Puebla,Cerrado,Sin motivo especifico,2026-07-28 00:04:32.559000+00:00,2026-07-28 00:04:26.495000+00:00
63189381140,Cierre Ganado,Puebla,Cerrado,Sin motivo especifico,2026-07-27 23:52:47.613000+00:00,2026-07-23 23:52:34.788000+00:00
63189442435,Cierre Ganado,Puebla,Cerrado,Sin motivo especifico,2026-07-28 00:10:41.320000+00:00,2026-07-28 00:10:35.501000+00:00
63189442653,Cierre Ganado,Puebla,Cerrado,Sin motivo especifico,2026-07-28 00:25:50.723000+00:00,2026-07-28 00:25:45.492000+00:00
59369422874,Cierre Perdido,Puebla,Cerrado,No tiene el dinero,2026-04-21 02:39:07.582000+00:00,2026-05-26 15:42:27.481000+00:00
63222192139,Cierre Ganado,Puebla,Cerrado,Sin motivo especifico,2026-07-28 15:14:12.531000+00:00,2026-07-27 15:14:07.413000+00:00
59369485079,Cierre Ganado,Puebla,Cerrado,Sin motivo especifico,2026-04-21 03:05:09.055000+00:00,2026-04-16 03:05:03.254000+00:00
64524583481,Ganado,Puebla,Cerrado,Sin motivo especifico,2026-09-01 01:11:29.542000+00:00,2026-09-01 01:12:14.111000+00:00
64287767124,Ganado,Puebla,Cerrado,Sin motivo especifico,2026-08-24 17:52:08.330000+00:00,2026-08-24 20:45:23.321000+00:00
41554350519,Cierre Ganado,Nuevo León,Cerrado,Sin motivo especifico,2025-08-07 17:15:57.528000+00:00,2025-08-05 17:15:50.048000+00:00
59369546397,Cierre Ganado,Tlaxcala,Cerrado,Sin motivo especifico,2026-04-21 03:49:50.275000+00:00,2026-04-18 03:49:45.079000+00:00
59369565366,Cierre Ganado,Puebla,Cerrado,Sin motivo especifico,2026-04-21 16:31:48.583000+00:00,2026-04-28 20:58:21.921000+00:00
63222239307,Cierre Ganado,Puebla,Cerrado,Sin motivo especifico,2026-07-29 18:04:57.194000+00:00,2026-07-29 22:26:27.863000+00:00
63222257575,Cierre Ganado,Yucatán,Cerrado,Sin motivo especifico,2026-07-28 16:35:46.760000+00:00,2026-07-29 15:57:37.518000+00:00
59369623630,Cierre Ganado,Puebla,Cerrado,Sin motivo especifico,2026-04-21 14:51:16.249000+00:00,2026-04-20 14:51:10.881000+00:00
63222263716,Cierre Ganado,Puebla,Cerrado,Sin motivo especifico,2026-07-28 19:02:13.262000+00:00,2026-07-28 22:11:59.184000+00:00
59369919115,Cierre Ganado,Puebla,Cerrado,Sin motivo especifico,2026-04-21 03:35:35.452000+00:00,2026-04-18 03:35:29.267000+00:00
59369932968,Cierre Ganado,Puebla,Cerrado,Sin motivo especifico,2026-04-21 14:33:09.017000+00:00,2026-04-20 14:33:01.065000+00:00
59369938330,Cierre Perdido,Puebla,Cerrado,No tiene el dinero,2026-04-21 16:19:38.729000+00:00,2026-06-02 20:27:53.207000+00:00
64288633724,Ganado,Puebla,Cerrado,Sin motivo especifico,2026-08-24 23:08:28.416000+00:00,2026-08-25 18:54:47.289000+00:00
59369980088,Cierre Ganado,Puebla,Cerrado,Sin motivo especifico,2026-04-21 03:44:29.571000+00:00,2026-04-18 03:44:21.723000+00:00
63222326039,Cierre Ganado,Ciudad De México,Cerrado,Sin motivo especifico,2026-07-28 19:05:18.182000+00:00,2026-07-28 21:18:21.571000+00:00
59418280815,Cierre Perdido,Quintana Roo,Cerrado,No tiene el dinero,2026-04-22 00:57:04.181000+00:00,2026-08-10 19:06:41.447000+00:00
59418282006,Perdido,Yucatán,Cerrado,Sin interés detectado,2026-04-22 02:40:58.735000+00:00,2026-08-27 19:49:45.106000+00:00
59418466164,Cierre Ganado,Yucatán,Cerrado,Sin motivo especifico,2026-04-22 00:25:38.393000+00:00,2026-05-01 00:18:27.333000+00:00
59418528341,Cierre Ganado,Yucatán,Cerrado,Sin motivo especifico,2026-04-22 02:21:35.967000+00:00,2026-07-29 17:54:07.481000+00:00
63222326371,Cierre Ganado,Puebla,Cerrado,Sin motivo especifico,2026-07-28 19:13:59.729000+00:00,2026-07-21 19:13:53.184000+00:00
59418601604,Cierre Perdido,Yucatán,Cerrado,Sin motivo especifico,2026-04-23 00:06:57.226000+00:00,2026-06-03 00:37:53.894000+00:00
59418665028,Cierre Perdido,Yucatán,Cerrado,Sin motivo especifico,2026-04-22 23:49:59.513000+00:00,2026-06-03 00:34:19.623000+00:00
59418711587,Cierre Ganado,Puebla,Cerrado,Sin motivo especifico,2026-04-22 16:33:18.689000+00:00,2026-04-21 16:33:14.366000+00:00
59418712950,Cierre Perdido,Yucatán,Cerrado,Eligio un producto de la competencia,2026-04-22 17:05:17.885000+00:00,2026-07-29 16:52:39.263000+00:00
59418899575,Cierre Ganado,Puebla,Cerrado,Sin motivo especifico,2026-04-22 00:04:47.336000+00:00,2026-06-30 20:53:04.836000+00:00
59418900846,Cierre Ganado,Yucatán,Cerrado,Sin motivo especifico,2026-04-22 01:57:16.775000+00:00,2026-06-03 01:00:31.725000+00:00
59418962595,Cierre Ganado,Yucatán,Cerrado,Sin motivo especifico,2026-04-22 02:11:56.211000+00:00,2026-07-29 16:10:14.612000+00:00
59419023395,Cierre Perdido,Yucatán,Cerrado,No tiene el dinero,2026-04-22 01:12:11.272000+00:00,2026-06-03 01:00:10.030000+00:00
63222332700,Cierre Ganado,Puebla,Cerrado,Sin motivo especifico,2026-07-28 22:02:40.598000+00:00,2026-07-28 22:02:34.616000+00:00
59419223052,Cierre Ganado,Puebla,Cerrado,Sin motivo especifico,2026-04-23 00:33:50.734000+00:00,2026-04-23 00:33:23.431000+00:00
59419283894,Cierre Ganado,Puebla,Cerrado,Sin motivo especifico,2026-04-23 00:19:38.588000+00:00,2026-04-23 00:19:31.916000+00:00
59419284057,Cierre Ganado,Yucatán,Cerrado,Sin motivo especifico,2026-04-23 00:33:41.879000+00:00,2026-07-07 23:27:11.571000+00:00
59419284106,Cierre Perdido,Yucatán,Cerrado,Sin motivo especifico,2026-04-23 00:40:14.006000+00:00,2026-07-27 20:36:57.498000+00:00
59419330631,Cierre Ganado,Puebla,Cerrado,Sin motivo especifico,2026-04-22 16:24:16.772000+00:00,2026-04-13 16:24:03.939000+00:00
63222359705,Cierre Ganado,Puebla,Cerrado,Sin motivo especifico,2026-07-29 18:29:35.782000+00:00,2026-07-29 18:29:30.715000+00:00
59425565813,Cierre Perdido,sin estado,Cerrado,Sin motivo especifico,2026-04-22 00:04:54.218000+00:00,2026-05-19 19:01:45.892000+00:00
63222368561,Cierre Ganado,Puebla,Cerrado,Sin motivo especifico,2026-07-29 22:53:18.196000+00:00,2026-07-29 23:51:28.427000+00:00
63222377275,Cierre Ganado,Puebla,Cerrado,Sin motivo especifico,2026-07-28 15:08:57.973000+00:00,2026-07-27 15:08:48.946000+00:00
59503424425,Cierre Perdido,Puebla,Cerrado,Falta de producto,2026-04-23 23:29:53.659000+00:00,2026-04-23 23:30:05.067000+00:00
59545416532,Cierre Ganado,Puebla,Cerrado,Sin motivo especifico,2026-04-23 22:52:43.828000+00:00,2026-04-23 22:42:43.067000+00:00
59545475165,Cierre Ganado,Puebla,Cerrado,Sin motivo especifico,2026-04-23 20:44:51.782000+00:00,2026-04-23 20:44:39.587000+00:00
63222783841,Cierre Ganado,Puebla,Cerrado,Sin motivo especifico,2026-07-29 16:37:46.529000+00:00,2026-07-29 16:37:38.147000+00:00
63222785189,Cierre Ganado,Puebla,Cerrado,Sin motivo especifico,2026-07-29 17:12:34.299000+00:00,2026-07-29 22:24:02.460000+00:00
64627578192,Lead,Yucatán,Abierto,Sin motivo especifico,2026-09-03 23:42:11.236000+00:00,2026-09-30 23:42:01.656000+00:00
64623862297,Lead,Yucatán,Abierto,Sin motivo especifico,2026-09-03 23:56:46.432000+00:00,2026-09-30 23:56:37.007000+00:00
59545540165,Cierre Ganado,Puebla,Cerrado,Sin motivo especifico,2026-04-23 22:34:43.270000+00:00,2026-04-23 22:34:34.276000+00:00
59545540212,Cierre Ganado,Puebla,Cerrado,Sin motivo especifico,2026-04-23 22:38:25.702000+00:00,2026-04-23 22:38:18.959000+00:00
63222823765,Cierre Ganado,Puebla,Cerrado,Sin motivo especifico,2026-07-28 22:34:42.067000+00:00,2026-07-28 22:34:33.099000+00:00
64288813231,Ganado,Puebla,Cerrado,Sin motivo especifico,2026-08-24 20:07:08.790000+00:00,2026-08-27 00:55:12.388000+00:00
64288873514,Perdido,Yucatán,Cerrado,No tiene el dinero,2026-08-24 19:13:16.267000+00:00,2026-09-01 15:47:38.509000+00:00
59609809486,Recepción De Pago / Financiera,Yucatán,Abierto,Sin motivo especifico,2026-04-24 18:06:38.827000+00:00,2026-04-30 18:03:20.349000+00:00
59609931076,Cierre Perdido,Yucatán,Cerrado,Sin motivo especifico,2026-04-24 17:28:57.049000+00:00,2026-05-14 00:06:23.594000+00:00
64288876550,Necesidad Descubierta,Puebla,Abierto,Sin motivo especifico,2026-08-24 20:28:44.993000+00:00,2026-09-11 20:28:38.371000+00:00
59610035870,Cierre Ganado,Yucatán,Cerrado,Sin motivo especifico,2026-04-27 20:22:45.646000+00:00,2026-07-07 23:28:56.918000+00:00
63223027040,Cierre Ganado,Puebla,Cerrado,Sin motivo especifico,2026-07-30 17:05:44.514000+00:00,2026-07-30 17:34:37.301000+00:00
63223037504,Cierre Ganado,Puebla,Cerrado,Sin motivo especifico,2026-07-31 00:06:22.046000+00:00,2026-08-05 00:46:50.523000+00:00
59610152980,Cierre Ganado,Yucatán,Cerrado,Sin motivo especifico,2026-04-27 20:20:41.640000+00:00,2026-06-03 00:27:13.567000+00:00
63223088225,Cierre Ganado,Yucatán,Cerrado,Sin motivo especifico,2026-07-30 17:03:10.538000+00:00,2026-08-05 18:36:11.656000+00:00
63223090273,Cierre Ganado,Puebla,Cerrado,Sin motivo especifico,2026-07-30 18:08:02.277000+00:00,2026-07-30 20:06:07.212000+00:00
63223095580,Cierre Ganado,Puebla,Cerrado,Sin motivo especifico,2026-07-30 22:17:43.575000+00:00,2026-07-31 00:59:04.229000+00:00
59613333546,Cierre Perdido,Quintana Roo,Cerrado,Sin motivo especifico,2026-04-24 17:45:49.293000+00:00,2026-06-03 00:32:46.111000+00:00
59613334048,Cierre Ganado,Puebla,Cerrado,Sin motivo especifico,2026-04-24 17:58:39.121000+00:00,2026-05-01 03:34:51.962000+00:00
59644276008,Cierre Ganado,Yucatán,Cerrado,Sin motivo especifico,2026-04-24 17:55:39.049000+00:00,2026-06-03 00:27:55.220000+00:00
59644339241,Cierre Perdido,Quintana Roo,Cerrado,Sin motivo especifico,2026-04-24 17:50:52.371000+00:00,2026-06-03 00:32:29.359000+00:00
42070551713,Cierre Ganado,Coahuila,Cerrado,Sin motivo especifico,2025-08-14 03:21:25.607000+00:00,2025-08-16 03:21:19.894000+00:00
59680045326,Cierre Ganado,Puebla,Cerrado,Sin motivo especifico,2026-04-24 23:10:43.598000+00:00,2026-04-17 23:10:37.826000+00:00
59680045489,Cierre Perdido,Puebla,Cerrado,Sin motivo especifico,2026-04-24 23:35:18.218000+00:00,2026-04-24 23:39:38.430000+00:00
63290811474,Cierre Ganado,Puebla,Cerrado,Sin motivo especifico,2026-07-30 16:17:23.493000+00:00,2026-07-30 20:06:14.795000+00:00
42070551450,Cierre Ganado,Coahuila,Cerrado,Sin motivo especifico,2025-08-14 03:12:50.869000+00:00,2025-08-15 03:12:42.488000+00:00
63290934953,Cierre Perdido,Tlaxcala,Cerrado,Falta de producto,2026-07-30 16:05:01.200000+00:00,2026-07-30 16:04:56.073000+00:00
63290943138,Cierre Ganado,Puebla,Cerrado,Sin motivo especifico,2026-07-30 19:26:01.362000+00:00,2026-07-30 19:28:07.326000+00:00
63291011692,Cierre Ganado,Puebla,Cerrado,Sin motivo especifico,2026-07-30 22:04:08.891000+00:00,2026-07-31 00:59:43.867000+00:00
63291011732,Cierre Ganado,Puebla,Cerrado,Sin motivo especifico,2026-07-30 22:06:14.741000+00:00,2026-08-05 00:59:13.339000+00:00
59727985733,Cierre Ganado,Puebla,Cerrado,Sin motivo especifico,2026-04-28 16:45:45.456000+00:00,2026-04-23 16:45:37.625000+00:00
59727988525,Cierre Perdido,Quintana Roo,Cerrado,Sin motivo especifico,2026-04-28 17:51:57.721000+00:00,2026-06-03 00:32:35.831000+00:00
59727995666,Cierre Ganado,Puebla,Cerrado,Sin motivo especifico,2026-04-28 20:46:24.118000+00:00,2026-04-27 20:46:17.370000+00:00
59727998988,Cierre Ganado,Puebla,Cerrado,Sin motivo especifico,2026-04-28 23:01:46.338000+00:00,2026-04-28 23:01:34.656000+00:00
63327493483,Cierre Ganado,Puebla,Cerrado,Sin motivo especifico,2026-07-31 20:32:10.203000+00:00,2026-07-31 20:32:03.304000+00:00
63327493546,Cierre Ganado,Puebla,Cerrado,Sin motivo especifico,2026-07-31 20:34:56.139000+00:00,2026-08-01 00:46:32.399000+00:00
59728045461,Cierre Ganado,Puebla,Cerrado,Sin motivo especifico,2026-04-28 15:38:12.130000+00:00,2026-04-29 17:08:36.221000+00:00
59728049072,Cierre Ganado,Puebla,Cerrado,Sin motivo especifico,2026-04-28 16:51:20.374000+00:00,2026-04-25 16:50:46.329000+00:00
59728051020,Cierre Ganado,Puebla,Cerrado,Sin motivo especifico,2026-04-28 17:33:51.449000+00:00,2026-04-25 17:33:40.893000+00:00
59728051542,Cierre Perdido,Quintana Roo,Cerrado,Sin motivo especifico,2026-04-28 17:44:06.363000+00:00,2026-05-14 00:01:12.778000+00:00
59728063044,Cierre Ganado,Puebla,Cerrado,Sin motivo especifico,2026-04-28 23:05:06.870000+00:00,2026-04-28 23:04:56.565000+00:00
59728064634,Cierre Ganado,Puebla,Cerrado,Sin motivo especifico,2026-04-29 01:04:10.130000+00:00,2026-04-29 01:04:02.325000+00:00
59728111524,Cierre Perdido,Nuevo León,Cerrado,Sin motivo especifico,2026-04-28 18:52:35.432000+00:00,2026-06-03 00:27:21.695000+00:00
59728118844,Cierre Ganado,Puebla,Cerrado,Sin motivo especifico,2026-04-28 22:53:37.306000+00:00,2026-04-28 22:53:32.036000+00:00
63327553623,Negociación,Puebla,Abierto,Sin motivo especifico,2026-07-31 19:43:55.030000+00:00,2026-08-31 23:04:04.782000+00:00
63327731765,Cierre Ganado,Puebla,Cerrado,Sin motivo especifico,2026-08-01 00:48:54.873000+00:00,2026-08-01 00:48:07.743000+00:00
59728172854,Cierre Ganado,Yucatán,Cerrado,Sin motivo especifico,2026-04-28 17:29:14.420000+00:00,2026-08-08 01:19:29.335000+00:00
59728175958,Cierre Ganado,Yucatán,Cerrado,Sin motivo especifico,2026-04-28 18:42:28.061000+00:00,2026-06-03 00:27:40.553000+00:00
59728186141,Cierre Ganado,Puebla,Cerrado,Sin motivo especifico,2026-04-29 00:57:30.876000+00:00,2026-04-29 00:57:25.473000+00:00
59728233646,Cierre Ganado,Tlaxcala,Cerrado,Sin motivo especifico,2026-04-28 17:27:17.917000+00:00,2026-04-25 17:27:13.328000+00:00
59728246345,Cierre Ganado,Puebla,Cerrado,Sin motivo especifico,2026-04-29 01:00:48.006000+00:00,2026-04-29 01:00:43.299000+00:00
63360957210,Cierre Ganado,Puebla,Cerrado,Sin motivo especifico,2026-07-31 20:52:30.032000+00:00,2026-08-07 00:50:46.121000+00:00
59728292984,Cierre Ganado,Puebla,Cerrado,Sin motivo especifico,2026-04-28 15:41:18.626000+00:00,2026-04-30 20:32:13.973000+00:00
59728306568,Cierre Ganado,Puebla,Cerrado,Sin motivo especifico,2026-04-28 20:31:57.105000+00:00,2026-04-25 20:31:51.752000+00:00
59728307490,Cierre Ganado,Puebla,Cerrado,Sin motivo especifico,2026-04-28 20:53:30.904000+00:00,2026-04-27 20:53:13.115000+00:00
59729771682,Cierre Ganado,Quintana Roo,Cerrado,Sin motivo especifico,2026-04-28 17:03:03.204000+00:00,2026-05-14 00:05:42.843000+00:00
59729780891,Cierre Ganado,Puebla,Cerrado,Sin motivo especifico,2026-04-28 20:40:13.889000+00:00,2026-04-27 20:40:08.201000+00:00
59729784593,Cierre Ganado,Puebla,Cerrado,Sin motivo especifico,2026-04-28 22:45:22.209000+00:00,2026-04-28 22:45:11.562000+00:00
59729839430,Cierre Perdido,Yucatán,Cerrado,Sin motivo especifico,2026-04-28 18:23:41.315000+00:00,2026-06-03 00:32:32.723000+00:00
59729840003,Cierre Perdido,Yucatán,Cerrado,Sin motivo especifico,2026-04-28 18:36:47.351000+00:00,2026-05-14 00:01:03.367000+00:00
63433623837,Cierre Ganado,Puebla,Cerrado,Sin motivo especifico,2026-08-03 16:40:45.286000+00:00,2026-08-05 01:01:12.381000+00:00
64524641107,Ganado,Puebla,Cerrado,Sin motivo especifico,2026-08-31 20:42:56.451000+00:00,2026-08-31 20:43:51.995000+00:00
64288936350,Ganado,Yucatán,Cerrado,Sin motivo especifico,2026-08-24 19:24:03.164000+00:00,2026-09-03 19:26:34.771000+00:00
59812459564,Cierre Ganado,Puebla,Cerrado,Sin motivo especifico,2026-04-30 17:03:30.600000+00:00,2026-04-29 17:04:34.488000+00:00
59812466323,Cierre Ganado,Puebla,Cerrado,Sin motivo especifico,2026-04-30 19:56:09.119000+00:00,2026-04-30 19:55:46.783000+00:00
59812471884,Cierre Ganado,Quintana Roo,Cerrado,Sin motivo especifico,2026-04-30 23:27:05.717000+00:00,2026-04-30 23:22:01.961000+00:00
59812472087,Cierre Ganado,Quintana Roo,Cerrado,Sin motivo especifico,2026-04-30 23:40:30.833000+00:00,2026-04-30 23:35:53.918000+00:00
64288938152,Perdido,Puebla,Cerrado,Sin Respuesta,2026-08-24 20:03:31.129000+00:00,2026-08-27 00:51:57.435000+00:00
59812528548,Cierre Ganado,Ciudad De México,Cerrado,Sin motivo especifico,2026-04-30 20:45:10.426000+00:00,2026-04-30 20:15:33.183000+00:00
59812530764,Cierre Ganado,Yucatán,Cerrado,Sin motivo especifico,2026-04-30 22:08:13.275000+00:00,2026-04-30 22:07:18.952000+00:00
59814798924,Cierre Ganado,Yucatán,Cerrado,Sin motivo especifico,2026-04-29 22:13:06.916000+00:00,2026-05-01 00:13:43.759000+00:00
64288940084,Ganado,Puebla,Cerrado,Sin motivo especifico,2026-08-24 20:48:16.018000+00:00,2026-08-24 20:51:07.883000+00:00
59814819730,Cierre Ganado,Chihuahua,Cerrado,Sin motivo especifico,2026-04-30 15:33:09.404000+00:00,2026-04-30 15:30:47.475000+00:00
63433683631,Cierre Ganado,Puebla,Cerrado,Sin motivo especifico,2026-08-03 16:00:52.746000+00:00,2026-08-03 20:13:14.900000+00:00
59814835837,Cierre Ganado,Quintana Roo,Cerrado,Sin motivo especifico,2026-04-30 22:27:10.634000+00:00,2026-04-30 22:25:29.013000+00:00
64288967263,Ganado,Chiapas,Cerrado,Sin motivo especifico,2026-08-25 17:11:22.504000+00:00,2026-08-25 18:29:38.123000+00:00
63433749663,Cierre Ganado,Puebla,Cerrado,Sin motivo especifico,2026-08-03 17:37:11.546000+00:00,2026-08-03 17:38:31.440000+00:00
59814893419,Cierre Ganado,Puebla,Cerrado,Sin motivo especifico,2026-04-30 20:04:00.409000+00:00,2026-04-30 20:03:26.076000+00:00
64291574420,Ganado,Puebla,Cerrado,Sin motivo especifico,2026-08-24 21:08:20.464000+00:00,2026-08-27 01:00:43.299000+00:00
64291634095,Perdido,Yucatán,Cerrado,Falta de producto,2026-08-24 20:17:55.027000+00:00,2026-08-27 23:57:04.527000+00:00
59814946838,Cierre Ganado,Quintana Roo,Cerrado,Sin motivo especifico,2026-04-30 17:19:15.164000+00:00,2026-05-01 00:13:25.302000+00:00
63433795884,Negociación,Puebla,Abierto,Sin motivo especifico,2026-08-04 23:56:31.006000+00:00,2026-08-31 23:02:00.648000+00:00
59815063566,Cierre Ganado,Quintana Roo,Cerrado,Sin motivo especifico,2026-04-30 15:08:24.414000+00:00,2026-05-01 00:13:32.581000+00:00
59815068037,Cierre Ganado,Puebla,Cerrado,Sin motivo especifico,2026-04-30 16:54:02.789000+00:00,2026-04-29 16:53:54.304000+00:00
59815074848,Cierre Ganado,Ciudad De México,Cerrado,Sin motivo especifico,2026-04-30 19:41:12.703000+00:00,2026-04-30 19:35:18.556000+00:00
59815075914,Cierre Ganado,Quintana Roo,Cerrado,Sin motivo especifico,2026-04-30 20:07:35.806000+00:00,2026-05-01 00:13:17.881000+00:00
63433796162,Ganado,Puebla,Cerrado,Sin motivo especifico,2026-08-05 00:18:34.245000+00:00,2026-08-06 01:15:38.113000+00:00
64291635259,Necesidad Descubierta,Puebla,Abierto,Sin motivo especifico,2026-08-24 20:41:43.343000+00:00,2026-09-11 20:41:37.915000+00:00
59815132978,Cierre Ganado,Puebla,Cerrado,Sin motivo especifico,2026-04-30 18:07:39.337000+00:00,2026-04-29 18:07:34.406000+00:00
64524666906,Negociación,Yucatán,Abierto,Sin motivo especifico,2026-09-01 16:46:29.734000+00:00,2026-09-30 16:43:35.655000+00:00
63433815956,Perdido,Tabasco,Cerrado,Sin Respuesta,2026-08-03 19:26:08.887000+00:00,2026-08-20 15:30:11.646000+00:00
59815137172,Cierre Ganado,Puebla,Cerrado,Sin motivo especifico,2026-04-30 19:59:34.995000+00:00,2026-04-30 19:59:29.417000+00:00
59883146016,Cierre Ganado,Yucatán,Cerrado,Sin motivo especifico,2026-04-30 22:18:08.733000+00:00,2026-04-30 22:11:23.930000+00:00
59883146872,Cierre Ganado,Yucatán,Cerrado,Sin motivo especifico,2026-04-30 23:10:13.417000+00:00,2026-04-30 23:07:01.542000+00:00
64623911858,Ganado,Puebla,Cerrado,Sin motivo especifico,2026-09-03 17:51:42.362000+00:00,2026-09-03 17:53:16.662000+00:00
59915365790,Cierre Ganado,Puebla,Cerrado,Sin motivo especifico,2026-05-05 00:41:27.718000+00:00,2026-05-05 00:48:54.933000+00:00
59963224858,Cierre Ganado,Puebla,Cerrado,Sin motivo especifico,2026-05-04 23:42:57.657000+00:00,2026-08-05 18:11:21.465000+00:00
41945941429,Cierre Ganado,Coahuila,Cerrado,Sin motivo especifico,2025-08-13 03:57:25.724000+00:00,2025-08-13 03:57:19.371000+00:00
60019234732,Cierre Ganado,Puebla,Cerrado,Sin motivo especifico,2026-05-05 20:13:49.140000+00:00,2026-05-05 20:21:55.644000+00:00
60019261356,Cierre Ganado,Puebla,Cerrado,Sin motivo especifico,2026-05-05 01:01:26.491000+00:00,2026-05-05 01:01:18.638000+00:00
60019849332,Cierre Ganado,Puebla,Cerrado,Sin motivo especifico,2026-05-05 19:45:32.759000+00:00,2026-05-06 15:58:36.784000+00:00
60036798362,Cierre Ganado,Tlaxcala,Cerrado,Sin motivo especifico,2026-05-05 19:27:49.157000+00:00,2026-05-05 22:37:28.621000+00:00
60054224444,Cierre Ganado,Puebla,Cerrado,Sin motivo especifico,2026-05-06 16:32:16.852000+00:00,2026-05-06 20:26:37.892000+00:00
60054228572,Cierre Perdido,Puebla,Cerrado,No tiene el dinero,2026-05-06 16:49:33.966000+00:00,2026-07-21 16:52:49.447000+00:00
60056561000,Cierre Ganado,Puebla,Cerrado,Sin motivo especifico,2026-05-06 20:03:51.539000+00:00,2026-05-05 20:03:44.163000+00:00
60058959394,Cierre Ganado,Puebla,Cerrado,Sin motivo especifico,2026-05-06 20:40:11.157000+00:00,2026-05-06 20:40:03.630000+00:00
60058972787,Cierre Ganado,Puebla,Cerrado,Sin motivo especifico,2026-05-06 22:49:55.593000+00:00,2026-06-02 16:17:14.118000+00:00
60058998827,Cierre Ganado,Puebla,Cerrado,Sin motivo especifico,2026-05-07 01:04:51.582000+00:00,2026-05-06 01:04:45.382000+00:00
60060490052,Cierre Perdido,sin estado,Cerrado,Sin motivo especifico,2026-05-06 22:49:59.900000+00:00,2026-05-07 16:14:54.970000+00:00
60083346090,Cierre Ganado,Puebla,Cerrado,Sin motivo especifico,2026-05-07 20:33:39.974000+00:00,2026-05-07 20:33:21.571000+00:00
60083547025,Cierre Ganado,Puebla,Cerrado,Sin motivo especifico,2026-05-08 16:25:08.537000+00:00,2026-05-08 16:25:19.775000+00:00
60083559501,Cierre Ganado,Puebla,Cerrado,Sin motivo especifico,2026-05-09 00:20:51.527000+00:00,2026-05-07 00:20:43.102000+00:00
60108199791,Cierre Ganado,Puebla,Cerrado,Sin motivo especifico,2026-05-08 16:03:20.718000+00:00,2026-05-07 16:03:07.986000+00:00
60108202156,Cierre Perdido,Puebla,Cerrado,Falta de producto,2026-05-08 16:59:37.276000+00:00,2026-05-11 17:55:45.104000+00:00
60108202505,Cierre Ganado,Puebla,Cerrado,Sin motivo especifico,2026-05-08 17:06:24.134000+00:00,2026-05-20 23:07:53.909000+00:00
60108261480,Cierre Ganado,Puebla,Cerrado,Sin motivo especifico,2026-05-08 16:07:21.014000+00:00,2026-05-07 16:07:12.007000+00:00
60108262573,Cierre Ganado,Puebla,Cerrado,Sin motivo especifico,2026-05-08 16:34:52.333000+00:00,2026-05-08 16:34:42.296000+00:00
60108264092,Cierre Perdido,Puebla,Cerrado,Falta de producto,2026-05-08 17:12:29.772000+00:00,2026-05-07 17:12:23.659000+00:00
60108264316,Cierre Perdido,Puebla,Cerrado,No tiene el dinero,2026-05-08 17:19:21.557000+00:00,2026-05-19 23:30:33.851000+00:00
60108271538,Cierre Ganado,Puebla,Cerrado,Sin motivo especifico,2026-05-08 20:26:33.308000+00:00,2026-05-11 15:43:21.114000+00:00
60142031506,Cierre Perdido,Tlaxcala,Cerrado,No tiene el dinero,2026-05-08 17:01:03.459000+00:00,2026-06-15 18:49:35.326000+00:00
60142233477,Cierre Ganado,Puebla,Cerrado,Sin motivo especifico,2026-05-08 23:49:44.419000+00:00,2026-05-11 15:43:16.504000+00:00
60177517134,Cierre Ganado,Puebla,Cerrado,Sin motivo especifico,2026-05-12 21:59:31.515000+00:00,2026-05-06 21:59:25.516000+00:00
60177695392,Cierre Ganado,Puebla,Cerrado,Sin motivo especifico,2026-05-12 21:00:57.867000+00:00,2026-05-14 00:43:24.128000+00:00
64623921950,Ganado,Veracruz,Cerrado,Sin motivo especifico,2026-09-03 23:03:14.307000+00:00,2026-09-03 23:53:27.377000+00:00
60177881220,Cierre Ganado,Puebla,Cerrado,Sin motivo especifico,2026-05-12 22:06:14.263000+00:00,2026-05-11 22:05:59.240000+00:00
64310514792,Perdido,Chiapas,Cerrado,No tiene el dinero,2026-08-24 19:33:15.640000+00:00,2026-08-26 21:36:45.364000+00:00
41945934486,Cierre Ganado,Tabasco,Cerrado,Sin motivo especifico,2025-08-13 00:43:21.205000+00:00,2025-09-01 00:41:13.239000+00:00
63433978125,Ganado,Yucatán,Cerrado,Sin motivo especifico,2026-08-05 23:07:33.253000+00:00,2026-08-24 18:19:51.476000+00:00
64318596974,Cotización,Puebla,Abierto,Sin motivo especifico,2026-08-24 19:46:05.034000+00:00,2026-09-17 20:01:40.868000+00:00
64333228109,Ganado,Puebla,Cerrado,Sin motivo especifico,2026-08-25 19:19:41.363000+00:00,2026-08-25 19:22:02.542000+00:00
60239741357,Perdido,Veracruz,Cerrado,Sin Respuesta,2026-05-14 00:19:06.744000+00:00,2026-08-20 15:29:05.516000+00:00
63434002729,Ganado,Quintana Roo,Cerrado,Falta de producto,2026-08-06 18:53:18.479000+00:00,2026-08-31 16:58:08.909000+00:00
41554345752,Cierre Ganado,Tamaulipas,Cerrado,Sin motivo especifico,2025-08-07 16:44:36.021000+00:00,2025-08-04 16:44:28.309000+00:00
64333475899,Ganado,Veracruz,Cerrado,Sin motivo especifico,2026-08-25 19:54:05.863000+00:00,2026-08-26 19:50:56.152000+00:00
63434102278,Cierre Perdido,Puebla,Cerrado,Falta de producto,2026-08-05 22:28:15.771000+00:00,2026-08-05 22:28:04.112000+00:00
63434186773,Perdido,Yucatán,Cerrado,Sin interés detectado,2026-08-06 17:59:33.035000+00:00,2026-08-24 15:46:10.499000+00:00
64333534721,Ganado,Tabasco,Cerrado,Sin motivo especifico,2026-08-25 18:44:31.635000+00:00,2026-08-25 18:45:53.621000+00:00
60257781304,Cierre Ganado,Puebla,Cerrado,Sin motivo especifico,2026-05-15 00:23:45.387000+00:00,2026-05-15 00:23:39.491000+00:00
60257783064,Cierre Ganado,Puebla,Cerrado,Sin motivo especifico,2026-05-15 00:15:41.725000+00:00,2026-05-13 00:15:34.123000+00:00
60257786430,Cierre Ganado,Puebla,Cerrado,Sin motivo especifico,2026-05-15 00:50:28.835000+00:00,2026-05-14 00:50:22.977000+00:00
64623922947,Cotización,Puebla,Abierto,Sin motivo especifico,2026-09-04 00:19:28.035000+00:00,2026-09-12 00:19:25.338000+00:00
60257814102,Cierre Ganado,Puebla,Cerrado,Sin motivo especifico,2026-05-14 23:59:55.848000+00:00,2026-05-11 23:59:49.530000+00:00
60257814577,Cierre Ganado,Puebla,Cerrado,Sin motivo especifico,2026-05-15 00:38:29.827000+00:00,2026-05-14 00:38:07.393000+00:00
60257814701,Cierre Ganado,Puebla,Cerrado,Sin motivo especifico,2026-05-15 00:55:36.515000+00:00,2026-05-13 00:55:29.554000+00:00
64333649027,Ganado,Puebla,Cerrado,Sin motivo especifico,2026-08-27 15:11:51.729000+00:00,2026-08-27 15:14:05.686000+00:00
63436220463,Negociación,Yucatán,Abierto,Sin motivo especifico,2026-08-03 21:00:39.358000+00:00,2026-08-31 20:59:33.440000+00:00
63436258869,Cierre Ganado,Puebla,Cerrado,Sin motivo especifico,2026-08-05 00:11:26.293000+00:00,2026-08-06 00:11:21.150000+00:00
63436258967,Cierre Ganado,Puebla,Cerrado,Sin motivo especifico,2026-08-05 00:22:35.653000+00:00,2026-08-06 00:22:29.956000+00:00
64333661802,Perdido,Yucatán,Cerrado,Sin Respuesta,2026-08-26 00:45:11.540000+00:00,2026-08-29 01:47:46.852000+00:00
64623974581,Cotización,Chiapas,Abierto,Sin motivo especifico,2026-09-03 17:58:41.406000+00:00,2026-09-30 17:56:46.496000+00:00
63436336249,Negociación,Yucatán,Abierto,Sin motivo especifico,2026-08-03 18:00:40.030000+00:00,2026-08-31 17:54:10.860000+00:00
64623980161,Negociación,Quintana Roo,Abierto,Sin motivo especifico,2026-09-03 20:12:53.937000+00:00,2026-09-30 20:11:48.528000+00:00
63436370579,Cierre Ganado,Quintana Roo,Cerrado,Sin motivo especifico,2026-08-04 19:00:32.025000+00:00,2026-08-04 22:42:51.385000+00:00
64333722285,Perdido,Quintana Roo,Cerrado,No tiene el dinero,2026-08-26 00:44:09.407000+00:00,2026-08-26 19:15:17.877000+00:00
64333722290,Perdido,Yucatán,Cerrado,Sin Respuesta,2026-08-26 00:45:19.681000+00:00,2026-08-26 19:08:40.188000+00:00
60332773543,Cierre Ganado,Puebla,Cerrado,Sin motivo especifico,2026-05-18 20:24:10.471000+00:00,2026-06-10 16:00:43.284000+00:00
60332794669,Cierre Ganado,Puebla,Cerrado,Sin motivo especifico,2026-05-18 20:27:55.034000+00:00,2026-05-31 20:27:48.095000+00:00
60332803470,Cierre Ganado,Puebla,Cerrado,Sin motivo especifico,2026-05-18 22:12:31.127000+00:00,2026-05-18 22:12:23.374000+00:00
60332804501,Cierre Ganado,Puebla,Cerrado,Sin motivo especifico,2026-05-18 21:57:47.440000+00:00,2026-05-15 21:57:41.394000+00:00
60332804702,Cierre Ganado,Puebla,Cerrado,Sin motivo especifico,2026-05-18 22:04:54.847000+00:00,2026-05-15 22:04:45.842000+00:00
60333961788,Cierre Ganado,Puebla,Cerrado,Sin motivo especifico,2026-05-18 22:17:40.126000+00:00,2026-05-18 22:17:19.487000+00:00
64624045937,Ganado,Puebla,Cerrado,Sin motivo especifico,2026-09-03 23:27:29.816000+00:00,2026-09-03 23:30:07.599000+00:00
60333962401,Cierre Ganado,Puebla,Cerrado,Sin motivo especifico,2026-05-18 22:53:24.483000+00:00,2026-05-18 22:53:07.992000+00:00
60333964555,Cierre Ganado,Puebla,Cerrado,Sin motivo especifico,2026-05-18 22:48:11.826000+00:00,2026-05-18 22:48:05.040000+00:00
60333970062,Cierre Ganado,Puebla,Cerrado,Sin motivo especifico,2026-05-19 00:57:10.591000+00:00,2026-05-19 00:57:02.003000+00:00
60349798256,Cierre Ganado,Puebla,Cerrado,Sin motivo especifico,2026-05-19 14:58:30.776000+00:00,2026-05-18 14:58:25.682000+00:00
64624046203,Lead,Yucatán,Abierto,Sin motivo especifico,2026-09-03 23:46:24.576000+00:00,2026-09-30 23:46:15.118000+00:00
63436443296,Ganado,Puebla,Cerrado,Sin motivo especifico,2026-08-05 00:13:12.241000+00:00,2026-08-11 00:45:08.832000+00:00
63436578873,Cierre Ganado,Puebla,Cerrado,Sin motivo especifico,2026-08-05 22:51:08.165000+00:00,2026-08-05 22:51:03.786000+00:00
63436630633,Cierre Ganado,Puebla,Cerrado,Sin motivo especifico,2026-08-05 17:37:29.879000+00:00,2026-08-05 20:03:59.766000+00:00
60353260116,Cierre Ganado,Tlaxcala,Cerrado,Sin motivo especifico,2026-05-19 19:00:21.614000+00:00,2026-06-30 23:35:55.150000+00:00
41554342467,Cierre Ganado,Nuevo León,Cerrado,Sin motivo especifico,2025-08-07 16:22:57.098000+00:00,2025-08-07 16:23:07.783000+00:00
63436693522,Cierre Ganado,Puebla,Cerrado,Sin motivo especifico,2026-08-05 18:02:33.592000+00:00,2026-08-04 18:02:32.068000+00:00
60355284116,Cierre Ganado,Puebla,Cerrado,Sin motivo especifico,2026-05-19 16:22:17.854000+00:00,2026-05-22 00:11:05.369000+00:00
63436771131,Perdido,Puebla,Cerrado,Falta de producto,2026-08-06 19:06:58.204000+00:00,2026-08-27 19:47:56.231000+00:00
60424002662,Cierre Ganado,Puebla,Cerrado,Sin motivo especifico,2026-05-20 17:23:48.744000+00:00,2026-05-22 01:00:30.859000+00:00
64576230489,Ganado,Puebla,Cerrado,Sin motivo especifico,2026-09-03 16:00:36.916000+00:00,2026-09-03 22:52:08.906000+00:00
60486837591,Cierre Ganado,Puebla,Cerrado,Sin motivo especifico,2026-05-22 00:28:39.277000+00:00,2026-05-21 00:28:33.866000+00:00
64338359730,Perdido,Tabasco,Cerrado,Sin Respuesta,2026-08-26 00:43:35.036000+00:00,2026-08-26 19:45:53.439000+00:00
64338359813,Perdido,Yucatán,Cerrado,Eligio un producto de la competencia,2026-08-26 00:45:39.656000+00:00,2026-08-26 19:07:01.252000+00:00
64338407208,Ganado,Puebla,Cerrado,Sin motivo especifico,2026-08-27 15:21:45.217000+00:00,2026-08-27 15:24:38.372000+00:00
63513981521,Perdido,Puebla,Cerrado,Sin Respuesta,2026-08-07 18:54:09.868000+00:00,2026-08-12 23:59:01.442000+00:00
63513987646,Ganado,Tabasco,Cerrado,Sin motivo especifico,2026-08-07 22:43:27.055000+00:00,2026-08-11 22:20:18.908000+00:00
63514025592,Perdido,Puebla,Cerrado,Sin interés detectado,2026-08-07 21:55:32.668000+00:00,2026-08-17 17:42:34.259000+00:00
63514036523,Ganado,Puebla,Cerrado,Sin motivo especifico,2026-08-08 00:35:47.524000+00:00,2026-08-24 23:26:47.044000+00:00
63547432457,Perdido,sin estado,Cerrado,Sin Respuesta,2026-08-06 20:03:53.778000+00:00,2026-08-12 17:34:08.655000+00:00
64338407459,Ganado,Puebla,Cerrado,Sin motivo especifico,2026-08-27 15:27:47.454000+00:00,2026-08-27 15:42:08.892000+00:00
60487322961,Perdido,Veracruz,Cerrado,No tiene el dinero,2026-05-21 14:48:37.747000+00:00,2026-08-20 15:25:47.899000+00:00
60524809644,Cierre Ganado,Puebla,Cerrado,Sin motivo especifico,2026-05-21 23:56:00.200000+00:00,2026-05-20 23:55:51.212000+00:00
63668808034,Perdido,Puebla,Cerrado,Sin interés detectado,2026-08-10 15:40:13.868000+00:00,2026-08-17 17:44:51.928000+00:00
63673373465,Cierre Ganado,Puebla,Cerrado,Sin motivo especifico,2026-08-10 15:33:42.550000+00:00,2026-08-06 15:33:41.735000+00:00
63673389642,Cierre Ganado,Puebla,Cerrado,Sin motivo especifico,2026-08-10 15:49:06.976000+00:00,2026-08-07 15:49:07.958000+00:00
63673394462,Ganado,Puebla,Cerrado,Sin motivo especifico,2026-08-10 16:12:23.073000+00:00,2026-08-11 00:30:48.437000+00:00
63676968974,Ganado,Chiapas,Cerrado,Sin motivo especifico,2026-08-10 17:04:13.571000+00:00,2026-08-12 17:52:33.523000+00:00
63676972567,Perdido,Puebla,Cerrado,No tiene el dinero,2026-08-10 17:29:16.060000+00:00,2026-08-17 16:09:39.255000+00:00
63680185118,Ganado,Puebla,Cerrado,Sin motivo especifico,2026-08-10 19:17:25.256000+00:00,2026-08-31 21:58:22.563000+00:00
60524933918,Cierre Ganado,Puebla,Cerrado,Sin motivo especifico,2026-05-22 00:32:55.924000+00:00,2026-05-21 00:32:48.869000+00:00
60524933980,Cierre Ganado,Puebla,Cerrado,Sin motivo especifico,2026-05-22 00:40:21.762000+00:00,2026-05-21 00:40:16.691000+00:00
60524934034,Cierre Ganado,Puebla,Cerrado,Sin motivo especifico,2026-05-22 00:48:22.233000+00:00,2026-05-22 00:48:16.717000+00:00
41883768365,Cierre Ganado,Quintana Roo,Cerrado,Sin motivo especifico,2025-08-12 21:47:18.498000+00:00,2025-09-05 19:39:07.959000+00:00
63680187237,Perdido,Veracruz,Cerrado,No pasó su crédito (Financiera),2026-08-10 19:18:18.070000+00:00,2026-08-10 20:29:49.561000+00:00
63680187448,Negociación,Yucatán,Abierto,Sin motivo especifico,2026-08-10 19:22:59.840000+00:00,2026-08-31 19:18:22.976000+00:00
41883762088,Cierre Ganado,Nuevo León,Cerrado,Sin motivo especifico,2025-08-12 20:54:49.585000+00:00,2025-08-12 20:57:20.663000+00:00
60524994980,Cierre Ganado,Puebla,Cerrado,Sin motivo especifico,2026-05-22 00:24:10.639000+00:00,2026-05-21 00:24:04.647000+00:00
63680203695,Cierre Perdido,Quintana Roo,Cerrado,No tiene el dinero,2026-08-10 19:14:25.218000+00:00,2026-08-13 23:35:16.097000+00:00
63680204087,Perdido,Puebla,Cerrado,Falta de producto,2026-08-10 18:55:59.819000+00:00,2026-08-28 00:19:14.251000+00:00
63680230992,Perdido,Puebla,Cerrado,No tiene el dinero,2026-08-10 20:51:53.305000+00:00,2026-08-26 19:23:25.863000+00:00
63680237165,Perdido,Yucatán,Cerrado,No tiene el dinero,2026-08-10 22:31:16.227000+00:00,2026-08-27 23:58:44.621000+00:00
60525057297,Cierre Ganado,Puebla,Cerrado,Sin motivo especifico,2026-05-22 00:19:26.423000+00:00,2026-05-20 00:19:19.828000+00:00
60525057557,Cierre Ganado,Puebla,Cerrado,Sin motivo especifico,2026-05-22 00:44:24.991000+00:00,2026-05-22 00:44:20.154000+00:00
63680245007,Ganado,Puebla,Cerrado,Sin motivo especifico,2026-08-11 00:07:03.872000+00:00,2026-08-11 00:10:25.908000+00:00
63680245337,Ganado,Puebla,Cerrado,Sin motivo especifico,2026-08-11 00:36:26.737000+00:00,2026-08-11 00:38:17.658000+00:00
63680245915,Ganado,Puebla,Cerrado,Sin motivo especifico,2026-08-10 23:52:52.370000+00:00,2026-08-14 19:55:42.104000+00:00
64338421684,Perdido,Quintana Roo,Cerrado,Eligio un producto de la competencia,2026-08-26 00:44:47.369000+00:00,2026-08-26 19:14:52.960000+00:00
64624105609,Negociación,Puebla,Abierto,Sin motivo especifico,2026-09-03 22:28:14.963000+00:00,2026-09-03 22:28:04.854000+00:00
63680248875,Ganado,Puebla,Cerrado,Sin motivo especifico,2026-08-11 00:22:01.804000+00:00,2026-08-11 00:27:06.541000+00:00
64576292610,Cotización,Puebla,Abierto,Sin motivo especifico,2026-09-03 16:39:31.436000+00:00,2026-09-03 16:39:26.963000+00:00
63683332398,Ganado,Puebla,Cerrado,Sin motivo especifico,2026-08-11 01:05:20.045000+00:00,2026-08-11 15:06:25.593000+00:00
64338482692,Perdido,Yucatán,Cerrado,No tiene el dinero,2026-08-26 00:44:24.966000+00:00,2026-08-26 19:15:04.563000+00:00
64338482699,Perdido,Yucatán,Cerrado,Sin interés detectado,2026-08-26 00:45:03.602000+00:00,2026-08-26 19:11:01.814000+00:00
60630515281,Cierre Ganado,Puebla,Cerrado,Sin motivo especifico,2026-05-25 21:20:53.231000+00:00,2026-05-26 00:18:20.510000+00:00
60630520942,Cierre Perdido,Puebla,Cerrado,Sin Respuesta,2026-05-25 21:57:15.990000+00:00,2026-07-29 00:14:09.894000+00:00
60630524556,Cierre Ganado,Puebla,Cerrado,Sin motivo especifico,2026-05-25 22:46:53.167000+00:00,2026-05-25 22:46:47.203000+00:00
60630525843,Cierre Ganado,Puebla,Cerrado,Sin motivo especifico,2026-05-25 23:29:21.587000+00:00,2026-05-25 23:29:15.565000+00:00
60630527016,Cierre Ganado,Puebla,Cerrado,Sin motivo especifico,2026-05-26 00:14:34.990000+00:00,2026-05-26 00:14:29.667000+00:00
60630528179,Cierre Ganado,Puebla,Cerrado,Sin motivo especifico,2026-05-26 00:00:57.690000+00:00,2026-05-26 00:00:31.357000+00:00
60630529205,Cierre Perdido,Puebla,Cerrado,No tiene el dinero,2026-05-26 00:41:00.015000+00:00,2026-06-03 20:01:08.450000+00:00
60630530654,Cierre Ganado,Puebla,Cerrado,Sin motivo especifico,2026-05-25 23:35:13.507000+00:00,2026-05-25 23:34:59.739000+00:00
60630530710,Cierre Ganado,Puebla,Cerrado,Sin motivo especifico,2026-05-25 23:41:09.266000+00:00,2026-05-25 23:41:01.202000+00:00
60630533684,Cierre Ganado,Puebla,Cerrado,Sin motivo especifico,2026-05-25 22:33:35.600000+00:00,2026-05-25 22:33:27.678000+00:00
60630536237,Cierre Ganado,Puebla,Cerrado,Sin motivo especifico,2026-05-25 23:47:07.618000+00:00,2026-05-25 23:46:51.631000+00:00
60630538010,Cierre Ganado,Puebla,Cerrado,Sin motivo especifico,2026-05-26 00:36:40.074000+00:00,2026-05-26 15:16:38.838000+00:00
60630540071,Cierre Ganado,Puebla,Cerrado,Sin motivo especifico,2026-05-26 00:32:32.186000+00:00,2026-06-08 21:26:38.912000+00:00
64338482702,Perdido,Quintana Roo,Cerrado,No tiene el dinero,2026-08-26 00:45:30.576000+00:00,2026-08-26 19:08:07.214000+00:00
60647506449,Cierre Ganado,Tlaxcala,Cerrado,Sin motivo especifico,2026-05-26 16:39:16.568000+00:00,2026-05-27 16:43:26.881000+00:00
60647509574,Cierre Ganado,Puebla,Cerrado,Sin motivo especifico,2026-05-26 17:18:59.270000+00:00,2026-05-27 22:58:47.721000+00:00
63717417108,Envío De Cotización ,Yucatán,Abierto,Sin motivo especifico,2026-08-11 23:37:25.977000+00:00,2026-08-31 23:33:59.473000+00:00
63717529194,Ganado,Puebla,Cerrado,Sin motivo especifico,2026-08-11 15:08:19.748000+00:00,2026-08-11 15:12:33.568000+00:00
60670275244,Cierre Perdido,Puebla,Cerrado,No tiene el dinero,2026-05-27 17:34:58.076000+00:00,2026-07-14 23:55:21.258000+00:00
60670277270,Cierre Perdido,Puebla,Cerrado,No tiene el dinero,2026-05-27 17:48:57.597000+00:00,2026-07-10 20:50:04.311000+00:00
60672957504,Cierre Ganado,Puebla,Cerrado,Sin motivo especifico,2026-05-27 17:42:09.880000+00:00,2026-05-30 00:13:36.865000+00:00
60672959006,Cierre Ganado,Puebla,Cerrado,Sin motivo especifico,2026-05-27 17:52:42.081000+00:00,2026-05-27 20:08:53.214000+00:00
60672960847,Cierre Ganado,Puebla,Cerrado,Sin motivo especifico,2026-05-27 18:02:14.183000+00:00,2026-05-27 20:01:08.948000+00:00
60672974206,Cierre Ganado,Puebla,Cerrado,Sin motivo especifico,2026-05-27 19:18:22.665000+00:00,2026-05-29 16:03:08.689000+00:00
60672992536,Cierre Perdido,Puebla,Cerrado,No tiene el dinero,2026-05-27 19:10:46.292000+00:00,2026-06-09 23:54:36.180000+00:00
60673003439,Cierre Ganado,Puebla,Cerrado,Sin motivo especifico,2026-05-27 20:34:56.194000+00:00,2026-05-27 20:34:46.851000+00:00
60673005571,Cierre Ganado,Puebla,Cerrado,Sin motivo especifico,2026-05-27 20:52:38.778000+00:00,2026-05-27 20:52:31.523000+00:00
60675696723,Cierre Ganado,Puebla,Cerrado,Sin motivo especifico,2026-05-27 22:43:31.946000+00:00,2026-05-27 22:43:23.670000+00:00
60675697031,Cierre Ganado,Puebla,Cerrado,Sin motivo especifico,2026-05-27 23:02:33.360000+00:00,2026-05-27 23:02:28.290000+00:00
60675698532,Cierre Ganado,Puebla,Cerrado,Sin motivo especifico,2026-05-27 22:52:57.053000+00:00,2026-05-27 22:52:52.053000+00:00
63718085279,Ganado,Puebla,Cerrado,Sin motivo especifico,2026-08-11 15:20:23.525000+00:00,2026-08-11 15:26:09.562000+00:00
63718103142,Ganado,Puebla,Cerrado,Sin motivo especifico,2026-08-11 16:57:13.527000+00:00,2026-08-14 19:50:36.708000+00:00
64338512811,Perdido,Tlaxcala,Cerrado,Sin interés detectado,2026-08-26 21:56:46.663000+00:00,2026-08-27 21:41:15.481000+00:00
63718175131,Ganado,Veracruz,Cerrado,Sin motivo especifico,2026-08-11 18:41:47.698000+00:00,2026-08-11 19:11:42.832000+00:00
60785648511,Cierre Ganado,Puebla,Cerrado,Sin motivo especifico,2026-06-02 20:05:17.922000+00:00,2026-05-29 20:05:09.185000+00:00
60785653556,Cierre Perdido,Puebla,Cerrado,No tiene el dinero,2026-06-02 22:31:17.656000+00:00,2026-06-25 15:03:27.142000+00:00
60785655316,Cierre Ganado,Puebla,Cerrado,Sin motivo especifico,2026-06-03 00:21:03.554000+00:00,2026-06-03 00:20:58.379000+00:00
60785702812,Cierre Ganado,Puebla,Cerrado,Sin motivo especifico,2026-06-02 17:32:38.890000+00:00,2026-06-01 17:32:34.595000+00:00
60785714027,Cierre Ganado,Puebla,Cerrado,Sin motivo especifico,2026-06-02 22:37:25.397000+00:00,2026-05-29 22:37:14.006000+00:00
41880316330,Cierre Ganado,Tamaulipas,Cerrado,Sin motivo especifico,2025-08-13 03:31:27.030000+00:00,2025-08-13 03:30:55.675000+00:00
64338532203,Ganado,Puebla,Cerrado,Sin motivo especifico,2026-08-27 16:00:21.302000+00:00,2026-08-27 16:02:34.288000+00:00
60785741157,Cierre Ganado,Puebla,Cerrado,Sin motivo especifico,2026-06-02 00:56:41.996000+00:00,2026-05-30 00:56:36.051000+00:00
60785777028,Cierre Perdido,Puebla,Cerrado,No tiene el dinero,2026-06-02 22:29:34.454000+00:00,2026-06-30 23:57:54.680000+00:00
60785779207,Cierre Ganado,Yucatán,Cerrado,Sin motivo especifico,2026-06-03 00:51:35.079000+00:00,2026-07-29 16:13:51.187000+00:00
60785779505,Cierre Perdido,Quintana Roo,Cerrado,Sin motivo especifico,2026-06-03 01:17:52.300000+00:00,2026-07-27 22:48:13.911000+00:00
60785823020,Cierre Perdido,Puebla,Cerrado,Falta de producto,2026-06-02 16:33:30.897000+00:00,2026-06-02 16:33:24.170000+00:00
60785838130,Cierre Perdido,Yucatán,Cerrado,Sin motivo especifico,2026-06-03 00:40:44.965000+00:00,2026-07-27 20:35:54.679000+00:00
60785838251,Cierre Perdido,Puebla,Cerrado,No tiene el dinero,2026-06-03 00:56:22.146000+00:00,2026-06-09 21:32:07.962000+00:00
60785838610,Cierre Ganado,Yucatán,Cerrado,Sin motivo especifico,2026-06-03 01:26:41.863000+00:00,2026-06-03 01:26:19.929000+00:00
42448867665,Cierre Ganado,Coahuila,Cerrado,Sin motivo especifico,2025-08-19 22:37:02.423000+00:00,2025-08-19 22:38:48.089000+00:00
60786155054,Cierre Ganado,Puebla,Cerrado,Sin motivo especifico,2026-06-01 16:29:24.855000+00:00,2026-05-29 16:29:10.971000+00:00
60786156308,Cierre Ganado,Puebla,Cerrado,Sin motivo especifico,2026-06-01 16:58:12.009000+00:00,2026-05-29 16:58:09.320000+00:00
60786193469,Cierre Ganado,Puebla,Cerrado,Sin motivo especifico,2026-06-02 16:32:18.159000+00:00,2026-06-09 00:59:47.422000+00:00
60786207386,Cierre Perdido,Puebla,Cerrado,No tiene el dinero,2026-06-02 22:33:03.652000+00:00,2026-06-25 15:02:34.205000+00:00
60786219271,Cierre Ganado,Puebla,Cerrado,Sin motivo especifico,2026-06-01 16:48:04.836000+00:00,2026-05-29 16:47:36.009000+00:00
60786219886,Cierre Ganado,Puebla,Cerrado,Sin motivo especifico,2026-06-01 17:02:39.747000+00:00,2026-05-29 17:02:12.390000+00:00
60786220968,Cierre Ganado,Puebla,Cerrado,Sin motivo especifico,2026-06-01 17:27:18.825000+00:00,2026-05-29 17:27:15.583000+00:00
64338544486,Perdido,Yucatán,Cerrado,No tiene el dinero,2026-08-26 00:44:55.310000+00:00,2026-08-31 16:49:31.463000+00:00
60786295332,Cierre Ganado,Puebla,Cerrado,Sin motivo especifico,2026-06-02 00:39:55.277000+00:00,2026-05-30 00:39:44.153000+00:00
60786330943,Cierre Ganado,Quintana Roo,Cerrado,Sin motivo especifico,2026-06-03 01:13:32.699000+00:00,2026-07-01 01:10:45.627000+00:00
60786341528,Cierre Ganado,Tlaxcala,Cerrado,Sin motivo especifico,2026-06-01 16:13:09.515000+00:00,2026-05-29 16:14:04.515000+00:00
63739292010,Perdido,Tabasco,Cerrado,No tiene el dinero,2026-08-12 00:25:41.949000+00:00,2026-08-12 17:32:36.026000+00:00
60786357344,Cierre Ganado,Puebla,Cerrado,Sin motivo especifico,2026-06-02 00:09:15.734000+00:00,2026-05-30 00:09:11.231000+00:00
60786357509,Cierre Ganado,Puebla,Cerrado,Sin motivo especifico,2026-06-02 00:19:56.115000+00:00,2026-05-30 00:19:49.657000+00:00
60786390835,Cierre Ganado,Puebla,Cerrado,Sin motivo especifico,2026-06-03 00:25:44.217000+00:00,2026-06-03 00:25:38.439000+00:00
60786391084,Cierre Ganado,Quintana Roo,Cerrado,Sin motivo especifico,2026-06-03 00:46:59.251000+00:00,2026-07-29 16:14:53.056000+00:00
60786391091,Cierre Ganado,Puebla,Cerrado,Sin motivo especifico,2026-06-03 00:47:25.036000+00:00,2026-06-03 00:47:19.632000+00:00
63739293087,Calificado Para Comprar,Yucatán,Abierto,Sin motivo especifico,2026-08-12 01:56:18.243000+00:00,2026-09-01 01:55:07.584000+00:00
64338592013,Ganado,Puebla,Cerrado,Sin motivo especifico,2026-08-27 15:53:43.179000+00:00,2026-08-27 15:55:17.831000+00:00
63739356289,Calificado Para Comprar,Yucatán,Abierto,Sin motivo especifico,2026-08-12 01:54:45.024000+00:00,2026-09-01 01:52:58.250000+00:00
63739419947,Envío De Cotización ,Yucatán,Abierto,Sin motivo especifico,2026-08-12 01:59:12.269000+00:00,2026-09-01 01:58:14.381000+00:00
60846322040,Cierre Ganado,Puebla,Cerrado,Sin motivo especifico,2026-06-03 19:59:44.024000+00:00,2026-06-04 19:59:38.657000+00:00
64365293414,Perdido,Quintana Roo,Cerrado,No tiene el dinero,2026-08-26 19:10:06.884000+00:00,2026-08-26 19:14:30.220000+00:00
63739919450,Calificado Para Comprar,Yucatán,Abierto,Sin motivo especifico,2026-08-12 02:04:13.233000+00:00,2026-09-01 02:03:07.445000+00:00
64367095437,Calificado Para Comprar,sin estado,Abierto,Sin motivo especifico,,
63739978853,Negociación,Veracruz,Abierto,Sin motivo especifico,2026-08-11 22:09:40.034000+00:00,2026-08-26 22:09:43.451000+00:00
60847242681,Cierre Perdido,sin estado,Cerrado,Sin motivo especifico,2026-06-03 23:40:41.702000+00:00,2026-06-15 18:56:21.264000+00:00
64370907152,Perdido,Yucatán,Cerrado,No tiene el dinero,2026-08-26 19:16:32.135000+00:00,2026-08-26 19:19:16.871000+00:00
60848472237,Cierre Ganado,Puebla,Cerrado,Sin motivo especifico,2026-06-03 23:20:49.346000+00:00,2026-06-03 23:20:39.044000+00:00
63739982106,Envío De Cotización ,Yucatán,Abierto,Sin motivo especifico,2026-08-12 00:04:30.161000+00:00,2026-08-31 23:39:23.614000+00:00
63739983474,Calificado Para Comprar,Yucatán,Abierto,Sin motivo especifico,2026-08-12 02:01:02.498000+00:00,2026-09-01 01:59:58.128000+00:00
63745435193,Perdido,sin estado,Cerrado,Sin interés detectado,2026-08-12 00:25:47.398000+00:00,2026-08-20 15:16:05.338000+00:00
64576919649,Ganado,Tlaxcala,Cerrado,Sin motivo especifico,2026-09-03 16:45:21.764000+00:00,2026-09-03 22:48:28.718000+00:00
60848497836,Cierre Ganado,Puebla,Cerrado,Sin motivo especifico,2026-06-03 23:17:20.294000+00:00,2026-06-02 23:17:11.284000+00:00
60848500827,Cierre Ganado,Tlaxcala,Cerrado,Sin motivo especifico,2026-06-03 23:40:36.913000+00:00,2026-06-03 23:40:27.196000+00:00
60848501414,Cierre Ganado,Puebla,Cerrado,Sin motivo especifico,2026-06-04 00:38:01.807000+00:00,2026-06-04 00:37:50.798000+00:00
60848502200,Cierre Ganado,Puebla,Cerrado,Sin motivo especifico,2026-06-03 23:32:31.457000+00:00,2026-06-03 23:32:21.652000+00:00
63765607018,Ganado,Veracruz,Cerrado,Sin motivo especifico,2026-08-12 18:41:37.010000+00:00,2026-08-12 22:33:33.265000+00:00
63765782082,Ganado,Puebla,Cerrado,Sin motivo especifico,2026-08-12 20:23:04.028000+00:00,2026-08-14 20:49:31.990000+00:00
63765783733,Perdido,Tlaxcala,Cerrado,No tiene el dinero,2026-08-12 21:04:15.950000+00:00,2026-08-20 00:50:47.534000+00:00
63765786653,Recepción De Pago / Financiera,Puebla,Abierto,Sin motivo especifico,2026-08-12 22:59:09.911000+00:00,2026-08-31 22:58:15.144000+00:00
63767657064,Ganado,Chiapas,Cerrado,Sin motivo especifico,2026-08-12 19:02:55.952000+00:00,2026-08-12 23:51:57.318000+00:00
64378643295,Perdido,Quintana Roo,Cerrado,Eligio un producto de la competencia,2026-08-26 19:16:45.691000+00:00,2026-08-26 19:19:30.292000+00:00
63767831582,Ganado,Puebla,Cerrado,Sin motivo especifico,2026-08-12 20:41:48.062000+00:00,2026-08-12 22:45:45.329000+00:00
63767834549,Envío De Cotización ,Yucatán,Abierto,Sin motivo especifico,2026-08-12 22:53:43.979000+00:00,2026-08-31 22:52:36.445000+00:00
63767894399,Ganado,Puebla,Cerrado,Falta de producto,2026-08-12 20:54:08.799000+00:00,2026-08-31 17:40:02.436000+00:00
63767955207,Ganado,Puebla,Cerrado,Sin motivo especifico,2026-08-12 20:27:37.335000+00:00,2026-08-12 22:31:48.649000+00:00
60895631501,Cierre Perdido,Guanajuato,Cerrado,Sin motivo especifico,2026-06-05 20:04:27.248000+00:00,2026-06-15 18:55:53.101000+00:00
63767959135,Ganado,Puebla,Cerrado,Sin motivo especifico,2026-08-12 22:38:13.604000+00:00,2026-08-12 22:39:23.689000+00:00
63767959437,Perdido,Puebla,Cerrado,Falta de producto,2026-08-12 22:53:37.560000+00:00,2026-08-12 22:53:48.453000+00:00
63813094425,Ganado,Puebla,Cerrado,Sin motivo especifico,2026-08-12 20:45:47.518000+00:00,2026-08-12 23:55:52.261000+00:00
60895991217,Cierre Ganado,Puebla,Cerrado,Sin motivo especifico,2026-06-05 19:04:42.269000+00:00,2026-06-04 19:04:35.974000+00:00
63813156907,Ganado,Puebla,Cerrado,Sin motivo especifico,2026-08-12 20:56:51.810000+00:00,2026-08-12 22:47:29.195000+00:00
63813160106,Envío De Cotización ,Yucatán,Abierto,Sin motivo especifico,2026-08-12 23:11:13.279000+00:00,2026-08-31 23:09:23.059000+00:00
63833642425,Perdido,Veracruz,Cerrado,Sin Respuesta,2026-08-13 15:52:54.334000+00:00,2026-08-14 19:58:43.996000+00:00
63834105497,Perdido,Veracruz,Cerrado,Sin Respuesta,2026-08-13 15:52:52.375000+00:00,2026-08-14 19:54:43.116000+00:00
60896006195,Cierre Ganado,Puebla,Cerrado,Sin motivo especifico,2026-06-05 20:04:22.043000+00:00,2026-06-09 16:55:26.526000+00:00
60896013572,Cierre Perdido,Quintana Roo,Cerrado,No tiene el dinero,2026-06-05 21:15:38.660000+00:00,2026-08-05 18:34:21.460000+00:00
60896017445,Cierre Ganado,Quintana Roo,Cerrado,Sin motivo especifico,2026-06-05 21:47:13.496000+00:00,2026-07-29 15:59:59.854000+00:00
60962188362,Cierre Ganado,Campeche,Cerrado,Sin motivo especifico,2026-06-08 18:29:06.437000+00:00,2026-07-27 18:13:38.746000+00:00
60962196657,Cierre Ganado,Puebla,Cerrado,Sin motivo especifico,2026-06-08 17:40:19.858000+00:00,2026-06-09 00:42:29.763000+00:00
60962208300,Cierre Ganado,Puebla,Cerrado,Sin motivo especifico,2026-06-08 18:53:58.386000+00:00,2026-06-11 19:57:38.936000+00:00
60964785469,Cierre Ganado,Puebla,Cerrado,Sin motivo especifico,2026-06-08 19:17:56.242000+00:00,2026-06-09 00:45:32.927000+00:00
60964785703,Cierre Ganado,Puebla,Cerrado,Sin motivo especifico,2026-06-08 19:23:32.450000+00:00,2026-06-11 18:38:59.040000+00:00
42448850497,Cierre Perdido,Tamaulipas,Cerrado,Falta de producto,2025-08-19 20:10:11.036000+00:00,2025-08-19 20:11:12.500000+00:00
60966221432,Cierre Ganado,Tlaxcala,Cerrado,Sin motivo especifico,2026-06-08 22:41:58.823000+00:00,2026-06-10 18:46:45.255000+00:00
60966221690,Cierre Ganado,Puebla,Cerrado,Sin motivo especifico,2026-06-09 00:54:25.467000+00:00,2026-06-05 00:54:19.644000+00:00
60966231296,Cierre Ganado,Puebla,Cerrado,Sin motivo especifico,2026-06-09 00:10:03.118000+00:00,2026-06-09 00:09:57.844000+00:00
60967534198,Cierre Ganado,Puebla,Cerrado,Sin motivo especifico,2026-06-09 00:48:49.632000+00:00,2026-06-05 00:48:44.713000+00:00
60984774703,Cierre Ganado,Puebla,Cerrado,Sin motivo especifico,2026-06-09 15:47:13.267000+00:00,2026-06-09 22:38:22.782000+00:00
60984816284,Cierre Perdido,Puebla,Cerrado,Sin Respuesta,2026-06-09 17:19:23.800000+00:00,2026-08-24 16:57:32.193000+00:00
63835058054,Ganado,Puebla,Cerrado,Sin motivo especifico,2026-08-14 01:08:22.638000+00:00,2026-08-14 01:08:47.232000+00:00
61024592466,Cierre Ganado,Puebla,Cerrado,Sin motivo especifico,2026-06-09 17:59:19.461000+00:00,2026-06-09 23:16:32.399000+00:00
61024593493,Cierre Perdido,Puebla,Cerrado,Sin motivo especifico,2026-06-09 18:18:42.173000+00:00,2026-06-11 21:14:21.945000+00:00
61024643123,Cierre Ganado,Puebla,Cerrado,Sin motivo especifico,2026-06-09 21:55:39.325000+00:00,2026-06-09 22:38:01.197000+00:00
63835117322,Perdido,Veracruz,Cerrado,Sin Respuesta,2026-08-13 23:40:00.516000+00:00,2026-08-17 23:37:17.951000+00:00
63835500724,Perdido,Tabasco,Cerrado,Sin interés detectado,2026-08-13 15:52:53.628000+00:00,2026-08-14 00:49:32.147000+00:00
61024652466,Cierre Ganado,Puebla,Cerrado,Sin motivo especifico,2026-06-09 23:37:10.359000+00:00,2026-06-20 01:04:53.892000+00:00
61024653967,Cierre Ganado,Puebla,Cerrado,Sin motivo especifico,2026-06-09 21:11:37.797000+00:00,2026-06-09 22:38:10.600000+00:00
63836117768,Perdido,Veracruz,Cerrado,Sin interés detectado,2026-08-13 15:52:54.366000+00:00,2026-08-14 00:48:42.285000+00:00
63836117769,Perdido,Tabasco,Cerrado,Sin Respuesta,2026-08-13 15:52:54.576000+00:00,2026-08-14 00:48:03.024000+00:00
61024801676,Cierre Ganado,Puebla,Cerrado,Sin motivo especifico,2026-06-10 15:44:36.373000+00:00,2026-06-11 20:20:02.105000+00:00
61024825960,Cierre Perdido,Puebla,Cerrado,Sin Respuesta,2026-06-10 16:32:52.878000+00:00,2026-08-24 16:57:16.759000+00:00
61024907356,Cierre Perdido,Puebla,Cerrado,Sin motivo especifico,2026-06-10 20:32:14.110000+00:00,2026-06-17 16:01:07.236000+00:00
42448713786,Cierre Ganado,Tamaulipas,Cerrado,Sin motivo especifico,2025-08-19 18:23:06.071000+00:00,2025-08-19 18:22:37.847000+00:00
42448713130,Cierre Ganado,Tamaulipas,Cerrado,Sin motivo especifico,2025-08-19 18:19:22.301000+00:00,2025-08-19 18:19:16.896000+00:00
61032288437,Cierre Perdido,Tlaxcala,Cerrado,Falta de producto,2026-06-11 15:36:41.214000+00:00,2026-06-11 21:14:59.178000+00:00
61032305587,Cierre Perdido,Puebla,Cerrado,Falta de producto,2026-06-11 16:14:37.555000+00:00,2026-06-11 16:14:32.710000+00:00
61032313234,Cierre Ganado,Quintana Roo,Cerrado,Sin motivo especifico,2026-06-11 17:13:15.380000+00:00,2026-07-29 17:19:55.124000+00:00
61032314757,Cierre Ganado,Puebla,Cerrado,Sin motivo especifico,2026-06-11 17:29:25.557000+00:00,2026-06-11 20:06:40.856000+00:00
61032314932,Recepción De Pago / Financiera,Yucatán,Abierto,Sin motivo especifico,2026-06-11 17:32:46.452000+00:00,2026-06-30 17:31:53.396000+00:00
61035330206,Cierre Ganado,Puebla,Cerrado,Sin motivo especifico,2026-06-11 18:25:52.057000+00:00,2026-06-11 18:31:57.404000+00:00
61035348531,Cierre Ganado,Puebla,Cerrado,Sin motivo especifico,2026-06-11 19:42:30.125000+00:00,2026-06-09 19:42:20.865000+00:00
61038822920,Cierre Perdido,Tlaxcala,Cerrado,No tiene el dinero,2026-06-11 23:01:52.135000+00:00,2026-07-10 20:48:38.481000+00:00
61049784153,Cierre Ganado,Tlaxcala,Cerrado,Sin motivo especifico,2026-06-12 15:29:56.244000+00:00,2026-06-16 17:04:25.786000+00:00
61050678433,Cierre Ganado,Campeche,Cerrado,Sin motivo especifico,2026-06-12 16:50:52.794000+00:00,2026-07-27 18:13:07.851000+00:00
61052174711,Cierre Perdido,sin estado,Cerrado,Sin motivo especifico,2026-06-12 18:14:27.549000+00:00,2026-06-15 18:55:05.672000+00:00
61052837039,Cierre Perdido,Tlaxcala,Cerrado,Sin interés detectado,2026-06-12 18:14:23.001000+00:00,2026-08-10 23:33:17.685000+00:00
61052850321,Cierre Ganado,Yucatán,Cerrado,Sin motivo especifico,2026-06-12 17:54:52.550000+00:00,2026-07-29 16:16:13.612000+00:00
42448709756,Cierre Ganado,Tamaulipas,Cerrado,Sin motivo especifico,2025-08-19 17:59:24.542000+00:00,2025-08-18 17:59:17.912000+00:00
61111820878,Cierre Ganado,Puebla,Cerrado,Sin motivo especifico,2026-06-15 15:47:54.510000+00:00,2026-06-15 18:49:05.201000+00:00
63836851881,Ganado,Puebla,Cerrado,Sin motivo especifico,2026-08-13 23:29:56.369000+00:00,2026-08-31 22:35:14.452000+00:00
61111828901,Cierre Ganado,Puebla,Cerrado,Sin motivo especifico,2026-06-15 16:35:26.941000+00:00,2026-06-18 01:00:59.865000+00:00
61112645200,Cierre Ganado,Puebla,Cerrado,Sin motivo especifico,2026-06-15 16:57:55.686000+00:00,2026-06-15 18:48:55.079000+00:00
61112650105,Perdido,Veracruz,Cerrado,Sin Respuesta,2026-06-15 17:38:09.674000+00:00,2026-08-20 00:56:36.150000+00:00
63836977176,Ganado,Puebla,Cerrado,Sin motivo especifico,2026-08-14 01:03:31.701000+00:00,2026-08-14 01:05:01.917000+00:00
63836993805,Ganado,Veracruz,Cerrado,Sin motivo especifico,2026-08-14 16:35:47.490000+00:00,2026-08-15 00:17:22.765000+00:00
41703641197,Cierre Ganado,Tamaulipas,Cerrado,Sin motivo especifico,2025-08-12 01:59:27.987000+00:00,2025-09-01 01:58:16.911000+00:00
61112662786,Cierre Ganado,Puebla,Cerrado,Sin motivo especifico,2026-06-15 19:54:25.832000+00:00,2026-06-15 16:01:49.923000+00:00
63836996747,Perdido,Veracruz,Cerrado,Falta de producto,2026-08-14 17:51:12.241000+00:00,2026-08-17 23:44:50.691000+00:00
64576961890,Ganado,Veracruz,Cerrado,Sin motivo especifico,2026-09-02 23:09:53.718000+00:00,2026-09-03 00:49:49.969000+00:00
64577006678,Ganado,Puebla,Cerrado,Sin motivo especifico,2026-09-02 15:51:00.695000+00:00,2026-09-03 16:17:34.968000+00:00
63837094216,Perdido,Chiapas,Cerrado,Sin interés detectado,2026-08-13 19:51:02.150000+00:00,2026-08-14 19:40:33.738000+00:00
63837116185,Perdido,Veracruz,Cerrado,Falta de producto,2026-08-14 15:27:56.812000+00:00,2026-08-14 19:53:54.959000+00:00
64577009415,Ganado,Puebla,Cerrado,Sin motivo especifico,2026-09-02 16:57:57.136000+00:00,2026-09-02 17:01:39.503000+00:00
63837158836,Perdido,Veracruz,Cerrado,Sin Respuesta,2026-08-13 21:13:59.326000+00:00,2026-08-24 19:18:07.483000+00:00
63837177955,Perdido,Tabasco,Cerrado,No tiene el dinero,2026-08-14 15:29:28.392000+00:00,2026-08-21 21:08:44.426000+00:00
41609120787,Cierre Ganado,Coahuila,Cerrado,Sin motivo especifico,2025-08-08 22:28:18.959000+00:00,2025-08-12 01:37:06.051000+00:00
63838309011,Perdido,Veracruz,Cerrado,Sin Respuesta,2026-08-13 15:52:51.808000+00:00,2026-08-14 19:56:00.455000+00:00
61117195350,Cierre Ganado,Puebla,Cerrado,Sin motivo especifico,2026-06-15 23:38:28.824000+00:00,2026-06-16 15:46:14.870000+00:00
61117198497,Cierre Ganado,Puebla,Cerrado,Sin motivo especifico,2026-06-16 00:30:32.596000+00:00,2026-06-16 15:56:46.171000+00:00
61117220212,Cierre Ganado,Puebla,Cerrado,Sin motivo especifico,2026-06-15 23:08:35.442000+00:00,2026-06-16 16:06:35.331000+00:00
61117220263,Cierre Ganado,Puebla,Cerrado,Sin motivo especifico,2026-06-15 23:13:13.882000+00:00,2026-06-15 15:50:12.553000+00:00
42419991622,Cierre Ganado,Coahuila,Cerrado,Sin motivo especifico,2025-08-19 00:41:56.246000+00:00,2025-08-19 00:41:49.250000+00:00
63839259657,Perdido,Veracruz,Cerrado,Sin Respuesta,2026-08-13 15:52:52.541000+00:00,2026-08-14 19:30:22.668000+00:00
61129407397,Cierre Ganado,Puebla,Cerrado,Sin motivo especifico,2026-06-17 15:25:42.095000+00:00,2026-06-17 16:18:25.577000+00:00
42419989070,Cierre Ganado,Coahuila,Cerrado,Sin motivo especifico,2025-08-18 23:49:32.821000+00:00,2025-08-18 23:49:26.688000+00:00
61176301634,Cierre Ganado,Puebla,Cerrado,Sin motivo especifico,2026-06-17 15:33:18.694000+00:00,2026-06-15 15:33:13.217000+00:00
61176425818,Cierre Ganado,Puebla,Cerrado,Sin motivo especifico,2026-06-17 15:38:30.292000+00:00,2026-06-16 15:38:23.499000+00:00
63841286502,Perdido,Chiapas,Cerrado,No tiene el dinero,2026-08-13 15:52:53.248000+00:00,2026-08-18 17:25:55.689000+00:00
42412682599,Cierre Ganado,Tamaulipas,Cerrado,Sin motivo especifico,2025-08-18 20:29:00.229000+00:00,2025-08-18 20:28:32.982000+00:00
63844243978,Perdido,Veracruz,Cerrado,Sin interés detectado,2026-08-13 15:52:52.858000+00:00,2026-08-14 00:50:12.766000+00:00
42403553082,Cierre Ganado,Coahuila,Cerrado,Sin motivo especifico,2025-08-19 00:48:06.462000+00:00,2025-08-19 00:47:50.137000+00:00
61352307384,Cierre Ganado,Puebla,Cerrado,Sin motivo especifico,2026-06-19 18:55:25.359000+00:00,2026-06-20 01:14:15.020000+00:00
61352487973,Cierre Perdido,Puebla,Cerrado,No tiene el dinero,2026-06-20 00:54:14.190000+00:00,2026-06-25 15:07:18.240000+00:00
61352520868,Cierre Ganado,Yucatán,Cerrado,Sin motivo especifico,2026-06-22 16:13:29.972000+00:00,2026-07-29 16:09:21.289000+00:00
61352525209,Cierre Ganado,Puebla,Cerrado,Sin motivo especifico,2026-06-22 17:54:23.623000+00:00,2026-06-23 20:46:02.115000+00:00
61352528202,Cierre Ganado,Puebla,Cerrado,Sin motivo especifico,2026-06-22 19:04:35.283000+00:00,2026-08-24 16:57:04.385000+00:00
61352530737,Cierre Ganado,Puebla,Cerrado,Sin motivo especifico,2026-06-22 20:02:54.892000+00:00,2026-06-23 20:59:09.449000+00:00
61355674880,Cierre Ganado,Ciudad De México,Cerrado,Sin motivo especifico,2026-06-19 21:46:44.464000+00:00,2026-07-29 01:00:42.822000+00:00
63846702109,Perdido,Veracruz,Cerrado,Sin Respuesta,2026-08-13 15:52:52.043000+00:00,2026-08-14 19:42:44.192000+00:00
63849170701,Perdido,Veracruz,Cerrado,Sin Respuesta,2026-08-13 15:52:53.001000+00:00,2026-08-14 00:53:14.777000+00:00
61355721998,Cierre Perdido,Puebla,Cerrado,No tiene el dinero,2026-06-22 20:40:13.070000+00:00,2026-06-30 18:19:46.092000+00:00
61355737510,Cierre Ganado,Quintana Roo,Cerrado,Sin motivo especifico,2026-06-19 23:14:10.574000+00:00,2026-07-27 18:11:46.575000+00:00
61355738250,Cierre Ganado,Puebla,Cerrado,Sin motivo especifico,2026-06-20 01:17:04.470000+00:00,2026-06-20 01:16:58.282000+00:00
61355738266,Cierre Ganado,Puebla,Cerrado,Sin motivo especifico,2026-06-20 01:20:49.507000+00:00,2026-06-20 01:20:42.094000+00:00
61355767563,Cierre Ganado,Puebla,Cerrado,Sin motivo especifico,2026-06-22 15:27:58.293000+00:00,2026-06-23 20:38:50.105000+00:00
61355800130,Cierre Perdido,Puebla,Cerrado,No tiene el dinero,2026-06-20 00:39:04.309000+00:00,2026-06-30 18:43:25.836000+00:00
63852082867,Perdido,Tabasco,Cerrado,Sin Respuesta,2026-08-13 15:52:51.853000+00:00,2026-08-14 19:44:03.240000+00:00
41605770378,Cierre Perdido,Nuevo León,Cerrado,No tiene el dinero,2025-08-08 19:59:47.213000+00:00,2025-09-06 03:47:46.015000+00:00
63852236462,Perdido,Veracruz,Cerrado,Sin Respuesta,2026-08-13 15:52:53.064000+00:00,2026-08-14 19:31:32.345000+00:00
61355849890,Cierre Perdido,Puebla,Cerrado,Sin Respuesta,2026-06-23 00:22:16.212000+00:00,2026-08-03 20:00:26.357000+00:00
42566852623,Cierre Perdido,Tamaulipas,Cerrado,Eligio un producto de la competencia,2025-08-20 18:54:31.849000+00:00,2025-08-20 18:56:52.235000+00:00
42566854804,Cierre Ganado,Veracruz,Cerrado,Sin motivo especifico,2025-08-20 19:08:09.711000+00:00,2025-08-31 19:04:12.712000+00:00
42657503250,Cierre Ganado,Coahuila,Cerrado,Sin motivo especifico,2025-08-21 18:30:08.245000+00:00,2025-08-21 18:29:59.807000+00:00
61390338944,Cierre Ganado,Puebla,Cerrado,Sin motivo especifico,2026-06-19 20:33:56.665000+00:00,2026-06-20 01:11:20.725000+00:00
61390371135,Cierre Ganado,Puebla,Cerrado,Sin motivo especifico,2026-06-22 15:12:59.665000+00:00,2026-06-23 20:41:59.733000+00:00
63853782131,Perdido,Veracruz,Cerrado,Sin Respuesta,2026-08-13 15:52:52.740000+00:00,2026-08-14 19:57:16.959000+00:00
61390453539,Cierre Ganado,Puebla,Cerrado,Sin motivo especifico,2026-06-22 23:57:46.521000+00:00,2026-08-24 16:55:58.119000+00:00
61442227628,Cierre Perdido,sin estado,Cerrado,Sin motivo especifico,2026-06-23 00:22:20.725000+00:00,2026-07-01 15:58:39.425000+00:00
42981672840,Cierre Ganado,Tamaulipas,Cerrado,Sin motivo especifico,2025-08-27 20:42:22.263000+00:00,2025-08-25 20:42:02.457000+00:00
42981674885,Cierre Ganado,Tamaulipas,Cerrado,Sin motivo especifico,2025-08-27 20:32:48.860000+00:00,2025-08-25 20:32:27.991000+00:00
42981681540,Cierre Ganado,Tamaulipas,Cerrado,Sin motivo especifico,2025-08-27 21:04:12.650000+00:00,2025-08-26 21:03:57.773000+00:00
61465602064,Cierre Perdido,Quintana Roo,Cerrado,Sin motivo especifico,2026-06-23 18:31:57.982000+00:00,2026-07-27 18:07:00.737000+00:00
61465602972,Cierre Ganado,Puebla,Cerrado,Sin motivo especifico,2026-06-23 18:57:27.660000+00:00,2026-06-24 00:25:10.883000+00:00
42985073778,Cierre Ganado,Coahuila,Cerrado,Sin motivo especifico,2025-08-27 20:18:13.351000+00:00,2025-08-25 20:18:06.104000+00:00
42985075026,Cierre Ganado,Tamaulipas,Cerrado,Sin motivo especifico,2025-08-27 21:06:47.336000+00:00,2025-08-26 21:06:30.613000+00:00
42985387689,Cierre Ganado,Coahuila,Cerrado,Sin motivo especifico,2025-08-27 21:33:06.994000+00:00,2025-08-27 21:32:54.650000+00:00
42985391012,Cierre Ganado,Tamaulipas,Cerrado,Sin motivo especifico,2025-08-27 22:05:22.070000+00:00,2025-08-26 22:05:12.157000+00:00
42986789727,Cierre Ganado,Nuevo León,Cerrado,Sin motivo especifico,2025-08-27 23:16:47.842000+00:00,2025-08-31 23:15:32.973000+00:00
42986789793,Cierre Ganado,Nuevo León,Cerrado,Sin motivo especifico,2025-08-27 23:18:35.044000+00:00,2025-08-27 23:18:27.355000+00:00
42988033108,Cierre Ganado,Tamaulipas,Cerrado,Sin motivo especifico,2025-08-27 23:28:53.316000+00:00,2025-08-28 19:09:58.955000+00:00
42988033546,Cierre Perdido,Nuevo León,Cerrado,Falta de producto,2025-08-27 23:36:50.193000+00:00,2025-08-28 23:50:39.586000+00:00
42988034086,Cierre Ganado,Coahuila,Cerrado,Sin motivo especifico,2025-08-27 23:46:39.811000+00:00,2025-09-11 22:16:52.770000+00:00
42988034205,Cierre Perdido,Nuevo León,Cerrado,No tiene el dinero,2025-08-27 23:49:32.504000+00:00,2025-09-19 00:35:20.851000+00:00
43002921238,Cierre Perdido,Nuevo León,Cerrado,No tiene el dinero,2025-08-28 00:33:34.471000+00:00,2025-09-10 22:15:28.308000+00:00
43002922140,Cierre Ganado,Nuevo León,Cerrado,Sin motivo especifico,2025-08-28 00:58:02.836000+00:00,2025-08-27 00:57:56.960000+00:00
43013874179,Cierre Ganado,Coahuila,Cerrado,Sin motivo especifico,2025-08-28 19:16:10.837000+00:00,2025-08-28 19:16:04.914000+00:00
61465611532,Negociación,Puebla,Abierto,Sin motivo especifico,2026-06-24 00:44:51.405000+00:00,2026-09-01 00:10:56.229000+00:00
61465637967,Cierre Perdido,Puebla,Cerrado,Sin motivo especifico,2026-06-24 20:20:22.382000+00:00,2026-07-04 00:50:14.335000+00:00
61465665696,Cierre Ganado,Yucatán,Cerrado,Sin motivo especifico,2026-06-23 18:58:40.892000+00:00,2026-06-26 18:58:14.221000+00:00
43098960693,Cierre Perdido,Nuevo León,Cerrado,No paso su credito,2025-08-29 20:16:58.071000+00:00,2025-09-30 00:18:34.670000+00:00
61465696631,Cierre Ganado,Puebla,Cerrado,Sin motivo especifico,2026-06-24 17:32:06.559000+00:00,2026-06-25 22:42:56.171000+00:00
61465699590,Cierre Ganado,Yucatán,Cerrado,Sin motivo especifico,2026-06-24 18:39:08.696000+00:00,2026-06-30 18:38:00.184000+00:00
61475168872,Cierre Ganado,Puebla,Cerrado,Sin motivo especifico,2026-06-23 22:19:29.355000+00:00,2026-06-23 22:19:21.840000+00:00
61475194974,Cierre Ganado,Yucatán,Cerrado,Sin motivo especifico,2026-06-24 19:23:33.338000+00:00,2026-06-24 19:28:07.544000+00:00
43175692162,Cierre Ganado,Coahuila,Cerrado,Sin motivo especifico,2025-09-02 03:51:58.205000+00:00,2025-09-11 17:38:50.369000+00:00
43175692407,Cierre Ganado,Coahuila,Cerrado,Sin motivo especifico,2025-09-02 04:23:04.933000+00:00,2025-09-02 04:22:31.376000+00:00
61475200157,Cierre Ganado,Puebla,Cerrado,Sin motivo especifico,2026-06-24 21:58:07.078000+00:00,2026-06-25 22:41:02.728000+00:00
43245508379,Cierre Ganado,Tamaulipas,Cerrado,Sin motivo especifico,2025-09-02 03:45:10+00:00,2025-09-30 03:44:51.017000+00:00
43288820789,Cierre Ganado,Yucatán,Cerrado,Sin motivo especifico,2025-09-03 19:58:57.753000+00:00,2025-09-03 20:01:50.931000+00:00
43288824180,Cierre Ganado,Yucatán,Cerrado,Sin motivo especifico,2025-09-03 21:36:28.205000+00:00,2025-09-03 21:49:37.771000+00:00
43289377821,Cierre Ganado,Quintana Roo,Cerrado,Sin motivo especifico,2025-09-03 19:38:34.608000+00:00,2025-09-03 19:39:59.677000+00:00
61495019587,Cierre Perdido,sin estado,Cerrado,Sin motivo especifico,2026-06-23 19:03:13.255000+00:00,2026-07-01 15:58:19.924000+00:00
61507334712,Cierre Ganado,Puebla,Cerrado,Sin motivo especifico,2026-06-23 19:35:34.792000+00:00,2026-06-24 00:29:24.123000+00:00
43331214723,Cierre Perdido,Coahuila,Cerrado,Falta de producto,2025-09-03 13:08:00.555000+00:00,2025-09-03 13:08:53.796000+00:00
43331349649,Cierre Ganado,Yucatán,Cerrado,Sin motivo especifico,2025-09-03 19:17:29.562000+00:00,2025-09-03 19:29:26.780000+00:00
43402481972,Cierre Ganado,Puebla,Cerrado,Sin motivo especifico,2025-09-05 17:21:38.502000+00:00,2025-08-30 17:19:47.810000+00:00
43407732070,Cierre Ganado,Nuevo León,Cerrado,Sin motivo especifico,2025-09-06 17:38:30.931000+00:00,2025-09-09 15:33:37.224000+00:00
43407976502,Cierre Ganado,Coahuila,Cerrado,Sin motivo especifico,2025-09-06 03:33:56.240000+00:00,2025-09-03 03:33:49.289000+00:00
43407976621,Cierre Ganado,Nuevo León,Cerrado,Sin motivo especifico,2025-09-06 05:10:13.761000+00:00,2025-09-04 05:09:57.500000+00:00
43407976719,Cierre Ganado,Nuevo León,Cerrado,Sin motivo especifico,2025-09-06 05:28:02.279000+00:00,2025-09-04 05:27:43.070000+00:00
43407976723,Cierre Ganado,Tamaulipas,Cerrado,Sin motivo especifico,2025-09-06 05:35:27.653000+00:00,2025-09-05 05:35:08.915000+00:00
43420099376,Cierre Perdido,Tamaulipas,Cerrado,Falta de producto,2025-09-05 17:28:16.828000+00:00,2026-01-09 15:34:27.609000+00:00
43420110341,Cierre Ganado,Nuevo León,Cerrado,Sin motivo especifico,2025-09-06 04:15:01.532000+00:00,2025-09-04 04:14:36.342000+00:00
43422804234,Cierre Ganado,Tamaulipas,Cerrado,Sin motivo especifico,2025-09-06 03:49:34.351000+00:00,2025-09-03 03:49:10.642000+00:00
43422865564,Cierre Ganado,Nuevo León,Cerrado,Sin motivo especifico,2025-09-06 06:16:35.181000+00:00,2025-09-04 06:13:18.192000+00:00
43441461647,Cierre Ganado,Coahuila,Cerrado,Sin motivo especifico,2025-09-06 17:02:02.756000+00:00,2025-09-05 17:01:44.653000+00:00
61507359810,Cierre Ganado,Puebla,Cerrado,Sin motivo especifico,2026-06-24 15:54:19.640000+00:00,2026-08-10 21:33:25.675000+00:00
61507403841,Cierre Ganado,Puebla,Cerrado,Sin motivo especifico,2026-06-23 22:25:59.876000+00:00,2026-06-24 00:39:01.763000+00:00
61507457204,Cierre Perdido,Puebla,Cerrado,No tiene el dinero,2026-06-23 19:02:54.989000+00:00,2026-07-04 00:48:09.832000+00:00
43523875617,Cierre Ganado,Nuevo León,Cerrado,Sin motivo especifico,2025-09-09 17:36:39.603000+00:00,2025-09-08 17:36:25.791000+00:00
61507460008,Cierre Ganado,Yucatán,Cerrado,Sin motivo especifico,2026-06-23 20:16:09.705000+00:00,2026-07-29 15:27:58.312000+00:00
43523878226,Cierre Ganado,Tamaulipas,Cerrado,Sin motivo especifico,2025-09-09 18:43:54.062000+00:00,2025-09-08 18:43:47.130000+00:00
43523886154,Cierre Perdido,Puebla,Cerrado,Eligio un producto de la competencia,2025-09-09 22:52:50.788000+00:00,2026-04-17 01:01:21.710000+00:00
43524508232,Cierre Ganado,Nuevo León,Cerrado,Sin motivo especifico,2025-09-09 18:24:29.219000+00:00,2025-09-08 18:23:51.703000+00:00
61507486595,Cierre Ganado,Puebla,Cerrado,Sin motivo especifico,2026-06-24 17:21:57.454000+00:00,2026-06-24 23:40:40.795000+00:00
61507490176,Cierre Ganado,Puebla,Cerrado,Sin motivo especifico,2026-06-24 18:45:16.563000+00:00,2026-06-24 20:38:12.882000+00:00
43542844294,Cierre Ganado,Nuevo León,Cerrado,Sin motivo especifico,2025-09-11 00:42:21.516000+00:00,2025-09-13 00:42:03.996000+00:00
43542858623,Cierre Ganado,Nuevo León,Cerrado,Sin motivo especifico,2025-09-11 14:41:10.640000+00:00,2026-01-19 23:50:53.889000+00:00
43542869858,Cierre Perdido,Coahuila,Cerrado,No tiene el dinero,2025-09-11 19:03:48.475000+00:00,2025-10-16 20:14:50.002000+00:00
43542870396,Cierre Perdido,Nuevo León,Cerrado,No pasó su crédito (Financiera),2025-09-11 19:17:12.452000+00:00,2025-10-16 20:12:42.394000+00:00
43576131896,Cierre Ganado,Coahuila,Cerrado,Sin motivo especifico,2025-09-10 22:22:31.025000+00:00,2025-09-11 22:22:17.433000+00:00
43576131944,Cierre Ganado,Coahuila,Cerrado,Sin motivo especifico,2025-09-10 22:25:50.469000+00:00,2025-09-10 22:25:37.680000+00:00
43576167261,Cierre Perdido,Tamaulipas,Cerrado,Falta de producto,2025-09-11 23:58:37.386000+00:00,2025-09-30 21:03:27.350000+00:00
43576184160,Cierre Ganado,Nuevo León,Cerrado,Sin motivo especifico,2025-09-10 17:47:11.857000+00:00,2025-09-10 17:48:53.996000+00:00
43595294862,Cierre Perdido,Nuevo León,Cerrado,No tiene el dinero,2025-09-11 15:50:05.794000+00:00,2025-09-30 00:14:32.510000+00:00
43595327053,Cierre Ganado,Coahuila,Cerrado,Sin motivo especifico,2025-09-10 17:35:30.782000+00:00,2025-09-09 17:35:03.843000+00:00
43595338563,Cierre Ganado,Coahuila,Cerrado,Sin motivo especifico,2025-09-11 00:12:08.548000+00:00,2025-09-30 00:17:26.772000+00:00
43595426634,Cierre Perdido,Coahuila,Cerrado,No tiene el dinero,2025-09-11 19:10:51.109000+00:00,2025-11-07 20:06:00.428000+00:00
43636268715,Cierre Perdido,Coahuila,Cerrado,Eligio un producto de la competencia,2025-09-11 19:36:20.030000+00:00,2025-09-29 20:15:14.561000+00:00
43697651521,Cierre Ganado,Tamaulipas,Cerrado,Sin motivo especifico,2025-09-15 17:31:16.311000+00:00,2025-09-15 17:30:55.066000+00:00
43697652320,Cierre Perdido,Coahuila,Cerrado,No tiene el dinero,2025-09-15 17:49:58.883000+00:00,2025-10-06 17:14:50.948000+00:00
43739678817,Cierre Ganado,Nuevo León,Cerrado,Sin motivo especifico,2025-09-15 20:39:50.918000+00:00,2025-09-18 20:39:30.935000+00:00
43739900219,Cierre Ganado,Tamaulipas,Cerrado,Sin motivo especifico,2025-09-17 14:56:54.071000+00:00,2025-09-19 14:56:46.908000+00:00
43739960125,Cierre Ganado,Coahuila,Cerrado,Sin motivo especifico,2025-09-17 15:10:55.163000+00:00,2025-09-30 15:01:06.319000+00:00
43743338020,Cierre Perdido,Nuevo León,Cerrado,No tiene el dinero,2025-09-15 17:51:40.610000+00:00,2025-09-22 23:19:39.392000+00:00
43827801861,Cierre Ganado,Nuevo León,Cerrado,Sin motivo especifico,2025-09-18 00:38:52.503000+00:00,2025-09-19 00:38:30.675000+00:00
43880101235,Cierre Ganado,Nuevo León,Cerrado,Sin motivo especifico,2025-09-18 00:32:30.308000+00:00,2025-09-18 00:32:09.242000+00:00
43945810277,Cierre Perdido,Coahuila,Cerrado,No tiene el dinero,2025-09-19 20:47:12.094000+00:00,2025-09-29 20:14:25.540000+00:00
43948449831,Cierre Ganado,Coahuila,Cerrado,Sin motivo especifico,2025-09-19 23:13:52.305000+00:00,2025-09-30 23:11:51.578000+00:00
44018033032,Cierre Ganado,Tamaulipas,Cerrado,Sin motivo especifico,2025-09-19 23:53:44.578000+00:00,2025-09-22 23:53:28.001000+00:00
44037934986,Cierre Perdido,Tamaulipas,Cerrado,No tiene el dinero,2025-09-22 14:32:19.965000+00:00,2025-09-24 15:46:46.707000+00:00
44037935498,Cierre Ganado,Nuevo León,Cerrado,Sin motivo especifico,2025-09-22 14:43:49.459000+00:00,2025-09-22 22:38:09.339000+00:00
44074464354,Cierre Ganado,Nuevo León,Cerrado,Sin motivo especifico,2025-09-22 15:53:24.085000+00:00,2025-09-22 15:53:16.026000+00:00
44081134692,Cierre Perdido,Tamaulipas,Cerrado,No tiene el dinero,2025-09-22 15:30:44.357000+00:00,2026-01-07 23:42:55.191000+00:00
61625181585,Cierre Perdido,Puebla,Cerrado,Eligio un producto de la competencia,2026-06-25 17:17:20.654000+00:00,2026-07-28 22:17:42.827000+00:00
44081514268,Cierre Ganado,Tamaulipas,Cerrado,Sin motivo especifico,2025-09-22 23:55:11.977000+00:00,2025-09-22 23:54:54.267000+00:00
42229032576,Cierre Ganado,Coahuila,Cerrado,Sin motivo especifico,2025-08-15 23:12:10.294000+00:00,2025-08-14 23:11:53.718000+00:00
61625251975,Cierre Ganado,Puebla,Cerrado,Sin motivo especifico,2026-06-25 20:49:58.569000+00:00,2026-06-25 22:45:11.689000+00:00
44134023768,Cierre Ganado,Nuevo León,Cerrado,Sin motivo especifico,2025-09-22 22:35:23.907000+00:00,2025-09-22 22:35:09.454000+00:00
44134142642,Cierre Ganado,Tamaulipas,Cerrado,Sin motivo especifico,2025-09-22 23:34:52.864000+00:00,2025-09-22 23:35:11.488000+00:00
44193158058,Cierre Ganado,Nuevo León,Cerrado,Sin motivo especifico,2025-09-23 00:55:42.224000+00:00,2025-09-23 00:55:28.404000+00:00
44207031982,Cierre Ganado,Coahuila,Cerrado,Sin motivo especifico,2025-09-23 20:33:21.763000+00:00,2025-09-23 20:33:17.058000+00:00
44214843571,Cierre Ganado,Tamaulipas,Cerrado,Sin motivo especifico,2025-09-23 20:25:03.642000+00:00,2025-09-23 20:24:58.354000+00:00
44452640441,Cierre Ganado,Coahuila,Cerrado,Sin motivo especifico,2025-09-24 19:16:00.821000+00:00,2025-09-25 19:15:53.709000+00:00
44452825674,Cierre Ganado,Tamaulipas,Cerrado,Sin motivo especifico,2025-09-24 20:41:26.998000+00:00,2025-09-25 20:41:21.421000+00:00
44452829525,Cierre Ganado,Tamaulipas,Cerrado,Sin motivo especifico,2025-09-24 23:42:46.155000+00:00,2025-09-24 23:42:34.483000+00:00
44462224523,Cierre Ganado,Coahuila,Cerrado,Sin motivo especifico,2025-09-24 22:01:02.373000+00:00,2025-09-25 22:00:49.103000+00:00
44462260100,Cierre Ganado,Tamaulipas,Cerrado,Sin motivo especifico,2025-09-26 00:16:13.077000+00:00,2025-10-01 00:16:05.384000+00:00
44491125152,Cierre Ganado,Nuevo León,Cerrado,Sin motivo especifico,2025-09-25 15:16:38.804000+00:00,2025-09-25 23:00:17.301000+00:00
44506511497,Cierre Ganado,Tamaulipas,Cerrado,Sin motivo especifico,2025-09-26 00:47:35.047000+00:00,2025-09-27 00:47:16.504000+00:00
44652438553,Cierre Ganado,Tamaulipas,Cerrado,Sin motivo especifico,2025-09-26 22:32:54.774000+00:00,2025-09-26 22:32:47.617000+00:00
61625273706,Cierre Ganado,Quintana Roo,Cerrado,Sin motivo especifico,2026-06-26 16:42:06.009000+00:00,2026-07-27 18:15:59.300000+00:00
63856624137,Perdido,Veracruz,Cerrado,Sin Respuesta,2026-08-13 15:52:53.141000+00:00,2026-08-14 00:51:48.160000+00:00
63857239560,Perdido,Veracruz,Cerrado,Sin Respuesta,2026-08-13 15:52:52.183000+00:00,2026-08-14 00:51:15.786000+00:00
63857394945,Perdido,Veracruz,Cerrado,Sin Respuesta,2026-08-13 15:52:53.256000+00:00,2026-08-14 19:59:37.796000+00:00
42229032504,Cierre Ganado,Coahuila,Cerrado,Sin motivo especifico,2025-08-15 23:09:09.936000+00:00,2025-08-14 23:08:52.407000+00:00
61625435909,Perdido,Puebla,Cerrado,Falta de producto,2026-06-25 20:00:25.655000+00:00,2026-08-28 00:08:47.997000+00:00
44866102909,Cierre Ganado,Tamaulipas,Cerrado,Sin motivo especifico,2025-09-29 23:30:00.893000+00:00,2025-09-29 23:29:55.395000+00:00
63857550452,Perdido,Chiapas,Cerrado,Sin Respuesta,2026-08-13 15:52:52.377000+00:00,2026-08-14 19:29:35.299000+00:00
44866290265,Cierre Perdido,Tamaulipas,Cerrado,Falta de producto,2025-09-29 22:27:20.766000+00:00,2025-09-29 22:27:36.262000+00:00
44866598663,Cierre Perdido,Tamaulipas,Cerrado,Falta de producto,2025-09-29 23:22:38.887000+00:00,2025-09-30 23:21:59.447000+00:00
63858634637,Perdido,Tabasco,Cerrado,Sin Respuesta,2026-08-13 15:52:52.815000+00:00,2026-08-14 19:48:41.006000+00:00
61749713153,Cierre Ganado,Puebla,Cerrado,Sin motivo especifico,2026-06-29 16:10:47.892000+00:00,2026-06-29 20:09:04.818000+00:00
45002403183,Cierre Ganado,Tamaulipas,Cerrado,Sin motivo especifico,2025-10-01 14:42:41.973000+00:00,2025-10-01 14:43:21.207000+00:00
61749837085,Cierre Ganado,Puebla,Cerrado,Sin motivo especifico,2026-06-29 16:26:49.091000+00:00,2026-06-30 00:14:37.951000+00:00
61749948051,Cierre Ganado,Puebla,Cerrado,Sin motivo especifico,2026-06-29 17:29:15.893000+00:00,2026-06-30 21:57:53.895000+00:00
61750201182,Cierre Ganado,Puebla,Cerrado,Sin motivo especifico,2026-06-29 20:42:42.499000+00:00,2026-06-29 20:46:52.008000+00:00
45092465166,Cierre Ganado,Tamaulipas,Cerrado,Sin motivo especifico,2025-10-01 18:06:44.192000+00:00,2025-10-01 18:06:31.057000+00:00
61750458950,Cierre Ganado,Puebla,Cerrado,Sin motivo especifico,2026-06-29 17:19:57.313000+00:00,2026-06-29 18:28:06.382000+00:00
45092614916,Cierre Ganado,Coahuila,Cerrado,Sin motivo especifico,2025-10-02 14:29:22.909000+00:00,2025-10-01 14:29:06.509000+00:00
45116501916,Cierre Perdido,Nuevo León,Cerrado,Falta de producto,2025-10-03 00:38:39.556000+00:00,2025-10-03 00:38:26.122000+00:00
45116556072,Cierre Ganado,Tamaulipas,Cerrado,Sin motivo especifico,2025-10-02 19:00:23.357000+00:00,2025-10-02 19:00:51.220000+00:00
45144525890,Cierre Ganado,Tamaulipas,Cerrado,Sin motivo especifico,2025-10-02 18:55:17.547000+00:00,2025-10-02 18:55:57.340000+00:00
45144586831,Cierre Ganado,Coahuila,Cerrado,Sin motivo especifico,2025-10-02 18:47:23.399000+00:00,2025-10-02 18:47:17.347000+00:00
45197638034,Cierre Perdido,Tamaulipas,Cerrado,No tiene el dinero,2025-10-03 19:22:22.820000+00:00,2025-10-16 20:09:39.332000+00:00
45197734739,Cierre Ganado,Tamaulipas,Cerrado,Sin motivo especifico,2025-10-06 20:18:39.916000+00:00,2025-10-06 20:18:28.845000+00:00
45326982230,Cierre Ganado,Tamaulipas,Cerrado,Sin motivo especifico,2025-10-06 17:37:04.384000+00:00,2025-10-06 20:24:39.933000+00:00
45327220741,Cierre Ganado,Nuevo León,Cerrado,Sin motivo especifico,2025-10-06 23:37:10.658000+00:00,2025-10-06 23:36:53.357000+00:00
45331276120,Cierre Ganado,Coahuila,Cerrado,Sin motivo especifico,2025-10-06 17:29:18.050000+00:00,2025-12-03 20:08:42.029000+00:00
61750567325,Cierre Ganado,Puebla,Cerrado,Sin motivo especifico,2026-06-29 17:25:15.331000+00:00,2026-06-29 20:09:15.359000+00:00
45385241356,Cierre Ganado,Nuevo León,Cerrado,Sin motivo especifico,2025-10-07 00:09:09.263000+00:00,2025-10-07 00:09:05.531000+00:00
45416464666,Cierre Ganado,Tamaulipas,Cerrado,Sin motivo especifico,2025-10-07 16:00:28.839000+00:00,2025-10-07 16:00:15.297000+00:00
61750877194,Ganado,Puebla,Cerrado,Sin motivo especifico,2026-06-29 18:06:59.098000+00:00,2026-08-27 17:06:00.013000+00:00
61763920667,Cierre Ganado,Quintana Roo,Cerrado,Sin motivo especifico,2026-06-29 22:41:28.207000+00:00,2026-08-08 00:53:16.768000+00:00
45416708926,Cierre Perdido,Nuevo León,Cerrado,Falta de producto,2025-10-07 18:05:59.281000+00:00,2025-10-08 18:05:54.666000+00:00
61764845084,Cierre Ganado,Puebla,Cerrado,Sin motivo especifico,2026-06-29 23:22:35.878000+00:00,2026-07-08 23:35:23.207000+00:00
61764845126,Cierre Ganado,Puebla,Cerrado,Sin motivo especifico,2026-06-29 23:26:59.348000+00:00,2026-06-30 18:42:54.693000+00:00
45416935507,Cierre Ganado,Tamaulipas,Cerrado,Sin motivo especifico,2025-10-08 00:51:31.947000+00:00,2025-10-08 00:51:06.508000+00:00
61764905634,Cierre Ganado,Puebla,Cerrado,Sin motivo especifico,2026-06-29 22:29:07.847000+00:00,2026-07-14 18:39:22.009000+00:00
63863131280,Perdido,Veracruz,Cerrado,Sin Respuesta,2026-08-13 15:52:52.094000+00:00,2026-08-14 19:49:36.535000+00:00
61872822395,Cierre Ganado,Puebla,Cerrado,Sin motivo especifico,2026-06-30 16:56:46.515000+00:00,2026-06-30 18:42:57.646000+00:00
45491278255,Cierre Ganado,Nuevo León,Cerrado,Sin motivo especifico,2025-10-09 17:00:53.640000+00:00,2025-10-10 17:00:38.737000+00:00
61872829110,Cierre Ganado,Puebla,Cerrado,Sin motivo especifico,2026-06-30 19:20:40.132000+00:00,2026-06-30 21:58:27.313000+00:00
61872829743,Cierre Ganado,Puebla,Cerrado,Sin motivo especifico,2026-06-30 19:32:15.477000+00:00,2026-07-01 00:05:33.666000+00:00
61873009590,Cierre Ganado,Puebla,Cerrado,Sin motivo especifico,2026-06-30 21:37:00.564000+00:00,2026-06-30 21:34:53.261000+00:00
45915810160,Cierre Ganado,Coahuila,Cerrado,Sin motivo especifico,2025-10-13 20:12:29.346000+00:00,2025-10-10 20:12:03.169000+00:00
45915872806,Cierre Ganado,Nuevo León,Cerrado,Sin motivo especifico,2025-10-13 20:16:02.271000+00:00,2025-10-13 20:15:53.336000+00:00
45915997012,Cierre Ganado,Coahuila,Cerrado,Sin motivo especifico,2025-10-13 20:35:29.280000+00:00,2025-10-10 20:30:38.583000+00:00
45917058106,Cierre Ganado,Coahuila,Cerrado,Sin motivo especifico,2025-10-13 20:50:25.861000+00:00,2025-10-10 20:49:11.521000+00:00
45968107947,Cierre Ganado,Tamaulipas,Cerrado,Sin motivo especifico,2025-10-14 22:26:44.843000+00:00,2025-10-14 22:26:39.617000+00:00
63925186817,Ganado,Puebla,Cerrado,Sin motivo especifico,2026-08-15 00:23:32.934000+00:00,2026-08-15 00:24:17.617000+00:00
45968805924,Cierre Ganado,Nuevo León,Cerrado,Sin motivo especifico,2025-10-14 23:16:12.137000+00:00,2025-10-14 23:15:54.968000+00:00
63925245491,Ganado,Puebla,Cerrado,Sin motivo especifico,2026-08-14 20:42:02.632000+00:00,2026-08-14 20:42:45.100000+00:00
63925248899,Calificado Para Comprar,Yucatán,Abierto,Sin motivo especifico,2026-08-14 23:41:46.741000+00:00,2026-08-31 23:40:58.782000+00:00
45968829486,Cierre Ganado,Tamaulipas,Cerrado,Sin motivo especifico,2025-10-15 17:43:46.347000+00:00,2025-10-11 17:43:34.192000+00:00
45968863554,Cierre Ganado,Coahuila,Cerrado,Sin motivo especifico,2025-10-14 20:49:56.178000+00:00,2025-10-14 20:49:33.879000+00:00
45968866714,Cierre Ganado,Nuevo León,Cerrado,Sin motivo especifico,2025-10-14 22:59:22.853000+00:00,2025-10-14 22:59:14.963000+00:00
45968866904,Cierre Ganado,Nuevo León,Cerrado,Sin motivo especifico,2025-10-14 23:10:03.194000+00:00,2025-10-14 23:09:50.102000+00:00
45968867849,Cierre Ganado,Nuevo León,Cerrado,Sin motivo especifico,2025-10-15 00:28:45.024000+00:00,2025-10-12 00:28:21.263000+00:00
46016914871,Cierre Ganado,Coahuila,Cerrado,Sin motivo especifico,2025-10-14 20:39:26.405000+00:00,2025-10-13 20:39:22.112000+00:00
63925288735,Perdido,Yucatán,Cerrado,Sin interés detectado,2026-08-17 17:16:45.064000+00:00,2026-08-31 16:53:14.412000+00:00
63925309790,Ganado,Puebla,Cerrado,Sin motivo especifico,2026-08-15 00:18:56.331000+00:00,2026-08-15 00:20:08.287000+00:00
63925345322,Perdido,Yucatán,Cerrado,Sin interés detectado,2026-08-17 17:13:46.753000+00:00,2026-08-24 15:48:29.443000+00:00
63925372949,Ganado,Puebla,Cerrado,Sin motivo especifico,2026-08-15 00:37:52.511000+00:00,2026-08-15 00:38:45.800000+00:00
61916875879,Ganado,Yucatán,Cerrado,Sin motivo especifico,2026-06-30 18:28:50.802000+00:00,2026-08-26 19:28:55.642000+00:00
63925372975,Ganado,Puebla,Cerrado,Sin motivo especifico,2026-08-15 00:43:04.810000+00:00,2026-08-15 00:45:07.180000+00:00
63925427632,Perdido,Tabasco,Cerrado,Sin interés detectado,2026-08-14 19:18:13.887000+00:00,2026-08-15 00:35:50.455000+00:00
63925430341,Ganado,Puebla,Cerrado,Sin motivo especifico,2026-08-14 20:46:08.158000+00:00,2026-08-14 20:46:45.560000+00:00
63925468843,Perdido,Yucatán,Cerrado,Sin Respuesta,2026-08-17 17:09:45.228000+00:00,2026-08-24 15:45:34.736000+00:00
63925469067,Perdido,Yucatán,Cerrado,Sin interés detectado,2026-08-17 17:15:50.265000+00:00,2026-08-24 15:47:12.989000+00:00
63925491282,Ganado,Puebla,Cerrado,Sin motivo especifico,2026-08-14 20:00:46.726000+00:00,2026-08-14 20:01:24.763000+00:00
61917001270,Cierre Ganado,Puebla,Cerrado,Sin motivo especifico,2026-06-30 20:28:44.712000+00:00,2026-07-06 18:36:03.993000+00:00
46041915768,Cierre Perdido,Coahuila,Cerrado,Falta de producto,2025-10-16 00:58:17.144000+00:00,2025-10-16 00:58:10.189000+00:00
46110330180,Cierre Ganado,Tamaulipas,Cerrado,Sin motivo especifico,2025-10-16 00:46:26.142000+00:00,2025-10-16 00:46:12.939000+00:00
46110389680,Cierre Ganado,Nuevo León,Cerrado,Sin motivo especifico,2025-10-15 22:03:23.725000+00:00,2025-10-11 22:03:08.759000+00:00
46167405658,Cierre Ganado,Coahuila,Cerrado,Sin motivo especifico,2025-10-16 15:39:56.347000+00:00,2025-10-15 15:39:39.842000+00:00
46207111758,Cierre Ganado,Nuevo León,Cerrado,Sin motivo especifico,2025-10-16 20:18:10.176000+00:00,2025-10-15 20:17:54.962000+00:00
46257102373,Cierre Ganado,Tamaulipas,Cerrado,Sin motivo especifico,2025-10-17 16:33:38.618000+00:00,2025-10-17 16:33:21.411000+00:00
46257162895,Cierre Ganado,Tamaulipas,Cerrado,Sin motivo especifico,2025-10-17 16:08:55.097000+00:00,2025-10-16 16:08:43.484000+00:00
46291876202,Cierre Ganado,Coahuila,Cerrado,Sin motivo especifico,2025-10-17 15:29:14.561000+00:00,2025-10-11 15:29:00.157000+00:00
46412613999,Cierre Ganado,Tamaulipas,Cerrado,Sin motivo especifico,2025-10-17 20:00:39.220000+00:00,2025-10-17 20:00:25.259000+00:00
46412614162,Cierre Ganado,Nuevo León,Cerrado,Sin motivo especifico,2025-10-17 20:04:59.887000+00:00,2025-10-17 20:04:14.672000+00:00
46412800119,Cierre Ganado,Tamaulipas,Cerrado,Sin motivo especifico,2025-10-17 20:09:30.101000+00:00,2025-10-17 20:09:17.217000+00:00
46456277418,Cierre Ganado,Tamaulipas,Cerrado,Sin motivo especifico,2025-10-17 19:52:00.775000+00:00,2025-10-17 19:51:47.191000+00:00
46456277606,Cierre Ganado,Tamaulipas,Cerrado,Sin motivo especifico,2025-10-17 19:55:49.542000+00:00,2025-10-17 19:55:37.168000+00:00
46511672636,Cierre Ganado,Tamaulipas,Cerrado,Sin motivo especifico,2025-10-21 01:41:09.342000+00:00,2025-10-21 01:40:57.123000+00:00
46558074238,Cierre Perdido,Coahuila,Cerrado,No pasó su crédito (Financiera),2025-10-21 01:37:55.612000+00:00,2026-01-07 23:28:23.764000+00:00
46586969369,Cierre Ganado,Tamaulipas,Cerrado,Sin motivo especifico,2025-10-21 01:57:58.501000+00:00,2025-10-21 01:57:07.617000+00:00
46594334600,Cierre Ganado,Nuevo León,Cerrado,Sin motivo especifico,2025-10-21 01:46:24.846000+00:00,2025-10-21 01:46:18.164000+00:00
46637488982,Cierre Ganado,Coahuila,Cerrado,Sin motivo especifico,2025-10-22 04:11:21.621000+00:00,2025-10-22 04:10:52.172000+00:00
46637489058,Cierre Ganado,Nuevo León,Cerrado,Sin motivo especifico,2025-10-22 04:26:13.725000+00:00,2025-10-22 04:25:51.939000+00:00
63925493003,Ganado,Puebla,Cerrado,Sin motivo especifico,2026-08-14 20:54:30.641000+00:00,2026-08-17 16:26:30.148000+00:00
63925496123,Ganado,Tlaxcala,Cerrado,Sin motivo especifico,2026-08-15 00:27:13.602000+00:00,2026-08-15 00:27:47.681000+00:00
63925496133,Ganado,Tlaxcala,Cerrado,Sin motivo especifico,2026-08-15 00:29:42.043000+00:00,2026-08-15 00:30:13.107000+00:00
61917124721,Cierre Ganado,Puebla,Cerrado,Sin motivo especifico,2026-07-01 00:29:39.210000+00:00,2026-07-01 00:27:47.185000+00:00
46709546645,Cierre Ganado,Nuevo León,Cerrado,Sin motivo especifico,2025-10-22 04:00:23.712000+00:00,2025-10-22 04:00:05.405000+00:00
63929532793,Ganado,Puebla,Cerrado,Sin motivo especifico,2026-08-14 20:05:52.862000+00:00,2026-08-14 20:06:38.812000+00:00
46709579537,Cierre Ganado,Tamaulipas,Cerrado,Sin motivo especifico,2025-10-23 01:45:03.874000+00:00,2025-10-23 01:44:43.761000+00:00
63929537450,Ganado,Tlaxcala,Cerrado,Sin motivo especifico,2026-08-15 00:32:32.881000+00:00,2026-08-15 00:33:14.200000+00:00
62045446455,Cierre Perdido,Nuevo León,Cerrado,No tiene el dinero,2026-07-02 14:30:16.114000+00:00,2026-07-29 16:08:03.638000+00:00
62045448217,Cierre Ganado,Puebla,Cerrado,Sin motivo especifico,2026-07-02 15:05:33.450000+00:00,2026-07-04 00:56:27.520000+00:00
62045508422,Cierre Ganado,Yucatán,Cerrado,Sin motivo especifico,2026-07-02 15:10:45.221000+00:00,2026-07-29 22:17:40.988000+00:00
46794650452,Cierre Ganado,Coahuila,Cerrado,Sin motivo especifico,2025-10-23 23:40:22.399000+00:00,2025-10-23 23:40:06.475000+00:00
46825468574,Cierre Ganado,Coahuila,Cerrado,Sin motivo especifico,2025-10-23 23:57:23.980000+00:00,2025-10-31 23:56:36.794000+00:00
46825524903,Cierre Ganado,Tamaulipas,Cerrado,Sin motivo especifico,2025-10-24 00:08:40.105000+00:00,2025-10-24 00:08:22.417000+00:00
46902409333,Cierre Perdido,Coahuila,Cerrado,Falta de producto,2025-10-24 16:54:57.625000+00:00,2025-10-24 16:54:41.347000+00:00
46902600299,Cierre Ganado,Nuevo León,Cerrado,Sin motivo especifico,2025-10-24 20:11:38.103000+00:00,2025-12-17 00:18:18.208000+00:00
46902660621,Cierre Ganado,Nuevo León,Cerrado,Sin motivo especifico,2025-10-24 19:33:40.536000+00:00,2025-12-31 19:47:46.836000+00:00
46902661191,Cierre Ganado,Nuevo León,Cerrado,Sin motivo especifico,2025-10-24 19:51:42.085000+00:00,2025-12-17 00:02:40.064000+00:00
46902722714,Cierre Ganado,Nuevo León,Cerrado,Sin motivo especifico,2025-10-24 19:42:10.531000+00:00,2025-12-31 19:47:20.013000+00:00
46902722945,Cierre Ganado,Nuevo León,Cerrado,Sin motivo especifico,2025-10-24 19:47:57.370000+00:00,2025-12-31 19:46:54.947000+00:00
46902723351,Cierre Ganado,Nuevo León,Cerrado,Sin motivo especifico,2025-10-24 19:58:55.001000+00:00,2025-12-17 00:01:24.480000+00:00
46902723961,Cierre Ganado,Nuevo León,Cerrado,Sin motivo especifico,2025-10-24 20:20:25.307000+00:00,2025-12-17 00:16:50.121000+00:00
46997533977,Cierre Perdido,Coahuila,Cerrado,Eligio un producto de la competencia,2025-10-24 19:11:41.066000+00:00,2025-11-20 19:29:37.885000+00:00
46997535660,Cierre Ganado,Nuevo León,Cerrado,Sin motivo especifico,2025-10-24 20:04:36.716000+00:00,2025-12-16 23:54:56.170000+00:00
46997582735,Cierre Ganado,Tamaulipas,Cerrado,Sin motivo especifico,2025-10-28 00:48:48.230000+00:00,2025-10-28 00:48:19.361000+00:00
47094412692,Cierre Perdido,Coahuila,Cerrado,No tiene el dinero,2025-10-25 19:19:43.949000+00:00,2026-01-05 17:10:19.868000+00:00
47095640412,Cierre Perdido,Nuevo León,Cerrado,Falta de producto,2025-10-25 16:03:05.550000+00:00,2026-01-08 15:47:39.317000+00:00
47098406989,Cierre Ganado,Coahuila,Cerrado,Sin motivo especifico,2025-10-28 00:53:48.991000+00:00,2025-10-28 00:53:22.346000+00:00
47120879362,Cierre Perdido,Coahuila,Cerrado,Falta de producto,2025-10-25 15:55:49.401000+00:00,2025-11-04 15:53:16.580000+00:00
47210008175,Cierre Ganado,Tamaulipas,Cerrado,Sin motivo especifico,2025-10-28 00:57:26.850000+00:00,2025-10-28 00:57:13.453000+00:00
42229031729,Cierre Ganado,Coahuila,Cerrado,Sin motivo especifico,2025-08-15 22:50:35.698000+00:00,2025-08-15 22:50:28.056000+00:00
62115304257,Cierre Ganado,Puebla,Cerrado,Sin motivo especifico,2026-07-03 23:51:44.642000+00:00,2026-07-03 23:50:54.674000+00:00
42228983929,Cierre Ganado,Coahuila,Cerrado,Sin motivo especifico,2025-08-15 15:38:39.997000+00:00,2025-08-13 15:38:16.996000+00:00
62115423296,Cierre Ganado,Puebla,Cerrado,Sin motivo especifico,2026-07-06 22:54:49.703000+00:00,2026-07-07 22:37:14.272000+00:00
62115424337,Cierre Ganado,Puebla,Cerrado,Sin motivo especifico,2026-07-06 22:30:35.769000+00:00,2026-07-28 16:44:37.878000+00:00
42228363158,Cierre Ganado,Tamaulipas,Cerrado,Sin motivo especifico,2025-08-15 23:03:55.553000+00:00,2025-08-14 23:03:50.398000+00:00
62115428656,Cierre Ganado,Puebla,Cerrado,Sin motivo especifico,2026-07-06 23:28:34.970000+00:00,2026-07-07 23:47:51.540000+00:00
62115433529,Cierre Ganado,Puebla,Cerrado,Sin motivo especifico,2026-07-07 00:54:21.868000+00:00,2026-07-07 22:44:50.809000+00:00
62115500675,Cierre Ganado,Puebla,Cerrado,Sin motivo especifico,2026-07-07 15:13:07.454000+00:00,2026-07-07 18:44:09.608000+00:00
62115516555,Cierre Ganado,Puebla,Cerrado,Sin motivo especifico,2026-07-07 16:51:02.325000+00:00,2026-07-07 18:43:32.206000+00:00
62115521052,Cierre Perdido,Puebla,Cerrado,No tiene el dinero,2026-07-07 17:16:31.807000+00:00,2026-07-10 00:26:08.275000+00:00
47453497174,Cierre Ganado,Coahuila,Cerrado,Sin motivo especifico,2025-10-28 18:49:36.177000+00:00,2025-10-31 18:49:16.076000+00:00
47453869211,Cierre Perdido,Coahuila,Cerrado,Sin motivo especifico,2025-10-28 22:09:57.390000+00:00,2026-01-08 15:49:18.877000+00:00
47659780424,Cierre Ganado,Coahuila,Cerrado,Sin motivo especifico,2025-10-29 16:21:11.332000+00:00,2025-10-27 16:21:04.925000+00:00
47659780636,Cierre Ganado,Tamaulipas,Cerrado,Sin motivo especifico,2025-10-29 16:26:06.903000+00:00,2025-10-28 16:25:49.725000+00:00
47659847025,Cierre Ganado,Tamaulipas,Cerrado,Sin motivo especifico,2025-10-29 18:09:03.084000+00:00,2025-10-29 18:08:50.935000+00:00
47659907766,Cierre Ganado,Tamaulipas,Cerrado,Sin motivo especifico,2025-10-29 17:43:21.172000+00:00,2025-10-28 17:43:03.481000+00:00
47659908507,Cierre Ganado,Nuevo León,Cerrado,Sin motivo especifico,2025-10-29 18:00:03.602000+00:00,2025-10-28 17:59:58.182000+00:00
47660028844,Cierre Ganado,Coahuila,Cerrado,Sin motivo especifico,2025-10-29 16:55:55.408000+00:00,2025-10-28 16:55:50.715000+00:00
47879895344,Cierre Perdido,Coahuila,Cerrado,Falta de producto,2025-11-03 16:30:02.979000+00:00,2026-01-14 15:43:07.657000+00:00
48011035708,Cierre Ganado,Coahuila,Cerrado,Sin motivo especifico,2025-11-03 15:03:39.458000+00:00,2025-10-31 15:03:15.648000+00:00
48011037015,Cierre Ganado,Coahuila,Cerrado,Sin motivo especifico,2025-11-03 15:29:45.934000+00:00,2025-10-30 15:29:18.391000+00:00
62115544333,Cierre Perdido,Puebla,Cerrado,Sin Respuesta,2026-07-07 20:01:48.352000+00:00,2026-07-29 00:41:45.862000+00:00
48122879789,Cierre Ganado,Coahuila,Cerrado,Sin motivo especifico,2025-11-03 15:24:34.634000+00:00,2025-10-30 15:24:17.103000+00:00
62115554158,Cierre Ganado,Puebla,Cerrado,Sin motivo especifico,2026-07-07 22:29:25.324000+00:00,2026-07-08 00:29:32.846000+00:00
48123091527,Cierre Ganado,Coahuila,Cerrado,Sin motivo especifico,2025-11-03 15:11:02.454000+00:00,2025-10-29 15:10:37.704000+00:00
48123092785,Cierre Ganado,Coahuila,Cerrado,Sin motivo especifico,2025-11-03 15:35:33.562000+00:00,2025-10-31 15:35:02.901000+00:00
62115561335,Cierre Ganado,Puebla,Cerrado,Sin motivo especifico,2026-07-07 23:34:00.052000+00:00,2026-07-07 23:33:55.622000+00:00
62115561766,Cierre Perdido,Yucatán,Cerrado,Sin motivo especifico,2026-07-08 00:04:01.424000+00:00,2026-08-10 20:46:04.165000+00:00
48138127005,Cierre Ganado,Zacatecas,Cerrado,Sin motivo especifico,2025-11-03 21:29:50.932000+00:00,2025-10-31 21:29:44.894000+00:00
48138179916,Cierre Ganado,Tamaulipas,Cerrado,Sin motivo especifico,2025-11-03 19:14:51.633000+00:00,2025-10-31 19:14:37.039000+00:00
48147753087,Cierre Perdido,Nuevo León,Cerrado,Eligio un producto de la competencia,2025-11-03 16:09:48.866000+00:00,2025-11-28 03:53:42.981000+00:00
62115561784,Cierre Perdido,Yucatán,Cerrado,Sin motivo especifico,2026-07-08 00:05:14.390000+00:00,2026-08-11 23:23:59.449000+00:00
48147760958,Cierre Ganado,Tamaulipas,Cerrado,Sin motivo especifico,2025-11-03 19:11:32.994000+00:00,2025-10-30 19:11:02.032000+00:00
62115564819,Cierre Perdido,Yucatán,Cerrado,Sin motivo especifico,2026-07-08 00:13:52.124000+00:00,2026-08-10 19:55:53.069000+00:00
62115565335,Cierre Ganado,Puebla,Cerrado,Sin motivo especifico,2026-07-07 22:59:02.339000+00:00,2026-07-07 22:59:25.495000+00:00
62115565450,Cierre Ganado,Quintana Roo,Cerrado,Sin motivo especifico,2026-07-07 23:09:07.654000+00:00,2026-07-10 23:08:53.263000+00:00
48171775619,Cierre Ganado,Nuevo León,Cerrado,Sin motivo especifico,2025-11-04 20:23:25.878000+00:00,2025-10-17 20:23:20.411000+00:00
48172208753,Cierre Ganado,Nuevo León,Cerrado,Sin motivo especifico,2025-11-04 00:29:39.327000+00:00,2025-11-04 00:29:20.904000+00:00
48350176032,Cierre Ganado,Nuevo León,Cerrado,Sin motivo especifico,2025-11-05 20:04:18.026000+00:00,2025-11-05 20:03:55.065000+00:00
48359553412,Cierre Ganado,Nuevo León,Cerrado,Sin motivo especifico,2025-11-05 20:09:17.037000+00:00,2025-11-05 20:09:09.346000+00:00
48359555390,Cierre Perdido,Nuevo León,Cerrado,Falta de producto,2025-11-05 20:56:17.790000+00:00,2025-11-05 20:56:06.264000+00:00
48536467521,Cierre Ganado,Tamaulipas,Cerrado,Sin motivo especifico,2025-11-07 18:52:35.480000+00:00,2025-11-07 18:52:23.134000+00:00
48536647184,Cierre Ganado,Coahuila,Cerrado,Sin motivo especifico,2025-11-07 18:47:12.576000+00:00,2025-11-07 18:47:05.134000+00:00
48878208896,Cierre Ganado,Tamaulipas,Cerrado,Sin motivo especifico,2025-11-11 17:32:03.630000+00:00,2025-11-11 17:31:56.284000+00:00
48878213496,Cierre Ganado,Tamaulipas,Cerrado,Sin motivo especifico,2025-11-11 19:37:40.233000+00:00,2025-11-07 19:37:12.634000+00:00
48886929048,Cierre Perdido,Nuevo León,Cerrado,No tiene el dinero,2025-11-12 00:02:29.968000+00:00,2025-12-17 00:23:47.620000+00:00
48886983271,Cierre Ganado,Coahuila,Cerrado,Sin motivo especifico,2025-11-11 19:42:25.188000+00:00,2025-11-10 19:42:11.737000+00:00
48887005722,Cierre Ganado,Coahuila,Cerrado,Sin motivo especifico,2025-11-12 15:26:54.756000+00:00,2025-11-12 15:26:48.316000+00:00
64050806155,Perdido,Veracruz,Cerrado,Sin Respuesta,2026-08-17 16:46:28.383000+00:00,2026-08-26 19:45:28.628000+00:00
64055898940,Perdido,Yucatán,Cerrado,No tiene el dinero,2026-08-17 19:36:50.418000+00:00,2026-08-24 17:49:58.291000+00:00
64055959676,Perdido,Yucatán,Cerrado,Sin Respuesta,2026-08-17 19:05:31.764000+00:00,2026-08-19 20:30:26.158000+00:00
41562555497,Cierre Ganado,Nuevo León,Cerrado,Sin motivo especifico,2025-08-07 18:44:49.263000+00:00,2025-08-11 18:44:42.015000+00:00
48887024511,Cierre Ganado,Coahuila,Cerrado,Sin motivo especifico,2025-11-13 00:15:01.169000+00:00,2025-11-13 00:14:40.437000+00:00
48892473187,Cierre Ganado,Tamaulipas,Cerrado,Sin motivo especifico,2025-11-11 20:05:34.790000+00:00,2025-11-11 20:05:30.433000+00:00
48939060744,Cierre Ganado,Tamaulipas,Cerrado,Sin motivo especifico,2025-11-12 15:15:04.196000+00:00,2025-11-12 15:14:59.069000+00:00
64056144940,Ganado,Veracruz,Cerrado,Sin motivo especifico,2026-08-17 22:23:36.934000+00:00,2026-08-18 20:00:23.824000+00:00
64056146810,Ganado,Puebla,Cerrado,Sin motivo especifico,2026-08-18 00:21:48.468000+00:00,2026-08-18 00:23:22.379000+00:00
64056147089,Ganado,Puebla,Cerrado,Sin motivo especifico,2026-08-18 00:44:34.772000+00:00,2026-08-18 00:46:36.966000+00:00
64056147304,Ganado,Tlaxcala,Cerrado,Sin motivo especifico,2026-08-18 01:01:01.855000+00:00,2026-08-18 20:29:57.807000+00:00
64056209030,Ganado,Puebla,Cerrado,Sin motivo especifico,2026-08-18 00:34:43.756000+00:00,2026-08-18 00:36:52.475000+00:00
64058799923,Perdido,Yucatán,Cerrado,Sin interés detectado,2026-08-17 19:02:36.437000+00:00,2026-09-01 15:47:48.330000+00:00
48960105611,Cierre Ganado,Tamaulipas,Cerrado,Sin motivo especifico,2025-11-13 00:20:32.054000+00:00,2025-12-13 00:20:07.307000+00:00
48987700632,Cierre Ganado,Nuevo León,Cerrado,Sin motivo especifico,2025-11-13 15:22:09.975000+00:00,2025-11-18 15:21:47.808000+00:00
62115650462,Cierre Perdido,Quintana Roo,Cerrado,No tiene el dinero,2026-07-08 16:51:13.580000+00:00,2026-08-10 19:13:03.151000+00:00
48988071792,Cierre Ganado,Coahuila,Cerrado,Sin motivo especifico,2025-11-13 15:13:29.466000+00:00,2025-11-18 14:42:46.521000+00:00
49069873800,Cierre Ganado,Quintana Roo,Cerrado,Sin motivo especifico,2025-11-13 21:51:09.617000+00:00,2025-11-05 21:50:41.377000+00:00
64058922880,Perdido,Yucatán,Cerrado,Eligio un producto de la competencia,2026-08-17 19:16:35.034000+00:00,2026-08-21 00:30:52.428000+00:00
64058982431,Ganado,Puebla,Cerrado,Sin motivo especifico,2026-08-17 18:13:56.764000+00:00,2026-08-27 15:56:32.297000+00:00
62115659634,Cierre Ganado,Yucatán,Cerrado,Sin motivo especifico,2026-07-08 17:34:26.961000+00:00,2026-07-27 20:33:34.255000+00:00
64058983579,Perdido,Yucatán,Cerrado,Falta de producto,2026-08-17 18:41:00.694000+00:00,2026-08-21 00:29:27.196000+00:00
64059048611,Perdido,Quintana Roo,Cerrado,No tiene el dinero,2026-08-17 19:27:46.572000+00:00,2026-08-21 00:22:51.660000+00:00
64059051559,Ganado,Puebla,Cerrado,Sin motivo especifico,2026-08-17 20:38:11.628000+00:00,2026-08-18 00:31:03.151000+00:00
64059110988,Perdido,Puebla,Cerrado,No tiene el dinero,2026-08-18 00:57:06.124000+00:00,2026-08-25 00:36:10.156000+00:00
64059234177,Ganado,Hidalgo,Cerrado,Sin motivo especifico,2026-08-18 00:26:55.983000+00:00,2026-08-18 00:28:41.216000+00:00
41437976188,Cierre Perdido,Nuevo León,Cerrado,Sin motivo especifico,2025-08-05 22:27:33.424000+00:00,2025-08-06 00:23:56.690000+00:00
49448091966,Cierre Ganado,Puebla,Cerrado,Sin motivo especifico,2025-11-18 21:27:15.020000+00:00,2026-04-10 17:41:57.171000+00:00
49448240821,Cierre Ganado,Tamaulipas,Cerrado,Sin motivo especifico,2025-11-19 18:40:20.688000+00:00,2025-11-18 18:40:09.835000+00:00
49530911248,Cierre Perdido,Tamaulipas,Cerrado,No tiene el dinero,2025-11-18 17:16:05.259000+00:00,2025-12-04 20:06:15.164000+00:00
49530922760,Cierre Ganado,Yucatán,Cerrado,Sin motivo especifico,2025-11-18 21:53:58.606000+00:00,2025-11-18 21:53:37.393000+00:00
49530947706,Cierre Ganado,Tamaulipas,Cerrado,Sin motivo especifico,2025-11-19 17:48:11.040000+00:00,2025-12-18 17:48:45.030000+00:00
49531069712,Cierre Ganado,Tamaulipas,Cerrado,Sin motivo especifico,2025-11-19 17:43:04.343000+00:00,2025-11-18 17:42:50.772000+00:00
49635902495,Cierre Ganado,Nuevo León,Cerrado,Sin motivo especifico,2025-11-19 20:59:11.542000+00:00,2025-12-19 20:59:04.603000+00:00
49641847041,Cierre Ganado,Tamaulipas,Cerrado,Sin motivo especifico,2025-11-20 00:37:28.702000+00:00,2025-12-20 00:37:13.882000+00:00
49641868854,Cierre Ganado,Nuevo León,Cerrado,Sin motivo especifico,2025-11-20 19:07:24.572000+00:00,2025-11-28 19:07:07.265000+00:00
49649046173,Cierre Ganado,Tamaulipas,Cerrado,Sin motivo especifico,2025-11-20 19:32:29.598000+00:00,2025-11-26 04:58:34.883000+00:00
49700755824,Cierre Perdido,Nuevo León,Cerrado,Falta de producto,2025-11-20 19:42:55.076000+00:00,2025-11-21 19:44:16.329000+00:00
49744196994,Cierre Perdido,Coahuila,Cerrado,No tiene el dinero,2025-11-20 19:39:47.857000+00:00,2026-01-09 18:06:42.530000+00:00
49757069454,Cierre Ganado,Nuevo León,Cerrado,Sin motivo especifico,2025-11-20 19:57:48.893000+00:00,2025-11-22 00:50:59.395000+00:00
49758342723,Cierre Ganado,Tamaulipas,Cerrado,Sin motivo especifico,2025-11-21 00:25:09.001000+00:00,2025-12-21 00:29:09.691000+00:00
49758800959,Cierre Ganado,Nuevo León,Cerrado,Sin motivo especifico,2025-11-20 22:39:10.957000+00:00,2025-11-21 17:59:33.979000+00:00
49758802711,Cierre Ganado,Tamaulipas,Cerrado,Sin motivo especifico,2025-11-21 00:34:42.637000+00:00,2025-12-21 00:34:23.483000+00:00
62121599283,Negociación,Puebla,Abierto,Sin motivo especifico,2026-07-02 21:56:59.515000+00:00,2026-09-07 17:58:03.138000+00:00
42228335030,Cierre Ganado,Veracruz,Cerrado,Sin motivo especifico,2025-08-15 19:45:22.553000+00:00,2025-08-15 19:44:25.151000+00:00
62121684611,Cierre Ganado,Puebla,Cerrado,Sin motivo especifico,2026-07-04 00:02:17.773000+00:00,2026-07-04 00:02:12.958000+00:00
49776680246,Cierre Ganado,Tamaulipas,Cerrado,Sin motivo especifico,2025-11-21 17:56:56.206000+00:00,2025-11-21 17:56:44.873000+00:00
62121806624,Cierre Ganado,Puebla,Cerrado,Sin motivo especifico,2026-07-03 23:46:27.125000+00:00,2026-07-02 23:46:21.167000+00:00
49778824239,Cierre Perdido,Tamaulipas,Cerrado,Falta de producto,2025-11-21 18:59:02.076000+00:00,2025-11-21 18:58:56.055000+00:00
49779007264,Cierre Ganado,Tamaulipas,Cerrado,Sin motivo especifico,2025-11-21 19:30:34.960000+00:00,2025-11-21 19:30:28.335000+00:00
62121875329,En Espera De Pago,Yucatán,Abierto,Sin motivo especifico,2026-07-06 16:19:03.831000+00:00,2026-07-31 16:16:45.782000+00:00
62121886326,Cierre Ganado,Quintana Roo,Cerrado,Sin motivo especifico,2026-07-06 17:24:39.129000+00:00,2026-07-27 18:10:52.231000+00:00
62121901406,Cierre Ganado,Veracruz,Cerrado,Sin motivo especifico,2026-07-06 18:12:00.225000+00:00,2026-07-08 15:40:40.974000+00:00
62121921364,Cierre Ganado,Puebla,Cerrado,Sin motivo especifico,2026-07-06 21:22:13.928000+00:00,2026-07-06 22:25:19.143000+00:00
50331153216,Cierre Ganado,Tamaulipas,Cerrado,Sin motivo especifico,2025-11-25 01:58:42.569000+00:00,2025-11-25 01:58:28.891000+00:00
50332326578,Cierre Ganado,Tamaulipas,Cerrado,Sin motivo especifico,2025-11-25 02:28:34.325000+00:00,2025-11-25 02:28:31.771000+00:00
62121935503,Cierre Perdido,Tlaxcala,Cerrado,Eligio un producto de la competencia,2026-07-06 23:07:17.103000+00:00,2026-07-10 20:47:16.705000+00:00
50435896486,Cierre Ganado,Nuevo León,Cerrado,Sin motivo especifico,2025-11-26 04:33:32.262000+00:00,2025-11-26 04:33:23.812000+00:00
62121936020,Cierre Ganado,Puebla,Cerrado,Sin motivo especifico,2026-07-06 22:40:24.694000+00:00,2026-07-07 22:40:19.739000+00:00
50454648458,Cierre Ganado,Nuevo León,Cerrado,Sin motivo especifico,2025-11-26 04:04:46.600000+00:00,2025-11-26 04:04:31.294000+00:00
50502410326,Cierre Ganado,Tamaulipas,Cerrado,Sin motivo especifico,2025-11-26 04:21:58.947000+00:00,2025-12-26 04:27:39.038000+00:00
50504376354,Cierre Ganado,Tamaulipas,Cerrado,Sin motivo especifico,2025-11-26 05:19:56.169000+00:00,2025-11-26 05:19:43.773000+00:00
50504707249,Cierre Ganado,Nuevo León,Cerrado,Sin motivo especifico,2025-11-26 05:42:19.533000+00:00,2025-11-26 05:42:09.078000+00:00
50505912719,Cierre Ganado,Nuevo León,Cerrado,Sin motivo especifico,2025-11-27 01:34:20.593000+00:00,2025-11-27 01:34:01.590000+00:00
50505913090,Cierre Ganado,Nuevo León,Cerrado,Sin motivo especifico,2025-11-27 02:15:42.905000+00:00,2025-11-27 02:15:22.688000+00:00
50513171880,Cierre Ganado,Nuevo León,Cerrado,Sin motivo especifico,2025-11-27 02:25:36.947000+00:00,2025-11-27 02:25:25.744000+00:00
50513415697,Cierre Ganado,Coahuila,Cerrado,Sin motivo especifico,2025-11-27 01:19:11.394000+00:00,2025-11-27 01:19:00.078000+00:00
50524492396,Cierre Ganado,Coahuila,Cerrado,Sin motivo especifico,2025-11-27 15:54:50.196000+00:00,2025-11-28 20:30:56.358000+00:00
50563612530,Cierre Ganado,Tamaulipas,Cerrado,Sin motivo especifico,2025-11-28 02:25:07.071000+00:00,2025-11-28 02:25:00.935000+00:00
62121942706,Ganado,Yucatán,Cerrado,Sin motivo especifico,2026-07-06 23:43:46.236000+00:00,2026-08-24 17:14:31.610000+00:00
62122003458,Cierre Ganado,Puebla,Cerrado,Sin motivo especifico,2026-07-07 15:00:15.259000+00:00,2026-07-07 18:44:39.566000+00:00
62122009123,Cierre Perdido,Puebla,Cerrado,Sin Respuesta,2026-07-07 15:43:53.661000+00:00,2026-07-28 15:51:53.432000+00:00
50713018735,Cierre Ganado,Tamaulipas,Cerrado,Sin motivo especifico,2025-12-01 17:44:20.433000+00:00,2026-02-05 15:45:11.274000+00:00
62122056336,Cierre Ganado,Puebla,Cerrado,Sin motivo especifico,2026-07-07 20:16:00.607000+00:00,2026-07-07 22:44:40.263000+00:00
50770604881,Cierre Ganado,Nuevo León,Cerrado,Sin motivo especifico,2025-12-01 18:35:13.051000+00:00,2025-11-28 18:35:03.680000+00:00
50770605466,Cierre Ganado,Coahuila,Cerrado,Sin motivo especifico,2025-12-01 18:49:56.489000+00:00,2025-11-28 18:49:50.537000+00:00
62364292239,Cierre Perdido,Puebla,Cerrado,No tiene el dinero,2026-07-08 00:04:56.972000+00:00,2026-07-23 03:02:48.075000+00:00
50770729619,Cierre Ganado,Nuevo León,Cerrado,Sin motivo especifico,2025-12-01 19:14:38.866000+00:00,2025-11-28 19:14:26.724000+00:00
62364292437,Cierre Perdido,Yucatán,Cerrado,Sin motivo especifico,2026-07-08 00:18:24.834000+00:00,2026-08-11 23:23:53.850000+00:00
50798048513,Cierre Ganado,Nuevo León,Cerrado,Sin motivo especifico,2025-12-01 19:55:53.633000+00:00,2025-11-28 19:55:39.403000+00:00
50870355219,Cierre Ganado,Coahuila,Cerrado,Sin motivo especifico,2025-12-01 22:36:29.968000+00:00,2025-12-01 22:36:14.526000+00:00
50870357292,Cierre Ganado,Tamaulipas,Cerrado,Sin motivo especifico,2025-12-02 00:55:32.091000+00:00,2025-12-02 00:55:25.640000+00:00
50870479481,Cierre Ganado,Nuevo León,Cerrado,Sin motivo especifico,2025-12-01 22:50:21.775000+00:00,2025-12-01 22:50:08.582000+00:00
50879522224,Cierre Ganado,Coahuila,Cerrado,Sin motivo especifico,2025-12-02 00:59:39.666000+00:00,2025-12-02 00:59:27.066000+00:00
50879644590,Cierre Perdido,Nuevo León,Cerrado,No tiene el dinero,2025-12-01 23:20:37.586000+00:00,2025-12-11 20:59:11.586000+00:00
51016102974,Cierre Ganado,Nuevo León,Cerrado,Sin motivo especifico,2025-12-03 00:45:47.967000+00:00,2025-12-02 00:45:43.334000+00:00
51016103024,Cierre Ganado,Coahuila,Cerrado,Sin motivo especifico,2025-12-03 00:51:21.803000+00:00,2025-12-03 00:51:17.513000+00:00
51020297656,Cierre Ganado,Nuevo León,Cerrado,Sin motivo especifico,2025-12-03 00:32:38.470000+00:00,2025-12-03 00:32:33.254000+00:00
51071019028,Cierre Ganado,Tamaulipas,Cerrado,Sin motivo especifico,2025-12-03 00:54:08.716000+00:00,2025-12-03 00:54:03.310000+00:00
51075874820,Cierre Ganado,Tamaulipas,Cerrado,Sin motivo especifico,2025-12-03 22:21:10.053000+00:00,2026-01-02 22:20:57.487000+00:00
51137532546,Cierre Ganado,Tamaulipas,Cerrado,Sin motivo especifico,2025-12-03 22:30:25.405000+00:00,2025-12-03 22:30:07.460000+00:00
51244020100,Cierre Ganado,Tamaulipas,Cerrado,Sin motivo especifico,2025-12-03 22:17:16.400000+00:00,2026-02-02 22:21:45.188000+00:00
51244053515,Cierre Ganado,Tamaulipas,Cerrado,Sin motivo especifico,2025-12-05 00:56:20.033000+00:00,2025-12-05 00:56:05.395000+00:00
51244918539,Cierre Ganado,Tamaulipas,Cerrado,Sin motivo especifico,2025-12-05 00:53:34.742000+00:00,2026-01-05 00:53:52.307000+00:00
51268281907,Cierre Ganado,Coahuila,Cerrado,Sin motivo especifico,2025-12-04 19:41:24.875000+00:00,2025-12-03 19:41:19.325000+00:00
51446630000,Cierre Ganado,Coahuila,Cerrado,Sin motivo especifico,2025-12-09 02:11:19.365000+00:00,2025-12-09 02:11:12.799000+00:00
51458584622,Cierre Ganado,Nuevo León,Cerrado,Sin motivo especifico,2025-12-09 02:03:50.935000+00:00,2025-12-09 02:03:31.519000+00:00
41561930843,Cierre Ganado,Tamaulipas,Cerrado,Sin motivo especifico,2025-08-07 16:55:40.589000+00:00,2025-08-04 16:55:30.743000+00:00
64416673911,Ganado,Puebla,Cerrado,Sin motivo especifico,2026-08-27 22:04:56.081000+00:00,2026-08-27 22:06:29.814000+00:00
41560325791,Cierre Ganado,Tamaulipas,Cerrado,Sin motivo especifico,2025-08-07 18:17:54.375000+00:00,2025-08-06 18:17:47.630000+00:00
64133356341,Ganado,Puebla,Cerrado,Sin motivo especifico,2026-08-19 00:37:16.805000+00:00,2026-08-19 00:43:28.473000+00:00
62412770644,Cierre Ganado,Puebla,Cerrado,Sin motivo especifico,2026-07-08 15:19:56.604000+00:00,2026-07-08 23:03:08.710000+00:00
51514613417,Cierre Ganado,Nuevo León,Cerrado,Sin motivo especifico,2025-12-10 02:09:29.655000+00:00,2025-12-10 02:09:10.518000+00:00
64416677292,Ganado,Puebla,Cerrado,Sin motivo especifico,2026-08-27 22:36:18.227000+00:00,2026-08-27 22:38:14.209000+00:00
62416548928,Cierre Perdido,Quintana Roo,Cerrado,Falta de producto,2026-07-08 16:53:30.030000+00:00,2026-07-27 18:03:25.525000+00:00
62423219821,Cierre Ganado,Puebla,Cerrado,Sin motivo especifico,2026-07-08 20:37:09.507000+00:00,2026-07-08 23:52:59.075000+00:00
62423223139,Cierre Ganado,Puebla,Cerrado,Sin motivo especifico,2026-07-08 20:58:25.781000+00:00,2026-07-09 20:58:20.126000+00:00
64133462122,Ganado,Puebla,Cerrado,Sin motivo especifico,2026-08-18 15:12:04.738000+00:00,2026-08-18 18:40:23.501000+00:00
64416681099,Ganado,Puebla,Cerrado,Sin motivo especifico,2026-08-27 22:08:38.235000+00:00,2026-08-27 22:11:58.562000+00:00
64133467193,Ganado,Puebla,Cerrado,Sin motivo especifico,2026-08-18 17:17:14.200000+00:00,2026-08-18 22:27:10.426000+00:00
62423224701,Cierre Ganado,Tabasco,Cerrado,Sin motivo especifico,2026-07-08 21:31:06.234000+00:00,2026-07-10 22:40:23.255000+00:00
51515198110,Cierre Ganado,Nuevo León,Cerrado,Sin motivo especifico,2025-12-10 02:05:06.932000+00:00,2025-12-10 02:05:01.541000+00:00
62423233206,Cierre Ganado,Puebla,Cerrado,Sin motivo especifico,2026-07-08 23:26:12.807000+00:00,2026-07-08 23:26:07.174000+00:00
51633544973,Cierre Ganado,Tamaulipas,Cerrado,Sin motivo especifico,2025-12-11 18:44:02.446000+00:00,2025-12-11 18:43:57.301000+00:00
51633548096,Cierre Ganado,Coahuila,Cerrado,Sin motivo especifico,2025-12-11 20:10:17.762000+00:00,2025-12-11 20:10:03.783000+00:00
51658270526,Cierre Ganado,Tamaulipas,Cerrado,Sin motivo especifico,2025-12-11 20:22:30.843000+00:00,2025-12-11 20:22:23.412000+00:00
51662055089,Cierre Ganado,Tamaulipas,Cerrado,Sin motivo especifico,2025-12-11 18:47:11.947000+00:00,2026-01-12 18:46:49.445000+00:00
51662055515,Cierre Ganado,Tamaulipas,Cerrado,Sin motivo especifico,2025-12-11 18:57:26.384000+00:00,2025-12-11 18:57:00.492000+00:00
62423238259,Cierre Perdido,Puebla,Cerrado,Falta de producto,2026-07-09 00:05:57.059000+00:00,2026-08-01 00:05:03.320000+00:00
51663154306,Cierre Ganado,Coahuila,Cerrado,Sin motivo especifico,2025-12-15 20:47:58.193000+00:00,2025-12-15 20:47:50.444000+00:00
51663154726,Cierre Ganado,Tamaulipas,Cerrado,Sin motivo especifico,2025-12-15 20:58:54.350000+00:00,2026-01-15 20:59:05.393000+00:00
51790109976,Cierre Ganado,Nuevo León,Cerrado,Sin motivo especifico,2025-12-12 17:06:55.581000+00:00,2025-12-19 17:06:34.244000+00:00
51831979892,Cierre Ganado,Tamaulipas,Cerrado,Sin motivo especifico,2025-12-15 16:18:07.625000+00:00,2025-12-31 16:17:20.495000+00:00
51926073626,Cierre Ganado,Nuevo León,Cerrado,Sin motivo especifico,2025-12-15 16:34:56.834000+00:00,2025-12-12 16:34:36.565000+00:00
51926133829,Cierre Ganado,Tamaulipas,Cerrado,Sin motivo especifico,2025-12-15 16:24:00.054000+00:00,2025-12-12 16:23:54.374000+00:00
51926145075,Cierre Ganado,Coahuila,Cerrado,Sin motivo especifico,2025-12-15 20:54:41.313000+00:00,2025-12-15 20:54:22.658000+00:00
62450974829,Cierre Ganado,Puebla,Cerrado,Sin motivo especifico,2026-07-09 16:31:45.708000+00:00,2026-07-09 18:06:50.562000+00:00
52002433044,Cierre Ganado,Tamaulipas,Cerrado,Sin motivo especifico,2025-12-17 00:22:14.329000+00:00,2025-12-17 00:22:06.489000+00:00
52003053962,Cierre Ganado,Tamaulipas,Cerrado,Sin motivo especifico,2025-12-16 23:34:58.913000+00:00,2026-01-15 23:35:15.251000+00:00
52003054160,Cierre Ganado,Tamaulipas,Cerrado,Sin motivo especifico,2025-12-16 23:48:27.790000+00:00,2025-12-16 23:48:22.980000+00:00
52003054207,Cierre Ganado,Nuevo León,Cerrado,Sin motivo especifico,2025-12-16 23:53:18.842000+00:00,2025-12-17 00:10:57.651000+00:00
52003054960,Cierre Ganado,Tamaulipas,Cerrado,Sin motivo especifico,2025-12-17 01:00:08.952000+00:00,2025-12-17 00:59:54.872000+00:00
52006481297,Cierre Ganado,Nuevo León,Cerrado,Sin motivo especifico,2025-12-17 00:32:54.142000+00:00,2025-12-17 00:32:36.161000+00:00
52031667633,Cierre Ganado,Nuevo León,Cerrado,Sin motivo especifico,2025-12-17 16:21:31.332000+00:00,2025-12-24 21:54:42.590000+00:00
52036079730,Cierre Ganado,Coahuila,Cerrado,Sin motivo especifico,2025-12-17 19:50:48.964000+00:00,2025-12-31 19:49:51.878000+00:00
52038190131,Cierre Ganado,Coahuila,Cerrado,Sin motivo especifico,2025-12-17 19:48:52.934000+00:00,2025-12-16 19:48:35.624000+00:00
52983760717,Cierre Ganado,Tamaulipas,Cerrado,Sin motivo especifico,2026-01-01 21:42:29.864000+00:00,2025-12-31 21:42:31.391000+00:00
52994173049,Cierre Ganado,Nuevo León,Cerrado,Sin motivo especifico,2026-01-01 21:51:46.522000+00:00,2025-12-22 21:51:52.990000+00:00
53265175067,Cierre Ganado,Coahuila,Cerrado,Sin motivo especifico,2026-01-06 22:19:08.893000+00:00,2026-01-06 22:18:47.716000+00:00
53266026401,Cierre Perdido,Coahuila,Cerrado,No tiene el dinero,2026-01-05 16:40:02.617000+00:00,2026-03-02 16:01:52.599000+00:00
53267596844,Cierre Ganado,Tamaulipas,Cerrado,Sin motivo especifico,2026-01-05 18:55:56.764000+00:00,2026-01-06 19:09:44.100000+00:00
53278505315,Cierre Ganado,Tamaulipas,Cerrado,Sin motivo especifico,2026-01-05 22:38:35.538000+00:00,2026-02-05 22:38:33.480000+00:00
62453372046,Cierre Ganado,Puebla,Cerrado,Sin motivo especifico,2026-07-09 19:20:02.746000+00:00,2026-07-14 23:02:03.048000+00:00
53347729778,Cierre Ganado,Tamaulipas,Cerrado,Sin motivo especifico,2026-01-06 19:34:23.855000+00:00,2026-01-06 19:34:10.368000+00:00
53348354872,Cierre Ganado,Coahuila,Cerrado,Sin motivo especifico,2026-01-06 20:27:00.217000+00:00,2026-01-06 23:03:56.766000+00:00
62455764921,Cierre Perdido,Yucatán,Cerrado,Sin motivo especifico,2026-07-09 22:01:01.708000+00:00,2026-07-27 18:03:37.456000+00:00
41559859478,Cierre Ganado,Tamaulipas,Cerrado,Sin motivo especifico,2025-08-07 18:04:06.046000+00:00,2025-08-06 18:03:59.045000+00:00
41559855733,Cierre Ganado,Tamaulipas,Cerrado,Sin motivo especifico,2025-08-07 17:33:41.014000+00:00,2025-08-05 17:33:35.069000+00:00
62455770778,Ganado,Yucatán,Cerrado,Sin motivo especifico,2026-07-09 23:48:37.330000+00:00,2026-08-28 00:08:17.237000+00:00
62458172969,Cierre Ganado,Puebla,Cerrado,Sin motivo especifico,2026-07-09 23:22:52.961000+00:00,2026-07-10 00:16:10.340000+00:00
53354592059,Cierre Ganado,Tamaulipas,Cerrado,Sin motivo especifico,2026-01-06 20:45:32.969000+00:00,2026-01-06 23:03:53.227000+00:00
53356508696,Cierre Ganado,Tamaulipas,Cerrado,Sin motivo especifico,2026-01-06 23:10:30.854000+00:00,2026-01-06 23:10:24.426000+00:00
53394285192,Cierre Ganado,Tamaulipas,Cerrado,Sin motivo especifico,2026-01-07 19:43:20.247000+00:00,2026-01-07 19:43:07.622000+00:00
53451353381,Cierre Ganado,Tamaulipas,Cerrado,Sin motivo especifico,2026-01-08 23:08:15.624000+00:00,2026-01-08 23:08:10.379000+00:00
53466481797,Cierre Ganado,Tamaulipas,Cerrado,Sin motivo especifico,2026-01-08 23:23:28.131000+00:00,2026-01-08 23:23:21.579000+00:00
53495392810,Cierre Ganado,Tamaulipas,Cerrado,Sin motivo especifico,2026-01-09 18:02:03.595000+00:00,2026-01-13 16:25:10.480000+00:00
53495395189,Cierre Perdido,Tamaulipas,Cerrado,No tiene el dinero,2026-01-09 19:03:48.115000+00:00,2026-02-06 16:05:30.869000+00:00
53500296580,Cierre Ganado,Tamaulipas,Cerrado,Sin motivo especifico,2026-01-09 19:14:37.579000+00:00,2026-02-09 23:27:29.345000+00:00
53500351881,Cierre Perdido,Tamaulipas,Cerrado,Falta de producto,2026-01-09 16:25:52.801000+00:00,2026-01-09 18:08:21.272000+00:00
53500414598,Cierre Ganado,Coahuila,Cerrado,Sin motivo especifico,2026-01-09 16:42:39.272000+00:00,2026-01-08 16:42:34.314000+00:00
53550363274,Cierre Ganado,Coahuila,Cerrado,Sin motivo especifico,2026-01-09 23:25:09.525000+00:00,2026-01-09 23:21:47.288000+00:00
53696143019,Cierre Ganado,Tamaulipas,Cerrado,Sin motivo especifico,2026-01-13 18:31:27.905000+00:00,2026-01-13 22:45:09.598000+00:00
53696877410,Cierre Ganado,Coahuila,Cerrado,Sin motivo especifico,2026-01-13 18:53:23.792000+00:00,2026-01-14 18:53:12.504000+00:00
53697291670,Cierre Perdido,Nuevo León,Cerrado,No tiene el dinero,2026-01-13 16:11:12.094000+00:00,2026-01-16 20:50:49.886000+00:00
53697298712,Cierre Perdido,Nuevo León,Cerrado,No tiene el dinero,2026-01-13 18:38:11.389000+00:00,2026-02-05 19:49:23.732000+00:00
53697308600,Cierre Ganado,Coahuila,Cerrado,Sin motivo especifico,2026-01-13 22:42:08.938000+00:00,2026-01-12 22:42:02.290000+00:00
53751940693,Cierre Perdido,Nuevo León,Cerrado,No tiene el dinero,2026-01-13 22:31:16.271000+00:00,2026-01-15 00:26:53.955000+00:00
53821907526,Cierre Perdido,Nuevo León,Cerrado,No tiene el dinero,2026-01-15 00:38:36.163000+00:00,2026-02-03 16:04:13.183000+00:00
53886912365,Cierre Perdido,Tamaulipas,Cerrado,No tiene el dinero,2026-01-14 21:53:15.286000+00:00,2026-02-09 16:10:54.420000+00:00
53886976080,Cierre Perdido,Nuevo León,Cerrado,No tiene el dinero,2026-01-14 23:13:14.729000+00:00,2026-01-19 16:06:09.963000+00:00
53945816752,Cierre Ganado,Coahuila,Cerrado,Sin motivo especifico,2026-01-14 22:01:04.954000+00:00,2026-01-20 19:12:03.065000+00:00
53946454698,Cierre Ganado,Nuevo León,Cerrado,Sin motivo especifico,2026-01-15 15:53:24.531000+00:00,2026-01-15 15:53:10.302000+00:00
53998918806,Cierre Ganado,Tamaulipas,Cerrado,Sin motivo especifico,2026-01-15 17:30:50.739000+00:00,2026-01-15 17:30:14.192000+00:00
53999170400,Cierre Ganado,Nuevo León,Cerrado,Sin motivo especifico,2026-01-15 19:56:06.895000+00:00,2026-01-15 20:50:44.325000+00:00
53999177399,Cierre Ganado,Nuevo León,Cerrado,Sin motivo especifico,2026-01-15 23:16:51.166000+00:00,2026-01-15 23:38:11.642000+00:00
54010470183,Cierre Ganado,Coahuila,Cerrado,Sin motivo especifico,2026-01-15 15:44:14.573000+00:00,2026-01-14 15:44:08.418000+00:00
54050138740,Cierre Ganado,Tamaulipas,Cerrado,Sin motivo especifico,2026-01-16 21:21:27.015000+00:00,2026-01-19 20:17:47.623000+00:00
54078684422,Cierre Ganado,Tamaulipas,Cerrado,Sin motivo especifico,2026-01-17 00:21:15.987000+00:00,2026-01-17 00:34:52.887000+00:00
54078718626,Cierre Perdido,Nuevo León,Cerrado,Falta de producto,2026-01-19 16:33:18.685000+00:00,2026-01-19 16:33:13.350000+00:00
54078732641,Cierre Ganado,Coahuila,Cerrado,Sin motivo especifico,2026-01-19 23:24:06.174000+00:00,2026-01-19 23:53:00.959000+00:00
54078733343,Cierre Ganado,Coahuila,Cerrado,Sin motivo especifico,2026-01-20 00:05:08.610000+00:00,2026-01-21 18:37:55.895000+00:00
54101228712,Cierre Ganado,Tamaulipas,Cerrado,Sin motivo especifico,2026-01-16 20:54:00.145000+00:00,2026-01-16 23:49:27.075000+00:00
54101231694,Cierre Ganado,Tamaulipas,Cerrado,Sin motivo especifico,2026-01-16 22:37:27.072000+00:00,2026-01-16 23:29:44.677000+00:00
62458174480,Cierre Perdido,Puebla,Cerrado,No tiene el dinero,2026-07-10 00:56:24.225000+00:00,2026-07-23 03:33:56.393000+00:00
62460580697,Cierre Ganado,Puebla,Cerrado,Sin motivo especifico,2026-07-10 00:50:02.850000+00:00,2026-07-21 22:48:14.673000+00:00
62460687773,Cierre Perdido,sin estado,Cerrado,Sin motivo especifico,2026-07-10 00:56:28.655000+00:00,2026-07-29 23:53:15.334000+00:00
62485443136,Cierre Ganado,Puebla,Cerrado,Sin motivo especifico,2026-07-10 15:45:49.518000+00:00,2026-07-10 20:46:55.148000+00:00
62489846874,Cierre Ganado,Puebla,Cerrado,Sin motivo especifico,2026-07-10 17:15:01.827000+00:00,2026-07-10 17:14:57.028000+00:00
62489851472,Cierre Ganado,Yucatán,Cerrado,Sin motivo especifico,2026-07-10 17:24:19.888000+00:00,2026-07-27 18:02:59+00:00
62489858328,Cierre Ganado,Puebla,Cerrado,Sin motivo especifico,2026-07-10 17:23:41.142000+00:00,2026-07-10 20:43:12.043000+00:00
62489862286,Cierre Ganado,Puebla,Cerrado,Sin motivo especifico,2026-07-10 17:46:41.558000+00:00,2026-07-10 20:42:59.913000+00:00
62489873419,Cierre Ganado,Ciudad De México,Cerrado,Sin motivo especifico,2026-07-10 19:10:43.283000+00:00,2026-07-10 22:40:09.032000+00:00
64419769152,Perdido,Veracruz,Cerrado,Sin interés detectado,2026-08-27 22:57:16.871000+00:00,2026-08-31 16:04:02.154000+00:00
62616657244,Cierre Ganado,Puebla,Cerrado,Sin motivo especifico,2026-07-13 15:51:29.723000+00:00,2026-07-13 22:50:48.860000+00:00
64434423595,Perdido,Veracruz,Cerrado,Sin interés detectado,2026-08-31 15:33:44.858000+00:00,2026-08-31 16:08:28.222000+00:00
41559850330,Cierre Ganado,Tamaulipas,Cerrado,Sin motivo especifico,2025-08-07 16:31:43.303000+00:00,2025-08-01 16:31:35.329000+00:00
64627514277,Lead,Yucatán,Abierto,Sin motivo especifico,2026-09-03 23:56:33.338000+00:00,2026-09-30 23:56:25.023000+00:00
64133975220,Ganado,Puebla,Cerrado,Sin motivo especifico,2026-08-18 21:49:08.679000+00:00,2026-08-21 00:09:36.589000+00:00
41514272348,Cierre Ganado,Coahuila,Cerrado,Sin motivo especifico,2025-08-07 00:44:32.833000+00:00,2025-08-19 22:58:27.376000+00:00
64136492608,Calificado Para Comprar,sin estado,Abierto,Sin motivo especifico,,
64143662748,Calificado Para Comprar,sin estado,Abierto,Sin motivo especifico,,
64143691853,Calificado Para Comprar,sin estado,Abierto,Sin motivo especifico,,
64147385374,Calificado Para Comprar,sin estado,Abierto,Sin motivo especifico,,
64151436961,Calificado Para Comprar,sin estado,Abierto,Sin motivo especifico,,
62622452481,Cierre Ganado,Puebla,Cerrado,Sin motivo especifico,2026-07-13 20:13:27.463000+00:00,2026-07-14 20:12:10.338000+00:00
62622465209,Cierre Ganado,Tlaxcala,Cerrado,Sin motivo especifico,2026-07-13 20:28:08.538000+00:00,2026-07-23 03:11:16.538000+00:00
64435013146,Ganado,Puebla,Cerrado,Sin motivo especifico,2026-08-29 15:37:53.651000+00:00,2026-08-29 15:40:36.724000+00:00
64166907929,Calificado Para Comprar,sin estado,Abierto,Sin motivo especifico,,
62622480936,Cierre Ganado,Veracruz,Cerrado,Sin motivo especifico,2026-07-13 21:23:47.630000+00:00,2026-07-27 17:21:49.997000+00:00
64175142982,Negociación,Puebla,Abierto,Sin motivo especifico,2026-08-19 19:20:57.127000+00:00,2026-09-15 19:20:37.600000+00:00
64175144236,Ganado,Puebla,Cerrado,Sin motivo especifico,2026-08-19 19:49:41.038000+00:00,2026-08-19 20:37:16.656000+00:00
54267210394,Cierre Ganado,Tamaulipas,Cerrado,Sin motivo especifico,2026-01-20 20:21:01.566000+00:00,2026-01-20 20:20:44.740000+00:00
54319516515,Cierre Perdido,Tamaulipas,Cerrado,No tiene el dinero,2026-01-21 18:42:36.745000+00:00,2026-02-09 17:54:55.881000+00:00
54421044405,Cierre Ganado,Tamaulipas,Cerrado,Sin motivo especifico,2026-01-23 20:11:04.715000+00:00,2026-01-23 20:10:38.370000+00:00
64175150850,Perdido,Quintana Roo,Cerrado,Eligio un producto de la competencia,2026-08-19 23:27:14.455000+00:00,2026-08-24 20:28:05.350000+00:00
64175175442,Ganado,Hidalgo,Cerrado,Sin motivo especifico,2026-08-20 17:45:35.956000+00:00,2026-08-21 18:59:03.435000+00:00
62622500003,Cierre Perdido,Quintana Roo,Cerrado,No tiene el dinero,2026-07-13 23:36:05.829000+00:00,2026-07-29 16:07:31.251000+00:00
62622504568,Negociación,Puebla,Abierto,No tiene el dinero,2026-07-14 00:32:56.726000+00:00,2026-09-18 20:57:46.039000+00:00
64175202686,Ganado,Veracruz,Cerrado,Sin motivo especifico,2026-08-19 18:41:24.901000+00:00,2026-08-24 15:45:38.482000+00:00
64175203673,Ganado,Veracruz,Cerrado,Sin motivo especifico,2026-08-19 19:04:30.587000+00:00,2026-08-24 15:45:57.772000+00:00
62622510761,Cierre Ganado,Puebla,Cerrado,Sin motivo especifico,2026-07-13 22:19:23.560000+00:00,2026-07-27 22:47:55.334000+00:00
42228300635,Cierre Ganado,Coahuila,Cerrado,Sin motivo especifico,2025-08-15 15:24:13.734000+00:00,2025-08-11 15:24:07.838000+00:00
62622516064,Cierre Perdido,Quintana Roo,Cerrado,No tiene el dinero,2026-07-13 23:31:24.899000+00:00,2026-07-29 15:50:13.475000+00:00
62636866744,Cierre Ganado,Puebla,Cerrado,Sin motivo especifico,2026-07-14 15:50:49.128000+00:00,2026-07-14 20:11:27.621000+00:00
62639572914,Cierre Perdido,Puebla,Cerrado,Falta de producto,2026-07-14 19:45:23.492000+00:00,2026-07-14 19:45:10.133000+00:00
54740003754,Cierre Perdido,Nuevo León,Cerrado,No tiene el dinero,2026-01-27 20:38:43.217000+00:00,2026-03-12 00:32:58.874000+00:00
62639574159,Cierre Ganado,Puebla,Cerrado,Sin motivo especifico,2026-07-14 20:14:51.280000+00:00,2026-07-21 01:03:38.806000+00:00
54956690733,Cierre Ganado,Tamaulipas,Cerrado,Sin motivo especifico,2026-01-29 00:56:11.676000+00:00,2026-02-01 00:54:12.977000+00:00
54956754047,Cierre Ganado,Tamaulipas,Cerrado,Sin motivo especifico,2026-01-29 03:47:04.366000+00:00,2026-01-29 03:46:44.710000+00:00
54956815257,Cierre Ganado,Tamaulipas,Cerrado,Sin motivo especifico,2026-01-29 03:41:06.134000+00:00,2026-01-28 03:40:48.714000+00:00
54956870766,Cierre Perdido,Coahuila,Cerrado,No tiene el dinero,2026-01-28 21:36:16.560000+00:00,2026-02-10 17:31:30.357000+00:00
55307884183,Cierre Ganado,Nuevo León,Cerrado,Sin motivo especifico,2026-02-03 16:22:36.064000+00:00,2026-01-30 16:22:32.425000+00:00
55307884618,Cierre Ganado,Coahuila,Cerrado,Sin motivo especifico,2026-02-03 16:29:48.561000+00:00,2026-01-29 16:29:38.970000+00:00
55433800238,Cierre Ganado,Nuevo León,Cerrado,Sin motivo especifico,2026-02-03 15:37:47.262000+00:00,2027-02-03 19:21:38.323000+00:00
55433801320,Cierre Ganado,Tamaulipas,Cerrado,Sin motivo especifico,2026-02-03 15:58:38.229000+00:00,2026-01-30 15:58:28.093000+00:00
55433802124,Cierre Ganado,Tamaulipas,Cerrado,Sin motivo especifico,2026-02-03 16:15:17.742000+00:00,2026-01-29 16:15:12.885000+00:00
59728310948,Cierre Perdido,Michoacán,Cerrado,No tiene el dinero,2026-04-28 23:16:44.880000+00:00,2026-07-22 17:12:02.709000+00:00
60895980703,Cierre Perdido,Jalisco,Cerrado,Falta de producto,2026-06-05 18:11:58.645000+00:00,2026-07-20 18:32:04.664000+00:00
62929675656,Cierre Perdido,Sonora,Cerrado,No tiene el dinero,2026-07-21 16:42:17.139000+00:00,2026-08-07 15:20:47.205000+00:00
58295432778,Cierre Perdido,Michoacán,Cerrado,Falta de producto,2026-03-25 17:43:11.390000+00:00,2026-07-23 19:23:31.134000+00:00
58295310637,Cierre Perdido,Guerrero,Cerrado,No tiene el dinero,2026-03-25 18:02:27.298000+00:00,2026-07-23 18:39:50.290000+00:00
58295153019,Cierre Perdido,Oaxaca,Cerrado,No tiene el dinero,2026-03-25 15:35:48.900000+00:00,2026-08-01 00:31:56.820000+00:00
64175491609,Negociación,Michoacán,Abierto,Sin motivo especifico,2026-08-21 01:42:41.799000+00:00,2026-09-01 01:41:24.299000+00:00
64333696530,Cotización,Jalisco,Abierto,Sin motivo especifico,2026-08-26 22:16:02.353000+00:00,2026-08-31 22:12:49.118000+00:00
64627578170,Contactado,Durango,Abierto,Sin motivo especifico,2026-09-03 23:39:59.793000+00:00,2026-09-30 23:39:49.926000+00:00
64175486606,Perdido,Jalisco,Cerrado,No tiene el dinero,2026-08-20 20:45:04.657000+00:00,2026-08-26 22:02:51.077000+00:00
64577082978,Negociación,Sinaloa,Abierto,Sin motivo especifico,2026-09-02 22:46:24.338000+00:00,2026-09-30 22:43:47.078000+00:00
62853281915,Cierre Ganado,Jalisco,Cerrado,Sin motivo especifico,2026-07-20 17:51:20.141000+00:00,2026-07-20 17:52:47.994000+00:00
62853281606,Cierre Ganado,Jalisco,Cerrado,Sin motivo especifico,2026-07-20 17:41:30.627000+00:00,2026-07-14 17:42:23.264000+00:00
64519484734,Cotización,Michoacán,Abierto,Sin motivo especifico,2026-08-31 21:34:37.497000+00:00,2026-08-31 21:33:15.401000+00:00
61749836837,Cierre Perdido,Chiapas,Cerrado,Sin Respuesta,2026-06-29 16:21:33.101000+00:00,2026-08-01 00:44:25.381000+00:00
64175434530,Necesidad Descubierta,Michoacán,Abierto,Sin motivo especifico,2026-08-21 02:17:42.476000+00:00,2026-09-01 02:16:07.669000+00:00
63361128731,Ganado,Michoacán,Cerrado,Sin motivo especifico,2026-07-31 22:04:25.966000+00:00,2026-08-03 17:03:07.709000+00:00
63834614573,Negociación,Jalisco,Abierto,Sin motivo especifico,2026-08-13 14:48:25.024000+00:00,2026-08-31 14:47:36.167000+00:00
64175433593,Ganado,Michoacán,Cerrado,Sin motivo especifico,2026-08-21 00:54:56.464000+00:00,2026-08-26 02:21:17.473000+00:00
45002202790,Cierre Ganado,Jalisco,Cerrado,Sin motivo especifico,2025-09-30 22:54:37.541000+00:00,2025-09-30 22:56:24.183000+00:00
59728244740,Cierre Perdido,Guerrero,Cerrado,Falta de producto,2026-04-28 22:55:22.641000+00:00,2026-07-22 19:52:54.320000+00:00
62852808478,Cierre Ganado,Jalisco,Cerrado,Sin motivo especifico,2026-07-20 16:48:54.227000+00:00,2026-06-16 17:02:02.230000+00:00
45002202661,Cierre Ganado,Jalisco,Cerrado,Sin motivo especifico,2025-09-30 22:43:38.198000+00:00,2025-09-30 22:51:38.444000+00:00
62852803195,Cierre Ganado,Jalisco,Cerrado,Sin motivo especifico,2026-07-20 17:21:10.988000+00:00,2026-07-03 17:39:11.387000+00:00
62852801667,Cierre Ganado,Nayarit,Cerrado,Sin motivo especifico,2026-07-20 17:00:39.391000+00:00,2026-07-01 17:09:31.502000+00:00
59728244135,Cierre Perdido,Guerrero,Cerrado,Falta de producto,2026-04-28 22:25:20.867000+00:00,2026-07-22 20:22:57.574000+00:00
51926049083,Cierre Ganado,Jalisco,Cerrado,Sin motivo especifico,2025-12-16 18:39:19.284000+00:00,2025-12-16 18:40:44.260000+00:00
64133398454,Perdido,Jalisco,Cerrado,No tiene el dinero,2026-08-18 14:29:44.151000+00:00,2026-08-26 22:03:01.355000+00:00
59728243886,Cierre Perdido,Michoacán,Cerrado,No tiene el dinero,2026-04-28 22:12:48.700000+00:00,2026-07-22 22:56:14.521000+00:00
63436287258,Cierre Ganado,Durango,Cerrado,Sin motivo especifico,2026-08-04 00:26:55.974000+00:00,2026-08-06 15:45:51.102000+00:00
64133398426,Perdido,Jalisco,Cerrado,Sin Respuesta,2026-08-18 14:28:58.759000+00:00,2026-08-21 17:11:25.001000+00:00
59728183426,Cierre Perdido,Michoacán,Cerrado,No tiene el dinero,2026-04-28 22:06:39.854000+00:00,2026-07-22 22:57:45.226000+00:00
57830188303,Cierre Ganado,Jalisco,Cerrado,Sin motivo especifico,2026-03-09 16:30:27.860000+00:00,2026-03-09 16:31:07.737000+00:00
64292995172,Contactado,Durango,Abierto,Sin motivo especifico,,
59728061735,Cierre Perdido,Michoacán,Cerrado,Falta de producto,2026-04-28 21:58:54.171000+00:00,2026-07-22 22:59:30.241000+00:00
61625565617,Cierre Perdido,Guerrero,Cerrado,Sin Respuesta,2026-06-26 00:30:24.070000+00:00,2026-07-28 17:02:21.657000+00:00
45967856222,Cierre Ganado,Michoacán,Cerrado,Sin motivo especifico,2025-10-14 18:16:15.870000+00:00,2025-10-31 18:02:28.137000+00:00
64382737563,Ganado,Jalisco,Cerrado,Sin motivo especifico,2026-08-27 16:44:00.153000+00:00,2026-09-03 18:53:55.439000+00:00
63327485028,Ganado,Oaxaca,Cerrado,Sin motivo especifico,2026-07-31 16:34:56.183000+00:00,2026-08-13 23:00:48.067000+00:00
62412771999,Cierre Ganado,Michoacán,Cerrado,Sin motivo especifico,2026-07-08 15:31:47.544000+00:00,2026-07-10 19:40:22.550000+00:00
64576202815,Contactado,Sinaloa,Abierto,Sin motivo especifico,2026-09-02 18:47:51.491000+00:00,2026-09-30 18:47:34.939000+00:00
57669000742,Cierre Perdido,Guerrero,Cerrado,Falta de producto,2026-03-06 19:43:50.934000+00:00,2026-07-23 18:42:56.052000+00:00
45932813856,Cierre Perdido,Jalisco,Cerrado,Falta de producto,2025-10-13 21:55:27.701000+00:00,2025-11-03 11:56:43.334000+00:00
64175189574,Negociación,Michoacán,Abierto,Sin motivo especifico,2026-08-21 02:10:43.780000+00:00,2026-09-01 02:09:45.734000+00:00
64633615686,Lead,Durango,Abierto,Sin motivo especifico,,
61625378225,Cierre Perdido,Guerrero,Cerrado,No tiene el dinero,2026-06-26 00:19:14.055000+00:00,2026-07-23 23:09:07.695000+00:00
62494469032,Cierre Ganado,Guerrero,Cerrado,Sin motivo especifico,2026-07-10 19:46:08.168000+00:00,2026-07-13 17:00:56.355000+00:00
64419769888,Ganado,Oaxaca,Cerrado,Sin motivo especifico,2026-08-27 23:45:31.299000+00:00,2026-09-03 23:47:35.880000+00:00
57451847830,Cierre Perdido,Guerrero,Cerrado,No tiene el dinero,2026-03-03 15:43:14.437000+00:00,2026-07-23 19:28:46.444000+00:00
62750639375,Cierre Ganado,Michoacán,Cerrado,Sin motivo especifico,2026-07-16 22:43:36.005000+00:00,2026-07-17 00:39:16.934000+00:00
62750638888,Cierre Ganado,Michoacán,Cerrado,Sin motivo especifico,2026-07-16 22:19:02.904000+00:00,2026-07-17 23:26:34.551000+00:00
57396841548,Cierre Perdido,Michoacán,Cerrado,No tiene el dinero,2026-03-02 21:28:06.481000+00:00,2026-07-23 19:33:27.822000+00:00
57200913551,Cierre Perdido,Guerrero,Cerrado,No tiene el dinero,2026-02-27 22:13:05.537000+00:00,2026-07-23 19:41:31.831000+00:00
57200913046,Cierre Perdido,Guerrero,Cerrado,No tiene el dinero,2026-02-27 21:55:17.120000+00:00,2026-07-23 19:48:38.285000+00:00
64055959581,Perdido,sin estado,Cerrado,No tiene el dinero,2026-08-17 19:01:50.319000+00:00,2026-09-03 18:54:07.256000+00:00
57200790339,Cierre Perdido,Guerrero,Cerrado,No tiene el dinero,2026-02-27 22:25:01.240000+00:00,2026-07-23 19:37:27.830000+00:00
57200736300,Cierre Perdido,Michoacán,Cerrado,No tiene el dinero,2026-02-27 22:03:11.022000+00:00,2026-07-23 19:45:48.935000+00:00
51830001955,Cierre Ganado,Jalisco,Cerrado,Sin motivo especifico,2025-12-16 19:45:37.850000+00:00,2025-12-16 22:54:15.397000+00:00
57200727586,Cierre Perdido,Michoacán,Cerrado,Falta de producto,2026-02-27 18:12:37.142000+00:00,2026-07-22 00:26:15.753000+00:00
63222781451,Ganado,Oaxaca,Cerrado,Sin motivo especifico,2026-07-29 15:41:05.872000+00:00,2026-07-29 22:02:39.888000+00:00
60984770898,Cierre Perdido,Jalisco,Cerrado,Eligio un producto de la competencia,2026-06-09 16:48:18.994000+00:00,2026-07-08 23:49:32.289000+00:00
57200727201,Cierre Perdido,Michoacán,Cerrado,No tiene el dinero,2026-02-27 18:04:46.109000+00:00,2026-07-23 19:07:13.606000+00:00
51987880533,Cierre Ganado,Jalisco,Cerrado,Sin motivo especifico,2025-12-16 18:32:40.240000+00:00,2025-12-16 18:33:12.679000+00:00
57200678237,Cierre Perdido,Guerrero,Cerrado,Falta de producto,2026-02-27 17:54:58.484000+00:00,2026-07-23 19:26:50.610000+00:00
57178126362,Cierre Perdido,Guerrero,Cerrado,No tiene el dinero,2026-02-27 21:50:23.750000+00:00,2026-07-23 19:51:32.227000+00:00
57177744187,Cierre Perdido,Michoacán,Cerrado,Falta de producto,2026-02-27 18:19:43.783000+00:00,2026-07-23 18:45:23.401000+00:00
57177743755,Cierre Perdido,Guerrero,Cerrado,No tiene el dinero,2026-02-27 18:09:39.066000+00:00,2026-07-22 15:51:56.927000+00:00
64338387554,Cotización,Jalisco,Abierto,Sin motivo especifico,2026-08-26 21:01:03.937000+00:00,2026-08-31 20:57:32.117000+00:00
51830001590,Cierre Ganado,sin estado,Cerrado,Sin motivo especifico,2025-12-16 19:37:55.561000+00:00,2025-12-16 19:41:33.487000+00:00
51926108236,Cierre Perdido,Jalisco,Cerrado,No paso su credito,2025-12-16 17:56:47.843000+00:00,2025-12-16 17:58:37.954000+00:00
57177743415,Cierre Perdido,Michoacán,Cerrado,Falta de producto,2026-02-27 17:59:46.905000+00:00,2026-07-23 18:46:21.361000+00:00
61024612242,Cierre Perdido,Chiapas,Cerrado,No paso su credito,2026-06-09 19:29:12.822000+00:00,2026-07-07 15:42:04.225000+00:00
51987881225,Cierre Ganado,Jalisco,Cerrado,Sin motivo especifico,2025-12-16 18:49:50.976000+00:00,2025-12-16 18:51:28.222000+00:00
64056086155,Perdido,Guerrero,Cerrado,No tiene el dinero,2026-08-18 02:13:37.471000+00:00,2026-08-21 01:30:46.440000+00:00
57100460129,Cierre Ganado,Michoacán,Cerrado,Sin motivo especifico,2026-02-27 18:07:08.467000+00:00,2026-03-05 00:57:11.867000+00:00
64576944158,Contactado,Durango,Abierto,Sin motivo especifico,2026-09-02 15:24:30.682000+00:00,2026-09-30 15:24:24.512000+00:00
64133521684,Perdido,Jalisco,Cerrado,Sin Respuesta,2026-08-18 14:28:12.074000+00:00,2026-08-21 17:11:38.227000+00:00
63222353716,Ganado,Michoacán,Cerrado,Sin motivo especifico,2026-07-29 16:04:03.903000+00:00,2026-07-31 16:32:13.178000+00:00
61917183794,Cierre Ganado,Guerrero,Cerrado,Sin motivo especifico,2026-06-30 21:57:45.518000+00:00,2026-06-30 21:55:28.371000+00:00
61873073305,Cierre Perdido,Guerrero,Cerrado,No tiene el dinero,2026-06-30 22:59:43.941000+00:00,2026-07-23 22:46:43.042000+00:00
57100215629,Cierre Perdido,Guerrero,Cerrado,Falta de producto,2026-02-27 17:58:49.433000+00:00,2026-07-23 19:13:59.296000+00:00
59418527558,Cierre Perdido,Michoacán,Cerrado,Falta de producto,2026-04-22 00:56:32.756000+00:00,2026-07-23 19:05:47.526000+00:00
52002334053,Cierre Ganado,Jalisco,Cerrado,Sin motivo especifico,2025-12-16 23:12:03.201000+00:00,2025-12-16 23:14:08.769000+00:00
52002371504,Cierre Ganado,Jalisco,Cerrado,Sin motivo especifico,2025-12-16 18:10:02.217000+00:00,2025-12-16 18:10:35.136000+00:00
52002371643,Cierre Ganado,Jalisco,Cerrado,Sin motivo especifico,2025-12-16 18:13:19.725000+00:00,2025-12-16 18:14:23.126000+00:00
57100215388,Cierre Perdido,Michoacán,Cerrado,No tiene el dinero,2026-02-27 17:52:37.172000+00:00,2026-07-23 19:18:22.769000+00:00
64175385360,Cotización,Jalisco,Abierto,Sin motivo especifico,2026-08-19 17:22:22.923000+00:00,2026-08-31 17:20:54.577000+00:00
52002381860,Cierre Ganado,Nayarit,Cerrado,Sin motivo especifico,2025-12-16 23:39:21.933000+00:00,2025-12-16 23:41:21.946000+00:00
64414913208,Contactado,Sinaloa,Abierto,Sin motivo especifico,,
61024863151,Cierre Ganado,Jalisco,Cerrado,Sin motivo especifico,2026-06-10 18:45:39.088000+00:00,2026-06-15 18:59:05.935000+00:00
61024866651,Cierre Perdido,Oaxaca,Cerrado,Sin interés detectado,2026-06-10 18:13:02.951000+00:00,2026-08-03 17:09:46.919000+00:00
61024872448,Cierre Ganado,Nayarit,Cerrado,Sin motivo especifico,2026-06-10 18:35:10.542000+00:00,2026-06-10 22:18:02.842000+00:00
61024887409,Cierre Perdido,Michoacán,Cerrado,Sin Respuesta,2026-06-10 19:46:31.140000+00:00,2026-08-03 17:06:10.997000+00:00
52002432430,Cierre Ganado,Jalisco,Cerrado,Sin motivo especifico,2025-12-16 23:35:00.120000+00:00,2025-12-16 23:35:46.230000+00:00
64175172124,Cotización,Jalisco,Abierto,Sin motivo especifico,2026-08-20 16:33:07.483000+00:00,2026-08-31 16:31:40.479000+00:00
64576263770,Lead,Jalisco,Abierto,Sin motivo especifico,2026-09-02 18:46:52.834000+00:00,2026-09-30 18:46:26.380000+00:00
61917185596,Cierre Ganado,Oaxaca,Cerrado,Sin motivo especifico,2026-06-30 23:21:21.650000+00:00,2026-06-04 18:31:34.469000+00:00
61024936314,Cierre Ganado,Jalisco,Cerrado,Sin motivo especifico,2026-06-10 22:18:58.307000+00:00,2026-06-11 19:25:36.258000+00:00
57093655059,Cierre Perdido,Guerrero,Cerrado,No tiene el dinero,2026-02-27 17:56:57.680000+00:00,2026-07-23 19:17:21.941000+00:00
61024946798,Cierre Perdido,Guerrero,Cerrado,Sin Respuesta,2026-06-11 00:18:41.758000+00:00,2026-08-03 17:07:17.778000+00:00
61024967766,Cierre Ganado,Oaxaca,Cerrado,Sin motivo especifico,2026-06-10 23:26:06.607000+00:00,2026-06-11 00:01:30.780000+00:00
57093539985,Cierre Perdido,Guerrero,Cerrado,Falta de producto,2026-02-27 21:53:47.209000+00:00,2026-07-23 19:49:55.150000+00:00
63866205838,Perdido,Michoacán,Cerrado,Sin Respuesta,2026-08-14 15:15:36.072000+00:00,2026-08-19 15:03:19.398000+00:00
62706560074,Cierre Ganado,Jalisco,Cerrado,Sin motivo especifico,2026-07-17 17:00:52.709000+00:00,2026-07-20 17:54:12.237000+00:00
51830000291,Cierre Ganado,Jalisco,Cerrado,Sin motivo especifico,2025-12-16 19:03:10.114000+00:00,2025-12-16 19:04:51.557000+00:00
64288632596,Perdido,Sinaloa,Cerrado,Sin Respuesta,2026-08-24 22:07:58.172000+00:00,2026-09-02 20:01:12.219000+00:00
59369537147,Cierre Perdido,Michoacán,Cerrado,No tiene el dinero,2026-04-20 19:48:36.654000+00:00,2026-07-23 19:03:05.931000+00:00
56896808250,Cierre Perdido,Guerrero,Cerrado,No tiene el dinero,2026-02-23 22:23:19.837000+00:00,2026-07-23 23:10:38.528000+00:00
54166970645,Cierre Perdido,Jalisco,Cerrado,No tiene el dinero,2026-01-20 18:17:26.934000+00:00,2026-04-02 19:41:56.909000+00:00
59369468202,Cierre Perdido,Guerrero,Cerrado,No tiene el dinero,2026-04-20 16:57:16.029000+00:00,2026-07-22 23:00:53.810000+00:00
56709640579,Cierre Perdido,Guerrero,Cerrado,No tiene el dinero,2026-02-20 22:03:46.783000+00:00,2026-07-23 23:12:38.140000+00:00
62704645974,Cierre Ganado,Michoacán,Cerrado,Sin motivo especifico,2026-07-17 18:46:25.303000+00:00,2026-07-17 22:18:29.831000+00:00
64175258924,Negociación,Nayarit,Abierto,Sin motivo especifico,2026-08-19 16:17:47.555000+00:00,2026-08-31 16:15:54.937000+00:00
64107517312,Perdido,Oaxaca,Cerrado,Sin interés detectado,2026-08-18 00:54:12.609000+00:00,2026-08-21 00:52:26.191000+00:00
61038786926,Cierre Ganado,Jalisco,Cerrado,Falta de producto,2026-06-11 20:31:57.085000+00:00,2026-07-23 00:27:33.814000+00:00
62704517963,Cierre Ganado,Durango,Cerrado,Sin motivo especifico,2026-07-17 17:06:47.117000+00:00,2026-08-01 00:46:50.632000+00:00
45416712340,Cierre Perdido,Jalisco,Cerrado,Falta de producto,2025-10-07 19:22:44.772000+00:00,2025-11-03 11:59:27.124000+00:00
62704491094,Cierre Ganado,Guerrero,Cerrado,Sin motivo especifico,2026-07-16 19:28:08.561000+00:00,2026-07-23 20:00:30.248000+00:00
54020149594,Cierre Ganado,Michoacán,Cerrado,Sin motivo especifico,2026-01-15 18:39:04.387000+00:00,2026-02-04 22:11:05.719000+00:00
54020087891,Cierre Perdido,Guerrero,Cerrado,Eligio un producto de la competencia,2026-01-15 18:44:23.838000+00:00,2026-07-23 18:47:20.158000+00:00
45416591753,Cierre Ganado,Colima,Cerrado,Sin motivo especifico,2025-10-07 19:20:51.545000+00:00,2025-10-07 19:21:21.101000+00:00
61052833281,Cierre Ganado,Jalisco,Cerrado,Sin motivo especifico,2026-06-12 17:36:42.456000+00:00,2026-06-15 18:57:02.824000+00:00
63186899776,Cierre Ganado,Jalisco,Cerrado,Sin motivo especifico,2026-07-27 19:50:26.149000+00:00,2026-07-27 19:50:47.793000+00:00
51926108330,Cierre Ganado,Jalisco,Cerrado,Sin motivo especifico,2025-12-16 18:00:48.672000+00:00,2025-11-05 18:04:18.283000+00:00
62657889649,Cierre Perdido,Guerrero,Cerrado,Sin interés detectado,2026-07-15 22:01:48.784000+00:00,2026-08-11 22:16:24.948000+00:00
51926108506,Cierre Ganado,Jalisco,Cerrado,Sin motivo especifico,2025-12-16 18:05:58.703000+00:00,2025-12-16 18:07:55.071000+00:00
43743168395,Cierre Ganado,Jalisco,Cerrado,Sin motivo especifico,2025-09-15 22:51:57.725000+00:00,2025-09-17 19:31:40.280000+00:00
63673372010,Perdido,Michoacán,Cerrado,No tiene el dinero,2026-08-10 15:41:59.025000+00:00,2026-08-19 15:06:48.010000+00:00
52002994479,Cierre Ganado,Jalisco,Cerrado,Sin motivo especifico,2025-12-16 23:05:28.477000+00:00,2025-12-16 23:06:13.766000+00:00
64072356230,Perdido,Guerrero,Cerrado,Sin interés detectado,2026-08-17 20:35:50.001000+00:00,2026-09-01 18:09:13.348000+00:00
64576952946,Lead,Jalisco,Abierto,Sin motivo especifico,2026-09-02 18:45:51.769000+00:00,2026-09-30 18:45:42.625000+00:00
43576195121,Cierre Perdido,Jalisco,Cerrado,No tiene el dinero,2025-09-10 23:29:45.364000+00:00,2025-10-07 19:18:21.594000+00:00
64059234401,Ganado,Guerrero,Cerrado,Sin motivo especifico,2026-08-18 00:44:45.536000+00:00,2026-08-18 00:49:38.765000+00:00
43542904403,Cierre Perdido,Guerrero,Cerrado,No tiene el dinero,2025-09-11 00:21:54.838000+00:00,2026-01-08 16:50:53.570000+00:00
61917246030,Cierre Perdido,Guerrero,Cerrado,Sin interés detectado,2026-06-30 22:15:14.877000+00:00,2026-07-28 15:50:52.935000+00:00
63836851115,Perdido,Oaxaca,Cerrado,Sin Respuesta,2026-08-13 22:38:40.235000+00:00,2026-08-19 14:57:27.307000+00:00
43542877859,Cierre Ganado,Jalisco,Cerrado,Sin motivo especifico,2025-09-12 00:26:12.699000+00:00,2025-09-12 21:38:26.337000+00:00
52003053413,Cierre Ganado,Jalisco,Cerrado,Sin motivo especifico,2025-12-16 22:58:15.268000+00:00,2025-12-16 23:01:34.495000+00:00
62364290975,Cierre Perdido,Michoacán,Cerrado,No tiene el dinero,2026-07-08 00:51:18.725000+00:00,2026-08-01 00:33:06.206000+00:00
43542864289,Cierre Ganado,Jalisco,Cerrado,Sin motivo especifico,2025-09-11 16:48:05.975000+00:00,2025-09-11 17:17:02.639000+00:00
52003053694,Cierre Ganado,Nayarit,Cerrado,Sin motivo especifico,2025-12-16 23:17:12.878000+00:00,2025-12-16 23:18:36.373000+00:00
62122010639,Cierre Perdido,Durango,Cerrado,Sin Respuesta,2026-07-07 15:41:15.912000+00:00,2026-08-04 16:02:38.355000+00:00
61111839525,Cierre Ganado,Jalisco,Cerrado,Sin motivo especifico,2026-06-15 16:32:18.693000+00:00,2026-06-15 16:46:53.136000+00:00
43491021987,Cierre Perdido,Jalisco,Cerrado,Falta de producto,2025-09-09 00:50:09.443000+00:00,2025-09-11 17:18:32.888000+00:00
63836974265,Ganado,Sinaloa,Cerrado,Sin Respuesta,2026-08-13 21:57:25.903000+00:00,2026-09-01 15:51:41.129000+00:00
63676960877,Cierre Ganado,Jalisco,Cerrado,Sin motivo especifico,2026-08-10 18:20:25.055000+00:00,2026-08-19 15:25:46.119000+00:00
43476198553,Cierre Ganado,Jalisco,Cerrado,Sin motivo especifico,2025-09-09 00:37:41.708000+00:00,2025-09-09 21:04:09.376000+00:00
43420097394,Cierre Ganado,Jalisco,Cerrado,Sin motivo especifico,2025-09-05 16:35:55.291000+00:00,2025-09-05 16:36:26.506000+00:00
43420096880,Cierre Ganado,Jalisco,Cerrado,Sin motivo especifico,2025-09-05 16:22:48.279000+00:00,2025-09-05 16:23:21.236000+00:00
43420096661,Cierre Ganado,Jalisco,Cerrado,Sin motivo especifico,2025-09-05 16:16:56.719000+00:00,2025-09-05 16:17:29.811000+00:00
43420037275,Cierre Ganado,Jalisco,Cerrado,Sin motivo especifico,2025-09-05 16:30:54.059000+00:00,2025-09-05 16:32:25.806000+00:00
43374230546,Cierre Ganado,sin estado,Cerrado,No tiene el dinero,2025-09-05 16:40:48.490000+00:00,2025-09-05 16:47:03.393000+00:00
53821953406,Cierre Perdido,Michoacán,Cerrado,No tiene el dinero,2026-01-14 17:28:07.475000+00:00,2026-07-23 23:13:05.861000+00:00
54267074739,Cierre Perdido,Colima,Cerrado,No tiene el dinero,2026-01-20 18:28:50.148000+00:00,2026-04-10 22:10:50.204000+00:00
51926108837,Cierre Ganado,Nayarit,Cerrado,Sin motivo especifico,2025-12-16 18:16:48.608000+00:00,2025-12-16 18:23:51.016000+00:00
62121938601,Cierre Ganado,Durango,Cerrado,Sin motivo especifico,2026-07-06 23:32:44.297000+00:00,2026-08-01 00:52:11.414000+00:00
49446178370,Cierre Ganado,Nayarit,Cerrado,Sin motivo especifico,2025-11-18 03:38:22.434000+00:00,2025-10-28 04:10:32.053000+00:00
64413168566,Perdido,Jalisco,Cerrado,Sin Respuesta,2026-08-27 17:03:42.630000+00:00,2026-08-27 19:45:31.270000+00:00
64524575509,Perdido,Michoacán,Cerrado,Sin interés detectado,2026-08-31 19:38:29.754000+00:00,2026-08-31 23:10:51.236000+00:00
49448063586,Cierre Ganado,Nayarit,Cerrado,Sin motivo especifico,2025-11-18 03:54:40.728000+00:00,2025-10-30 04:10:58.583000+00:00
43098192304,Cierre Ganado,Jalisco,Cerrado,Sin motivo especifico,2025-08-29 00:19:05.259000+00:00,2025-08-29 00:29:37.997000+00:00
64577008816,Turnado,Jalisco,Abierto,Sin motivo especifico,2026-09-02 16:44:07.756000+00:00,2026-09-30 16:43:59.433000+00:00
54267074576,Cierre Perdido,Jalisco,Cerrado,No tiene el dinero,2026-01-20 18:22:42.835000+00:00,2026-04-01 18:30:20.433000+00:00
43097106770,Cierre Ganado,Jalisco,Cerrado,Sin motivo especifico,2025-08-29 00:41:43.408000+00:00,2025-09-30 22:57:16.954000+00:00
43097106735,Cierre Perdido,Jalisco,Cerrado,Sin motivo especifico,2025-08-29 00:38:15.258000+00:00,2025-09-09 22:36:49.171000+00:00
63087309986,Cierre Perdido,Nayarit,Cerrado,No tiene el dinero,2026-07-24 22:12:16.301000+00:00,2026-08-05 16:10:39.947000+00:00
49448186727,Cierre Ganado,Colima,Cerrado,Sin motivo especifico,2025-11-18 03:00:16.076000+00:00,2025-10-18 04:06:56.938000+00:00
52003053911,Cierre Ganado,Jalisco,Cerrado,Sin motivo especifico,2025-12-16 23:30:25.035000+00:00,2025-12-16 23:31:31.067000+00:00
51829999992,Cierre Ganado,Nayarit,Cerrado,Sin motivo especifico,2025-12-16 18:54:39.845000+00:00,2025-11-25 18:57:11.524000+00:00
43063169141,Cierre Ganado,Jalisco,Cerrado,No tiene el dinero,2025-08-29 00:11:57.240000+00:00,2025-10-07 19:18:26.811000+00:00
43014118929,Cierre Perdido,Jalisco,Cerrado,No tiene el dinero,2025-08-28 23:49:49.998000+00:00,2025-09-04 21:56:47.393000+00:00
54267055271,Cierre Ganado,Jalisco,Cerrado,Sin motivo especifico,2026-01-20 19:04:46.688000+00:00,2026-01-20 19:05:19.426000+00:00
54267055196,Cierre Ganado,Nayarit,Cerrado,Sin motivo especifico,2026-01-20 19:02:09.125000+00:00,2026-01-20 19:02:46.230000+00:00
62423226256,Cierre Perdido,Oaxaca,Cerrado,Sin interés detectado,2026-07-08 21:49:11.694000+00:00,2026-07-28 17:04:16.109000+00:00
52003053984,Cierre Ganado,Jalisco,Cerrado,Sin motivo especifico,2025-12-16 23:37:15.293000+00:00,2025-12-16 23:38:01.744000+00:00
64286334095,Ganado,Jalisco,Cerrado,Sin motivo especifico,2026-08-24 16:13:29.011000+00:00,2026-08-28 00:19:11.090000+00:00
49530830396,Cierre Ganado,Jalisco,Cerrado,Sin motivo especifico,2025-11-18 04:04:53.130000+00:00,2025-11-01 04:06:20.820000+00:00
54166937914,Cierre Ganado,Jalisco,Cerrado,Sin motivo especifico,2026-01-19 19:38:46.883000+00:00,2026-01-23 17:00:01.078000+00:00
61917246233,Cierre Perdido,Guerrero,Cerrado,Sin Respuesta,2026-06-30 22:23:52.379000+00:00,2026-07-28 15:56:33.794000+00:00
49530892152,Cierre Ganado,Colima,Cerrado,Sin motivo especifico,2025-11-18 03:21:19.581000+00:00,2025-10-22 04:08:05.999000+00:00
54264728355,Cierre Ganado,Nayarit,Cerrado,Sin motivo especifico,2026-01-20 18:57:57.874000+00:00,2026-01-20 18:58:24.792000+00:00
49530892305,Cierre Ganado,Jalisco,Cerrado,Sin motivo especifico,2025-11-18 03:33:56.506000+00:00,2025-10-22 04:08:50.429000+00:00
59277405099,Cierre Ganado,Michoacán,Cerrado,Sin motivo especifico,2026-04-17 22:54:59.384000+00:00,2026-04-17 22:56:42.966000+00:00
59277279775,Cierre Perdido,Michoacán,Cerrado,Falta de producto,2026-04-17 18:03:41.105000+00:00,2026-07-23 18:55:07.944000+00:00
61917247797,Cierre Ganado,Puebla,Cerrado,Sin motivo especifico,2026-06-30 23:45:40.060000+00:00,2026-06-05 18:20:23.282000+00:00
54263996004,Cierre Ganado,Jalisco,Cerrado,Sin motivo especifico,2026-01-20 18:37:13.557000+00:00,2026-01-20 18:37:55.905000+00:00
64434548882,Ganado,Guerrero,Cerrado,Sin motivo especifico,2026-08-31 16:58:41.653000+00:00,2026-08-31 21:50:48.932000+00:00
63083897169,Ganado,Michoacán,Cerrado,Sin motivo especifico,2026-07-24 18:13:25.674000+00:00,2026-07-24 21:05:16.322000+00:00
63083885902,Cierre Ganado,Colima,Cerrado,Sin motivo especifico,2026-07-24 17:31:19.833000+00:00,2026-08-05 16:12:58.080000+00:00
64577013686,Contactado,Durango,Abierto,Sin motivo especifico,2026-09-02 18:48:41.150000+00:00,2026-09-30 18:48:27.532000+00:00
63680199062,Perdido,Michoacán,Cerrado,Sin interés detectado,2026-08-10 19:43:02.317000+00:00,2026-08-19 14:59:02.351000+00:00
42920525599,Cierre Ganado,Jalisco,Cerrado,Sin motivo especifico,2025-08-26 22:31:59.741000+00:00,2025-08-31 22:29:39.560000+00:00
52003729224,Cierre Ganado,Jalisco,Cerrado,Sin motivo especifico,2025-12-16 23:27:05.081000+00:00,2025-12-16 23:27:54.856000+00:00
64524575386,Ganado,Jalisco,Cerrado,Sin motivo especifico,2026-08-31 19:36:45.252000+00:00,2026-09-01 17:08:20.994000+00:00
61129450936,Cierre Perdido,Puebla,Cerrado,No tiene el dinero,2026-06-16 22:46:42.120000+00:00,2026-06-30 22:18:03.376000+00:00
63680205138,Ganado,Durango,Cerrado,Sin motivo especifico,2026-08-10 19:18:18.139000+00:00,2026-08-10 20:25:42.517000+00:00
59275346436,Cierre Perdido,Michoacán,Cerrado,Falta de producto,2026-04-17 22:51:30.988000+00:00,2026-07-23 18:58:40.431000+00:00
49530954115,Cierre Ganado,Jalisco,Cerrado,Sin motivo especifico,2025-11-18 03:10:21.493000+00:00,2025-10-21 04:07:33.843000+00:00
63433823554,Cierre Perdido,Sinaloa,Cerrado,No tiene el dinero,2026-08-04 00:14:40.680000+00:00,2026-08-04 00:16:37.845000+00:00
59275101201,Cierre Perdido,sin estado,Cerrado,Falta de producto,2026-04-17 19:39:27.861000+00:00,2026-07-23 18:57:07.462000+00:00
63433909251,Cierre Ganado,Jalisco,Cerrado,Sin motivo especifico,2026-08-05 18:46:22.837000+00:00,2026-08-12 15:21:57.491000+00:00
42920466541,Cierre Ganado,Jalisco,Cerrado,Sin motivo especifico,2025-08-26 22:26:39.553000+00:00,2025-08-31 22:22:52.606000+00:00
63433906237,Cotización,Michoacán,Abierto,Sin motivo especifico,2026-08-05 17:37:09.986000+00:00,2026-08-31 17:34:03.001000+00:00
61129633805,Cierre Ganado,Jalisco,Cerrado,Sin motivo especifico,2026-06-16 21:23:14.328000+00:00,2026-06-18 16:52:41.933000+00:00
62121537964,Cierre Perdido,Durango,Cerrado,Sin Respuesta,2026-07-02 23:11:38.203000+00:00,2026-08-03 23:15:50.863000+00:00
45327829098,Cierre Ganado,Nayarit,Cerrado,Sin motivo especifico,2025-10-06 16:01:28.271000+00:00,2025-10-21 00:05:53.808000+00:00
61129635587,Cierre Perdido,Puebla,Cerrado,No tiene el dinero,2026-06-16 22:45:05.538000+00:00,2026-06-30 22:18:39.438000+00:00
61129635613,Cierre Perdido,Puebla,Cerrado,No paso su credito,2026-06-16 22:46:53.942000+00:00,2026-06-16 22:49:50.587000+00:00
62115704412,Cierre Ganado,Michoacán,Cerrado,Sin motivo especifico,2026-07-09 00:00:30.483000+00:00,2026-07-09 00:05:21.667000+00:00
61133415006,Cierre Perdido,Nayarit,Cerrado,No tiene el dinero,2026-06-16 15:30:33.940000+00:00,2026-07-20 17:54:40.783000+00:00
61355783817,Cierre Ganado,Guerrero,Cerrado,Sin motivo especifico,2026-06-22 22:35:15.916000+00:00,2026-06-25 23:59:07.220000+00:00
62115700332,Cierre Ganado,Jalisco,Cerrado,Sin motivo especifico,2026-07-08 22:01:59.869000+00:00,2026-06-12 16:46:34.208000+00:00
54223512759,Cierre Ganado,Jalisco,Cerrado,Sin motivo especifico,2026-01-20 18:40:32.282000+00:00,2026-01-20 18:42:18.969000+00:00
61917060493,Cotización,Guerrero,Abierto,Sin motivo especifico,2026-06-30 22:33:00.459000+00:00,2026-06-30 22:29:02.330000+00:00
60353133930,Cierre Ganado,Jalisco,Cerrado,Sin motivo especifico,2026-05-19 17:50:15.815000+00:00,2026-04-09 17:51:16.112000+00:00
49530954274,Cierre Ganado,Jalisco,Cerrado,Sin motivo especifico,2025-11-18 03:25:57.477000+00:00,2025-10-22 04:08:30.749000+00:00
60353135283,Cierre Ganado,Nayarit,Cerrado,Sin motivo especifico,2026-05-19 18:21:44.656000+00:00,2026-04-15 18:25:08.192000+00:00
60353136160,Cierre Ganado,Nayarit,Cerrado,Sin motivo especifico,2026-05-19 18:38:39.535000+00:00,2026-04-22 18:39:18.736000+00:00
64576290221,Cotización,Sinaloa,Abierto,Sin motivo especifico,2026-09-03 15:38:17.034000+00:00,2026-09-30 15:19:00.674000+00:00
62115698850,Cierre Ganado,Jalisco,Cerrado,Sin motivo especifico,2026-07-08 21:50:02.564000+00:00,2026-07-09 18:10:42.966000+00:00
62115695705,Cierre Ganado,Oaxaca,Cerrado,Sin motivo especifico,2026-07-08 21:48:55.356000+00:00,2026-07-28 17:01:43.582000+00:00
61176406868,Cierre Perdido,Puebla,Cerrado,No tiene el dinero,2026-06-16 22:46:03.594000+00:00,2026-06-30 22:18:21.108000+00:00
49530954525,Cierre Ganado,Jalisco,Cerrado,Sin motivo especifico,2025-11-18 04:00:33.606000+00:00,2025-11-30 04:11:11.619000+00:00
49530954380,Cierre Ganado,Jalisco,Cerrado,Sin motivo especifico,2025-11-18 03:46:43.812000+00:00,2025-10-28 04:10:10.778000+00:00
64333631328,Perdido,Jalisco,Cerrado,No tiene el dinero,2026-08-26 21:55:25.116000+00:00,2026-09-02 16:41:44.048000+00:00
61205699842,Cierre Perdido,Jalisco,Cerrado,Falta de producto,2026-06-17 18:11:00.715000+00:00,2026-07-20 16:28:04.458000+00:00
64338421836,Perdido,Jalisco,Cerrado,Sin Respuesta,2026-08-26 00:52:26.184000+00:00,2026-08-27 17:01:31.666000+00:00
51829999285,Cierre Ganado,Colima,Cerrado,Sin motivo especifico,2025-12-16 18:34:51.278000+00:00,2025-12-16 18:35:28.649000+00:00
46520095408,Cierre Ganado,Jalisco,Cerrado,Sin motivo especifico,2025-10-20 13:39:53.203000+00:00,2025-10-20 13:40:12.370000+00:00
51832017709,Cierre Ganado,Nayarit,Cerrado,Sin motivo especifico,2025-12-16 18:30:50.731000+00:00,2025-12-16 18:31:30.517000+00:00
64175198850,Cotización,Jalisco,Abierto,Sin motivo especifico,2026-08-19 17:07:14.651000+00:00,2026-08-31 17:06:18.589000+00:00
64623862101,Lead,Jalisco,Abierto,Sin motivo especifico,2026-09-03 23:45:51.486000+00:00,2026-09-30 23:45:41.373000+00:00
51926050895,Cierre Ganado,Colima,Cerrado,Sin motivo especifico,2025-12-16 19:30:27.171000+00:00,2025-12-16 19:31:21.027000+00:00
45326986649,Cierre Ganado,Jalisco,Cerrado,Sin motivo especifico,2025-10-06 19:27:34.836000+00:00,2025-10-06 19:27:48.788000+00:00
59171675714,Cierre Perdido,Guerrero,Cerrado,No tiene el dinero,2026-04-14 19:22:22.317000+00:00,2026-07-23 18:51:30.613000+00:00
46599018368,Cierre Perdido,Colima,Cerrado,Falta de producto,2025-10-21 16:12:50.608000+00:00,2026-01-19 18:33:47.256000+00:00
54223513234,Cierre Ganado,Jalisco,Cerrado,Sin motivo especifico,2026-01-20 18:50:12.296000+00:00,2026-01-20 18:51:13.056000+00:00
45315566699,Cierre Ganado,Zacatecas,Cerrado,Sin motivo especifico,2025-10-06 15:39:58.330000+00:00,2025-10-07 19:18:38.273000+00:00
60353195575,Cierre Ganado,Jalisco,Cerrado,Sin motivo especifico,2026-05-19 17:42:58.010000+00:00,2026-04-09 17:44:00.834000+00:00
60353196621,Cierre Ganado,Jalisco,Cerrado,Sin motivo especifico,2026-05-19 18:07:09.232000+00:00,2026-04-10 18:09:52.982000+00:00
60353197356,Cierre Ganado,Jalisco,Cerrado,Sin motivo especifico,2026-05-19 18:24:04.818000+00:00,2026-04-16 18:24:49.194000+00:00
46463099136,Cierre Ganado,Jalisco,Cerrado,Sin motivo especifico,2025-10-20 05:32:40.263000+00:00,2025-10-20 05:33:49.169000+00:00
59153710189,Cierre Perdido,Jalisco,Cerrado,No paso su credito,2026-04-13 23:49:25.783000+00:00,2026-05-26 18:48:26.971000+00:00
60353198109,Cierre Ganado,Nayarit,Cerrado,Sin motivo especifico,2026-05-19 18:40:50.002000+00:00,2026-04-28 18:41:18.724000+00:00
59153708177,Cierre Perdido,Jalisco,Cerrado,Falta de producto,2026-04-13 23:45:55.965000+00:00,2026-06-02 16:14:25.647000+00:00
60353198376,Cierre Ganado,Nayarit,Cerrado,Sin motivo especifico,2026-05-19 18:46:31.482000+00:00,2026-04-28 18:47:08.548000+00:00
60353198680,Cierre Ganado,Jalisco,Cerrado,Sin motivo especifico,2026-05-19 18:52:35.018000+00:00,2026-04-29 18:53:11.234000+00:00
46563873099,Cierre Ganado,Jalisco,Cerrado,Sin motivo especifico,2025-10-20 13:48:25.143000+00:00,2025-10-20 13:48:56.130000+00:00
60644346984,Cierre Ganado,Nayarit,Cerrado,Sin motivo especifico,2026-05-26 18:14:28.080000+00:00,2026-05-14 18:22:33.635000+00:00
60644350286,Cierre Ganado,Jalisco,Cerrado,Sin motivo especifico,2026-05-26 18:22:08.600000+00:00,2026-05-15 18:31:55.297000+00:00
60644351027,Cierre Ganado,Jalisco,Cerrado,Sin motivo especifico,2026-05-26 18:12:06.295000+00:00,2026-05-26 18:12:43.381000+00:00
60644356147,Cierre Ganado,Jalisco,Cerrado,Sin motivo especifico,2026-05-26 18:46:06.576000+00:00,2026-05-25 18:47:03.131000+00:00
60353200151,Cierre Ganado,Nayarit,Cerrado,Sin motivo especifico,2026-05-19 19:22:13.255000+00:00,2026-05-19 19:22:36.014000+00:00
46563879205,Cierre Ganado,Jalisco,Cerrado,Sin motivo especifico,2025-10-20 15:49:16.586000+00:00,2025-10-20 15:50:41.319000+00:00
60353258162,Cierre Ganado,Jalisco,Cerrado,Sin motivo especifico,2026-05-19 18:14:24.198000+00:00,2026-04-14 18:15:05.163000+00:00
60647514202,Cierre Ganado,Nayarit,Cerrado,Sin motivo especifico,2026-05-26 18:01:36.739000+00:00,2026-05-12 18:05:22.966000+00:00
60650545080,Cierre Ganado,Nayarit,Cerrado,Sin motivo especifico,2026-05-26 18:07:27.783000+00:00,2026-05-26 18:08:31.153000+00:00
60650550106,Cierre Ganado,Jalisco,Cerrado,Sin motivo especifico,2026-05-26 18:36:43.153000+00:00,2026-05-19 18:37:55.451000+00:00
60650550338,Cierre Ganado,Jalisco,Cerrado,Sin motivo especifico,2026-05-26 18:41:55.529000+00:00,2026-05-20 18:44:02.370000+00:00
60650551579,Cierre Ganado,Jalisco,Cerrado,Sin motivo especifico,2026-05-26 18:34:05.270000+00:00,2026-05-19 18:35:41.113000+00:00
60650551732,Cierre Ganado,Nayarit,Cerrado,Sin motivo especifico,2026-05-26 18:39:33.564000+00:00,2026-05-20 18:40:57.424000+00:00
60650553605,Cierre Ganado,Nayarit,Cerrado,Sin motivo especifico,2026-05-26 19:05:58.355000+00:00,2026-05-26 19:07:59.423000+00:00
60650554786,Cierre Perdido,Jalisco,Cerrado,No tiene el dinero,2026-05-26 19:09:47.412000+00:00,2026-07-02 17:19:33.387000+00:00
60652002713,Cierre Perdido,Sinaloa,Cerrado,Falta de producto,2026-05-26 19:12:01.591000+00:00,2026-06-03 15:21:26.932000+00:00
59153703972,Cierre Perdido,Jalisco,Cerrado,Falta de producto,2026-04-13 23:52:27.521000+00:00,2026-05-26 18:48:12.283000+00:00
64576766762,Contactado,Durango,Abierto,Sin motivo especifico,2026-09-02 18:46:18.562000+00:00,2026-09-30 18:46:01.953000+00:00
64576766824,Contactado,Sinaloa,Abierto,Sin motivo especifico,2026-09-02 18:48:17.716000+00:00,2026-09-30 18:48:08.563000+00:00
59153703857,Cierre Perdido,Jalisco,Cerrado,No paso su credito,2026-04-13 23:47:38.598000+00:00,2026-05-19 18:57:45.974000+00:00
46558014635,Cierre Ganado,Nayarit,Cerrado,Sin motivo especifico,2025-10-20 15:57:55.849000+00:00,2025-10-20 15:58:42.461000+00:00
59153702824,Cierre Perdido,Baja California Sur,Cerrado,No tiene el dinero,2026-04-13 23:57:01.843000+00:00,2026-05-26 18:48:44.705000+00:00
59153695116,Cierre Perdido,Jalisco,Cerrado,No paso su credito,2026-04-13 23:53:42.921000+00:00,2026-05-19 20:53:41.423000+00:00
62045490866,Cierre Ganado,Oaxaca,Cerrado,Sin motivo especifico,2026-07-01 22:28:04.571000+00:00,2026-07-02 17:35:13.653000+00:00
51985646493,Cierre Ganado,Colima,Cerrado,Sin motivo especifico,2025-12-16 19:06:23.767000+00:00,2025-12-16 19:06:47.737000+00:00
59153693774,Cierre Perdido,sin estado,Cerrado,Eligio un producto de la competencia,2026-04-13 23:50:58.663000+00:00,2026-05-26 18:48:57.424000+00:00
59153685433,Cierre Perdido,Michoacán,Cerrado,No tiene el dinero,2026-04-13 21:49:44.181000+00:00,2026-07-23 18:50:15.348000+00:00
59153616493,Cierre Perdido,Michoacán,Cerrado,Falta de producto,2026-04-13 19:22:11.382000+00:00,2026-07-22 23:02:31.170000+00:00
63027902471,Cierre Ganado,Guerrero,Cerrado,Sin motivo especifico,2026-07-23 00:10:52.875000+00:00,2026-07-23 15:47:29.261000+00:00
45197732500,Cierre Ganado,Jalisco,Cerrado,Sin motivo especifico,2025-10-06 19:25:46.414000+00:00,2025-10-06 19:26:05.258000+00:00
63436657932,Cierre Ganado,Jalisco,Cerrado,Sin motivo especifico,2026-08-06 15:37:24.878000+00:00,2026-08-06 16:20:21.610000+00:00
64623922463,Contactado,Sinaloa,Abierto,Sin motivo especifico,2026-09-03 23:40:30.108000+00:00,2026-09-30 23:40:06.153000+00:00
62499301256,Cierre Perdido,Guerrero,Cerrado,Sin interés detectado,2026-07-10 22:59:55.295000+00:00,2026-08-11 22:17:56.297000+00:00
52556979752,Cierre Ganado,Jalisco,Cerrado,Sin motivo especifico,2025-12-27 18:20:21.612000+00:00,2025-12-27 18:20:57.487000+00:00
64592404234,Lead,Durango,Abierto,Sin motivo especifico,,
64590685231,Contactado,Sinaloa,Abierto,Sin motivo especifico,,
59021244270,Cierre Perdido,Michoacán,Cerrado,No tiene el dinero,2026-04-10 00:39:25.457000+00:00,2026-07-22 23:08:53.698000+00:00
64246744594,Perdido,Durango,Cerrado,Falta de producto,2026-08-21 16:13:21.289000+00:00,2026-08-27 20:37:24.607000+00:00
63027778868,Cierre Perdido,Jalisco,Cerrado,Sin Respuesta,2026-07-23 00:19:15.388000+00:00,2026-08-12 15:23:44.916000+00:00
58987034381,Cierre Ganado,Guerrero,Cerrado,Sin motivo especifico,2026-04-08 21:57:25.248000+00:00,2026-07-22 23:12:29.076000+00:00
63027747660,Cierre Perdido,Jalisco,Cerrado,No tiene el dinero,2026-07-23 22:55:12.466000+00:00,2026-08-12 15:21:46.326000+00:00
63027700637,Ganado,Guerrero,Cerrado,Sin motivo especifico,2026-07-24 15:26:52.678000+00:00,2026-07-24 20:11:01.451000+00:00
63027674639,Negociación,Michoacán,Abierto,Sin Respuesta,2026-07-23 17:37:13.054000+00:00,2026-08-11 22:18:13.051000+00:00
64178157966,Perdido,Michoacán,Cerrado,Sin Respuesta,2026-08-21 02:04:25.130000+00:00,2026-09-01 18:00:52.881000+00:00
58902198903,Cierre Perdido,Guerrero,Cerrado,No tiene el dinero,2026-04-07 17:48:36.807000+00:00,2026-07-23 18:48:43.338000+00:00
60108272688,Cierre Perdido,Jalisco,Cerrado,No tiene el dinero,2026-05-08 21:02:35.065000+00:00,2026-05-19 20:53:29.119000+00:00
58900569926,Cierre Ganado,Michoacán,Cerrado,Sin motivo especifico,2026-04-07 16:04:39.441000+00:00,2026-07-22 23:25:09.350000+00:00
58798456441,Cierre Ganado,Michoacán,Cerrado,Sin motivo especifico,2026-04-03 23:49:55.304000+00:00,2026-07-23 23:05:11.947000+00:00
64178157693,Perdido,Michoacán,Cerrado,No tiene el dinero,2026-08-21 01:37:51.691000+00:00,2026-08-26 01:53:33.352000+00:00
58798394458,Cierre Perdido,Michoacán,Cerrado,No tiene el dinero,2026-04-03 23:27:57.830000+00:00,2026-07-23 18:29:05.300000+00:00
63433761187,Cierre Perdido,Durango,Cerrado,Sin Respuesta,2026-08-03 23:34:21.802000+00:00,2026-08-03 23:39:46.077000+00:00
64333475407,Perdido,Durango,Cerrado,No tiene el dinero,2026-08-25 19:44:05.765000+00:00,2026-08-27 20:17:35.964000+00:00
58798332564,Cierre Perdido,Michoacán,Cerrado,Sin Respuesta,2026-04-03 23:20:19.915000+00:00,2026-07-28 15:57:33.212000+00:00
58761048723,Cierre Perdido,Jalisco,Cerrado,Falta de producto,2026-04-03 18:20:11.859000+00:00,2026-06-03 15:24:49.909000+00:00
58686808441,Cierre Perdido,Jalisco,Cerrado,No tiene el dinero,2026-04-02 21:18:01.598000+00:00,2026-05-26 18:56:41.290000+00:00
58686255504,Cierre Perdido,Jalisco,Cerrado,No tiene el dinero,2026-04-02 21:12:50.703000+00:00,2026-04-10 22:10:23.384000+00:00
60785653617,Cierre Ganado,Nayarit,Cerrado,Sin motivo especifico,2026-06-02 22:35:45.724000+00:00,2026-06-02 22:36:15.601000+00:00
60353321066,Cierre Ganado,Nayarit,Cerrado,Sin motivo especifico,2026-05-19 18:33:58.781000+00:00,2026-04-21 18:35:56.998000+00:00
58686069663,Cierre Perdido,Jalisco,Cerrado,Eligio un producto de la competencia,2026-04-02 21:10:56.892000+00:00,2026-06-05 16:55:50.431000+00:00
60785699167,Cierre Ganado,Nayarit,Cerrado,Sin motivo especifico,2026-06-02 16:12:55.459000+00:00,2026-06-02 16:33:13.360000+00:00
58686019846,Cierre Perdido,Jalisco,Cerrado,No tiene el dinero,2026-04-02 19:53:17.466000+00:00,2026-06-05 18:13:04.890000+00:00
46407767448,Cierre Ganado,Colima,Cerrado,Sin motivo especifico,2025-10-20 05:26:24.216000+00:00,2025-10-20 05:28:31.678000+00:00
58685959596,Recepción De Pago / Financiera,Jalisco,Abierto,Sin motivo especifico,2026-04-02 19:43:15.999000+00:00,2026-04-30 19:42:27.173000+00:00
58685897266,Cierre Perdido,Jalisco,Cerrado,No tiene el dinero,2026-04-02 19:49:47.789000+00:00,2026-05-26 18:47:43.834000+00:00
58634329395,Cierre Ganado,Jalisco,Cerrado,Sin motivo especifico,2026-04-01 22:54:41.625000+00:00,2026-04-01 22:54:58.543000+00:00
58634328860,Cierre Ganado,sin estado,Cerrado,Sin motivo especifico,2026-04-01 22:22:55.239000+00:00,2026-04-01 22:24:49.461000+00:00
58634328611,Cierre Ganado,Oaxaca,Cerrado,Sin motivo especifico,2026-04-01 22:10:45.607000+00:00,2026-04-16 21:44:28.959000+00:00
58634328606,Cierre Ganado,Jalisco,Cerrado,Sin motivo especifico,2026-04-01 22:10:23.628000+00:00,2026-04-01 22:11:03.354000+00:00
58634328471,Cierre Ganado,Colima,Cerrado,Sin motivo especifico,2026-04-01 22:06:16.167000+00:00,2026-04-01 22:07:24.837000+00:00
47879885219,Cierre Ganado,Jalisco,Cerrado,Sin motivo especifico,2025-11-03 12:05:58.652000+00:00,2025-10-17 12:05:10.074000+00:00
62115217589,Cierre Perdido,Jalisco,Cerrado,Sin interés detectado,2026-07-02 20:00:00.545000+00:00,2026-08-12 15:23:21.492000+00:00
58634328158,Cierre Ganado,Nayarit,Cerrado,Sin motivo especifico,2026-04-01 21:51:52.543000+00:00,2026-04-01 21:53:06.540000+00:00
64133459778,Perdido,Jalisco,Cerrado,Sin Respuesta,2026-08-18 14:18:58.996000+00:00,2026-08-26 22:03:20.384000+00:00
64338298212,Contactado,Sinaloa,Abierto,Sin motivo especifico,2026-08-26 00:44:39.193000+00:00,2026-09-01 00:44:32.416000+00:00
58634265094,Cierre Ganado,Jalisco,Cerrado,Sin motivo especifico,2026-04-01 21:55:11.371000+00:00,2026-04-01 21:55:44.010000+00:00
58634206027,Cierre Ganado,Nayarit,Cerrado,Sin motivo especifico,2026-04-01 22:50:37.178000+00:00,2026-04-01 22:52:21.526000+00:00
63436248972,Ganado,Michoacán,Cerrado,Sin motivo especifico,2026-08-04 18:31:35.383000+00:00,2026-08-04 19:21:43.613000+00:00
58634205476,Cierre Ganado,Nayarit,Cerrado,Sin motivo especifico,2026-04-01 22:19:25.237000+00:00,2026-04-01 22:21:13.046000+00:00
62450994946,Cierre Perdido,Jalisco,Cerrado,No tiene el dinero,2026-07-09 18:19:12.619000+00:00,2026-07-20 17:54:22.216000+00:00
63436722688,Cierre Ganado,Jalisco,Cerrado,Sin motivo especifico,2026-08-06 16:44:39.642000+00:00,2026-08-06 23:46:01.564000+00:00
60786192039,Cierre Ganado,Nayarit,Cerrado,Sin motivo especifico,2026-06-02 16:00:01.102000+00:00,2026-05-27 16:00:32.918000+00:00
58634205472,Cierre Ganado,Chiapas,Cerrado,Sin motivo especifico,2026-04-01 22:19:15.603000+00:00,2026-04-02 16:50:01.296000+00:00
58634205446,Cierre Ganado,Jalisco,Cerrado,Sin motivo especifico,2026-04-01 22:17:25.048000+00:00,2026-04-01 22:18:08.180000+00:00
64524644454,Ganado,Oaxaca,Cerrado,Sin motivo especifico,2026-08-31 22:35:55.921000+00:00,2026-09-01 22:45:45.826000+00:00
51881725237,Cierre Ganado,Jalisco,Cerrado,Sin motivo especifico,2025-12-16 19:42:57.440000+00:00,2025-12-16 19:44:15.542000+00:00
58634205313,Cierre Ganado,Jalisco,Cerrado,Sin motivo especifico,2026-04-01 22:12:57.689000+00:00,2026-04-01 22:13:27.819000+00:00
58634205020,Cierre Ganado,Jalisco,Cerrado,Sin motivo especifico,2026-04-01 21:57:17.317000+00:00,2026-04-01 21:57:37.642000+00:00
64333599417,Perdido,Jalisco,Cerrado,No tiene el dinero,2026-08-26 00:52:45.635000+00:00,2026-08-27 19:45:44.607000+00:00
58630797392,Cierre Ganado,Jalisco,Cerrado,Sin motivo especifico,2026-04-01 23:07:31.740000+00:00,2026-04-30 18:57:22.481000+00:00
60355470218,Cierre Perdido,Oaxaca,Cerrado,Sin Respuesta,2026-05-19 17:33:39.584000+00:00,2026-08-10 18:51:41.147000+00:00
60786253904,Cierre Ganado,Jalisco,Cerrado,Sin motivo especifico,2026-06-02 16:06:47.561000+00:00,2026-06-02 16:07:17.441000+00:00
60786253994,Cierre Ganado,Jalisco,Cerrado,Sin motivo especifico,2026-06-02 16:09:36.499000+00:00,2026-06-30 16:55:25.437000+00:00
60786266696,Cierre Ganado,Jalisco,Cerrado,Sin motivo especifico,2026-06-02 21:15:38.771000+00:00,2026-06-02 21:15:57.925000+00:00
60355470735,Cierre Ganado,sin estado,Cerrado,Sin motivo especifico,2026-05-19 17:45:51.029000+00:00,2026-04-07 17:46:25.681000+00:00
60355471125,Cierre Ganado,Jalisco,Cerrado,Sin motivo especifico,2026-05-19 17:54:30.710000+00:00,2026-04-09 18:08:04.483000+00:00
64576836906,Ganado,Durango,Cerrado,Sin motivo especifico,2026-09-02 22:33:24.995000+00:00,2026-09-03 16:13:38.427000+00:00
58630797343,Cierre Perdido,Nayarit,Cerrado,No tiene el dinero,2026-04-01 23:02:44.127000+00:00,2026-06-03 15:22:21.464000+00:00
58630796971,Cierre Ganado,Jalisco,Cerrado,Sin motivo especifico,2026-04-01 22:41:37.796000+00:00,2026-04-01 22:42:12.409000+00:00
58630736816,Cierre Perdido,Jalisco,Cerrado,No tiene el dinero,2026-04-01 23:04:51.348000+00:00,2026-07-20 21:11:01.041000+00:00
60355472031,Cierre Ganado,Jalisco,Cerrado,Sin motivo especifico,2026-05-19 18:18:28.036000+00:00,2026-04-30 18:19:29.013000+00:00
60355472428,Cierre Ganado,Colima,Cerrado,Sin motivo especifico,2026-05-19 18:27:05.346000+00:00,2026-04-16 18:27:34.912000+00:00
64338572908,Cotización,Jalisco,Abierto,Sin motivo especifico,2026-08-26 21:46:37.640000+00:00,2026-08-31 21:45:50.455000+00:00
60355472680,Cierre Ganado,Jalisco,Cerrado,Sin motivo especifico,2026-05-19 18:32:16.862000+00:00,2026-04-16 18:32:44.055000+00:00
64338298370,Perdido,Jalisco,Cerrado,Eligio un producto de la competencia,2026-08-26 00:52:10.463000+00:00,2026-08-27 17:01:44.934000+00:00
58630736498,Cierre Ganado,Jalisco,Cerrado,Sin motivo especifico,2026-04-01 22:43:59.219000+00:00,2026-04-01 22:44:26.130000+00:00
60786376118,Cierre Ganado,Jalisco,Cerrado,Sin motivo especifico,2026-06-02 16:15:30.010000+00:00,2026-06-02 21:16:25.488000+00:00
58630736217,Cierre Ganado,Nayarit,Cerrado,Sin motivo especifico,2026-04-01 22:29:07.231000+00:00,2026-04-01 22:29:35.882000+00:00
58630692646,Cierre Ganado,Oaxaca,Cerrado,Sin motivo especifico,2026-03-31 18:52:24.896000+00:00,2026-04-16 21:46:15.630000+00:00
54247086476,Cierre Perdido,Nayarit,Cerrado,Falta de producto,2026-01-20 18:15:35.762000+00:00,2026-07-20 18:32:13.136000+00:00
58630677683,Cierre Ganado,Jalisco,Cerrado,Sin motivo especifico,2026-04-01 22:49:07.908000+00:00,2026-04-01 22:49:35.805000+00:00
58630677427,Cierre Ganado,Nayarit,Cerrado,Sin motivo especifico,2026-04-01 22:34:29.891000+00:00,2026-04-01 22:39:41.378000+00:00
58630613526,Cierre Perdido,Chiapas,Cerrado,Sin motivo especifico,2026-04-01 22:21:56.447000+00:00,2026-06-03 00:13:46.621000+00:00
51832018759,Cierre Ganado,Jalisco,Cerrado,Sin motivo especifico,2025-12-16 18:59:14.720000+00:00,2025-12-16 18:59:51.324000+00:00
60355473673,Cierre Ganado,Nayarit,Cerrado,Sin motivo especifico,2026-05-19 18:55:33.561000+00:00,2026-04-30 18:56:06.193000+00:00
60355534082,Cierre Ganado,Nayarit,Cerrado,Sin motivo especifico,2026-05-19 18:16:12.839000+00:00,2026-05-19 18:16:33.720000+00:00
54247088311,Cierre Ganado,Jalisco,Cerrado,Sin motivo especifico,2026-01-20 18:55:43.087000+00:00,2026-01-20 18:56:13.181000+00:00
58630613062,Cierre Ganado,Jalisco,Cerrado,Sin motivo especifico,2026-04-01 22:01:19.620000+00:00,2026-04-01 22:01:46.977000+00:00
64419762314,Negociación,Jalisco,Abierto,Sin motivo especifico,2026-08-27 23:45:00.239000+00:00,2026-08-31 23:34:39.470000+00:00
58630606634,Cierre Ganado,Nayarit,Cerrado,Sin motivo especifico,2026-04-01 19:00:42.951000+00:00,2026-04-01 21:20:55.359000+00:00
46557581135,Cierre Ganado,Jalisco,Cerrado,Sin motivo especifico,2025-10-20 13:58:53.514000+00:00,2025-10-20 14:00:01.255000+00:00
58630548545,Cierre Ganado,Nayarit,Cerrado,Sin motivo especifico,2026-04-01 23:00:47.943000+00:00,2026-06-30 16:54:21.330000+00:00
58630548524,Cierre Ganado,Nayarit,Cerrado,Sin motivo especifico,2026-04-01 22:58:24.607000+00:00,2026-04-01 22:59:08.186000+00:00
60355536165,Cierre Ganado,Jalisco,Cerrado,Sin motivo especifico,2026-05-19 19:07:01.992000+00:00,2026-05-07 19:07:32.217000+00:00
58630547794,Cierre Perdido,Oaxaca,Cerrado,Falta de producto,2026-04-01 22:16:06.810000+00:00,2026-04-16 21:45:26.989000+00:00
59814550851,Cierre Perdido,Michoacán,Cerrado,No tiene el dinero,2026-04-29 19:27:01.846000+00:00,2026-07-22 17:08:34.411000+00:00
64416679350,Ganado,Jalisco,Cerrado,Sin motivo especifico,2026-08-27 23:08:33.161000+00:00,2026-08-27 23:59:00.272000+00:00
58599392110,Cierre Perdido,Guerrero,Cerrado,Falta de producto,2026-03-31 01:00:04.128000+00:00,2026-07-23 16:20:53.717000+00:00
60355536546,Cierre Ganado,Nayarit,Cerrado,Sin motivo especifico,2026-05-19 19:17:09.929000+00:00,2026-05-08 19:18:38.708000+00:00
60355595637,Cierre Ganado,Jalisco,Cerrado,Sin motivo especifico,2026-05-19 18:11:59.597000+00:00,2026-04-10 18:12:31.947000+00:00
60355597080,Cierre Ganado,Jalisco,Cerrado,Sin motivo especifico,2026-05-19 18:50:21.587000+00:00,2026-04-29 18:51:07.215000+00:00
58599391393,Cierre Perdido,Guerrero,Cerrado,Sin Respuesta,2026-03-30 23:57:11.631000+00:00,2026-07-28 15:55:59.640000+00:00
46511656112,Cierre Ganado,Nayarit,Cerrado,Sin motivo especifico,2025-10-20 15:53:58.599000+00:00,2025-10-20 15:54:14.178000+00:00
60355598102,Cierre Ganado,Jalisco,Cerrado,Sin motivo especifico,2026-05-19 19:20:03.732000+00:00,2026-05-11 19:20:51.211000+00:00
58599330314,Cierre Perdido,Guerrero,Cerrado,No tiene el dinero,2026-03-31 00:13:57.617000+00:00,2026-07-23 17:58:43.899000+00:00
60355660173,Cierre Ganado,Jalisco,Cerrado,Sin motivo especifico,2026-05-19 19:08:54.315000+00:00,2026-05-07 19:11:31.522000+00:00
64133414536,Cierre Ganado,Jalisco,Cerrado,Sin motivo especifico,2026-08-18 20:48:08.004000+00:00,2026-08-18 21:02:41.421000+00:00
64624099220,Lead,Jalisco,Abierto,Sin motivo especifico,2026-09-03 18:57:30.715000+00:00,2026-09-30 18:55:14.866000+00:00
64524459818,Ganado,Sinaloa,Cerrado,Sin motivo especifico,2026-08-31 22:47:56.082000+00:00,2026-09-01 17:50:21.240000+00:00
63027593119,Cierre Ganado,Guerrero,Cerrado,Sin motivo especifico,2026-07-23 00:44:32.044000+00:00,2026-07-23 15:49:07.605000+00:00
64338329933,Ganado,Jalisco,Cerrado,Sin motivo especifico,2026-08-26 21:13:19.607000+00:00,2026-08-27 21:06:11.177000+00:00
60848491860,Cierre Perdido,Oaxaca,Cerrado,Eligio un producto de la competencia,2026-06-03 22:38:56.752000+00:00,2026-08-01 00:42:53.171000+00:00
58566939931,Cierre Perdido,Michoacán,Cerrado,Sin Respuesta,2026-03-30 23:54:33.937000+00:00,2026-07-28 15:54:22.196000+00:00
45116529504,Cierre Ganado,Oaxaca,Cerrado,Sin motivo especifico,2025-10-03 21:40:57.374000+00:00,2025-09-30 21:40:40.550000+00:00
58566878797,Cierre Perdido,Estado De México,Cerrado,No tiene el dinero,2026-03-31 00:22:24.935000+00:00,2026-07-23 16:26:02.236000+00:00
58566878487,Cierre Perdido,Guerrero,Cerrado,No tiene el dinero,2026-03-30 23:59:39.916000+00:00,2026-07-23 23:13:42.716000+00:00
59814550539,Cierre Ganado,Michoacán,Cerrado,Sin motivo especifico,2026-04-29 19:19:03.653000+00:00,2026-07-22 19:46:00.962000+00:00
64624107077,Lead,Sinaloa,Abierto,Sin motivo especifico,2026-09-04 00:00:48.990000+00:00,2026-10-01 00:00:39.990000+00:00
64133476437,Cotización,Jalisco,Abierto,Sin motivo especifico,2026-08-18 21:17:13.215000+00:00,2026-08-31 21:14:34.992000+00:00
58566877211,Cierre Perdido,Guerrero,Cerrado,Sin Respuesta,2026-03-30 22:49:08.367000+00:00,2026-07-28 15:52:42.622000+00:00
58479595936,Cierre Perdido,Sinaloa,Cerrado,No tiene el dinero,2026-03-27 19:29:41.547000+00:00,2026-04-16 21:51:24.722000+00:00
58479472513,Cierre Perdido,Oaxaca,Cerrado,Sin Respuesta,2026-03-27 19:12:59.612000+00:00,2026-07-31 16:29:59.969000+00:00
64333695542,Negociación,Jalisco,Abierto,Sin motivo especifico,2026-08-26 21:34:10.212000+00:00,2026-08-31 21:18:02.184000+00:00
58406408000,Cierre Perdido,Michoacán,Cerrado,Falta de producto,2026-03-26 16:49:02.264000+00:00,2026-07-23 18:30:58.785000+00:00
61873135795,Cierre Ganado,Puebla,Cerrado,Sin motivo especifico,2026-06-30 23:43:20.880000+00:00,2026-06-05 18:27:13.101000+00:00
51985647502,Cierre Ganado,Jalisco,Cerrado,Sin motivo especifico,2025-12-16 19:33:24.952000+00:00,2025-12-16 19:34:27.492000+00:00
63765537130,Negociación,Jalisco,Abierto,Sin motivo especifico,2026-08-12 15:33:30.485000+00:00,2026-08-31 15:32:25.844000+00:00
63765544372,Ganado,Michoacán,Cerrado,Sin motivo especifico,2026-08-12 18:37:10.662000+00:00,2026-08-12 22:00:00.626000+00:00
60644345467,Cierre Ganado,Sinaloa,Cerrado,Sin motivo especifico,2026-05-26 18:03:19.418000+00:00,2026-05-12 18:05:27.142000+00:00
64175196546,Cotización,Nayarit,Abierto,Sin motivo especifico,2026-08-19 16:06:22.107000+00:00,2026-08-31 16:04:34.943000+00:00
64288881961,Perdido,Durango,Cerrado,Sin Respuesta,2026-08-25 00:41:45.072000+00:00,2026-09-01 18:21:40.810000+00:00
58369053780,Cierre Ganado,Durango,Cerrado,Sin motivo especifico,2026-03-25 19:17:27.545000+00:00,2026-03-25 19:17:48.281000+00:00
64175540596,Negociación,Estado De México,Abierto,Sin motivo especifico,2026-08-20 16:30:12.344000+00:00,2026-08-31 16:25:22.767000+00:00
59812372920,Cierre Perdido,sin estado,Cerrado,Falta de producto,2026-04-29 19:06:58.062000+00:00,2026-07-22 20:57:39.602000+00:00
64584883492,Contactado,Sinaloa,Abierto,Sin motivo especifico,,
59812186706,Cierre Perdido,Guerrero,Cerrado,Falta de producto,2026-04-29 18:56:44.991000+00:00,2026-07-22 22:16:49.022000+00:00
62985508225,Cierre Ganado,Guerrero,Cerrado,Sin motivo especifico,2026-07-22 15:27:36.436000+00:00,2026-07-23 18:09:50.460000+00:00
59812126615,Cierre Perdido,Guerrero,Cerrado,Falta de producto,2026-04-29 19:40:25.099000+00:00,2026-07-23 22:34:00.832000+00:00
62964480688,Calificado Para Comprar,sin estado,Abierto,Sin motivo especifico,,
58295874932,Cierre Ganado,Chiapas,Cerrado,Sin motivo especifico,2026-03-24 21:17:27.364000+00:00,2026-03-24 21:16:42.491000+00:00
63433622793,Ganado,Oaxaca,Cerrado,Sin motivo especifico,2026-08-03 16:18:24.782000+00:00,2026-08-10 19:25:28.472000+00:00
62956783691,Calificado Para Comprar,sin estado,Abierto,Sin motivo especifico,,
62950543907,Cierre Perdido,Jalisco,Cerrado,Sin interés detectado,2026-07-22 16:01:53.285000+00:00,2026-08-07 15:17:27.111000+00:00
64380908382,Calificado Para Comprar,sin estado,Abierto,Sin motivo especifico,,
58295745392,Cierre Perdido,Oaxaca,Cerrado,Falta de producto,2026-03-24 19:06:21.831000+00:00,2026-03-30 22:41:52.973000+00:00
58295692892,Cierre Perdido,Guerrero,Cerrado,Falta de producto,2026-03-25 00:57:42.535000+00:00,2026-07-23 18:42:20.841000+00:00
58295682724,Cierre Perdido,Chiapas,Cerrado,No tiene el dinero,2026-03-24 18:44:42.332000+00:00,2026-03-31 23:51:33.048000+00:00
62929863019,Negociación,Jalisco,Abierto,Sin motivo especifico,2026-07-21 16:40:49.191000+00:00,2026-07-31 16:40:29.979000+00:00
62929860640,Cierre Perdido,Durango,Cerrado,No tiene el dinero,2026-07-21 15:46:59.394000+00:00,2026-08-01 00:32:46.496000+00:00
62929860522,Cierre Ganado,Michoacán,Cerrado,Sin motivo especifico,2026-07-21 15:45:48.561000+00:00,2026-07-21 18:03:06.210000+00:00
62929801909,Cierre Perdido,Jalisco,Cerrado,No tiene el dinero,2026-07-21 16:47:48.508000+00:00,2026-08-05 16:16:20.339000+00:00
58295621214,Cierre Ganado,Nayarit,Cerrado,Sin motivo especifico,2026-03-24 18:47:58.684000+00:00,2026-03-24 18:50:59.579000+00:00
62929801538,Cierre Perdido,Jalisco,Cerrado,Sin interés detectado,2026-07-21 16:39:50.084000+00:00,2026-08-12 15:23:31.829000+00:00
63361129879,Cierre Perdido,Oaxaca,Cerrado,No tiene el dinero,2026-07-31 23:23:40.231000+00:00,2026-08-10 19:41:07.277000+00:00
62929678625,Cierre Ganado,Michoacán,Cerrado,Sin motivo especifico,2026-07-21 17:50:12.110000+00:00,2026-07-28 17:03:47.163000+00:00
60895966521,Cierre Perdido,Jalisco,Cerrado,No tiene el dinero,2026-06-05 18:05:32.337000+00:00,2026-07-09 18:17:48.870000+00:00
60895968262,Cierre Perdido,Jalisco,Cerrado,No tiene el dinero,2026-06-05 18:07:29.958000+00:00,2026-06-15 18:54:51.405000+00:00
60254152086,Calificado Para Comprar,Nuevo León,Abierto,Sin motivo especifico,2026-05-14 15:31:51.294000+00:00,2026-05-31 15:31:10.859000+00:00
60254159986,Cierre Ganado,Nuevo León,Cerrado,Sin motivo especifico,2026-05-14 15:30:02.869000+00:00,2026-05-19 15:56:57.903000+00:00
60254162284,Recepción De Pago / Financiera,Nuevo León,Abierto,Sin motivo especifico,2026-05-14 15:35:59.393000+00:00,2026-05-31 15:32:13.961000+00:00
63434074131,Ganado,Zacatecas,Cerrado,Sin motivo especifico,2026-08-06 22:15:54.149000+00:00,2026-08-10 18:41:44.770000+00:00
60256628016,Cierre Ganado,San Luis Potosí,Cerrado,Sin motivo especifico,2026-05-14 20:33:50.768000+00:00,2026-05-14 20:34:37.309000+00:00
60256649303,Cierre Ganado,Aguascalientes,Cerrado,Sin motivo especifico,2026-05-14 20:41:34.582000+00:00,2026-05-14 20:42:10.344000+00:00
64333599408,Lead,Querétaro,Abierto,Sin motivo especifico,2026-08-26 00:51:45.818000+00:00,2026-09-01 00:51:42.274000+00:00
60257772185,Cierre Ganado,Tamaulipas,Cerrado,Sin motivo especifico,2026-05-14 22:31:53.131000+00:00,2026-05-14 22:33:33.326000+00:00
60257782908,Cierre Perdido,Guanajuato,Cerrado,Falta de producto,2026-05-15 00:06:54.510000+00:00,2026-05-15 00:07:56.056000+00:00
60257782951,Cierre Ganado,Guanajuato,Cerrado,Sin motivo especifico,2026-05-15 00:11:22.794000+00:00,2026-05-15 16:00:54.115000+00:00
60257807204,Cierre Ganado,Coahuila,Cerrado,Sin motivo especifico,2026-05-14 22:24:43.169000+00:00,2026-05-14 22:24:56.942000+00:00
46599196542,Cierre Ganado,Jalisco,Cerrado,Sin motivo especifico,2025-10-21 15:55:26.105000+00:00,2025-10-21 15:51:21.107000+00:00
60257815703,Cierre Ganado,Guanajuato,Cerrado,Sin motivo especifico,2026-05-15 00:13:33.278000+00:00,2026-06-04 21:01:18.599000+00:00
60257816912,Cierre Perdido,Guanajuato,Cerrado,Falta de producto,2026-05-15 00:08:54.915000+00:00,2026-05-15 00:09:40.157000+00:00
64333631341,Perdido,San Luis Potosí,Cerrado,Sin Respuesta,2026-08-26 21:56:15.230000+00:00,2026-09-01 23:20:51.206000+00:00
46599513672,Cierre Ganado,Oaxaca,Cerrado,Sin motivo especifico,2025-10-22 00:13:30.796000+00:00,2025-10-22 16:42:09.425000+00:00
63436240734,Ganado,San Luis Potosí,Cerrado,Sin motivo especifico,2026-08-04 15:15:31.409000+00:00,2026-08-05 16:50:21.367000+00:00
41554345014,Cierre Ganado,Querétaro,Cerrado,Sin motivo especifico,2025-08-07 16:39:33.816000+00:00,2025-08-04 16:39:21.991000+00:00
46637476627,Cierre Perdido,San Luis Potosí,Cerrado,Eligio un producto de la competencia,2025-10-21 18:29:56.951000+00:00,2025-10-30 20:26:04.303000+00:00
64133532840,Ganado,San Luis Potosí,Cerrado,Sin motivo especifico,2026-08-18 18:30:39.238000+00:00,2026-08-21 20:22:50.186000+00:00
51926088571,Cierre Ganado,Chiapas,Cerrado,Sin motivo especifico,2025-12-16 00:14:56.156000+00:00,2025-12-13 00:13:06.282000+00:00
64532118802,Perdido,Aguascalientes,Cerrado,Sin Respuesta,2026-08-31 19:46:47.814000+00:00,2026-08-31 20:43:51.856000+00:00
51926101297,Cierre Perdido,Ciudad De México,Cerrado,Falta de producto,2025-12-16 15:10:20.739000+00:00,2025-12-16 15:10:47.393000+00:00
51926101842,Cierre Perdido,Querétaro,Cerrado,Falta de producto,2025-12-16 15:24:13.443000+00:00,2025-12-16 15:25:18.339000+00:00
61917309524,Cierre Perdido,San Luis Potosí,Cerrado,Falta de producto,2026-06-30 23:48:50.877000+00:00,2026-07-21 23:09:55.918000+00:00
60349803362,Cierre Ganado,Nuevo León,Cerrado,Sin motivo especifico,2026-05-19 15:29:46.906000+00:00,2026-05-19 15:31:20.209000+00:00
62045120155,Cierre Ganado,Guanajuato,Cerrado,Sin motivo especifico,2026-07-01 15:11:16.652000+00:00,2026-07-01 18:18:27.410000+00:00
60353136977,Cierre Ganado,Tamaulipas,Cerrado,Sin motivo especifico,2026-05-19 18:56:40.979000+00:00,2026-05-19 18:56:57.668000+00:00
60353139792,Cierre Ganado,Coahuila,Cerrado,Sin motivo especifico,2026-05-19 19:58:19.267000+00:00,2026-05-19 19:59:05.140000+00:00
60353140133,Cierre Ganado,Coahuila,Cerrado,Sin motivo especifico,2026-05-19 20:07:38.430000+00:00,2026-05-21 15:56:18.478000+00:00
64545920818,Necesidad Descubierta,San Luis Potosí,Abierto,Sin motivo especifico,,
60353194390,Cierre Ganado,Nuevo León,Cerrado,Sin motivo especifico,2026-05-19 17:17:41.795000+00:00,2026-05-19 17:18:03.458000+00:00
41559848735,Cierre Perdido,Querétaro,Cerrado,Sin motivo especifico,2025-08-07 16:20:56.876000+00:00,2025-11-12 19:41:25.387000+00:00
60353198718,Cierre Ganado,Guanajuato,Cerrado,Sin motivo especifico,2026-05-19 18:53:35.816000+00:00,2026-05-19 18:54:04.435000+00:00
60353202326,Cierre Ganado,San Luis Potosí,Cerrado,Sin motivo especifico,2026-05-19 20:09:02.191000+00:00,2026-05-19 20:20:14.041000+00:00
51926195314,Cierre Ganado,Jalisco,Cerrado,Sin motivo especifico,2025-12-16 00:19:06.443000+00:00,2026-01-01 00:17:33.049000+00:00
60353262408,Cierre Ganado,Tamaulipas,Cerrado,Sin motivo especifico,2026-05-19 19:53:38.507000+00:00,2026-05-19 19:54:11.344000+00:00
60353268574,Cierre Ganado,Nuevo León,Cerrado,Sin motivo especifico,2026-05-19 23:46:26.858000+00:00,2026-05-19 23:47:06.126000+00:00
60353321030,Cierre Ganado,Tamaulipas,Cerrado,Sin motivo especifico,2026-05-19 18:33:01.119000+00:00,2026-05-19 18:33:14.725000+00:00
60353321145,Cierre Ganado,Coahuila,Cerrado,Sin motivo especifico,2026-05-19 18:36:26.104000+00:00,2026-05-19 18:36:37.456000+00:00
60353324158,Cierre Ganado,Nuevo León,Cerrado,Sin motivo especifico,2026-05-19 19:50:31.591000+00:00,2026-05-19 19:51:20.580000+00:00
60355345920,Cierre Ganado,Nuevo León,Cerrado,Sin motivo especifico,2026-05-19 16:24:31.087000+00:00,2026-05-19 16:25:42.112000+00:00
60355347057,Cierre Ganado,Tamaulipas,Cerrado,Sin motivo especifico,2026-05-19 16:48:39.476000+00:00,2026-05-19 16:49:57.685000+00:00
60355473213,Cierre Ganado,Tamaulipas,Cerrado,Sin motivo especifico,2026-05-19 18:45:29.353000+00:00,2026-05-19 18:46:11.601000+00:00
60355535885,Cierre Ganado,Tamaulipas,Cerrado,Sin motivo especifico,2026-05-19 19:00:15.394000+00:00,2026-05-19 19:00:38.054000+00:00
60355597138,Cierre Ganado,Coahuila,Cerrado,Sin motivo especifico,2026-05-19 18:52:25.768000+00:00,2026-05-19 18:52:39.119000+00:00
60423630601,Cierre Ganado,Aguascalientes,Cerrado,Sin motivo especifico,2026-05-20 15:23:18.102000+00:00,2026-05-20 18:31:13.822000+00:00
60486522722,Cierre Ganado,Tamaulipas,Cerrado,Sin motivo especifico,2026-05-21 16:30:57.984000+00:00,2026-05-21 16:31:11.993000+00:00
60486583985,Cierre Ganado,Tamaulipas,Cerrado,Sin motivo especifico,2026-05-21 16:29:45.493000+00:00,2026-05-21 16:30:00.270000+00:00
60486645862,Cierre Ganado,Tamaulipas,Cerrado,Sin motivo especifico,2026-05-21 16:03:45.966000+00:00,2026-05-21 16:04:15.301000+00:00
64338331210,Perdido,San Luis Potosí,Cerrado,Sin Respuesta,2026-08-26 21:56:25.867000+00:00,2026-09-01 23:20:39.289000+00:00
51987872555,Cierre Perdido,Querétaro,Cerrado,Falta de producto,2025-12-16 15:12:51.932000+00:00,2025-12-16 15:13:07.847000+00:00
51987873867,Cierre Ganado,Querétaro,Cerrado,Sin motivo especifico,2025-12-16 15:44:44.610000+00:00,2025-12-16 15:45:11.085000+00:00
60486865767,Cierre Ganado,Coahuila,Cerrado,Sin motivo especifico,2026-05-22 23:09:17.651000+00:00,2026-05-22 23:15:44.077000+00:00
60486865846,Cierre Ganado,Coahuila,Cerrado,Sin motivo especifico,2026-05-22 23:20:24.574000+00:00,2026-05-22 23:27:58.265000+00:00
60486896533,Cierre Ganado,Nuevo León,Cerrado,Sin motivo especifico,2026-05-21 21:18:35.672000+00:00,2026-05-21 21:18:49.825000+00:00
55198009208,Cierre Ganado,Guanajuato,Cerrado,Sin motivo especifico,2026-01-30 20:42:39.893000+00:00,2026-01-31 20:39:31.861000+00:00
60487388968,Cierre Ganado,Nuevo León,Cerrado,Sin motivo especifico,2026-05-21 15:59:44.975000+00:00,2026-05-21 16:00:02.746000+00:00
55199997712,Cierre Ganado,San Luis Potosí,Cerrado,Sin motivo especifico,2026-01-31 00:52:21.778000+00:00,2026-02-01 00:47:13.391000+00:00
46997574568,Cierre Ganado,Querétaro,Cerrado,Sin motivo especifico,2025-10-27 19:18:24.748000+00:00,2025-10-27 19:22:30.491000+00:00
63673373804,Ganado,San Luis Potosí,Cerrado,Sin motivo especifico,2026-08-10 15:41:16.397000+00:00,2026-08-10 18:42:47.203000+00:00
60524866119,Cierre Ganado,Tamaulipas,Cerrado,Sin motivo especifico,2026-05-21 19:57:51.701000+00:00,2026-05-21 19:59:11.270000+00:00
63835500722,Perdido,San Luis Potosí,Cerrado,Sin interés detectado,2026-08-13 15:52:53.182000+00:00,2026-08-13 17:40:16.870000+00:00
62622521122,Ganado,Guanajuato,Cerrado,Sin motivo especifico,2026-07-14 01:47:18.962000+00:00,2026-07-14 01:50:51.172000+00:00
62115423289,Cierre Ganado,Guanajuato,Cerrado,Sin motivo especifico,2026-07-06 22:54:15.784000+00:00,2026-07-07 17:02:21.095000+00:00
63680235858,Ganado,San Luis Potosí,Cerrado,Sin motivo especifico,2026-08-10 22:39:43.735000+00:00,2026-08-11 17:14:08.766000+00:00
60525054081,Cierre Ganado,Tamaulipas,Cerrado,Sin motivo especifico,2026-05-21 21:15:27.102000+00:00,2026-05-21 21:16:18.628000+00:00
62115433518,Cierre Ganado,Aguascalientes,Cerrado,Sin motivo especifico,2026-07-07 00:52:59.623000+00:00,2026-07-08 00:30:03.384000+00:00
47416282436,Cierre Ganado,Querétaro,Cerrado,Sin motivo especifico,2025-10-28 21:52:21.969000+00:00,2025-10-28 21:52:45.798000+00:00
47416283203,Cierre Ganado,Hidalgo,Cerrado,Sin motivo especifico,2025-10-28 22:28:10.219000+00:00,2025-10-28 22:28:30.851000+00:00
47416283242,Cierre Ganado,Guanajuato,Cerrado,Sin motivo especifico,2025-10-28 22:31:40.408000+00:00,2025-10-28 22:32:02.481000+00:00
47416405252,Cierre Ganado,Querétaro,Cerrado,Sin motivo especifico,2025-10-28 21:16:18.617000+00:00,2025-10-03 21:16:11.100000+00:00
47416406303,Cierre Ganado,sin estado,Cerrado,Sin motivo especifico,2025-10-28 21:54:55.540000+00:00,2025-10-28 21:55:57.166000+00:00
47416407128,Cierre Ganado,Querétaro,Cerrado,Sin motivo especifico,2025-10-28 22:34:58.670000+00:00,2025-10-28 22:35:39.442000+00:00
62115504168,Cierre Ganado,Guanajuato,Cerrado,Sin motivo especifico,2026-07-07 15:35:13.084000+00:00,2026-07-07 18:28:39.371000+00:00
60627923819,Cierre Ganado,San Luis Potosí,Cerrado,Sin motivo especifico,2026-05-25 17:56:53.227000+00:00,2026-05-25 17:59:09.012000+00:00
60629205562,Cierre Ganado,Aguascalientes,Cerrado,Sin motivo especifico,2026-05-25 19:51:14.864000+00:00,2026-05-25 19:50:57.972000+00:00
62115520591,Cierre Ganado,Aguascalientes,Cerrado,Sin motivo especifico,2026-07-07 17:05:07.503000+00:00,2026-07-08 00:07:04.804000+00:00
47453503498,Cierre Ganado,Querétaro,Cerrado,Sin motivo especifico,2025-10-28 21:40:39.382000+00:00,2025-10-28 21:41:31.087000+00:00
47453505379,Cierre Perdido,Guanajuato,Cerrado,Falta de producto,2025-10-28 23:15:38.415000+00:00,2025-10-28 23:15:30.220000+00:00
47453625699,Cierre Ganado,Querétaro,Cerrado,Sin motivo especifico,2025-10-28 21:12:48.177000+00:00,2025-10-28 21:13:25.650000+00:00
47453627010,Cierre Ganado,Querétaro,Cerrado,Sin motivo especifico,2025-10-28 22:04:16.961000+00:00,2025-10-28 22:06:04.032000+00:00
47453808207,Cierre Ganado,Querétaro,Cerrado,Sin motivo especifico,2025-10-28 21:33:05.811000+00:00,2025-10-28 21:33:24.602000+00:00
47454180020,Cierre Ganado,Querétaro,Cerrado,Sin motivo especifico,2025-10-28 21:09:58.630000+00:00,2025-10-28 21:10:43.428000+00:00
47454180648,Cierre Ganado,sin estado,Cerrado,Sin motivo especifico,2025-10-28 21:29:28.971000+00:00,2025-10-10 21:30:09.466000+00:00
47454181168,Cierre Ganado,Querétaro,Cerrado,Sin motivo especifico,2025-10-28 21:49:05.100000+00:00,2025-10-28 21:49:26.866000+00:00
47536877664,Cierre Ganado,Querétaro,Cerrado,Sin motivo especifico,2025-10-28 21:44:54.420000+00:00,2025-10-28 21:45:27.872000+00:00
47536939589,Cierre Ganado,Hidalgo,Cerrado,Sin motivo especifico,2025-10-28 22:01:13.881000+00:00,2025-10-28 22:02:32.808000+00:00
47539045163,Cierre Ganado,Ciudad De México,Cerrado,Sin motivo especifico,2025-10-28 21:57:53.821000+00:00,2025-10-28 21:59:17.970000+00:00
64338482768,Lead,Michoacán,Abierto,Sin motivo especifico,2026-08-26 00:53:18.713000+00:00,2026-09-01 00:53:15.680000+00:00
63717549592,Ganado,San Luis Potosí,Cerrado,Sin motivo especifico,2026-08-11 17:30:19.586000+00:00,2026-08-12 23:59:56.875000+00:00
60653703823,Cierre Ganado,Aguascalientes,Cerrado,Sin motivo especifico,2026-05-26 22:18:24.554000+00:00,2026-05-26 22:20:20.685000+00:00
60672962175,Cierre Ganado,Guanajuato,Cerrado,No tiene el dinero,2026-05-27 18:04:48.024000+00:00,2026-06-01 20:32:46.315000+00:00
60672962321,Cierre Ganado,Guanajuato,Cerrado,Sin motivo especifico,2026-05-27 18:07:07.145000+00:00,2026-05-28 16:27:32.091000+00:00
60672963612,Cierre Ganado,San Luis Potosí,Cerrado,Sin motivo especifico,2026-05-27 18:14:34.792000+00:00,2026-05-27 19:31:16.579000+00:00
60695023378,Cierre Ganado,Coahuila,Cerrado,Sin motivo especifico,2026-05-28 22:54:36.433000+00:00,2026-05-28 22:55:38.879000+00:00
64338482769,Lead,Querétaro,Abierto,Sin motivo especifico,2026-08-26 00:53:26.313000+00:00,2026-09-01 00:53:23.205000+00:00
60785610782,Cierre Perdido,San Luis Potosí,Cerrado,Falta de producto,2026-06-01 20:09:56.482000+00:00,2026-07-21 22:12:04.819000+00:00
42448868916,Cierre Ganado,Guanajuato,Cerrado,Sin motivo especifico,2025-08-19 22:53:54.508000+00:00,2025-08-18 22:53:39.201000+00:00
60785713694,Cierre Ganado,Guanajuato,Cerrado,Sin motivo especifico,2026-06-02 22:20:05.247000+00:00,2026-06-03 15:46:05.299000+00:00
60785801073,Cierre Ganado,Guanajuato,Cerrado,Sin motivo especifico,2026-06-01 22:54:35.243000+00:00,2026-06-02 20:22:27.773000+00:00
62115527538,Envío De Cotización/Negociación,Querétaro,Abierto,Sin motivo especifico,2026-07-07 17:41:47.488000+00:00,2026-08-31 17:41:31.942000+00:00
52994269498,Cierre Ganado,San Luis Potosí,Cerrado,Sin motivo especifico,2026-01-05 19:24:35.370000+00:00,2026-01-31 19:21:37.526000+00:00
64338538896,Perdido,Puebla,Cerrado,No pasó su crédito (Financiera),2026-08-27 19:01:40.225000+00:00,2026-08-27 19:51:19.117000+00:00
62115546385,Cierre Ganado,Guanajuato,Cerrado,Eligio un producto de la competencia,2026-07-07 20:36:49.239000+00:00,2026-07-14 01:31:56.983000+00:00
42448866577,Cierre Ganado,Aguascalientes,Cerrado,Sin motivo especifico,2025-08-19 22:22:23.110000+00:00,2025-08-19 22:47:25.975000+00:00
64434919076,Ganado,San Luis Potosí,Cerrado,Sin motivo especifico,2026-08-31 16:37:22.510000+00:00,2026-09-01 14:58:19.112000+00:00
64634069919,Necesidad Descubierta,Michoacán,Abierto,Sin motivo especifico,,
60786280783,Cierre Ganado,Guanajuato,Cerrado,Sin motivo especifico,2026-06-01 16:38:04.248000+00:00,2026-06-02 15:45:35.262000+00:00
60786288438,Cierre Perdido,Guanajuato,Cerrado,No tiene el dinero,2026-06-01 19:37:54.151000+00:00,2026-07-09 00:38:13.443000+00:00
60786350704,Cierre Ganado,Guanajuato,Cerrado,Sin motivo especifico,2026-06-01 19:52:06.518000+00:00,2026-06-01 20:56:38.416000+00:00
64338544566,Lead,Querétaro,Abierto,Sin motivo especifico,2026-08-26 00:53:33.956000+00:00,2026-09-01 00:53:30.685000+00:00
62639570018,Ganado,San Luis Potosí,Cerrado,Sin motivo especifico,2026-07-14 20:01:34.902000+00:00,2026-07-16 16:51:50.591000+00:00
53345846035,Cierre Ganado,Guanajuato,Cerrado,Sin motivo especifico,2026-01-06 16:55:13.101000+00:00,2026-01-06 16:54:42.285000+00:00
60844009497,Cierre Perdido,Guanajuato,Cerrado,No tiene el dinero,2026-06-03 14:47:32.283000+00:00,2026-06-04 15:36:54.893000+00:00
60844010090,Cierre Ganado,Guanajuato,Cerrado,Sin motivo especifico,2026-06-03 14:51:02.234000+00:00,2026-06-03 14:51:32.042000+00:00
60844026396,Cierre Ganado,Guanajuato,Cerrado,Sin motivo especifico,2026-06-03 14:52:57.382000+00:00,2026-06-03 16:51:44.772000+00:00
63739355468,Ganado,Aguascalientes,Cerrado,Sin motivo especifico,2026-08-12 00:43:08.631000+00:00,2026-08-13 00:49:45.461000+00:00
62115565691,Cierre Ganado,Aguascalientes,Cerrado,Sin motivo especifico,2026-07-07 23:23:14.154000+00:00,2026-07-08 00:06:54.795000+00:00
60846313110,Cierre Ganado,Guanajuato,Cerrado,Sin motivo especifico,2026-06-03 19:55:42.364000+00:00,2026-06-03 23:27:03.021000+00:00
60846323062,Cierre Perdido,San Luis Potosí,Cerrado,No tiene el dinero,2026-06-03 19:53:52.238000+00:00,2026-06-03 23:01:28.961000+00:00
64048390228,Perdido,San Luis Potosí,Cerrado,No tiene el dinero,2026-08-17 16:40:35.820000+00:00,2026-08-19 15:58:44.077000+00:00
41554340277,Cierre Ganado,San Luis Potosí,Cerrado,Sin motivo especifico,2025-08-07 16:10:10.311000+00:00,2025-08-04 16:09:30.186000+00:00
41562556311,Cierre Ganado,Guanajuato,Cerrado,Sin motivo especifico,2025-08-07 18:49:50.985000+00:00,2025-08-05 18:51:06.991000+00:00
60846343352,Cierre Ganado,San Luis Potosí,Cerrado,No tiene el dinero,2026-06-03 21:52:20.819000+00:00,2026-06-05 15:32:21.150000+00:00
48350177558,Cierre Ganado,Querétaro,Cerrado,Sin motivo especifico,2025-11-05 20:44:19.634000+00:00,2025-11-05 20:44:47.169000+00:00
48359061396,Cierre Ganado,Querétaro,Cerrado,Sin motivo especifico,2025-11-05 20:41:11.127000+00:00,2025-11-05 20:41:43.104000+00:00
60848476060,Cierre Ganado,Guanajuato,Cerrado,Sin motivo especifico,2026-06-04 00:00:29.772000+00:00,2026-06-04 15:00:27.117000+00:00
48359554602,Cierre Ganado,Querétaro,Cerrado,Sin motivo especifico,2025-11-05 20:37:37.895000+00:00,2025-11-05 20:38:03.003000+00:00
64434980180,Ganado,San Luis Potosí,Cerrado,Sin motivo especifico,2026-08-31 16:32:32.853000+00:00,2026-09-01 14:58:15.006000+00:00
48791377039,Cierre Ganado,Querétaro,Cerrado,Sin motivo especifico,2025-11-11 20:53:59.988000+00:00,2025-11-11 20:55:02.334000+00:00
42448865085,Cierre Ganado,Guanajuato,Cerrado,Sin motivo especifico,2025-08-19 22:04:30.233000+00:00,2025-08-13 22:04:15.631000+00:00
48791377754,Cierre Ganado,sin estado,Cerrado,Sin motivo especifico,2025-11-11 21:13:21.862000+00:00,2025-11-11 21:14:15.389000+00:00
60873484865,Cierre Ganado,Guanajuato,Cerrado,Sin motivo especifico,2026-06-04 23:26:54.356000+00:00,2026-06-09 16:37:27.636000+00:00
63765723409,Ganado,Zacatecas,Cerrado,Sin motivo especifico,2026-08-12 21:59:27.037000+00:00,2026-08-18 00:09:08.196000+00:00
48791378313,Cierre Ganado,Querétaro,Cerrado,Sin motivo especifico,2025-11-11 21:32:30.472000+00:00,2025-11-11 21:34:19.715000+00:00
60890493812,Cierre Ganado,Guanajuato,Cerrado,Sin motivo especifico,2026-06-05 15:31:57.153000+00:00,2026-06-05 15:31:40.802000+00:00
48859441680,Cierre Ganado,Querétaro,Cerrado,Sin motivo especifico,2025-11-11 21:24:58.286000+00:00,2025-11-11 21:25:41.981000+00:00
54726135735,Cierre Ganado,Querétaro,Cerrado,Sin motivo especifico,2026-01-27 18:24:44.441000+00:00,2026-01-27 18:25:03.460000+00:00
48878217749,Cierre Ganado,Querétaro,Cerrado,Sin motivo especifico,2025-11-11 21:42:38.479000+00:00,2025-11-11 21:42:57.952000+00:00
48886868569,Cierre Ganado,Sonora,Cerrado,Sin motivo especifico,2025-11-11 20:57:45.642000+00:00,2025-11-11 20:58:14.191000+00:00
63834261398,Perdido,San Luis Potosí,Cerrado,Sin Respuesta,2026-08-13 15:52:51.929000+00:00,2026-08-18 17:18:40.011000+00:00
63835050829,Ganado,Zacatecas,Cerrado,Sin motivo especifico,2026-08-13 20:00:19.281000+00:00,2026-08-19 15:57:09.335000+00:00
60897505558,Cierre Ganado,Aguascalientes,Cerrado,Sin motivo especifico,2026-06-05 23:05:45.118000+00:00,2026-06-08 15:30:45.283000+00:00
60959940960,Cierre Ganado,Tamaulipas,Cerrado,Sin motivo especifico,2026-06-08 16:06:20.732000+00:00,2026-06-15 16:22:50.476000+00:00
60962178927,Cierre Perdido,Chiapas,Cerrado,No tiene el dinero,2026-06-08 17:06:22.139000+00:00,2026-06-08 17:12:06.974000+00:00
48886975363,Cierre Perdido,San Luis Potosí,Cerrado,Falta de producto,2025-11-11 16:14:58.307000+00:00,2025-11-11 16:14:50.059000+00:00
53361515875,Cierre Ganado,Guanajuato,Cerrado,Sin motivo especifico,2026-01-06 22:51:41.398000+00:00,2026-01-06 22:51:26.695000+00:00
42448861881,Cierre Perdido,Querétaro,Cerrado,Falta de producto,2025-08-19 21:32:50.102000+00:00,2025-08-19 21:33:51.948000+00:00
42448860842,Cierre Ganado,San Luis Potosí,Cerrado,Sin motivo especifico,2025-08-19 21:23:50.125000+00:00,2025-08-12 21:23:37.242000+00:00
48886986817,Cierre Ganado,Hidalgo,Cerrado,Sin motivo especifico,2025-11-11 21:17:40.995000+00:00,2025-11-11 21:18:03.689000+00:00
42448859568,Cierre Ganado,Guanajuato,Cerrado,Sin motivo especifico,2025-08-19 21:12:29.300000+00:00,2025-08-12 21:12:08.106000+00:00
53387679374,Cierre Ganado,San Luis Potosí,Cerrado,Sin motivo especifico,2026-01-07 16:22:42.070000+00:00,2025-12-16 16:22:27.616000+00:00
64050551143,Lead,Querétaro,Abierto,Sin motivo especifico,,
60964811306,Cierre Perdido,San Luis Potosí,Cerrado,Falta de producto,2026-06-08 19:19:51.525000+00:00,2026-06-20 00:03:08.221000+00:00
60966207057,Cierre Ganado,Coahuila,Cerrado,Sin motivo especifico,2026-06-08 20:47:51.333000+00:00,2026-06-16 23:08:59.220000+00:00
54729391935,Cierre Ganado,Hidalgo,Cerrado,Sin motivo especifico,2026-01-27 17:44:30.934000+00:00,2026-01-27 17:45:07.708000+00:00
60984765512,Cierre Ganado,Guanajuato,Cerrado,Sin motivo especifico,2026-06-09 16:06:36.303000+00:00,2026-06-09 18:17:13.672000+00:00
60984802130,Cierre Ganado,Coahuila,Cerrado,Sin motivo especifico,2026-06-09 19:01:56.367000+00:00,2026-06-16 23:11:37.645000+00:00
61024592674,Cierre Perdido,Nuevo León,Cerrado,Eligio un producto de la competencia,2026-06-09 18:04:17.731000+00:00,2026-06-16 23:09:30.744000+00:00
53441920333,Cierre Ganado,San Luis Potosí,Cerrado,Sin motivo especifico,2026-01-08 17:58:02.436000+00:00,2026-01-31 17:56:40.553000+00:00
61024595297,Cierre Ganado,Coahuila,Cerrado,Sin motivo especifico,2026-06-09 18:30:12.810000+00:00,2026-06-16 23:33:12.231000+00:00
42448737359,Cierre Ganado,Guanajuato,Cerrado,Sin motivo especifico,2025-08-19 20:44:14.303000+00:00,2025-08-11 21:13:07.312000+00:00
61024650761,Cierre Ganado,Nuevo León,Cerrado,Sin motivo especifico,2026-06-10 00:31:47.442000+00:00,2026-06-15 16:24:20.221000+00:00
53441981191,Cierre Ganado,Aguascalientes,Cerrado,Sin motivo especifico,2026-01-08 17:54:54.730000+00:00,2026-01-08 17:54:49.691000+00:00
48939073421,Cierre Perdido,Ciudad De México,Cerrado,Falta de producto,2025-11-12 20:06:42.984000+00:00,2026-01-08 16:07:38.287000+00:00
63835809176,Perdido,San Luis Potosí,Cerrado,Sin Respuesta,2026-08-13 15:52:54.456000+00:00,2026-08-18 00:06:52.526000+00:00
63835965044,Perdido,Aguascalientes,Cerrado,Sin interés detectado,2026-08-13 15:52:53.237000+00:00,2026-08-13 17:39:35.552000+00:00
48943116056,Cierre Perdido,Aguascalientes,Cerrado,Falta de producto,2025-11-12 22:19:55.124000+00:00,2026-01-08 15:43:36.816000+00:00
48945854820,Cierre Ganado,Querétaro,Cerrado,Sin motivo especifico,2025-11-12 19:45:01.673000+00:00,2025-11-12 20:09:08.242000+00:00
42448735036,Cierre Ganado,Querétaro,Cerrado,Sin motivo especifico,2025-08-19 20:29:25.073000+00:00,2025-08-06 20:34:38.588000+00:00
61024858410,Cierre Ganado,Aguascalientes,Cerrado,Sin motivo especifico,2026-06-10 18:35:32.064000+00:00,2026-06-10 20:57:01.291000+00:00
61024889747,Cierre Ganado,Guanajuato,Cerrado,Sin motivo especifico,2026-06-10 19:58:12.914000+00:00,2026-07-03 00:42:59.618000+00:00
48945983850,Cierre Perdido,San Luis Potosí,Cerrado,No tiene el dinero,2025-11-12 22:26:05.350000+00:00,2025-12-11 00:29:37.773000+00:00
48948542529,Cierre Ganado,Querétaro,Cerrado,Sin motivo especifico,2025-11-12 19:48:22.923000+00:00,2025-11-12 20:09:00.519000+00:00
42448712603,Cierre Ganado,Querétaro,Cerrado,Sin motivo especifico,2025-08-19 18:16:11.511000+00:00,2025-08-07 20:34:24.523000+00:00
62115638297,Cierre Ganado,Guanajuato,Cerrado,Sin motivo especifico,2026-07-08 15:02:35.944000+00:00,2026-07-08 20:37:23.520000+00:00
61032308896,Cierre Ganado,Aguascalientes,Cerrado,Sin motivo especifico,2026-06-11 16:28:39.952000+00:00,2026-06-15 15:49:05.814000+00:00
41562554387,Cierre Ganado,Querétaro,Cerrado,Sin motivo especifico,2025-08-07 18:37:27.470000+00:00,2025-08-05 18:37:10.783000+00:00
53451103036,Cierre Ganado,Aguascalientes,Cerrado,Sin motivo especifico,2026-01-08 18:24:08.632000+00:00,2026-01-31 18:20:28.991000+00:00
61035328528,Cierre Ganado,Aguascalientes,Cerrado,Sin motivo especifico,2026-06-11 18:07:21.657000+00:00,2026-06-11 19:17:13.764000+00:00
62115645530,Cierre Ganado,San Luis Potosí,Cerrado,Sin motivo especifico,2026-07-08 16:44:21.975000+00:00,2026-07-09 00:29:14.202000+00:00
53451127352,Cierre Ganado,Guanajuato,Cerrado,Sin motivo especifico,2026-01-09 15:56:03.328000+00:00,2026-01-09 15:55:54.241000+00:00
53451291931,Cierre Perdido,Guanajuato,Cerrado,Falta de producto,2026-01-08 23:01:55.376000+00:00,2026-01-31 22:59:13.625000+00:00
41561933090,Cierre Ganado,Querétaro,Cerrado,Sin motivo especifico,2025-08-07 17:10:34.856000+00:00,2025-08-05 17:22:36.298000+00:00
54729393485,Cierre Ganado,Hidalgo,Cerrado,Sin motivo especifico,2026-01-27 18:18:50.211000+00:00,2026-01-27 18:19:11.411000+00:00
61111799163,Cierre Ganado,Guanajuato,Cerrado,Sin motivo especifico,2026-06-15 14:59:27.594000+00:00,2026-06-15 16:32:30.574000+00:00
63836273173,Perdido,Aguascalientes,Cerrado,Sin interés detectado,2026-08-13 15:52:52.483000+00:00,2026-08-13 17:42:45.223000+00:00
61111825269,Cierre Ganado,Nuevo León,Cerrado,Sin motivo especifico,2026-06-15 16:27:11.905000+00:00,2026-06-16 23:36:58.592000+00:00
61111827528,Cierre Perdido,Guanajuato,Cerrado,No tiene el dinero,2026-06-15 16:33:22.986000+00:00,2026-06-20 00:04:52.760000+00:00
64627637786,Lead,Querétaro,Abierto,Sin motivo especifico,2026-09-03 22:58:16.343000+00:00,2026-09-30 22:57:38.309000+00:00
54735678133,Cierre Ganado,Guanajuato,Cerrado,Sin motivo especifico,2026-01-27 18:38:57.763000+00:00,2026-01-27 18:39:22.093000+00:00
54735678843,Cierre Ganado,Querétaro,Cerrado,Sin motivo especifico,2026-01-27 18:53:52.090000+00:00,2026-01-27 18:55:09.968000+00:00
64577008812,Cotización,San Luis Potosí,Abierto,Sin motivo especifico,2026-09-02 16:43:51.071000+00:00,2026-09-30 16:42:56.491000+00:00
53495394850,Cierre Ganado,sin estado,Cerrado,Sin motivo especifico,2026-01-09 18:54:49.666000+00:00,2026-01-09 18:55:13.232000+00:00
61113537613,Cierre Ganado,Tamaulipas,Cerrado,Sin motivo especifico,2026-06-15 19:58:58.974000+00:00,2026-06-16 23:37:50.192000+00:00
61113545547,Cierre Ganado,sin estado,Cerrado,Sin motivo especifico,2026-06-15 20:49:41.747000+00:00,2026-06-16 23:41:58.467000+00:00
49448204081,Cierre Perdido,Querétaro,Cerrado,Falta de producto,2025-11-18 16:59:14.885000+00:00,2025-11-18 16:59:26.329000+00:00
54735735842,Cierre Ganado,Querétaro,Cerrado,Sin motivo especifico,2026-01-27 17:21:40.782000+00:00,2026-01-27 17:22:02.430000+00:00
63838130522,Perdido,San Luis Potosí,Cerrado,Sin interés detectado,2026-08-13 15:52:53.583000+00:00,2026-08-13 17:39:05.960000+00:00
63838309013,Perdido,San Luis Potosí,Cerrado,Sin Respuesta,2026-08-13 15:52:53.235000+00:00,2026-08-18 00:34:07.823000+00:00
63838774164,Perdido,San Luis Potosí,Cerrado,Sin Respuesta,2026-08-13 15:52:52.353000+00:00,2026-08-13 18:40:03.213000+00:00
61117219924,Cierre Ganado,Tamaulipas,Cerrado,Sin motivo especifico,2026-06-15 22:49:08.563000+00:00,2026-06-16 23:42:43.409000+00:00
49530910305,Cierre Perdido,Querétaro,Cerrado,Falta de producto,2025-11-18 16:57:36.480000+00:00,2025-11-18 16:57:49.035000+00:00
53495395237,Cierre Ganado,Querétaro,Cerrado,Sin motivo especifico,2026-01-09 19:05:26.564000+00:00,2026-01-09 19:05:48.509000+00:00
53495395970,Cierre Ganado,Querétaro,Cerrado,Sin motivo especifico,2026-01-09 19:22:46.055000+00:00,2026-01-09 19:23:18.184000+00:00
61129305220,Cierre Ganado,Coahuila,Cerrado,Sin motivo especifico,2026-06-16 18:05:50.697000+00:00,2026-06-16 23:43:42.863000+00:00
63838929950,Perdido,San Luis Potosí,Cerrado,Sin Respuesta,2026-08-13 15:52:53.216000+00:00,2026-08-18 00:35:38.189000+00:00
49530941966,Cierre Perdido,Guanajuato,Cerrado,Falta de producto,2025-11-19 15:44:05.102000+00:00,2025-11-19 16:30:08.779000+00:00
63839259658,Perdido,San Luis Potosí,Cerrado,Sin interés detectado,2026-08-13 15:52:52.648000+00:00,2026-08-13 17:42:24.311000+00:00
61129449515,Cierre Perdido,Guanajuato,Cerrado,Falta de producto,2026-06-16 21:38:15.323000+00:00,2026-06-17 22:46:04.985000+00:00
61129450797,Cierre Ganado,Coahuila,Cerrado,Sin motivo especifico,2026-06-16 22:35:06.089000+00:00,2026-06-22 23:43:11.358000+00:00
61129452429,Perdido,Aguascalientes,Cerrado,No tiene el dinero,2026-06-17 00:34:27.185000+00:00,2026-08-13 17:58:48.100000+00:00
61129511978,Perdido,Aguascalientes,Cerrado,No tiene el dinero,2026-06-16 22:01:04.155000+00:00,2026-08-05 16:50:33.624000+00:00
61129535102,Cierre Ganado,Coahuila,Cerrado,Sin motivo especifico,2026-06-17 16:37:38.363000+00:00,2026-06-18 23:15:03.454000+00:00
61129537615,Cierre Ganado,Tamaulipas,Cerrado,Sin motivo especifico,2026-06-17 17:39:15.852000+00:00,2026-06-19 15:22:00.145000+00:00
61129573488,Cierre Perdido,Guanajuato,Cerrado,Falta de producto,2026-06-16 21:39:43.587000+00:00,2026-06-17 22:45:54.129000+00:00
61129599622,Cierre Ganado,Puebla,Cerrado,Sin motivo especifico,2026-06-17 17:23:08.641000+00:00,2026-06-19 15:20:22.518000+00:00
61129634835,Cierre Perdido,Guanajuato,Cerrado,Eligio un producto de la competencia,2026-06-16 22:03:43.643000+00:00,2026-06-19 18:19:38.397000+00:00
63839259659,Perdido,Zacatecas,Cerrado,Sin Respuesta,2026-08-13 15:52:53.800000+00:00,2026-08-18 00:08:50.625000+00:00
61176282744,Cierre Perdido,Aguascalientes,Cerrado,No tiene el dinero,2026-06-16 21:58:03.857000+00:00,2026-07-02 16:44:55.889000+00:00
61176300941,Cierre Ganado,Guanajuato,Cerrado,Sin motivo especifico,2026-06-17 15:19:48.289000+00:00,2026-06-19 19:13:34.892000+00:00
61176303888,Cierre Ganado,Nuevo León,Cerrado,Sin motivo especifico,2026-06-17 16:25:43.088000+00:00,2026-06-18 23:13:05.840000+00:00
63839570007,Perdido,San Luis Potosí,Cerrado,Sin Respuesta,2026-08-13 15:52:53.153000+00:00,2026-08-18 00:37:12.072000+00:00
61176344942,Cierre Ganado,Tamaulipas,Cerrado,Sin motivo especifico,2026-06-16 22:45:28.019000+00:00,2026-06-16 23:56:21.374000+00:00
61176426136,Cierre Ganado,Coahuila,Cerrado,Sin motivo especifico,2026-06-17 15:45:36.095000+00:00,2026-06-18 23:12:25.979000+00:00
61205706679,Cierre Ganado,Aguascalientes,Cerrado,Sin motivo especifico,2026-06-17 20:54:57.946000+00:00,2026-06-17 23:11:12.410000+00:00
61205764482,Cierre Perdido,Guanajuato,Cerrado,No tiene el dinero,2026-06-17 19:23:25.357000+00:00,2026-07-09 00:38:06.741000+00:00
63839725223,Perdido,San Luis Potosí,Cerrado,Sin interés detectado,2026-08-13 15:52:54.101000+00:00,2026-08-13 17:38:36.608000+00:00
63840974175,Perdido,Aguascalientes,Cerrado,Sin Respuesta,2026-08-13 15:52:52.238000+00:00,2026-08-18 17:01:38.392000+00:00
61209668141,Cierre Perdido,Guanajuato,Cerrado,Falta de producto,2026-06-17 20:05:14.345000+00:00,2026-06-19 15:44:56.018000+00:00
63840974180,Perdido,San Luis Potosí,Cerrado,Sin interés detectado,2026-08-13 15:52:53.418000+00:00,2026-08-13 17:39:25.672000+00:00
63841438742,Perdido,San Luis Potosí,Cerrado,Sin interés detectado,2026-08-13 15:52:53.006000+00:00,2026-08-13 17:41:50.356000+00:00
63841594260,Perdido,San Luis Potosí,Cerrado,Sin Respuesta,2026-08-13 15:52:52.234000+00:00,2026-08-18 17:05:11.232000+00:00
63841903421,Perdido,San Luis Potosí,Cerrado,Sin Respuesta,2026-08-13 15:52:52.741000+00:00,2026-08-18 00:48:46.917000+00:00
61244537608,Cierre Ganado,Tamaulipas,Cerrado,Sin motivo especifico,2026-06-18 17:27:54.862000+00:00,2026-06-18 17:28:52.412000+00:00
63841903422,Perdido,San Luis Potosí,Cerrado,Sin Respuesta,2026-08-13 15:52:53.011000+00:00,2026-08-18 00:42:56.001000+00:00
63841903424,Perdido,San Luis Potosí,Cerrado,Sin interés detectado,2026-08-13 15:52:53.610000+00:00,2026-08-13 17:38:56.985000+00:00
63842365725,Perdido,Aguascalientes,Cerrado,Sin Respuesta,2026-08-13 15:52:53.010000+00:00,2026-08-18 00:44:05.797000+00:00
53500235267,Cierre Ganado,Hidalgo,Cerrado,Sin motivo especifico,2026-01-09 19:30:18.384000+00:00,2026-01-09 19:30:41.896000+00:00
63842522947,Perdido,San Luis Potosí,Cerrado,Sin interés detectado,2026-08-13 15:52:53.235000+00:00,2026-08-13 17:44:33.868000+00:00
49594525578,Cierre Perdido,Ciudad De México,Cerrado,Falta de producto,2025-11-18 16:53:43.946000+00:00,2025-11-18 16:53:59.134000+00:00
61267486551,Cierre Perdido,Tamaulipas,Cerrado,Falta de producto,2026-06-18 20:41:58.513000+00:00,2026-06-19 23:58:12.370000+00:00
63844398983,Perdido,San Luis Potosí,Cerrado,Sin Respuesta,2026-08-13 15:52:51.991000+00:00,2026-08-18 17:15:51.067000+00:00
49594525703,Cierre Perdido,Querétaro,Cerrado,Falta de producto,2025-11-18 16:55:32.809000+00:00,2025-11-18 16:56:02.778000+00:00
61293020432,Cierre Ganado,Aguascalientes,Cerrado,Sin motivo especifico,2026-06-18 19:25:06.186000+00:00,2026-06-19 19:13:42.591000+00:00
61293021858,Cierre Perdido,Nuevo León,Cerrado,Falta de producto,2026-06-18 20:05:54.357000+00:00,2026-07-21 23:23:14.515000+00:00
61293204841,Cierre Ganado,Coahuila,Cerrado,Sin motivo especifico,2026-06-18 18:43:45.527000+00:00,2026-06-22 23:50:53.995000+00:00
49616318831,Cierre Ganado,San Luis Potosí,Cerrado,Sin motivo especifico,2025-11-18 22:24:12.788000+00:00,2025-11-18 22:23:23.118000+00:00
53500296108,Cierre Ganado,Querétaro,Cerrado,Sin motivo especifico,2026-01-09 19:01:28.197000+00:00,2026-01-09 19:01:50.190000+00:00
63846083901,Perdido,Zacatecas,Cerrado,Sin Respuesta,2026-08-13 15:52:53.599000+00:00,2026-08-18 00:19:08.362000+00:00
63846393227,Perdido,Aguascalientes,Cerrado,Sin Respuesta,2026-08-13 15:52:52.303000+00:00,2026-08-13 18:40:31.001000+00:00
49641845676,Cierre Ganado,Guanajuato,Cerrado,Sin motivo especifico,2025-11-19 23:09:31.094000+00:00,2025-11-19 23:09:24.337000+00:00
63846548083,Perdido,Aguascalientes,Cerrado,Sin Respuesta,2026-08-13 15:52:52.548000+00:00,2026-08-18 16:55:31.761000+00:00
64577041157,Ganado,Querétaro,Cerrado,Sin motivo especifico,2026-09-03 16:06:00.218000+00:00,2026-09-03 22:45:32.309000+00:00
54263947071,Cierre Ganado,Guanajuato,Cerrado,Sin motivo especifico,2026-01-20 18:12:13.029000+00:00,2026-01-20 18:11:59.810000+00:00
49651554644,Cierre Ganado,San Luis Potosí,Cerrado,Sin motivo especifico,2025-11-19 22:20:31.136000+00:00,2025-11-19 22:20:02.524000+00:00
63847320348,Perdido,Aguascalientes,Cerrado,Sin Respuesta,2026-08-13 15:52:52.780000+00:00,2026-08-13 18:19:17.856000+00:00
63848707335,Perdido,Aguascalientes,Cerrado,Falta de producto,2026-08-13 15:52:53.645000+00:00,2026-08-13 18:10:12.525000+00:00
49700755733,Cierre Ganado,Aguascalientes,Cerrado,Sin motivo especifico,2025-11-20 19:39:06.490000+00:00,2025-11-20 19:38:25.988000+00:00
63850099318,Perdido,San Luis Potosí,Cerrado,Sin Respuesta,2026-08-13 15:52:52.220000+00:00,2026-08-18 00:03:35.774000+00:00
63850253184,Perdido,Aguascalientes,Cerrado,Sin Respuesta,2026-08-13 15:52:52.570000+00:00,2026-08-18 16:31:46.005000+00:00
53500420485,Cierre Ganado,Hidalgo,Cerrado,Sin motivo especifico,2026-01-09 19:11:28.759000+00:00,2026-01-09 19:12:10.872000+00:00
53500421487,Cierre Ganado,Querétaro,Cerrado,Sin motivo especifico,2026-01-09 19:35:44.156000+00:00,2026-01-09 19:36:05.058000+00:00
63850253186,Perdido,Aguascalientes,Cerrado,Sin Respuesta,2026-08-13 15:52:52.684000+00:00,2026-08-13 18:21:16.398000+00:00
63850409116,Perdido,Aguascalientes,Cerrado,Sin Respuesta,2026-08-13 15:52:53.037000+00:00,2026-08-18 00:40:55.758000+00:00
63850999602,Perdido,San Luis Potosí,Cerrado,Sin Respuesta,2026-08-13 15:52:53.738000+00:00,2026-08-18 00:17:04.912000+00:00
61355783233,Cierre Ganado,Nuevo León,Cerrado,Sin motivo especifico,2026-06-22 22:04:26.686000+00:00,2026-06-22 23:58:58.358000+00:00
61355798701,Cierre Ganado,Coahuila,Cerrado,Sin motivo especifico,2026-06-19 22:01:48.199000+00:00,2026-06-22 23:58:20.012000+00:00
53500421634,Cierre Ganado,Querétaro,Cerrado,Sin motivo especifico,2026-01-09 19:38:54.080000+00:00,2026-01-09 19:42:31.989000+00:00
53500481378,Cierre Ganado,Hidalgo,Cerrado,Sin motivo especifico,2026-01-09 18:47:46.711000+00:00,2026-01-09 18:48:11.111000+00:00
53500481715,Cierre Ganado,Querétaro,Cerrado,Sin motivo especifico,2026-01-09 18:57:51.645000+00:00,2026-01-09 18:58:46.192000+00:00
53500484977,Cierre Ganado,Aguascalientes,Cerrado,Sin motivo especifico,2026-01-09 20:19:09.432000+00:00,2026-01-09 20:19:00.586000+00:00
61355860853,Cierre Perdido,Aguascalientes,Cerrado,Falta de producto,2026-06-19 21:59:04.735000+00:00,2026-07-21 23:27:21.365000+00:00
63852389662,Perdido,San Luis Potosí,Cerrado,Sin Respuesta,2026-08-13 15:52:52.625000+00:00,2026-08-18 00:57:25.090000+00:00
63852389663,Perdido,San Luis Potosí,Cerrado,Sin interés detectado,2026-08-13 15:52:53.642000+00:00,2026-08-13 17:38:48.926000+00:00
63853012121,Perdido,Zacatecas,Cerrado,Sin interés detectado,2026-08-13 15:52:53.145000+00:00,2026-08-13 17:40:25.272000+00:00
63853631284,Perdido,San Luis Potosí,Cerrado,Sin Respuesta,2026-08-13 15:52:52.798000+00:00,2026-08-18 00:47:08.764000+00:00
42558503763,Cierre Ganado,Guanajuato,Cerrado,Sin motivo especifico,2025-08-20 21:32:40.737000+00:00,2025-08-15 21:32:28.261000+00:00
42558505553,Cierre Ganado,Guanajuato,Cerrado,Sin motivo especifico,2025-08-20 21:48:44.306000+00:00,2025-08-31 21:47:05.225000+00:00
42558506118,Cierre Ganado,Querétaro,Cerrado,Sin motivo especifico,2025-08-20 21:54:38.636000+00:00,2025-08-19 21:54:23.091000+00:00
42558508627,Cierre Ganado,San Luis Potosí,Cerrado,Sin motivo especifico,2025-08-20 22:21:50.398000+00:00,2025-08-05 22:21:35.721000+00:00
42558516599,Cierre Ganado,Ciudad De México,Cerrado,Sin motivo especifico,2025-08-21 00:30:33.956000+00:00,2025-08-08 00:30:25.903000+00:00
42558562958,Cierre Ganado,Guanajuato,Cerrado,Sin motivo especifico,2025-08-20 21:41:33.875000+00:00,2025-08-31 21:39:56.206000+00:00
42558564899,Cierre Ganado,Querétaro,Cerrado,Sin motivo especifico,2025-08-20 22:00:17.216000+00:00,2025-08-19 22:02:05.719000+00:00
42558572800,Cierre Ganado,Ciudad De México,Cerrado,Sin motivo especifico,2025-08-20 23:55:25.805000+00:00,2025-08-05 23:55:11.894000+00:00
42656985133,Cierre Ganado,San Luis Potosí,Cerrado,Sin motivo especifico,2025-08-21 22:16:18.487000+00:00,2025-08-19 22:16:49.271000+00:00
42657602317,Cierre Ganado,San Luis Potosí,Cerrado,Sin motivo especifico,2025-08-21 23:56:21.251000+00:00,2025-08-20 23:56:06.672000+00:00
42712838693,Cierre Ganado,Guanajuato,Cerrado,Sin motivo especifico,2025-08-22 19:06:41.653000+00:00,2025-08-21 19:06:26.648000+00:00
42713404833,Cierre Ganado,Aguascalientes,Cerrado,Sin motivo especifico,2025-08-22 19:30:10.571000+00:00,2025-08-19 19:31:06.465000+00:00
42713406875,Cierre Ganado,Querétaro,Cerrado,Sin motivo especifico,2025-08-22 19:45:49.883000+00:00,2025-08-18 19:45:36.903000+00:00
53500543542,Cierre Ganado,Querétaro,Cerrado,Sin motivo especifico,2026-01-09 18:51:18.304000+00:00,2026-01-09 18:51:43.364000+00:00
62121600269,Cierre Ganado,Querétaro,Cerrado,Sin motivo especifico,2026-07-02 22:50:23.291000+00:00,2026-07-03 17:49:55.643000+00:00
63853938989,Perdido,San Luis Potosí,Cerrado,Sin Respuesta,2026-08-13 15:52:52.768000+00:00,2026-08-18 00:48:24.855000+00:00
63854561686,Perdido,Aguascalientes,Cerrado,Sin interés detectado,2026-08-13 15:52:53.568000+00:00,2026-08-13 17:39:14.714000+00:00
63854871991,Perdido,Zacatecas,Cerrado,Sin Respuesta,2026-08-13 15:52:52.409000+00:00,2026-08-18 16:58:17.704000+00:00
53536949671,Cierre Ganado,Hidalgo,Cerrado,Sin motivo especifico,2026-01-09 19:28:45.214000+00:00,2026-01-09 19:29:07.222000+00:00
61465472343,Cierre Ganado,San Luis Potosí,Cerrado,Sin motivo especifico,2026-06-23 14:49:50.673000+00:00,2026-06-25 17:49:56.912000+00:00
53550423894,Cierre Ganado,Guanajuato,Cerrado,Sin motivo especifico,2026-01-09 22:16:06.030000+00:00,2026-01-09 22:15:56.150000+00:00
53697232204,Cierre Perdido,San Luis Potosí,Cerrado,Falta de producto,2026-01-13 15:56:50.491000+00:00,2026-03-31 17:58:01.256000+00:00
64462582199,Contactado,Querétaro,Abierto,Sin motivo especifico,,
62121936813,Cierre Ganado,Guanajuato,Cerrado,Sin motivo especifico,2026-07-06 23:25:23.686000+00:00,2026-07-07 00:38:51.755000+00:00
61465641755,Cierre Ganado,Guanajuato,Cerrado,Sin motivo especifico,2026-06-24 22:51:00.400000+00:00,2026-06-25 00:41:35.279000+00:00
62121937032,Cierre Ganado,Zacatecas,Cerrado,Sin motivo especifico,2026-07-06 23:39:34.908000+00:00,2026-07-08 00:30:40.879000+00:00
53754272559,Cierre Perdido,Aguascalientes,Cerrado,No tiene el dinero,2026-01-13 15:30:08.444000+00:00,2026-01-21 16:35:41.402000+00:00
61475109717,Cierre Ganado,Guanajuato,Cerrado,Sin motivo especifico,2026-06-23 22:55:24.981000+00:00,2026-06-24 00:41:03.108000+00:00
61475129949,Perdido,Aguascalientes,Cerrado,Sin interés detectado,2026-06-24 16:27:04.879000+00:00,2026-08-11 17:14:19.469000+00:00
61475132447,Cierre Perdido,San Luis Potosí,Cerrado,Falta de producto,2026-06-24 17:26:07.372000+00:00,2026-06-25 15:17:07.610000+00:00
43157178922,Cierre Ganado,Guanajuato,Cerrado,Sin motivo especifico,2025-08-30 04:49:14.901000+00:00,2025-08-22 04:48:56.766000+00:00
43157482834,Cierre Ganado,San Luis Potosí,Cerrado,Sin motivo especifico,2025-08-30 04:59:38.872000+00:00,2025-08-30 05:01:37.380000+00:00
43163664664,Cierre Ganado,Guanajuato,Cerrado,Sin motivo especifico,2025-08-30 04:42:21.709000+00:00,2025-08-30 04:44:57.381000+00:00
43163787855,Cierre Ganado,Guanajuato,Cerrado,Sin motivo especifico,2025-08-30 04:54:56.492000+00:00,2025-08-30 04:55:39.132000+00:00
43235388525,Cierre Perdido,San Luis Potosí,Cerrado,No tiene el dinero,2025-09-01 16:26:16.605000+00:00,2025-09-10 00:57:08.884000+00:00
43245444769,Cierre Perdido,Guanajuato,Cerrado,No tiene el dinero,2025-09-01 23:49:00.201000+00:00,2025-10-14 17:12:01.218000+00:00
43245505132,Cierre Ganado,Querétaro,Cerrado,Sin motivo especifico,2025-09-01 22:06:51.846000+00:00,2025-08-30 00:43:24.452000+00:00
43289384850,Cierre Ganado,Guanajuato,Cerrado,Sin motivo especifico,2025-09-04 00:18:21.181000+00:00,2025-08-30 00:43:16.846000+00:00
43289385224,Cierre Ganado,San Luis Potosí,Cerrado,Sin motivo especifico,2025-09-04 00:42:48.874000+00:00,2025-09-05 18:35:35.208000+00:00
50513522198,Cierre Ganado,Aguascalientes,Cerrado,Sin motivo especifico,2025-11-26 16:59:03.541000+00:00,2025-11-24 16:58:13.795000+00:00
61507358292,Cierre Ganado,Guanajuato,Cerrado,Sin motivo especifico,2026-06-24 15:22:25.833000+00:00,2026-06-25 20:33:14.390000+00:00
43319721611,Cierre Perdido,Guanajuato,Cerrado,No tiene el dinero,2025-09-03 16:01:54.909000+00:00,2025-09-25 22:55:49.997000+00:00
50524335397,Cierre Ganado,Querétaro,Cerrado,Sin motivo especifico,2025-11-28 21:18:20.611000+00:00,2025-11-28 21:19:41.992000+00:00
54735737011,Cierre Ganado,Querétaro,Cerrado,Sin motivo especifico,2026-01-27 17:48:28.520000+00:00,2026-01-27 17:52:04.153000+00:00
43331358779,Cierre Ganado,San Luis Potosí,Cerrado,Sin motivo especifico,2025-09-04 00:30:12.676000+00:00,2025-08-30 00:43:09.176000+00:00
43331381550,Cierre Perdido,Guanajuato,Cerrado,No tiene el dinero,2025-09-04 17:02:14.938000+00:00,2025-10-01 17:01:06.123000+00:00
43331951439,Cierre Perdido,Aguascalientes,Cerrado,No tiene el dinero,2025-09-04 17:48:21.601000+00:00,2025-09-25 15:24:25.156000+00:00
43347793297,Cierre Ganado,Querétaro,Cerrado,Sin motivo especifico,2025-09-04 00:11:33.958000+00:00,2025-08-30 00:43:20.876000+00:00
43365450127,Cierre Ganado,San Luis Potosí,Cerrado,Sin motivo especifico,2025-09-04 17:56:45.361000+00:00,2025-08-29 17:56:34.614000+00:00
43374211127,Cierre Perdido,Guanajuato,Cerrado,No tiene el dinero,2025-09-04 23:09:22.757000+00:00,2025-10-10 17:15:47.211000+00:00
50563628956,Cierre Ganado,Querétaro,Cerrado,Sin motivo especifico,2025-11-28 20:32:59.824000+00:00,2025-11-28 20:33:46.364000+00:00
50566158213,Cierre Ganado,Querétaro,Cerrado,Sin motivo especifico,2025-11-28 21:03:21.288000+00:00,2025-11-28 21:03:46.049000+00:00
50574808664,Cierre Ganado,Querétaro,Cerrado,Sin motivo especifico,2025-11-28 21:07:16.371000+00:00,2025-11-28 21:07:58.213000+00:00
50575192164,Cierre Ganado,Querétaro,Cerrado,Sin motivo especifico,2025-11-28 21:21:56.039000+00:00,2025-11-28 21:22:47.647000+00:00
50591200597,Cierre Ganado,Querétaro,Cerrado,Sin motivo especifico,2025-11-28 20:38:36.164000+00:00,2025-11-28 20:39:04.508000+00:00
50591321185,Cierre Ganado,Hidalgo,Cerrado,Sin motivo especifico,2025-11-28 21:13:02.791000+00:00,2026-01-08 15:34:18.609000+00:00
62121939970,Cierre Ganado,Guanajuato,Cerrado,Sin motivo especifico,2026-07-06 23:31:00.707000+00:00,2026-07-07 17:02:24.817000+00:00
53897836684,Cierre Ganado,Querétaro,Cerrado,Sin motivo especifico,2026-01-15 00:25:02.478000+00:00,2026-01-15 00:26:24.714000+00:00
62121942968,Cierre Ganado,San Luis Potosí,Cerrado,Sin motivo especifico,2026-07-07 00:05:21.155000+00:00,2026-07-08 00:27:36.613000+00:00
53897836847,Cierre Ganado,Ciudad De México,Cerrado,Sin motivo especifico,2026-01-15 00:33:19.919000+00:00,2026-01-27 22:51:23.618000+00:00
43476192275,Cierre Perdido,San Luis Potosí,Cerrado,Falta de producto,2025-09-08 20:06:53.096000+00:00,2026-03-31 17:56:43.694000+00:00
61507424151,Cierre Ganado,Tamaulipas,Cerrado,Sin motivo especifico,2026-06-24 15:29:35.452000+00:00,2026-06-25 00:41:25.460000+00:00
61507428735,Cierre Ganado,Nuevo León,Cerrado,Sin motivo especifico,2026-06-24 17:25:03.611000+00:00,2026-06-25 00:39:58.547000+00:00
53946437225,Cierre Perdido,sin estado,Cerrado,No tiene el dinero,2026-01-15 00:28:15.213000+00:00,2026-02-23 19:23:55.953000+00:00
62122020643,Cierre Ganado,Guanajuato,Cerrado,Sin motivo especifico,2026-07-07 16:27:42.856000+00:00,2026-07-07 19:57:51.711000+00:00
62122029463,Cierre Ganado,Guanajuato,Cerrado,Sin motivo especifico,2026-07-07 17:21:15.680000+00:00,2026-07-07 20:23:17.996000+00:00
61507465570,Cierre Perdido,San Luis Potosí,Cerrado,Falta de producto,2026-06-24 00:30:21.976000+00:00,2026-06-24 00:41:16.147000+00:00
62122056087,Cierre Ganado,Durango,Cerrado,Sin motivo especifico,2026-07-07 20:09:42.672000+00:00,2026-07-08 00:07:00.493000+00:00
53946437255,Cierre Ganado,Ciudad De México,Cerrado,Sin motivo especifico,2026-01-15 00:31:29.547000+00:00,2026-01-27 22:53:56.107000+00:00
43542836049,Cierre Perdido,Aguascalientes,Cerrado,No tiene el dinero,2025-09-10 19:07:04.979000+00:00,2025-09-26 22:38:13.001000+00:00
53946494992,Cierre Ganado,Querétaro,Cerrado,Sin motivo especifico,2026-01-15 00:35:01.526000+00:00,2026-01-27 22:48:33.015000+00:00
62122065954,Cierre Perdido,Puebla,Cerrado,No tiene el dinero,2026-07-07 20:42:12.718000+00:00,2026-07-20 20:20:32.059000+00:00
54739999585,Cierre Ganado,Querétaro,Cerrado,Sin motivo especifico,2026-01-27 19:01:55.496000+00:00,2026-01-27 19:21:51.662000+00:00
53999171255,Cierre Ganado,Aguascalientes,Cerrado,Sin motivo especifico,2026-01-15 20:17:12.678000+00:00,2026-01-15 20:16:56.171000+00:00
64098363542,Perdido,San Luis Potosí,Cerrado,Sin Respuesta,2026-08-18 00:40:22.840000+00:00,2026-08-18 15:55:07.265000+00:00
54740001035,Cierre Ganado,Querétaro,Cerrado,Sin motivo especifico,2026-01-27 19:34:56.713000+00:00,2026-01-27 19:35:23+00:00
43659367037,Cierre Perdido,Guanajuato,Cerrado,No pasó su crédito (Financiera),2025-09-12 18:34:19.508000+00:00,2025-10-14 17:13:40.719000+00:00
63854872065,Perdido,Zacatecas,Cerrado,Sin Respuesta,2026-08-13 15:52:53.659000+00:00,2026-08-13 18:06:46.445000+00:00
63855024910,Perdido,San Luis Potosí,Cerrado,Sin interés detectado,2026-08-13 15:52:53.099000+00:00,2026-08-13 17:41:37.975000+00:00
61624664111,Cierre Perdido,Guanajuato,Cerrado,No tiene el dinero,2026-06-26 20:27:43.748000+00:00,2026-07-16 16:57:55.876000+00:00
63855178853,Perdido,Aguascalientes,Cerrado,Sin interés detectado,2026-08-13 15:52:52.700000+00:00,2026-08-13 17:42:14.552000+00:00
54010472520,Cierre Perdido,Guanajuato,Cerrado,No tiene el dinero,2026-01-15 16:29:37.039000+00:00,2026-03-31 17:57:55.270000+00:00
50879459999,Cierre Ganado,San Luis Potosí,Cerrado,Sin motivo especifico,2025-12-01 23:24:36.012000+00:00,2025-12-01 23:24:23.531000+00:00
43739904655,Cierre Perdido,Guanajuato,Cerrado,Eligio un producto de la competencia,2025-09-17 16:42:22.204000+00:00,2025-10-17 00:53:41.091000+00:00
54010474537,Cierre Perdido,San Luis Potosí,Cerrado,Falta de producto,2026-01-15 17:09:15.137000+00:00,2026-01-15 17:08:42.246000+00:00
55649219903,Cierre Perdido,Querétaro,Cerrado,No tiene el dinero,2026-02-06 15:47:50.655000+00:00,2026-02-25 16:36:31.363000+00:00
55662835349,Cierre Ganado,Hidalgo,Cerrado,Sin motivo especifico,2026-02-06 15:41:30.700000+00:00,2026-02-23 19:24:25.315000+00:00
55663209866,Cierre Ganado,Ciudad De México,Cerrado,Sin motivo especifico,2026-02-06 15:43:50.894000+00:00,2026-02-06 15:44:00.794000+00:00
62639587369,Ganado,San Luis Potosí,Cerrado,Sin motivo especifico,2026-07-14 21:44:43.166000+00:00,2026-07-16 16:50:50.489000+00:00
54010718282,Cierre Ganado,Guanajuato,Cerrado,Sin motivo especifico,2026-01-15 18:46:49.529000+00:00,2026-01-15 18:46:35.846000+00:00
62639587742,Ganado,Quintana Roo,Cerrado,Sin motivo especifico,2026-07-14 22:01:38.680000+00:00,2026-07-17 18:46:49.609000+00:00
62640951212,Ganado,San Luis Potosí,Cerrado,Sin motivo especifico,2026-07-14 21:37:39.409000+00:00,2026-07-22 22:00:18.807000+00:00
42100234151,Cierre Perdido,Colima,Cerrado,Falta de producto,2025-08-14 19:17:48.734000+00:00,2025-08-19 00:31:47.468000+00:00
62657758503,Ganado,Zacatecas,Cerrado,Sin motivo especifico,2026-07-15 18:03:50.913000+00:00,2026-07-17 18:47:39.896000+00:00
62660985622,Ganado,San Luis Potosí,Cerrado,Sin motivo especifico,2026-07-16 01:39:45.562000+00:00,2026-07-17 18:48:16.552000+00:00
54010781267,Cierre Ganado,Guanajuato,Cerrado,Sin motivo especifico,2026-01-15 19:10:50.165000+00:00,2026-01-15 19:10:25.843000+00:00
51020286618,Cierre Perdido,San Luis Potosí,Cerrado,No tiene el dinero,2025-12-02 18:26:22.529000+00:00,2026-01-05 19:15:01.604000+00:00
62661161143,Perdido,San Luis Potosí,Cerrado,Sin motivo especifico,2026-07-15 19:17:14.147000+00:00,2026-07-24 16:29:04.421000+00:00
62704117544,Ganado,San Luis Potosí,Cerrado,Sin motivo especifico,2026-07-16 14:23:16.524000+00:00,2026-07-17 18:39:09.451000+00:00
62704186436,Ganado,San Luis Potosí,Cerrado,Sin motivo especifico,2026-07-16 16:56:45.567000+00:00,2026-07-21 17:40:01.229000+00:00
44074650220,Cierre Perdido,Guanajuato,Cerrado,No tiene el dinero,2025-09-22 16:13:13.754000+00:00,2025-11-12 19:07:50.236000+00:00
44081201798,Cierre Ganado,Querétaro,Cerrado,Sin motivo especifico,2025-09-22 17:28:56.656000+00:00,2025-09-13 17:28:40.213000+00:00
61625176325,Cierre Perdido,Puebla,Cerrado,No tiene el dinero,2026-06-25 15:06:42.070000+00:00,2026-06-25 15:07:01.602000+00:00
63855486801,Perdido,San Luis Potosí,Cerrado,Sin Respuesta,2026-08-13 15:52:52.452000+00:00,2026-08-13 17:45:07.980000+00:00
63855486802,Perdido,Zacatecas,Cerrado,Sin Respuesta,2026-08-13 15:52:52.669000+00:00,2026-08-18 15:56:23.241000+00:00
63835346514,Perdido,San Luis Potosí,Cerrado,Sin Respuesta,2026-08-13 15:52:51.782000+00:00,2026-08-18 00:44:44.374000+00:00
63855643234,Perdido,Aguascalientes,Cerrado,Sin Respuesta,2026-08-13 15:52:52.134000+00:00,2026-08-18 17:14:18.832000+00:00
61625249399,Cierre Ganado,Guanajuato,Cerrado,Sin motivo especifico,2026-06-25 19:42:24.881000+00:00,2026-06-25 20:33:12.127000+00:00
54050140775,Cierre Ganado,Aguascalientes,Cerrado,Sin motivo especifico,2026-01-16 22:38:14.272000+00:00,2026-01-16 22:37:57.431000+00:00
63856154466,Perdido,San Luis Potosí,Cerrado,Sin Respuesta,2026-08-13 15:52:53.087000+00:00,2026-08-18 00:39:04.558000+00:00
54074158242,Cierre Ganado,Guanajuato,Cerrado,Sin motivo especifico,2026-01-16 17:41:34.749000+00:00,2026-01-16 17:41:19.952000+00:00
44206666354,Cierre Ganado,Querétaro,Cerrado,Sin motivo especifico,2025-09-23 18:53:41.300000+00:00,2025-09-13 18:53:34.288000+00:00
44206726443,Cierre Ganado,Hidalgo,Cerrado,Sin motivo especifico,2025-09-23 18:15:24.374000+00:00,2025-09-11 18:15:11.861000+00:00
44206726956,Cierre Ganado,Hidalgo,Cerrado,Sin motivo especifico,2025-09-23 18:29:07.798000+00:00,2025-09-10 18:28:56.929000+00:00
44206728339,Cierre Ganado,Hidalgo,Cerrado,Sin motivo especifico,2025-09-23 19:04:26.802000+00:00,2025-09-17 19:04:18.595000+00:00
64338331217,Perdido,Aguascalientes,Cerrado,Sin Respuesta,2026-08-26 21:56:35.704000+00:00,2026-08-27 20:11:33.516000+00:00
44206786948,Cierre Ganado,Querétaro,Cerrado,Sin motivo especifico,2025-09-23 17:33:45.350000+00:00,2025-09-03 17:33:34.090000+00:00
56545069335,Cierre Ganado,Querétaro,Cerrado,Sin motivo especifico,2026-02-18 16:01:19.572000+00:00,2026-02-18 16:01:44.518000+00:00
56545069572,Cierre Ganado,Hidalgo,Cerrado,Sin motivo especifico,2026-02-18 16:05:56.291000+00:00,2026-02-18 16:08:38.370000+00:00
56545073324,Cierre Ganado,Querétaro,Cerrado,Sin motivo especifico,2026-02-18 17:25:26.787000+00:00,2026-02-18 17:26:00.262000+00:00
56545074094,Cierre Ganado,Querétaro,Cerrado,Sin motivo especifico,2026-02-18 17:43:06.624000+00:00,2026-02-18 17:43:23.804000+00:00
56549306649,Cierre Ganado,Querétaro,Cerrado,Sin motivo especifico,2026-02-18 17:19:08.284000+00:00,2026-02-18 17:19:22.438000+00:00
56549360954,Cierre Ganado,Querétaro,Cerrado,Sin motivo especifico,2026-02-18 15:58:03.770000+00:00,2026-02-18 15:58:49.953000+00:00
44206787232,Cierre Ganado,Querétaro,Cerrado,Sin motivo especifico,2025-09-23 17:40:27.619000+00:00,2025-09-03 17:40:20.781000+00:00
56574874931,Cierre Ganado,Querétaro,Cerrado,Sin motivo especifico,2026-02-18 16:15:42.909000+00:00,2026-02-18 16:16:07.788000+00:00
56574875277,Cierre Ganado,Hidalgo,Cerrado,Sin motivo especifico,2026-02-18 16:23:28.717000+00:00,2026-02-18 16:26:54.767000+00:00
44206787749,Cierre Ganado,Querétaro,Cerrado,Sin motivo especifico,2025-09-23 17:53:58.918000+00:00,2025-09-11 17:53:49.823000+00:00
44206789776,Cierre Ganado,Querétaro,Cerrado,Sin motivo especifico,2025-09-23 18:44:49.001000+00:00,2025-09-11 18:44:40.168000+00:00
56610941553,Cierre Ganado,sin estado,Cerrado,Sin motivo especifico,2026-02-18 16:12:33.275000+00:00,2026-02-18 16:13:56.526000+00:00
44206789985,Cierre Ganado,Querétaro,Cerrado,Sin motivo especifico,2025-09-23 18:49:39.362000+00:00,2025-09-30 18:47:55.791000+00:00
56611498509,Cierre Ganado,sin estado,Cerrado,Sin motivo especifico,2026-02-18 16:10:34.229000+00:00,2026-02-18 16:10:55.142000+00:00
56611560579,Cierre Ganado,Hidalgo,Cerrado,Sin motivo especifico,2026-02-18 17:13:27.530000+00:00,2026-02-18 17:13:57.594000+00:00
56611621759,Cierre Ganado,Querétaro,Cerrado,Sin motivo especifico,2026-02-18 17:22:16.416000+00:00,2026-02-18 17:23:25.417000+00:00
56611622296,Cierre Ganado,Querétaro,Cerrado,Sin motivo especifico,2026-02-18 17:34:16.617000+00:00,2026-02-18 17:34:32.602000+00:00
56645831586,Cierre Ganado,sin estado,Cerrado,Sin motivo especifico,2026-02-19 17:04:50.988000+00:00,2026-02-19 17:14:58.101000+00:00
56645846088,Cierre Ganado,Querétaro,Cerrado,Sin motivo especifico,2026-02-19 23:19:50.438000+00:00,2026-02-19 23:20:17.222000+00:00
56645907096,Cierre Ganado,Querétaro,Cerrado,Sin motivo especifico,2026-02-19 23:39:18.519000+00:00,2026-02-23 19:26:20.196000+00:00
44214774140,Cierre Ganado,Querétaro,Cerrado,Sin motivo especifico,2025-09-23 17:16:28.368000+00:00,2025-09-02 17:16:19.209000+00:00
44214774446,Cierre Ganado,Querétaro,Cerrado,Sin motivo especifico,2025-09-23 17:24:07.353000+00:00,2025-09-03 17:23:58.112000+00:00
44214776090,Cierre Ganado,Querétaro,Cerrado,Sin motivo especifico,2025-09-23 18:02:13.723000+00:00,2025-09-23 18:03:01.822000+00:00
56646626387,Cierre Ganado,Querétaro,Cerrado,Sin motivo especifico,2026-02-19 23:41:25.345000+00:00,2026-02-23 19:34:12.973000+00:00
56725233683,Calificado Para Comprar,sin estado,Abierto,Sin motivo especifico,,
44214776926,Cierre Ganado,Querétaro,Cerrado,Sin motivo especifico,2025-09-23 18:22:57.289000+00:00,2025-09-09 18:22:48.396000+00:00
56896558387,Cierre Ganado,Querétaro,Cerrado,Sin motivo especifico,2026-02-23 19:29:58.768000+00:00,2026-02-23 19:30:06.362000+00:00
44214839300,Cierre Ganado,Querétaro,Cerrado,Sin motivo especifico,2025-09-23 18:37:39.482000+00:00,2025-09-10 18:37:25.359000+00:00
55116992105,Cierre Ganado,Guanajuato,Cerrado,Sin motivo especifico,2026-01-30 18:21:50.903000+00:00,2026-01-30 18:20:40.411000+00:00
44214895002,Cierre Ganado,Querétaro,Cerrado,Sin motivo especifico,2025-09-23 17:47:05.914000+00:00,2025-09-10 17:46:56.709000+00:00
44451813270,Cierre Ganado,Querétaro,Cerrado,Sin motivo especifico,2025-09-23 22:18:48.622000+00:00,2025-09-23 22:32:49.199000+00:00
57019209837,Cierre Perdido,Querétaro,Cerrado,Falta de producto,2026-02-25 17:12:59.629000+00:00,2026-02-25 17:13:31.376000+00:00
57019210862,Cierre Perdido,Querétaro,Cerrado,Falta de producto,2026-02-25 17:31:48.691000+00:00,2026-02-25 17:32:08.374000+00:00
57019272317,Cierre Perdido,Querétaro,Cerrado,Falta de producto,2026-02-25 17:24:57.787000+00:00,2026-02-25 17:25:13.854000+00:00
57019272510,Cierre Perdido,Hidalgo,Cerrado,Falta de producto,2026-02-25 17:28:41.855000+00:00,2026-02-25 17:30:08.594000+00:00
44452630895,Cierre Ganado,Querétaro,Cerrado,Sin motivo especifico,2025-09-24 15:29:58.490000+00:00,2025-09-24 15:34:15.470000+00:00
54609950117,Cierre Ganado,Hidalgo,Cerrado,Sin motivo especifico,2026-01-27 17:17:38.937000+00:00,2026-01-27 17:18:04.949000+00:00
64577078361,Negociación,Aguascalientes,Abierto,Sin motivo especifico,2026-09-02 19:55:50.616000+00:00,2026-09-30 19:54:57.874000+00:00
64519417758,Ganado,Zacatecas,Cerrado,Sin motivo especifico,2026-08-31 18:56:30.795000+00:00,2026-09-01 23:21:01.254000+00:00
62706563429,Ganado,Aguascalientes,Cerrado,Sin motivo especifico,2026-07-17 18:40:37.372000+00:00,2026-07-17 18:45:57.507000+00:00
64519427073,Ganado,Querétaro,Cerrado,Sin motivo especifico,2026-08-31 23:22:39.742000+00:00,2026-08-31 23:31:16.429000+00:00
51339944029,Cierre Perdido,Aguascalientes,Cerrado,No tiene el dinero,2025-12-08 16:09:20.296000+00:00,2026-01-05 19:12:33.377000+00:00
62706626142,Ganado,San Luis Potosí,Cerrado,Sin motivo especifico,2026-07-17 18:31:22.128000+00:00,2026-07-17 18:38:05.304000+00:00
61625300086,Cierre Perdido,Puebla,Cerrado,Eligio un producto de la competencia,2026-06-25 15:04:54.926000+00:00,2026-06-25 15:05:30.821000+00:00
64519448648,Negociación,Querétaro,Abierto,Sin motivo especifico,2026-09-01 16:17:55.557000+00:00,2026-09-30 16:16:58.030000+00:00
61625315584,Cierre Perdido,Tamaulipas,Cerrado,Falta de producto,2026-06-25 22:42:09.912000+00:00,2026-07-08 00:01:52.416000+00:00
61625337107,Cierre Ganado,Nuevo León,Cerrado,Sin motivo especifico,2026-06-26 18:01:11.929000+00:00,2026-07-07 21:09:33.414000+00:00
64519477085,Cotización,Querétaro,Abierto,Sin motivo especifico,2026-08-31 18:13:38.149000+00:00,2026-08-31 18:12:26.917000+00:00
57452347996,Cierre Ganado,Querétaro,Cerrado,Sin motivo especifico,2026-03-03 19:36:43.039000+00:00,2026-03-26 16:18:27.680000+00:00
57452410238,Cierre Ganado,Querétaro,Cerrado,Sin motivo especifico,2026-03-03 19:43:36.840000+00:00,2026-03-04 23:04:14.871000+00:00
57452411745,Cierre Ganado,sin estado,Cerrado,Sin motivo especifico,2026-03-03 20:16:26.887000+00:00,2026-03-04 23:11:41.990000+00:00
63857239563,Perdido,San Luis Potosí,Cerrado,Sin Respuesta,2026-08-13 15:52:52.633000+00:00,2026-08-18 16:28:27.678000+00:00
41540812803,Cierre Ganado,Aguascalientes,Cerrado,Sin motivo especifico,2025-08-07 18:54:43.283000+00:00,2025-08-05 18:54:19.309000+00:00
57506392717,Cierre Perdido,Querétaro,Cerrado,Eligio un producto de la competencia,2026-03-03 20:20:42.776000+00:00,2026-05-19 15:12:51.277000+00:00
57506452390,Cierre Ganado,Ciudad De México,Cerrado,Sin motivo especifico,2026-03-03 20:05:03.144000+00:00,2026-03-19 20:36:38.403000+00:00
64519482494,Ganado,San Luis Potosí,Cerrado,Sin motivo especifico,2026-08-31 20:26:31.642000+00:00,2026-09-01 23:21:12.848000+00:00
57539413773,Cierre Perdido,Querétaro,Cerrado,Falta de producto,2026-03-04 23:18:48.126000+00:00,2026-03-04 23:42:28.676000+00:00
57553726576,Cierre Perdido,Hidalgo,Cerrado,Falta de producto,2026-03-04 23:14:32.845000+00:00,2026-03-04 23:17:12.086000+00:00
57553787518,Cierre Perdido,Puebla,Cerrado,No tiene el dinero,2026-03-04 23:06:52.303000+00:00,2026-05-19 15:12:03.880000+00:00
57601628754,Cierre Perdido,Querétaro,Cerrado,No tiene el dinero,2026-03-05 15:59:35.829000+00:00,2026-07-08 00:04:34.631000+00:00
62412763055,Cierre Perdido,Querétaro,Cerrado,No paso su credito,2026-07-08 15:37:02.719000+00:00,2026-07-22 00:31:54.237000+00:00
63857861728,Perdido,San Luis Potosí,Cerrado,Sin Respuesta,2026-08-13 15:52:52.503000+00:00,2026-08-13 18:34:53.586000+00:00
63858324260,Perdido,San Luis Potosí,Cerrado,Sin interés detectado,2026-08-13 15:52:52.549000+00:00,2026-08-13 17:42:37.009000+00:00
63858480498,Perdido,San Luis Potosí,Cerrado,Sin interés detectado,2026-08-13 15:52:52.903000+00:00,2026-08-13 17:41:57.154000+00:00
57856035137,Cierre Ganado,San Luis Potosí,Cerrado,Sin motivo especifico,2026-03-10 21:51:09.884000+00:00,2026-03-10 21:50:48.727000+00:00
57856120685,Cierre Ganado,Guanajuato,Cerrado,Sin motivo especifico,2026-03-11 16:39:48.597000+00:00,2026-03-11 16:39:23.609000+00:00
57856162102,Cierre Ganado,Guanajuato,Cerrado,Sin motivo especifico,2026-03-11 00:21:39.308000+00:00,2026-03-11 00:20:32.500000+00:00
57865650277,Cierre Ganado,San Luis Potosí,Cerrado,Sin motivo especifico,2026-03-10 20:49:58.407000+00:00,2026-03-10 20:40:53.642000+00:00
57865650720,Cierre Ganado,San Luis Potosí,Cerrado,Sin motivo especifico,2026-03-10 21:00:34.713000+00:00,2026-03-10 20:57:48.008000+00:00
57909116497,Cierre Ganado,Guanajuato,Cerrado,Sin motivo especifico,2026-03-10 22:46:45.434000+00:00,2026-03-19 18:12:55.301000+00:00
57938940568,Cierre Ganado,Guanajuato,Cerrado,Sin motivo especifico,2026-03-12 19:39:23.041000+00:00,2026-03-12 19:38:01.369000+00:00
62852975693,Ganado,Jalisco,Cerrado,Sin motivo especifico,2026-07-20 19:18:01.702000+00:00,2026-07-21 17:40:16.412000+00:00
62853037371,Ganado,Querétaro,Cerrado,Sin motivo especifico,2026-07-20 19:02:05.401000+00:00,2026-07-21 00:28:52.364000+00:00
62853039623,Negociación,San Luis Potosí,Abierto,Sin motivo especifico,2026-07-20 19:49:15.400000+00:00,2026-07-31 19:47:50.040000+00:00
62853041577,Ganado,San Luis Potosí,Cerrado,Sin motivo especifico,2026-07-20 20:35:03.036000+00:00,2026-07-21 17:40:09.408000+00:00
62622498356,Ganado,San Luis Potosí,Cerrado,Sin motivo especifico,2026-07-13 23:15:44.788000+00:00,2026-07-22 22:00:20.960000+00:00
57941015156,Cierre Ganado,San Luis Potosí,Cerrado,Sin motivo especifico,2026-03-12 00:42:55.591000+00:00,2026-03-12 22:04:10.484000+00:00
57941037655,Cierre Ganado,Guanajuato,Cerrado,Sin motivo especifico,2026-03-12 17:36:36.010000+00:00,2026-03-19 18:12:40.573000+00:00
62853292613,Ganado,Querétaro,Cerrado,Sin motivo especifico,2026-07-20 23:43:34.052000+00:00,2026-07-21 18:03:38.973000+00:00
64519507121,Ganado,San Luis Potosí,Cerrado,Sin motivo especifico,2026-09-01 16:34:59.406000+00:00,2026-09-01 23:20:55.857000+00:00
58134748008,Cierre Ganado,Querétaro,Cerrado,Sin motivo especifico,2026-03-19 21:00:31.709000+00:00,2026-03-19 22:09:21.554000+00:00
58134809606,Cierre Ganado,Hidalgo,Cerrado,Sin motivo especifico,2026-03-19 20:50:21.646000+00:00,2026-03-19 20:51:05.330000+00:00
58134934558,Cierre Ganado,Querétaro,Cerrado,Sin motivo especifico,2026-03-19 22:18:33.296000+00:00,2026-03-19 22:21:48.309000+00:00
45092439372,Cierre Ganado,Querétaro,Cerrado,Sin motivo especifico,2025-10-02 17:53:59.102000+00:00,2025-09-25 17:53:50.475000+00:00
58136004892,Cierre Ganado,sin estado,Cerrado,Sin motivo especifico,2026-03-19 20:53:21.843000+00:00,2026-03-19 22:10:08.094000+00:00
58136062529,Cierre Perdido,San Luis Potosí,Cerrado,Falta de producto,2026-03-19 18:10:20.816000+00:00,2026-03-31 17:57:18.131000+00:00
58136068692,Cierre Ganado,Querétaro,Cerrado,Sin motivo especifico,2026-03-19 20:40:48.889000+00:00,2026-03-24 00:28:13.576000+00:00
58136068999,Cierre Ganado,Querétaro,Cerrado,Sin motivo especifico,2026-03-19 20:47:35.839000+00:00,2026-03-19 20:51:28.504000+00:00
58136124582,Cierre Perdido,Guanajuato,Cerrado,No tiene el dinero,2026-03-19 18:10:55.750000+00:00,2026-03-31 17:57:05.425000+00:00
58136190051,Cierre Ganado,Querétaro,Cerrado,Sin motivo especifico,2026-03-19 20:55:50.115000+00:00,2026-03-19 22:09:37.289000+00:00
58197730959,Cierre Ganado,Querétaro,Cerrado,Sin motivo especifico,2026-03-19 22:14:55.161000+00:00,2026-03-19 22:22:12.316000+00:00
62416546453,Cierre Ganado,Aguascalientes,Cerrado,Sin motivo especifico,2026-07-08 16:35:40.704000+00:00,2026-07-09 00:29:32.097000+00:00
58208192812,Cierre Perdido,Hidalgo,Cerrado,Sin motivo especifico,2026-03-20 18:34:38.191000+00:00,2026-05-14 15:22:38.358000+00:00
58208252508,Cierre Ganado,Hidalgo,Cerrado,Sin motivo especifico,2026-03-20 17:34:50.451000+00:00,2026-03-20 17:59:05.225000+00:00
58208375886,Cierre Ganado,Hidalgo,Cerrado,Sin motivo especifico,2026-03-20 17:39:27.242000+00:00,2026-04-06 18:51:38.411000+00:00
58208377483,Cierre Perdido,Hidalgo,Cerrado,Sin motivo especifico,2026-03-20 18:21:34.299000+00:00,2026-05-14 15:22:48.033000+00:00
58208747312,Cierre Ganado,Hidalgo,Cerrado,Sin motivo especifico,2026-03-20 17:22:36.464000+00:00,2026-03-20 17:59:28.378000+00:00
58208809652,Cierre Ganado,Hidalgo,Cerrado,Sin motivo especifico,2026-03-20 17:37:56.816000+00:00,2026-03-20 17:58:07.997000+00:00
58208873349,Cierre Perdido,Ciudad De México,Cerrado,Sin motivo especifico,2026-03-20 18:18:14.368000+00:00,2026-05-14 15:22:29.681000+00:00
58208873894,Cierre Perdido,Hidalgo,Cerrado,Sin motivo especifico,2026-03-20 18:31:59.681000+00:00,2026-05-14 15:22:45.731000+00:00
58208919696,Cierre Ganado,San Luis Potosí,Cerrado,Sin motivo especifico,2026-03-23 16:59:44.495000+00:00,2026-03-24 19:59:53.580000+00:00
58208925823,Cierre Ganado,San Luis Potosí,Cerrado,Sin motivo especifico,2026-03-23 19:08:10.291000+00:00,2026-03-23 19:08:08.691000+00:00
58246202804,Cierre Ganado,Guanajuato,Cerrado,Sin motivo especifico,2026-03-23 19:25:02.951000+00:00,2026-03-23 19:25:01.405000+00:00
64133410092,Ganado,Aguascalientes,Cerrado,Sin motivo especifico,2026-08-18 18:47:31.772000+00:00,2026-08-21 20:22:54.029000+00:00
61750204500,Cierre Ganado,San Luis Potosí,Cerrado,Sin motivo especifico,2026-06-29 23:14:10.493000+00:00,2026-07-21 23:27:56.859000+00:00
54610001199,Cierre Ganado,sin estado,Cerrado,Sin motivo especifico,2026-01-27 18:21:58.590000+00:00,2026-01-27 18:22:16.499000+00:00
64584758410,Perdido,Aguascalientes,Cerrado,Sin Respuesta,2026-09-03 05:00:49.600000+00:00,2026-09-03 22:37:15.119000+00:00
58295366414,Cierre Ganado,Aguascalientes,Cerrado,Sin motivo especifico,2026-03-25 16:04:54.122000+00:00,2026-03-31 22:49:43.526000+00:00
62929674896,Necesidad Descubierta,Guanajuato,Abierto,Sin motivo especifico,2026-07-21 16:24:48.947000+00:00,2026-07-31 16:24:14.237000+00:00
58295580339,Cierre Ganado,Querétaro,Cerrado,Sin motivo especifico,2026-03-26 16:23:10.875000+00:00,2026-03-26 16:26:09.746000+00:00
45092495502,Cierre Ganado,Guanajuato,Cerrado,Sin motivo especifico,2025-10-02 17:06:54.716000+00:00,2025-09-30 17:06:27.729000+00:00
62929802154,Necesidad Descubierta,Guanajuato,Abierto,Sin motivo especifico,2026-07-21 16:52:45.367000+00:00,2026-07-31 16:51:34.861000+00:00
62929804571,Ganado,Aguascalientes,Cerrado,Sin motivo especifico,2026-07-21 17:42:32.093000+00:00,2026-08-10 18:54:17.457000+00:00
62929923492,Ganado,Guanajuato,Cerrado,Sin motivo especifico,2026-07-21 16:09:19.821000+00:00,2026-07-21 16:12:53.526000+00:00
62939070634,Negociación,Guanajuato,Abierto,Sin motivo especifico,2026-07-21 15:50:35.849000+00:00,2026-07-31 15:49:45.946000+00:00
62939071844,Ganado,Guanajuato,Cerrado,Sin motivo especifico,2026-07-21 16:15:04.569000+00:00,2026-07-21 16:18:41.615000+00:00
62939134878,Necesidad Descubierta,Guanajuato,Abierto,Sin motivo especifico,2026-07-21 16:47:08.122000+00:00,2026-07-31 16:46:09.317000+00:00
62939193940,Ganado,Querétaro,Cerrado,Sin motivo especifico,2026-07-21 16:21:15.382000+00:00,2026-07-21 16:23:51.505000+00:00
62939195016,Necesidad Descubierta,Guanajuato,Abierto,Sin motivo especifico,2026-07-21 16:49:17.981000+00:00,2026-07-31 16:48:41.107000+00:00
62939377837,Ganado,Guanajuato,Cerrado,Sin motivo especifico,2026-07-21 19:31:51.464000+00:00,2026-07-21 20:48:33.783000+00:00
62950331943,Perdido,Aguascalientes,Cerrado,Sin Respuesta,2026-07-21 18:32:59.067000+00:00,2026-08-11 22:23:17.974000+00:00
45092643469,Cierre Perdido,Guanajuato,Cerrado,No tiene el dinero,2025-10-01 22:25:06.292000+00:00,2025-11-11 22:35:58.516000+00:00
45096442934,Cierre Ganado,Hidalgo,Cerrado,Sin motivo especifico,2025-10-02 17:34:07.143000+00:00,2025-09-28 17:33:22.727000+00:00
58331908176,Cierre Ganado,San Luis Potosí,Cerrado,Sin motivo especifico,2026-03-25 16:08:24.305000+00:00,2026-03-25 16:09:25.222000+00:00
42093935211,Cierre Ganado,Jalisco,Cerrado,Sin motivo especifico,2025-08-14 15:54:42.481000+00:00,2025-08-14 15:55:57.051000+00:00
45116490027,Cierre Ganado,Querétaro,Cerrado,Sin motivo especifico,2025-10-02 17:20:57.450000+00:00,2025-09-22 17:20:33.016000+00:00
41559071582,Cierre Ganado,Querétaro,Cerrado,Sin motivo especifico,2025-08-07 15:46:43.279000+00:00,2025-08-01 17:22:13.375000+00:00
58404054966,Cierre Ganado,Querétaro,Cerrado,Sin motivo especifico,2026-03-26 16:25:27.606000+00:00,2026-03-26 16:26:25.152000+00:00
58404117651,Cierre Ganado,Querétaro,Cerrado,Sin motivo especifico,2026-03-26 18:28:43.938000+00:00,2026-03-26 18:30:55.491000+00:00
58404118437,Cierre Ganado,sin estado,Cerrado,Sin motivo especifico,2026-03-26 18:49:42.118000+00:00,2026-03-26 18:50:08.766000+00:00
58404119383,Cierre Perdido,Hidalgo,Cerrado,Falta de producto,2026-03-26 19:13:22.129000+00:00,2026-07-08 00:04:53.896000+00:00
58404241825,Cierre Ganado,Querétaro,Cerrado,Sin motivo especifico,2026-03-26 18:34:02.847000+00:00,2026-03-26 19:16:22.443000+00:00
58404306050,Cierre Ganado,Querétaro,Cerrado,Sin motivo especifico,2026-03-26 19:26:19.281000+00:00,2026-03-26 19:26:36.659000+00:00
58404366944,Cierre Ganado,Morelos,Cerrado,Sin motivo especifico,2026-03-26 19:02:20.153000+00:00,2026-03-26 19:03:03.028000+00:00
58406781515,Cierre Ganado,Ciudad De México,Cerrado,Sin motivo especifico,2026-03-26 18:40:52.948000+00:00,2026-03-26 18:41:20.675000+00:00
58437529644,Cierre Ganado,Querétaro,Cerrado,Sin motivo especifico,2026-03-26 18:57:51.118000+00:00,2026-03-26 18:58:17.182000+00:00
58437593231,Cierre Perdido,Ciudad De México,Cerrado,Falta de producto,2026-03-26 19:15:39.270000+00:00,2026-07-08 00:05:16.236000+00:00
58437593672,Cierre Ganado,Querétaro,Cerrado,Sin motivo especifico,2026-03-26 19:24:43.783000+00:00,2026-03-26 19:25:01.402000+00:00
42093935129,Cierre Ganado,Jalisco,Cerrado,Sin motivo especifico,2025-08-14 15:53:53.136000+00:00,2025-08-31 15:52:59.604000+00:00
42093934431,Cierre Ganado,Jalisco,Cerrado,Sin motivo especifico,2025-08-14 15:49:45.816000+00:00,2025-08-12 15:49:25.431000+00:00
64178115340,Perdido,Aguascalientes,Cerrado,No tiene el dinero,2026-08-19 19:28:48.979000+00:00,2026-09-03 23:24:41.402000+00:00
45116551831,Cierre Ganado,Aguascalientes,Cerrado,Sin motivo especifico,2025-10-02 17:14:53.450000+00:00,2025-10-02 17:17:26.273000+00:00
42093934232,Cierre Ganado,Jalisco,Cerrado,Sin motivo especifico,2025-08-14 15:48:42.319000+00:00,2025-08-12 15:48:25.968000+00:00
64524521633,Ganado,Zacatecas,Cerrado,Sin motivo especifico,2026-08-31 22:43:07.765000+00:00,2026-09-01 23:21:34.813000+00:00
45144522293,Cierre Ganado,Hidalgo,Cerrado,Sin motivo especifico,2025-10-02 17:23:25.233000+00:00,2025-09-23 17:23:07.867000+00:00
58630515727,Cierre Perdido,Tamaulipas,Cerrado,Falta de producto,2026-03-31 23:14:59.082000+00:00,2026-04-21 20:32:58.039000+00:00
58630751818,Cierre Perdido,San Luis Potosí,Cerrado,Falta de producto,2026-03-31 17:52:25.622000+00:00,2026-03-31 17:55:40.247000+00:00
58634152801,Cierre Ganado,San Luis Potosí,Cerrado,Sin motivo especifico,2026-03-31 15:40:33.318000+00:00,2026-03-31 15:40:05.010000+00:00
58634280064,Cierre Perdido,Tamaulipas,Cerrado,No tiene el dinero,2026-03-31 16:57:13.210000+00:00,2026-07-08 00:06:46.622000+00:00
58686874257,Cierre Perdido,San Luis Potosí,Cerrado,Eligio un producto de la competencia,2026-04-03 03:31:38.328000+00:00,2026-07-21 23:24:10.169000+00:00
58686935719,Cierre Ganado,Guanajuato,Cerrado,Sin motivo especifico,2026-04-03 02:34:40.048000+00:00,2026-04-03 02:35:32.120000+00:00
58798336644,Cierre Ganado,San Luis Potosí,Cerrado,Sin motivo especifico,2026-04-04 14:58:24.927000+00:00,2026-04-04 15:00:23.381000+00:00
58901983822,Cierre Ganado,Aguascalientes,Cerrado,Sin motivo especifico,2026-04-07 16:41:51.004000+00:00,2026-04-07 16:42:39.204000+00:00
58901987694,Cierre Ganado,Coahuila,Cerrado,Sin motivo especifico,2026-04-07 17:10:14.219000+00:00,2026-04-07 17:10:56.649000+00:00
58901987934,Cierre Ganado,Guanajuato,Cerrado,Sin motivo especifico,2026-04-07 17:15:07.388000+00:00,2026-04-07 17:15:54.713000+00:00
58902007095,Cierre Ganado,Durango,Cerrado,Sin motivo especifico,2026-04-07 16:56:39.601000+00:00,2026-04-07 16:57:30.203000+00:00
58902068902,Cierre Ganado,Durango,Cerrado,Sin motivo especifico,2026-04-07 17:06:53.402000+00:00,2026-04-07 17:07:50.791000+00:00
58902264968,Cierre Ganado,Aguascalientes,Cerrado,Sin motivo especifico,2026-04-07 19:26:18.860000+00:00,2026-04-07 19:27:07.295000+00:00
58905833525,Cierre Ganado,San Luis Potosí,Cerrado,Sin motivo especifico,2026-04-07 17:40:39.348000+00:00,2026-04-07 17:41:03.494000+00:00
58906087726,Cierre Ganado,Guanajuato,Cerrado,Sin motivo especifico,2026-04-08 00:07:30.506000+00:00,2026-04-08 00:08:30.293000+00:00
45144958229,Cierre Ganado,Hidalgo,Cerrado,Sin motivo especifico,2025-10-02 17:48:18.054000+00:00,2025-09-24 17:48:10.908000+00:00
41554358792,Cierre Ganado,San Luis Potosí,Cerrado,Sin motivo especifico,2025-08-07 18:17:01.909000+00:00,2025-08-05 18:19:12.659000+00:00
64213748072,Lead,Guanajuato,Abierto,Sin motivo especifico,,
58987027613,Cierre Ganado,Guanajuato,Cerrado,Sin motivo especifico,2026-04-08 18:35:59.145000+00:00,2026-04-08 18:36:50.508000+00:00
59018103333,Cierre Ganado,Coahuila,Cerrado,Sin motivo especifico,2026-04-10 00:31:35.565000+00:00,2026-04-10 00:31:49.829000+00:00
64248542057,Ganado,Aguascalientes,Cerrado,Sin motivo especifico,2026-08-21 18:25:00.717000+00:00,2026-08-27 20:12:06.263000+00:00
59018159244,Cierre Ganado,San Luis Potosí,Cerrado,Sin motivo especifico,2026-04-09 20:27:24.171000+00:00,2026-04-09 20:28:12.295000+00:00
63027838891,Ganado,San Luis Potosí,Cerrado,Sin motivo especifico,2026-07-22 22:03:17.418000+00:00,2026-07-31 14:41:54.549000+00:00
59021184804,Cierre Ganado,Nuevo León,Cerrado,Sin motivo especifico,2026-04-10 00:34:55.363000+00:00,2026-04-10 00:35:08.735000+00:00
59021239142,Cierre Ganado,Aguascalientes,Cerrado,Sin motivo especifico,2026-04-09 20:32:14.134000+00:00,2026-04-09 20:32:52.211000+00:00
59021239224,Cierre Ganado,Guanajuato,Cerrado,Sin motivo especifico,2026-04-09 20:35:05.475000+00:00,2026-04-09 20:36:00.059000+00:00
42093932834,Cierre Ganado,Jalisco,Cerrado,Sin motivo especifico,2025-08-14 15:40:19.005000+00:00,2025-08-12 15:39:47.948000+00:00
63835346516,Perdido,Aguascalientes,Cerrado,Sin Respuesta,2026-08-13 15:52:53.463000+00:00,2026-08-18 00:19:39.737000+00:00
59021367643,Cierre Ganado,Tamaulipas,Cerrado,Sin motivo especifico,2026-04-10 00:28:49.299000+00:00,2026-04-10 00:29:33.158000+00:00
59021430861,Cierre Ganado,Tamaulipas,Cerrado,Sin motivo especifico,2026-04-10 00:49:20.591000+00:00,2026-04-10 00:49:34.365000+00:00
54610062857,Cierre Ganado,Querétaro,Cerrado,Sin motivo especifico,2026-01-27 18:58:59.975000+00:00,2026-01-27 18:59:23.782000+00:00
63027924240,Ganado,San Luis Potosí,Cerrado,Sin motivo especifico,2026-07-23 17:29:35.742000+00:00,2026-07-23 23:41:59.151000+00:00
64623858222,Cotización,Guanajuato,Abierto,Sin motivo especifico,2026-09-03 20:54:58.647000+00:00,2026-09-30 20:54:36.260000+00:00
59171633702,Cierre Ganado,Coahuila,Cerrado,Sin motivo especifico,2026-04-14 16:50:36.091000+00:00,2026-04-14 16:51:21.104000+00:00
59171635106,Cierre Ganado,Tamaulipas,Cerrado,Sin motivo especifico,2026-04-14 17:05:16.867000+00:00,2026-04-14 19:41:53.012000+00:00
59171636225,Cierre Ganado,Coahuila,Cerrado,Sin motivo especifico,2026-04-14 16:56:25.774000+00:00,2026-04-14 16:56:46.491000+00:00
59171637663,Cierre Ganado,Tamaulipas,Cerrado,Sin motivo especifico,2026-04-14 17:07:39.655000+00:00,2026-04-14 17:08:14.232000+00:00
59171638709,Cierre Ganado,Coahuila,Cerrado,Sin motivo especifico,2026-04-14 17:17:13.153000+00:00,2026-04-14 17:17:54.275000+00:00
59171639872,Cierre Ganado,Tamaulipas,Cerrado,Sin motivo especifico,2026-04-14 17:10:49.210000+00:00,2026-04-14 17:11:23.387000+00:00
59171648554,Cierre Ganado,Tamaulipas,Cerrado,Sin motivo especifico,2026-04-14 16:53:19.001000+00:00,2026-04-14 16:53:34.801000+00:00
59171648821,Cierre Ganado,Coahuila,Cerrado,Sin motivo especifico,2026-04-14 16:58:51.198000+00:00,2026-04-14 16:59:20.599000+00:00
59171649118,Cierre Ganado,Tamaulipas,Cerrado,Sin motivo especifico,2026-04-14 17:05:30.281000+00:00,2026-04-14 17:05:53.943000+00:00
64623860997,Contactado,San Luis Potosí,Abierto,Sin motivo especifico,2026-09-03 22:38:54.554000+00:00,2026-09-30 22:37:23.440000+00:00
59185247830,Cierre Ganado,Tamaulipas,Cerrado,Sin motivo especifico,2026-04-15 23:42:53.092000+00:00,2026-04-15 23:43:14.596000+00:00
59185247872,Cierre Ganado,Tamaulipas,Cerrado,Sin motivo especifico,2026-04-15 23:47:00.433000+00:00,2026-04-30 03:33:35.638000+00:00
59186187075,Cierre Ganado,Coahuila,Cerrado,Sin motivo especifico,2026-04-15 23:53:31.026000+00:00,2026-04-15 23:54:12.429000+00:00
45327243776,Cierre Ganado,Querétaro,Cerrado,Sin motivo especifico,2025-10-07 17:33:25.494000+00:00,2025-10-03 17:33:13.810000+00:00
59186247997,Cierre Ganado,Tamaulipas,Cerrado,Sin motivo especifico,2026-04-15 23:49:58.850000+00:00,2026-04-15 23:50:39.004000+00:00
59186309136,Cierre Ganado,Tamaulipas,Cerrado,Sin motivo especifico,2026-04-15 23:36:16.695000+00:00,2026-04-15 23:36:48.623000+00:00
59186309458,Cierre Ganado,Tamaulipas,Cerrado,Sin motivo especifico,2026-04-15 23:59:49.782000+00:00,2026-04-30 03:33:17.422000+00:00
59186369445,Cierre Ganado,Nuevo León,Cerrado,Sin motivo especifico,2026-04-15 23:40:32.842000+00:00,2026-04-15 23:41:11.065000+00:00
59275346317,Cierre Ganado,Guanajuato,Cerrado,Sin motivo especifico,2026-04-17 22:45:34.381000+00:00,2026-04-17 22:46:05.964000+00:00
63085143957,Ganado,San Luis Potosí,Cerrado,Sin motivo especifico,2026-07-24 20:05:09.757000+00:00,2026-08-10 18:55:06.163000+00:00
62423224732,Cierre Perdido,Sonora,Cerrado,No tiene el dinero,2026-07-08 21:32:35.397000+00:00,2026-07-09 00:05:36.748000+00:00
59277466808,Cierre Ganado,Guanajuato,Cerrado,Sin motivo especifico,2026-04-17 22:48:12.691000+00:00,2026-04-17 22:48:39.002000+00:00
59277528752,Cierre Ganado,Guanajuato,Cerrado,Sin motivo especifico,2026-04-17 22:39:10.757000+00:00,2026-04-17 22:39:40.136000+00:00
63125252005,Perdido,San Luis Potosí,Cerrado,Falta de producto,2026-07-24 23:19:43.120000+00:00,2026-08-10 18:42:21.044000+00:00
61763913344,Cierre Perdido,Tamaulipas,Cerrado,Falta de producto,2026-06-29 18:21:39.460000+00:00,2026-07-08 00:01:20.848000+00:00
59277714532,Cierre Ganado,Guanajuato,Cerrado,Sin motivo especifico,2026-04-17 22:36:49.185000+00:00,2026-04-17 22:37:31.772000+00:00
55197952628,Cierre Perdido,San Luis Potosí,Cerrado,No tiene el dinero,2026-01-31 00:40:35.321000+00:00,2026-03-31 17:57:30.190000+00:00
63859099058,Perdido,San Luis Potosí,Cerrado,Sin Respuesta,2026-08-13 15:52:53.334000+00:00,2026-08-18 00:26:30.495000+00:00
63222209338,Ganado,Zacatecas,Cerrado,Sin motivo especifico,2026-07-28 21:13:48.337000+00:00,2026-07-31 14:42:48.782000+00:00
63863285334,Perdido,Aguascalientes,Cerrado,Sin Respuesta,2026-08-13 15:52:52.041000+00:00,2026-08-13 18:47:18.966000+00:00
63863285336,Perdido,San Luis Potosí,Cerrado,Sin Respuesta,2026-08-13 15:52:52.658000+00:00,2026-08-18 00:55:29.581000+00:00
42089828149,Cierre Ganado,Jalisco,Cerrado,Sin motivo especifico,2025-08-14 15:52:59.446000+00:00,2025-08-31 15:51:50.473000+00:00
63864989582,Perdido,Aguascalientes,Cerrado,Sin Respuesta,2026-08-13 15:52:53.464000+00:00,2026-08-13 18:11:28.478000+00:00
63222263671,Ganado,Aguascalientes,Cerrado,Sin motivo especifico,2026-07-28 19:01:06.163000+00:00,2026-08-05 16:51:19.702000+00:00
54211716682,Cierre Perdido,Aguascalientes,Cerrado,No tiene el dinero,2026-01-19 19:23:21.959000+00:00,2026-03-31 17:57:47.287000+00:00
63867613334,Lead,Querétaro,Abierto,Sin motivo especifico,,
54212457036,Cierre Ganado,San Luis Potosí,Cerrado,Sin motivo especifico,2026-01-19 20:13:25.879000+00:00,2026-01-19 20:13:14.644000+00:00
64524607575,Ganado,Aguascalientes,Cerrado,Sin motivo especifico,2026-09-01 18:40:26.126000+00:00,2026-09-03 23:24:29.461000+00:00
51663111739,Cierre Ganado,Querétaro,Cerrado,Sin motivo especifico,2025-12-12 16:49:35.637000+00:00,2025-12-12 16:49:55.214000+00:00
64414596653,Ganado,San Luis Potosí,Cerrado,Sin motivo especifico,2026-08-27 20:27:16.274000+00:00,2026-09-01 14:58:11.319000+00:00
51663114657,Cierre Ganado,Querétaro,Cerrado,Sin motivo especifico,2025-12-12 18:25:42.195000+00:00,2025-12-12 18:26:15.753000+00:00
63885007979,Perdido,sin estado,Cerrado,Sin Respuesta,2026-08-14 06:04:26.065000+00:00,2026-08-14 15:47:26.629000+00:00
63222357082,Ganado,Aguascalientes,Cerrado,Sin motivo especifico,2026-07-29 17:24:18.110000+00:00,2026-07-31 14:42:33.959000+00:00
64288693520,Ganado,San Luis Potosí,Cerrado,Sin motivo especifico,2026-08-24 21:58:38.163000+00:00,2026-08-27 20:11:51.466000+00:00
64524608045,Ganado,Querétaro,Cerrado,Sin motivo especifico,2026-09-01 18:51:59.253000+00:00,2026-09-01 18:57:53.472000+00:00
42089827957,Cierre Ganado,Jalisco,Cerrado,Sin motivo especifico,2025-08-14 15:51:50.249000+00:00,2025-08-12 15:51:23.444000+00:00
63222879638,Ganado,San Luis Potosí,Cerrado,Sin motivo especifico,2026-07-28 17:41:10.722000+00:00,2026-07-31 14:41:35.626000+00:00
51663115919,Cierre Ganado,Ciudad De México,Cerrado,Sin motivo especifico,2025-12-12 19:08:49.995000+00:00,2025-12-12 19:27:10.315000+00:00
42089827731,Cierre Ganado,Jalisco,Cerrado,Sin motivo especifico,2025-08-14 15:50:44.022000+00:00,2025-08-12 15:50:27.554000+00:00
54943632027,Cierre Perdido,Guanajuato,Cerrado,No tiene el dinero,2026-01-28 14:49:31.661000+00:00,2026-03-31 17:57:38.504000+00:00
42089826206,Cierre Ganado,Jalisco,Cerrado,Sin motivo especifico,2025-08-14 15:41:34.894000+00:00,2025-08-12 15:41:11.702000+00:00
51663177027,Cierre Ganado,sin estado,Cerrado,Sin motivo especifico,2025-12-12 18:04:57.860000+00:00,2025-12-12 18:05:59.296000+00:00
59728309411,Cierre Ganado,Aguascalientes,Cerrado,Sin motivo especifico,2026-04-28 21:58:52.682000+00:00,2026-04-28 21:59:23.101000+00:00
63327552334,Ganado,Aguascalientes,Cerrado,Sin motivo especifico,2026-07-31 19:07:07.574000+00:00,2026-08-05 16:51:12.706000+00:00
51674019099,Cierre Ganado,Aguascalientes,Cerrado,Sin motivo especifico,2025-12-11 20:43:41.368000+00:00,2025-12-11 20:44:25.869000+00:00
59728062747,Cierre Ganado,Guanajuato,Cerrado,Sin motivo especifico,2026-04-28 22:47:06.247000+00:00,2026-04-28 22:47:34.787000+00:00
59728062776,Cierre Ganado,Guanajuato,Cerrado,Sin motivo especifico,2026-04-28 22:49:07.117000+00:00,2026-04-28 22:49:41.245000+00:00
59728062891,Cierre Ganado,Aguascalientes,Cerrado,Sin motivo especifico,2026-04-28 22:58:27.674000+00:00,2026-04-28 22:58:57.680000+00:00
59728063078,Cierre Ganado,San Luis Potosí,Cerrado,Sin motivo especifico,2026-04-28 23:08:02.409000+00:00,2026-04-28 23:08:34.058000+00:00
59728140459,Cierre Ganado,Guanajuato,Cerrado,Sin motivo especifico,2026-04-29 16:49:38.828000+00:00,2026-04-29 16:51:43.865000+00:00
59728183636,Cierre Ganado,Aguascalientes,Cerrado,Sin motivo especifico,2026-04-28 22:14:23.309000+00:00,2026-04-28 22:14:52.536000+00:00
59728184358,Cierre Ganado,Aguascalientes,Cerrado,Sin motivo especifico,2026-04-28 22:51:19.811000+00:00,2026-04-28 22:51:53.094000+00:00
59728244799,Cierre Ganado,Aguascalientes,Cerrado,Sin motivo especifico,2026-04-28 23:00:10.724000+00:00,2026-04-28 23:00:46.749000+00:00
51674080155,Cierre Ganado,Guanajuato,Cerrado,Sin motivo especifico,2025-12-11 20:51:14.745000+00:00,2025-12-11 20:50:49.020000+00:00
59728309617,Cierre Ganado,Aguascalientes,Cerrado,Sin motivo especifico,2026-04-28 22:06:33.663000+00:00,2026-04-28 22:08:11.074000+00:00
59728309794,Cierre Ganado,Aguascalientes,Cerrado,Sin motivo especifico,2026-04-28 22:12:18.754000+00:00,2026-04-28 22:12:53.295000+00:00
61873131525,Cierre Ganado,Aguascalientes,Cerrado,Sin motivo especifico,2026-06-30 20:40:23.149000+00:00,2026-07-08 00:10:05.004000+00:00
59729784077,Cierre Ganado,Aguascalientes,Cerrado,Sin motivo especifico,2026-04-28 22:19:14.588000+00:00,2026-04-28 22:20:06.004000+00:00
59729784947,Cierre Ganado,San Luis Potosí,Cerrado,Sin motivo especifico,2026-04-28 23:10:24.008000+00:00,2026-04-28 23:10:54.657000+00:00
51674080288,Cierre Ganado,Aguascalientes,Cerrado,Sin motivo especifico,2025-12-11 20:53:40.819000+00:00,2025-12-11 20:53:24.353000+00:00
59729847892,Cierre Ganado,Aguascalientes,Cerrado,Sin motivo especifico,2026-04-28 21:52:53.416000+00:00,2026-04-28 21:53:54.413000+00:00
59812440348,Cierre Ganado,Tamaulipas,Cerrado,Sin motivo especifico,2026-04-30 04:10:35.383000+00:00,2026-04-30 04:14:26.595000+00:00
59812455230,Cierre Ganado,Aguascalientes,Cerrado,Sin motivo especifico,2026-04-30 15:24:40.881000+00:00,2026-04-30 15:26:06.927000+00:00
51674265259,Cierre Ganado,Guanajuato,Cerrado,Sin motivo especifico,2025-12-11 20:46:53.196000+00:00,2025-12-31 20:44:55.695000+00:00
59812501396,Cierre Ganado,Tamaulipas,Cerrado,Sin motivo especifico,2026-04-30 03:45:04.343000+00:00,2026-04-30 03:47:11.171000+00:00
51756562859,Cierre Ganado,Hidalgo,Cerrado,Sin motivo especifico,2025-12-12 16:52:34.159000+00:00,2025-12-12 16:52:57.227000+00:00
51760633727,Cierre Ganado,Querétaro,Cerrado,Sin motivo especifico,2025-12-12 17:11:20.972000+00:00,2025-12-12 17:59:35.583000+00:00
62448756604,Cierre Ganado,Querétaro,Cerrado,Sin motivo especifico,2026-07-09 17:24:35.614000+00:00,2026-07-09 23:43:42.476000+00:00
59814803622,Cierre Ganado,Tamaulipas,Cerrado,Sin motivo especifico,2026-04-30 04:24:10.476000+00:00,2026-04-30 04:24:36.981000+00:00
51770956377,Cierre Ganado,Querétaro,Cerrado,Sin motivo especifico,2025-12-12 16:44:03.229000+00:00,2025-12-12 16:44:34.708000+00:00
51770959654,Cierre Ganado,Hidalgo,Cerrado,Sin motivo especifico,2025-12-12 18:20:04.099000+00:00,2025-12-12 18:23:51.953000+00:00
59814865038,Cierre Ganado,Tamaulipas,Cerrado,Sin motivo especifico,2026-04-30 03:49:33.645000+00:00,2026-04-30 03:51:45.949000+00:00
59814865074,Cierre Ganado,Tamaulipas,Cerrado,Sin motivo especifico,2026-04-30 03:54:10.915000+00:00,2026-04-30 03:55:50.951000+00:00
51770960223,Cierre Ganado,Querétaro,Cerrado,Sin motivo especifico,2025-12-12 18:38:09.162000+00:00,2025-12-12 18:39:24.915000+00:00
59814926860,Cierre Ganado,Coahuila,Cerrado,Sin motivo especifico,2026-04-30 03:25:52.892000+00:00,2026-04-30 03:26:26.690000+00:00
59814926958,Cierre Ganado,Nuevo León,Cerrado,Sin motivo especifico,2026-04-30 03:38:24.439000+00:00,2026-04-30 03:38:40.495000+00:00
59814927281,Cierre Ganado,Nuevo León,Cerrado,Sin motivo especifico,2026-04-30 04:20:45.369000+00:00,2026-04-30 04:21:27.299000+00:00
61916815127,Cierre Perdido,San Luis Potosí,Cerrado,No tiene el dinero,2026-06-30 18:41:39.830000+00:00,2026-07-21 23:11:14.984000+00:00
51779356782,Cierre Ganado,Hidalgo,Cerrado,Sin motivo especifico,2025-12-12 16:36:58.014000+00:00,2025-12-12 16:37:25.999000+00:00
51779360818,Cierre Ganado,Querétaro,Cerrado,Sin motivo especifico,2025-12-12 18:33:38.092000+00:00,2025-12-12 18:34:11.690000+00:00
51779362677,Cierre Ganado,sin estado,Cerrado,Sin motivo especifico,2025-12-12 19:32:13.917000+00:00,2025-12-12 19:34:13.933000+00:00
51790111852,Cierre Ganado,Querétaro,Cerrado,Sin motivo especifico,2025-12-12 18:00:38.238000+00:00,2025-12-12 18:01:01.481000+00:00
59815112207,Cierre Ganado,Coahuila,Cerrado,Sin motivo especifico,2026-04-30 04:06:10.200000+00:00,2026-04-30 04:09:01.176000+00:00
59815112349,Cierre Ganado,Coahuila,Cerrado,Sin motivo especifico,2026-04-30 04:30:13.198000+00:00,2026-04-30 04:30:39.607000+00:00
59815112464,Cierre Ganado,Tamaulipas,Cerrado,Sin motivo especifico,2026-04-30 04:37:35.408000+00:00,2026-04-30 04:39:31.886000+00:00
51790112136,Cierre Ganado,Querétaro,Cerrado,Sin motivo especifico,2025-12-12 18:09:03.989000+00:00,2025-12-12 18:18:27.196000+00:00
51790115636,Cierre Ganado,Guanajuato,Cerrado,Sin motivo especifico,2025-12-12 19:52:38.658000+00:00,2025-12-12 19:52:32.518000+00:00
51790115848,Cierre Ganado,Hidalgo,Cerrado,Sin motivo especifico,2025-12-12 19:58:10.602000+00:00,2025-12-12 19:58:36.780000+00:00
51790290215,Cierre Ganado,Querétaro,Cerrado,Sin motivo especifico,2025-12-12 18:42:46.955000+00:00,2025-12-12 18:43:13.287000+00:00
59963614875,Cierre Ganado,San Luis Potosí,Cerrado,Sin motivo especifico,2026-05-04 16:50:02.831000+00:00,2026-05-04 16:51:24.503000+00:00
60008720466,Cierre Perdido,Guanajuato,Cerrado,Falta de producto,2026-05-06 00:14:25.940000+00:00,2026-05-07 23:22:21.035000+00:00
60019203761,Cierre Ganado,San Luis Potosí,Cerrado,Sin motivo especifico,2026-05-05 00:01:02.061000+00:00,2026-05-05 00:04:37.226000+00:00
60019240496,Cierre Perdido,Aguascalientes,Cerrado,No tiene el dinero,2026-05-06 00:06:16.833000+00:00,2026-07-21 23:22:55.984000+00:00
60019848024,Cierre Ganado,Tamaulipas,Cerrado,Sin motivo especifico,2026-05-05 19:12:52.546000+00:00,2026-05-05 19:13:07.870000+00:00
60036780435,Cierre Ganado,Coahuila,Cerrado,Sin motivo especifico,2026-05-05 18:36:21.992000+00:00,2026-05-05 18:36:35.277000+00:00
60036780583,Cierre Ganado,Tamaulipas,Cerrado,Sin motivo especifico,2026-05-05 18:38:36.804000+00:00,2026-05-05 18:38:50.887000+00:00
60036784128,Cierre Ganado,Coahuila,Cerrado,Sin motivo especifico,2026-05-05 19:28:08.764000+00:00,2026-05-05 19:28:26.092000+00:00
60036796073,Cierre Ganado,Tamaulipas,Cerrado,Sin motivo especifico,2026-05-05 18:57:40.260000+00:00,2026-05-05 18:58:11.063000+00:00
60036798521,Cierre Ganado,Coahuila,Cerrado,Sin motivo especifico,2026-05-05 19:00:10.585000+00:00,2026-05-05 19:00:56.742000+00:00
60036803166,Cierre Ganado,Coahuila,Cerrado,Sin motivo especifico,2026-05-05 19:56:36.567000+00:00,2026-05-05 19:56:50.020000+00:00
60039279669,Cierre Ganado,Aguascalientes,Cerrado,Falta de producto,2026-05-05 23:00:46.703000+00:00,2026-06-05 00:54:06.082000+00:00
60039281985,Cierre Ganado,Guanajuato,Cerrado,Sin motivo especifico,2026-05-05 23:38:55.424000+00:00,2026-05-05 23:40:54.713000+00:00
60039285268,Cierre Perdido,Guanajuato,Cerrado,Eligio un producto de la competencia,2026-05-06 00:08:21.271000+00:00,2026-07-16 16:58:07.937000+00:00
60039286874,Cierre Ganado,Aguascalientes,Cerrado,Sin motivo especifico,2026-05-06 00:10:52.946000+00:00,2026-05-07 22:08:27.130000+00:00
60039288697,Cierre Ganado,Guanajuato,Cerrado,Sin motivo especifico,2026-05-06 01:03:14.578000+00:00,2026-05-06 20:40:00.834000+00:00
60076962342,Cierre Ganado,Guanajuato,Cerrado,Sin motivo especifico,2026-05-07 19:07:35.523000+00:00,2026-05-08 16:05:05.864000+00:00
60078286712,Cierre Perdido,San Luis Potosí,Cerrado,Falta de producto,2026-05-07 19:15:01.009000+00:00,2026-05-08 15:40:35.370000+00:00
60081655413,Cierre Perdido,Aguascalientes,Cerrado,Eligio un producto de la competencia,2026-05-08 00:44:51.412000+00:00,2026-05-08 22:08:46.624000+00:00
51831987315,Cierre Perdido,Aguascalientes,Cerrado,Falta de producto,2025-12-15 19:15:42.195000+00:00,2025-12-15 19:15:33.018000+00:00
51832010645,Cierre Ganado,Querétaro,Cerrado,Sin motivo especifico,2025-12-16 15:40:56.814000+00:00,2025-12-16 15:41:58.944000+00:00
60177560978,Cierre Ganado,Guanajuato,Cerrado,Sin motivo especifico,2026-05-12 15:16:31.158000+00:00,2026-05-12 15:16:56.695000+00:00
60177577296,Cierre Ganado,Coahuila,Cerrado,Sin motivo especifico,2026-05-12 20:51:27.511000+00:00,2026-05-12 20:51:51.571000+00:00
60177577587,Cierre Ganado,Tamaulipas,Cerrado,Sin motivo especifico,2026-05-12 20:58:40.620000+00:00,2026-05-12 20:58:51.529000+00:00
60177634735,Cierre Ganado,Nuevo León,Cerrado,Sin motivo especifico,2026-05-12 20:53:31.883000+00:00,2026-05-14 22:13:22.379000+00:00
60177635086,Cierre Ganado,Nuevo León,Cerrado,Sin motivo especifico,2026-05-12 21:02:20.858000+00:00,2026-05-12 21:02:33.094000+00:00
60177635128,Cierre Ganado,Nuevo León,Cerrado,Sin motivo especifico,2026-05-12 21:03:49.969000+00:00,2026-05-12 22:06:09.050000+00:00
63433912592,Ganado,San Luis Potosí,Cerrado,Sin motivo especifico,2026-08-05 20:06:37.155000+00:00,2026-08-11 17:14:02.809000+00:00
60177660730,Cierre Ganado,Aguascalientes,Cerrado,Sin motivo especifico,2026-05-11 20:45:18.228000+00:00,2026-05-11 20:45:48.201000+00:00
60177694622,Cierre Ganado,Coahuila,Cerrado,Sin motivo especifico,2026-05-12 20:40:37.685000+00:00,2026-05-12 20:42:02.789000+00:00
60177694901,Cierre Ganado,Tamaulipas,Cerrado,Sin motivo especifico,2026-05-12 20:47:31.708000+00:00,2026-05-12 20:47:48.193000+00:00
60177695282,Cierre Ganado,Tamaulipas,Cerrado,Sin motivo especifico,2026-05-12 20:56:40.535000+00:00,2026-05-12 20:57:09.858000+00:00
60177724764,Cierre Ganado,Guanajuato,Cerrado,Sin motivo especifico,2026-05-11 22:15:09.838000+00:00,2026-05-13 00:51:35.905000+00:00
51881714562,Cierre Perdido,Querétaro,Cerrado,Falta de producto,2025-12-16 15:15:29.315000+00:00,2025-12-16 15:15:46.984000+00:00
60177784649,Cierre Ganado,Guanajuato,Cerrado,Sin motivo especifico,2026-05-11 20:42:19.254000+00:00,2026-05-11 20:44:07.688000+00:00
60177827659,Cierre Ganado,Aguascalientes,Cerrado,Sin motivo especifico,2026-05-12 21:59:55.325000+00:00,2026-05-12 22:00:58.902000+00:00
60177879129,Cierre Ganado,Nuevo León,Cerrado,Sin motivo especifico,2026-05-12 20:55:20.386000+00:00,2026-05-12 20:56:03.690000+00:00
51881714747,Cierre Perdido,Querétaro,Cerrado,Falta de producto,2025-12-16 15:18:47.127000+00:00,2025-12-16 15:19:12.116000+00:00
60182294404,Cierre Ganado,Nuevo León,Cerrado,Sin motivo especifico,2026-05-12 20:29:45.785000+00:00,2026-05-12 20:36:37.278000+00:00
60182295058,Cierre Ganado,Nuevo León,Cerrado,Sin motivo especifico,2026-05-12 20:45:19.520000+00:00,2026-05-12 20:45:33.292000+00:00
60182295183,Cierre Ganado,Coahuila,Cerrado,Sin motivo especifico,2026-05-12 20:49:53.378000+00:00,2026-05-12 20:50:05.400000+00:00
60182295634,Cierre Ganado,Nuevo León,Cerrado,Sin motivo especifico,2026-05-12 21:00:53.631000+00:00,2026-05-12 21:01:07.556000+00:00
60182300028,Cierre Ganado,Aguascalientes,Cerrado,Sin motivo especifico,2026-05-13 00:54:57.323000+00:00,2026-05-13 00:55:21.388000+00:00
63433952094,Ganado,Zacatecas,Cerrado,Sin motivo especifico,2026-08-06 23:02:45.452000+00:00,2026-08-10 18:41:31.442000+00:00
60239709094,Cierre Perdido,Aguascalientes,Cerrado,Falta de producto,2026-05-13 19:40:51.480000+00:00,2026-05-13 19:41:30.959000+00:00
60242496915,Cierre Ganado,Aguascalientes,Cerrado,Sin motivo especifico,2026-05-14 00:01:33.595000+00:00,2026-05-14 00:02:08.177000+00:00
60254151554,Recepción De Pago / Financiera,Nuevo León,Abierto,Sin motivo especifico,2026-05-14 15:40:54.959000+00:00,2026-05-31 15:39:13.987000+00:00
60254159923,Cierre Ganado,Coahuila,Cerrado,Sin motivo especifico,2026-05-14 15:27:52.802000+00:00,2026-05-19 17:22:35.027000+00:00
56358579891,Cierre Ganado,Ciudad De México,Cerrado,Sin motivo especifico,2026-02-16 15:23:29.916000+00:00,2026-01-20 15:22:58.475000+00:00
56358581136,Cierre Ganado,Ciudad De México,Cerrado,Sin motivo especifico,2026-02-16 15:51:42.725000+00:00,2026-01-22 15:47:40.935000+00:00
56372172347,Cierre Ganado,Ciudad De México,Cerrado,Sin motivo especifico,2026-02-16 15:58:08.897000+00:00,2026-01-21 15:56:04.933000+00:00
56372179049,Cierre Ganado,Ciudad De México,Cerrado,Sin motivo especifico,2026-02-16 19:16:51.155000+00:00,2026-01-23 19:16:11.658000+00:00
56372179228,Cierre Ganado,Ciudad De México,Cerrado,Sin motivo especifico,2026-02-16 19:21:35.963000+00:00,2026-01-23 19:21:04.604000+00:00
56372179827,Cierre Ganado,Ciudad De México,Cerrado,Sin motivo especifico,2026-02-16 19:42:49.829000+00:00,2026-01-26 19:42:17.451000+00:00
56372179884,Cierre Ganado,Ciudad De México,Cerrado,Sin motivo especifico,2026-02-16 19:45:27.177000+00:00,2026-01-27 00:22:33.886000+00:00
56372180648,Cierre Ganado,Ciudad De México,Cerrado,Sin motivo especifico,2026-02-16 20:12:34.300000+00:00,2026-01-27 20:12:03.563000+00:00
56442825216,Cierre Ganado,Morelos,Cerrado,Sin motivo especifico,2026-02-16 15:28:22.711000+00:00,2026-01-20 15:28:06.770000+00:00
56442828073,Cierre Ganado,Ciudad De México,Cerrado,Sin motivo especifico,2026-02-16 16:32:10.352000+00:00,2026-01-22 16:27:37.445000+00:00
56442829360,Cierre Ganado,Ciudad De México,Cerrado,Sin motivo especifico,2026-02-16 17:04:33.979000+00:00,2026-01-22 17:03:43.763000+00:00
56442833925,Cierre Ganado,Ciudad De México,Cerrado,Sin motivo especifico,2026-02-16 19:26:49.432000+00:00,2026-01-23 19:26:25.484000+00:00
56442887530,Cierre Ganado,Ciudad De México,Cerrado,Sin motivo especifico,2026-02-16 16:37:48.488000+00:00,2026-01-22 16:37:30.665000+00:00
56442887963,Cierre Ganado,Ciudad De México,Cerrado,Sin motivo especifico,2026-02-16 16:46:51.705000+00:00,2026-01-22 16:46:15.043000+00:00
56442953501,Cierre Ganado,Ciudad De México,Cerrado,Sin motivo especifico,2026-02-16 19:36:18.741000+00:00,2026-01-26 19:35:57.277000+00:00
56442954875,Cierre Perdido,Baja California,Cerrado,No pasó su crédito (Financiera),2026-02-16 20:26:07.266000+00:00,2026-07-22 17:30:35.053000+00:00
41438131639,Cierre Ganado,Puebla,Cerrado,Sin motivo especifico,2025-08-05 23:51:47.176000+00:00,2025-09-18 15:46:17.316000+00:00
59370003376,Cierre Ganado,Ciudad De México,Cerrado,Sin motivo especifico,2026-04-21 18:34:57.618000+00:00,2026-04-08 18:34:37.661000+00:00
46257083663,Cierre Ganado,Guanajuato,Cerrado,Sin motivo especifico,2025-10-16 23:52:10.305000+00:00,2025-10-16 23:52:03.014000+00:00
41604195632,Cierre Ganado,Michoacán,Cerrado,Sin motivo especifico,2025-08-08 18:24:08.901000+00:00,2025-08-31 18:20:10.473000+00:00
62704498579,Cierre Ganado,Nuevo León,Cerrado,Sin motivo especifico,2026-07-17 00:13:42.562000+00:00,2026-07-17 17:20:40.334000+00:00
56443135260,Cierre Perdido,Baja California,Cerrado,Eligio un producto de la competencia,2026-02-16 21:04:47.212000+00:00,2026-07-22 17:30:04.254000+00:00
56443135384,Cierre Perdido,Baja California,Cerrado,Eligio un producto de la competencia,2026-02-16 21:10:28.712000+00:00,2026-07-22 17:29:41.030000+00:00
61038816662,Cierre Ganado,Veracruz,Cerrado,Sin motivo especifico,2026-06-11 21:55:49.756000+00:00,2026-06-15 18:47:55.989000+00:00
61036763192,Calificado Para Comprar,Veracruz,Abierto,Sin motivo especifico,,
45645718363,Cierre Ganado,San Luis Potosí,Cerrado,Sin motivo especifico,2025-10-09 16:32:44.604000+00:00,2025-10-09 16:32:36.899000+00:00
44134143109,Cierre Ganado,Sinaloa,Cerrado,Sin motivo especifico,2025-09-23 00:10:51.032000+00:00,2025-09-23 00:11:47.274000+00:00
64132203905,Cierre Ganado,sin estado,Cerrado,Sin motivo especifico,2026-08-18 22:20:16.386000+00:00,2026-08-18 22:05:17+00:00
44206605946,Cierre Ganado,Guanajuato,Cerrado,Sin motivo especifico,2025-09-23 19:01:11.265000+00:00,2025-09-23 19:11:25.644000+00:00
62704560131,Cierre Ganado,Tamaulipas,Cerrado,Sin motivo especifico,2026-07-16 23:36:13.732000+00:00,2026-07-17 17:48:59.388000+00:00
59370063543,Cierre Ganado,Ciudad De México,Cerrado,Sin motivo especifico,2026-04-21 20:47:44.640000+00:00,2026-04-15 20:47:18.395000+00:00
61036107628,Calificado Para Comprar,sin estado,Abierto,Sin motivo especifico,,
59372939285,Calificado Para Comprar,sin estado,Abierto,Sin motivo especifico,,
51926106797,Cierre Ganado,sin estado,Cerrado,Sin motivo especifico,2025-12-16 17:20:36.185000+00:00,2025-12-31 17:02:59.872000+00:00
56460902555,Cierre Ganado,Baja California,Cerrado,Sin motivo especifico,2026-02-17 00:25:55.884000+00:00,2026-04-01 18:10:32.020000+00:00
60242501696,Cierre Ganado,Veracruz,Cerrado,Sin motivo especifico,2026-05-14 00:10:35.952000+00:00,2026-05-19 15:32:25.172000+00:00
53451113805,Cierre Ganado,Ciudad De México,Cerrado,Sin motivo especifico,2026-01-09 00:47:48.784000+00:00,2025-12-04 00:47:16.329000+00:00
59418399878,Cierre Ganado,Ciudad De México,Cerrado,Sin motivo especifico,2026-04-21 20:58:39.036000+00:00,2026-04-15 20:58:16.674000+00:00
52002400351,Cierre Ganado,Veracruz,Cerrado,Sin motivo especifico,2025-12-17 17:36:15.056000+00:00,2025-12-31 17:34:36.085000+00:00
59418527533,Cierre Ganado,Ciudad De México,Cerrado,Sin motivo especifico,2026-04-22 00:54:02.964000+00:00,2026-04-21 00:53:42.535000+00:00
60486898453,Cierre Ganado,Chihuahua,Cerrado,Sin motivo especifico,2026-05-21 22:47:54.474000+00:00,2026-07-29 21:34:50.988000+00:00
62448761470,Cierre Perdido,Tamaulipas,Cerrado,Sin motivo especifico,2026-07-09 17:52:41.818000+00:00,2026-07-20 18:55:56.263000+00:00
59418586926,Cierre Ganado,Ciudad De México,Cerrado,Sin motivo especifico,2026-04-22 16:15:09.899000+00:00,2026-04-16 16:14:53.671000+00:00
59418587229,Cierre Ganado,Ciudad De México,Cerrado,Sin motivo especifico,2026-04-22 16:22:06.863000+00:00,2026-04-16 16:16:50.127000+00:00
56549331544,Cierre Ganado,Veracruz,Cerrado,Sin motivo especifico,2026-02-17 18:09:43.124000+00:00,2026-02-17 18:10:13.593000+00:00
59418592000,Cierre Ganado,Ciudad De México,Cerrado,Sin motivo especifico,2026-04-22 18:22:03.254000+00:00,2026-04-17 18:21:40.630000+00:00
59418592130,Cierre Ganado,Ciudad De México,Cerrado,Sin motivo especifico,2026-04-22 18:26:14.217000+00:00,2026-04-20 18:24:51.017000+00:00
46292123256,Cierre Ganado,Veracruz,Cerrado,Sin motivo especifico,2025-10-16 23:11:44.584000+00:00,2025-10-16 23:13:30.863000+00:00
60486897482,Cierre Ganado,Chihuahua,Cerrado,Sin motivo especifico,2026-05-21 21:54:51.763000+00:00,2026-05-12 22:29:20.828000+00:00
59418653713,Cierre Ganado,Ciudad De México,Cerrado,Sin motivo especifico,2026-04-22 18:02:40.055000+00:00,2026-04-16 18:02:05.982000+00:00
59418653855,Cierre Ganado,Ciudad De México,Cerrado,Sin motivo especifico,2026-04-22 18:06:39.998000+00:00,2026-04-17 18:06:00.197000+00:00
45719569688,Cierre Ganado,Guanajuato,Cerrado,Sin motivo especifico,2025-10-10 17:00:13.772000+00:00,2025-10-10 17:00:00.948000+00:00
45719752782,Cierre Ganado,Aguascalientes,Cerrado,Sin motivo especifico,2025-10-10 16:56:21.178000+00:00,2025-10-10 16:56:13.819000+00:00
56611343989,Cierre Ganado,Hidalgo,Cerrado,Sin motivo especifico,2026-02-20 00:32:58.709000+00:00,2026-01-28 00:32:39.823000+00:00
45758356910,Cierre Ganado,Aguascalientes,Cerrado,Sin motivo especifico,2025-10-10 23:56:56.714000+00:00,2025-10-10 23:56:32.883000+00:00
59418716340,Cierre Ganado,Ciudad De México,Cerrado,Sin motivo especifico,2026-04-22 18:23:34.240000+00:00,2026-04-20 18:23:07.038000+00:00
45758627585,Cierre Ganado,Ciudad De México,Cerrado,Sin motivo especifico,2025-10-13 15:37:57.309000+00:00,2025-09-12 15:37:27.740000+00:00
45758627878,Cierre Ganado,Ciudad De México,Cerrado,Sin motivo especifico,2025-10-13 15:46:33.615000+00:00,2025-09-12 15:46:17.823000+00:00
44206917954,Cierre Ganado,Guanajuato,Cerrado,Sin motivo especifico,2025-09-23 20:30:04.553000+00:00,2025-09-23 20:30:40.742000+00:00
51244916529,Cierre Ganado,Veracruz,Cerrado,Sin motivo especifico,2025-12-04 22:38:11.203000+00:00,2025-12-04 22:38:47.735000+00:00
56611971846,Cierre Ganado,sin estado,Cerrado,Sin motivo especifico,2026-02-20 01:01:00.416000+00:00,2026-01-22 00:35:33.931000+00:00
45889618323,Cierre Ganado,Ciudad De México,Cerrado,Sin motivo especifico,2025-10-13 15:39:48.606000+00:00,2025-09-12 15:39:32.473000+00:00
45894112396,Cierre Ganado,Ciudad De México,Cerrado,Sin motivo especifico,2025-10-13 16:00:22.243000+00:00,2025-09-11 16:00:07.878000+00:00
45894174988,Cierre Ganado,Estado De México,Cerrado,Sin motivo especifico,2025-10-13 16:32:49.580000+00:00,2025-09-05 16:31:46.043000+00:00
59419210787,Cierre Ganado,Ciudad De México,Cerrado,Sin motivo especifico,2026-04-22 17:57:03.043000+00:00,2026-04-16 17:56:46.063000+00:00
45894175132,Cierre Ganado,Ciudad De México,Cerrado,Sin motivo especifico,2025-10-13 16:38:45.468000+00:00,2025-09-05 16:38:24.757000+00:00
56646138292,Cierre Perdido,Nuevo León,Cerrado,No tiene el dinero,2026-02-20 02:36:48.264000+00:00,2026-07-17 18:46:47.959000+00:00
59419272589,Cierre Ganado,Ciudad De México,Cerrado,Sin motivo especifico,2026-04-22 18:00:12.847000+00:00,2026-04-16 17:59:55.990000+00:00
59419272800,Cierre Ganado,Ciudad De México,Cerrado,Sin motivo especifico,2026-04-22 18:04:40.128000+00:00,2026-04-17 18:04:26.375000+00:00
56706791864,Cierre Ganado,Veracruz,Cerrado,Sin motivo especifico,2026-02-20 19:34:21.135000+00:00,2026-02-20 19:35:11.849000+00:00
56709274297,Cierre Ganado,Ciudad De México,Cerrado,Sin motivo especifico,2026-02-20 17:14:27.079000+00:00,2026-01-08 16:26:25.278000+00:00
56709516628,Cierre Ganado,Guerrero,Cerrado,Sin motivo especifico,2026-02-20 22:02:07.622000+00:00,2026-02-28 22:01:17.836000+00:00
42558471504,Cierre Ganado,Durango,Cerrado,Sin motivo especifico,2025-08-20 16:22:42.413000+00:00,2025-08-20 16:22:34.497000+00:00
56709558865,Cierre Ganado,Ciudad De México,Cerrado,Sin motivo especifico,2026-02-23 18:02:31.684000+00:00,2026-01-13 17:54:27.108000+00:00
56709580058,Cierre Ganado,Veracruz,Cerrado,Sin motivo especifico,2026-02-20 23:09:37.764000+00:00,2026-02-20 23:10:08.916000+00:00
48987640179,Cierre Ganado,San Luis Potosí,Cerrado,Sin motivo especifico,2025-11-13 15:54:50.063000+00:00,2025-12-01 23:21:51.627000+00:00
56725078693,Calificado Para Comprar,sin estado,Abierto,Sin motivo especifico,,
60486892312,Cierre Ganado,Veracruz,Cerrado,Sin motivo especifico,2026-05-21 19:25:28.528000+00:00,2026-05-30 00:22:50.031000+00:00
56770199427,Cierre Ganado,Tabasco,Cerrado,Sin motivo especifico,2026-02-20 21:28:15.554000+00:00,2026-02-20 21:29:29.889000+00:00
56779166577,Cierre Ganado,Ciudad De México,Cerrado,Sin motivo especifico,2026-02-20 22:27:07.291000+00:00,2026-01-13 22:26:51.628000+00:00
56831852623,Cierre Ganado,Tabasco,Cerrado,Sin motivo especifico,2026-02-23 16:36:56.604000+00:00,2026-02-23 16:37:21.834000+00:00
56831855750,Cierre Ganado,Veracruz,Cerrado,Sin motivo especifico,2026-02-23 17:37:10.360000+00:00,2026-02-23 17:37:37.999000+00:00
45894361265,Cierre Ganado,Querétaro,Cerrado,Sin motivo especifico,2025-10-13 16:49:04.986000+00:00,2025-09-03 16:51:10.049000+00:00
45900911122,Cierre Ganado,Ciudad De México,Cerrado,Sin motivo especifico,2025-10-13 15:56:27.929000+00:00,2025-09-12 15:56:08.040000+00:00
56896627836,Cierre Perdido,Tamaulipas,Cerrado,No tiene el dinero,2026-02-24 02:28:31.853000+00:00,2026-07-20 19:04:21.135000+00:00
45901096974,Cierre Ganado,Ciudad De México,Cerrado,Sin motivo especifico,2025-10-13 15:58:37.132000+00:00,2025-09-11 15:58:11.994000+00:00
45901220687,Cierre Ganado,Chihuahua,Cerrado,Sin motivo especifico,2025-10-13 16:08:07.855000+00:00,2025-09-09 16:07:33.361000+00:00
62115644841,Cierre Ganado,Tamaulipas,Cerrado,Sin motivo especifico,2026-07-08 16:26:26.254000+00:00,2026-07-08 20:51:41.709000+00:00
41554345243,Cierre Ganado,Nayarit,Cerrado,Sin motivo especifico,2025-08-07 16:40:56.794000+00:00,2025-08-05 16:40:46.199000+00:00
45901221274,Cierre Ganado,Querétaro,Cerrado,Sin motivo especifico,2025-10-13 16:25:28.584000+00:00,2025-09-08 16:25:07.967000+00:00
44451866435,Cierre Ganado,San Luis Potosí,Cerrado,Sin motivo especifico,2025-09-25 15:32:34.255000+00:00,2025-09-24 15:32:05.304000+00:00
44452372523,Cierre Ganado,Ciudad De México,Cerrado,Sin motivo especifico,2025-09-24 00:30:58.931000+00:00,2025-09-23 00:36:04.987000+00:00
59419406519,Cierre Ganado,Ciudad De México,Cerrado,Sin motivo especifico,2026-04-23 00:31:03.727000+00:00,2026-04-16 00:30:38.459000+00:00
45901221918,Cierre Ganado,Ciudad De México,Cerrado,Sin motivo especifico,2025-10-13 16:44:38.918000+00:00,2025-09-04 16:44:07.684000+00:00
59503049031,Cierre Perdido,Guerrero,Cerrado,Falta de producto,2026-04-23 17:40:14.437000+00:00,2026-04-23 17:40:35.883000+00:00
59503361911,Cierre Ganado,Ciudad De México,Cerrado,Sin motivo especifico,2026-04-23 23:14:35.535000+00:00,2026-04-16 23:13:56.405000+00:00
57021645904,Cierre Ganado,Baja California,Cerrado,Sin motivo especifico,2026-02-25 16:24:41.234000+00:00,2026-02-27 19:19:52.566000+00:00
59503362176,Cierre Ganado,Ciudad De México,Cerrado,Sin motivo especifico,2026-04-23 23:33:53.075000+00:00,2026-04-20 23:33:33.076000+00:00
59503362415,Cierre Ganado,Ciudad De México,Cerrado,Sin motivo especifico,2026-04-23 23:51:21.178000+00:00,2026-04-21 23:50:39.756000+00:00
51268769823,Cierre Ganado,Veracruz,Cerrado,Sin motivo especifico,2025-12-05 00:30:23.529000+00:00,2025-12-05 00:31:00.553000+00:00
51273383575,Cierre Ganado,Nayarit,Cerrado,Sin motivo especifico,2025-12-04 23:11:24.701000+00:00,2025-12-04 23:09:01.298000+00:00
57021839113,Cierre Ganado,Veracruz,Cerrado,Sin motivo especifico,2026-02-26 00:33:51.741000+00:00,2026-02-26 00:34:20.792000+00:00
44454041956,Cierre Ganado,Puebla,Cerrado,Sin motivo especifico,2025-09-24 17:48:03.576000+00:00,2025-09-24 17:47:33.587000+00:00
44462165681,Cierre Ganado,Guanajuato,Cerrado,Sin motivo especifico,2025-09-24 22:33:52.767000+00:00,2025-09-24 22:33:45.497000+00:00
45901282453,Cierre Ganado,Ciudad De México,Cerrado,Sin motivo especifico,2025-10-13 16:04:20.045000+00:00,2025-09-10 16:04:04.997000+00:00
57865640983,Cierre Ganado,Puebla,Cerrado,Sin motivo especifico,2026-03-10 17:07:46.076000+00:00,2026-03-10 17:15:05.898000+00:00
45901282863,Cierre Ganado,Ciudad De México,Cerrado,Sin motivo especifico,2025-10-13 16:13:29.724000+00:00,2025-09-09 16:10:04.207000+00:00
62704714564,Cierre Perdido,Tamaulipas,Cerrado,Falta de producto,2026-07-17 23:08:55.223000+00:00,2026-07-20 18:26:35.473000+00:00
51317341357,Cierre Ganado,Veracruz,Cerrado,Sin motivo especifico,2025-12-09 15:50:57.668000+00:00,2025-12-09 15:59:17.468000+00:00
53444038562,Cierre Ganado,Ciudad De México,Cerrado,Sin motivo especifico,2026-01-09 00:15:13.155000+00:00,2025-12-03 00:14:50.651000+00:00
60108264320,Cierre Ganado,Tabasco,Cerrado,Sin motivo especifico,2026-05-08 17:19:36.423000+00:00,2026-05-08 17:20:14.208000+00:00
45901283642,Cierre Ganado,Ciudad De México,Cerrado,Sin motivo especifico,2025-10-13 16:35:57.757000+00:00,2025-09-05 16:35:40.827000+00:00
64056987276,Cierre Ganado,sin estado,Cerrado,Sin motivo especifico,2026-08-17 18:50:18.271000+00:00,2026-08-17 18:47:23+00:00
62448758079,Cierre Perdido,Tamaulipas,Cerrado,Sin motivo especifico,2026-07-09 17:36:49.816000+00:00,2026-07-20 18:55:01.487000+00:00
61024941090,Cierre Ganado,Veracruz,Cerrado,Sin motivo especifico,2026-06-11 00:30:34.980000+00:00,2026-06-15 18:48:40.100000+00:00
57093658668,Cierre Ganado,Veracruz,Cerrado,Sin motivo especifico,2026-02-27 19:29:52.315000+00:00,2026-02-27 19:31:03.377000+00:00
54078724875,Cierre Ganado,Veracruz,Cerrado,Sin motivo especifico,2026-01-19 19:08:18.889000+00:00,2026-01-19 19:08:48.076000+00:00
44491125928,Cierre Ganado,Guanajuato,Cerrado,Sin motivo especifico,2025-09-25 15:35:35.717000+00:00,2025-09-24 15:35:15.280000+00:00
44491137407,Cierre Ganado,San Luis Potosí,Cerrado,Sin motivo especifico,2025-09-25 20:21:41.383000+00:00,2025-09-25 20:21:34.376000+00:00
59883146402,Cierre Ganado,Veracruz,Cerrado,Sin motivo especifico,2026-04-30 22:42:55.380000+00:00,2026-04-30 22:44:08.300000+00:00
42448723790,Cierre Ganado,Puebla,Cerrado,Sin motivo especifico,2025-08-19 19:21:52.679000+00:00,2025-08-19 19:21:33.988000+00:00
53444038064,Cierre Ganado,Ciudad De México,Cerrado,Sin motivo especifico,2026-01-08 23:37:30.756000+00:00,2025-12-01 23:44:54.626000+00:00
53444038002,Cierre Ganado,Ciudad De México,Cerrado,Sin motivo especifico,2026-01-08 23:31:32.136000+00:00,2025-12-01 23:44:34.122000+00:00
53441984337,Cierre Ganado,Ciudad De México,Cerrado,Sin motivo especifico,2026-01-08 19:22:47.949000+00:00,2025-12-01 23:45:28.514000+00:00
54740306617,Cierre Ganado,Michoacán,Cerrado,Sin motivo especifico,2026-01-27 22:46:19.657000+00:00,2026-02-04 22:10:57.471000+00:00
53441924758,Cierre Ganado,Puebla,Cerrado,Sin motivo especifico,2026-01-08 19:50:02.380000+00:00,2026-01-31 19:47:55.549000+00:00
44858881660,Cierre Ganado,sin estado,Cerrado,Sin motivo especifico,2025-09-29 17:56:29.766000+00:00,2025-09-03 17:56:17.516000+00:00
41705610353,Cierre Perdido,sin estado,Cerrado,Sin motivo especifico,2025-08-11 22:38:31.496000+00:00,2025-09-18 17:20:32.798000+00:00
57177721913,Cierre Perdido,Tamaulipas,Cerrado,No tiene el dinero,2026-02-27 03:01:26.330000+00:00,2026-07-07 23:24:39.717000+00:00
61024599653,Cierre Ganado,Tabasco,Cerrado,Sin motivo especifico,2026-06-09 18:48:03.273000+00:00,2026-06-09 19:39:25.562000+00:00
48892479514,Cierre Ganado,Guanajuato,Cerrado,Sin motivo especifico,2025-11-12 00:02:12.514000+00:00,2025-11-08 00:02:03.710000+00:00
53441900343,Cierre Ganado,Ciudad De México,Cerrado,Sin motivo especifico,2026-01-08 00:39:13.478000+00:00,2025-12-02 00:38:16.038000+00:00
57178118471,Cierre Ganado,Michoacán,Cerrado,Sin motivo especifico,2026-02-27 18:16:52.724000+00:00,2026-03-12 18:32:17.519000+00:00
53434744887,Cierre Ganado,Veracruz,Cerrado,Sin motivo especifico,2026-01-08 18:39:39.189000+00:00,2026-01-31 18:38:06.672000+00:00
57200673413,Cierre Ganado,Veracruz,Cerrado,Sin motivo especifico,2026-02-27 16:08:52.783000+00:00,2026-02-27 16:09:20.235000+00:00
60984810571,Cierre Perdido,Nuevo León,Cerrado,No tiene el dinero,2026-06-09 16:58:28.636000+00:00,2026-07-20 19:03:38.265000+00:00
57200679443,Cierre Perdido,Michoacán,Cerrado,Falta de producto,2026-02-27 18:23:31.257000+00:00,2026-03-24 23:49:06.868000+00:00
57200725163,Cierre Perdido,Nuevo León,Cerrado,No tiene el dinero,2026-03-02 15:43:07.755000+00:00,2026-07-17 18:19:57.852000+00:00
53394291601,Cierre Ganado,Tabasco,Cerrado,Sin motivo especifico,2026-01-07 22:43:46.557000+00:00,2026-01-31 22:42:09.971000+00:00
60967536989,Cierre Perdido,Veracruz,Cerrado,Falta de producto,2026-06-09 00:22:47.115000+00:00,2026-07-29 22:45:03.632000+00:00
60967512596,Cierre Perdido,Veracruz,Cerrado,No tiene el dinero,2026-06-09 01:37:55.232000+00:00,2026-06-23 16:47:39.227000+00:00
57200737385,Cierre Perdido,Guerrero,Cerrado,No tiene el dinero,2026-02-27 22:53:12.589000+00:00,2026-07-23 18:44:35.845000+00:00
60967453209,Envío De Cotización ,sin estado,Abierto,Sin motivo especifico,,
58634293383,Cierre Ganado,Ciudad De México,Cerrado,Sin motivo especifico,2026-03-31 22:46:04.330000+00:00,2026-03-03 22:44:14.286000+00:00
60966230916,Cierre Ganado,Baja California,Cerrado,Sin motivo especifico,2026-06-08 23:47:46.869000+00:00,2026-06-30 23:47:04.817000+00:00
60966223678,Cierre Ganado,Baja California,Cerrado,Sin motivo especifico,2026-06-08 23:13:28.554000+00:00,2026-06-30 23:11:59.785000+00:00
44865547116,Cierre Ganado,Hidalgo,Cerrado,Sin motivo especifico,2025-09-29 18:17:44.422000+00:00,2025-09-03 18:18:01.796000+00:00
57209247252,Calificado Para Comprar,Guerrero,Abierto,Sin motivo especifico,,
41561619057,Cierre Ganado,Sonora,Cerrado,Sin motivo especifico,2025-08-07 16:16:17.780000+00:00,2025-08-07 16:16:33.597000+00:00
44865672749,Cierre Ganado,sin estado,Cerrado,Sin motivo especifico,2025-09-29 23:15:22.373000+00:00,2025-09-03 23:13:32.335000+00:00
63506590583,Cierre Ganado,Puebla,Cerrado,Sin motivo especifico,2026-08-06 03:20:13.685000+00:00,2026-08-06 03:08:46+00:00
60966223437,Cierre Ganado,Baja California,Cerrado,Sin motivo especifico,2026-06-08 22:58:46.655000+00:00,2026-06-30 22:57:30.905000+00:00
44865673803,Cierre Ganado,Ciudad De México,Cerrado,Sin motivo especifico,2025-09-30 00:31:53.658000+00:00,2025-09-06 00:31:12.106000+00:00
45914088983,Cierre Ganado,Ciudad De México,Cerrado,Sin motivo especifico,2025-10-13 16:05:58.107000+00:00,2025-09-09 16:05:46.324000+00:00
64175392897,Negociación,Puebla,Abierto,Sin motivo especifico,2026-08-19 20:21:21.271000+00:00,2026-08-31 20:20:46.871000+00:00
59545416781,Cierre Ganado,Ciudad De México,Cerrado,Sin motivo especifico,2026-04-23 23:06:48.719000+00:00,2026-04-16 23:06:29.901000+00:00
62750638397,Cierre Perdido,Tamaulipas,Cerrado,No tiene el dinero,2026-07-16 21:55:59.456000+00:00,2026-07-22 15:11:10.537000+00:00
53393766743,Cierre Ganado,Puebla,Cerrado,Sin motivo especifico,2026-01-08 23:36:15.977000+00:00,2026-01-31 21:10:25.505000+00:00
41604194886,Cierre Ganado,Guerrero,Cerrado,Sin motivo especifico,2025-08-08 18:19:06.298000+00:00,2025-08-31 18:16:57.438000+00:00
53393733745,Cierre Ganado,Veracruz,Cerrado,Sin motivo especifico,2026-01-07 22:36:38.383000+00:00,2026-01-31 22:35:14.177000+00:00
61625336209,Cierre Ganado,Veracruz,Cerrado,Sin motivo especifico,2026-06-26 17:35:58.086000+00:00,2026-06-26 20:49:27.812000+00:00
57447599508,Cierre Perdido,Tamaulipas,Cerrado,No tiene el dinero,2026-03-03 15:37:58.558000+00:00,2026-07-20 18:41:17.684000+00:00
59545416823,Cierre Ganado,Ciudad De México,Cerrado,Sin motivo especifico,2026-04-23 23:09:56.747000+00:00,2026-04-16 23:08:16.773000+00:00
62750666626,Cierre Perdido,Coahuila,Cerrado,Falta de producto,2026-07-17 19:05:48.986000+00:00,2026-07-22 15:10:57.933000+00:00
42448753938,Cierre Ganado,Sinaloa,Cerrado,Sin motivo especifico,2025-08-19 23:33:44.396000+00:00,2025-08-31 23:31:39.024000+00:00
44865920363,Cierre Perdido,Chiapas,Cerrado,No tiene el dinero,2025-09-30 00:09:08.970000+00:00,2026-01-08 15:57:07.015000+00:00
45914089357,Cierre Ganado,Ciudad De México,Cerrado,Sin motivo especifico,2025-10-13 16:17:41.788000+00:00,2025-09-09 16:16:46.503000+00:00
60964809125,Cierre Ganado,Tabasco,Cerrado,Sin motivo especifico,2026-06-08 18:53:54.550000+00:00,2026-06-09 00:37:51.145000+00:00
60964806217,Envío De Cotización ,Veracruz,Abierto,Sin motivo especifico,2026-06-09 01:11:04.592000+00:00,2026-07-01 01:09:18.800000+00:00
45914090140,Cierre Ganado,Ciudad De México,Cerrado,Sin motivo especifico,2025-10-13 16:42:19.424000+00:00,2025-09-05 16:41:48.540000+00:00
45914151447,Cierre Ganado,Ciudad De México,Cerrado,Sin motivo especifico,2025-10-13 16:19:53.984000+00:00,2025-09-09 16:19:26.948000+00:00
64288715078,Ganado,Puebla,Cerrado,Sin motivo especifico,2026-08-25 17:06:02.530000+00:00,2026-08-25 17:06:26.559000+00:00
45914151736,Cierre Ganado,Ciudad De México,Cerrado,Sin motivo especifico,2025-10-13 16:28:35.696000+00:00,2025-09-08 16:27:52.689000+00:00
45914152342,Cierre Ganado,Ciudad De México,Cerrado,Sin motivo especifico,2025-10-13 16:46:43.397000+00:00,2025-09-04 16:46:28.531000+00:00
45914213758,Cierre Ganado,Ciudad De México,Cerrado,Sin motivo especifico,2025-10-13 16:50:48.617000+00:00,2025-10-01 16:50:29.306000+00:00
45914336679,Cierre Ganado,Ciudad De México,Cerrado,Sin motivo especifico,2025-10-13 16:52:37.657000+00:00,2025-09-01 16:52:20.382000+00:00
59545541159,Cierre Ganado,Ciudad De México,Cerrado,Sin motivo especifico,2026-04-23 23:30:17.265000+00:00,2026-04-17 23:29:45.395000+00:00
57506826406,Cierre Ganado,Puebla,Cerrado,Sin motivo especifico,2026-03-03 22:52:40.501000+00:00,2026-03-03 22:56:19.484000+00:00
57539043439,Cierre Perdido,Veracruz,Cerrado,Falta de producto,2026-03-04 19:37:16.499000+00:00,2026-03-04 19:37:39.563000+00:00
59545541221,Cierre Ganado,Ciudad De México,Cerrado,Sin motivo especifico,2026-04-23 23:36:16.149000+00:00,2026-04-20 23:36:00.124000+00:00
44865980429,Cierre Perdido,Tamaulipas,Cerrado,Falta de producto,2025-09-29 22:40:08.183000+00:00,2025-09-30 22:39:24.030000+00:00
59545541453,Cierre Ganado,Ciudad De México,Cerrado,Sin motivo especifico,2026-04-23 23:53:48.738000+00:00,2026-04-21 23:53:10.243000+00:00
59545541485,Cierre Ganado,Ciudad De México,Cerrado,Sin motivo especifico,2026-04-23 23:56:21.579000+00:00,2026-04-22 23:55:57.347000+00:00
42448843333,Cierre Ganado,Puebla,Cerrado,Sin motivo especifico,2025-08-19 19:27:11.707000+00:00,2025-08-19 19:26:52.764000+00:00
57601609384,Cierre Ganado,Guerrero,Cerrado,Sin motivo especifico,2026-03-05 00:03:15.490000+00:00,2026-04-01 00:01:20.445000+00:00
59545541961,Cierre Perdido,Chihuahua,Cerrado,Falta de producto,2026-04-24 00:31:14.406000+00:00,2026-07-22 20:19:35.222000+00:00
59553148082,Calificado Para Comprar,sin estado,Abierto,Sin motivo especifico,,
54101267796,Cierre Ganado,Puebla,Cerrado,Sin motivo especifico,2026-01-19 16:00:23.228000+00:00,2026-01-28 21:43:52.907000+00:00
57619606146,Cierre Ganado,Veracruz,Cerrado,Sin motivo especifico,2026-03-06 15:47:41.415000+00:00,2026-03-06 15:48:10.291000+00:00
54101284177,Cierre Ganado,Tabasco,Cerrado,Sin motivo especifico,2026-01-19 23:28:03.308000+00:00,2026-01-31 23:25:51.150000+00:00
44866103945,Cierre Ganado,Ciudad De México,Cerrado,Sin motivo especifico,2025-09-30 00:53:16.540000+00:00,2025-09-09 00:52:44.005000+00:00
57668997693,Cierre Ganado,Veracruz,Cerrado,Sin motivo especifico,2026-03-06 18:26:32.636000+00:00,2026-03-06 18:27:05.729000+00:00
60964787236,Cierre Ganado,sin estado,Cerrado,Sin motivo especifico,2026-06-08 19:49:48.224000+00:00,2026-07-23 17:56:02.048000+00:00
59569789349,Cierre Ganado,Ciudad De México,Cerrado,Sin motivo especifico,2026-04-23 23:43:04.676000+00:00,2026-04-21 23:42:44.523000+00:00
48886989150,Cierre Ganado,Veracruz,Cerrado,Sin motivo especifico,2025-11-11 22:47:18.257000+00:00,2025-11-11 22:48:47.305000+00:00
64382558114,Cierre Ganado,Jalisco,Cerrado,Sin motivo especifico,2026-08-27 04:20:13.454000+00:00,2026-08-27 04:06:16+00:00
41604194173,Cierre Ganado,Guerrero,Cerrado,Sin motivo especifico,2025-08-08 18:14:03.002000+00:00,2025-08-31 18:12:42.782000+00:00
45915027501,Cierre Ganado,Ciudad De México,Cerrado,Sin motivo especifico,2025-10-13 17:02:39.510000+00:00,2025-10-02 17:02:25.673000+00:00
44866538127,Cierre Ganado,Ciudad De México,Cerrado,Sin motivo especifico,2025-09-29 23:45:20.383000+00:00,2025-09-04 23:44:37.225000+00:00
46041422009,Cierre Ganado,Veracruz,Cerrado,Sin motivo especifico,2025-10-15 17:01:03.435000+00:00,2025-10-15 17:02:24.095000+00:00
44866538901,Cierre Ganado,Ciudad De México,Cerrado,Sin motivo especifico,2025-09-30 00:48:33.616000+00:00,2025-09-06 00:48:00.064000+00:00
60962198340,Cierre Ganado,Chihuahua,Cerrado,Sin motivo especifico,2026-06-08 17:52:36.167000+00:00,2026-07-23 15:23:51.364000+00:00
62416537140,Cierre Ganado,Coahuila,Cerrado,Sin motivo especifico,2026-07-08 15:48:57.447000+00:00,2026-07-08 20:43:08.840000+00:00
57830362956,Cierre Perdido,Puebla,Cerrado,Falta de producto,2026-03-09 17:40:34.043000+00:00,2026-04-16 15:49:14.579000+00:00
57856031788,Cierre Ganado,Baja California,Cerrado,Sin motivo especifico,2026-03-10 20:21:30.050000+00:00,2026-03-06 21:20:50.142000+00:00
57856034445,Cierre Perdido,Puebla,Cerrado,Falta de producto,2026-03-10 21:30:00.281000+00:00,2026-03-31 21:28:54.559000+00:00
45915806290,Cierre Ganado,Ciudad De México,Cerrado,Sin motivo especifico,2025-10-13 18:14:41.146000+00:00,2025-10-31 18:13:28.962000+00:00
57856085077,Cierre Ganado,Guerrero,Cerrado,Sin motivo especifico,2026-03-10 17:24:49.615000+00:00,2026-03-10 17:28:41.093000+00:00
57856091515,Cierre Ganado,Baja California,Cerrado,Sin motivo especifico,2026-03-10 19:42:36.867000+00:00,2026-03-06 20:41:30.581000+00:00
59569850427,Cierre Ganado,Ciudad De México,Cerrado,Sin motivo especifico,2026-04-23 23:04:34.651000+00:00,2026-04-16 23:04:00.620000+00:00
57856146523,Cierre Perdido,Tlaxcala,Cerrado,Falta de producto,2026-03-10 17:14:05.551000+00:00,2026-03-10 17:14:36.258000+00:00
57856150936,Cierre Ganado,Veracruz,Cerrado,Sin motivo especifico,2026-03-10 18:46:02.336000+00:00,2026-03-10 18:47:03.009000+00:00
59569850937,Cierre Ganado,Ciudad De México,Cerrado,Sin motivo especifico,2026-04-23 23:37:54.578000+00:00,2026-04-20 23:37:40.572000+00:00
44866598715,Cierre Ganado,Ciudad De México,Cerrado,Sin motivo especifico,2025-09-29 23:28:42.737000+00:00,2025-09-03 23:28:00.632000+00:00
57856211784,Cierre Ganado,Puebla,Cerrado,Sin motivo especifico,2026-03-10 18:23:29.212000+00:00,2026-03-31 18:22:34.527000+00:00
57856216411,Cierre Perdido,Puebla,Cerrado,Falta de producto,2026-03-10 19:59:03.403000+00:00,2026-03-10 19:59:22.483000+00:00
57865210652,Cierre Ganado,Baja California,Cerrado,Sin motivo especifico,2026-03-10 16:10:15.884000+00:00,2026-03-06 17:06:16.163000+00:00
60962188939,Cierre Ganado,Veracruz,Cerrado,Sin motivo especifico,2026-06-08 18:43:29.153000+00:00,2026-06-09 00:38:21.380000+00:00
57865584805,Cierre Ganado,Puebla,Cerrado,Sin motivo especifico,2026-03-10 19:16:41.023000+00:00,2026-03-10 19:16:56.492000+00:00
59569851019,Cierre Perdido,Sonora,Cerrado,No tiene el dinero,2026-04-23 23:46:59.805000+00:00,2026-07-22 20:07:46.980000+00:00
45915808353,Cierre Ganado,Ciudad De México,Cerrado,Sin motivo especifico,2025-10-13 19:14:33.233000+00:00,2025-10-10 19:14:18.740000+00:00
57909114660,Cierre Perdido,Puebla,Cerrado,Falta de producto,2026-03-10 21:31:57.960000+00:00,2026-03-31 21:30:52.020000+00:00
59569911205,Cierre Perdido,Sonora,Cerrado,Eligio un producto de la competencia,2026-04-23 22:57:43.691000+00:00,2026-07-22 20:34:34.989000+00:00
57938900031,Cierre Ganado,Michoacán,Cerrado,Sin motivo especifico,2026-03-11 18:59:38.601000+00:00,2026-03-11 19:00:04.782000+00:00
44866661178,Cierre Ganado,Ciudad De México,Cerrado,Sin motivo especifico,2025-09-30 00:23:39.444000+00:00,2025-09-06 00:22:55.295000+00:00
59569911888,Cierre Ganado,Ciudad De México,Cerrado,Sin motivo especifico,2026-04-23 23:45:38.993000+00:00,2026-04-21 23:45:18.462000+00:00
60962176872,Cierre Ganado,Sonora,Cerrado,Sin motivo especifico,2026-06-08 17:05:23.506000+00:00,2026-06-08 17:19:12.099000+00:00
42100177034,Cierre Ganado,Veracruz,Cerrado,Sin motivo especifico,2025-08-14 18:54:01.640000+00:00,2025-08-14 20:08:43.149000+00:00
41705613124,Cierre Ganado,Puebla,Cerrado,Sin motivo especifico,2025-08-11 23:21:40.849000+00:00,2025-10-31 23:17:52.313000+00:00
60896019093,Cierre Ganado,Tabasco,Cerrado,Sin motivo especifico,2026-06-05 22:09:58.534000+00:00,2026-06-09 00:36:20.277000+00:00
57938968202,Cierre Perdido,Puebla,Cerrado,Falta de producto,2026-03-11 21:21:50.630000+00:00,2026-03-31 21:20:43.683000+00:00
57938968610,Cierre Perdido,Puebla,Cerrado,Falta de producto,2026-03-11 21:31:58.405000+00:00,2026-03-31 21:31:02.498000+00:00
64154271243,Cierre Ganado,sin estado,Cerrado,Sin motivo especifico,2026-08-18 23:05:14.150000+00:00,2026-08-18 22:53:28+00:00
48886928981,Cierre Ganado,San Luis Potosí,Cerrado,Sin motivo especifico,2025-11-11 23:53:21.155000+00:00,2025-11-06 23:53:02.655000+00:00
41705624417,Cierre Ganado,Zacatecas,Cerrado,Sin motivo especifico,2025-08-12 03:46:22.964000+00:00,2025-08-18 16:51:52.445000+00:00
59569911916,Cierre Ganado,Ciudad De México,Cerrado,Sin motivo especifico,2026-04-23 23:48:55.526000+00:00,2026-04-21 23:49:09.029000+00:00
57939065144,Cierre Ganado,Puebla,Cerrado,Sin motivo especifico,2026-03-12 19:28:41.441000+00:00,2026-03-31 19:26:38.465000+00:00
41705624649,Cierre Ganado,Zacatecas,Cerrado,Sin motivo especifico,2025-08-12 03:53:33.504000+00:00,2025-08-28 19:52:35.191000+00:00
48886905373,Cierre Ganado,Veracruz,Cerrado,Sin motivo especifico,2025-11-12 23:19:57.329000+00:00,2025-11-12 23:22:10.184000+00:00
42100170252,Cierre Ganado,Guerrero,Cerrado,Sin motivo especifico,2025-08-14 18:06:40.370000+00:00,2025-08-31 18:00:24.909000+00:00
62448760388,Cierre Perdido,Hidalgo,Cerrado,Sin motivo especifico,2026-07-09 17:47:17.030000+00:00,2026-07-20 18:53:32.250000+00:00
57939088540,Cierre Ganado,Veracruz,Cerrado,Sin motivo especifico,2026-03-11 19:58:46.340000+00:00,2026-03-11 19:59:15.841000+00:00
62853037386,Calificado Para Comprar,Tamaulipas,Abierto,Sin motivo especifico,2026-07-10 00:26:02.725000+00:00,2026-08-01 00:25:02.903000+00:00
45915869873,Cierre Ganado,Ciudad De México,Cerrado,Sin motivo especifico,2025-10-13 18:55:19.653000+00:00,2025-10-06 18:55:00.508000+00:00
45915870310,Cierre Ganado,Ciudad De México,Cerrado,Sin motivo especifico,2025-10-13 19:07:18.838000+00:00,2025-10-09 19:07:04+00:00
57939153016,Cierre Perdido,Puebla,Cerrado,Falta de producto,2026-03-11 21:28:39.408000+00:00,2026-03-31 21:27:38.390000+00:00
46041851209,Cierre Perdido,Michoacán,Cerrado,Falta de producto,2025-10-15 21:51:06.065000+00:00,2025-10-31 21:50:11.708000+00:00
57941007651,Cierre Ganado,Guerrero,Cerrado,Sin motivo especifico,2026-03-11 19:44:31.895000+00:00,2026-03-11 19:45:51.490000+00:00
60486836345,Cierre Ganado,Chihuahua,Cerrado,Sin motivo especifico,2026-05-21 22:59:19.470000+00:00,2026-05-31 23:29:17.667000+00:00
45915931212,Cierre Ganado,Ciudad De México,Cerrado,Sin motivo especifico,2025-10-13 18:43:30.969000+00:00,2025-10-31 18:41:30.423000+00:00
57941042262,Cierre Perdido,Puebla,Cerrado,Falta de producto,2026-03-12 19:26:07.128000+00:00,2026-03-31 19:25:18.918000+00:00
60896004908,Cierre Ganado,Durango,Cerrado,Sin motivo especifico,2026-06-05 19:55:56.205000+00:00,2026-06-05 19:55:44.577000+00:00
42100117383,Cierre Ganado,Guerrero,Cerrado,Sin motivo especifico,2025-08-14 18:11:35.246000+00:00,2025-08-31 18:08:33.218000+00:00
48886888012,Cierre Ganado,Guanajuato,Cerrado,Sin motivo especifico,2025-11-12 15:28:11.674000+00:00,2025-11-11 15:28:03.639000+00:00
45092435582,Cierre Ganado,sin estado,Cerrado,Sin motivo especifico,2025-10-02 16:17:38.941000+00:00,2025-09-10 16:17:06.843000+00:00
42100115758,Cierre Ganado,Michoacán,Cerrado,Sin motivo especifico,2025-08-14 17:58:01.002000+00:00,2025-08-31 17:53:43.054000+00:00
48886872849,Cierre Ganado,Guanajuato,Cerrado,Sin motivo especifico,2025-11-12 00:06:14.780000+00:00,2025-11-08 00:05:54.873000+00:00
57941157950,Cierre Perdido,Veracruz,Cerrado,Falta de producto,2026-03-12 16:33:17.074000+00:00,2026-03-12 16:34:10.904000+00:00
63819623262,Cierre Ganado,Campeche,Cerrado,Sin motivo especifico,2026-08-12 21:20:14.516000+00:00,2026-08-12 21:10:10+00:00
60896000569,Cierre Ganado,Durango,Cerrado,Sin motivo especifico,2026-06-05 20:37:23.821000+00:00,2026-06-05 20:37:15.535000+00:00
45915931804,Cierre Ganado,Ciudad De México,Cerrado,Sin motivo especifico,2025-10-13 19:01:45.426000+00:00,2025-10-07 19:01:30.285000+00:00
45915993428,Cierre Ganado,Ciudad De México,Cerrado,Sin motivo especifico,2025-10-13 18:51:16.931000+00:00,2025-10-06 18:50:51.570000+00:00
46041914436,Cierre Ganado,Michoacán,Cerrado,Sin motivo especifico,2025-10-15 23:03:52.203000+00:00,2025-10-31 23:02:42.476000+00:00
45092435792,Cierre Ganado,Guanajuato,Cerrado,Sin motivo especifico,2025-10-02 16:22:18.713000+00:00,2025-10-01 16:22:14.073000+00:00
45916992569,Cierre Ganado,Ciudad De México,Cerrado,Sin motivo especifico,2025-10-13 18:57:43.563000+00:00,2025-10-07 18:56:52.339000+00:00
45916992627,Cierre Ganado,Zacatecas,Cerrado,Sin motivo especifico,2025-10-13 18:59:28.530000+00:00,2025-10-07 18:58:57.664000+00:00
46558073660,Cierre Ganado,Oaxaca,Cerrado,Sin motivo especifico,2025-10-21 00:35:05.985000+00:00,2025-10-18 00:34:10.855000+00:00
45092441347,Cierre Ganado,sin estado,Cerrado,Sin motivo especifico,2025-10-02 18:45:58.302000+00:00,2025-09-29 18:45:36.261000+00:00
45092443951,Cierre Ganado,Nuevo León,Cerrado,Sin motivo especifico,2025-10-02 19:54:19.048000+00:00,2025-09-25 19:53:46.350000+00:00
59613330795,Cierre Ganado,Ciudad De México,Cerrado,Sin motivo especifico,2026-04-24 16:32:19.965000+00:00,2026-04-22 16:31:27.006000+00:00
59613331234,Cierre Ganado,Ciudad De México,Cerrado,Sin motivo especifico,2026-04-24 16:42:37.205000+00:00,2026-04-23 16:36:17.717000+00:00
58136065587,Cierre Ganado,Michoacán,Cerrado,Sin motivo especifico,2026-03-19 19:23:59.678000+00:00,2026-03-20 00:58:40.942000+00:00
45917055015,Cierre Ganado,Ciudad De México,Cerrado,Sin motivo especifico,2025-10-13 19:16:00.723000+00:00,2025-10-10 19:15:43.079000+00:00
41438131537,Cierre Perdido,Michoacán,Cerrado,No tiene el dinero,2025-08-05 23:49:01.898000+00:00,2025-09-01 17:24:46.749000+00:00
45092445981,Cierre Ganado,Aguascalientes,Cerrado,Sin motivo especifico,2025-10-02 20:51:52.008000+00:00,2025-09-25 20:51:21.589000+00:00
59644272989,Cierre Ganado,Ciudad De México,Cerrado,Sin motivo especifico,2026-04-24 16:21:44.828000+00:00,2026-04-22 16:21:21.014000+00:00
58136127333,Cierre Ganado,Guerrero,Cerrado,Sin motivo especifico,2026-03-19 19:12:01.840000+00:00,2026-03-19 19:13:57.037000+00:00
45917115786,Cierre Ganado,Ciudad De México,Cerrado,Sin motivo especifico,2025-10-13 18:45:10.488000+00:00,2025-10-06 18:44:47.136000+00:00
45917115823,Cierre Ganado,Ciudad De México,Cerrado,Sin motivo especifico,2025-10-13 18:46:28.147000+00:00,2025-10-06 18:46:14.292000+00:00
59644502165,Envío De Cotización ,Veracruz,Abierto,Sin motivo especifico,2026-04-27 18:14:56.065000+00:00,2026-04-30 18:13:39.881000+00:00
59644505448,Envío De Cotización ,Veracruz,Abierto,Sin motivo especifico,2026-04-27 19:24:09.002000+00:00,2026-04-30 19:21:36.949000+00:00
58208235021,Cierre Ganado,Veracruz,Cerrado,Sin motivo especifico,2026-03-23 15:36:43.770000+00:00,2026-03-23 15:37:17.054000+00:00
45917116721,Cierre Ganado,Chihuahua,Cerrado,Sin motivo especifico,2025-10-13 19:09:44.658000+00:00,2025-10-09 19:09:17.573000+00:00
58208296627,Cierre Ganado,Tabasco,Cerrado,Sin motivo especifico,2026-03-23 15:39:13.442000+00:00,2026-03-23 15:39:47.301000+00:00
58208296811,Cierre Ganado,Tabasco,Cerrado,Sin motivo especifico,2026-03-23 15:41:40.146000+00:00,2026-03-23 15:50:52.585000+00:00
58208296815,Cierre Ganado,Tabasco,Cerrado,Sin motivo especifico,2026-03-23 15:41:48.066000+00:00,2026-03-23 15:49:07.880000+00:00
58208297818,Cierre Ganado,Veracruz,Cerrado,Sin motivo especifico,2026-03-23 15:58:48.756000+00:00,2026-03-23 15:59:47.676000+00:00
58208357908,Cierre Ganado,Veracruz,Cerrado,Sin motivo especifico,2026-03-23 15:22:42.886000+00:00,2026-03-23 15:23:40.347000+00:00
45917178440,Cierre Ganado,Ciudad De México,Cerrado,Sin motivo especifico,2025-10-13 19:03:15.650000+00:00,2025-10-08 19:03:00.075000+00:00
45917178512,Cierre Ganado,Ciudad De México,Cerrado,Sin motivo especifico,2025-10-13 19:05:53.059000+00:00,2025-10-09 19:05:27.141000+00:00
58208416435,Cierre Ganado,Veracruz,Cerrado,Sin motivo especifico,2026-03-23 15:48:19.734000+00:00,2026-03-23 15:49:51.840000+00:00
59680085026,Envío De Cotización ,Veracruz,Abierto,Sin motivo especifico,2026-04-27 18:01:51.792000+00:00,2026-04-30 17:57:59.916000+00:00
59680086672,Envío De Cotización ,Veracruz,Abierto,Sin motivo especifico,2026-04-27 18:39:25.838000+00:00,2026-04-30 18:37:30.476000+00:00
46794705839,Cierre Ganado,Tabasco,Cerrado,Sin motivo especifico,2025-10-23 19:32:46.291000+00:00,2025-10-23 19:33:41.282000+00:00
45941913669,Cierre Ganado,Guanajuato,Cerrado,Sin motivo especifico,2025-10-13 23:26:31.141000+00:00,2025-10-13 23:26:25.354000+00:00
58208915629,Cierre Ganado,Tabasco,Cerrado,Sin motivo especifico,2026-03-23 15:42:32.628000+00:00,2026-03-23 15:43:16.277000+00:00
45943036194,Cierre Ganado,Puebla,Cerrado,Sin motivo especifico,2025-10-14 15:50:20.547000+00:00,2025-10-31 15:49:03.199000+00:00
41953811217,Cierre Perdido,sin estado,Cerrado,No paso su credito,2025-08-13 20:59:16.584000+00:00,2025-09-02 22:30:01.247000+00:00
45943043210,Cierre Ganado,Guerrero,Cerrado,Sin motivo especifico,2025-10-14 18:42:56.588000+00:00,2025-10-31 18:40:23.337000+00:00
41514326283,Cierre Perdido,Nayarit,Cerrado,No tiene el dinero,2025-08-06 23:23:59.096000+00:00,2025-09-01 20:36:35.776000+00:00
41953752140,Cierre Perdido,sin estado,Cerrado,No tiene el dinero,2025-08-13 21:03:40.608000+00:00,2025-08-20 20:03:10.518000+00:00
45967800978,Cierre Perdido,Veracruz,Cerrado,No tiene el dinero,2025-10-14 17:26:52.476000+00:00,2025-11-03 15:55:42.165000+00:00
41559072379,Cierre Ganado,Sinaloa,Cerrado,Sin motivo especifico,2025-08-07 15:51:47.576000+00:00,2025-08-01 15:40:01.768000+00:00
45967801962,Cierre Ganado,Michoacán,Cerrado,Sin motivo especifico,2025-10-14 17:52:00.132000+00:00,2025-10-31 17:50:22.843000+00:00
63817931397,Cierre Ganado,Campeche,Cerrado,Sin motivo especifico,2026-08-12 22:35:14+00:00,2026-08-12 22:23:36+00:00
58289377384,Cierre Ganado,Veracruz,Cerrado,Sin motivo especifico,2026-03-24 22:08:31.310000+00:00,2026-03-24 22:09:49.744000+00:00
58294997262,Cierre Ganado,Michoacán,Cerrado,Sin motivo especifico,2026-03-24 15:31:53.781000+00:00,2026-03-24 15:32:27.889000+00:00
41880113749,Cierre Ganado,Chihuahua,Cerrado,Sin motivo especifico,2025-08-12 17:18:45.729000+00:00,2025-08-12 18:49:07.241000+00:00
42100114806,Cierre Perdido,Michoacán,Cerrado,Eligio un producto de la competencia,2025-08-14 17:51:41.114000+00:00,2026-01-08 16:51:46.030000+00:00
62853593217,Cierre Perdido,Tamaulipas,Cerrado,Sin motivo especifico,2026-07-09 19:06:05.034000+00:00,2026-07-22 15:10:34.840000+00:00
41880201057,Cierre Perdido,Guerrero,Cerrado,No tiene el dinero,2025-08-12 17:40:13.693000+00:00,2025-09-01 19:20:41.080000+00:00
59680314443,Envío De Cotización ,Veracruz,Abierto,Sin motivo especifico,2026-04-27 18:45:19.814000+00:00,2026-04-30 18:40:16.943000+00:00
45092469649,Cierre Ganado,Baja California,Cerrado,Sin motivo especifico,2025-10-01 20:01:26.873000+00:00,2025-10-07 18:12:51.893000+00:00
58295132728,Cierre Ganado,Veracruz,Cerrado,Sin motivo especifico,2026-03-24 22:13:13.636000+00:00,2026-03-24 22:13:44.518000+00:00
45092475446,Cierre Ganado,Guanajuato,Cerrado,Sin motivo especifico,2025-10-02 00:13:56.654000+00:00,2025-10-02 00:13:35.843000+00:00
48886856000,Cierre Ganado,Tabasco,Cerrado,Sin motivo especifico,2025-11-11 15:21:19.309000+00:00,2025-11-11 15:23:41.237000+00:00
58295246737,Cierre Ganado,Veracruz,Cerrado,Sin motivo especifico,2026-03-25 17:42:15.395000+00:00,2026-03-25 17:52:02.882000+00:00
58295247033,Cierre Ganado,Tabasco,Cerrado,Sin motivo especifico,2026-03-25 17:50:07.706000+00:00,2026-03-25 17:51:47.344000+00:00
41880201850,Cierre Perdido,Michoacán,Cerrado,No tiene el dinero,2025-08-12 17:45:41.816000+00:00,2025-09-01 21:37:44.912000+00:00
41953730845,Cierre Ganado,Michoacán,Cerrado,Sin motivo especifico,2025-08-13 18:48:11.744000+00:00,2025-08-31 18:45:21.880000+00:00
58295431043,Cierre Perdido,Michoacán,Cerrado,No pasó su crédito (Financiera),2026-03-25 17:03:53.074000+00:00,2026-03-26 17:10:31.211000+00:00
48878220692,Cierre Ganado,San Luis Potosí,Cerrado,Sin motivo especifico,2025-11-12 00:14:43.954000+00:00,2025-11-12 00:14:44.163000+00:00
63451308341,Cierre Ganado,Estado De México,Cerrado,Sin motivo especifico,2026-08-03 16:35:17.239000+00:00,2026-08-03 16:21:56+00:00
58295556387,Cierre Ganado,Ciudad De México,Cerrado,Sin motivo especifico,2026-03-25 20:55:08.806000+00:00,2026-03-02 20:54:37.169000+00:00
48878220473,Cierre Ganado,Guanajuato,Cerrado,Sin motivo especifico,2025-11-11 23:57:19.753000+00:00,2025-11-07 23:57:14.747000+00:00
45967803827,Cierre Ganado,Michoacán,Cerrado,Sin motivo especifico,2025-10-14 18:39:50.143000+00:00,2025-10-31 18:37:04.571000+00:00
53355209303,Cierre Ganado,Veracruz,Cerrado,Sin motivo especifico,2026-01-06 21:47:51.269000+00:00,2026-01-31 21:46:01.923000+00:00
63444116635,Cierre Ganado,Puebla,Cerrado,Sin motivo especifico,2026-08-03 23:20:15.746000+00:00,2026-08-03 23:13:13+00:00
60893111605,Cierre Ganado,Chihuahua,Cerrado,Sin motivo especifico,2026-06-05 17:20:14.403000+00:00,2026-06-02 17:51:58.639000+00:00
45092496646,Cierre Ganado,Ciudad De México,Cerrado,Sin motivo especifico,2025-10-02 17:35:35.345000+00:00,2025-09-30 17:35:07.518000+00:00
48878206276,Cierre Ganado,Puebla,Cerrado,Sin motivo especifico,2025-11-11 16:31:22.391000+00:00,2026-01-21 19:07:49.686000+00:00
48859587848,Cierre Ganado,Puebla,Cerrado,Sin motivo especifico,2025-11-11 00:29:03.413000+00:00,2025-12-01 00:27:11.141000+00:00
45967857775,Cierre Ganado,Michoacán,Cerrado,Sin motivo especifico,2025-10-14 18:58:28.080000+00:00,2025-10-31 18:55:51.091000+00:00
45967921588,Cierre Perdido,Tabasco,Cerrado,No tiene el dinero,2025-10-14 21:15:18.835000+00:00,2025-11-12 16:38:15.072000+00:00
48859445250,Cierre Ganado,Guanajuato,Cerrado,Sin motivo especifico,2025-11-12 00:17:48.195000+00:00,2025-11-11 00:17:44.357000+00:00
60893101623,Cierre Ganado,Chihuahua,Cerrado,Sin motivo especifico,2026-06-05 16:55:59.638000+00:00,2026-06-04 17:27:38.332000+00:00
48859444838,Cierre Ganado,Veracruz,Cerrado,Sin motivo especifico,2025-11-11 23:47:59.924000+00:00,2025-11-12 23:49:52.548000+00:00
45967922712,Cierre Ganado,Tabasco,Cerrado,Sin motivo especifico,2025-10-14 21:57:21.332000+00:00,2025-10-14 21:58:13.981000+00:00
42100048003,Cierre Perdido,sin estado,Cerrado,No paso su credito,2025-08-14 16:36:39.272000+00:00,2025-09-02 22:29:36.361000+00:00
60893093129,Cierre Ganado,Chihuahua,Cerrado,Sin motivo especifico,2026-06-05 17:15:05.095000+00:00,2026-06-02 17:46:10.993000+00:00
46599547562,Cierre Ganado,Puebla,Cerrado,Sin motivo especifico,2025-10-23 00:35:15.051000+00:00,2025-11-01 00:22:36.949000+00:00
45967923807,Cierre Ganado,Veracruz,Cerrado,Sin motivo especifico,2025-10-14 22:49:27.608000+00:00,2025-10-14 22:50:26.839000+00:00
42094106288,Cierre Ganado,Chiapas,Cerrado,Sin motivo especifico,2025-08-14 22:15:50.429000+00:00,2025-08-14 22:16:54.670000+00:00
60257813926,Cierre Ganado,Baja California,Cerrado,Sin motivo especifico,2026-05-14 23:49:19.110000+00:00,2026-05-31 23:47:56.560000+00:00
45092501293,Cierre Ganado,Ciudad De México,Cerrado,Sin motivo especifico,2025-10-02 19:35:13.590000+00:00,2025-09-26 19:34:51.022000+00:00
60893091983,Cierre Ganado,Sonora,Cerrado,Sin motivo especifico,2026-06-05 17:02:24.195000+00:00,2026-06-04 17:34:08.736000+00:00
45092501363,Cierre Ganado,Ciudad De México,Cerrado,Sin motivo especifico,2025-10-02 19:37:37.867000+00:00,2025-09-26 19:37:22.478000+00:00
45967925000,Cierre Ganado,Veracruz,Cerrado,Sin motivo especifico,2025-10-15 00:07:39.810000+00:00,2025-10-15 00:08:21.725000+00:00
45967925101,Cierre Ganado,Veracruz,Cerrado,Sin motivo especifico,2025-10-15 00:19:32.070000+00:00,2025-10-15 00:19:47.762000+00:00
60893087324,Cierre Ganado,Sonora,Cerrado,Sin motivo especifico,2026-06-05 16:46:18.254000+00:00,2026-06-04 17:17:56.234000+00:00
45092507061,Cierre Ganado,Ciudad De México,Cerrado,Sin motivo especifico,2025-10-02 23:25:17.281000+00:00,2025-09-24 23:24:58.029000+00:00
45968045195,Cierre Perdido,Veracruz,Cerrado,No pasó su crédito (Financiera),2025-10-14 21:34:50.103000+00:00,2025-11-12 16:38:38.123000+00:00
58295751229,Cierre Ganado,Guerrero,Cerrado,Sin motivo especifico,2026-03-24 21:35:04.290000+00:00,2026-03-24 21:35:37.519000+00:00
45092507270,Cierre Ganado,Ciudad De México,Cerrado,Sin motivo especifico,2025-10-02 23:41:01.604000+00:00,2025-09-24 23:40:32.185000+00:00
42093938354,Cierre Perdido,sin estado,Cerrado,No tiene el dinero,2025-08-14 16:14:48.058000+00:00,2025-08-21 16:19:41.328000+00:00
46110138193,Cierre Perdido,Guerrero,Cerrado,No tiene el dinero,2025-10-15 23:05:13.127000+00:00,2026-01-08 16:50:22.863000+00:00
45092507453,Cierre Ganado,Jalisco,Cerrado,Sin motivo especifico,2025-10-02 23:54:27.328000+00:00,2015-10-26 23:53:17.064000+00:00
42228316071,Cierre Ganado,sin estado,Cerrado,Sin motivo especifico,2025-08-15 17:18:34.506000+00:00,2025-08-15 17:16:42.924000+00:00
48859444626,Cierre Ganado,Tabasco,Cerrado,Sin motivo especifico,2025-11-11 23:35:40.603000+00:00,2025-11-11 23:36:40.250000+00:00
62950547309,Cierre Ganado,Tamaulipas,Cerrado,Sin motivo especifico,2026-07-22 17:20:44.703000+00:00,2026-07-22 18:14:47.884000+00:00
64378414227,Cierre Ganado,Campeche,Cerrado,Sin motivo especifico,2026-08-26 00:50:15.147000+00:00,2026-08-26 00:35:18+00:00
48791381515,Cierre Ganado,San Luis Potosí,Cerrado,Sin motivo especifico,2025-11-12 00:10:48.787000+00:00,2025-11-08 00:10:45.307000+00:00
64376946281,Cierre Ganado,sin estado,Cerrado,Sin motivo especifico,2026-08-26 23:20:15.631000+00:00,2026-08-26 23:17:10+00:00
62416572435,Cierre Ganado,Tamaulipas,Cerrado,Sin motivo especifico,2026-07-08 22:29:42.574000+00:00,2026-07-02 23:16:02.477000+00:00
63441434993,Cierre Ganado,Puebla,Cerrado,Sin motivo especifico,2026-08-03 23:35:16.567000+00:00,2026-08-03 23:29:36+00:00
59728062586,Cierre Perdido,Tabasco,Cerrado,Falta de producto,2026-04-28 22:40:17.372000+00:00,2026-04-28 22:40:48.912000+00:00
48791380631,Cierre Ganado,Tabasco,Cerrado,Sin motivo especifico,2025-11-11 23:07:56.109000+00:00,2025-11-11 23:08:39.477000+00:00
58295941502,Cierre Ganado,Veracruz,Cerrado,Sin motivo especifico,2026-03-25 00:50:16.891000+00:00,2026-03-25 00:51:02.128000+00:00
58295990861,Cierre Ganado,Guerrero,Cerrado,Sin motivo especifico,2026-03-25 17:50:48.248000+00:00,2026-03-26 16:28:55.611000+00:00
60142040872,Cierre Ganado,Veracruz,Cerrado,Sin motivo especifico,2026-05-08 22:03:04.886000+00:00,2026-05-08 22:04:37.099000+00:00
46110199133,Cierre Perdido,Michoacán,Cerrado,Falta de producto,2025-10-15 22:09:32.697000+00:00,2025-10-31 22:07:12.821000+00:00
58332102715,Cierre Ganado,Ciudad De México,Cerrado,Sin motivo especifico,2026-03-25 23:59:33.505000+00:00,2026-03-03 23:59:25.488000+00:00
41880262689,Cierre Ganado,Puebla,Cerrado,Sin motivo especifico,2025-08-12 17:50:28.616000+00:00,2025-08-12 18:54:37.947000+00:00
58332163117,Cierre Ganado,Michoacán,Cerrado,Sin motivo especifico,2026-03-25 22:47:28.424000+00:00,2026-03-26 16:25:17.512000+00:00
62610440847,Cierre Ganado,sin estado,Cerrado,Sin motivo especifico,2026-07-13 14:50:15.513000+00:00,2026-07-13 14:42:48+00:00
58332164769,Cierre Ganado,Ciudad De México,Cerrado,Sin motivo especifico,2026-03-26 00:47:35.181000+00:00,2026-03-04 00:37:07.803000+00:00
45116494439,Cierre Ganado,sin estado,Cerrado,Sin motivo especifico,2025-10-02 19:11:48.165000+00:00,2025-09-30 19:11:24.626000+00:00
45116495136,Cierre Ganado,Ciudad De México,Cerrado,Sin motivo especifico,2025-10-02 19:29:00.495000+00:00,2025-09-29 19:28:39.863000+00:00
58332283676,Cierre Ganado,Ciudad De México,Cerrado,Sin motivo especifico,2026-03-25 20:47:09.665000+00:00,2026-03-02 20:46:48.517000+00:00
58332283748,Cierre Ganado,Ciudad De México,Cerrado,Sin motivo especifico,2026-03-25 20:49:30.038000+00:00,2026-03-02 20:49:14.347000+00:00
60873498988,Cierre Ganado,Zacatecas,Cerrado,Sin motivo especifico,2026-06-05 00:59:49.926000+00:00,2026-06-05 00:59:42.071000+00:00
45116501028,Cierre Ganado,Zacatecas,Cerrado,Sin motivo especifico,2025-10-02 23:10:48.545000+00:00,2025-09-25 23:10:06.047000+00:00
58368936989,Cierre Ganado,Veracruz,Cerrado,Sin motivo especifico,2026-03-25 22:40:11.280000+00:00,2026-03-25 22:40:40.278000+00:00
58368938282,Cierre Ganado,Tabasco,Cerrado,Sin motivo especifico,2026-03-25 23:55:52.822000+00:00,2026-03-31 21:24:38.963000+00:00
58368996617,Cierre Ganado,Morelos,Cerrado,Sin motivo especifico,2026-03-25 21:21:28.863000+00:00,2026-03-03 21:16:09.899000+00:00
60873497785,Cierre Ganado,Veracruz,Cerrado,Sin motivo especifico,2026-06-05 00:52:28.862000+00:00,2026-06-05 00:53:09.266000+00:00
45116501049,Cierre Ganado,Ciudad De México,Cerrado,Sin motivo especifico,2025-10-02 23:12:24.842000+00:00,2025-09-25 23:12:09.028000+00:00
45968108308,Cierre Ganado,Veracruz,Cerrado,Sin motivo especifico,2025-10-14 22:43:27.872000+00:00,2025-10-14 22:44:08.471000+00:00
45116501819,Cierre Ganado,Nuevo León,Cerrado,Sin motivo especifico,2025-10-03 00:24:57.969000+00:00,2025-09-24 00:23:31.781000+00:00
63027518548,Cierre Ganado,Coahuila,Cerrado,Sin motivo especifico,2026-07-22 17:26:30.707000+00:00,2026-07-22 22:02:02.764000+00:00
60142156429,Cierre Perdido,Baja California,Cerrado,No tiene el dinero,2026-05-08 18:13:24.238000+00:00,2026-07-22 17:33:00.385000+00:00
45968108618,Cierre Ganado,Veracruz,Cerrado,Sin motivo especifico,2025-10-14 23:02:52.008000+00:00,2025-10-14 23:03:52.128000+00:00
59728086107,Calificado Para Comprar,Veracruz,Abierto,Sin motivo especifico,2026-04-27 23:30:59.773000+00:00,2026-04-30 23:29:01.492000+00:00
45968108955,Cierre Perdido,Veracruz,Cerrado,No tiene el dinero,2025-10-14 23:26:21.823000+00:00,2025-10-29 00:04:44.795000+00:00
45116501852,Cierre Ganado,Ciudad De México,Cerrado,Sin motivo especifico,2025-10-03 00:28:39.961000+00:00,2025-09-23 00:28:22.791000+00:00
45968109068,Cierre Perdido,Veracruz,Cerrado,No tiene el dinero,2025-10-14 23:30:44.513000+00:00,2025-10-29 00:06:25.192000+00:00
46110200079,Cierre Ganado,Michoacán,Cerrado,Sin motivo especifico,2025-10-15 23:00:23.208000+00:00,2025-10-31 22:57:25.800000+00:00
45968109687,Cierre Ganado,Veracruz,Cerrado,Sin motivo especifico,2025-10-15 00:28:10.996000+00:00,2025-10-15 00:28:49.419000+00:00
60869742631,Cierre Ganado,Veracruz,Cerrado,Sin motivo especifico,2026-06-05 00:48:43.969000+00:00,2026-06-05 00:49:26.351000+00:00
48791339819,Cierre Ganado,Veracruz,Cerrado,Sin motivo especifico,2025-11-10 18:52:25.492000+00:00,2025-11-10 18:53:04.818000+00:00
45968173231,Cierre Ganado,Veracruz,Cerrado,Sin motivo especifico,2025-10-14 17:38:33.349000+00:00,2025-10-14 17:40:18.445000+00:00
45116522375,Cierre Ganado,Ciudad De México,Cerrado,Sin motivo especifico,2025-10-03 17:55:10.615000+00:00,2025-09-11 17:54:46.829000+00:00
45116524212,Cierre Ganado,Baja California,Cerrado,Sin motivo especifico,2025-10-03 18:47:53.311000+00:00,2025-10-31 18:45:07.198000+00:00
45968173983,Cierre Ganado,Michoacán,Cerrado,Sin motivo especifico,2025-10-14 17:56:28.460000+00:00,2025-10-31 17:55:04.339000+00:00
45116527107,Cierre Ganado,Ciudad De México,Cerrado,Sin motivo especifico,2025-10-03 20:09:04.221000+00:00,2025-09-18 20:04:30.960000+00:00
45968368511,Cierre Perdido,Chiapas,Cerrado,Falta de producto,2025-10-14 15:21:36.690000+00:00,2025-10-14 15:23:39.858000+00:00
60486645875,Cierre Ganado,Durango,Cerrado,Sin motivo especifico,2026-05-21 16:04:12.612000+00:00,2026-05-13 16:04:08.781000+00:00
58474794546,Cierre Ganado,Veracruz,Cerrado,Sin motivo especifico,2026-03-28 00:47:29.432000+00:00,2026-03-28 00:48:11.394000+00:00
45116527646,Cierre Ganado,Morelos,Cerrado,Sin motivo especifico,2025-10-03 20:26:27.226000+00:00,2025-09-18 20:26:05.602000+00:00
60848499096,Cierre Ganado,Sinaloa,Cerrado,Sin motivo especifico,2026-06-03 23:36:16.074000+00:00,2026-06-03 23:36:08.230000+00:00
58479476261,Cierre Ganado,Veracruz,Cerrado,Sin motivo especifico,2026-03-27 20:52:29.302000+00:00,2026-03-27 20:53:21.738000+00:00
58479531062,Cierre Perdido,Guerrero,Cerrado,Falta de producto,2026-03-27 17:48:29.531000+00:00,2026-03-27 17:48:52.233000+00:00
41559855623,Cierre Ganado,Michoacán,Cerrado,Sin motivo especifico,2025-08-07 17:32:35.597000+00:00,2025-08-31 17:31:17.495000+00:00
58479658515,Cierre Ganado,Ciudad De México,Cerrado,Sin motivo especifico,2026-03-27 19:15:31.239000+00:00,2026-03-03 19:03:11.650000+00:00
45116528211,Cierre Ganado,Ciudad De México,Cerrado,Sin motivo especifico,2025-10-03 20:45:52.078000+00:00,2025-09-15 20:45:35.629000+00:00
41880312902,Cierre Ganado,Durango,Cerrado,Sin motivo especifico,2025-08-13 01:47:19.923000+00:00,2025-08-13 01:47:03.049000+00:00
58566878313,Cierre Ganado,Michoacán,Cerrado,Sin motivo especifico,2026-03-30 23:49:54.825000+00:00,2026-04-01 23:41:29.424000+00:00
54616297785,Cierre Ganado,Veracruz,Cerrado,Sin motivo especifico,2026-01-26 21:59:54.209000+00:00,2026-01-26 22:01:14.049000+00:00
60848493614,Cierre Ganado,Durango,Cerrado,Sin motivo especifico,2026-06-03 22:47:52.287000+00:00,2026-06-03 22:47:41.864000+00:00
41554346094,Cierre Ganado,Sonora,Cerrado,Sin motivo especifico,2025-08-07 16:46:57.823000+00:00,2025-08-06 16:46:49.462000+00:00
60036774995,Cierre Ganado,Chihuahua,Cerrado,Sin motivo especifico,2026-05-05 18:28:52.659000+00:00,2026-07-22 22:09:22.170000+00:00
60848493583,Cierre Ganado,Zacatecas,Cerrado,Sin motivo especifico,2026-06-03 22:46:06.607000+00:00,2026-06-03 22:45:58.116000+00:00
48359186996,Cierre Ganado,Guanajuato,Cerrado,Sin motivo especifico,2025-11-05 23:01:59.552000+00:00,2025-11-05 23:01:51.683000+00:00
45968373588,Cierre Perdido,Veracruz,Cerrado,No pasó su crédito (Financiera),2025-10-14 17:12:42.166000+00:00,2025-10-29 00:04:14.382000+00:00
60848475821,Cierre Ganado,Durango,Cerrado,Sin motivo especifico,2026-06-03 23:42:50.992000+00:00,2026-06-03 23:42:39.453000+00:00
48359186784,Cierre Ganado,Aguascalientes,Cerrado,Sin motivo especifico,2025-11-05 22:53:47.909000+00:00,2025-11-05 23:04:05.228000+00:00
45968490393,Cierre Perdido,Chiapas,Cerrado,Falta de producto,2025-10-14 15:30:01.969000+00:00,2025-10-13 15:29:07.031000+00:00
64369031719,Cierre Ganado,sin estado,Cerrado,Sin motivo especifico,2026-08-26 23:05:16.034000+00:00,2026-08-26 23:02:49+00:00
60486644063,Cierre Ganado,Durango,Cerrado,Sin motivo especifico,2026-05-21 15:28:40.263000+00:00,2026-05-15 15:28:14.405000+00:00
58599266862,Cierre Ganado,Guerrero,Cerrado,Sin motivo especifico,2026-03-30 22:58:44.361000+00:00,2026-03-30 22:59:55.294000+00:00
58599268021,Cierre Ganado,Michoacán,Cerrado,Sin motivo especifico,2026-03-31 00:17:04.089000+00:00,2026-03-31 23:49:35.828000+00:00
60486583842,Cierre Perdido,Durango,Cerrado,No tiene el dinero,2026-05-21 16:24:55.372000+00:00,2026-06-15 17:25:54.925000+00:00
45116563284,Cierre Ganado,Ciudad De México,Cerrado,Sin motivo especifico,2025-10-02 23:28:32.131000+00:00,2025-09-24 23:28:11.080000+00:00
58599329539,Cierre Perdido,Tamaulipas,Cerrado,No tiene el dinero,2026-03-30 23:24:31.634000+00:00,2026-07-07 23:24:34.965000+00:00
62622450443,Cierre Ganado,Coahuila,Cerrado,Sin motivo especifico,2026-07-13 19:32:17.440000+00:00,2026-07-15 18:44:16.033000+00:00
45116563774,Cierre Ganado,Ciudad De México,Cerrado,Sin motivo especifico,2025-10-03 00:13:20.999000+00:00,2025-09-11 00:12:55.610000+00:00
45116564002,Cierre Ganado,Ciudad De México,Cerrado,Sin motivo especifico,2025-10-03 00:30:25.900000+00:00,2025-09-23 00:30:10.480000+00:00
45116564015,Cierre Ganado,Guanajuato,Cerrado,Sin motivo especifico,2025-10-03 00:33:02.638000+00:00,2025-10-14 17:07:19.048000+00:00
62619546707,Cierre Ganado,Nuevo León,Cerrado,Sin motivo especifico,2026-07-13 18:09:14.017000+00:00,2026-07-14 18:27:23.758000+00:00
62115571811,Cierre Ganado,Nuevo León,Cerrado,Sin motivo especifico,2026-07-08 00:45:05.681000+00:00,2026-07-08 20:58:57.102000+00:00
58630505601,Cierre Perdido,Tamaulipas,Cerrado,No tiene el dinero,2026-03-31 18:19:25.428000+00:00,2026-07-07 23:24:30.122000+00:00
59728244529,Cierre Perdido,Tabasco,Cerrado,Falta de producto,2026-04-28 22:45:10.682000+00:00,2026-04-28 22:45:39.738000+00:00
58630507186,Cierre Perdido,Nuevo León,Cerrado,No tiene el dinero,2026-03-31 18:56:42.499000+00:00,2026-07-07 23:24:18.703000+00:00
58630515535,Cierre Ganado,Ciudad De México,Cerrado,Sin motivo especifico,2026-03-31 23:07:21.015000+00:00,2026-03-04 23:07:02.776000+00:00
60486582880,Cierre Ganado,Durango,Cerrado,Sin motivo especifico,2026-05-21 15:59:59.191000+00:00,2026-05-13 15:59:56.180000+00:00
64364452641,Perdido,Ciudad De México,Cerrado,Sin Respuesta,2026-08-25 22:33:32.003000+00:00,2026-08-27 19:07:48.527000+00:00
45144527131,Cierre Ganado,Ciudad De México,Cerrado,Sin motivo especifico,2025-10-02 19:26:36.733000+00:00,2025-09-29 19:26:13.401000+00:00
64343353169,Cierre Ganado,sin estado,Cerrado,Sin motivo especifico,2026-08-25 18:20:18.465000+00:00,2026-08-25 18:09:43+00:00
60846303344,Cierre Ganado,Sinaloa,Cerrado,Sin motivo especifico,2026-06-03 19:05:19.802000+00:00,2026-06-03 18:51:55.754000+00:00
48171869619,Cierre Ganado,Puebla,Cerrado,Sin motivo especifico,2025-11-04 19:59:26.055000+00:00,2025-11-30 19:58:35.678000+00:00
41880313710,Cierre Perdido,Nayarit,Cerrado,No tiene el dinero,2025-08-13 02:08:45.690000+00:00,2025-08-26 15:59:06.901000+00:00
41554342293,Cierre Ganado,Sonora,Cerrado,Sin motivo especifico,2025-08-07 16:22:14.014000+00:00,2025-08-06 16:24:13.141000+00:00
60814973703,Calificado Para Comprar,sin estado,Abierto,Sin motivo especifico,,
58630625620,Cierre Ganado,Michoacán,Cerrado,Sin motivo especifico,2026-03-31 16:47:19.495000+00:00,2026-03-31 18:46:45.268000+00:00
45144533164,Cierre Ganado,Ciudad De México,Cerrado,Sin motivo especifico,2025-10-02 23:02:10.916000+00:00,2025-09-25 23:01:52.415000+00:00
58630640689,Cierre Ganado,Ciudad De México,Cerrado,Sin motivo especifico,2026-03-31 23:02:48.813000+00:00,2026-03-04 23:02:27.895000+00:00
58630640787,Cierre Ganado,Hidalgo,Cerrado,Sin motivo especifico,2026-03-31 23:09:26.714000+00:00,2026-03-04 23:09:09.871000+00:00
58630641162,Cierre Ganado,Ciudad De México,Cerrado,Sin motivo especifico,2026-03-31 23:26:48.590000+00:00,2026-03-04 23:21:10.066000+00:00
58630668333,Cierre Ganado,Baja California,Cerrado,Sin motivo especifico,2026-04-01 18:12:39.942000+00:00,2026-04-02 19:58:39.683000+00:00
60799455356,Calificado Para Comprar,sin estado,Abierto,Sin motivo especifico,,
53353285016,Cierre Ganado,Veracruz,Cerrado,Sin motivo especifico,2026-01-06 17:43:38.702000+00:00,2026-01-06 17:46:16.886000+00:00
45144534043,Cierre Ganado,Ciudad De México,Cerrado,Sin motivo especifico,2025-10-03 00:10:41.778000+00:00,2025-11-01 00:08:46.920000+00:00
62455732882,Cierre Ganado,Coahuila,Cerrado,Sin motivo especifico,2026-07-09 19:39:27.762000+00:00,2026-07-10 00:46:49.091000+00:00
58630701623,Cierre Ganado,Ciudad De México,Cerrado,Sin motivo especifico,2026-03-31 23:29:53.109000+00:00,2026-03-05 23:29:25.608000+00:00
45144553343,Cierre Ganado,Ciudad De México,Cerrado,Sin motivo especifico,2025-10-03 17:21:38.192000+00:00,2025-09-22 17:21:18.664000+00:00
60786379059,Cierre Ganado,Veracruz,Cerrado,Sin motivo especifico,2026-06-02 17:28:50.176000+00:00,2026-06-02 17:29:12.673000+00:00
55433811060,Cierre Ganado,Puebla,Cerrado,Sin motivo especifico,2026-02-03 19:24:40.252000+00:00,2026-02-28 19:21:55.648000+00:00
62616679236,Cierre Perdido,Coahuila,Cerrado,No tiene el dinero,2026-07-13 16:58:31.260000+00:00,2026-07-17 23:14:47.510000+00:00
46412617309,Cierre Ganado,Guerrero,Cerrado,Sin motivo especifico,2025-10-17 22:30:29.648000+00:00,2025-10-31 22:09:05.730000+00:00
45144554836,Cierre Ganado,San Luis Potosí,Cerrado,Sin motivo especifico,2025-10-03 18:03:06.318000+00:00,2025-10-03 18:02:57.612000+00:00
58630762753,Cierre Ganado,Ciudad De México,Cerrado,Sin motivo especifico,2026-03-31 23:15:22.652000+00:00,2026-03-04 23:15:02.934000+00:00
54350050932,Cierre Ganado,Veracruz,Cerrado,Sin motivo especifico,2026-01-22 18:05:08.972000+00:00,2026-01-22 18:07:46.183000+00:00
62638117465,Cierre Ganado,Tamaulipas,Cerrado,Sin motivo especifico,2026-07-14 17:48:04.720000+00:00,2026-07-14 19:31:11.983000+00:00
42100418873,Cierre Perdido,Oaxaca,Cerrado,No tiene el dinero,2025-08-14 23:35:53.319000+00:00,2026-01-08 15:57:36.457000+00:00
45968491367,Cierre Perdido,Oaxaca,Cerrado,Falta de producto,2025-10-14 15:49:54.050000+00:00,2025-10-13 15:49:22.027000+00:00
45144555068,Cierre Ganado,sin estado,Cerrado,Sin motivo especifico,2025-10-03 18:09:38.998000+00:00,2025-09-19 18:09:17.095000+00:00
58634170273,Cierre Ganado,Ciudad De México,Cerrado,Sin motivo especifico,2026-03-31 23:05:21.283000+00:00,2026-03-04 23:04:28.951000+00:00
58634198114,Cierre Ganado,Michoacán,Cerrado,Sin motivo especifico,2026-04-01 18:44:55.468000+00:00,2026-04-01 23:41:49.766000+00:00
62115561145,Cierre Ganado,Coahuila,Cerrado,Sin motivo especifico,2026-07-07 23:21:45.698000+00:00,2026-07-01 23:22:41.839000+00:00
62451005975,Calificado Para Comprar,Tamaulipas,Abierto,Sin motivo especifico,2026-07-09 19:05:35.070000+00:00,2026-08-01 00:25:15.643000+00:00
60786206278,Cierre Ganado,Veracruz,Cerrado,Sin motivo especifico,2026-06-02 21:47:00.345000+00:00,2026-06-02 21:49:16.979000+00:00
62115545751,Cierre Ganado,Nuevo León,Cerrado,Sin motivo especifico,2026-07-07 20:22:52.130000+00:00,2026-07-08 20:55:10.829000+00:00
42228300866,Cierre Perdido,sin estado,Cerrado,Sin motivo especifico,2025-08-15 15:25:58.034000+00:00,2025-09-08 22:16:47.166000+00:00
62450987902,Cierre Perdido,Coahuila,Cerrado,No tiene el dinero,2026-07-09 17:21:20.667000+00:00,2026-07-17 18:22:08.036000+00:00
45144555290,Cierre Ganado,Ciudad De México,Cerrado,Sin motivo especifico,2025-10-03 18:15:35.233000+00:00,2025-09-15 18:15:16.095000+00:00
58634231432,Cierre Ganado,Michoacán,Cerrado,Sin motivo especifico,2026-03-31 22:55:32.980000+00:00,2026-03-04 19:23:03.991000+00:00
47966170220,Cierre Ganado,Aguascalientes,Cerrado,Sin motivo especifico,2025-11-03 19:20:53.257000+00:00,2025-11-11 23:49:17.719000+00:00
45144583609,Cierre Ganado,Ciudad De México,Cerrado,Sin motivo especifico,2025-10-02 17:22:20.071000+00:00,2025-09-30 17:18:52.921000+00:00
45968558235,Cierre Ganado,Veracruz,Cerrado,Sin motivo especifico,2025-10-14 22:27:50.203000+00:00,2025-10-14 22:28:35.812000+00:00
58634283955,Cierre Perdido,Nuevo León,Cerrado,No tiene el dinero,2026-03-31 18:27:31.085000+00:00,2026-07-07 23:24:25.603000+00:00
54223767977,Cierre Ganado,Tlaxcala,Cerrado,Sin motivo especifico,2026-01-21 19:36:25.787000+00:00,2026-01-31 19:33:52.006000+00:00
58634320013,Cierre Ganado,Baja California,Cerrado,Sin motivo especifico,2026-04-01 18:15:34.839000+00:00,2026-04-02 19:29:09.642000+00:00
58634320522,Cierre Ganado,Michoacán,Cerrado,Sin motivo especifico,2026-04-01 18:27:09.718000+00:00,2026-04-07 16:10:19.484000+00:00
60785802025,Envío De Cotización/Negociación,Durango,Abierto,Sin motivo especifico,2026-06-01 23:56:13.976000+00:00,2026-06-30 23:52:33.550000+00:00
47831609442,Cierre Ganado,Aguascalientes,Cerrado,Sin motivo especifico,2025-10-30 23:17:46.120000+00:00,2025-10-30 23:17:24.133000+00:00
60785778955,Cierre Ganado,Sinaloa,Cerrado,Sin motivo especifico,2026-06-03 00:29:25.159000+00:00,2026-06-03 00:28:26.093000+00:00
47831430412,Cierre Ganado,Guerrero,Cerrado,Sin motivo especifico,2025-10-30 23:28:56.852000+00:00,2025-10-31 23:26:43.624000+00:00
47814558005,Cierre Ganado,Guanajuato,Cerrado,Sin motivo especifico,2025-10-30 20:24:50.830000+00:00,2025-10-30 20:23:58.185000+00:00
47814381341,Cierre Ganado,San Luis Potosí,Cerrado,Sin motivo especifico,2025-10-30 22:58:13.733000+00:00,2025-10-30 22:58:05.030000+00:00
45144588548,Cierre Ganado,Ciudad De México,Cerrado,Sin motivo especifico,2025-10-02 19:30:44.137000+00:00,2025-09-26 19:30:26.342000+00:00
47739249443,Cierre Ganado,Aguascalientes,Cerrado,Sin motivo especifico,2025-10-30 22:40:59.014000+00:00,2025-10-30 22:40:37.598000+00:00
58685958821,Cierre Ganado,Ciudad De México,Cerrado,Sin motivo especifico,2026-04-02 19:22:49.088000+00:00,2026-03-06 19:22:29.726000+00:00
47739245379,Cierre Ganado,Aguascalientes,Cerrado,Sin motivo especifico,2025-10-30 20:10:49.692000+00:00,2025-10-30 20:10:37.877000+00:00
58685961642,Cierre Ganado,Ciudad De México,Cerrado,Sin motivo especifico,2026-04-02 20:43:18.039000+00:00,2026-03-09 20:42:53.872000+00:00
58686017168,Cierre Ganado,Ciudad De México,Cerrado,Sin motivo especifico,2026-04-02 18:28:34.513000+00:00,2026-03-05 19:23:21.981000+00:00
47738973186,Cierre Ganado,Guerrero,Cerrado,Sin motivo especifico,2025-10-29 23:59:13.662000+00:00,2025-10-31 23:56:03.700000+00:00
47738972060,Cierre Perdido,Puebla,Cerrado,Falta de producto,2025-10-29 22:37:44.948000+00:00,2025-10-31 22:35:03.422000+00:00
47720970615,Cierre Perdido,Puebla,Cerrado,Falta de producto,2025-10-29 23:23:25.369000+00:00,2025-10-31 23:20:50.245000+00:00
58686257255,Cierre Ganado,Ciudad De México,Cerrado,Sin motivo especifico,2026-04-02 22:50:18.539000+00:00,2026-03-09 22:47:33.218000+00:00
58686320005,Cierre Ganado,Ciudad De México,Cerrado,Sin motivo especifico,2026-04-03 00:47:57.712000+00:00,2026-03-12 00:46:56.791000+00:00
58686448423,Cierre Ganado,Ciudad De México,Cerrado,Sin motivo especifico,2026-04-02 18:54:54.977000+00:00,2026-03-05 19:23:37.429000+00:00
58686449204,Cierre Ganado,Ciudad De México,Cerrado,Sin motivo especifico,2026-04-02 19:15:06.356000+00:00,2026-03-06 19:23:48.789000+00:00
58686450255,Cierre Ganado,Ciudad De México,Cerrado,Sin motivo especifico,2026-04-02 19:44:08.076000+00:00,2026-03-06 19:43:46.439000+00:00
45144592039,Cierre Ganado,Ciudad De México,Cerrado,Sin motivo especifico,2025-10-02 21:11:57.319000+00:00,2025-09-25 21:11:41.628000+00:00
45144594541,Cierre Ganado,Ciudad De México,Cerrado,Sin motivo especifico,2025-10-02 23:17:05.862000+00:00,2025-09-24 23:16:40.683000+00:00
58686509146,Cierre Ganado,Hidalgo,Cerrado,Sin motivo especifico,2026-04-02 18:45:58.363000+00:00,2026-03-05 19:23:33.277000+00:00
58686512535,Cierre Ganado,Ciudad De México,Cerrado,Sin motivo especifico,2026-04-02 20:28:29.317000+00:00,2026-03-09 20:21:39.135000+00:00
58686513264,Cierre Ganado,Ciudad De México,Cerrado,Sin motivo especifico,2026-04-02 20:54:49.525000+00:00,2026-03-09 20:47:03.953000+00:00
45144594863,Cierre Ganado,San Luis Potosí,Cerrado,Sin motivo especifico,2025-10-02 23:44:33.239000+00:00,2025-09-24 23:43:35.425000+00:00
45144595305,Cierre Perdido,Puebla,Cerrado,No tiene el dinero,2025-10-03 00:26:53.966000+00:00,2025-10-22 22:47:48.055000+00:00
58686574108,Cierre Ganado,Ciudad De México,Cerrado,Sin motivo especifico,2026-04-02 19:50:54.110000+00:00,2026-03-09 19:50:22.206000+00:00
58686574680,Cierre Ganado,Ciudad De México,Cerrado,Sin motivo especifico,2026-04-02 20:07:32.552000+00:00,2026-03-09 19:59:04.359000+00:00
45144595373,Cierre Ganado,Nuevo León,Cerrado,Sin motivo especifico,2025-10-03 00:37:12.157000+00:00,2025-09-23 00:36:57.474000+00:00
45144614823,Cierre Ganado,Ciudad De México,Cerrado,Sin motivo especifico,2025-10-03 17:35:45.353000+00:00,2025-09-19 17:35:31.850000+00:00
58686630582,Cierre Ganado,Ciudad De México,Cerrado,Sin motivo especifico,2026-04-02 18:33:22.825000+00:00,2026-03-05 19:23:26.221000+00:00
58686630769,Cierre Ganado,Ciudad De México,Cerrado,Sin motivo especifico,2026-04-02 18:39:39.643000+00:00,2026-03-05 19:23:29.532000+00:00
58686634597,Cierre Ganado,Ciudad De México,Cerrado,Sin motivo especifico,2026-04-02 20:45:23.861000+00:00,2026-03-09 20:44:47.294000+00:00
45144615172,Cierre Ganado,Ciudad De México,Cerrado,Sin motivo especifico,2025-10-03 17:44:12.220000+00:00,2025-09-10 17:43:52.629000+00:00
58686696340,Cierre Ganado,Ciudad De México,Cerrado,Sin motivo especifico,2026-04-02 19:41:35.760000+00:00,2026-03-06 19:40:07.543000+00:00
47720323869,Cierre Ganado,Michoacán,Cerrado,Sin motivo especifico,2025-10-30 18:44:25.889000+00:00,2025-10-31 18:42:44.272000+00:00
58686811012,Cierre Ganado,Ciudad De México,Cerrado,Sin motivo especifico,2026-04-03 00:53:33.166000+00:00,2026-03-12 00:53:11.393000+00:00
58686872395,Cierre Ganado,Ciudad De México,Cerrado,Sin motivo especifico,2026-04-02 23:07:01.658000+00:00,2026-03-10 23:06:36.984000+00:00
58686873113,Cierre Ganado,Morelos,Cerrado,Sin motivo especifico,2026-04-03 00:22:27.759000+00:00,2026-03-12 00:21:01.995000+00:00
45968559370,Cierre Perdido,Tabasco,Cerrado,Falta de producto,2025-10-14 23:24:03.813000+00:00,2025-10-29 00:05:48.726000+00:00
45144616081,Cierre Ganado,Ciudad De México,Cerrado,Sin motivo especifico,2025-10-03 18:12:25.084000+00:00,2025-09-19 18:11:58.053000+00:00
58686934085,Cierre Ganado,Ciudad De México,Cerrado,Sin motivo especifico,2026-04-02 22:59:33.384000+00:00,2026-03-09 22:57:04.962000+00:00
58686934159,Cierre Ganado,Ciudad De México,Cerrado,Sin motivo especifico,2026-04-02 23:08:55.141000+00:00,2026-03-10 23:08:38.267000+00:00
58686934916,Cierre Ganado,Ciudad De México,Cerrado,Sin motivo especifico,2026-04-03 00:33:12.131000+00:00,2026-03-12 00:31:46.103000+00:00
58686935048,Cierre Ganado,Ciudad De México,Cerrado,Sin motivo especifico,2026-04-03 00:43:42.176000+00:00,2026-03-12 00:35:18.612000+00:00
60486579509,Cierre Ganado,Veracruz,Cerrado,Sin motivo especifico,2026-05-21 14:44:28.696000+00:00,2026-05-21 14:45:21.196000+00:00
45144618830,Cierre Ganado,Puebla,Cerrado,Sin motivo especifico,2025-10-03 19:35:23.039000+00:00,2025-09-18 19:35:05.616000+00:00
47720235871,Cierre Perdido,Puebla,Cerrado,Falta de producto,2025-10-29 22:54:44.431000+00:00,2025-10-31 22:51:19.808000+00:00
58798231839,Cierre Ganado,Veracruz,Cerrado,Sin motivo especifico,2026-04-06 23:32:15.290000+00:00,2026-04-06 23:32:52.187000+00:00
58798251048,Cierre Ganado,Tabasco,Cerrado,Sin motivo especifico,2026-04-07 16:06:21.797000+00:00,2026-04-07 16:06:58.571000+00:00
47720232502,Cierre Ganado,Aguascalientes,Cerrado,Sin motivo especifico,2025-10-29 20:34:17.200000+00:00,2025-10-29 20:33:52.143000+00:00
45968559878,Cierre Ganado,Veracruz,Cerrado,Sin motivo especifico,2025-10-15 00:02:04.274000+00:00,2025-10-15 00:02:58.071000+00:00
47660466783,Cierre Ganado,Guanajuato,Cerrado,Sin motivo especifico,2025-10-29 22:35:18.852000+00:00,2025-10-29 22:34:45.505000+00:00
58798433317,Cierre Ganado,Veracruz,Cerrado,Sin motivo especifico,2026-04-06 22:05:17.314000+00:00,2026-04-06 22:05:59.666000+00:00
60764458560,Cierre Ganado,Baja California,Cerrado,Sin motivo especifico,2026-06-01 05:02:43.159000+00:00,2026-05-16 05:32:04.246000+00:00
45144620648,Cierre Ganado,Ciudad De México,Cerrado,Sin motivo especifico,2025-10-03 20:35:49.157000+00:00,2025-09-18 20:32:01.042000+00:00
47660461841,Cierre Ganado,Puebla,Cerrado,Sin motivo especifico,2025-10-29 19:52:06.461000+00:00,2025-10-31 19:50:11.806000+00:00
58798498213,Cierre Ganado,Guerrero,Cerrado,Sin motivo especifico,2026-04-06 22:20:18.205000+00:00,2026-04-07 19:56:12.935000+00:00
58899345240,Cierre Perdido,Veracruz,Cerrado,Falta de producto,2026-04-07 15:21:28.484000+00:00,2026-04-07 15:22:39.413000+00:00
45144622183,Cierre Ganado,Oaxaca,Cerrado,Sin motivo especifico,2025-10-03 21:49:05.482000+00:00,2025-10-03 21:48:39.443000+00:00
60714041732,Cierre Ganado,Tabasco,Cerrado,Sin motivo especifico,2026-05-29 16:44:31.603000+00:00,2026-05-29 16:45:25.110000+00:00
58900573264,Cierre Ganado,Michoacán,Cerrado,Sin motivo especifico,2026-04-07 16:18:26.263000+00:00,2026-04-21 21:16:05.684000+00:00
45144623436,Cierre Ganado,Ciudad De México,Cerrado,Sin motivo especifico,2025-10-03 23:32:34.237000+00:00,2025-10-31 23:31:10.387000+00:00
60142279697,Cierre Ganado,Veracruz,Cerrado,Sin motivo especifico,2026-05-08 17:01:47.516000+00:00,2026-05-08 17:02:15.144000+00:00
60257803860,Cierre Ganado,Veracruz,Cerrado,Sin motivo especifico,2026-05-14 21:39:59.089000+00:00,2026-05-14 21:40:30.682000+00:00
46412679523,Cierre Ganado,Veracruz,Cerrado,Sin motivo especifico,2025-10-18 00:01:24.027000+00:00,2025-10-20 18:39:04.889000+00:00
60486522190,Cierre Ganado,Sinaloa,Cerrado,Sin motivo especifico,2026-05-21 16:17:22.884000+00:00,2026-05-15 16:17:18.642000+00:00
59729746193,Envío De Cotización ,sin estado,Abierto,Sin motivo especifico,2026-04-27 21:32:10.281000+00:00,2026-04-30 21:28:32.274000+00:00
60695020809,Cierre Ganado,Veracruz,Cerrado,Sin motivo especifico,2026-05-28 23:05:01.521000+00:00,2026-05-28 23:06:26.850000+00:00
58902202940,Cierre Ganado,Ciudad De México,Cerrado,Sin motivo especifico,2026-04-07 19:19:31.036000+00:00,2026-04-02 00:43:06.870000+00:00
46110200842,Cierre Ganado,San Luis Potosí,Cerrado,Sin motivo especifico,2025-10-15 23:53:53.519000+00:00,2025-10-15 23:53:45.454000+00:00
58902326924,Cierre Perdido,Michoacán,Cerrado,Falta de producto,2026-04-07 19:22:39.802000+00:00,2026-04-07 19:24:53.613000+00:00
45144643626,Cierre Ganado,Ciudad De México,Cerrado,Sin motivo especifico,2025-10-02 23:18:35.817000+00:00,2025-09-24 23:18:22.859000+00:00
45968803653,Cierre Ganado,Veracruz,Cerrado,Sin motivo especifico,2025-10-14 21:24:40.297000+00:00,2025-10-14 21:25:35.106000+00:00
46558014588,Cierre Ganado,Sonora,Cerrado,Sin motivo especifico,2025-10-20 15:56:58.385000+00:00,2025-10-20 20:39:26.744000+00:00
45144644280,Cierre Ganado,Ciudad De México,Cerrado,Sin motivo especifico,2025-10-03 00:20:41.880000+00:00,2025-09-24 00:20:27.227000+00:00
60695019810,Cierre Ganado,Veracruz,Cerrado,Sin motivo especifico,2026-05-28 23:09:12.354000+00:00,2026-05-28 23:10:06.452000+00:00
60694396266,Cierre Ganado,Tabasco,Cerrado,Sin motivo especifico,2026-05-28 23:50:36.982000+00:00,2026-05-28 23:51:12.396000+00:00
45968804742,Cierre Ganado,Veracruz,Cerrado,Sin motivo especifico,2025-10-14 22:10:32.807000+00:00,2025-10-14 22:11:45.867000+00:00
45144960297,Cierre Ganado,Ciudad De México,Cerrado,Sin motivo especifico,2025-10-02 18:42:08.971000+00:00,2025-09-29 18:41:56.773000+00:00
45144965778,Cierre Ganado,Puebla,Cerrado,Sin motivo especifico,2025-10-02 21:09:16.146000+00:00,2025-10-31 21:06:05.010000+00:00
45144967862,Cierre Ganado,Ciudad De México,Cerrado,Sin motivo especifico,2025-10-02 22:52:13.815000+00:00,2025-09-25 22:51:54.241000+00:00
60694357381,Cierre Ganado,Zacatecas,Cerrado,Sin motivo especifico,2026-05-28 18:22:22.468000+00:00,2026-05-28 18:21:57.863000+00:00
46563895900,Cierre Ganado,Veracruz,Cerrado,Sin motivo especifico,2025-10-21 00:42:30.282000+00:00,2025-10-21 00:43:04.435000+00:00
45144968372,Cierre Ganado,Ciudad De México,Cerrado,Sin motivo especifico,2025-10-02 23:30:37.352000+00:00,2025-09-24 23:30:11.036000+00:00
45144968830,Cierre Ganado,Ciudad De México,Cerrado,Sin motivo especifico,2025-10-03 00:07:55.653000+00:00,2025-09-09 00:07:34.568000+00:00
45144991035,Cierre Ganado,Ciudad De México,Cerrado,Sin motivo especifico,2025-10-03 18:44:43.445000+00:00,2025-09-18 18:44:23.974000+00:00
58986343267,Cierre Ganado,Veracruz,Cerrado,Sin motivo especifico,2026-04-08 17:16:51.722000+00:00,2026-04-08 17:17:18.950000+00:00
45144991545,Cierre Ganado,Ciudad De México,Cerrado,Sin motivo especifico,2025-10-03 18:58:09.968000+00:00,2025-09-18 18:57:55.735000+00:00
45144994416,Cierre Ganado,Ciudad De México,Cerrado,Sin motivo especifico,2025-10-03 20:27:29.822000+00:00,2025-09-17 20:27:05.587000+00:00
60486518042,Cierre Ganado,Veracruz,Cerrado,Sin motivo especifico,2026-05-21 14:50:29.158000+00:00,2026-05-21 14:50:50.705000+00:00
45144997744,Cierre Ganado,Morelos,Cerrado,Sin motivo especifico,2025-10-03 23:52:15.997000+00:00,2025-09-23 23:51:09.686000+00:00
45193033236,Cierre Ganado,Morelos,Cerrado,Sin motivo especifico,2025-10-03 17:23:16.985000+00:00,2025-09-10 17:22:35.161000+00:00
58986959971,Cierre Ganado,Veracruz,Cerrado,Sin motivo especifico,2026-04-08 16:03:07.933000+00:00,2026-04-08 16:08:03.383000+00:00
58986960178,Cierre Ganado,Veracruz,Cerrado,Sin motivo especifico,2026-04-08 16:06:54.951000+00:00,2026-04-08 16:08:16.551000+00:00
64217625516,Cierre Ganado,sin estado,Cerrado,Sin motivo especifico,2026-08-19 23:35:14.676000+00:00,2026-08-19 23:30:48+00:00
64223396686,Cierre Ganado,sin estado,Cerrado,Sin motivo especifico,2026-08-20 16:20:13.553000+00:00,2026-08-20 16:08:27+00:00
60675707521,Cierre Ganado,Durango,Cerrado,Sin motivo especifico,2026-05-27 23:07:38.739000+00:00,2026-05-27 23:07:29.869000+00:00
45193033620,Cierre Ganado,Morelos,Cerrado,Sin motivo especifico,2025-10-03 17:34:45.225000+00:00,2025-09-10 17:32:26.494000+00:00
45193034525,Cierre Ganado,Hidalgo,Cerrado,Sin motivo especifico,2025-10-03 17:59:37.531000+00:00,2025-09-12 17:59:05.116000+00:00
64224806287,Perdido,Jalisco,Cerrado,Sin interés detectado,2026-08-20 17:45:31.798000+00:00,2026-08-21 17:11:02.200000+00:00
60424077491,Cierre Ganado,Chihuahua,Cerrado,Sin motivo especifico,2026-05-20 23:58:21.059000+00:00,2026-05-06 00:29:36.166000+00:00
47660404532,Cierre Perdido,Puebla,Cerrado,Falta de producto,2025-10-29 22:28:44.345000+00:00,2025-10-31 22:27:11.023000+00:00
45193039020,Cierre Ganado,Ciudad De México,Cerrado,Sin motivo especifico,2025-10-03 20:17:34.175000+00:00,2025-09-18 20:16:37.432000+00:00
47660376608,Cierre Ganado,Michoacán,Cerrado,Sin motivo especifico,2025-10-30 22:06:23.241000+00:00,2025-10-31 22:04:42.482000+00:00
47660158029,Cierre Ganado,Veracruz,Cerrado,Sin motivo especifico,2025-10-29 19:41:09.253000+00:00,2025-10-29 19:42:00.357000+00:00
60242500640,Cierre Ganado,Chihuahua,Cerrado,Sin motivo especifico,2026-05-13 23:54:49.496000+00:00,2026-06-01 00:21:25.821000+00:00
45968806442,Cierre Ganado,Tabasco,Cerrado,Sin motivo especifico,2025-10-14 23:57:03.207000+00:00,2025-10-14 23:57:45.984000+00:00
63436175627,Cierre Ganado,Campeche,Cerrado,Sin motivo especifico,2026-08-03 22:35:13.787000+00:00,2026-08-03 22:34:27+00:00
45193042539,Cierre Ganado,Ciudad De México,Cerrado,Sin motivo especifico,2025-10-03 23:35:20.106000+00:00,2025-09-23 23:34:58.830000+00:00
59018164561,Cierre Ganado,Ciudad De México,Cerrado,Sin motivo especifico,2026-04-10 00:34:46.865000+00:00,2026-04-07 00:31:46.765000+00:00
59018225937,Cierre Ganado,Ciudad De México,Cerrado,Sin motivo especifico,2026-04-10 00:11:07.455000+00:00,2026-04-02 00:10:47.713000+00:00
59018225971,Cierre Ganado,Ciudad De México,Cerrado,Sin motivo especifico,2026-04-10 00:15:43.033000+00:00,2026-04-07 00:51:36.083000+00:00
45193093986,Cierre Ganado,Ciudad De México,Cerrado,Sin motivo especifico,2025-10-03 17:25:38.037000+00:00,2025-09-22 17:25:13.637000+00:00
59018226354,Cierre Ganado,Ciudad De México,Cerrado,Sin motivo especifico,2026-04-10 00:51:04.158000+00:00,2026-04-07 00:50:38.953000+00:00
59018226456,Cierre Ganado,Ciudad De México,Cerrado,Sin motivo especifico,2026-04-10 00:53:43.163000+00:00,2026-04-07 00:53:18.403000+00:00
45193094964,Cierre Ganado,sin estado,Cerrado,Sin motivo especifico,2025-10-03 17:51:04.252000+00:00,2025-09-11 17:48:21.867000+00:00
45193096121,Cierre Ganado,Ciudad De México,Cerrado,Sin motivo especifico,2025-10-03 18:24:55.478000+00:00,2025-09-18 18:24:36.757000+00:00
59021184182,Cierre Ganado,Ciudad De México,Cerrado,Sin motivo especifico,2026-04-09 23:47:02.051000+00:00,2026-04-01 23:40:15.616000+00:00
45968806672,Cierre Ganado,Veracruz,Cerrado,Sin motivo especifico,2025-10-15 00:15:18.602000+00:00,2025-10-15 00:15:57.719000+00:00
63027839108,Cierre Ganado,Tamaulipas,Cerrado,Sin motivo especifico,2026-07-22 22:11:15.213000+00:00,2026-07-23 15:41:42.394000+00:00
60424076166,Cierre Ganado,Sonora,Cerrado,Sin motivo especifico,2026-05-20 22:33:24.917000+00:00,2026-07-29 21:33:49.442000+00:00
60424075915,Cierre Ganado,Sonora,Cerrado,Sin motivo especifico,2026-05-20 22:21:27.635000+00:00,2026-05-05 22:52:28.324000+00:00
60424014143,Cierre Ganado,Chihuahua,Cerrado,Eligio un producto de la competencia,2026-05-20 22:42:30.956000+00:00,2026-07-29 21:34:17.520000+00:00
45193098104,Cierre Ganado,Ciudad De México,Cerrado,Sin motivo especifico,2025-10-03 19:16:37.112000+00:00,2025-09-18 19:16:21.714000+00:00
59021243923,Cierre Ganado,Ciudad De México,Cerrado,Sin motivo especifico,2026-04-10 00:06:45.795000+00:00,2026-04-02 00:09:10.682000+00:00
59021243943,Cierre Ganado,Ciudad De México,Cerrado,Sin motivo especifico,2026-04-10 00:08:49.978000+00:00,2026-04-02 00:08:55.845000+00:00
45968806830,Cierre Perdido,Veracruz,Cerrado,No tiene el dinero,2025-10-15 00:34:48.468000+00:00,2025-10-29 00:09:12.595000+00:00
45193099682,Cierre Ganado,Ciudad De México,Cerrado,Sin motivo especifico,2025-10-03 19:59:14.620000+00:00,2025-09-18 19:58:53.427000+00:00
60424002704,Cierre Ganado,Tabasco,Cerrado,Sin motivo especifico,2026-05-20 17:25:05.897000+00:00,2026-05-20 17:52:21.304000+00:00
47660154006,Cierre Ganado,Guanajuato,Cerrado,Sin motivo especifico,2025-10-29 18:02:01.436000+00:00,2025-10-29 18:01:08.601000+00:00
54223514707,Cierre Ganado,Veracruz,Cerrado,Sin motivo especifico,2026-01-20 19:22:14.181000+00:00,2026-01-20 21:10:38.308000+00:00
59021308969,Cierre Ganado,Ciudad De México,Cerrado,Sin motivo especifico,2026-04-10 00:48:23.194000+00:00,2026-04-07 00:44:57.844000+00:00
59021367403,Cierre Ganado,Ciudad De México,Cerrado,Sin motivo especifico,2026-04-10 00:05:03.058000+00:00,2026-04-02 00:04:32.840000+00:00
59021367479,Cierre Ganado,Ciudad De México,Cerrado,Sin motivo especifico,2026-04-10 00:13:14.975000+00:00,2026-04-02 00:12:48.056000+00:00
45968806988,Cierre Ganado,Veracruz,Cerrado,Sin motivo especifico,2025-10-15 00:46:30.308000+00:00,2025-10-15 00:47:13.557000+00:00
41554353981,Cierre Perdido,Guerrero,Cerrado,No pasó su crédito (Financiera),2025-08-07 17:38:16.301000+00:00,2026-01-08 16:49:51.086000+00:00
59021426806,Cierre Ganado,Veracruz,Cerrado,Sin motivo especifico,2026-04-09 21:12:07.386000+00:00,2026-04-09 21:12:33.445000+00:00
45195765792,Cierre Ganado,Ciudad De México,Cerrado,Sin motivo especifico,2025-10-03 17:28:38.564000+00:00,2025-09-22 17:28:19.967000+00:00
45197144453,Cierre Ganado,Ciudad De México,Cerrado,Sin motivo especifico,2025-10-03 18:19:11.123000+00:00,2025-09-17 18:18:51.914000+00:00
60254161838,Cierre Ganado,Tabasco,Cerrado,Sin motivo especifico,2026-05-14 15:46:14.396000+00:00,2026-05-14 15:48:09.242000+00:00
59021430922,Cierre Ganado,Ciudad De México,Cerrado,Sin motivo especifico,2026-04-10 00:56:02.603000+00:00,2026-04-07 00:55:14.235000+00:00
45197635435,Cierre Ganado,Ciudad De México,Cerrado,Sin motivo especifico,2025-10-03 18:12:48.327000+00:00,2025-09-12 18:12:20.932000+00:00
46557988939,Cierre Ganado,Puebla,Cerrado,Sin motivo especifico,2025-10-21 16:13:46.003000+00:00,2025-10-31 16:11:05.634000+00:00
45197643419,Cierre Ganado,Aguascalientes,Cerrado,Sin motivo especifico,2025-10-03 23:29:36.374000+00:00,2025-09-23 23:29:06.006000+00:00
61209610646,Cierre Ganado,Sinaloa,Cerrado,Sin motivo especifico,2026-06-17 21:55:22.406000+00:00,2026-06-18 00:08:47.211000+00:00
59086309271,Cierre Ganado,Tabasco,Cerrado,Sin motivo especifico,2026-04-10 17:32:00.779000+00:00,2026-04-10 17:56:39.053000+00:00
61244355509,Cierre Ganado,Veracruz,Cerrado,Sin motivo especifico,2026-06-18 15:37:03.402000+00:00,2026-06-23 16:46:36.863000+00:00
59086310242,Cierre Ganado,Veracruz,Cerrado,Sin motivo especifico,2026-04-10 17:55:56.541000+00:00,2026-04-10 17:56:59.791000+00:00
61176407630,Cierre Ganado,Tabasco,Cerrado,Sin motivo especifico,2026-06-16 23:32:48.770000+00:00,2026-06-19 23:35:12.095000+00:00
61244358179,Cierre Ganado,Sonora,Cerrado,Sin motivo especifico,2026-06-18 16:31:52.596000+00:00,2026-07-23 15:44:23.456000+00:00
61244420768,Cierre Ganado,Sonora,Cerrado,Sin motivo especifico,2026-06-18 17:10:39.660000+00:00,2026-06-18 18:25:40.754000+00:00
45197643608,Cierre Ganado,Ciudad De México,Cerrado,Sin motivo especifico,2025-10-03 23:54:57.115000+00:00,2025-09-24 23:54:38.230000+00:00
52588758546,Cierre Ganado,Puebla,Cerrado,Sin motivo especifico,2025-12-26 18:20:09.461000+00:00,2025-12-26 18:21:23.136000+00:00
45197643797,Cierre Ganado,Puebla,Cerrado,Sin motivo especifico,2025-10-04 00:32:57.988000+00:00,2025-09-26 00:32:19.374000+00:00
45197694068,Cierre Ganado,Ciudad De México,Cerrado,Sin motivo especifico,2025-10-03 20:09:21.088000+00:00,2025-09-18 20:08:36.669000+00:00
45197694840,Cierre Ganado,Ciudad De México,Cerrado,Sin motivo especifico,2025-10-03 20:35:14.755000+00:00,2025-09-15 20:34:56.038000+00:00
45197697692,Cierre Ganado,Ciudad De México,Cerrado,Sin motivo especifico,2025-10-03 23:23:40.389000+00:00,2025-09-23 18:52:08.325000+00:00
61244912411,Cierre Perdido,Veracruz,Cerrado,Falta de producto,2026-06-18 15:27:45.829000+00:00,2026-06-25 19:14:26.030000+00:00
45197697844,Cierre Ganado,Ciudad De México,Cerrado,Sin motivo especifico,2025-10-03 23:38:00.102000+00:00,2025-09-23 23:37:38.382000+00:00
61244973221,Cierre Ganado,Baja California,Cerrado,Sin motivo especifico,2026-06-18 15:14:00.217000+00:00,2026-06-18 15:14:31.685000+00:00
45197697853,Cierre Ganado,Ciudad De México,Cerrado,Sin motivo especifico,2025-10-03 23:40:10.642000+00:00,2025-09-24 23:39:50.822000+00:00
59086428261,Cierre Ganado,Veracruz,Cerrado,Sin motivo especifico,2026-04-10 15:22:58.245000+00:00,2026-04-10 15:23:58.999000+00:00
42412680500,Cierre Perdido,sin estado,Cerrado,Sin motivo especifico,2025-08-18 19:39:57.743000+00:00,2025-09-04 19:44:38.695000+00:00
45197697973,Cierre Ganado,Ciudad De México,Cerrado,Sin motivo especifico,2025-10-04 00:08:20.420000+00:00,2025-09-25 00:08:03.407000+00:00
45197698186,Cierre Ganado,Ciudad De México,Cerrado,Sin motivo especifico,2025-10-04 00:51:32.603000+00:00,2025-09-30 18:57:36.293000+00:00
52474229782,Cierre Ganado,Veracruz,Cerrado,Sin motivo especifico,2025-12-23 17:45:50.464000+00:00,2025-12-31 17:43:53.338000+00:00
54744572225,Cierre Ganado,Michoacán,Cerrado,Sin motivo especifico,2026-01-27 22:29:50.437000+00:00,2026-01-31 22:27:35.948000+00:00
61292694704,Cierre Perdido,Coahuila,Cerrado,No tiene el dinero,2026-06-18 19:57:11.445000+00:00,2026-07-20 18:41:34.921000+00:00
45204073513,Cierre Ganado,Hidalgo,Cerrado,Sin motivo especifico,2025-10-03 20:02:53.558000+00:00,2025-09-17 20:02:30.944000+00:00
61293020478,Cierre Perdido,Nuevo León,Cerrado,Eligio un producto de la competencia,2026-06-18 19:26:40.978000+00:00,2026-07-17 18:21:14.045000+00:00
45204074024,Cierre Ganado,Ciudad De México,Cerrado,Sin motivo especifico,2025-10-03 20:20:00.149000+00:00,2025-09-17 20:19:43.831000+00:00
61293081256,Cierre Ganado,sin estado,Cerrado,Sin motivo especifico,2026-06-18 18:51:39.052000+00:00,2026-06-30 18:50:47.853000+00:00
42403548542,Cierre Perdido,sin estado,Cerrado,No tiene el dinero,2025-08-18 23:19:06.661000+00:00,2025-09-01 18:36:09.359000+00:00
45204074129,Cierre Ganado,Ciudad De México,Cerrado,Sin motivo especifico,2025-10-03 20:24:31.787000+00:00,2025-09-17 20:24:13.036000+00:00
42403547948,Cierre Ganado,sin estado,Cerrado,Sin motivo especifico,2025-08-18 23:09:12.133000+00:00,2025-08-31 23:07:53.079000+00:00
45204074299,Cierre Ganado,Ciudad De México,Cerrado,Sin motivo especifico,2025-10-03 20:28:56.317000+00:00,2025-09-18 20:28:42.017000+00:00
49628499499,Cierre Ganado,Ciudad De México,Cerrado,Sin motivo especifico,2025-11-19 00:32:08.414000+00:00,2025-11-19 18:52:59.220000+00:00
52474226507,Cierre Ganado,Veracruz,Cerrado,Sin motivo especifico,2025-12-23 15:47:51.235000+00:00,2025-12-31 15:46:53.607000+00:00
45214151821,Cierre Ganado,Ciudad De México,Cerrado,Sin motivo especifico,2025-10-03 23:42:56.556000+00:00,2025-09-24 23:42:38.838000+00:00
52474126151,Cierre Ganado,sin estado,Cerrado,Sin motivo especifico,2025-12-24 00:29:52.091000+00:00,2026-01-31 00:39:51.974000+00:00
45214152197,Cierre Ganado,Hidalgo,Cerrado,Sin motivo especifico,2025-10-04 00:49:06.846000+00:00,2025-09-30 00:48:32.086000+00:00
41514268994,Cierre Ganado,Durango,Cerrado,Sin motivo especifico,2025-08-06 23:36:52.199000+00:00,2025-08-15 23:39:02.790000+00:00
59153682762,Cierre Ganado,Ciudad De México,Cerrado,Sin motivo especifico,2026-04-13 20:44:27.949000+00:00,2026-04-06 20:44:07.170000+00:00
47568352076,Cierre Ganado,Guanajuato,Cerrado,Sin motivo especifico,2025-10-29 15:59:41.057000+00:00,2025-10-29 15:59:30.453000+00:00
47568044386,Cierre Ganado,San Luis Potosí,Cerrado,Sin motivo especifico,2025-10-29 18:08:47.423000+00:00,2025-10-29 18:08:36.618000+00:00
47568041284,Cierre Ganado,Aguascalientes,Cerrado,Sin motivo especifico,2025-10-29 16:55:32.195000+00:00,2025-10-29 16:55:06.158000+00:00
47539046270,Cierre Ganado,Ciudad De México,Cerrado,Sin motivo especifico,2025-10-28 22:59:13.978000+00:00,2025-10-29 21:08:10.770000+00:00
41881979955,Cierre Perdido,Puebla,Cerrado,Sin motivo especifico,2025-08-12 16:34:33.044000+00:00,2025-08-12 16:34:03.354000+00:00
60653687212,Cierre Ganado,Durango,Cerrado,Sin motivo especifico,2026-05-26 20:45:19.522000+00:00,2026-05-26 20:45:09.533000+00:00
52276120419,Cierre Ganado,Veracruz,Cerrado,Sin motivo especifico,2025-12-23 15:53:06.645000+00:00,2025-12-31 15:52:21.053000+00:00
47453742242,Cierre Ganado,Guanajuato,Cerrado,Sin motivo especifico,2025-10-28 19:26:10.122000+00:00,2025-10-28 19:25:58.209000+00:00
64251887961,Ganado,Puebla,Cerrado,Sin motivo especifico,2026-08-22 00:57:03.830000+00:00,2026-08-22 00:57:28.223000+00:00
59171607389,Cierre Ganado,Veracruz,Cerrado,Sin motivo especifico,2026-04-14 15:52:47.287000+00:00,2026-04-14 15:53:12.461000+00:00
61176364860,Cierre Ganado,Tabasco,Cerrado,Sin motivo especifico,2026-06-17 15:44:10.812000+00:00,2026-06-17 21:41:25.824000+00:00
42419922752,Cierre Perdido,Puebla,Cerrado,Sin motivo especifico,2025-08-18 22:07:55.368000+00:00,2025-09-18 16:03:57.039000+00:00
42419924359,Cierre Ganado,Nayarit,Cerrado,Sin motivo especifico,2025-08-18 22:28:14.952000+00:00,2025-08-31 22:26:56.595000+00:00
61355769452,Cierre Ganado,Durango,Cerrado,Sin motivo especifico,2026-06-22 16:08:35.962000+00:00,2026-06-22 17:24:14.433000+00:00
59171608229,Cierre Ganado,Veracruz,Cerrado,Sin motivo especifico,2026-04-14 15:55:30.472000+00:00,2026-04-14 15:55:58.364000+00:00
45217037497,Cierre Ganado,Durango,Cerrado,Sin motivo especifico,2025-10-03 23:48:20.920000+00:00,2025-09-24 23:45:28.973000+00:00
41602099983,Cierre Ganado,Guerrero,Cerrado,Sin motivo especifico,2025-08-08 17:45:55.385000+00:00,2025-08-31 17:42:55.212000+00:00
60423882915,Cierre Ganado,Veracruz,Cerrado,Sin motivo especifico,2026-05-20 19:01:22.161000+00:00,2026-05-20 19:02:29.139000+00:00
61138831369,Cierre Ganado,Sonora,Cerrado,Sin motivo especifico,2026-06-16 18:17:37.928000+00:00,2026-06-16 19:51:28.415000+00:00
59171619596,Cierre Ganado,Veracruz,Cerrado,Sin motivo especifico,2026-04-14 15:48:59.133000+00:00,2026-04-14 15:49:30.522000+00:00
59171621683,Cierre Ganado,Tabasco,Cerrado,Sin motivo especifico,2026-04-14 15:51:00.034000+00:00,2026-04-14 15:51:29.381000+00:00
52276065587,Cierre Ganado,Puebla,Cerrado,Sin motivo especifico,2025-12-23 20:25:16.378000+00:00,2025-12-23 20:25:41.391000+00:00
59171627034,Cierre Ganado,Tabasco,Cerrado,Sin motivo especifico,2026-04-14 16:16:08.878000+00:00,2026-04-14 16:16:32.247000+00:00
61873259415,Cierre Perdido,Zacatecas,Cerrado,Falta de producto,2026-06-30 16:02:16.670000+00:00,2026-06-30 22:56:08.739000+00:00
42403537581,Cierre Perdido,sin estado,Cerrado,Falta de producto,2025-08-18 21:12:40.024000+00:00,2025-08-18 21:11:56.736000+00:00
61129636648,Cierre Ganado,Chihuahua,Cerrado,Sin motivo especifico,2026-06-16 23:59:18.988000+00:00,2026-07-21 22:42:25.867000+00:00
64333477486,Ganado,Puebla,Cerrado,Sin motivo especifico,2026-08-25 20:30:55.510000+00:00,2026-08-25 20:32:07.073000+00:00
51674270085,Cierre Ganado,Veracruz,Cerrado,Sin motivo especifico,2025-12-12 00:21:09.382000+00:00,2025-12-12 00:55:40.894000+00:00
59171637527,Cierre Perdido,Coahuila,Cerrado,No tiene el dinero,2026-04-14 17:03:19.439000+00:00,2026-07-07 23:24:12.769000+00:00
46110260006,Cierre Ganado,Guerrero,Cerrado,Sin motivo especifico,2025-10-15 21:28:12.102000+00:00,2025-11-14 16:13:53.288000+00:00
61355903245,Cierre Ganado,Durango,Cerrado,Sin motivo especifico,2026-06-22 18:59:20.006000+00:00,2026-06-22 20:17:06.956000+00:00
46110260482,Cierre Perdido,Michoacán,Cerrado,Falta de producto,2025-10-15 21:46:06.729000+00:00,2025-10-31 21:44:47.554000+00:00
42558481549,Cierre Ganado,Durango,Cerrado,Sin motivo especifico,2025-08-20 17:23:21.923000+00:00,2025-08-20 17:23:12.103000+00:00
59812530743,Cierre Ganado,Tabasco,Cerrado,Sin motivo especifico,2026-04-30 22:06:52.384000+00:00,2026-04-30 22:07:24.443000+00:00
62448181306,Cierre Perdido,sin estado,Cerrado,Sin motivo especifico,2026-07-09 17:32:22.931000+00:00,2026-07-20 18:54:35.474000+00:00
60419961610,Cierre Ganado,Tabasco,Cerrado,Sin motivo especifico,2026-05-20 17:49:30.797000+00:00,2026-05-20 17:52:41.245000+00:00
46761102947,Cierre Ganado,Veracruz,Cerrado,Sin motivo especifico,2025-10-23 00:20:41.693000+00:00,2025-11-01 00:19:22.124000+00:00
60056555029,Cierre Ganado,Durango,Cerrado,Sin motivo especifico,2026-05-06 19:56:06.225000+00:00,2026-05-13 15:40:38.142000+00:00
45315568647,Cierre Ganado,Michoacán,Cerrado,Sin motivo especifico,2025-10-06 16:17:04.464000+00:00,2025-10-16 16:08:52.356000+00:00
45317772891,Cierre Ganado,Guanajuato,Cerrado,Sin motivo especifico,2025-10-06 17:00:51.502000+00:00,2025-10-06 16:59:12.184000+00:00
42558572188,Cierre Perdido,sin estado,Cerrado,No tiene el dinero,2025-08-20 23:45:39.405000+00:00,2025-09-02 22:28:38.348000+00:00
52036399146,Cierre Ganado,Veracruz,Cerrado,Sin motivo especifico,2025-12-18 18:12:06.259000+00:00,2025-12-31 18:10:41.532000+00:00
42560614954,Cierre Perdido,sin estado,Cerrado,No tiene el dinero,2025-08-20 15:44:11.363000+00:00,2025-09-08 16:59:24.798000+00:00
42566797357,Cierre Perdido,Sonora,Cerrado,No tiene el dinero,2025-08-20 19:16:24.373000+00:00,2026-07-22 19:36:25.276000+00:00
61129634209,Cierre Ganado,Veracruz,Cerrado,Sin motivo especifico,2026-06-16 21:38:13.531000+00:00,2026-06-29 22:23:08.711000+00:00
42228338768,Cierre Ganado,Hidalgo,Cerrado,Sin motivo especifico,2025-08-15 20:16:45.924000+00:00,2025-08-31 20:12:55.755000+00:00
42656936980,Cierre Ganado,sin estado,Cerrado,Sin motivo especifico,2025-08-21 18:13:43.860000+00:00,2025-08-21 18:12:35.287000+00:00
42656937372,Cierre Ganado,Guanajuato,Cerrado,Sin motivo especifico,2025-08-21 18:16:49.465000+00:00,2025-08-21 18:16:36.177000+00:00
54835475802,Cierre Ganado,Michoacán,Cerrado,Sin motivo especifico,2026-01-27 22:43:14.172000+00:00,2026-01-31 22:40:20.459000+00:00
42657482146,Cierre Ganado,sin estado,Cerrado,Sin motivo especifico,2025-08-21 16:12:05.939000+00:00,2025-08-31 16:09:44.293000+00:00
42657493302,Cierre Ganado,Nayarit,Cerrado,Sin motivo especifico,2025-08-21 17:20:35.987000+00:00,2025-08-21 17:21:47.258000+00:00
42228338272,Cierre Ganado,sin estado,Cerrado,Sin motivo especifico,2025-08-15 20:12:17.468000+00:00,2025-08-31 20:09:15.175000+00:00
42657508021,Cierre Perdido,sin estado,Cerrado,Sin motivo especifico,2025-08-21 19:04:08.815000+00:00,2025-08-21 19:49:05.044000+00:00
42657541287,Cierre Ganado,Baja California,Cerrado,Sin motivo especifico,2025-08-21 16:16:49.412000+00:00,2025-08-14 16:38:25.486000+00:00
45326985307,Cierre Ganado,Guanajuato,Cerrado,Sin motivo especifico,2025-10-06 18:53:26.733000+00:00,2025-10-06 18:53:17.780000+00:00
62115504439,Cierre Ganado,Tamaulipas,Cerrado,Sin motivo especifico,2026-07-07 15:42:20.150000+00:00,2026-07-07 20:15:55.790000+00:00
42713320094,Cierre Ganado,Sinaloa,Cerrado,Sin motivo especifico,2025-08-22 15:30:32.911000+00:00,2025-08-22 15:34:27.078000+00:00
60627927862,Cierre Ganado,Veracruz,Cerrado,Sin motivo especifico,2026-05-25 18:39:45.828000+00:00,2026-05-25 19:04:00.981000+00:00
45327094283,Cierre Ganado,Guanajuato,Cerrado,Sin motivo especifico,2025-10-06 20:48:22.850000+00:00,2025-10-06 20:48:16.260000+00:00
43157481635,Cierre Ganado,Hidalgo,Cerrado,Sin motivo especifico,2025-08-29 23:27:05.676000+00:00,2025-09-17 17:27:08.686000+00:00
42228336313,Cierre Ganado,Puebla,Cerrado,Sin motivo especifico,2025-08-15 19:56:05.071000+00:00,2025-08-15 19:55:33.096000+00:00
46110328840,Cierre Perdido,Michoacán,Cerrado,Falta de producto,2025-10-15 22:56:07.728000+00:00,2025-10-31 22:54:47.897000+00:00
42830946995,Cierre Ganado,Baja California,Cerrado,Sin motivo especifico,2025-08-25 19:44:12.310000+00:00,2025-08-11 20:07:39.119000+00:00
42832337940,Cierre Perdido,Puebla,Cerrado,Falta de producto,2025-08-25 18:38:37.283000+00:00,2025-08-25 18:38:27.191000+00:00
60056563283,Cierre Ganado,Durango,Cerrado,Sin motivo especifico,2026-05-06 19:29:11.102000+00:00,2026-05-06 15:42:53.930000+00:00
42868451105,Cierre Perdido,Tlaxcala,Cerrado,Sin motivo especifico,2025-08-25 23:35:58.240000+00:00,2025-09-08 22:16:42.233000+00:00
42911767041,Cierre Ganado,Hidalgo,Cerrado,Sin motivo especifico,2025-08-26 17:06:45.680000+00:00,2025-08-25 23:22:02.611000+00:00
42915853410,Cierre Ganado,Puebla,Cerrado,Sin motivo especifico,2025-08-26 19:15:23.392000+00:00,2025-08-25 19:15:12.842000+00:00
60627926667,Cierre Ganado,Tabasco,Cerrado,Sin motivo especifico,2026-05-25 18:36:21.217000+00:00,2026-05-25 18:37:57.557000+00:00
61129576618,Cierre Perdido,sin estado,Cerrado,Falta de producto,2026-06-17 00:36:19.406000+00:00,2026-07-23 17:58:24.885000+00:00
42920467024,Cierre Ganado,Michoacán,Cerrado,Sin motivo especifico,2025-08-26 22:32:29.506000+00:00,2025-09-19 18:23:39.218000+00:00
42920467086,Cierre Ganado,Guerrero,Cerrado,Sin motivo especifico,2025-08-26 22:33:38.915000+00:00,2025-08-31 22:32:44.821000+00:00
42920467353,Cierre Ganado,Hidalgo,Cerrado,Sin motivo especifico,2025-08-26 22:36:51.757000+00:00,2025-08-26 18:58:26.753000+00:00
41604196682,Cierre Ganado,Guerrero,Cerrado,Sin motivo especifico,2025-08-08 18:31:39.897000+00:00,2025-08-31 18:29:33.618000+00:00
53503845521,Cierre Ganado,Puebla,Cerrado,Sin motivo especifico,2026-01-09 23:33:55.051000+00:00,2026-01-09 23:42:50.583000+00:00
42920471676,Cierre Ganado,Ciudad De México,Cerrado,Sin motivo especifico,2025-08-26 23:43:18.625000+00:00,2025-08-25 23:41:25.392000+00:00
46709594966,Cierre Ganado,Puebla,Cerrado,Sin motivo especifico,2025-10-23 15:15:45.731000+00:00,2025-11-01 00:46:01.953000+00:00
46749238048,Cierre Ganado,Puebla,Cerrado,Sin motivo especifico,2025-10-23 00:35:17.587000+00:00,2025-11-01 00:22:36.949000+00:00
53500175723,Cierre Ganado,Guerrero,Cerrado,Sin motivo especifico,2026-01-09 19:56:54.716000+00:00,2026-01-31 19:54:55.930000+00:00
59186243376,Cierre Ganado,Ciudad De México,Cerrado,Sin motivo especifico,2026-04-15 20:33:12.333000+00:00,2026-04-07 20:32:36.119000+00:00
61750567242,Cierre Ganado,Veracruz,Cerrado,Sin motivo especifico,2026-06-29 17:21:49.846000+00:00,2026-07-29 22:44:22.027000+00:00
42958369356,Cierre Ganado,Ciudad De México,Cerrado,Sin motivo especifico,2025-08-27 16:11:03.270000+00:00,2025-08-31 16:05:53.031000+00:00
42958995575,Cierre Ganado,Ciudad De México,Cerrado,Sin motivo especifico,2025-08-27 16:25:02.540000+00:00,2025-08-26 16:24:38.103000+00:00
42958996248,Cierre Ganado,Ciudad De México,Cerrado,Sin motivo especifico,2025-08-27 16:28:57.693000+00:00,2025-08-25 16:28:25.222000+00:00
42960024607,Cierre Ganado,Ciudad De México,Cerrado,Sin motivo especifico,2025-08-27 16:50:22.211000+00:00,2025-08-21 16:42:13.574000+00:00
53537321812,Cierre Ganado,Michoacán,Cerrado,Sin motivo especifico,2026-01-09 21:20:25.410000+00:00,2026-01-31 20:02:00.139000+00:00
53537324557,Cierre Perdido,Puebla,Cerrado,Falta de producto,2026-01-09 23:18:37.653000+00:00,2026-01-31 23:14:12.351000+00:00
62121869489,Cierre Ganado,Coahuila,Cerrado,Sin motivo especifico,2026-07-06 15:48:37.119000+00:00,2026-07-07 00:18:42.946000+00:00
42981690509,Cierre Ganado,Ciudad De México,Cerrado,Sin motivo especifico,2025-08-27 22:35:42.463000+00:00,2025-08-31 22:29:18.135000+00:00
42446258508,Cierre Perdido,Nayarit,Cerrado,No tiene el dinero,2025-08-19 16:17:18.714000+00:00,2025-10-30 20:26:42.745000+00:00
42984130150,Cierre Ganado,Michoacán,Cerrado,Sin motivo especifico,2025-08-27 18:47:50.257000+00:00,2025-08-31 18:45:43.407000+00:00
46110388818,Cierre Ganado,Guerrero,Cerrado,Sin motivo especifico,2025-10-15 21:26:04.643000+00:00,2025-11-18 19:06:07.842000+00:00
53550425128,Cierre Perdido,Puebla,Cerrado,Falta de producto,2026-01-09 23:21:09.430000+00:00,2026-01-31 23:19:35.977000+00:00
49779165477,Cierre Ganado,Ciudad De México,Cerrado,Sin motivo especifico,2025-11-24 17:34:24.020000+00:00,2025-11-06 17:34:00.588000+00:00
49779224650,Cierre Ganado,Puebla,Cerrado,Sin motivo especifico,2025-11-24 16:10:40.258000+00:00,2025-11-30 15:41:35.856000+00:00
53550425182,Cierre Perdido,Puebla,Cerrado,Falta de producto,2026-01-09 23:24:42.706000+00:00,2026-01-31 23:22:58.784000+00:00
42986785869,Cierre Ganado,Ciudad De México,Cerrado,Sin motivo especifico,2025-08-27 22:21:00.588000+00:00,2025-08-25 22:20:04.415000+00:00
42986787664,Cierre Ganado,Ciudad De México,Cerrado,Sin motivo especifico,2025-08-27 22:44:43.573000+00:00,2025-08-20 22:43:10.187000+00:00
42986789417,Cierre Ganado,Ciudad De México,Cerrado,Sin motivo especifico,2025-08-27 23:11:11.568000+00:00,2025-08-22 23:10:49.890000+00:00
51829992554,Cierre Ganado,Puebla,Cerrado,Sin motivo especifico,2025-12-16 15:44:35.022000+00:00,2025-12-31 15:42:24.801000+00:00
49908721921,Cierre Ganado,Hidalgo,Cerrado,Sin motivo especifico,2025-11-22 00:33:37.517000+00:00,2025-11-20 00:33:00.951000+00:00
61117196294,Cierre Ganado,Chihuahua,Cerrado,Sin motivo especifico,2026-06-15 23:31:05.381000+00:00,2026-06-16 19:58:59.983000+00:00
62622492804,Cierre Ganado,Coahuila,Cerrado,Sin motivo especifico,2026-07-13 22:12:43.322000+00:00,2026-07-14 18:26:34.867000+00:00
50324816800,Cierre Ganado,Morelos,Cerrado,Sin motivo especifico,2025-11-24 17:27:22.444000+00:00,2025-11-24 22:33:52.446000+00:00
59186268436,Cierre Ganado,Baja California,Cerrado,Sin motivo especifico,2026-04-16 16:15:45.980000+00:00,2026-04-21 19:49:38.273000+00:00
42988034169,Cierre Ganado,Ciudad De México,Cerrado,Sin motivo especifico,2025-08-27 23:48:40.639000+00:00,2025-08-25 23:47:35.186000+00:00
42228331546,Cierre Ganado,Puebla,Cerrado,Sin motivo especifico,2025-08-15 19:16:00.526000+00:00,2025-08-15 19:15:34.632000+00:00
42988034481,Cierre Ganado,Ciudad De México,Cerrado,Sin motivo especifico,2025-08-27 23:55:07.078000+00:00,2025-08-25 23:54:46.690000+00:00
45327279936,Cierre Ganado,Veracruz,Cerrado,Sin motivo especifico,2025-10-06 21:25:00.138000+00:00,2025-10-03 21:23:53.118000+00:00
41609121407,Cierre Ganado,Oaxaca,Cerrado,Sin motivo especifico,2025-08-08 22:41:19.122000+00:00,2025-08-29 02:50:32.631000+00:00
41609122614,Cierre Perdido,sin estado,Cerrado,Eligio un producto de la competencia,2025-08-08 23:10:49.657000+00:00,2025-09-03 23:52:59.189000+00:00
61113555064,Cierre Ganado,Tabasco,Cerrado,Sin motivo especifico,2026-06-15 21:56:21.964000+00:00,2026-06-19 23:35:57.290000+00:00
43014119034,Cierre Ganado,Guerrero,Cerrado,Sin motivo especifico,2025-08-29 00:01:59.463000+00:00,2025-08-31 23:59:52.598000+00:00
61113554703,Cierre Ganado,Tabasco,Cerrado,Sin motivo especifico,2026-06-15 21:38:50.413000+00:00,2026-06-17 21:40:21.885000+00:00
41540841732,Cierre Perdido,Oaxaca,Cerrado,Sin motivo especifico,2025-08-07 23:08:10.730000+00:00,2025-09-04 22:22:38.901000+00:00
41554328407,Cierre Ganado,sin estado,Cerrado,Sin motivo especifico,2025-08-07 15:02:28.517000+00:00,2025-08-06 15:20:03.893000+00:00
61113529396,Cierre Ganado,Durango,Cerrado,Sin motivo especifico,2026-06-15 18:55:39.426000+00:00,2026-06-15 20:07:01.466000+00:00
59814835270,Cierre Ganado,Veracruz,Cerrado,Sin motivo especifico,2026-04-30 21:58:56.881000+00:00,2026-04-30 22:01:18.454000+00:00
41610720394,Cierre Perdido,sin estado,Cerrado,Sin motivo especifico,2025-08-08 22:28:31.668000+00:00,2025-09-04 19:43:56.870000+00:00
43098440054,Cierre Ganado,Michoacán,Cerrado,Sin motivo especifico,2025-08-29 00:53:22.665000+00:00,2025-09-01 17:24:27.500000+00:00
46017187142,Cierre Ganado,Veracruz,Cerrado,Sin motivo especifico,2025-10-14 22:17:59.343000+00:00,2025-10-14 22:18:47.549000+00:00
59186353944,Cierre Ganado,Ciudad De México,Cerrado,Sin motivo especifico,2026-04-15 15:33:11.762000+00:00,2026-04-07 16:02:14.719000+00:00
42403505990,Cierre Perdido,Sinaloa,Cerrado,Eligio un producto de la competencia,2025-08-18 17:52:23.195000+00:00,2025-08-19 18:18:29.490000+00:00
62121937554,Cierre Ganado,Coahuila,Cerrado,Sin motivo especifico,2026-07-07 00:16:57.982000+00:00,2026-07-07 20:30:24.442000+00:00
43098964318,Cierre Ganado,Hidalgo,Cerrado,Sin motivo especifico,2025-08-29 23:42:26.943000+00:00,2025-08-28 23:37:36.328000+00:00
49134439806,Cierre Ganado,Guanajuato,Cerrado,Sin motivo especifico,2025-11-14 22:45:31.938000+00:00,2025-11-14 22:45:17.734000+00:00
43098964632,Cierre Ganado,sin estado,Cerrado,Sin motivo especifico,2025-08-30 00:27:27.267000+00:00,2025-08-30 00:27:04.565000+00:00
43098964639,Cierre Ganado,Ciudad De México,Cerrado,Sin motivo especifico,2025-08-30 00:30:58.289000+00:00,2025-08-30 00:30:39.173000+00:00
46709514505,Cierre Ganado,Guanajuato,Cerrado,Sin motivo especifico,2025-10-22 22:13:18.328000+00:00,2025-10-22 22:13:02.464000+00:00
43098993675,Cierre Ganado,Michoacán,Cerrado,Sin motivo especifico,2025-09-01 21:31:43.219000+00:00,2025-09-30 21:20:16.155000+00:00
43098995011,Cierre Ganado,San Luis Potosí,Cerrado,Sin motivo especifico,2025-09-01 23:25:46.828000+00:00,2025-09-25 16:43:59.772000+00:00
62636885806,Cierre Perdido,Nuevo León,Cerrado,No tiene el dinero,2026-07-14 16:04:47.532000+00:00,2026-07-20 18:39:27.657000+00:00
59225118611,Cierre Perdido,Baja California,Cerrado,No tiene el dinero,2026-04-16 17:16:32.361000+00:00,2026-07-22 17:31:53.437000+00:00
43156552617,Cierre Ganado,sin estado,Cerrado,Sin motivo especifico,2025-08-29 23:46:05.628000+00:00,2025-08-29 23:45:34.048000+00:00
45328524815,Cierre Ganado,Ciudad De México,Cerrado,Sin motivo especifico,2025-10-06 16:43:54.211000+00:00,2025-09-30 16:43:14.925000+00:00
61475159892,Cierre Ganado,Tabasco,Cerrado,Sin motivo especifico,2026-06-23 17:55:55.549000+00:00,2026-06-25 19:14:07.862000+00:00
43157177924,Cierre Ganado,Ciudad De México,Cerrado,Sin motivo especifico,2025-08-29 23:53:36.085000+00:00,2025-08-29 23:53:14.942000+00:00
45328525095,Cierre Ganado,Ciudad De México,Cerrado,Sin motivo especifico,2025-10-06 16:50:57.507000+00:00,2025-09-30 16:50:37.432000+00:00
45329104242,Cierre Ganado,Ciudad De México,Cerrado,Sin motivo especifico,2025-10-06 17:45:49.106000+00:00,2025-09-23 17:45:31.213000+00:00
43157537287,Cierre Perdido,Ciudad De México,Cerrado,Sin motivo especifico,2025-08-29 22:55:56.777000+00:00,2025-10-02 16:28:53.672000+00:00
43157538081,Cierre Ganado,Ciudad De México,Cerrado,Sin motivo especifico,2025-08-30 00:25:09.024000+00:00,2025-08-30 00:24:28.213000+00:00
53754272663,Cierre Ganado,Tabasco,Cerrado,Sin motivo especifico,2026-01-13 15:33:15.073000+00:00,2026-01-31 15:32:00.054000+00:00
43158001029,Cierre Ganado,Ciudad De México,Cerrado,Sin motivo especifico,2025-08-29 23:57:59.193000+00:00,2025-08-31 23:55:45.198000+00:00
62115431796,Cierre Ganado,Tamaulipas,Cerrado,Sin motivo especifico,2026-07-07 00:21:54.199000+00:00,2026-07-07 00:22:28.181000+00:00
42403461270,Cierre Perdido,Sinaloa,Cerrado,Falta de producto,2025-08-18 15:49:48.508000+00:00,2025-08-20 17:39:02.652000+00:00
63837029012,Negociación,Puebla,Abierto,Sin motivo especifico,2026-08-13 18:41:50.158000+00:00,2026-08-31 18:40:32.506000+00:00
46110390836,Cierre Perdido,Michoacán,Cerrado,Falta de producto,2025-10-15 22:57:17.390000+00:00,2025-10-31 22:56:17.674000+00:00
43175690034,Cierre Ganado,Michoacán,Cerrado,Sin motivo especifico,2025-09-01 23:43:30.117000+00:00,2025-09-30 23:41:50.964000+00:00
53466604547,Cierre Ganado,Ciudad De México,Cerrado,Sin motivo especifico,2026-01-09 00:25:59.800000+00:00,2026-02-01 00:24:25.693000+00:00
50505899151,Cierre Perdido,Michoacán,Cerrado,Falta de producto,2025-11-26 16:27:50.949000+00:00,2026-01-27 22:25:03.090000+00:00
55261269657,Cierre Ganado,Michoacán,Cerrado,Sin motivo especifico,2026-01-31 00:32:10.106000+00:00,2026-01-31 00:35:01.334000+00:00
53822014892,Cierre Ganado,Michoacán,Cerrado,Sin motivo especifico,2026-01-14 17:35:04.519000+00:00,2026-01-31 17:29:15.596000+00:00
62115426222,Cierre Perdido,Coahuila,Cerrado,No tiene el dinero,2026-07-06 22:52:16.334000+00:00,2026-07-20 19:03:58.716000+00:00
45330066335,Cierre Ganado,Michoacán,Cerrado,Sin motivo especifico,2025-10-06 16:09:47.694000+00:00,2025-10-14 17:49:42.519000+00:00
53822015563,Cierre Ganado,Veracruz,Cerrado,Sin motivo especifico,2026-01-14 17:49:40.869000+00:00,2026-01-31 17:48:11.611000+00:00
43288665365,Cierre Ganado,Guanajuato,Cerrado,Sin motivo especifico,2025-09-02 20:55:08.498000+00:00,2025-09-02 20:57:41.489000+00:00
43288665494,Cierre Ganado,Oaxaca,Cerrado,Sin motivo especifico,2025-09-02 21:00:13.108000+00:00,2025-08-19 21:00:01.315000+00:00
43288813657,Cierre Perdido,Michoacán,Cerrado,Sin motivo especifico,2025-09-03 16:56:34.438000+00:00,2025-09-05 19:50:10.086000+00:00
53886905264,Cierre Ganado,Veracruz,Cerrado,Sin motivo especifico,2026-01-14 19:04:05.929000+00:00,2026-01-31 19:02:59.631000+00:00
50513217364,Cierre Ganado,Michoacán,Cerrado,Sin motivo especifico,2025-11-26 15:36:38.047000+00:00,2025-11-30 15:34:35.428000+00:00
43288825859,Cierre Ganado,Guanajuato,Cerrado,Sin motivo especifico,2025-09-03 22:58:32.946000+00:00,2025-09-04 16:03:47.673000+00:00
43288851569,Cierre Ganado,Guanajuato,Cerrado,Sin motivo especifico,2025-09-02 22:35:01.627000+00:00,2025-09-03 15:35:53.357000+00:00
43289344309,Cierre Ganado,Guanajuato,Cerrado,Sin motivo especifico,2025-09-02 20:20:55.541000+00:00,2025-09-02 20:57:11.894000+00:00
50513414959,Cierre Perdido,Puebla,Cerrado,No tiene el dinero,2025-11-26 23:52:25.016000+00:00,2026-06-03 19:58:45.005000+00:00
60524995166,Cierre Ganado,Sonora,Cerrado,Sin motivo especifico,2026-05-22 00:39:41.389000+00:00,2026-05-31 23:40:26.419000+00:00
52003073065,Cierre Perdido,Puebla,Cerrado,Falta de producto,2025-12-17 18:09:21.989000+00:00,2025-12-31 18:07:12+00:00
54267209502,Cierre Ganado,Tabasco,Cerrado,Sin motivo especifico,2026-01-20 18:51:57.539000+00:00,2026-01-20 18:52:37.559000+00:00
61507334452,Cierre Ganado,Sinaloa,Cerrado,Sin motivo especifico,2026-06-23 19:29:36.394000+00:00,2026-06-24 00:56:35.798000+00:00
41883742630,Cierre Ganado,Puebla,Cerrado,Sin motivo especifico,2025-08-12 18:57:15.878000+00:00,2025-08-12 18:56:54.007000+00:00
45331276665,Cierre Ganado,Ciudad De México,Cerrado,Sin motivo especifico,2025-10-06 17:41:13.558000+00:00,2025-09-17 17:40:50.748000+00:00
43289533283,Cierre Ganado,Guanajuato,Cerrado,Sin motivo especifico,2025-09-02 22:08:28.536000+00:00,2025-09-02 23:10:07.017000+00:00
43319413866,Cierre Ganado,Guerrero,Cerrado,Sin motivo especifico,2025-09-03 15:43:55.625000+00:00,2025-09-30 15:42:56.867000+00:00
46017187925,Cierre Ganado,Veracruz,Cerrado,Sin motivo especifico,2025-10-14 22:56:58.789000+00:00,2025-10-14 22:57:52.793000+00:00
45331276957,Cierre Ganado,Aguascalientes,Cerrado,Sin motivo especifico,2025-10-06 18:21:08.664000+00:00,2025-10-06 17:47:55.598000+00:00
43331283063,Cierre Ganado,San Luis Potosí,Cerrado,Sin motivo especifico,2025-09-03 15:39:27.135000+00:00,2025-09-04 16:52:29.434000+00:00
45385202546,Cierre Ganado,Ciudad De México,Cerrado,Sin motivo especifico,2025-10-07 16:55:40.391000+00:00,2025-09-15 16:55:18.171000+00:00
45385202749,Cierre Ganado,Ciudad De México,Cerrado,Sin motivo especifico,2025-10-07 16:59:40.958000+00:00,2025-09-15 16:59:27.398000+00:00
45385205082,Cierre Ganado,Chiapas,Cerrado,Sin motivo especifico,2025-10-07 17:55:23.148000+00:00,2025-09-12 17:55:01.524000+00:00
47415971863,Cierre Ganado,Jalisco,Cerrado,Sin motivo especifico,2025-10-28 15:47:01.014000+00:00,2025-10-31 15:45:05.063000+00:00
43347175548,Rgistro,Querétaro,Cerrado,Sin motivo especifico,2025-09-04 00:35:16.974000+00:00,2025-10-10 20:56:24.405000+00:00
43347235887,Cierre Ganado,Guanajuato,Cerrado,Sin motivo especifico,2025-09-03 23:10:22.195000+00:00,2025-09-03 23:10:47.384000+00:00
43347735727,Rgistro,Nuevo León,Cerrado,Sin motivo especifico,2025-09-04 20:45:39.740000+00:00,2025-09-05 15:48:12.513000+00:00
43347739548,Cierre Perdido,Oaxaca,Cerrado,Eligio un producto de la competencia,2025-09-04 23:36:56.539000+00:00,2026-01-08 15:57:20.129000+00:00
62450986351,Cierre Perdido,Tamaulipas,Cerrado,Sin motivo especifico,2026-07-09 17:53:57.476000+00:00,2026-07-17 18:22:36.607000+00:00
47210323866,Cierre Ganado,Puebla,Cerrado,Sin motivo especifico,2025-10-27 19:47:02.766000+00:00,2025-10-31 19:45:29.963000+00:00
43365564257,Cierre Ganado,Oaxaca,Cerrado,Sin motivo especifico,2025-09-04 19:02:05.208000+00:00,2025-09-30 18:58:25.434000+00:00
43365565982,Cierre Ganado,Oaxaca,Cerrado,Sin motivo especifico,2025-09-04 19:42:46.717000+00:00,2025-09-02 19:42:14.969000+00:00
43365567330,Cierre Ganado,Aguascalientes,Cerrado,Sin motivo especifico,2025-09-04 20:15:09.029000+00:00,2025-09-04 20:41:05.903000+00:00
43365687942,Cierre Ganado,Oaxaca,Cerrado,Sin motivo especifico,2025-09-04 18:57:22.675000+00:00,2025-09-15 18:07:22.711000+00:00
43373778750,Cierre Ganado,Oaxaca,Cerrado,Sin motivo especifico,2025-09-04 19:37:32.135000+00:00,2025-08-05 19:36:27.210000+00:00
43373779371,Cierre Ganado,Oaxaca,Cerrado,Sin motivo especifico,2025-09-04 19:52:00.433000+00:00,2025-09-30 19:49:59.493000+00:00
43373784670,Cierre Ganado,Oaxaca,Cerrado,Sin motivo especifico,2025-09-04 22:44:25.679000+00:00,2025-08-27 22:44:06.723000+00:00
43374210634,Cierre Perdido,Oaxaca,Cerrado,Sin motivo especifico,2025-09-04 22:38:00.167000+00:00,2025-09-15 17:56:50.076000+00:00
41559849354,Cierre Ganado,Durango,Cerrado,Sin motivo especifico,2025-08-07 16:25:30.531000+00:00,2025-08-05 16:25:18.079000+00:00
41561932726,Cierre Ganado,Durango,Cerrado,Sin motivo especifico,2025-08-07 17:08:12.643000+00:00,2025-08-26 20:20:07.100000+00:00
53897833010,Cierre Ganado,Michoacán,Cerrado,Sin motivo especifico,2026-01-14 21:50:57.874000+00:00,2026-01-31 21:50:13.048000+00:00
46017188509,Cierre Ganado,Veracruz,Cerrado,Sin motivo especifico,2025-10-14 23:37:01.751000+00:00,2025-10-14 23:37:53.199000+00:00
43407975508,Rgistro,Querétaro,Cerrado,Sin motivo especifico,2025-09-05 23:06:52.203000+00:00,2025-10-10 20:56:50.230000+00:00
42089847345,Cierre Perdido,Guerrero,Cerrado,No tiene el dinero,2025-08-14 17:53:13.570000+00:00,2025-09-10 22:49:24.894000+00:00
46017249100,Cierre Ganado,Veracruz,Cerrado,Sin motivo especifico,2025-10-15 00:23:11.058000+00:00,2025-10-15 00:23:34.207000+00:00
59814897553,Cierre Ganado,Veracruz,Cerrado,Sin motivo especifico,2026-04-30 22:22:25.215000+00:00,2026-04-30 22:23:48.818000+00:00
62622517064,Cierre Ganado,Tamaulipas,Cerrado,Sin motivo especifico,2026-07-13 23:51:06.279000+00:00,2026-07-15 00:06:28.561000+00:00
43419792938,Cierre Ganado,Guanajuato,Cerrado,Sin motivo especifico,2025-09-05 15:53:26.704000+00:00,2025-09-04 15:52:32.731000+00:00
61112662569,Cierre Ganado,Durango,Cerrado,Sin motivo especifico,2026-06-15 19:48:33.474000+00:00,2026-06-15 22:08:02.932000+00:00
43420049191,Informacion Enviada,Yucatán,Abierto,Sin motivo especifico,2025-09-05 22:56:19.780000+00:00,2025-09-30 22:54:45.906000+00:00
41703637405,Cierre Perdido,Puebla,Cerrado,Sin motivo especifico,2025-08-12 00:30:18.915000+00:00,2026-01-12 16:05:58.606000+00:00
53466604428,Cierre Ganado,Ciudad De México,Cerrado,Sin motivo especifico,2026-01-09 00:21:07.921000+00:00,2025-12-03 00:20:40.635000+00:00
53466604361,Cierre Ganado,Ciudad De México,Cerrado,Sin motivo especifico,2026-01-09 00:12:51.445000+00:00,2025-12-03 00:11:27.184000+00:00
60524872212,Cierre Ganado,Durango,Cerrado,Sin motivo especifico,2026-05-21 23:52:57.913000+00:00,2026-05-21 23:52:44.483000+00:00
46017249383,Cierre Ganado,Veracruz,Cerrado,Sin motivo especifico,2025-10-15 00:52:44.169000+00:00,2025-11-01 00:50:12.142000+00:00
60524871304,Cierre Perdido,Sonora,Cerrado,Sin interés detectado,2026-05-21 22:54:21.015000+00:00,2026-07-29 21:37:13.982000+00:00
54166944875,Cierre Ganado,Veracruz,Cerrado,Sin motivo especifico,2026-01-19 23:43:35.702000+00:00,2026-01-20 17:17:28.203000+00:00
62122000143,Cierre Perdido,Coahuila,Cerrado,No tiene el dinero,2026-07-07 14:40:54.054000+00:00,2026-07-17 18:21:58.235000+00:00
43476134058,Informacion Enviada,Quintana Roo,Abierto,Sin motivo especifico,2025-09-08 20:58:30.419000+00:00,2025-09-30 20:31:59.288000+00:00
43476161546,Perdido,Ciudad De México,Abierto,Sin motivo especifico,2025-09-09 17:31:35.001000+00:00,2025-09-30 17:27:50.733000+00:00
42089828513,Cierre Ganado,Chihuahua,Cerrado,Sin motivo especifico,2025-08-14 15:55:14.256000+00:00,2025-08-13 15:54:18.177000+00:00
54316876816,Cierre Ganado,Veracruz,Cerrado,Sin motivo especifico,2026-01-21 18:31:25.141000+00:00,2026-01-21 18:32:20.229000+00:00
43476169136,Cierre Ganado,Ciudad De México,Cerrado,Sin motivo especifico,2025-09-09 20:37:20.653000+00:00,2025-09-02 20:36:59.941000+00:00
43476184499,Informacion Enviada,Puebla,Abierto,Sin motivo especifico,2025-09-08 17:10:02.186000+00:00,2025-09-26 17:09:41.600000+00:00
64338176421,Ganado,Puebla,Cerrado,Sin motivo especifico,2026-08-25 20:25:47.134000+00:00,2026-08-25 20:27:27.990000+00:00
53466604152,Cierre Ganado,Ciudad De México,Cerrado,Sin motivo especifico,2026-01-08 23:55:40.977000+00:00,2025-12-03 00:09:27.170000+00:00
43490949789,Informacion Enviada,Tabasco,Abierto,Sin motivo especifico,2025-09-08 18:53:25.068000+00:00,2025-09-30 18:53:06.624000+00:00
43491005807,Informacion Enviada,Sonora,Abierto,Sin motivo especifico,2025-09-08 16:40:57.269000+00:00,2025-09-13 16:40:29.686000+00:00
62115670858,Cierre Ganado,Coahuila,Cerrado,Sin motivo especifico,2026-07-08 18:53:34.108000+00:00,2026-07-10 00:47:18.078000+00:00
43491072011,Cierre Ganado,sin estado,Cerrado,Sin motivo especifico,2025-09-08 20:59:58.585000+00:00,2025-09-08 21:00:37.047000+00:00
43491443275,Rgistro,Ciudad De México,Cerrado,Sin motivo especifico,2025-09-08 18:06:46.934000+00:00,2025-09-09 18:08:46.698000+00:00
43491453587,Cierre Ganado,Ciudad De México,Cerrado,Sin motivo especifico,2025-09-08 23:16:12.376000+00:00,2025-09-26 18:19:36.431000+00:00
43491454619,Cierre Perdido,sin estado,Cerrado,Sin motivo especifico,2025-09-09 00:31:51.239000+00:00,2025-10-15 19:43:40.331000+00:00
43491563329,Rgistro,Ciudad De México,Cerrado,Sin motivo especifico,2025-09-08 16:48:51.317000+00:00,2025-10-10 20:56:43.520000+00:00
43491565739,Cierre Ganado,Guanajuato,Cerrado,Sin motivo especifico,2025-09-08 17:44:29.539000+00:00,2025-09-08 17:45:22.046000+00:00
43491578918,Cierre Ganado,Hidalgo,Cerrado,Sin motivo especifico,2025-09-09 01:04:38.588000+00:00,2025-09-09 01:03:35.411000+00:00
43491608090,Cierre Ganado,Ciudad De México,Cerrado,Sin motivo especifico,2025-09-09 20:28:12.318000+00:00,2025-09-01 20:27:47.189000+00:00
43514205780,Cierre Ganado,Hidalgo,Cerrado,Sin motivo especifico,2025-09-09 23:15:06.007000+00:00,2025-09-30 23:00:30.405000+00:00
54166944943,Cierre Ganado,Veracruz,Cerrado,Sin motivo especifico,2026-01-19 23:49:15.696000+00:00,2026-01-19 23:50:35.819000+00:00
60524807324,Cierre Ganado,Baja California,Cerrado,Sin motivo especifico,2026-05-21 21:45:05.068000+00:00,2026-05-20 21:44:50.886000+00:00
42403079021,Cierre Ganado,Aguascalientes,Cerrado,Sin motivo especifico,2025-08-18 16:21:51.118000+00:00,2025-08-18 16:24:18.639000+00:00
60487451718,Cierre Ganado,Zacatecas,Cerrado,Sin motivo especifico,2026-05-21 16:33:59.275000+00:00,2026-05-19 16:33:53.304000+00:00
43514206998,Cierre Ganado,Ciudad De México,Cerrado,Sin motivo especifico,2025-09-10 00:48:52.370000+00:00,2025-09-04 00:47:36.927000+00:00
43523873392,Cierre Ganado,Guerrero,Cerrado,Sin motivo especifico,2025-09-09 16:42:56.431000+00:00,2025-09-19 00:33:10.889000+00:00
61111836253,Cierre Ganado,Sonora,Cerrado,Sin motivo especifico,2026-06-15 16:17:25.003000+00:00,2026-07-29 21:32:14.414000+00:00
64296211836,Cierre Ganado,Ciudad De México,Cerrado,Sin motivo especifico,2026-08-24 18:05:15.641000+00:00,2026-08-24 17:55:31+00:00
42228317054,Cierre Ganado,Tlaxcala,Cerrado,Sin motivo especifico,2025-08-15 17:25:47.715000+00:00,2025-08-15 17:25:31.105000+00:00
43523882519,Cierre Ganado,Morelos,Cerrado,Sin motivo especifico,2025-09-09 20:33:25.552000+00:00,2025-09-02 20:32:42.541000+00:00
51633489269,Cierre Ganado,Veracruz,Cerrado,Sin motivo especifico,2025-12-11 15:19:47.910000+00:00,2025-12-31 15:17:53.698000+00:00
51633540389,Cierre Ganado,Veracruz,Cerrado,Sin motivo especifico,2025-12-11 16:43:29.480000+00:00,2025-12-31 15:32:25.160000+00:00
43524365390,Rgistro,Puebla,Cerrado,Sin motivo especifico,2025-09-09 16:52:04.274000+00:00,2025-09-10 16:14:04.035000+00:00
43524507932,Perdido,Ciudad De México,Abierto,Sin motivo especifico,2025-09-09 18:17:13.518000+00:00,2025-09-26 18:16:41.095000+00:00
62122051208,Cierre Ganado,Tamaulipas,Cerrado,Sin motivo especifico,2026-07-07 19:28:27.760000+00:00,2026-07-08 20:46:11.941000+00:00
43524517646,Cierre Ganado,Ciudad De México,Cerrado,Sin motivo especifico,2025-09-09 23:20:09.500000+00:00,2025-09-03 23:19:37.584000+00:00
60487450741,Cierre Ganado,Sinaloa,Cerrado,Sin motivo especifico,2026-05-21 16:10:21.403000+00:00,2026-05-14 16:10:04.739000+00:00
45416768280,Cierre Ganado,Ciudad De México,Cerrado,Sin motivo especifico,2025-10-07 17:05:22+00:00,2025-09-12 17:05:05.456000+00:00
61507498626,Cierre Ganado,Zacatecas,Cerrado,Sin motivo especifico,2026-06-24 23:41:45.793000+00:00,2026-06-26 00:31:24.054000+00:00
43524629015,Cierre Ganado,Guerrero,Cerrado,Sin motivo especifico,2025-09-09 17:45:15.889000+00:00,2025-09-30 17:44:00.683000+00:00
43524635402,Cierre Ganado,Ciudad De México,Cerrado,Sin motivo especifico,2025-09-09 20:23:15.662000+00:00,2025-09-01 20:21:58.428000+00:00
43524638852,Cierre Ganado,Guanajuato,Cerrado,Sin motivo especifico,2025-09-09 22:22:54.848000+00:00,2025-09-09 22:25:04.944000+00:00
61558387597,Cierre Ganado,sin estado,Cerrado,Sin motivo especifico,2026-06-24 17:41:01.777000+00:00,2026-05-18 23:36:51+00:00
43525102706,Perdido,Puebla,Abierto,Sin motivo especifico,2025-09-09 19:25:28.785000+00:00,2025-10-10 20:56:40.943000+00:00
43525109040,Informacion Enviada,Ciudad De México,Abierto,Sin motivo especifico,2025-09-09 22:34:01.277000+00:00,2025-10-17 22:33:29.436000+00:00
61559840430,Cierre Ganado,Campeche,Cerrado,Sin motivo especifico,2026-06-24 17:41:04.986000+00:00,2026-05-27 00:29:09+00:00
43525356685,Cierre Perdido,Michoacán,Cerrado,Falta de producto,2025-09-09 18:04:58.402000+00:00,2025-10-29 19:24:29.932000+00:00
43525356713,Cierre Ganado,Guerrero,Cerrado,Sin motivo especifico,2025-09-09 18:06:05.427000+00:00,2025-09-09 22:37:06.693000+00:00
43525363260,Cierre Ganado,Ciudad De México,Cerrado,Sin motivo especifico,2025-09-09 20:41:53.539000+00:00,2025-09-02 20:41:26.309000+00:00
43527309470,Cierre Ganado,Michoacán,Cerrado,Sin motivo especifico,2025-09-09 22:13:45.506000+00:00,2025-09-15 22:45:22.211000+00:00
61560922771,Cierre Ganado,Campeche,Cerrado,Sin motivo especifico,2026-06-24 17:41:03.564000+00:00,2026-05-26 20:14:25+00:00
61564882088,Cierre Ganado,sin estado,Cerrado,Sin motivo especifico,2026-06-24 18:18:04.604000+00:00,2026-06-24 18:14:34+00:00
61565185841,Cierre Ganado,Campeche,Cerrado,Sin motivo especifico,2026-06-24 17:41:04.301000+00:00,2026-05-26 20:24:59+00:00
61574793066,Cierre Ganado,Campeche,Cerrado,Sin motivo especifico,2026-06-24 17:41:07.268000+00:00,2026-05-27 16:36:29+00:00
61575438007,Cierre Ganado,Campeche,Cerrado,Sin motivo especifico,2026-06-24 17:41:05.723000+00:00,2026-05-27 00:58:05+00:00
59369382528,Cierre Ganado,sin estado,Cerrado,Sin motivo especifico,2026-04-21 18:59:42.846000+00:00,2026-04-09 18:59:40.602000+00:00
54317290525,Cierre Ganado,Puebla,Cerrado,Sin motivo especifico,2026-01-21 19:27:46.277000+00:00,2026-01-27 00:55:54.571000+00:00
59369383053,Cierre Ganado,Ciudad De México,Cerrado,Sin motivo especifico,2026-04-21 19:14:58.628000+00:00,2026-04-08 19:14:29.234000+00:00
43542862488,Cierre Ganado,Aguascalientes,Cerrado,Sin motivo especifico,2025-09-11 16:02:18.783000+00:00,2025-09-11 17:32:20.783000+00:00
41554339700,Cierre Ganado,Sonora,Cerrado,Sin motivo especifico,2025-08-07 16:06:05.991000+00:00,2025-08-06 16:05:35.615000+00:00
43542866447,Cierre Ganado,Guanajuato,Cerrado,Sin motivo especifico,2025-09-11 17:39:58.819000+00:00,2025-09-11 17:40:30.332000+00:00
59369383936,Cierre Ganado,Ciudad De México,Cerrado,Sin motivo especifico,2026-04-21 19:41:59.900000+00:00,2026-04-09 19:41:32.291000+00:00
42228339805,Cierre Ganado,sin estado,Cerrado,Sin motivo especifico,2025-08-15 20:26:15.064000+00:00,2025-08-15 20:22:35.622000+00:00
53451353923,Cierre Ganado,Ciudad De México,Cerrado,Sin motivo especifico,2026-01-08 23:43:15.013000+00:00,2025-12-01 23:42:51.107000+00:00
43542896454,Perdido,Ciudad De México,Abierto,Sin motivo especifico,2025-09-10 19:06:01.087000+00:00,2025-09-17 19:05:35.475000+00:00
61576680024,Cierre Ganado,Campeche,Cerrado,Sin motivo especifico,2026-06-24 17:41:06.507000+00:00,2026-05-27 15:48:40+00:00
53451353885,Cierre Ganado,Ciudad De México,Cerrado,Sin motivo especifico,2026-01-08 23:39:26.019000+00:00,2025-12-01 23:45:16.115000+00:00
43542935735,Perdido,Baja California,Abierto,Sin motivo especifico,2025-09-11 22:38:12.014000+00:00,2025-09-17 22:37:50.017000+00:00
43542985037,Perdido,Puebla,Abierto,Sin motivo especifico,2025-09-11 15:55:37.816000+00:00,2025-09-17 15:42:05.640000+00:00
43542986037,Rgistro,Ciudad De México,Cerrado,Sin motivo especifico,2025-09-11 16:19:26.819000+00:00,2025-10-10 20:36:36.974000+00:00
43542992290,Rgistro,Puebla,Cerrado,Sin motivo especifico,2025-09-11 18:57:38.934000+00:00,2025-09-11 20:14:56.507000+00:00
61577935160,Cierre Ganado,San Luis Potosí,Cerrado,Sin motivo especifico,2026-06-24 17:41:00.013000+00:00,2026-05-09 04:41:38+00:00
43576125305,Perdido,Baja California,Abierto,Sin motivo especifico,2025-09-10 19:02:39.345000+00:00,2025-09-17 19:01:57.644000+00:00
51926014627,Cierre Ganado,Tlaxcala,Cerrado,Sin motivo especifico,2025-12-15 17:16:03.374000+00:00,2025-12-31 17:13:16.412000+00:00
54355756344,Cierre Perdido,Nuevo León,Cerrado,No tiene el dinero,2026-01-22 22:36:49.136000+00:00,2026-07-17 18:20:28.470000+00:00
43576132239,Cierre Ganado,Guanajuato,Cerrado,Sin motivo especifico,2025-09-10 22:43:09.339000+00:00,2025-09-10 22:43:57.868000+00:00
63434064299,Ganado,Puebla,Cerrado,Sin motivo especifico,2026-08-06 17:45:59.253000+00:00,2026-08-06 17:55:46.007000+00:00
61111819827,Cierre Ganado,Sonora,Cerrado,Sin motivo especifico,2026-06-15 15:43:29.910000+00:00,2026-06-16 20:00:35.343000+00:00
43576190523,Cierre Ganado,sin estado,Cerrado,Sin motivo especifico,2025-09-10 20:20:32.315000+00:00,2025-09-10 20:20:27.196000+00:00
64409805853,Cierre Ganado,sin estado,Cerrado,Sin motivo especifico,2026-08-27 22:05:16.481000+00:00,2026-08-27 21:56:32+00:00
41705543835,Cierre Perdido,Michoacán,Cerrado,Eligio un producto de la competencia,2025-08-11 21:16:25.418000+00:00,2025-09-01 19:21:26.265000+00:00
43595325363,Rgistro,Ciudad De México,Cerrado,Sin motivo especifico,2025-09-10 16:51:37.107000+00:00,2025-10-10 20:56:38.121000+00:00
64093036704,Cierre Ganado,sin estado,Cerrado,Sin motivo especifico,2026-08-18 03:05:14.487000+00:00,2026-08-18 02:57:29+00:00
45417061209,Cierre Ganado,Ciudad De México,Cerrado,Sin motivo especifico,2025-10-07 16:53:03.044000+00:00,2025-09-15 16:50:19.937000+00:00
43595387985,Perdido,Puebla,Abierto,Sin motivo especifico,2025-09-10 17:07:48.882000+00:00,2025-09-17 17:07:28.881000+00:00
61764902778,Cierre Perdido,Tamaulipas,Cerrado,No tiene el dinero,2026-06-29 20:30:37.170000+00:00,2026-07-17 23:16:00.089000+00:00
53999228683,Cierre Ganado,Guerrero,Cerrado,Sin motivo especifico,2026-01-15 18:37:07.873000+00:00,2026-01-31 18:36:04.626000+00:00
54835661145,Cierre Ganado,Guerrero,Cerrado,Sin motivo especifico,2026-01-27 22:38:50.989000+00:00,2026-01-31 22:36:31.978000+00:00
61578090066,Cierre Ganado,sin estado,Cerrado,Sin motivo especifico,2026-06-24 17:41:00.913000+00:00,2026-05-11 17:45:07+00:00
43660746898,Cierre Ganado,Guanajuato,Cerrado,Sin motivo especifico,2025-09-12 20:52:34.901000+00:00,2025-09-12 22:23:03.823000+00:00
61586178324,Cierre Ganado,sin estado,Cerrado,Sin motivo especifico,2026-06-24 17:41:02.648000+00:00,2026-05-21 18:45:51+00:00
61624637480,Cierre Ganado,Tabasco,Cerrado,Sin motivo especifico,2026-06-25 23:45:28.211000+00:00,2026-06-29 18:19:45.333000+00:00
59369451672,Cierre Ganado,Ciudad De México,Cerrado,Sin motivo especifico,2026-04-21 19:59:03.472000+00:00,2026-04-09 19:58:31.539000+00:00
59369451856,Cierre Ganado,Ciudad De México,Cerrado,Sin motivo especifico,2026-04-21 20:02:46.421000+00:00,2026-04-09 20:02:26.458000+00:00
43662999189,Cierre Ganado,Aguascalientes,Cerrado,Sin motivo especifico,2025-09-12 20:40:49.009000+00:00,2025-09-12 20:41:30.431000+00:00
42229033132,Cierre Ganado,Puebla,Cerrado,Sin motivo especifico,2025-08-15 23:29:04.215000+00:00,2025-08-15 23:29:23.918000+00:00
41554353531,Cierre Ganado,Ciudad De México,Cerrado,Sin motivo especifico,2025-08-07 17:35:25.863000+00:00,2025-08-31 17:34:21.016000+00:00
60487449211,Cierre Ganado,Durango,Cerrado,Sin motivo especifico,2026-05-21 15:36:09.722000+00:00,2026-05-14 15:30:44.428000+00:00
55471213443,Cierre Ganado,Veracruz,Cerrado,Sin motivo especifico,2026-02-03 18:57:47.498000+00:00,2026-02-03 18:58:16.631000+00:00
54609911650,Cierre Ganado,Puebla,Cerrado,Sin motivo especifico,2026-01-26 17:25:49.740000+00:00,2026-01-31 17:21:35.395000+00:00
50870434482,Cierre Ganado,Veracruz,Cerrado,Sin motivo especifico,2025-12-02 15:48:56.800000+00:00,2025-12-02 15:49:25.600000+00:00
55475256706,Cierre Ganado,Ciudad De México,Cerrado,Sin motivo especifico,2026-02-04 18:32:55.911000+00:00,2026-01-05 18:32:34.395000+00:00
43697655826,Cierre Perdido,Chiapas,Cerrado,No tiene el dinero,2025-09-15 19:14:05.060000+00:00,2025-10-14 17:06:48.361000+00:00
55475264818,Cierre Ganado,Baja California,Cerrado,Sin motivo especifico,2026-02-04 21:40:14.470000+00:00,2026-02-04 21:38:40.128000+00:00
43697662802,Cierre Ganado,Guerrero,Cerrado,Sin motivo especifico,2025-09-15 22:49:40.649000+00:00,2025-09-30 22:46:55.614000+00:00
43726188893,Cierre Perdido,Chiapas,Cerrado,No tiene el dinero,2025-09-15 22:03:48.673000+00:00,2025-10-14 17:06:04.730000+00:00
55478347301,Cierre Perdido,Michoacán,Cerrado,Falta de producto,2026-02-04 22:10:46.824000+00:00,2026-02-04 22:12:59.200000+00:00
46594211410,Cierre Ganado,Veracruz,Cerrado,Sin motivo especifico,2025-10-21 00:46:47.756000+00:00,2025-10-21 00:47:30.376000+00:00
55478395779,Cierre Ganado,Morelos,Cerrado,Sin motivo especifico,2026-02-04 16:54:12.261000+00:00,2026-01-28 16:53:23.041000+00:00
45417116966,Cierre Ganado,Ciudad De México,Cerrado,Sin motivo especifico,2025-10-07 16:58:14.196000+00:00,2025-09-15 16:57:51.097000+00:00
45417117112,Cierre Ganado,Ciudad De México,Cerrado,Sin motivo especifico,2025-10-07 17:02:27.054000+00:00,2025-09-12 17:02:09.050000+00:00
55478578336,Cierre Ganado,Ciudad De México,Cerrado,Sin motivo especifico,2026-02-04 15:21:35.023000+00:00,2026-01-05 15:21:52.879000+00:00
55478580552,Cierre Ganado,Veracruz,Cerrado,Sin motivo especifico,2026-02-04 16:03:31.379000+00:00,2026-02-04 16:04:34.008000+00:00
55478584321,Cierre Ganado,Veracruz,Cerrado,Sin motivo especifico,2026-02-04 17:17:43.605000+00:00,2026-02-04 17:18:14.176000+00:00
55478589024,Cierre Ganado,Veracruz,Cerrado,Sin motivo especifico,2026-02-04 19:04:14.535000+00:00,2026-02-04 19:04:42.389000+00:00
46110391560,Cierre Ganado,Michoacán,Cerrado,Sin motivo especifico,2025-10-15 23:40:40.296000+00:00,2025-10-31 23:35:57.160000+00:00
61055136028,Cierre Ganado,Chihuahua,Cerrado,Sin motivo especifico,2026-06-12 21:08:25.880000+00:00,2026-08-03 15:25:29.698000+00:00
55581050722,Cierre Ganado,Ciudad De México,Cerrado,Sin motivo especifico,2026-02-05 16:57:14.760000+00:00,2026-01-05 16:56:53.083000+00:00
55581056517,Cierre Ganado,Puebla,Cerrado,Sin motivo especifico,2026-02-05 19:09:34.575000+00:00,2026-02-28 19:08:03.926000+00:00
55581058206,Cierre Ganado,Baja California Sur,Cerrado,Sin motivo especifico,2026-02-05 19:47:29.337000+00:00,2026-02-09 21:30:06.118000+00:00
55586000241,Cierre Ganado,Ciudad De México,Cerrado,Sin motivo especifico,2026-02-05 17:17:38.949000+00:00,2026-01-07 00:05:13.041000+00:00
55586000465,Cierre Ganado,Ciudad De México,Cerrado,Sin motivo especifico,2026-02-05 17:21:47.586000+00:00,2026-01-06 17:21:17.241000+00:00
55623973753,Cierre Ganado,Ciudad De México,Cerrado,Sin motivo especifico,2026-02-05 17:28:20.025000+00:00,2026-01-07 17:27:56.969000+00:00
43743169119,Cierre Ganado,Oaxaca,Cerrado,Sin motivo especifico,2025-09-15 23:45:14.038000+00:00,2025-09-01 23:42:39.390000+00:00
55623987569,Cierre Ganado,Ciudad De México,Cerrado,Sin motivo especifico,2026-02-05 23:57:23.912000+00:00,2026-01-10 00:02:55.362000+00:00
55624038167,Cierre Perdido,Baja California,Cerrado,No tiene el dinero,2026-02-05 19:25:51.505000+00:00,2026-04-01 18:09:25.717000+00:00
55624041068,Cierre Perdido,Baja California,Cerrado,No tiene el dinero,2026-02-05 20:35:25.976000+00:00,2026-07-22 17:32:41.245000+00:00
55624152354,Cierre Ganado,Ciudad De México,Cerrado,Sin motivo especifico,2026-02-05 17:08:02.019000+00:00,2026-01-06 17:04:49.050000+00:00
55624152737,Cierre Ganado,Ciudad De México,Cerrado,Sin motivo especifico,2026-02-05 17:14:30.011000+00:00,2026-01-06 17:14:05.562000+00:00
55624154545,Cierre Ganado,Hidalgo,Cerrado,Sin motivo especifico,2026-02-05 17:24:11.872000+00:00,2026-01-06 17:23:53.514000+00:00
55624161813,Cierre Ganado,Baja California Sur,Cerrado,Sin motivo especifico,2026-02-05 19:24:25.431000+00:00,2026-02-06 16:19:27.239000+00:00
55624223112,Cierre Perdido,Baja California Sur,Cerrado,Eligio un producto de la competencia,2026-02-05 19:29:45.321000+00:00,2026-04-01 18:09:13.100000+00:00
55624225649,Cierre Perdido,Baja California,Cerrado,No tiene el dinero,2026-02-05 19:59:31.009000+00:00,2026-07-22 17:31:11.496000+00:00
55624226446,Cierre Ganado,Baja California,Cerrado,Sin motivo especifico,2026-02-05 20:10:20.265000+00:00,2026-02-12 00:37:37.205000+00:00
55624236984,Cierre Ganado,Ciudad De México,Cerrado,Sin motivo especifico,2026-02-06 00:05:33.079000+00:00,2026-01-10 00:04:20.692000+00:00
55624420686,Cierre Ganado,Ciudad De México,Cerrado,Sin motivo especifico,2026-02-05 23:22:52.717000+00:00,2026-02-09 23:21:48.668000+00:00
55624485008,Cierre Ganado,Veracruz,Cerrado,Sin motivo especifico,2026-02-06 00:30:18.457000+00:00,2026-02-06 16:13:26.960000+00:00
43743219514,Cierre Perdido,Chiapas,Cerrado,No tiene el dinero,2025-09-15 17:54:41.488000+00:00,2025-10-13 21:57:28.895000+00:00
43743223737,Cierre Perdido,Chiapas,Cerrado,No tiene el dinero,2025-09-15 19:34:01.979000+00:00,2025-10-13 21:55:37.103000+00:00
60487392785,Cierre Ganado,Veracruz,Cerrado,Sin motivo especifico,2026-05-21 17:20:36.680000+00:00,2026-05-21 17:21:12.634000+00:00
41601144741,Cierre Ganado,Zacatecas,Cerrado,Sin motivo especifico,2025-08-08 15:44:50.793000+00:00,2025-08-18 16:52:54.231000+00:00
55662839043,Cierre Ganado,Veracruz,Cerrado,Sin motivo especifico,2026-02-06 17:00:00.723000+00:00,2026-02-06 17:00:24.420000+00:00
55663029289,Cierre Perdido,Coahuila,Cerrado,No tiene el dinero,2026-02-06 16:24:25.434000+00:00,2026-07-17 18:20:21.284000+00:00
55663030411,Cierre Ganado,Veracruz,Cerrado,Sin motivo especifico,2026-02-06 16:48:35.799000+00:00,2026-02-06 16:49:16.247000+00:00
60487389310,Cierre Ganado,Sinaloa,Cerrado,Sin motivo especifico,2026-05-21 16:07:45.324000+00:00,2026-05-07 16:07:41.518000+00:00
50879600143,Cierre Ganado,Tabasco,Cerrado,Sin motivo especifico,2025-12-02 16:00:48.562000+00:00,2025-12-02 16:01:29.672000+00:00
43743347031,Cierre Ganado,Oaxaca,Cerrado,Sin motivo especifico,2025-09-15 22:12:17.080000+00:00,2025-09-30 22:08:58.671000+00:00
43827279385,Cierre Ganado,Michoacán,Cerrado,Sin motivo especifico,2025-09-17 17:20:17.699000+00:00,2025-09-30 17:14:26.129000+00:00
55688167555,Cierre Ganado,Baja California Sur,Cerrado,Sin motivo especifico,2026-02-06 19:14:57.035000+00:00,2025-05-06 18:14:27.577000+00:00
43827327634,Cierre Ganado,Guerrero,Cerrado,Sin motivo especifico,2025-09-17 17:33:49.332000+00:00,2025-09-30 17:30:33.070000+00:00
41562557964,Cierre Ganado,San Luis Potosí,Cerrado,Sin motivo especifico,2025-08-07 19:04:22.643000+00:00,2025-08-12 19:04:06.569000+00:00
41604192517,Cierre Ganado,Michoacán,Cerrado,Sin motivo especifico,2025-08-08 18:01:19.662000+00:00,2025-08-31 17:46:53.054000+00:00
59369573538,Cierre Ganado,Ciudad De México,Cerrado,Sin motivo especifico,2026-04-21 20:01:00.472000+00:00,2026-04-09 20:00:34.138000+00:00
43880076872,Cierre Perdido,Chiapas,Cerrado,No tiene el dinero,2025-09-17 16:27:32.658000+00:00,2025-10-13 21:56:16.536000+00:00
43880082787,Cierre Ganado,Aguascalientes,Cerrado,Sin motivo especifico,2025-09-17 18:59:37.212000+00:00,2025-09-17 19:02:32.935000+00:00
60083411863,Cierre Perdido,Veracruz,Cerrado,Eligio un producto de la competencia,2026-05-07 22:57:21.582000+00:00,2026-06-11 13:19:26.041000+00:00
62640955204,Cierre Perdido,Tamaulipas,Cerrado,No tiene el dinero,2026-07-14 22:58:31.074000+00:00,2026-07-22 15:11:24.380000+00:00
54010780041,Cierre Ganado,Michoacán,Cerrado,Sin motivo especifico,2026-01-15 18:42:17.112000+00:00,2026-01-16 18:23:53.389000+00:00
62640957482,Cierre Ganado,Tamaulipas,Cerrado,Sin motivo especifico,2026-07-14 23:05:59.821000+00:00,2026-07-15 00:24:29.739000+00:00
43896891011,Cierre Ganado,Puebla,Cerrado,Sin motivo especifico,2025-09-18 18:00:48.241000+00:00,2025-09-17 18:00:12.722000+00:00
45429435275,Cierre Ganado,Guanajuato,Cerrado,Sin motivo especifico,2025-10-07 22:09:37.305000+00:00,2025-10-07 22:09:17.410000+00:00
43896901391,Cierre Ganado,Puebla,Cerrado,Sin motivo especifico,2025-09-19 00:41:27.883000+00:00,2025-09-19 00:41:07.264000+00:00
43896901417,Cierre Ganado,Puebla,Cerrado,Sin motivo especifico,2025-09-19 00:44:56.551000+00:00,2025-09-19 00:44:29.231000+00:00
43896963922,Cierre Perdido,Puebla,Cerrado,No tiene el dinero,2025-09-18 23:44:33.610000+00:00,2025-10-02 00:48:37.471000+00:00
45429653661,Cierre Ganado,Guanajuato,Cerrado,Sin motivo especifico,2025-10-08 23:41:36.914000+00:00,2025-10-08 23:41:28.753000+00:00
55827459512,Cierre Ganado,Baja California Sur,Cerrado,Sin motivo especifico,2026-02-09 22:07:36.563000+00:00,2026-02-10 23:44:50.190000+00:00
61052855922,Cierre Perdido,Chihuahua,Cerrado,Sin Respuesta,2026-06-12 18:43:35.576000+00:00,2026-07-29 21:36:26.052000+00:00
43896964685,Cierre Ganado,Puebla,Cerrado,Sin motivo especifico,2025-09-19 00:52:08.575000+00:00,2025-09-19 00:51:47.737000+00:00
43898873451,Cierre Ganado,Puebla,Cerrado,Sin motivo especifico,2025-09-19 00:50:09.932000+00:00,2025-10-01 00:48:39.655000+00:00
55882037636,Cierre Ganado,Veracruz,Cerrado,Sin motivo especifico,2026-02-09 23:40:48.535000+00:00,2026-02-09 23:41:15.441000+00:00
43899041850,Cierre Ganado,San Luis Potosí,Cerrado,Sin motivo especifico,2025-09-18 15:38:29.251000+00:00,2025-09-18 16:14:55.551000+00:00
55922618003,Cierre Ganado,Tlaxcala,Cerrado,Sin motivo especifico,2026-02-10 19:29:56.677000+00:00,2026-02-28 19:28:44.405000+00:00
43899048821,Cierre Ganado,Puebla,Cerrado,Sin motivo especifico,2025-09-18 18:27:39.967000+00:00,2025-09-17 18:27:04.845000+00:00
46130978931,Cierre Ganado,Michoacán,Cerrado,Sin motivo especifico,2025-10-15 23:02:16.373000+00:00,2025-10-31 23:00:53.096000+00:00
43899058595,Cierre Ganado,Puebla,Cerrado,Sin motivo especifico,2025-09-19 00:54:50.489000+00:00,2025-09-19 00:54:31.939000+00:00
55927475370,Cierre Ganado,Baja California Sur,Cerrado,Sin motivo especifico,2026-02-10 23:52:11.592000+00:00,2026-02-28 23:50:03.367000+00:00
43899104016,Cierre Ganado,Puebla,Cerrado,Sin motivo especifico,2025-09-19 00:47:17.412000+00:00,2025-09-19 00:46:44.505000+00:00
55927591271,Cierre Ganado,Baja California,Cerrado,Sin motivo especifico,2026-02-10 20:18:04.837000+00:00,2025-03-28 19:17:58.261000+00:00
59369636177,Cierre Ganado,Ciudad De México,Cerrado,Sin motivo especifico,2026-04-21 19:37:13.625000+00:00,2026-04-09 19:36:44.059000+00:00
62661098930,Cierre Ganado,Tamaulipas,Cerrado,Sin motivo especifico,2026-07-15 18:36:21.296000+00:00,2026-07-17 17:29:38.641000+00:00
59369637796,Cierre Ganado,Ciudad De México,Cerrado,Sin motivo especifico,2026-04-21 20:20:20.485000+00:00,2026-04-15 20:20:03.052000+00:00
42100204863,Cierre Ganado,Chiapas,Cerrado,Sin motivo especifico,2025-08-14 22:27:09.485000+00:00,2025-08-14 22:27:27.371000+00:00
59369638044,Cierre Ganado,Ciudad De México,Cerrado,Sin motivo especifico,2026-04-21 20:27:00.580000+00:00,2026-04-15 20:26:43.130000+00:00
51020296867,Cierre Ganado,Guerrero,Cerrado,Sin motivo especifico,2025-12-02 23:36:35.736000+00:00,2025-12-31 23:35:08.180000+00:00
60487389044,Cierre Ganado,Sinaloa,Cerrado,Sin motivo especifico,2026-05-21 16:02:12.635000+00:00,2026-05-18 16:02:01.301000+00:00
60083549185,Cierre Ganado,Veracruz,Cerrado,Sin motivo especifico,2026-05-08 17:22:37.647000+00:00,2026-05-08 17:23:07.625000+00:00
48987907650,Cierre Ganado,Guanajuato,Cerrado,Sin motivo especifico,2025-11-14 16:45:35.025000+00:00,2025-11-14 16:09:43.880000+00:00
51071017874,Cierre Ganado,Guerrero,Cerrado,Sin motivo especifico,2025-12-02 23:32:34.507000+00:00,2025-12-31 23:30:48.069000+00:00
53451113854,Cierre Ganado,Ciudad De México,Cerrado,Sin motivo especifico,2026-01-09 00:54:31.124000+00:00,2025-12-04 00:53:36.832000+00:00
61872769836,Cierre Ganado,Durango,Cerrado,Sin motivo especifico,2026-06-30 20:17:06.456000+00:00,2026-06-30 22:55:46.354000+00:00
61038826585,Cierre Ganado,Veracruz,Cerrado,Sin motivo especifico,2026-06-12 00:13:31.033000+00:00,2026-06-15 18:47:08.117000+00:00
54020151615,Cierre Ganado,Veracruz,Cerrado,Sin motivo especifico,2026-01-15 19:24:22.001000+00:00,2026-01-31 19:23:12.706000+00:00
41562557835,Cierre Perdido,Michoacán,Cerrado,Sin motivo especifico,2025-08-07 19:03:34.137000+00:00,2025-08-31 19:01:40.147000+00:00
44081203627,Cierre Ganado,San Luis Potosí,Cerrado,Sin motivo especifico,2025-09-22 18:15:28.617000+00:00,2025-09-22 18:18:15.886000+00:00
60487325865,Cierre Ganado,Durango,Cerrado,Sin motivo especifico,2026-05-21 15:56:34.334000+00:00,2026-05-06 15:56:26.644000+00:00
44081325872,Cierre Ganado,Aguascalientes,Cerrado,Sin motivo especifico,2025-09-22 20:49:59.374000+00:00,2025-09-22 20:51:42.758000+00:00
56135889791,Cierre Ganado,Ciudad De México,Cerrado,Sin motivo especifico,2026-02-13 00:34:36.473000+00:00,2026-01-14 16:05:03.545000+00:00
51137466207,Cierre Ganado,Guerrero,Cerrado,Sin motivo especifico,2025-12-03 19:22:38.536000+00:00,2025-12-31 19:20:27.378000+00:00
61625193754,Cierre Perdido,Nuevo León,Cerrado,No tiene el dinero,2026-06-26 00:42:10.110000+00:00,2026-07-20 18:38:15.710000+00:00
56136051628,Cierre Ganado,Ciudad De México,Cerrado,Sin motivo especifico,2026-02-13 00:52:19.789000+00:00,2026-01-16 00:51:52.828000+00:00
56162818059,Cierre Ganado,Morelos,Cerrado,Sin motivo especifico,2026-02-13 00:29:25.576000+00:00,2026-01-13 00:27:14.911000+00:00
56162818319,Cierre Ganado,Ciudad De México,Cerrado,Sin motivo especifico,2026-02-13 00:50:14.516000+00:00,2026-01-16 00:45:27.786000+00:00
56162835270,Cierre Ganado,Ciudad De México,Cerrado,Sin motivo especifico,2026-02-13 15:55:26.300000+00:00,2026-01-15 15:54:55.169000+00:00
44081451780,Cierre Ganado,Aguascalientes,Cerrado,Sin motivo especifico,2025-09-22 22:38:37.357000+00:00,2025-09-22 22:40:10.767000+00:00
56175408198,Cierre Ganado,Hidalgo,Cerrado,Sin motivo especifico,2026-02-13 00:38:40.281000+00:00,2026-01-15 00:38:25.577000+00:00
56175468884,Cierre Ganado,Ciudad De México,Cerrado,Sin motivo especifico,2026-02-13 00:32:13.250000+00:00,2026-01-15 00:31:45.735000+00:00
56179207781,Cierre Ganado,Ciudad De México,Cerrado,Sin motivo especifico,2026-02-13 00:22:24.079000+00:00,2026-01-13 00:21:46.016000+00:00
56179207801,Cierre Ganado,Ciudad De México,Cerrado,Sin motivo especifico,2026-02-13 00:24:10.275000+00:00,2026-01-13 00:25:33.328000+00:00
56179328036,Cierre Ganado,Ciudad De México,Cerrado,Sin motivo especifico,2026-02-13 00:11:36.745000+00:00,2026-01-10 00:11:01.249000+00:00
56179328063,Cierre Ganado,Estado De México,Cerrado,Sin motivo especifico,2026-02-13 00:14:47.290000+00:00,2026-01-10 00:14:15.801000+00:00
56179328109,Cierre Ganado,Ciudad De México,Cerrado,Sin motivo especifico,2026-02-13 00:19:06.392000+00:00,2026-01-10 00:20:19.280000+00:00
56179328615,Cierre Ganado,Ciudad De México,Cerrado,Sin motivo especifico,2026-02-13 00:56:47.835000+00:00,2026-01-16 00:56:25.868000+00:00
56200273271,Cierre Ganado,Ciudad De México,Cerrado,Sin motivo especifico,2026-02-13 16:08:43.905000+00:00,2026-01-16 16:08:28.883000+00:00
56200399486,Cierre Ganado,Morelos,Cerrado,Sin motivo especifico,2026-02-13 16:26:56.868000+00:00,2026-01-19 16:26:33.226000+00:00
56200401992,Cierre Perdido,Tamaulipas,Cerrado,No tiene el dinero,2026-02-13 17:26:10.855000+00:00,2026-07-17 18:20:11.942000+00:00
56214216035,Cierre Ganado,Ciudad De México,Cerrado,Sin motivo especifico,2026-02-13 16:23:47.085000+00:00,2026-01-16 16:23:30.819000+00:00
51137526648,Cierre Ganado,Ciudad De México,Cerrado,Sin motivo especifico,2025-12-03 19:41:23.631000+00:00,2025-12-01 19:40:57.345000+00:00
51662055763,Cierre Ganado,Puebla,Cerrado,Sin motivo especifico,2025-12-11 19:04:42.789000+00:00,2025-12-31 19:02:35.748000+00:00
59369943850,Cierre Ganado,Ciudad De México,Cerrado,Sin motivo especifico,2026-04-21 18:32:08.430000+00:00,2026-04-08 18:31:27.748000+00:00
44115611444,Cierre Ganado,Guanajuato,Cerrado,Sin motivo especifico,2025-09-22 17:55:01.862000+00:00,2025-09-22 17:56:23.644000+00:00
59369946476,Cierre Ganado,Ciudad De México,Cerrado,Sin motivo especifico,2026-04-21 19:39:22.474000+00:00,2026-04-09 19:39:01.979000+00:00
56214810672,Cierre Ganado,Ciudad De México,Cerrado,Sin motivo especifico,2026-02-16 16:04:50.862000+00:00,2026-01-21 16:03:37.804000+00:00
56214813073,Cierre Ganado,Ciudad De México,Cerrado,Sin motivo especifico,2026-02-16 17:01:37.425000+00:00,2026-01-22 17:01:10.032000+00:00
56214817304,Cierre Ganado,Ciudad De México,Cerrado,Sin motivo especifico,2026-02-16 19:03:02.983000+00:00,2026-01-23 19:00:27.792000+00:00
56215070493,Cierre Ganado,Ciudad De México,Cerrado,Sin motivo especifico,2026-02-16 16:41:17.936000+00:00,2026-01-22 16:40:44.764000+00:00
56215076242,Cierre Ganado,Ciudad De México,Cerrado,Sin motivo especifico,2026-02-16 19:31:35.591000+00:00,2026-01-26 19:31:10.586000+00:00
56279866984,Cierre Ganado,Ciudad De México,Cerrado,Sin motivo especifico,2026-02-16 15:31:53.923000+00:00,2026-01-20 15:31:34.480000+00:00
56279869782,Cierre Ganado,Ciudad De México,Cerrado,Sin motivo especifico,2026-02-16 16:35:34.805000+00:00,2026-01-22 16:35:11.635000+00:00
56279871612,Cierre Ganado,sin estado,Cerrado,Sin motivo especifico,2026-02-16 17:20:55.955000+00:00,2026-01-23 17:20:19.733000+00:00
56279874119,Cierre Ganado,Ciudad De México,Cerrado,Sin motivo especifico,2026-02-16 18:35:56.581000+00:00,2026-01-23 18:35:27.782000+00:00
56279875128,Cierre Ganado,Ciudad De México,Cerrado,Sin motivo especifico,2026-02-16 19:09:00.522000+00:00,2026-01-23 19:07:45.154000+00:00
56289502845,Cierre Ganado,Ciudad De México,Cerrado,Sin motivo especifico,2026-02-16 16:08:47.933000+00:00,2026-01-21 16:08:12.465000+00:00
56289503140,Cierre Ganado,Ciudad De México,Cerrado,Sin motivo especifico,2026-02-16 16:16:26.799000+00:00,2026-01-21 16:16:10.098000+00:00
56289503329,Cierre Ganado,Ciudad De México,Cerrado,Sin motivo especifico,2026-02-16 16:19:36.477000+00:00,2026-01-21 16:19:14.379000+00:00
56289509963,Cierre Ganado,Ciudad De México,Cerrado,Sin motivo especifico,2026-02-16 19:24:01.335000+00:00,2026-01-23 19:23:34.683000+00:00
56289625889,Cierre Ganado,Hidalgo,Cerrado,Sin motivo especifico,2026-02-16 16:24:09.671000+00:00,2026-01-21 16:23:45.951000+00:00
62047704902,Cierre Ganado,sin estado,Cerrado,Sin motivo especifico,2026-07-01 20:50:18.463000+00:00,2026-07-01 20:39:01+00:00
56358579734,Cierre Ganado,Ciudad De México,Cerrado,Sin motivo especifico,2026-02-16 15:18:24.222000+00:00,2026-01-19 15:25:07.682000+00:00
